<?xml version='1.0' encoding='UTF-8' standalone='yes' ?>
<gpx version="1.1" creator="OsmAnd+ 5.4.4" xmlns="http://www.topografix.com/GPX/1/1" xmlns:osmand="https://osmand.net/docs/technical/osmand-file-formats/osmand-gpx" xmlns:gpxtpx="https://www8.garmin.com/xmlschemas/TrackPointExtensionv1.xsd" xmlns:xsi="http://www.w3.org/2001/XMLSchema-instance" xsi:schemaLocation="http://www.topografix.com/GPX/1/1 https://www.topografix.com/GPX/1/1/gpx.xsd">
  <metadata>
    <name>2026-09-12_08-52_Sat</name>
    <time>2026-09-12T14:16:58Z</time>
  </metadata>
  <trk>
    <trkseg>
      <trkpt lat="46.4701587" lon="9.6504276">
        <ele>1761.8</ele>
        <time>2026-09-12T06:52:20Z</time>
        <hdop>13.8</hdop>
      </trkpt>
    </trkseg>
    <trkseg>
      <trkpt lat="46.4701272" lon="9.6503786">
        <ele>1751.8</ele>
        <time>2026-09-12T06:52:26Z</time>
        <hdop>1</hdop>
      </trkpt>
      <trkpt lat="46.4701377" lon="9.6504003">
        <ele>1751.8</ele>
        <time>2026-09-12T06:52:44Z</time>
        <hdop>7.7</hdop>
        <extensions>
          <osmand:speed>0.2</osmand:speed>
        </extensions>
      </trkpt>
      <trkpt lat="46.4701559" lon="9.6503975">
        <ele>1754.8</ele>
        <time>2026-09-12T06:52:51Z</time>
        <hdop>9.2</hdop>
        <extensions>
          <osmand:speed>0.1</osmand:speed>
        </extensions>
      </trkpt>
      <trkpt lat="46.4701333" lon="9.650402">
        <ele>1756.8</ele>
        <time>2026-09-12T06:53:10Z</time>
        <hdop>10.2</hdop>
        <extensions>
          <osmand:speed>0.8</osmand:speed>
        </extensions>
      </trkpt>
      <trkpt lat="46.4700887" lon="9.6503621">
        <ele>1756.8</ele>
        <time>2026-09-12T06:53:16Z</time>
        <hdop>10.7</hdop>
        <extensions>
          <osmand:speed>0.9</osmand:speed>
        </extensions>
      </trkpt>
      <trkpt lat="46.4700349" lon="9.650318">
        <ele>1758.8</ele>
        <time>2026-09-12T06:53:22Z</time>
        <hdop>9.7</hdop>
        <extensions>
          <osmand:speed>1.2</osmand:speed>
        </extensions>
      </trkpt>
      <trkpt lat="46.4699865" lon="9.6502729">
        <ele>1761.8</ele>
        <time>2026-09-12T06:53:28Z</time>
        <hdop>5.6</hdop>
        <extensions>
          <osmand:speed>0.8</osmand:speed>
        </extensions>
      </trkpt>
      <trkpt lat="46.4699417" lon="9.6502506">
        <ele>1763.8</ele>
        <time>2026-09-12T06:53:34Z</time>
        <hdop>4.6</hdop>
        <extensions>
          <osmand:speed>1.3</osmand:speed>
        </extensions>
      </trkpt>
      <trkpt lat="46.4699157" lon="9.6501599">
        <ele>1764.8</ele>
        <time>2026-09-12T06:53:40Z</time>
        <hdop>8.2</hdop>
        <extensions>
          <osmand:speed>1.9</osmand:speed>
        </extensions>
      </trkpt>
      <trkpt lat="46.4699097" lon="9.6500472">
        <ele>1765.8</ele>
        <time>2026-09-12T06:53:46Z</time>
        <hdop>9.2</hdop>
        <extensions>
          <osmand:speed>1.1</osmand:speed>
        </extensions>
      </trkpt>
      <trkpt lat="46.4699137" lon="9.6499611">
        <ele>1765.8</ele>
        <time>2026-09-12T06:53:52Z</time>
        <hdop>8.7</hdop>
        <extensions>
          <osmand:speed>1.2</osmand:speed>
        </extensions>
      </trkpt>
      <trkpt lat="46.4698735" lon="9.6499113">
        <ele>1766.8</ele>
        <time>2026-09-12T06:53:58Z</time>
        <hdop>8.2</hdop>
        <extensions>
          <osmand:speed>1.3</osmand:speed>
        </extensions>
      </trkpt>
      <trkpt lat="46.4698116" lon="9.6499027">
        <ele>1766.8</ele>
        <time>2026-09-12T06:54:04Z</time>
        <hdop>9.7</hdop>
        <extensions>
          <osmand:speed>1.3</osmand:speed>
        </extensions>
      </trkpt>
      <trkpt lat="46.4697413" lon="9.6499233">
        <ele>1766.8</ele>
        <time>2026-09-12T06:54:10Z</time>
        <hdop>8.7</hdop>
        <extensions>
          <osmand:speed>1.3</osmand:speed>
        </extensions>
      </trkpt>
      <trkpt lat="46.4696604" lon="9.6499208">
        <ele>1766.8</ele>
        <time>2026-09-12T06:54:16Z</time>
        <hdop>9.7</hdop>
        <extensions>
          <osmand:speed>1.5</osmand:speed>
        </extensions>
      </trkpt>
      <trkpt lat="46.4695788" lon="9.6499068">
        <ele>1766.8</ele>
        <time>2026-09-12T06:54:22Z</time>
        <hdop>9.7</hdop>
        <extensions>
          <osmand:speed>1.2</osmand:speed>
        </extensions>
      </trkpt>
      <trkpt lat="46.4695072" lon="9.6498772">
        <ele>1767.8</ele>
        <time>2026-09-12T06:54:28Z</time>
        <hdop>10.2</hdop>
        <extensions>
          <osmand:speed>1.3</osmand:speed>
        </extensions>
      </trkpt>
      <trkpt lat="46.4694366" lon="9.649848">
        <ele>1766.8</ele>
        <time>2026-09-12T06:54:34Z</time>
        <hdop>10.2</hdop>
        <extensions>
          <osmand:speed>1.3</osmand:speed>
        </extensions>
      </trkpt>
      <trkpt lat="46.4693756" lon="9.6497931">
        <ele>1768.8</ele>
        <time>2026-09-12T06:54:40Z</time>
        <hdop>9.2</hdop>
        <extensions>
          <osmand:speed>1.1</osmand:speed>
        </extensions>
      </trkpt>
      <trkpt lat="46.469317" lon="9.6497478">
        <ele>1768.8</ele>
        <time>2026-09-12T06:54:46Z</time>
        <hdop>9.7</hdop>
        <extensions>
          <osmand:speed>0.9</osmand:speed>
        </extensions>
      </trkpt>
      <trkpt lat="46.469255" lon="9.6497369">
        <ele>1769.8</ele>
        <time>2026-09-12T06:54:52Z</time>
        <hdop>9.7</hdop>
        <extensions>
          <osmand:speed>1.1</osmand:speed>
        </extensions>
      </trkpt>
      <trkpt lat="46.4691886" lon="9.6497098">
        <ele>1768.8</ele>
        <time>2026-09-12T06:54:58Z</time>
        <hdop>7.1</hdop>
        <extensions>
          <osmand:speed>1.2</osmand:speed>
        </extensions>
      </trkpt>
      <trkpt lat="46.4691413" lon="9.6496006">
        <ele>1767.8</ele>
        <time>2026-09-12T06:55:04Z</time>
        <hdop>8.7</hdop>
        <extensions>
          <osmand:speed>1.4</osmand:speed>
        </extensions>
      </trkpt>
      <trkpt lat="46.469117" lon="9.6494869">
        <ele>1767.8</ele>
        <time>2026-09-12T06:55:10Z</time>
        <hdop>9.7</hdop>
        <extensions>
          <osmand:speed>1.5</osmand:speed>
        </extensions>
      </trkpt>
      <trkpt lat="46.4691342" lon="9.6494019">
        <ele>1767.8</ele>
        <time>2026-09-12T06:55:16Z</time>
        <hdop>8.7</hdop>
        <extensions>
          <osmand:speed>1</osmand:speed>
        </extensions>
      </trkpt>
      <trkpt lat="46.4691485" lon="9.6493251">
        <ele>1768.8</ele>
        <time>2026-09-12T06:55:22Z</time>
        <hdop>11.2</hdop>
        <extensions>
          <osmand:speed>1.1</osmand:speed>
        </extensions>
      </trkpt>
      <trkpt lat="46.4691845" lon="9.6491101">
        <ele>1768.8</ele>
        <time>2026-09-12T06:55:37Z</time>
        <hdop>11.2</hdop>
        <extensions>
          <osmand:speed>1</osmand:speed>
        </extensions>
      </trkpt>
      <trkpt lat="46.4691751" lon="9.6490407">
        <ele>1768.8</ele>
        <time>2026-09-12T06:55:43Z</time>
        <hdop>12.2</hdop>
        <extensions>
          <osmand:speed>1.4</osmand:speed>
        </extensions>
      </trkpt>
      <trkpt lat="46.4691899" lon="9.6489551">
        <ele>1769.8</ele>
        <time>2026-09-12T06:55:49Z</time>
        <hdop>10.2</hdop>
        <extensions>
          <osmand:speed>1</osmand:speed>
        </extensions>
      </trkpt>
      <trkpt lat="46.4692035" lon="9.6488495">
        <ele>1770.8</ele>
        <time>2026-09-12T06:55:55Z</time>
        <hdop>10.2</hdop>
        <extensions>
          <osmand:speed>1.1</osmand:speed>
        </extensions>
      </trkpt>
      <trkpt lat="46.4692061" lon="9.6487439">
        <ele>1772.8</ele>
        <time>2026-09-12T06:56:01Z</time>
        <hdop>10.7</hdop>
        <extensions>
          <osmand:speed>1.1</osmand:speed>
        </extensions>
      </trkpt>
      <trkpt lat="46.4692168" lon="9.6486626">
        <ele>1774.8</ele>
        <time>2026-09-12T06:56:07Z</time>
        <hdop>10.7</hdop>
        <extensions>
          <osmand:speed>0.5</osmand:speed>
        </extensions>
      </trkpt>
      <trkpt lat="46.4692098" lon="9.648576">
        <ele>1774.8</ele>
        <time>2026-09-12T06:56:13Z</time>
        <hdop>11.2</hdop>
        <extensions>
          <osmand:speed>1.4</osmand:speed>
        </extensions>
      </trkpt>
      <trkpt lat="46.4692361" lon="9.6484785">
        <ele>1774.8</ele>
        <time>2026-09-12T06:56:19Z</time>
        <hdop>10.2</hdop>
        <extensions>
          <osmand:speed>0.9</osmand:speed>
        </extensions>
      </trkpt>
      <trkpt lat="46.4692416" lon="9.6483846">
        <ele>1774.8</ele>
        <time>2026-09-12T06:56:25Z</time>
        <hdop>9.2</hdop>
        <extensions>
          <osmand:speed>1.1</osmand:speed>
        </extensions>
      </trkpt>
      <trkpt lat="46.4692398" lon="9.6483156">
        <ele>1776.8</ele>
        <time>2026-09-12T06:56:31Z</time>
        <hdop>9.7</hdop>
        <extensions>
          <osmand:speed>0.8</osmand:speed>
        </extensions>
      </trkpt>
      <trkpt lat="46.4692324" lon="9.6482403">
        <ele>1776.8</ele>
        <time>2026-09-12T06:56:37Z</time>
        <hdop>9.7</hdop>
        <extensions>
          <osmand:speed>0.9</osmand:speed>
        </extensions>
      </trkpt>
      <trkpt lat="46.4692239" lon="9.6481556">
        <ele>1777.8</ele>
        <time>2026-09-12T06:56:43Z</time>
        <hdop>10.2</hdop>
        <extensions>
          <osmand:speed>0.9</osmand:speed>
        </extensions>
      </trkpt>
      <trkpt lat="46.4692203" lon="9.6480884">
        <ele>1778.8</ele>
        <time>2026-09-12T06:56:49Z</time>
        <hdop>9.7</hdop>
        <extensions>
          <osmand:speed>0.9</osmand:speed>
        </extensions>
      </trkpt>
      <trkpt lat="46.4692243" lon="9.648">
        <ele>1780.8</ele>
        <time>2026-09-12T06:56:55Z</time>
        <hdop>9.7</hdop>
        <extensions>
          <osmand:speed>0.9</osmand:speed>
        </extensions>
      </trkpt>
      <trkpt lat="46.4692074" lon="9.6479312">
        <ele>1780.8</ele>
        <time>2026-09-12T06:57:01Z</time>
        <hdop>9.7</hdop>
        <extensions>
          <osmand:speed>0.7</osmand:speed>
        </extensions>
      </trkpt>
      <trkpt lat="46.469192" lon="9.647881">
        <ele>1782.8</ele>
        <time>2026-09-12T06:57:07Z</time>
        <hdop>9.7</hdop>
        <extensions>
          <osmand:speed>0.8</osmand:speed>
        </extensions>
      </trkpt>
      <trkpt lat="46.4691757" lon="9.6478205">
        <ele>1782.8</ele>
        <time>2026-09-12T06:57:13Z</time>
        <hdop>10.7</hdop>
        <extensions>
          <osmand:speed>0.9</osmand:speed>
        </extensions>
      </trkpt>
      <trkpt lat="46.4691778" lon="9.6477836">
        <ele>1784.8</ele>
        <time>2026-09-12T06:57:19Z</time>
        <hdop>12.8</hdop>
        <extensions>
          <osmand:speed>0.7</osmand:speed>
        </extensions>
      </trkpt>
      <trkpt lat="46.4692275" lon="9.6477707">
        <ele>1785.8</ele>
        <time>2026-09-12T06:57:25Z</time>
        <hdop>12.8</hdop>
        <extensions>
          <osmand:speed>0.9</osmand:speed>
        </extensions>
      </trkpt>
      <trkpt lat="46.4692867" lon="9.6477572">
        <ele>1785.8</ele>
        <time>2026-09-12T06:57:31Z</time>
        <hdop>12.2</hdop>
        <extensions>
          <osmand:speed>0.8</osmand:speed>
        </extensions>
      </trkpt>
      <trkpt lat="46.4693481" lon="9.6477422">
        <ele>1786.8</ele>
        <time>2026-09-12T06:57:37Z</time>
        <hdop>9.2</hdop>
        <extensions>
          <osmand:speed>1.2</osmand:speed>
        </extensions>
      </trkpt>
      <trkpt lat="46.4693976" lon="9.6477197">
        <ele>1786.8</ele>
        <time>2026-09-12T06:57:43Z</time>
        <hdop>10.7</hdop>
        <extensions>
          <osmand:speed>0.4</osmand:speed>
        </extensions>
      </trkpt>
      <trkpt lat="46.4694363" lon="9.6476872">
        <ele>1786.8</ele>
        <time>2026-09-12T06:57:49Z</time>
        <hdop>12.2</hdop>
        <extensions>
          <osmand:speed>0.9</osmand:speed>
        </extensions>
      </trkpt>
      <trkpt lat="46.4694369" lon="9.6476171">
        <ele>1788.8</ele>
        <time>2026-09-12T06:57:55Z</time>
        <hdop>9.2</hdop>
        <extensions>
          <osmand:speed>0.2</osmand:speed>
        </extensions>
      </trkpt>
      <trkpt lat="46.4694177" lon="9.6475993">
        <ele>1789.8</ele>
        <time>2026-09-12T06:58:06Z</time>
        <hdop>8.7</hdop>
        <extensions>
          <osmand:speed>0.7</osmand:speed>
        </extensions>
      </trkpt>
      <trkpt lat="46.4693794" lon="9.6475467">
        <ele>1790.8</ele>
        <time>2026-09-12T06:58:12Z</time>
        <hdop>11.7</hdop>
        <extensions>
          <osmand:speed>0.7</osmand:speed>
        </extensions>
      </trkpt>
      <trkpt lat="46.4693329" lon="9.647499">
        <ele>1793.8</ele>
        <time>2026-09-12T06:58:18Z</time>
        <hdop>10.7</hdop>
        <extensions>
          <osmand:speed>0.9</osmand:speed>
        </extensions>
      </trkpt>
      <trkpt lat="46.4692837" lon="9.6474747">
        <ele>1795.8</ele>
        <time>2026-09-12T06:58:24Z</time>
        <hdop>9.7</hdop>
        <extensions>
          <osmand:speed>0.7</osmand:speed>
        </extensions>
      </trkpt>
      <trkpt lat="46.4692418" lon="9.6474504">
        <ele>1795.8</ele>
        <time>2026-09-12T06:58:30Z</time>
        <hdop>10.2</hdop>
        <extensions>
          <osmand:speed>1</osmand:speed>
        </extensions>
      </trkpt>
      <trkpt lat="46.4692027" lon="9.647432">
        <ele>1797.8</ele>
        <time>2026-09-12T06:58:36Z</time>
        <hdop>10.7</hdop>
        <extensions>
          <osmand:speed>0.9</osmand:speed>
        </extensions>
      </trkpt>
      <trkpt lat="46.4691587" lon="9.647412">
        <ele>1798.8</ele>
        <time>2026-09-12T06:58:42Z</time>
        <hdop>12.2</hdop>
        <extensions>
          <osmand:speed>0.9</osmand:speed>
        </extensions>
      </trkpt>
      <trkpt lat="46.4691054" lon="9.6473942">
        <ele>1800.8</ele>
        <time>2026-09-12T06:58:48Z</time>
        <hdop>10.7</hdop>
        <extensions>
          <osmand:speed>1.1</osmand:speed>
        </extensions>
      </trkpt>
      <trkpt lat="46.4690658" lon="9.6473419">
        <ele>1801.8</ele>
        <time>2026-09-12T06:58:54Z</time>
        <hdop>11.7</hdop>
        <extensions>
          <osmand:speed>1.2</osmand:speed>
        </extensions>
      </trkpt>
      <trkpt lat="46.4690333" lon="9.6473115">
        <ele>1802.8</ele>
        <time>2026-09-12T06:59:00Z</time>
        <hdop>10.7</hdop>
        <extensions>
          <osmand:speed>1.2</osmand:speed>
        </extensions>
      </trkpt>
      <trkpt lat="46.4690065" lon="9.6472649">
        <ele>1804.8</ele>
        <time>2026-09-12T06:59:06Z</time>
        <hdop>13.8</hdop>
        <extensions>
          <osmand:speed>0.8</osmand:speed>
        </extensions>
      </trkpt>
      <trkpt lat="46.4689701" lon="9.6472673">
        <ele>1805.8</ele>
        <time>2026-09-12T06:59:12Z</time>
        <hdop>11.2</hdop>
        <extensions>
          <osmand:speed>0.9</osmand:speed>
        </extensions>
      </trkpt>
      <trkpt lat="46.4689338" lon="9.6472667">
        <ele>1806.8</ele>
        <time>2026-09-12T06:59:18Z</time>
        <hdop>13.8</hdop>
        <extensions>
          <osmand:speed>0.7</osmand:speed>
        </extensions>
      </trkpt>
      <trkpt lat="46.4688932" lon="9.6472798">
        <ele>1807.8</ele>
        <time>2026-09-12T06:59:24Z</time>
        <hdop>10.7</hdop>
        <extensions>
          <osmand:speed>0.9</osmand:speed>
        </extensions>
      </trkpt>
      <trkpt lat="46.4688582" lon="9.6472537">
        <ele>1808.8</ele>
        <time>2026-09-12T06:59:30Z</time>
        <hdop>10.2</hdop>
        <extensions>
          <osmand:speed>0.6</osmand:speed>
        </extensions>
      </trkpt>
      <trkpt lat="46.468829" lon="9.6472173">
        <ele>1810.8</ele>
        <time>2026-09-12T06:59:36Z</time>
        <hdop>10.7</hdop>
        <extensions>
          <osmand:speed>0.8</osmand:speed>
        </extensions>
      </trkpt>
      <trkpt lat="46.4687963" lon="9.6471866">
        <ele>1811.8</ele>
        <time>2026-09-12T06:59:42Z</time>
        <hdop>11.2</hdop>
        <extensions>
          <osmand:speed>1.1</osmand:speed>
        </extensions>
      </trkpt>
      <trkpt lat="46.4687454" lon="9.6471997">
        <ele>1812.8</ele>
        <time>2026-09-12T06:59:48Z</time>
        <hdop>9.7</hdop>
        <extensions>
          <osmand:speed>1</osmand:speed>
        </extensions>
      </trkpt>
      <trkpt lat="46.4687003" lon="9.6471634">
        <ele>1813.8</ele>
        <time>2026-09-12T06:59:54Z</time>
        <hdop>10.7</hdop>
        <extensions>
          <osmand:speed>1.2</osmand:speed>
        </extensions>
      </trkpt>
      <trkpt lat="46.4686438" lon="9.6471731">
        <ele>1816.8</ele>
        <time>2026-09-12T07:00:00Z</time>
        <hdop>12.2</hdop>
        <extensions>
          <osmand:speed>0.8</osmand:speed>
        </extensions>
      </trkpt>
      <trkpt lat="46.4686249" lon="9.6471159">
        <ele>1817.8</ele>
        <time>2026-09-12T07:00:06Z</time>
        <hdop>10.7</hdop>
        <extensions>
          <osmand:speed>0.6</osmand:speed>
        </extensions>
      </trkpt>
      <trkpt lat="46.4685916" lon="9.6470904">
        <ele>1818.8</ele>
        <time>2026-09-12T07:00:12Z</time>
        <hdop>11.7</hdop>
        <extensions>
          <osmand:speed>0.6</osmand:speed>
        </extensions>
      </trkpt>
      <trkpt lat="46.4685651" lon="9.6470396">
        <ele>1819.8</ele>
        <time>2026-09-12T07:00:18Z</time>
        <hdop>10.2</hdop>
        <extensions>
          <osmand:speed>0.8</osmand:speed>
        </extensions>
      </trkpt>
      <trkpt lat="46.4685241" lon="9.6470256">
        <ele>1820.8</ele>
        <time>2026-09-12T07:00:24Z</time>
        <hdop>11.2</hdop>
        <extensions>
          <osmand:speed>1</osmand:speed>
        </extensions>
      </trkpt>
      <trkpt lat="46.4684832" lon="9.647009">
        <ele>1820.8</ele>
        <time>2026-09-12T07:00:30Z</time>
        <hdop>9.7</hdop>
        <extensions>
          <osmand:speed>0.9</osmand:speed>
        </extensions>
      </trkpt>
      <trkpt lat="46.4684529" lon="9.6469805">
        <ele>1820.8</ele>
        <time>2026-09-12T07:00:36Z</time>
        <hdop>10.7</hdop>
        <extensions>
          <osmand:speed>0.6</osmand:speed>
        </extensions>
      </trkpt>
      <trkpt lat="46.4684163" lon="9.6469568">
        <ele>1821.8</ele>
        <time>2026-09-12T07:00:42Z</time>
        <hdop>10.2</hdop>
        <extensions>
          <osmand:speed>0.5</osmand:speed>
        </extensions>
      </trkpt>
      <trkpt lat="46.4683917" lon="9.6469082">
        <ele>1822.8</ele>
        <time>2026-09-12T07:00:48Z</time>
        <hdop>10.2</hdop>
        <extensions>
          <osmand:speed>0.8</osmand:speed>
        </extensions>
      </trkpt>
      <trkpt lat="46.4683843" lon="9.6468594">
        <ele>1823.8</ele>
        <time>2026-09-12T07:00:54Z</time>
        <hdop>8.7</hdop>
        <extensions>
          <osmand:speed>0.2</osmand:speed>
        </extensions>
      </trkpt>
      <trkpt lat="46.4683754" lon="9.6467892">
        <ele>1823.8</ele>
        <time>2026-09-12T07:01:00Z</time>
        <hdop>11.2</hdop>
        <extensions>
          <osmand:speed>0.7</osmand:speed>
        </extensions>
      </trkpt>
      <trkpt lat="46.4683615" lon="9.6467245">
        <ele>1823.8</ele>
        <time>2026-09-12T07:01:06Z</time>
        <hdop>12.2</hdop>
        <extensions>
          <osmand:speed>1</osmand:speed>
        </extensions>
      </trkpt>
      <trkpt lat="46.4683478" lon="9.6466601">
        <ele>1824.8</ele>
        <time>2026-09-12T07:01:12Z</time>
        <hdop>11.7</hdop>
        <extensions>
          <osmand:speed>0.6</osmand:speed>
        </extensions>
      </trkpt>
      <trkpt lat="46.4683194" lon="9.64659">
        <ele>1825.8</ele>
        <time>2026-09-12T07:01:18Z</time>
        <hdop>12.2</hdop>
        <extensions>
          <osmand:speed>1.1</osmand:speed>
        </extensions>
      </trkpt>
      <trkpt lat="46.4683152" lon="9.646504">
        <ele>1825.8</ele>
        <time>2026-09-12T07:01:24Z</time>
        <hdop>13.8</hdop>
        <extensions>
          <osmand:speed>0.5</osmand:speed>
        </extensions>
      </trkpt>
      <trkpt lat="46.4682878" lon="9.6464484">
        <ele>1826.8</ele>
        <time>2026-09-12T07:01:30Z</time>
        <hdop>11.7</hdop>
        <extensions>
          <osmand:speed>0.8</osmand:speed>
        </extensions>
      </trkpt>
      <trkpt lat="46.4682347" lon="9.6463951">
        <ele>1828.8</ele>
        <time>2026-09-12T07:01:36Z</time>
        <hdop>10.2</hdop>
        <extensions>
          <osmand:speed>0.8</osmand:speed>
        </extensions>
      </trkpt>
      <trkpt lat="46.4681928" lon="9.6463529">
        <ele>1829.8</ele>
        <time>2026-09-12T07:01:42Z</time>
        <hdop>9.7</hdop>
        <extensions>
          <osmand:speed>0.7</osmand:speed>
        </extensions>
      </trkpt>
      <trkpt lat="46.4681619" lon="9.6462951">
        <ele>1830.8</ele>
        <time>2026-09-12T07:01:48Z</time>
        <hdop>9.7</hdop>
        <extensions>
          <osmand:speed>0.7</osmand:speed>
        </extensions>
      </trkpt>
      <trkpt lat="46.4681188" lon="9.6462523">
        <ele>1831.8</ele>
        <time>2026-09-12T07:01:54Z</time>
        <hdop>8.7</hdop>
        <extensions>
          <osmand:speed>0.8</osmand:speed>
        </extensions>
      </trkpt>
      <trkpt lat="46.46808" lon="9.6461958">
        <ele>1832.8</ele>
        <time>2026-09-12T07:02:00Z</time>
        <hdop>11.7</hdop>
        <extensions>
          <osmand:speed>0.9</osmand:speed>
        </extensions>
      </trkpt>
      <trkpt lat="46.4680371" lon="9.6461684">
        <ele>1833.8</ele>
        <time>2026-09-12T07:02:06Z</time>
        <hdop>10.7</hdop>
        <extensions>
          <osmand:speed>1</osmand:speed>
        </extensions>
      </trkpt>
      <trkpt lat="46.4680061" lon="9.646159">
        <ele>1833.8</ele>
        <time>2026-09-12T07:02:12Z</time>
        <hdop>14.8</hdop>
        <extensions>
          <osmand:speed>0.6</osmand:speed>
        </extensions>
      </trkpt>
      <trkpt lat="46.4679551" lon="9.646171">
        <ele>1834.8</ele>
        <time>2026-09-12T07:02:19Z</time>
        <hdop>14.8</hdop>
        <extensions>
          <osmand:speed>0.5</osmand:speed>
        </extensions>
      </trkpt>
      <trkpt lat="46.467918" lon="9.6461893">
        <ele>1834.8</ele>
        <time>2026-09-12T07:02:25Z</time>
        <hdop>13.8</hdop>
        <extensions>
          <osmand:speed>0.7</osmand:speed>
        </extensions>
      </trkpt>
      <trkpt lat="46.4678596" lon="9.646173">
        <ele>1835.8</ele>
        <time>2026-09-12T07:02:31Z</time>
        <hdop>11.2</hdop>
        <extensions>
          <osmand:speed>1.2</osmand:speed>
        </extensions>
      </trkpt>
      <trkpt lat="46.4678022" lon="9.646163">
        <ele>1838.8</ele>
        <time>2026-09-12T07:02:37Z</time>
        <hdop>10.7</hdop>
        <extensions>
          <osmand:speed>1.3</osmand:speed>
        </extensions>
      </trkpt>
      <trkpt lat="46.4677514" lon="9.6461377">
        <ele>1839.8</ele>
        <time>2026-09-12T07:02:43Z</time>
        <hdop>12.2</hdop>
        <extensions>
          <osmand:speed>0.8</osmand:speed>
        </extensions>
      </trkpt>
      <trkpt lat="46.4677057" lon="9.6461048">
        <ele>1839.8</ele>
        <time>2026-09-12T07:02:49Z</time>
        <hdop>10.2</hdop>
        <extensions>
          <osmand:speed>1.2</osmand:speed>
        </extensions>
      </trkpt>
      <trkpt lat="46.4676369" lon="9.6460945">
        <ele>1841.8</ele>
        <time>2026-09-12T07:02:55Z</time>
        <hdop>11.7</hdop>
        <extensions>
          <osmand:speed>1.2</osmand:speed>
        </extensions>
      </trkpt>
      <trkpt lat="46.4675798" lon="9.6460637">
        <ele>1843.8</ele>
        <time>2026-09-12T07:03:01Z</time>
        <hdop>11.7</hdop>
        <extensions>
          <osmand:speed>1</osmand:speed>
        </extensions>
      </trkpt>
      <trkpt lat="46.4675323" lon="9.6460327">
        <ele>1844.8</ele>
        <time>2026-09-12T07:03:07Z</time>
        <hdop>11.7</hdop>
        <extensions>
          <osmand:speed>0.9</osmand:speed>
        </extensions>
      </trkpt>
      <trkpt lat="46.4674654" lon="9.6460106">
        <ele>1843.8</ele>
        <time>2026-09-12T07:03:13Z</time>
        <hdop>13.8</hdop>
        <extensions>
          <osmand:speed>1.1</osmand:speed>
        </extensions>
      </trkpt>
      <trkpt lat="46.4673928" lon="9.6459798">
        <ele>1844.8</ele>
        <time>2026-09-12T07:03:20Z</time>
        <hdop>14.8</hdop>
        <extensions>
          <osmand:speed>1.6</osmand:speed>
        </extensions>
      </trkpt>
      <trkpt lat="46.4673313" lon="9.6459336">
        <ele>1844.8</ele>
        <time>2026-09-12T07:03:26Z</time>
        <hdop>11.7</hdop>
        <extensions>
          <osmand:speed>1.1</osmand:speed>
        </extensions>
      </trkpt>
      <trkpt lat="46.467287" lon="9.6458493">
        <ele>1844.8</ele>
        <time>2026-09-12T07:03:33Z</time>
        <hdop>14.8</hdop>
        <extensions>
          <osmand:speed>1.1</osmand:speed>
        </extensions>
      </trkpt>
      <trkpt lat="46.4672599" lon="9.6457876">
        <ele>1845.8</ele>
        <time>2026-09-12T07:03:39Z</time>
        <hdop>11.2</hdop>
        <extensions>
          <osmand:speed>0.8</osmand:speed>
        </extensions>
      </trkpt>
      <trkpt lat="46.4672182" lon="9.6457398">
        <ele>1846.8</ele>
        <time>2026-09-12T07:03:45Z</time>
        <hdop>14.3</hdop>
        <extensions>
          <osmand:speed>1</osmand:speed>
        </extensions>
      </trkpt>
      <trkpt lat="46.467168" lon="9.6456679">
        <ele>1847.8</ele>
        <time>2026-09-12T07:03:51Z</time>
        <hdop>12.8</hdop>
        <extensions>
          <osmand:speed>1.2</osmand:speed>
        </extensions>
      </trkpt>
      <trkpt lat="46.4671254" lon="9.6455773">
        <ele>1848.8</ele>
        <time>2026-09-12T07:03:57Z</time>
        <hdop>10.7</hdop>
        <extensions>
          <osmand:speed>1.3</osmand:speed>
        </extensions>
      </trkpt>
      <trkpt lat="46.4670782" lon="9.6455261">
        <ele>1850.8</ele>
        <time>2026-09-12T07:04:03Z</time>
        <hdop>11.7</hdop>
        <extensions>
          <osmand:speed>1.2</osmand:speed>
        </extensions>
      </trkpt>
      <trkpt lat="46.4670281" lon="9.6454942">
        <ele>1852.8</ele>
        <time>2026-09-12T07:04:09Z</time>
        <hdop>13.8</hdop>
        <extensions>
          <osmand:speed>1.1</osmand:speed>
        </extensions>
      </trkpt>
      <trkpt lat="46.4669779" lon="9.6454923">
        <ele>1853.8</ele>
        <time>2026-09-12T07:04:15Z</time>
        <hdop>12.2</hdop>
        <extensions>
          <osmand:speed>1</osmand:speed>
        </extensions>
      </trkpt>
      <trkpt lat="46.4669223" lon="9.6454605">
        <ele>1853.8</ele>
        <time>2026-09-12T07:04:21Z</time>
        <hdop>14.3</hdop>
        <extensions>
          <osmand:speed>1.2</osmand:speed>
        </extensions>
      </trkpt>
      <trkpt lat="46.4668537" lon="9.6454487">
        <ele>1853.8</ele>
        <time>2026-09-12T07:04:27Z</time>
        <hdop>14.8</hdop>
        <extensions>
          <osmand:speed>0.8</osmand:speed>
        </extensions>
      </trkpt>
      <trkpt lat="46.4667964" lon="9.6454188">
        <ele>1853.8</ele>
        <time>2026-09-12T07:04:33Z</time>
        <hdop>13.8</hdop>
        <extensions>
          <osmand:speed>1.2</osmand:speed>
        </extensions>
      </trkpt>
      <trkpt lat="46.4667428" lon="9.6453748">
        <ele>1854.8</ele>
        <time>2026-09-12T07:04:39Z</time>
        <hdop>13.8</hdop>
        <extensions>
          <osmand:speed>0.7</osmand:speed>
        </extensions>
      </trkpt>
      <trkpt lat="46.4666898" lon="9.6453296">
        <ele>1854.8</ele>
        <time>2026-09-12T07:04:45Z</time>
        <hdop>12.8</hdop>
        <extensions>
          <osmand:speed>1.1</osmand:speed>
        </extensions>
      </trkpt>
      <trkpt lat="46.4666411" lon="9.6452893">
        <ele>1855.8</ele>
        <time>2026-09-12T07:04:51Z</time>
        <hdop>10.2</hdop>
        <extensions>
          <osmand:speed>0.8</osmand:speed>
        </extensions>
      </trkpt>
      <trkpt lat="46.4665813" lon="9.645249">
        <ele>1856.8</ele>
        <time>2026-09-12T07:04:57Z</time>
        <hdop>10.7</hdop>
        <extensions>
          <osmand:speed>1.2</osmand:speed>
        </extensions>
      </trkpt>
      <trkpt lat="46.4665164" lon="9.6452112">
        <ele>1858.8</ele>
        <time>2026-09-12T07:05:03Z</time>
        <hdop>9.2</hdop>
        <extensions>
          <osmand:speed>1.5</osmand:speed>
        </extensions>
      </trkpt>
      <trkpt lat="46.4664628" lon="9.6451514">
        <ele>1858.8</ele>
        <time>2026-09-12T07:05:09Z</time>
        <hdop>6.6</hdop>
        <extensions>
          <osmand:speed>1</osmand:speed>
        </extensions>
      </trkpt>
      <trkpt lat="46.4664007" lon="9.6450984">
        <ele>1859.8</ele>
        <time>2026-09-12T07:05:15Z</time>
        <hdop>10.2</hdop>
        <extensions>
          <osmand:speed>1.1</osmand:speed>
        </extensions>
      </trkpt>
      <trkpt lat="46.4663518" lon="9.645039">
        <ele>1861.8</ele>
        <time>2026-09-12T07:05:21Z</time>
        <hdop>8.2</hdop>
        <extensions>
          <osmand:speed>0.8</osmand:speed>
        </extensions>
      </trkpt>
      <trkpt lat="46.4663123" lon="9.6449764">
        <ele>1860.8</ele>
        <time>2026-09-12T07:05:27Z</time>
        <hdop>10.2</hdop>
        <extensions>
          <osmand:speed>0.9</osmand:speed>
        </extensions>
      </trkpt>
      <trkpt lat="46.4662794" lon="9.6448891">
        <ele>1860.8</ele>
        <time>2026-09-12T07:05:33Z</time>
        <hdop>11.2</hdop>
        <extensions>
          <osmand:speed>1.2</osmand:speed>
        </extensions>
      </trkpt>
      <trkpt lat="46.4662466" lon="9.6448133">
        <ele>1861.8</ele>
        <time>2026-09-12T07:05:39Z</time>
        <hdop>8.2</hdop>
        <extensions>
          <osmand:speed>1</osmand:speed>
        </extensions>
      </trkpt>
      <trkpt lat="46.4662401" lon="9.6447397">
        <ele>1862.8</ele>
        <time>2026-09-12T07:05:45Z</time>
        <hdop>8.7</hdop>
        <extensions>
          <osmand:speed>1.1</osmand:speed>
        </extensions>
      </trkpt>
      <trkpt lat="46.4662303" lon="9.6446417">
        <ele>1863.8</ele>
        <time>2026-09-12T07:05:51Z</time>
        <hdop>10.2</hdop>
        <extensions>
          <osmand:speed>1</osmand:speed>
        </extensions>
      </trkpt>
      <trkpt lat="46.4662166" lon="9.6445735">
        <ele>1864.8</ele>
        <time>2026-09-12T07:05:57Z</time>
        <hdop>6.6</hdop>
        <extensions>
          <osmand:speed>0.4</osmand:speed>
        </extensions>
      </trkpt>
      <trkpt lat="46.4661865" lon="9.6445013">
        <ele>1865.8</ele>
        <time>2026-09-12T07:06:03Z</time>
        <hdop>9.2</hdop>
        <extensions>
          <osmand:speed>1.1</osmand:speed>
        </extensions>
      </trkpt>
      <trkpt lat="46.4661501" lon="9.6444075">
        <ele>1866.8</ele>
        <time>2026-09-12T07:06:09Z</time>
        <hdop>8.7</hdop>
        <extensions>
          <osmand:speed>1</osmand:speed>
        </extensions>
      </trkpt>
      <trkpt lat="46.4661358" lon="9.6443242">
        <ele>1865.8</ele>
        <time>2026-09-12T07:06:15Z</time>
        <hdop>10.7</hdop>
        <extensions>
          <osmand:speed>0.8</osmand:speed>
        </extensions>
      </trkpt>
      <trkpt lat="46.4660936" lon="9.6442463">
        <ele>1866.8</ele>
        <time>2026-09-12T07:06:21Z</time>
        <hdop>9.2</hdop>
        <extensions>
          <osmand:speed>1.1</osmand:speed>
        </extensions>
      </trkpt>
      <trkpt lat="46.4660722" lon="9.6441881">
        <ele>1866.8</ele>
        <time>2026-09-12T07:06:27Z</time>
        <hdop>10.2</hdop>
        <extensions>
          <osmand:speed>0.6</osmand:speed>
        </extensions>
      </trkpt>
      <trkpt lat="46.4660377" lon="9.6441311">
        <ele>1867.8</ele>
        <time>2026-09-12T07:06:33Z</time>
        <hdop>9.2</hdop>
        <extensions>
          <osmand:speed>1</osmand:speed>
        </extensions>
      </trkpt>
      <trkpt lat="46.4660169" lon="9.6440779">
        <ele>1869.8</ele>
        <time>2026-09-12T07:06:39Z</time>
        <hdop>10.2</hdop>
        <extensions>
          <osmand:speed>0.6</osmand:speed>
        </extensions>
      </trkpt>
      <trkpt lat="46.4660084" lon="9.6440258">
        <ele>1870.8</ele>
        <time>2026-09-12T07:06:45Z</time>
        <hdop>11.7</hdop>
        <extensions>
          <osmand:speed>1.1</osmand:speed>
        </extensions>
      </trkpt>
      <trkpt lat="46.4659699" lon="9.6439701">
        <ele>1871.8</ele>
        <time>2026-09-12T07:06:51Z</time>
        <hdop>9.7</hdop>
        <extensions>
          <osmand:speed>0.9</osmand:speed>
        </extensions>
      </trkpt>
      <trkpt lat="46.4659227" lon="9.6439528">
        <ele>1872.8</ele>
        <time>2026-09-12T07:06:57Z</time>
        <hdop>10.2</hdop>
        <extensions>
          <osmand:speed>0.3</osmand:speed>
        </extensions>
      </trkpt>
      <trkpt lat="46.4658688" lon="9.6439441">
        <ele>1874.8</ele>
        <time>2026-09-12T07:07:03Z</time>
        <hdop>9.7</hdop>
        <extensions>
          <osmand:speed>1.1</osmand:speed>
        </extensions>
      </trkpt>
      <trkpt lat="46.4658295" lon="9.6439113">
        <ele>1874.8</ele>
        <time>2026-09-12T07:07:09Z</time>
        <hdop>14.3</hdop>
        <extensions>
          <osmand:speed>0.3</osmand:speed>
        </extensions>
      </trkpt>
      <trkpt lat="46.4658247" lon="9.6438658">
        <ele>1875.8</ele>
        <time>2026-09-12T07:07:17Z</time>
        <hdop>11.7</hdop>
        <extensions>
          <osmand:speed>1.2</osmand:speed>
        </extensions>
      </trkpt>
      <trkpt lat="46.4657605" lon="9.6437516">
        <ele>1876.8</ele>
        <time>2026-09-12T07:07:48Z</time>
        <hdop>12.8</hdop>
        <extensions>
          <osmand:speed>0.6</osmand:speed>
        </extensions>
      </trkpt>
      <trkpt lat="46.4657444" lon="9.6436579">
        <ele>1879.8</ele>
        <time>2026-09-12T07:08:10Z</time>
        <hdop>13.3</hdop>
        <extensions>
          <osmand:speed>0.4</osmand:speed>
        </extensions>
      </trkpt>
      <trkpt lat="46.4656744" lon="9.6433058">
        <ele>1885.8</ele>
        <time>2026-09-12T07:08:50Z</time>
        <hdop>14.3</hdop>
        <extensions>
          <osmand:speed>0.9</osmand:speed>
        </extensions>
      </trkpt>
      <trkpt lat="46.4656542" lon="9.6432542">
        <ele>1887.8</ele>
        <time>2026-09-12T07:08:56Z</time>
        <hdop>14.3</hdop>
        <extensions>
          <osmand:speed>0.5</osmand:speed>
        </extensions>
      </trkpt>
      <trkpt lat="46.4656692" lon="9.6432022">
        <ele>1889.8</ele>
        <time>2026-09-12T07:09:02Z</time>
        <hdop>13.8</hdop>
        <extensions>
          <osmand:speed>0.5</osmand:speed>
        </extensions>
      </trkpt>
      <trkpt lat="46.4656388" lon="9.6431607">
        <ele>1890.8</ele>
        <time>2026-09-12T07:09:08Z</time>
        <hdop>13.8</hdop>
        <extensions>
          <osmand:speed>0.3</osmand:speed>
        </extensions>
      </trkpt>
      <trkpt lat="46.4655952" lon="9.6431092">
        <ele>1893.8</ele>
        <time>2026-09-12T07:09:16Z</time>
        <hdop>14.3</hdop>
        <extensions>
          <osmand:speed>0.8</osmand:speed>
        </extensions>
      </trkpt>
      <trkpt lat="46.4655985" lon="9.6430141">
        <ele>1894.8</ele>
        <time>2026-09-12T07:09:28Z</time>
        <hdop>14.8</hdop>
        <extensions>
          <osmand:speed>0.6</osmand:speed>
        </extensions>
      </trkpt>
      <trkpt lat="46.4655723" lon="9.6429504">
        <ele>1895.8</ele>
        <time>2026-09-12T07:09:39Z</time>
        <hdop>14.8</hdop>
        <extensions>
          <osmand:speed>0.8</osmand:speed>
        </extensions>
      </trkpt>
      <trkpt lat="46.4655355" lon="9.6429243">
        <ele>1897.8</ele>
        <time>2026-09-12T07:09:46Z</time>
        <hdop>14.3</hdop>
        <extensions>
          <osmand:speed>0.4</osmand:speed>
        </extensions>
      </trkpt>
      <trkpt lat="46.4655057" lon="9.6429015">
        <ele>1899.8</ele>
        <time>2026-09-12T07:09:52Z</time>
        <hdop>12.8</hdop>
        <extensions>
          <osmand:speed>0.4</osmand:speed>
        </extensions>
      </trkpt>
      <trkpt lat="46.4654706" lon="9.6428572">
        <ele>1901.8</ele>
        <time>2026-09-12T07:09:58Z</time>
        <hdop>14.3</hdop>
        <extensions>
          <osmand:speed>0.3</osmand:speed>
        </extensions>
      </trkpt>
      <trkpt lat="46.4654634" lon="9.6428083">
        <ele>1903.8</ele>
        <time>2026-09-12T07:10:06Z</time>
        <hdop>10.2</hdop>
        <extensions>
          <osmand:speed>1</osmand:speed>
        </extensions>
      </trkpt>
      <trkpt lat="46.4654604" lon="9.6427545">
        <ele>1904.8</ele>
        <time>2026-09-12T07:10:13Z</time>
        <hdop>11.7</hdop>
        <extensions>
          <osmand:speed>0.4</osmand:speed>
        </extensions>
      </trkpt>
      <trkpt lat="46.4654699" lon="9.6427021">
        <ele>1904.8</ele>
        <time>2026-09-12T07:10:19Z</time>
        <hdop>14.8</hdop>
        <extensions>
          <osmand:speed>1.1</osmand:speed>
        </extensions>
      </trkpt>
      <trkpt lat="46.4654915" lon="9.6426261">
        <ele>1905.8</ele>
        <time>2026-09-12T07:10:26Z</time>
        <hdop>11.7</hdop>
        <extensions>
          <osmand:speed>0.9</osmand:speed>
        </extensions>
      </trkpt>
      <trkpt lat="46.4655157" lon="9.6425416">
        <ele>1905.8</ele>
        <time>2026-09-12T07:10:32Z</time>
        <hdop>14.8</hdop>
        <extensions>
          <osmand:speed>0.7</osmand:speed>
        </extensions>
      </trkpt>
      <trkpt lat="46.4655344" lon="9.6424785">
        <ele>1907.8</ele>
        <time>2026-09-12T07:10:38Z</time>
        <hdop>14.8</hdop>
        <extensions>
          <osmand:speed>0</osmand:speed>
        </extensions>
      </trkpt>
      <trkpt lat="46.4655483" lon="9.6424307">
        <ele>1908.8</ele>
        <time>2026-09-12T07:10:44Z</time>
        <hdop>11.7</hdop>
        <extensions>
          <osmand:speed>0.5</osmand:speed>
        </extensions>
      </trkpt>
      <trkpt lat="46.4655403" lon="9.6424045">
        <ele>1910.8</ele>
        <time>2026-09-12T07:10:51Z</time>
        <hdop>11.7</hdop>
        <extensions>
          <osmand:speed>0.4</osmand:speed>
        </extensions>
      </trkpt>
      <trkpt lat="46.4655325" lon="9.6423599">
        <ele>1910.8</ele>
        <time>2026-09-12T07:10:57Z</time>
        <hdop>13.3</hdop>
        <extensions>
          <osmand:speed>0.4</osmand:speed>
        </extensions>
      </trkpt>
      <trkpt lat="46.465516" lon="9.6422887">
        <ele>1912.8</ele>
        <time>2026-09-12T07:11:03Z</time>
        <hdop>11.7</hdop>
        <extensions>
          <osmand:speed>1.1</osmand:speed>
        </extensions>
      </trkpt>
      <trkpt lat="46.4655269" lon="9.6422253">
        <ele>1912.8</ele>
        <time>2026-09-12T07:11:09Z</time>
        <hdop>14.3</hdop>
        <extensions>
          <osmand:speed>0.4</osmand:speed>
        </extensions>
      </trkpt>
      <trkpt lat="46.465549" lon="9.6421741">
        <ele>1913.8</ele>
        <time>2026-09-12T07:11:15Z</time>
        <hdop>9.7</hdop>
        <extensions>
          <osmand:speed>0.7</osmand:speed>
        </extensions>
      </trkpt>
      <trkpt lat="46.4655114" lon="9.6421451">
        <ele>1916.8</ele>
        <time>2026-09-12T07:11:22Z</time>
        <hdop>12.8</hdop>
        <extensions>
          <osmand:speed>0.6</osmand:speed>
        </extensions>
      </trkpt>
      <trkpt lat="46.4654892" lon="9.6421568">
        <ele>1917.8</ele>
        <time>2026-09-12T07:11:28Z</time>
        <hdop>12.2</hdop>
        <extensions>
          <osmand:speed>0.3</osmand:speed>
        </extensions>
      </trkpt>
      <trkpt lat="46.4654528" lon="9.6421732">
        <ele>1919.8</ele>
        <time>2026-09-12T07:11:34Z</time>
        <hdop>12.8</hdop>
        <extensions>
          <osmand:speed>0.6</osmand:speed>
        </extensions>
      </trkpt>
      <trkpt lat="46.4654187" lon="9.642186">
        <ele>1920.8</ele>
        <time>2026-09-12T07:11:40Z</time>
        <hdop>13.8</hdop>
        <extensions>
          <osmand:speed>0.6</osmand:speed>
        </extensions>
      </trkpt>
      <trkpt lat="46.4654007" lon="9.6421939">
        <ele>1922.8</ele>
        <time>2026-09-12T07:11:46Z</time>
        <hdop>12.8</hdop>
        <extensions>
          <osmand:speed>0.6</osmand:speed>
        </extensions>
      </trkpt>
      <trkpt lat="46.465363" lon="9.6421672">
        <ele>1922.8</ele>
        <time>2026-09-12T07:11:52Z</time>
        <hdop>11.2</hdop>
        <extensions>
          <osmand:speed>0.7</osmand:speed>
        </extensions>
      </trkpt>
      <trkpt lat="46.4653321" lon="9.6421622">
        <ele>1923.8</ele>
        <time>2026-09-12T07:11:58Z</time>
        <hdop>12.2</hdop>
        <extensions>
          <osmand:speed>0.7</osmand:speed>
        </extensions>
      </trkpt>
      <trkpt lat="46.4652941" lon="9.6421507">
        <ele>1923.8</ele>
        <time>2026-09-12T07:12:04Z</time>
        <hdop>12.8</hdop>
        <extensions>
          <osmand:speed>0.5</osmand:speed>
        </extensions>
      </trkpt>
      <trkpt lat="46.4652567" lon="9.6421445">
        <ele>1925.8</ele>
        <time>2026-09-12T07:12:10Z</time>
        <hdop>11.7</hdop>
        <extensions>
          <osmand:speed>0.1</osmand:speed>
        </extensions>
      </trkpt>
      <trkpt lat="46.4652661" lon="9.6421769">
        <ele>1926.8</ele>
        <time>2026-09-12T07:12:19Z</time>
        <hdop>11.7</hdop>
        <extensions>
          <osmand:speed>0.4</osmand:speed>
        </extensions>
      </trkpt>
      <trkpt lat="46.4652423" lon="9.64219">
        <ele>1927.8</ele>
        <time>2026-09-12T07:12:25Z</time>
        <hdop>11.7</hdop>
        <extensions>
          <osmand:speed>0.8</osmand:speed>
        </extensions>
      </trkpt>
      <trkpt lat="46.4652046" lon="9.6421921">
        <ele>1929.8</ele>
        <time>2026-09-12T07:12:31Z</time>
        <hdop>13.8</hdop>
        <extensions>
          <osmand:speed>0.1</osmand:speed>
        </extensions>
      </trkpt>
      <trkpt lat="46.4651914" lon="9.6421666">
        <ele>1930.8</ele>
        <time>2026-09-12T07:12:37Z</time>
        <hdop>12.8</hdop>
        <extensions>
          <osmand:speed>1.2</osmand:speed>
        </extensions>
      </trkpt>
      <trkpt lat="46.4651694" lon="9.6421104">
        <ele>1930.8</ele>
        <time>2026-09-12T07:12:43Z</time>
        <hdop>14.8</hdop>
        <extensions>
          <osmand:speed>0.7</osmand:speed>
        </extensions>
      </trkpt>
      <trkpt lat="46.4651426" lon="9.6420828">
        <ele>1931.8</ele>
        <time>2026-09-12T07:12:49Z</time>
        <hdop>10.7</hdop>
        <extensions>
          <osmand:speed>0.5</osmand:speed>
        </extensions>
      </trkpt>
      <trkpt lat="46.4651499" lon="9.6420567">
        <ele>1933.8</ele>
        <time>2026-09-12T07:12:56Z</time>
        <hdop>13.3</hdop>
        <extensions>
          <osmand:speed>0.8</osmand:speed>
        </extensions>
      </trkpt>
      <trkpt lat="46.4651437" lon="9.6420082">
        <ele>1934.8</ele>
        <time>2026-09-12T07:13:02Z</time>
        <hdop>13.8</hdop>
        <extensions>
          <osmand:speed>0.7</osmand:speed>
        </extensions>
      </trkpt>
      <trkpt lat="46.4651073" lon="9.6419844">
        <ele>1934.8</ele>
        <time>2026-09-12T07:13:08Z</time>
        <hdop>10.7</hdop>
        <extensions>
          <osmand:speed>0.5</osmand:speed>
        </extensions>
      </trkpt>
      <trkpt lat="46.4650773" lon="9.6419582">
        <ele>1934.8</ele>
        <time>2026-09-12T07:13:14Z</time>
        <hdop>11.7</hdop>
        <extensions>
          <osmand:speed>0.4</osmand:speed>
        </extensions>
      </trkpt>
      <trkpt lat="46.4650355" lon="9.6419214">
        <ele>1935.8</ele>
        <time>2026-09-12T07:13:20Z</time>
        <hdop>8.7</hdop>
        <extensions>
          <osmand:speed>0.9</osmand:speed>
        </extensions>
      </trkpt>
      <trkpt lat="46.4650234" lon="9.6418741">
        <ele>1935.8</ele>
        <time>2026-09-12T07:13:26Z</time>
        <hdop>14.3</hdop>
        <extensions>
          <osmand:speed>0.6</osmand:speed>
        </extensions>
      </trkpt>
      <trkpt lat="46.4649936" lon="9.6418624">
        <ele>1934.8</ele>
        <time>2026-09-12T07:13:32Z</time>
        <hdop>13.3</hdop>
        <extensions>
          <osmand:speed>0.4</osmand:speed>
        </extensions>
      </trkpt>
      <trkpt lat="46.4649387" lon="9.641812">
        <ele>1935.8</ele>
        <time>2026-09-12T07:13:38Z</time>
        <hdop>12.2</hdop>
        <extensions>
          <osmand:speed>0.8</osmand:speed>
        </extensions>
      </trkpt>
      <trkpt lat="46.464956" lon="9.6418232">
        <ele>1939.8</ele>
        <time>2026-09-12T07:13:49Z</time>
        <hdop>11.7</hdop>
        <extensions>
          <osmand:speed>0</osmand:speed>
        </extensions>
      </trkpt>
      <trkpt lat="46.4649422" lon="9.6418634">
        <ele>1940.8</ele>
        <time>2026-09-12T07:13:55Z</time>
        <hdop>9.2</hdop>
        <extensions>
          <osmand:speed>0</osmand:speed>
        </extensions>
      </trkpt>
      <trkpt lat="46.4649583" lon="9.6418469">
        <ele>1940.8</ele>
        <time>2026-09-12T07:14:02Z</time>
        <hdop>9.7</hdop>
        <extensions>
          <osmand:speed>0.5</osmand:speed>
        </extensions>
      </trkpt>
      <trkpt lat="46.4649641" lon="9.6417874">
        <ele>1941.8</ele>
        <time>2026-09-12T07:14:08Z</time>
        <hdop>9.7</hdop>
        <extensions>
          <osmand:speed>0.6</osmand:speed>
        </extensions>
      </trkpt>
      <trkpt lat="46.4649859" lon="9.641755">
        <ele>1942.8</ele>
        <time>2026-09-12T07:14:14Z</time>
        <hdop>12.2</hdop>
        <extensions>
          <osmand:speed>0.5</osmand:speed>
        </extensions>
      </trkpt>
      <trkpt lat="46.4650103" lon="9.6417067">
        <ele>1942.8</ele>
        <time>2026-09-12T07:14:21Z</time>
        <hdop>11.2</hdop>
        <extensions>
          <osmand:speed>0.4</osmand:speed>
        </extensions>
      </trkpt>
      <trkpt lat="46.4649923" lon="9.6416831">
        <ele>1943.8</ele>
        <time>2026-09-12T07:14:27Z</time>
        <hdop>14.3</hdop>
        <extensions>
          <osmand:speed>0.7</osmand:speed>
        </extensions>
      </trkpt>
      <trkpt lat="46.4649807" lon="9.6416216">
        <ele>1945.8</ele>
        <time>2026-09-12T07:14:33Z</time>
        <hdop>10.7</hdop>
        <extensions>
          <osmand:speed>0.8</osmand:speed>
        </extensions>
      </trkpt>
      <trkpt lat="46.4649836" lon="9.6415559">
        <ele>1946.8</ele>
        <time>2026-09-12T07:14:39Z</time>
        <hdop>11.2</hdop>
        <extensions>
          <osmand:speed>0.9</osmand:speed>
        </extensions>
      </trkpt>
      <trkpt lat="46.4649876" lon="9.6415149">
        <ele>1946.8</ele>
        <time>2026-09-12T07:14:45Z</time>
        <hdop>10.7</hdop>
        <extensions>
          <osmand:speed>0.7</osmand:speed>
        </extensions>
      </trkpt>
      <trkpt lat="46.4649688" lon="9.6414428">
        <ele>1947.8</ele>
        <time>2026-09-12T07:14:51Z</time>
        <hdop>9.2</hdop>
        <extensions>
          <osmand:speed>0.6</osmand:speed>
        </extensions>
      </trkpt>
      <trkpt lat="46.4649286" lon="9.6413869">
        <ele>1949.8</ele>
        <time>2026-09-12T07:14:57Z</time>
        <hdop>8.7</hdop>
        <extensions>
          <osmand:speed>1.2</osmand:speed>
        </extensions>
      </trkpt>
      <trkpt lat="46.4648681" lon="9.641355">
        <ele>1950.8</ele>
        <time>2026-09-12T07:15:03Z</time>
        <hdop>10.2</hdop>
        <extensions>
          <osmand:speed>0.9</osmand:speed>
        </extensions>
      </trkpt>
      <trkpt lat="46.464824" lon="9.6413233">
        <ele>1950.8</ele>
        <time>2026-09-12T07:15:09Z</time>
        <hdop>9.2</hdop>
        <extensions>
          <osmand:speed>0.9</osmand:speed>
        </extensions>
      </trkpt>
      <trkpt lat="46.4647923" lon="9.6412619">
        <ele>1952.8</ele>
        <time>2026-09-12T07:15:15Z</time>
        <hdop>9.2</hdop>
        <extensions>
          <osmand:speed>1.1</osmand:speed>
        </extensions>
      </trkpt>
      <trkpt lat="46.4647709" lon="9.6411753">
        <ele>1952.8</ele>
        <time>2026-09-12T07:15:21Z</time>
        <hdop>11.2</hdop>
        <extensions>
          <osmand:speed>0.9</osmand:speed>
        </extensions>
      </trkpt>
      <trkpt lat="46.4647533" lon="9.6411021">
        <ele>1953.8</ele>
        <time>2026-09-12T07:15:27Z</time>
        <hdop>8.2</hdop>
        <extensions>
          <osmand:speed>1.2</osmand:speed>
        </extensions>
      </trkpt>
      <trkpt lat="46.4647344" lon="9.6410349">
        <ele>1953.8</ele>
        <time>2026-09-12T07:15:33Z</time>
        <hdop>10.2</hdop>
        <extensions>
          <osmand:speed>1.2</osmand:speed>
        </extensions>
      </trkpt>
      <trkpt lat="46.4647358" lon="9.6409566">
        <ele>1954.8</ele>
        <time>2026-09-12T07:15:39Z</time>
        <hdop>8.7</hdop>
        <extensions>
          <osmand:speed>1.1</osmand:speed>
        </extensions>
      </trkpt>
      <trkpt lat="46.4647156" lon="9.6408794">
        <ele>1955.8</ele>
        <time>2026-09-12T07:15:45Z</time>
        <hdop>10.2</hdop>
        <extensions>
          <osmand:speed>1</osmand:speed>
        </extensions>
      </trkpt>
      <trkpt lat="46.4646812" lon="9.6408123">
        <ele>1955.8</ele>
        <time>2026-09-12T07:15:51Z</time>
        <hdop>7.7</hdop>
        <extensions>
          <osmand:speed>0.9</osmand:speed>
        </extensions>
      </trkpt>
      <trkpt lat="46.4646536" lon="9.6407573">
        <ele>1957.8</ele>
        <time>2026-09-12T07:15:57Z</time>
        <hdop>7.7</hdop>
        <extensions>
          <osmand:speed>1</osmand:speed>
        </extensions>
      </trkpt>
      <trkpt lat="46.4646318" lon="9.6406872">
        <ele>1956.8</ele>
        <time>2026-09-12T07:16:03Z</time>
        <hdop>7.1</hdop>
        <extensions>
          <osmand:speed>0.9</osmand:speed>
        </extensions>
      </trkpt>
      <trkpt lat="46.4646023" lon="9.6406087">
        <ele>1956.8</ele>
        <time>2026-09-12T07:16:09Z</time>
        <hdop>7.7</hdop>
        <extensions>
          <osmand:speed>0.8</osmand:speed>
        </extensions>
      </trkpt>
      <trkpt lat="46.4645759" lon="9.6405383">
        <ele>1958.8</ele>
        <time>2026-09-12T07:16:15Z</time>
        <hdop>8.7</hdop>
        <extensions>
          <osmand:speed>1</osmand:speed>
        </extensions>
      </trkpt>
      <trkpt lat="46.4645532" lon="9.6404746">
        <ele>1959.8</ele>
        <time>2026-09-12T07:16:21Z</time>
        <hdop>8.2</hdop>
        <extensions>
          <osmand:speed>0.6</osmand:speed>
        </extensions>
      </trkpt>
      <trkpt lat="46.4645209" lon="9.6404182">
        <ele>1961.8</ele>
        <time>2026-09-12T07:16:27Z</time>
        <hdop>9.2</hdop>
        <extensions>
          <osmand:speed>0.9</osmand:speed>
        </extensions>
      </trkpt>
      <trkpt lat="46.4645171" lon="9.6403764">
        <ele>1962.8</ele>
        <time>2026-09-12T07:16:33Z</time>
        <hdop>9.2</hdop>
        <extensions>
          <osmand:speed>0.9</osmand:speed>
        </extensions>
      </trkpt>
      <trkpt lat="46.4645155" lon="9.6402894">
        <ele>1962.8</ele>
        <time>2026-09-12T07:16:39Z</time>
        <hdop>9.2</hdop>
        <extensions>
          <osmand:speed>0.8</osmand:speed>
        </extensions>
      </trkpt>
      <trkpt lat="46.4645015" lon="9.6402141">
        <ele>1962.8</ele>
        <time>2026-09-12T07:16:45Z</time>
        <hdop>9.2</hdop>
        <extensions>
          <osmand:speed>1.3</osmand:speed>
        </extensions>
      </trkpt>
      <trkpt lat="46.4644875" lon="9.640146">
        <ele>1963.8</ele>
        <time>2026-09-12T07:16:51Z</time>
        <hdop>9.2</hdop>
        <extensions>
          <osmand:speed>1</osmand:speed>
        </extensions>
      </trkpt>
      <trkpt lat="46.4644725" lon="9.6400725">
        <ele>1965.8</ele>
        <time>2026-09-12T07:16:57Z</time>
        <hdop>9.2</hdop>
        <extensions>
          <osmand:speed>1.2</osmand:speed>
        </extensions>
      </trkpt>
      <trkpt lat="46.4644671" lon="9.6400019">
        <ele>1966.8</ele>
        <time>2026-09-12T07:17:03Z</time>
        <hdop>9.2</hdop>
        <extensions>
          <osmand:speed>0.7</osmand:speed>
        </extensions>
      </trkpt>
      <trkpt lat="46.4644551" lon="9.6399435">
        <ele>1967.8</ele>
        <time>2026-09-12T07:17:09Z</time>
        <hdop>10.7</hdop>
        <extensions>
          <osmand:speed>0.9</osmand:speed>
        </extensions>
      </trkpt>
      <trkpt lat="46.4644378" lon="9.6398617">
        <ele>1968.8</ele>
        <time>2026-09-12T07:17:15Z</time>
        <hdop>11.2</hdop>
        <extensions>
          <osmand:speed>0.9</osmand:speed>
        </extensions>
      </trkpt>
      <trkpt lat="46.4644339" lon="9.639812">
        <ele>1970.8</ele>
        <time>2026-09-12T07:17:21Z</time>
        <hdop>10.7</hdop>
        <extensions>
          <osmand:speed>0.1</osmand:speed>
        </extensions>
      </trkpt>
      <trkpt lat="46.4644021" lon="9.6397941">
        <ele>1971.8</ele>
        <time>2026-09-12T07:17:27Z</time>
        <hdop>11.7</hdop>
        <extensions>
          <osmand:speed>0.4</osmand:speed>
        </extensions>
      </trkpt>
      <trkpt lat="46.4643714" lon="9.6397647">
        <ele>1972.8</ele>
        <time>2026-09-12T07:17:33Z</time>
        <hdop>12.2</hdop>
        <extensions>
          <osmand:speed>0.9</osmand:speed>
        </extensions>
      </trkpt>
      <trkpt lat="46.4643751" lon="9.6397384">
        <ele>1971.8</ele>
        <time>2026-09-12T07:17:42Z</time>
        <hdop>11.2</hdop>
        <extensions>
          <osmand:speed>0.9</osmand:speed>
        </extensions>
      </trkpt>
      <trkpt lat="46.4643751" lon="9.6396968">
        <ele>1972.8</ele>
        <time>2026-09-12T07:17:48Z</time>
        <hdop>9.7</hdop>
        <extensions>
          <osmand:speed>0.8</osmand:speed>
        </extensions>
      </trkpt>
      <trkpt lat="46.4643773" lon="9.6396532">
        <ele>1973.8</ele>
        <time>2026-09-12T07:17:54Z</time>
        <hdop>8.7</hdop>
        <extensions>
          <osmand:speed>0.7</osmand:speed>
        </extensions>
      </trkpt>
      <trkpt lat="46.4643618" lon="9.6396816">
        <ele>1973.8</ele>
        <time>2026-09-12T07:18:00Z</time>
        <hdop>9.2</hdop>
        <extensions>
          <osmand:speed>0.2</osmand:speed>
        </extensions>
      </trkpt>
      <trkpt lat="46.4643847" lon="9.63966">
        <ele>1972.8</ele>
        <time>2026-09-12T07:18:18Z</time>
        <hdop>7.7</hdop>
        <extensions>
          <osmand:speed>0.7</osmand:speed>
        </extensions>
      </trkpt>
      <trkpt lat="46.4643964" lon="9.6396087">
        <ele>1972.8</ele>
        <time>2026-09-12T07:18:24Z</time>
        <hdop>9.2</hdop>
        <extensions>
          <osmand:speed>0.8</osmand:speed>
        </extensions>
      </trkpt>
      <trkpt lat="46.4644049" lon="9.6395525">
        <ele>1973.8</ele>
        <time>2026-09-12T07:18:30Z</time>
        <hdop>12.2</hdop>
        <extensions>
          <osmand:speed>0.9</osmand:speed>
        </extensions>
      </trkpt>
      <trkpt lat="46.464421" lon="9.6394959">
        <ele>1974.8</ele>
        <time>2026-09-12T07:18:36Z</time>
        <hdop>12.8</hdop>
        <extensions>
          <osmand:speed>0.5</osmand:speed>
        </extensions>
      </trkpt>
      <trkpt lat="46.4644344" lon="9.6394538">
        <ele>1974.8</ele>
        <time>2026-09-12T07:18:42Z</time>
        <hdop>9.2</hdop>
        <extensions>
          <osmand:speed>0.5</osmand:speed>
        </extensions>
      </trkpt>
      <trkpt lat="46.4644606" lon="9.6394283">
        <ele>1974.8</ele>
        <time>2026-09-12T07:18:48Z</time>
        <hdop>10.7</hdop>
        <extensions>
          <osmand:speed>0.7</osmand:speed>
        </extensions>
      </trkpt>
      <trkpt lat="46.4644878" lon="9.6393879">
        <ele>1974.8</ele>
        <time>2026-09-12T07:18:54Z</time>
        <hdop>11.2</hdop>
        <extensions>
          <osmand:speed>0.2</osmand:speed>
        </extensions>
      </trkpt>
      <trkpt lat="46.464495" lon="9.6393313">
        <ele>1976.8</ele>
        <time>2026-09-12T07:19:00Z</time>
        <hdop>8.7</hdop>
        <extensions>
          <osmand:speed>0.8</osmand:speed>
        </extensions>
      </trkpt>
      <trkpt lat="46.46451" lon="9.6393148">
        <ele>1977.8</ele>
        <time>2026-09-12T07:19:30Z</time>
        <hdop>12.2</hdop>
        <extensions>
          <osmand:speed>0.9</osmand:speed>
        </extensions>
      </trkpt>
      <trkpt lat="46.4644874" lon="9.6392938">
        <ele>1979.8</ele>
        <time>2026-09-12T07:19:36Z</time>
        <hdop>10.2</hdop>
        <extensions>
          <osmand:speed>0</osmand:speed>
        </extensions>
      </trkpt>
      <trkpt lat="46.4644776" lon="9.6392655">
        <ele>1981.8</ele>
        <time>2026-09-12T07:19:53Z</time>
        <hdop>10.2</hdop>
        <extensions>
          <osmand:speed>1.1</osmand:speed>
        </extensions>
      </trkpt>
      <trkpt lat="46.4644816" lon="9.6392073">
        <ele>1981.8</ele>
        <time>2026-09-12T07:19:59Z</time>
        <hdop>11.7</hdop>
        <extensions>
          <osmand:speed>0.2</osmand:speed>
        </extensions>
      </trkpt>
      <trkpt lat="46.4644434" lon="9.639193">
        <ele>1982.8</ele>
        <time>2026-09-12T07:20:05Z</time>
        <hdop>11.2</hdop>
        <extensions>
          <osmand:speed>0.6</osmand:speed>
        </extensions>
      </trkpt>
      <trkpt lat="46.4644065" lon="9.6391813">
        <ele>1983.8</ele>
        <time>2026-09-12T07:20:11Z</time>
        <hdop>10.7</hdop>
        <extensions>
          <osmand:speed>0.8</osmand:speed>
        </extensions>
      </trkpt>
      <trkpt lat="46.4643913" lon="9.6391492">
        <ele>1983.8</ele>
        <time>2026-09-12T07:20:17Z</time>
        <hdop>11.2</hdop>
        <extensions>
          <osmand:speed>0.4</osmand:speed>
        </extensions>
      </trkpt>
      <trkpt lat="46.464377" lon="9.6391094">
        <ele>1985.8</ele>
        <time>2026-09-12T07:20:23Z</time>
        <hdop>10.7</hdop>
        <extensions>
          <osmand:speed>0.6</osmand:speed>
        </extensions>
      </trkpt>
      <trkpt lat="46.464355" lon="9.6390799">
        <ele>1985.8</ele>
        <time>2026-09-12T07:20:29Z</time>
        <hdop>8.7</hdop>
        <extensions>
          <osmand:speed>0.7</osmand:speed>
        </extensions>
      </trkpt>
      <trkpt lat="46.4643296" lon="9.6390704">
        <ele>1986.8</ele>
        <time>2026-09-12T07:20:35Z</time>
        <hdop>10.7</hdop>
        <extensions>
          <osmand:speed>1.2</osmand:speed>
        </extensions>
      </trkpt>
      <trkpt lat="46.4642871" lon="9.6390976">
        <ele>1987.8</ele>
        <time>2026-09-12T07:20:41Z</time>
        <hdop>11.7</hdop>
        <extensions>
          <osmand:speed>0.8</osmand:speed>
        </extensions>
      </trkpt>
      <trkpt lat="46.464264" lon="9.6390773">
        <ele>1987.8</ele>
        <time>2026-09-12T07:20:47Z</time>
        <hdop>12.2</hdop>
        <extensions>
          <osmand:speed>0.5</osmand:speed>
        </extensions>
      </trkpt>
      <trkpt lat="46.4642247" lon="9.6390825">
        <ele>1988.8</ele>
        <time>2026-09-12T07:20:53Z</time>
        <hdop>13.8</hdop>
        <extensions>
          <osmand:speed>1</osmand:speed>
        </extensions>
      </trkpt>
      <trkpt lat="46.4641996" lon="9.6390859">
        <ele>1988.8</ele>
        <time>2026-09-12T07:20:59Z</time>
        <hdop>9.2</hdop>
        <extensions>
          <osmand:speed>1</osmand:speed>
        </extensions>
      </trkpt>
      <trkpt lat="46.4641713" lon="9.6391246">
        <ele>1989.8</ele>
        <time>2026-09-12T07:21:05Z</time>
        <hdop>12.2</hdop>
        <extensions>
          <osmand:speed>0.6</osmand:speed>
        </extensions>
      </trkpt>
      <trkpt lat="46.4641192" lon="9.6391444">
        <ele>1989.8</ele>
        <time>2026-09-12T07:21:11Z</time>
        <hdop>12.8</hdop>
        <extensions>
          <osmand:speed>0.8</osmand:speed>
        </extensions>
      </trkpt>
      <trkpt lat="46.4640803" lon="9.6391661">
        <ele>1990.8</ele>
        <time>2026-09-12T07:21:17Z</time>
        <hdop>12.8</hdop>
        <extensions>
          <osmand:speed>0.9</osmand:speed>
        </extensions>
      </trkpt>
      <trkpt lat="46.4640481" lon="9.63914">
        <ele>1992.8</ele>
        <time>2026-09-12T07:21:23Z</time>
        <hdop>11.7</hdop>
        <extensions>
          <osmand:speed>0.6</osmand:speed>
        </extensions>
      </trkpt>
      <trkpt lat="46.4640061" lon="9.6391132">
        <ele>1993.8</ele>
        <time>2026-09-12T07:21:29Z</time>
        <hdop>11.7</hdop>
        <extensions>
          <osmand:speed>1.5</osmand:speed>
        </extensions>
      </trkpt>
      <trkpt lat="46.4639706" lon="9.6390761">
        <ele>1994.8</ele>
        <time>2026-09-12T07:21:35Z</time>
        <hdop>10.7</hdop>
        <extensions>
          <osmand:speed>1.2</osmand:speed>
        </extensions>
      </trkpt>
      <trkpt lat="46.4639604" lon="9.6390181">
        <ele>1995.8</ele>
        <time>2026-09-12T07:21:41Z</time>
        <hdop>11.2</hdop>
        <extensions>
          <osmand:speed>1.1</osmand:speed>
        </extensions>
      </trkpt>
      <trkpt lat="46.4639477" lon="9.6389451">
        <ele>1996.8</ele>
        <time>2026-09-12T07:21:47Z</time>
        <hdop>11.2</hdop>
        <extensions>
          <osmand:speed>0.7</osmand:speed>
        </extensions>
      </trkpt>
      <trkpt lat="46.4639269" lon="9.6389271">
        <ele>1997.8</ele>
        <time>2026-09-12T07:21:53Z</time>
        <hdop>10.7</hdop>
        <extensions>
          <osmand:speed>0.5</osmand:speed>
        </extensions>
      </trkpt>
      <trkpt lat="46.4638897" lon="9.6388873">
        <ele>1999.8</ele>
        <time>2026-09-12T07:21:59Z</time>
        <hdop>11.2</hdop>
        <extensions>
          <osmand:speed>0.6</osmand:speed>
        </extensions>
      </trkpt>
      <trkpt lat="46.4638714" lon="9.6388632">
        <ele>2000.8</ele>
        <time>2026-09-12T07:22:05Z</time>
        <hdop>8.7</hdop>
        <extensions>
          <osmand:speed>0.5</osmand:speed>
        </extensions>
      </trkpt>
      <trkpt lat="46.463843" lon="9.6388507">
        <ele>2001.8</ele>
        <time>2026-09-12T07:22:11Z</time>
        <hdop>10.2</hdop>
        <extensions>
          <osmand:speed>0.8</osmand:speed>
        </extensions>
      </trkpt>
      <trkpt lat="46.4638205" lon="9.638832">
        <ele>2002.8</ele>
        <time>2026-09-12T07:22:17Z</time>
        <hdop>8.2</hdop>
        <extensions>
          <osmand:speed>0.7</osmand:speed>
        </extensions>
      </trkpt>
      <trkpt lat="46.4637861" lon="9.6387934">
        <ele>2002.8</ele>
        <time>2026-09-12T07:22:23Z</time>
        <hdop>11.2</hdop>
        <extensions>
          <osmand:speed>1</osmand:speed>
        </extensions>
      </trkpt>
      <trkpt lat="46.4637719" lon="9.6387639">
        <ele>2003.8</ele>
        <time>2026-09-12T07:22:29Z</time>
        <hdop>11.2</hdop>
        <extensions>
          <osmand:speed>0.8</osmand:speed>
        </extensions>
      </trkpt>
      <trkpt lat="46.4637815" lon="9.638739">
        <ele>2004.8</ele>
        <time>2026-09-12T07:22:36Z</time>
        <hdop>9.7</hdop>
        <extensions>
          <osmand:speed>0.5</osmand:speed>
        </extensions>
      </trkpt>
      <trkpt lat="46.4637697" lon="9.6387054">
        <ele>2005.8</ele>
        <time>2026-09-12T07:22:42Z</time>
        <hdop>8.7</hdop>
        <extensions>
          <osmand:speed>0.6</osmand:speed>
        </extensions>
      </trkpt>
      <trkpt lat="46.4637685" lon="9.6386739">
        <ele>2005.8</ele>
        <time>2026-09-12T07:22:48Z</time>
        <hdop>11.7</hdop>
        <extensions>
          <osmand:speed>0.4</osmand:speed>
        </extensions>
      </trkpt>
      <trkpt lat="46.4637667" lon="9.6386292">
        <ele>2006.8</ele>
        <time>2026-09-12T07:22:54Z</time>
        <hdop>11.7</hdop>
        <extensions>
          <osmand:speed>1</osmand:speed>
        </extensions>
      </trkpt>
      <trkpt lat="46.4637959" lon="9.638577">
        <ele>2006.8</ele>
        <time>2026-09-12T07:23:00Z</time>
        <hdop>9.2</hdop>
        <extensions>
          <osmand:speed>0.7</osmand:speed>
        </extensions>
      </trkpt>
      <trkpt lat="46.463776" lon="9.6385387">
        <ele>2007.8</ele>
        <time>2026-09-12T07:23:06Z</time>
        <hdop>10.7</hdop>
        <extensions>
          <osmand:speed>0.6</osmand:speed>
        </extensions>
      </trkpt>
      <trkpt lat="46.4637556" lon="9.6384949">
        <ele>2009.8</ele>
        <time>2026-09-12T07:23:12Z</time>
        <hdop>11.2</hdop>
        <extensions>
          <osmand:speed>0.6</osmand:speed>
        </extensions>
      </trkpt>
      <trkpt lat="46.4637199" lon="9.6384714">
        <ele>2010.8</ele>
        <time>2026-09-12T07:23:18Z</time>
        <hdop>8.7</hdop>
        <extensions>
          <osmand:speed>0.6</osmand:speed>
        </extensions>
      </trkpt>
      <trkpt lat="46.4636772" lon="9.6384622">
        <ele>2012.8</ele>
        <time>2026-09-12T07:23:24Z</time>
        <hdop>10.2</hdop>
        <extensions>
          <osmand:speed>0.8</osmand:speed>
        </extensions>
      </trkpt>
      <trkpt lat="46.463642" lon="9.6384367">
        <ele>2014.8</ele>
        <time>2026-09-12T07:23:30Z</time>
        <hdop>11.7</hdop>
        <extensions>
          <osmand:speed>0.3</osmand:speed>
        </extensions>
      </trkpt>
      <trkpt lat="46.4636028" lon="9.6384199">
        <ele>2014.8</ele>
        <time>2026-09-12T07:23:36Z</time>
        <hdop>12.2</hdop>
        <extensions>
          <osmand:speed>0.6</osmand:speed>
        </extensions>
      </trkpt>
      <trkpt lat="46.4635668" lon="9.6383671">
        <ele>2014.8</ele>
        <time>2026-09-12T07:23:42Z</time>
        <hdop>12.2</hdop>
        <extensions>
          <osmand:speed>0.4</osmand:speed>
        </extensions>
      </trkpt>
      <trkpt lat="46.4635504" lon="9.6383194">
        <ele>2015.8</ele>
        <time>2026-09-12T07:23:48Z</time>
        <hdop>10.7</hdop>
        <extensions>
          <osmand:speed>0.9</osmand:speed>
        </extensions>
      </trkpt>
      <trkpt lat="46.4635842" lon="9.6383204">
        <ele>2017.8</ele>
        <time>2026-09-12T07:23:54Z</time>
        <hdop>11.2</hdop>
        <extensions>
          <osmand:speed>0.7</osmand:speed>
        </extensions>
      </trkpt>
      <trkpt lat="46.4636174" lon="9.6382874">
        <ele>2018.8</ele>
        <time>2026-09-12T07:24:00Z</time>
        <hdop>11.7</hdop>
        <extensions>
          <osmand:speed>0.4</osmand:speed>
        </extensions>
      </trkpt>
      <trkpt lat="46.4636496" lon="9.6382712">
        <ele>2019.8</ele>
        <time>2026-09-12T07:24:06Z</time>
        <hdop>9.2</hdop>
        <extensions>
          <osmand:speed>0.7</osmand:speed>
        </extensions>
      </trkpt>
      <trkpt lat="46.4636788" lon="9.6382271">
        <ele>2020.8</ele>
        <time>2026-09-12T07:24:12Z</time>
        <hdop>10.7</hdop>
        <extensions>
          <osmand:speed>0.7</osmand:speed>
        </extensions>
      </trkpt>
      <trkpt lat="46.4637012" lon="9.6382056">
        <ele>2022.8</ele>
        <time>2026-09-12T07:24:18Z</time>
        <hdop>10.2</hdop>
        <extensions>
          <osmand:speed>0.5</osmand:speed>
        </extensions>
      </trkpt>
      <trkpt lat="46.4637354" lon="9.638163">
        <ele>2023.8</ele>
        <time>2026-09-12T07:24:24Z</time>
        <hdop>8.2</hdop>
        <extensions>
          <osmand:speed>0.5</osmand:speed>
        </extensions>
      </trkpt>
      <trkpt lat="46.4637472" lon="9.6381197">
        <ele>2024.8</ele>
        <time>2026-09-12T07:24:30Z</time>
        <hdop>9.2</hdop>
        <extensions>
          <osmand:speed>0.8</osmand:speed>
        </extensions>
      </trkpt>
      <trkpt lat="46.4637595" lon="9.6380838">
        <ele>2024.8</ele>
        <time>2026-09-12T07:24:36Z</time>
        <hdop>10.7</hdop>
        <extensions>
          <osmand:speed>0.4</osmand:speed>
        </extensions>
      </trkpt>
      <trkpt lat="46.4637235" lon="9.6380353">
        <ele>2026.8</ele>
        <time>2026-09-12T07:24:42Z</time>
        <hdop>11.7</hdop>
        <extensions>
          <osmand:speed>0.9</osmand:speed>
        </extensions>
      </trkpt>
      <trkpt lat="46.463686" lon="9.6380123">
        <ele>2026.8</ele>
        <time>2026-09-12T07:24:48Z</time>
        <hdop>10.7</hdop>
        <extensions>
          <osmand:speed>0.1</osmand:speed>
        </extensions>
      </trkpt>
      <trkpt lat="46.4636539" lon="9.6379651">
        <ele>2028.8</ele>
        <time>2026-09-12T07:24:54Z</time>
        <hdop>12.8</hdop>
        <extensions>
          <osmand:speed>0.6</osmand:speed>
        </extensions>
      </trkpt>
      <trkpt lat="46.4636116" lon="9.6379583">
        <ele>2028.8</ele>
        <time>2026-09-12T07:25:00Z</time>
        <hdop>11.7</hdop>
        <extensions>
          <osmand:speed>0.3</osmand:speed>
        </extensions>
      </trkpt>
      <trkpt lat="46.46363" lon="9.6378879">
        <ele>2030.8</ele>
        <time>2026-09-12T07:25:06Z</time>
        <hdop>13.3</hdop>
        <extensions>
          <osmand:speed>0.9</osmand:speed>
        </extensions>
      </trkpt>
      <trkpt lat="46.4636485" lon="9.6378534">
        <ele>2030.8</ele>
        <time>2026-09-12T07:25:12Z</time>
        <hdop>11.7</hdop>
        <extensions>
          <osmand:speed>0.7</osmand:speed>
        </extensions>
      </trkpt>
      <trkpt lat="46.4636666" lon="9.6378414">
        <ele>2032.8</ele>
        <time>2026-09-12T07:25:18Z</time>
        <hdop>12.2</hdop>
        <extensions>
          <osmand:speed>0.6</osmand:speed>
        </extensions>
      </trkpt>
      <trkpt lat="46.4636967" lon="9.6377993">
        <ele>2032.8</ele>
        <time>2026-09-12T07:25:24Z</time>
        <hdop>12.2</hdop>
        <extensions>
          <osmand:speed>0.5</osmand:speed>
        </extensions>
      </trkpt>
      <trkpt lat="46.4636818" lon="9.6377833">
        <ele>2033.8</ele>
        <time>2026-09-12T07:25:30Z</time>
        <hdop>13.3</hdop>
        <extensions>
          <osmand:speed>0.6</osmand:speed>
        </extensions>
      </trkpt>
      <trkpt lat="46.4636625" lon="9.6377233">
        <ele>2032.8</ele>
        <time>2026-09-12T07:25:36Z</time>
        <hdop>12.8</hdop>
        <extensions>
          <osmand:speed>0.8</osmand:speed>
        </extensions>
      </trkpt>
      <trkpt lat="46.4636747" lon="9.6376755">
        <ele>2033.8</ele>
        <time>2026-09-12T07:25:42Z</time>
        <hdop>12.2</hdop>
        <extensions>
          <osmand:speed>0.7</osmand:speed>
        </extensions>
      </trkpt>
      <trkpt lat="46.4636481" lon="9.6376275">
        <ele>2035.8</ele>
        <time>2026-09-12T07:25:48Z</time>
        <hdop>12.8</hdop>
        <extensions>
          <osmand:speed>0.7</osmand:speed>
        </extensions>
      </trkpt>
      <trkpt lat="46.4636065" lon="9.6375911">
        <ele>2034.8</ele>
        <time>2026-09-12T07:25:54Z</time>
        <hdop>11.7</hdop>
        <extensions>
          <osmand:speed>0.8</osmand:speed>
        </extensions>
      </trkpt>
      <trkpt lat="46.4635694" lon="9.6375519">
        <ele>2035.8</ele>
        <time>2026-09-12T07:26:00Z</time>
        <hdop>10.7</hdop>
        <extensions>
          <osmand:speed>0.6</osmand:speed>
        </extensions>
      </trkpt>
      <trkpt lat="46.4635693" lon="9.6375162">
        <ele>2035.8</ele>
        <time>2026-09-12T07:26:06Z</time>
        <hdop>9.7</hdop>
        <extensions>
          <osmand:speed>0.4</osmand:speed>
        </extensions>
      </trkpt>
      <trkpt lat="46.4635926" lon="9.6374953">
        <ele>2037.8</ele>
        <time>2026-09-12T07:26:12Z</time>
        <hdop>10.7</hdop>
        <extensions>
          <osmand:speed>0.8</osmand:speed>
        </extensions>
      </trkpt>
      <trkpt lat="46.4636136" lon="9.6374742">
        <ele>2039.8</ele>
        <time>2026-09-12T07:26:18Z</time>
        <hdop>10.2</hdop>
        <extensions>
          <osmand:speed>0.8</osmand:speed>
        </extensions>
      </trkpt>
      <trkpt lat="46.4636319" lon="9.6374493">
        <ele>2041.8</ele>
        <time>2026-09-12T07:26:24Z</time>
        <hdop>11.2</hdop>
        <extensions>
          <osmand:speed>0.4</osmand:speed>
        </extensions>
      </trkpt>
      <trkpt lat="46.4636577" lon="9.637416">
        <ele>2043.8</ele>
        <time>2026-09-12T07:26:30Z</time>
        <hdop>10.7</hdop>
        <extensions>
          <osmand:speed>0.7</osmand:speed>
        </extensions>
      </trkpt>
      <trkpt lat="46.463668" lon="9.6373708">
        <ele>2044.8</ele>
        <time>2026-09-12T07:26:36Z</time>
        <hdop>9.7</hdop>
        <extensions>
          <osmand:speed>0.5</osmand:speed>
        </extensions>
      </trkpt>
      <trkpt lat="46.4636924" lon="9.637357">
        <ele>2044.8</ele>
        <time>2026-09-12T07:26:42Z</time>
        <hdop>11.7</hdop>
        <extensions>
          <osmand:speed>0.4</osmand:speed>
        </extensions>
      </trkpt>
      <trkpt lat="46.4636875" lon="9.637328">
        <ele>2045.8</ele>
        <time>2026-09-12T07:27:01Z</time>
        <hdop>9.7</hdop>
        <extensions>
          <osmand:speed>0.2</osmand:speed>
        </extensions>
      </trkpt>
      <trkpt lat="46.4636633" lon="9.6373299">
        <ele>2045.8</ele>
        <time>2026-09-12T07:27:07Z</time>
        <hdop>9.2</hdop>
        <extensions>
          <osmand:speed>0.7</osmand:speed>
        </extensions>
      </trkpt>
      <trkpt lat="46.4636391" lon="9.6372724">
        <ele>2046.8</ele>
        <time>2026-09-12T07:27:13Z</time>
        <hdop>8.7</hdop>
        <extensions>
          <osmand:speed>0.6</osmand:speed>
        </extensions>
      </trkpt>
      <trkpt lat="46.4635997" lon="9.6372342">
        <ele>2047.8</ele>
        <time>2026-09-12T07:27:19Z</time>
        <hdop>9.2</hdop>
        <extensions>
          <osmand:speed>0.8</osmand:speed>
        </extensions>
      </trkpt>
      <trkpt lat="46.4635884" lon="9.637208">
        <ele>2048.8</ele>
        <time>2026-09-12T07:27:25Z</time>
        <hdop>8.2</hdop>
        <extensions>
          <osmand:speed>0.9</osmand:speed>
        </extensions>
      </trkpt>
      <trkpt lat="46.4635551" lon="9.6371754">
        <ele>2049.8</ele>
        <time>2026-09-12T07:27:31Z</time>
        <hdop>10.2</hdop>
        <extensions>
          <osmand:speed>0.6</osmand:speed>
        </extensions>
      </trkpt>
      <trkpt lat="46.4635295" lon="9.6371417">
        <ele>2051.8</ele>
        <time>2026-09-12T07:27:37Z</time>
        <hdop>9.7</hdop>
        <extensions>
          <osmand:speed>1</osmand:speed>
        </extensions>
      </trkpt>
      <trkpt lat="46.4635045" lon="9.6370974">
        <ele>2051.8</ele>
        <time>2026-09-12T07:27:43Z</time>
        <hdop>10.2</hdop>
        <extensions>
          <osmand:speed>0.4</osmand:speed>
        </extensions>
      </trkpt>
      <trkpt lat="46.4634773" lon="9.6370706">
        <ele>2052.8</ele>
        <time>2026-09-12T07:27:49Z</time>
        <hdop>8.7</hdop>
        <extensions>
          <osmand:speed>0.8</osmand:speed>
        </extensions>
      </trkpt>
      <trkpt lat="46.4634671" lon="9.6370395">
        <ele>2052.8</ele>
        <time>2026-09-12T07:27:55Z</time>
        <hdop>7.7</hdop>
        <extensions>
          <osmand:speed>0.5</osmand:speed>
        </extensions>
      </trkpt>
      <trkpt lat="46.463438" lon="9.6370356">
        <ele>2052.8</ele>
        <time>2026-09-12T07:28:01Z</time>
        <hdop>10.2</hdop>
        <extensions>
          <osmand:speed>1.7</osmand:speed>
        </extensions>
      </trkpt>
      <trkpt lat="46.4634189" lon="9.6369814">
        <ele>2052.8</ele>
        <time>2026-09-12T07:28:07Z</time>
        <hdop>11.2</hdop>
        <extensions>
          <osmand:speed>0.9</osmand:speed>
        </extensions>
      </trkpt>
      <trkpt lat="46.4634163" lon="9.6369264">
        <ele>2053.8</ele>
        <time>2026-09-12T07:28:13Z</time>
        <hdop>11.7</hdop>
        <extensions>
          <osmand:speed>0.9</osmand:speed>
        </extensions>
      </trkpt>
      <trkpt lat="46.4633965" lon="9.6368913">
        <ele>2054.8</ele>
        <time>2026-09-12T07:28:19Z</time>
        <hdop>11.7</hdop>
        <extensions>
          <osmand:speed>0.5</osmand:speed>
        </extensions>
      </trkpt>
      <trkpt lat="46.4633653" lon="9.6368665">
        <ele>2056.8</ele>
        <time>2026-09-12T07:28:25Z</time>
        <hdop>9.2</hdop>
        <extensions>
          <osmand:speed>0.5</osmand:speed>
        </extensions>
      </trkpt>
      <trkpt lat="46.4633777" lon="9.6368425">
        <ele>2057.8</ele>
        <time>2026-09-12T07:28:43Z</time>
        <hdop>10.2</hdop>
        <extensions>
          <osmand:speed>1.2</osmand:speed>
        </extensions>
      </trkpt>
      <trkpt lat="46.4634075" lon="9.6368446">
        <ele>2057.8</ele>
        <time>2026-09-12T07:28:49Z</time>
        <hdop>9.2</hdop>
        <extensions>
          <osmand:speed>0.6</osmand:speed>
        </extensions>
      </trkpt>
      <trkpt lat="46.463461" lon="9.6368462">
        <ele>2058.8</ele>
        <time>2026-09-12T07:28:55Z</time>
        <hdop>9.2</hdop>
        <extensions>
          <osmand:speed>1.3</osmand:speed>
        </extensions>
      </trkpt>
      <trkpt lat="46.4634926" lon="9.6368213">
        <ele>2058.8</ele>
        <time>2026-09-12T07:29:01Z</time>
        <hdop>11.2</hdop>
        <extensions>
          <osmand:speed>1.1</osmand:speed>
        </extensions>
      </trkpt>
      <trkpt lat="46.4635237" lon="9.6368003">
        <ele>2060.8</ele>
        <time>2026-09-12T07:29:07Z</time>
        <hdop>11.2</hdop>
        <extensions>
          <osmand:speed>0.4</osmand:speed>
        </extensions>
      </trkpt>
      <trkpt lat="46.4635489" lon="9.6367802">
        <ele>2060.8</ele>
        <time>2026-09-12T07:29:13Z</time>
        <hdop>10.7</hdop>
        <extensions>
          <osmand:speed>0.5</osmand:speed>
        </extensions>
      </trkpt>
      <trkpt lat="46.463584" lon="9.6367574">
        <ele>2061.8</ele>
        <time>2026-09-12T07:29:19Z</time>
        <hdop>8.7</hdop>
        <extensions>
          <osmand:speed>0.3</osmand:speed>
        </extensions>
      </trkpt>
      <trkpt lat="46.4636048" lon="9.63678">
        <ele>2061.8</ele>
        <time>2026-09-12T07:29:25Z</time>
        <hdop>13.3</hdop>
        <extensions>
          <osmand:speed>0.9</osmand:speed>
        </extensions>
      </trkpt>
      <trkpt lat="46.4636457" lon="9.6367959">
        <ele>2063.8</ele>
        <time>2026-09-12T07:29:31Z</time>
        <hdop>11.2</hdop>
        <extensions>
          <osmand:speed>1.1</osmand:speed>
        </extensions>
      </trkpt>
      <trkpt lat="46.4636735" lon="9.6368005">
        <ele>2065.8</ele>
        <time>2026-09-12T07:29:37Z</time>
        <hdop>11.7</hdop>
        <extensions>
          <osmand:speed>0.7</osmand:speed>
        </extensions>
      </trkpt>
      <trkpt lat="46.46372" lon="9.6368052">
        <ele>2066.8</ele>
        <time>2026-09-12T07:29:43Z</time>
        <hdop>11.7</hdop>
        <extensions>
          <osmand:speed>0.7</osmand:speed>
        </extensions>
      </trkpt>
      <trkpt lat="46.4637536" lon="9.6368035">
        <ele>2067.8</ele>
        <time>2026-09-12T07:29:49Z</time>
        <hdop>9.2</hdop>
        <extensions>
          <osmand:speed>1.1</osmand:speed>
        </extensions>
      </trkpt>
      <trkpt lat="46.4637877" lon="9.6367917">
        <ele>2069.8</ele>
        <time>2026-09-12T07:29:55Z</time>
        <hdop>10.2</hdop>
        <extensions>
          <osmand:speed>0.6</osmand:speed>
        </extensions>
      </trkpt>
      <trkpt lat="46.4638068" lon="9.6367473">
        <ele>2070.8</ele>
        <time>2026-09-12T07:30:01Z</time>
        <hdop>11.2</hdop>
        <extensions>
          <osmand:speed>0.9</osmand:speed>
        </extensions>
      </trkpt>
      <trkpt lat="46.4637725" lon="9.6367229">
        <ele>2072.8</ele>
        <time>2026-09-12T07:30:07Z</time>
        <hdop>11.2</hdop>
        <extensions>
          <osmand:speed>0.7</osmand:speed>
        </extensions>
      </trkpt>
      <trkpt lat="46.4637416" lon="9.6366609">
        <ele>2072.8</ele>
        <time>2026-09-12T07:30:13Z</time>
        <hdop>10.7</hdop>
        <extensions>
          <osmand:speed>0.9</osmand:speed>
        </extensions>
      </trkpt>
      <trkpt lat="46.4636959" lon="9.6366104">
        <ele>2073.8</ele>
        <time>2026-09-12T07:30:19Z</time>
        <hdop>11.7</hdop>
        <extensions>
          <osmand:speed>1.2</osmand:speed>
        </extensions>
      </trkpt>
      <trkpt lat="46.4636452" lon="9.6365796">
        <ele>2073.8</ele>
        <time>2026-09-12T07:30:25Z</time>
        <hdop>10.2</hdop>
        <extensions>
          <osmand:speed>0.9</osmand:speed>
        </extensions>
      </trkpt>
      <trkpt lat="46.4636058" lon="9.6365353">
        <ele>2075.8</ele>
        <time>2026-09-12T07:30:31Z</time>
        <hdop>10.7</hdop>
        <extensions>
          <osmand:speed>0.7</osmand:speed>
        </extensions>
      </trkpt>
      <trkpt lat="46.4635782" lon="9.6365129">
        <ele>2076.8</ele>
        <time>2026-09-12T07:30:37Z</time>
        <hdop>10.2</hdop>
        <extensions>
          <osmand:speed>0.7</osmand:speed>
        </extensions>
      </trkpt>
      <trkpt lat="46.4635669" lon="9.6364828">
        <ele>2077.8</ele>
        <time>2026-09-12T07:30:44Z</time>
        <hdop>12.2</hdop>
        <extensions>
          <osmand:speed>0.8</osmand:speed>
        </extensions>
      </trkpt>
      <trkpt lat="46.4635927" lon="9.6364449">
        <ele>2077.8</ele>
        <time>2026-09-12T07:30:50Z</time>
        <hdop>11.7</hdop>
        <extensions>
          <osmand:speed>0.7</osmand:speed>
        </extensions>
      </trkpt>
      <trkpt lat="46.4636078" lon="9.6364114">
        <ele>2079.8</ele>
        <time>2026-09-12T07:30:56Z</time>
        <hdop>12.2</hdop>
        <extensions>
          <osmand:speed>0.8</osmand:speed>
        </extensions>
      </trkpt>
      <trkpt lat="46.4635836" lon="9.636374">
        <ele>2080.8</ele>
        <time>2026-09-12T07:31:02Z</time>
        <hdop>8.2</hdop>
        <extensions>
          <osmand:speed>0.7</osmand:speed>
        </extensions>
      </trkpt>
      <trkpt lat="46.4635622" lon="9.6363629">
        <ele>2079.8</ele>
        <time>2026-09-12T07:31:08Z</time>
        <hdop>11.7</hdop>
        <extensions>
          <osmand:speed>0.6</osmand:speed>
        </extensions>
      </trkpt>
      <trkpt lat="46.4635826" lon="9.6363155">
        <ele>2080.8</ele>
        <time>2026-09-12T07:31:14Z</time>
        <hdop>11.2</hdop>
        <extensions>
          <osmand:speed>0.8</osmand:speed>
        </extensions>
      </trkpt>
      <trkpt lat="46.463595" lon="9.6362922">
        <ele>2082.8</ele>
        <time>2026-09-12T07:31:20Z</time>
        <hdop>9.7</hdop>
        <extensions>
          <osmand:speed>0.4</osmand:speed>
        </extensions>
      </trkpt>
      <trkpt lat="46.4635998" lon="9.6362556">
        <ele>2083.8</ele>
        <time>2026-09-12T07:31:26Z</time>
        <hdop>10.7</hdop>
        <extensions>
          <osmand:speed>0.7</osmand:speed>
        </extensions>
      </trkpt>
      <trkpt lat="46.4635661" lon="9.6362137">
        <ele>2083.8</ele>
        <time>2026-09-12T07:31:32Z</time>
        <hdop>8.7</hdop>
        <extensions>
          <osmand:speed>0.5</osmand:speed>
        </extensions>
      </trkpt>
      <trkpt lat="46.4635463" lon="9.6361589">
        <ele>2084.8</ele>
        <time>2026-09-12T07:31:38Z</time>
        <hdop>9.7</hdop>
        <extensions>
          <osmand:speed>0.8</osmand:speed>
        </extensions>
      </trkpt>
      <trkpt lat="46.4635325" lon="9.6361203">
        <ele>2084.8</ele>
        <time>2026-09-12T07:31:44Z</time>
        <hdop>9.7</hdop>
        <extensions>
          <osmand:speed>0.9</osmand:speed>
        </extensions>
      </trkpt>
      <trkpt lat="46.4635221" lon="9.6360407">
        <ele>2085.8</ele>
        <time>2026-09-12T07:31:50Z</time>
        <hdop>9.7</hdop>
        <extensions>
          <osmand:speed>1</osmand:speed>
        </extensions>
      </trkpt>
      <trkpt lat="46.4634891" lon="9.6359915">
        <ele>2085.8</ele>
        <time>2026-09-12T07:31:56Z</time>
        <hdop>7.7</hdop>
        <extensions>
          <osmand:speed>0.6</osmand:speed>
        </extensions>
      </trkpt>
      <trkpt lat="46.4634754" lon="9.635946">
        <ele>2086.8</ele>
        <time>2026-09-12T07:32:02Z</time>
        <hdop>10.2</hdop>
        <extensions>
          <osmand:speed>0.5</osmand:speed>
        </extensions>
      </trkpt>
      <trkpt lat="46.4634759" lon="9.6358656">
        <ele>2087.8</ele>
        <time>2026-09-12T07:32:08Z</time>
        <hdop>9.2</hdop>
        <extensions>
          <osmand:speed>0.6</osmand:speed>
        </extensions>
      </trkpt>
      <trkpt lat="46.4634868" lon="9.6358226">
        <ele>2088.8</ele>
        <time>2026-09-12T07:32:14Z</time>
        <hdop>9.2</hdop>
        <extensions>
          <osmand:speed>0.7</osmand:speed>
        </extensions>
      </trkpt>
      <trkpt lat="46.4634854" lon="9.6357916">
        <ele>2089.8</ele>
        <time>2026-09-12T07:32:20Z</time>
        <hdop>10.2</hdop>
        <extensions>
          <osmand:speed>1</osmand:speed>
        </extensions>
      </trkpt>
      <trkpt lat="46.4634835" lon="9.6357442">
        <ele>2089.8</ele>
        <time>2026-09-12T07:32:26Z</time>
        <hdop>10.7</hdop>
        <extensions>
          <osmand:speed>0.7</osmand:speed>
        </extensions>
      </trkpt>
      <trkpt lat="46.4634797" lon="9.635667">
        <ele>2090.8</ele>
        <time>2026-09-12T07:32:32Z</time>
        <hdop>11.7</hdop>
        <extensions>
          <osmand:speed>0.8</osmand:speed>
        </extensions>
      </trkpt>
      <trkpt lat="46.4634891" lon="9.6355978">
        <ele>2090.8</ele>
        <time>2026-09-12T07:32:38Z</time>
        <hdop>9.2</hdop>
        <extensions>
          <osmand:speed>0.8</osmand:speed>
        </extensions>
      </trkpt>
      <trkpt lat="46.4634927" lon="9.6355419">
        <ele>2091.8</ele>
        <time>2026-09-12T07:32:44Z</time>
        <hdop>10.2</hdop>
        <extensions>
          <osmand:speed>1</osmand:speed>
        </extensions>
      </trkpt>
      <trkpt lat="46.4635116" lon="9.6354981">
        <ele>2093.8</ele>
        <time>2026-09-12T07:32:50Z</time>
        <hdop>12.8</hdop>
        <extensions>
          <osmand:speed>0.7</osmand:speed>
        </extensions>
      </trkpt>
      <trkpt lat="46.4635001" lon="9.6354652">
        <ele>2094.8</ele>
        <time>2026-09-12T07:32:56Z</time>
        <hdop>8.7</hdop>
        <extensions>
          <osmand:speed>0.9</osmand:speed>
        </extensions>
      </trkpt>
      <trkpt lat="46.463497" lon="9.6354092">
        <ele>2095.8</ele>
        <time>2026-09-12T07:33:02Z</time>
        <hdop>12.8</hdop>
        <extensions>
          <osmand:speed>0.5</osmand:speed>
        </extensions>
      </trkpt>
      <trkpt lat="46.4634729" lon="9.6353738">
        <ele>2096.8</ele>
        <time>2026-09-12T07:33:08Z</time>
        <hdop>10.2</hdop>
        <extensions>
          <osmand:speed>0.4</osmand:speed>
        </extensions>
      </trkpt>
      <trkpt lat="46.4634432" lon="9.6353228">
        <ele>2097.8</ele>
        <time>2026-09-12T07:33:14Z</time>
        <hdop>10.2</hdop>
        <extensions>
          <osmand:speed>0.5</osmand:speed>
        </extensions>
      </trkpt>
      <trkpt lat="46.4633995" lon="9.6352884">
        <ele>2100.8</ele>
        <time>2026-09-12T07:33:20Z</time>
        <hdop>9.7</hdop>
        <extensions>
          <osmand:speed>0.6</osmand:speed>
        </extensions>
      </trkpt>
      <trkpt lat="46.4633576" lon="9.6352595">
        <ele>2101.8</ele>
        <time>2026-09-12T07:33:26Z</time>
        <hdop>11.2</hdop>
        <extensions>
          <osmand:speed>0.7</osmand:speed>
        </extensions>
      </trkpt>
      <trkpt lat="46.4633326" lon="9.6352112">
        <ele>2101.8</ele>
        <time>2026-09-12T07:33:32Z</time>
        <hdop>7.7</hdop>
        <extensions>
          <osmand:speed>0.9</osmand:speed>
        </extensions>
      </trkpt>
      <trkpt lat="46.4632807" lon="9.6352074">
        <ele>2103.8</ele>
        <time>2026-09-12T07:33:38Z</time>
        <hdop>10.2</hdop>
        <extensions>
          <osmand:speed>1</osmand:speed>
        </extensions>
      </trkpt>
      <trkpt lat="46.4632261" lon="9.63518">
        <ele>2103.8</ele>
        <time>2026-09-12T07:33:44Z</time>
        <hdop>10.7</hdop>
        <extensions>
          <osmand:speed>0.8</osmand:speed>
        </extensions>
      </trkpt>
      <trkpt lat="46.4631691" lon="9.6351418">
        <ele>2103.8</ele>
        <time>2026-09-12T07:33:50Z</time>
        <hdop>10.2</hdop>
        <extensions>
          <osmand:speed>0.9</osmand:speed>
        </extensions>
      </trkpt>
      <trkpt lat="46.4631297" lon="9.6351078">
        <ele>2103.8</ele>
        <time>2026-09-12T07:33:56Z</time>
        <hdop>9.7</hdop>
        <extensions>
          <osmand:speed>1.1</osmand:speed>
        </extensions>
      </trkpt>
      <trkpt lat="46.4630918" lon="9.635057">
        <ele>2104.8</ele>
        <time>2026-09-12T07:34:02Z</time>
        <hdop>10.7</hdop>
        <extensions>
          <osmand:speed>0.6</osmand:speed>
        </extensions>
      </trkpt>
      <trkpt lat="46.4631041" lon="9.6350293">
        <ele>2106.8</ele>
        <time>2026-09-12T07:34:09Z</time>
        <hdop>10.7</hdop>
        <extensions>
          <osmand:speed>0.8</osmand:speed>
        </extensions>
      </trkpt>
      <trkpt lat="46.4631212" lon="9.6349905">
        <ele>2107.8</ele>
        <time>2026-09-12T07:34:15Z</time>
        <hdop>11.2</hdop>
        <extensions>
          <osmand:speed>0.6</osmand:speed>
        </extensions>
      </trkpt>
      <trkpt lat="46.4631575" lon="9.6349724">
        <ele>2108.8</ele>
        <time>2026-09-12T07:34:21Z</time>
        <hdop>11.7</hdop>
        <extensions>
          <osmand:speed>0.8</osmand:speed>
        </extensions>
      </trkpt>
      <trkpt lat="46.4631821" lon="9.6350042">
        <ele>2110.8</ele>
        <time>2026-09-12T07:34:27Z</time>
        <hdop>12.2</hdop>
        <extensions>
          <osmand:speed>0.4</osmand:speed>
        </extensions>
      </trkpt>
      <trkpt lat="46.4632094" lon="9.6350056">
        <ele>2112.8</ele>
        <time>2026-09-12T07:34:33Z</time>
        <hdop>11.7</hdop>
        <extensions>
          <osmand:speed>0.6</osmand:speed>
        </extensions>
      </trkpt>
      <trkpt lat="46.4632426" lon="9.6350017">
        <ele>2112.8</ele>
        <time>2026-09-12T07:34:39Z</time>
        <hdop>9.7</hdop>
        <extensions>
          <osmand:speed>0.7</osmand:speed>
        </extensions>
      </trkpt>
      <trkpt lat="46.4632837" lon="9.6350239">
        <ele>2112.8</ele>
        <time>2026-09-12T07:34:45Z</time>
        <hdop>8.7</hdop>
        <extensions>
          <osmand:speed>1.2</osmand:speed>
        </extensions>
      </trkpt>
      <trkpt lat="46.4633293" lon="9.6350364">
        <ele>2113.8</ele>
        <time>2026-09-12T07:34:51Z</time>
        <hdop>9.7</hdop>
        <extensions>
          <osmand:speed>0.6</osmand:speed>
        </extensions>
      </trkpt>
      <trkpt lat="46.4633562" lon="9.635012">
        <ele>2114.8</ele>
        <time>2026-09-12T07:34:57Z</time>
        <hdop>8.7</hdop>
        <extensions>
          <osmand:speed>0.7</osmand:speed>
        </extensions>
      </trkpt>
      <trkpt lat="46.4633951" lon="9.6350083">
        <ele>2115.8</ele>
        <time>2026-09-12T07:35:03Z</time>
        <hdop>8.7</hdop>
        <extensions>
          <osmand:speed>1</osmand:speed>
        </extensions>
      </trkpt>
      <trkpt lat="46.4634428" lon="9.6350244">
        <ele>2116.8</ele>
        <time>2026-09-12T07:35:09Z</time>
        <hdop>9.2</hdop>
        <extensions>
          <osmand:speed>0.5</osmand:speed>
        </extensions>
      </trkpt>
      <trkpt lat="46.4634719" lon="9.6349827">
        <ele>2115.8</ele>
        <time>2026-09-12T07:35:15Z</time>
        <hdop>9.2</hdop>
        <extensions>
          <osmand:speed>0.2</osmand:speed>
        </extensions>
      </trkpt>
      <trkpt lat="46.4635075" lon="9.6349711">
        <ele>2116.8</ele>
        <time>2026-09-12T07:35:21Z</time>
        <hdop>9.7</hdop>
        <extensions>
          <osmand:speed>1.3</osmand:speed>
        </extensions>
      </trkpt>
      <trkpt lat="46.4635326" lon="9.6349435">
        <ele>2116.8</ele>
        <time>2026-09-12T07:35:27Z</time>
        <hdop>10.7</hdop>
        <extensions>
          <osmand:speed>0.4</osmand:speed>
        </extensions>
      </trkpt>
      <trkpt lat="46.4635684" lon="9.6349351">
        <ele>2117.8</ele>
        <time>2026-09-12T07:35:33Z</time>
        <hdop>10.2</hdop>
        <extensions>
          <osmand:speed>0.4</osmand:speed>
        </extensions>
      </trkpt>
      <trkpt lat="46.4635922" lon="9.6349051">
        <ele>2118.8</ele>
        <time>2026-09-12T07:35:39Z</time>
        <hdop>9.2</hdop>
        <extensions>
          <osmand:speed>0.3</osmand:speed>
        </extensions>
      </trkpt>
      <trkpt lat="46.463634" lon="9.6348633">
        <ele>2119.8</ele>
        <time>2026-09-12T07:35:45Z</time>
        <hdop>10.7</hdop>
        <extensions>
          <osmand:speed>0.3</osmand:speed>
        </extensions>
      </trkpt>
      <trkpt lat="46.4636616" lon="9.6348273">
        <ele>2121.8</ele>
        <time>2026-09-12T07:35:51Z</time>
        <hdop>11.2</hdop>
        <extensions>
          <osmand:speed>1.4</osmand:speed>
        </extensions>
      </trkpt>
      <trkpt lat="46.4636872" lon="9.6348215">
        <ele>2122.8</ele>
        <time>2026-09-12T07:35:57Z</time>
        <hdop>12.2</hdop>
        <extensions>
          <osmand:speed>0.5</osmand:speed>
        </extensions>
      </trkpt>
      <trkpt lat="46.4637176" lon="9.634784">
        <ele>2123.8</ele>
        <time>2026-09-12T07:36:03Z</time>
        <hdop>11.7</hdop>
        <extensions>
          <osmand:speed>0.4</osmand:speed>
        </extensions>
      </trkpt>
      <trkpt lat="46.4636944" lon="9.6347297">
        <ele>2124.8</ele>
        <time>2026-09-12T07:36:09Z</time>
        <hdop>8.7</hdop>
        <extensions>
          <osmand:speed>1</osmand:speed>
        </extensions>
      </trkpt>
      <trkpt lat="46.46366" lon="9.6347015">
        <ele>2125.8</ele>
        <time>2026-09-12T07:36:15Z</time>
        <hdop>10.7</hdop>
        <extensions>
          <osmand:speed>0.6</osmand:speed>
        </extensions>
      </trkpt>
      <trkpt lat="46.4636252" lon="9.6346395">
        <ele>2125.8</ele>
        <time>2026-09-12T07:36:21Z</time>
        <hdop>9.7</hdop>
        <extensions>
          <osmand:speed>1</osmand:speed>
        </extensions>
      </trkpt>
      <trkpt lat="46.463628" lon="9.634547">
        <ele>2125.8</ele>
        <time>2026-09-12T07:36:27Z</time>
        <hdop>12.2</hdop>
        <extensions>
          <osmand:speed>0.7</osmand:speed>
        </extensions>
      </trkpt>
      <trkpt lat="46.463613" lon="9.6344898">
        <ele>2127.8</ele>
        <time>2026-09-12T07:36:33Z</time>
        <hdop>8.7</hdop>
        <extensions>
          <osmand:speed>0.8</osmand:speed>
        </extensions>
      </trkpt>
      <trkpt lat="46.463589" lon="9.6344645">
        <ele>2128.8</ele>
        <time>2026-09-12T07:36:39Z</time>
        <hdop>12.2</hdop>
        <extensions>
          <osmand:speed>0.3</osmand:speed>
        </extensions>
      </trkpt>
      <trkpt lat="46.4635953" lon="9.6344346">
        <ele>2129.8</ele>
        <time>2026-09-12T07:36:45Z</time>
        <hdop>10.2</hdop>
        <extensions>
          <osmand:speed>0.5</osmand:speed>
        </extensions>
      </trkpt>
      <trkpt lat="46.4635984" lon="9.634397">
        <ele>2132.8</ele>
        <time>2026-09-12T07:36:51Z</time>
        <hdop>11.2</hdop>
        <extensions>
          <osmand:speed>0.4</osmand:speed>
        </extensions>
      </trkpt>
      <trkpt lat="46.4636001" lon="9.6343583">
        <ele>2133.8</ele>
        <time>2026-09-12T07:36:57Z</time>
        <hdop>11.7</hdop>
        <extensions>
          <osmand:speed>0.5</osmand:speed>
        </extensions>
      </trkpt>
      <trkpt lat="46.4635927" lon="9.6343116">
        <ele>2134.8</ele>
        <time>2026-09-12T07:37:03Z</time>
        <hdop>9.7</hdop>
        <extensions>
          <osmand:speed>0.5</osmand:speed>
        </extensions>
      </trkpt>
      <trkpt lat="46.4636043" lon="9.634252">
        <ele>2134.8</ele>
        <time>2026-09-12T07:37:09Z</time>
        <hdop>11.7</hdop>
        <extensions>
          <osmand:speed>0.8</osmand:speed>
        </extensions>
      </trkpt>
      <trkpt lat="46.4635559" lon="9.6342274">
        <ele>2136.8</ele>
        <time>2026-09-12T07:37:15Z</time>
        <hdop>10.7</hdop>
        <extensions>
          <osmand:speed>1</osmand:speed>
        </extensions>
      </trkpt>
      <trkpt lat="46.4635211" lon="9.6341996">
        <ele>2137.8</ele>
        <time>2026-09-12T07:37:21Z</time>
        <hdop>8.7</hdop>
        <extensions>
          <osmand:speed>1.1</osmand:speed>
        </extensions>
      </trkpt>
      <trkpt lat="46.4634955" lon="9.6341479">
        <ele>2138.8</ele>
        <time>2026-09-12T07:37:27Z</time>
        <hdop>8.2</hdop>
        <extensions>
          <osmand:speed>0.6</osmand:speed>
        </extensions>
      </trkpt>
      <trkpt lat="46.4634432" lon="9.6341136">
        <ele>2139.8</ele>
        <time>2026-09-12T07:37:33Z</time>
        <hdop>10.2</hdop>
        <extensions>
          <osmand:speed>1.1</osmand:speed>
        </extensions>
      </trkpt>
      <trkpt lat="46.4634141" lon="9.6340728">
        <ele>2140.8</ele>
        <time>2026-09-12T07:37:39Z</time>
        <hdop>11.2</hdop>
        <extensions>
          <osmand:speed>0.6</osmand:speed>
        </extensions>
      </trkpt>
      <trkpt lat="46.463401" lon="9.6340262">
        <ele>2140.8</ele>
        <time>2026-09-12T07:37:45Z</time>
        <hdop>11.7</hdop>
        <extensions>
          <osmand:speed>0.6</osmand:speed>
        </extensions>
      </trkpt>
      <trkpt lat="46.4633873" lon="9.6339975">
        <ele>2141.8</ele>
        <time>2026-09-12T07:37:51Z</time>
        <hdop>10.2</hdop>
        <extensions>
          <osmand:speed>0.8</osmand:speed>
        </extensions>
      </trkpt>
      <trkpt lat="46.4633531" lon="9.633988">
        <ele>2142.8</ele>
        <time>2026-09-12T07:37:57Z</time>
        <hdop>11.7</hdop>
        <extensions>
          <osmand:speed>0.6</osmand:speed>
        </extensions>
      </trkpt>
      <trkpt lat="46.4633496" lon="9.6339355">
        <ele>2142.8</ele>
        <time>2026-09-12T07:38:03Z</time>
        <hdop>13.8</hdop>
        <extensions>
          <osmand:speed>0.9</osmand:speed>
        </extensions>
      </trkpt>
      <trkpt lat="46.4633274" lon="9.6339247">
        <ele>2143.8</ele>
        <time>2026-09-12T07:38:09Z</time>
        <hdop>13.3</hdop>
        <extensions>
          <osmand:speed>0.3</osmand:speed>
        </extensions>
      </trkpt>
      <trkpt lat="46.463311" lon="9.6338944">
        <ele>2144.8</ele>
        <time>2026-09-12T07:38:15Z</time>
        <hdop>9.7</hdop>
        <extensions>
          <osmand:speed>0.5</osmand:speed>
        </extensions>
      </trkpt>
      <trkpt lat="46.463299" lon="9.6338663">
        <ele>2145.8</ele>
        <time>2026-09-12T07:38:21Z</time>
        <hdop>11.7</hdop>
        <extensions>
          <osmand:speed>0.6</osmand:speed>
        </extensions>
      </trkpt>
      <trkpt lat="46.4632582" lon="9.6338552">
        <ele>2145.8</ele>
        <time>2026-09-12T07:38:27Z</time>
        <hdop>10.7</hdop>
        <extensions>
          <osmand:speed>0.8</osmand:speed>
        </extensions>
      </trkpt>
      <trkpt lat="46.4632738" lon="9.6338361">
        <ele>2146.8</ele>
        <time>2026-09-12T07:38:34Z</time>
        <hdop>8.7</hdop>
        <extensions>
          <osmand:speed>0.6</osmand:speed>
        </extensions>
      </trkpt>
      <trkpt lat="46.4633008" lon="9.6338029">
        <ele>2146.8</ele>
        <time>2026-09-12T07:38:40Z</time>
        <hdop>10.2</hdop>
        <extensions>
          <osmand:speed>0.6</osmand:speed>
        </extensions>
      </trkpt>
      <trkpt lat="46.4633221" lon="9.633794">
        <ele>2147.8</ele>
        <time>2026-09-12T07:38:46Z</time>
        <hdop>10.7</hdop>
        <extensions>
          <osmand:speed>0.5</osmand:speed>
        </extensions>
      </trkpt>
      <trkpt lat="46.463334" lon="9.6337587">
        <ele>2147.8</ele>
        <time>2026-09-12T07:38:52Z</time>
        <hdop>10.2</hdop>
        <extensions>
          <osmand:speed>0.4</osmand:speed>
        </extensions>
      </trkpt>
      <trkpt lat="46.4633657" lon="9.6337438">
        <ele>2148.8</ele>
        <time>2026-09-12T07:38:58Z</time>
        <hdop>9.7</hdop>
        <extensions>
          <osmand:speed>0.7</osmand:speed>
        </extensions>
      </trkpt>
      <trkpt lat="46.4634036" lon="9.6337114">
        <ele>2148.8</ele>
        <time>2026-09-12T07:39:04Z</time>
        <hdop>9.7</hdop>
        <extensions>
          <osmand:speed>0.6</osmand:speed>
        </extensions>
      </trkpt>
      <trkpt lat="46.4634047" lon="9.6336853">
        <ele>2149.8</ele>
        <time>2026-09-12T07:39:10Z</time>
        <hdop>11.2</hdop>
        <extensions>
          <osmand:speed>0.9</osmand:speed>
        </extensions>
      </trkpt>
      <trkpt lat="46.4634333" lon="9.6336399">
        <ele>2149.8</ele>
        <time>2026-09-12T07:39:16Z</time>
        <hdop>8.2</hdop>
        <extensions>
          <osmand:speed>0.9</osmand:speed>
        </extensions>
      </trkpt>
      <trkpt lat="46.4634574" lon="9.6336241">
        <ele>2151.8</ele>
        <time>2026-09-12T07:39:22Z</time>
        <hdop>11.2</hdop>
        <extensions>
          <osmand:speed>0.5</osmand:speed>
        </extensions>
      </trkpt>
      <trkpt lat="46.4634462" lon="9.6335761">
        <ele>2152.8</ele>
        <time>2026-09-12T07:39:28Z</time>
        <hdop>8.7</hdop>
        <extensions>
          <osmand:speed>0.4</osmand:speed>
        </extensions>
      </trkpt>
      <trkpt lat="46.4634486" lon="9.6335355">
        <ele>2153.8</ele>
        <time>2026-09-12T07:39:34Z</time>
        <hdop>11.7</hdop>
        <extensions>
          <osmand:speed>0.4</osmand:speed>
        </extensions>
      </trkpt>
      <trkpt lat="46.4634404" lon="9.6334877">
        <ele>2154.8</ele>
        <time>2026-09-12T07:39:40Z</time>
        <hdop>10.7</hdop>
        <extensions>
          <osmand:speed>0.5</osmand:speed>
        </extensions>
      </trkpt>
      <trkpt lat="46.4634556" lon="9.6334454">
        <ele>2155.8</ele>
        <time>2026-09-12T07:39:46Z</time>
        <hdop>11.2</hdop>
        <extensions>
          <osmand:speed>0.4</osmand:speed>
        </extensions>
      </trkpt>
      <trkpt lat="46.4634543" lon="9.6333956">
        <ele>2155.8</ele>
        <time>2026-09-12T07:39:52Z</time>
        <hdop>8.7</hdop>
        <extensions>
          <osmand:speed>0.6</osmand:speed>
        </extensions>
      </trkpt>
      <trkpt lat="46.463462" lon="9.6333719">
        <ele>2157.8</ele>
        <time>2026-09-12T07:39:58Z</time>
        <hdop>11.2</hdop>
        <extensions>
          <osmand:speed>0.8</osmand:speed>
        </extensions>
      </trkpt>
      <trkpt lat="46.4634685" lon="9.6333355">
        <ele>2159.8</ele>
        <time>2026-09-12T07:40:04Z</time>
        <hdop>10.2</hdop>
        <extensions>
          <osmand:speed>0.6</osmand:speed>
        </extensions>
      </trkpt>
      <trkpt lat="46.4634676" lon="9.6332823">
        <ele>2159.8</ele>
        <time>2026-09-12T07:40:10Z</time>
        <hdop>9.7</hdop>
        <extensions>
          <osmand:speed>0.8</osmand:speed>
        </extensions>
      </trkpt>
      <trkpt lat="46.4634979" lon="9.6332327">
        <ele>2160.8</ele>
        <time>2026-09-12T07:40:16Z</time>
        <hdop>7.1</hdop>
        <extensions>
          <osmand:speed>0.8</osmand:speed>
        </extensions>
      </trkpt>
      <trkpt lat="46.463532" lon="9.6331798">
        <ele>2161.8</ele>
        <time>2026-09-12T07:40:22Z</time>
        <hdop>11.2</hdop>
        <extensions>
          <osmand:speed>0.6</osmand:speed>
        </extensions>
      </trkpt>
      <trkpt lat="46.4635591" lon="9.6331385">
        <ele>2162.8</ele>
        <time>2026-09-12T07:40:28Z</time>
        <hdop>7.7</hdop>
        <extensions>
          <osmand:speed>0.6</osmand:speed>
        </extensions>
      </trkpt>
      <trkpt lat="46.4635929" lon="9.633101">
        <ele>2163.8</ele>
        <time>2026-09-12T07:40:34Z</time>
        <hdop>11.7</hdop>
        <extensions>
          <osmand:speed>0.8</osmand:speed>
        </extensions>
      </trkpt>
      <trkpt lat="46.4636403" lon="9.6330675">
        <ele>2165.8</ele>
        <time>2026-09-12T07:40:40Z</time>
        <hdop>9.2</hdop>
        <extensions>
          <osmand:speed>0.2</osmand:speed>
        </extensions>
      </trkpt>
      <trkpt lat="46.4636313" lon="9.6330911">
        <ele>2166.8</ele>
        <time>2026-09-12T07:40:46Z</time>
        <hdop>9.7</hdop>
        <extensions>
          <osmand:speed>0.2</osmand:speed>
        </extensions>
      </trkpt>
      <trkpt lat="46.4636406" lon="9.6330669">
        <ele>2167.8</ele>
        <time>2026-09-12T07:40:57Z</time>
        <hdop>9.7</hdop>
        <extensions>
          <osmand:speed>0.4</osmand:speed>
        </extensions>
      </trkpt>
      <trkpt lat="46.463668" lon="9.6330155">
        <ele>2169.8</ele>
        <time>2026-09-12T07:41:03Z</time>
        <hdop>10.2</hdop>
        <extensions>
          <osmand:speed>0.5</osmand:speed>
        </extensions>
      </trkpt>
      <trkpt lat="46.4636428" lon="9.6329943">
        <ele>2170.8</ele>
        <time>2026-09-12T07:41:09Z</time>
        <hdop>9.7</hdop>
        <extensions>
          <osmand:speed>0.6</osmand:speed>
        </extensions>
      </trkpt>
      <trkpt lat="46.4636218" lon="9.6329504">
        <ele>2169.8</ele>
        <time>2026-09-12T07:41:15Z</time>
        <hdop>10.2</hdop>
        <extensions>
          <osmand:speed>0.7</osmand:speed>
        </extensions>
      </trkpt>
      <trkpt lat="46.4635604" lon="9.632934">
        <ele>2170.8</ele>
        <time>2026-09-12T07:41:21Z</time>
        <hdop>11.2</hdop>
        <extensions>
          <osmand:speed>0.9</osmand:speed>
        </extensions>
      </trkpt>
      <trkpt lat="46.4634982" lon="9.6329093">
        <ele>2170.8</ele>
        <time>2026-09-12T07:41:27Z</time>
        <hdop>10.2</hdop>
        <extensions>
          <osmand:speed>1</osmand:speed>
        </extensions>
      </trkpt>
      <trkpt lat="46.4634447" lon="9.6328917">
        <ele>2171.8</ele>
        <time>2026-09-12T07:41:33Z</time>
        <hdop>10.2</hdop>
        <extensions>
          <osmand:speed>0.6</osmand:speed>
        </extensions>
      </trkpt>
      <trkpt lat="46.4633947" lon="9.6328737">
        <ele>2171.8</ele>
        <time>2026-09-12T07:41:39Z</time>
        <hdop>10.7</hdop>
        <extensions>
          <osmand:speed>0.8</osmand:speed>
        </extensions>
      </trkpt>
      <trkpt lat="46.4633536" lon="9.632853">
        <ele>2172.8</ele>
        <time>2026-09-12T07:41:45Z</time>
        <hdop>9.7</hdop>
        <extensions>
          <osmand:speed>0.8</osmand:speed>
        </extensions>
      </trkpt>
      <trkpt lat="46.4633185" lon="9.632823">
        <ele>2172.8</ele>
        <time>2026-09-12T07:41:51Z</time>
        <hdop>10.7</hdop>
        <extensions>
          <osmand:speed>0.8</osmand:speed>
        </extensions>
      </trkpt>
      <trkpt lat="46.4633261" lon="9.632786">
        <ele>2173.8</ele>
        <time>2026-09-12T07:41:57Z</time>
        <hdop>10.2</hdop>
        <extensions>
          <osmand:speed>1</osmand:speed>
        </extensions>
      </trkpt>
      <trkpt lat="46.463325" lon="9.6327283">
        <ele>2175.8</ele>
        <time>2026-09-12T07:42:03Z</time>
        <hdop>10.7</hdop>
        <extensions>
          <osmand:speed>0.3</osmand:speed>
        </extensions>
      </trkpt>
      <trkpt lat="46.4632906" lon="9.6327202">
        <ele>2175.8</ele>
        <time>2026-09-12T07:42:09Z</time>
        <hdop>10.7</hdop>
        <extensions>
          <osmand:speed>0.7</osmand:speed>
        </extensions>
      </trkpt>
      <trkpt lat="46.4632476" lon="9.6327275">
        <ele>2175.8</ele>
        <time>2026-09-12T07:42:15Z</time>
        <hdop>11.2</hdop>
        <extensions>
          <osmand:speed>0.4</osmand:speed>
        </extensions>
      </trkpt>
      <trkpt lat="46.4632079" lon="9.6327107">
        <ele>2175.8</ele>
        <time>2026-09-12T07:42:21Z</time>
        <hdop>12.2</hdop>
        <extensions>
          <osmand:speed>0.7</osmand:speed>
        </extensions>
      </trkpt>
      <trkpt lat="46.4631746" lon="9.632718">
        <ele>2177.8</ele>
        <time>2026-09-12T07:42:27Z</time>
        <hdop>13.3</hdop>
        <extensions>
          <osmand:speed>1.1</osmand:speed>
        </extensions>
      </trkpt>
      <trkpt lat="46.4631205" lon="9.6327133">
        <ele>2178.8</ele>
        <time>2026-09-12T07:42:33Z</time>
        <hdop>9.2</hdop>
        <extensions>
          <osmand:speed>0.8</osmand:speed>
        </extensions>
      </trkpt>
      <trkpt lat="46.4630941" lon="9.632692">
        <ele>2179.8</ele>
        <time>2026-09-12T07:42:39Z</time>
        <hdop>8.2</hdop>
        <extensions>
          <osmand:speed>1.1</osmand:speed>
        </extensions>
      </trkpt>
      <trkpt lat="46.4630686" lon="9.6326735">
        <ele>2180.8</ele>
        <time>2026-09-12T07:42:45Z</time>
        <hdop>11.2</hdop>
        <extensions>
          <osmand:speed>1</osmand:speed>
        </extensions>
      </trkpt>
      <trkpt lat="46.4630584" lon="9.6326283">
        <ele>2181.8</ele>
        <time>2026-09-12T07:42:51Z</time>
        <hdop>10.7</hdop>
        <extensions>
          <osmand:speed>1</osmand:speed>
        </extensions>
      </trkpt>
      <trkpt lat="46.4630343" lon="9.6325658">
        <ele>2182.8</ele>
        <time>2026-09-12T07:42:57Z</time>
        <hdop>10.7</hdop>
        <extensions>
          <osmand:speed>0.7</osmand:speed>
        </extensions>
      </trkpt>
      <trkpt lat="46.4630228" lon="9.6325161">
        <ele>2183.8</ele>
        <time>2026-09-12T07:43:03Z</time>
        <hdop>9.7</hdop>
        <extensions>
          <osmand:speed>0.6</osmand:speed>
        </extensions>
      </trkpt>
      <trkpt lat="46.4630109" lon="9.6324597">
        <ele>2184.8</ele>
        <time>2026-09-12T07:43:09Z</time>
        <hdop>10.2</hdop>
        <extensions>
          <osmand:speed>0.5</osmand:speed>
        </extensions>
      </trkpt>
      <trkpt lat="46.4629862" lon="9.6324353">
        <ele>2185.8</ele>
        <time>2026-09-12T07:43:15Z</time>
        <hdop>6.6</hdop>
        <extensions>
          <osmand:speed>0.6</osmand:speed>
        </extensions>
      </trkpt>
      <trkpt lat="46.4629562" lon="9.6323783">
        <ele>2185.8</ele>
        <time>2026-09-12T07:43:21Z</time>
        <hdop>10.2</hdop>
        <extensions>
          <osmand:speed>0.9</osmand:speed>
        </extensions>
      </trkpt>
      <trkpt lat="46.4629317" lon="9.6323273">
        <ele>2186.8</ele>
        <time>2026-09-12T07:43:27Z</time>
        <hdop>8.2</hdop>
        <extensions>
          <osmand:speed>0.7</osmand:speed>
        </extensions>
      </trkpt>
      <trkpt lat="46.4629037" lon="9.6322956">
        <ele>2187.8</ele>
        <time>2026-09-12T07:43:33Z</time>
        <hdop>10.2</hdop>
        <extensions>
          <osmand:speed>0.9</osmand:speed>
        </extensions>
      </trkpt>
      <trkpt lat="46.4628698" lon="9.6322573">
        <ele>2188.8</ele>
        <time>2026-09-12T07:43:39Z</time>
        <hdop>10.7</hdop>
        <extensions>
          <osmand:speed>0.6</osmand:speed>
        </extensions>
      </trkpt>
      <trkpt lat="46.4628274" lon="9.6322349">
        <ele>2189.8</ele>
        <time>2026-09-12T07:43:45Z</time>
        <hdop>9.2</hdop>
        <extensions>
          <osmand:speed>0.5</osmand:speed>
        </extensions>
      </trkpt>
      <trkpt lat="46.4627913" lon="9.6322039">
        <ele>2189.8</ele>
        <time>2026-09-12T07:43:51Z</time>
        <hdop>11.2</hdop>
        <extensions>
          <osmand:speed>0.8</osmand:speed>
        </extensions>
      </trkpt>
      <trkpt lat="46.4627629" lon="9.6321874">
        <ele>2189.8</ele>
        <time>2026-09-12T07:43:57Z</time>
        <hdop>10.7</hdop>
        <extensions>
          <osmand:speed>0.6</osmand:speed>
        </extensions>
      </trkpt>
      <trkpt lat="46.4627351" lon="9.6321882">
        <ele>2190.8</ele>
        <time>2026-09-12T07:44:03Z</time>
        <hdop>12.2</hdop>
        <extensions>
          <osmand:speed>0.6</osmand:speed>
        </extensions>
      </trkpt>
      <trkpt lat="46.4626901" lon="9.6321805">
        <ele>2191.8</ele>
        <time>2026-09-12T07:44:09Z</time>
        <hdop>11.7</hdop>
        <extensions>
          <osmand:speed>0.3</osmand:speed>
        </extensions>
      </trkpt>
      <trkpt lat="46.4626694" lon="9.6321768">
        <ele>2191.8</ele>
        <time>2026-09-12T07:44:15Z</time>
        <hdop>7.7</hdop>
        <extensions>
          <osmand:speed>1</osmand:speed>
        </extensions>
      </trkpt>
      <trkpt lat="46.4626465" lon="9.6321655">
        <ele>2193.8</ele>
        <time>2026-09-12T07:44:21Z</time>
        <hdop>11.7</hdop>
        <extensions>
          <osmand:speed>0.6</osmand:speed>
        </extensions>
      </trkpt>
      <trkpt lat="46.4626083" lon="9.6322043">
        <ele>2194.8</ele>
        <time>2026-09-12T07:44:27Z</time>
        <hdop>12.2</hdop>
        <extensions>
          <osmand:speed>0.7</osmand:speed>
        </extensions>
      </trkpt>
      <trkpt lat="46.4625828" lon="9.6321981">
        <ele>2196.8</ele>
        <time>2026-09-12T07:44:33Z</time>
        <hdop>9.7</hdop>
        <extensions>
          <osmand:speed>0.3</osmand:speed>
        </extensions>
      </trkpt>
      <trkpt lat="46.4625499" lon="9.6322127">
        <ele>2198.8</ele>
        <time>2026-09-12T07:44:39Z</time>
        <hdop>10.2</hdop>
        <extensions>
          <osmand:speed>0.5</osmand:speed>
        </extensions>
      </trkpt>
      <trkpt lat="46.4625205" lon="9.6322153">
        <ele>2198.8</ele>
        <time>2026-09-12T07:44:45Z</time>
        <hdop>11.2</hdop>
        <extensions>
          <osmand:speed>0.5</osmand:speed>
        </extensions>
      </trkpt>
      <trkpt lat="46.4624935" lon="9.6322021">
        <ele>2198.8</ele>
        <time>2026-09-12T07:44:51Z</time>
        <hdop>9.7</hdop>
        <extensions>
          <osmand:speed>0.5</osmand:speed>
        </extensions>
      </trkpt>
      <trkpt lat="46.4624703" lon="9.6321921">
        <ele>2199.8</ele>
        <time>2026-09-12T07:44:57Z</time>
        <hdop>8.2</hdop>
        <extensions>
          <osmand:speed>0.9</osmand:speed>
        </extensions>
      </trkpt>
      <trkpt lat="46.4624449" lon="9.6322152">
        <ele>2200.8</ele>
        <time>2026-09-12T07:45:03Z</time>
        <hdop>10.7</hdop>
        <extensions>
          <osmand:speed>0.2</osmand:speed>
        </extensions>
      </trkpt>
      <trkpt lat="46.4624191" lon="9.6322566">
        <ele>2201.8</ele>
        <time>2026-09-12T07:45:09Z</time>
        <hdop>10.2</hdop>
        <extensions>
          <osmand:speed>0.6</osmand:speed>
        </extensions>
      </trkpt>
      <trkpt lat="46.4623997" lon="9.6322583">
        <ele>2201.8</ele>
        <time>2026-09-12T07:45:15Z</time>
        <hdop>11.2</hdop>
        <extensions>
          <osmand:speed>0.5</osmand:speed>
        </extensions>
      </trkpt>
      <trkpt lat="46.4624161" lon="9.6322452">
        <ele>2204.8</ele>
        <time>2026-09-12T07:45:31Z</time>
        <hdop>10.7</hdop>
        <extensions>
          <osmand:speed>0.8</osmand:speed>
        </extensions>
      </trkpt>
      <trkpt lat="46.4624323" lon="9.632215">
        <ele>2206.8</ele>
        <time>2026-09-12T07:45:37Z</time>
        <hdop>8.2</hdop>
        <extensions>
          <osmand:speed>0.7</osmand:speed>
        </extensions>
      </trkpt>
      <trkpt lat="46.4624384" lon="9.632189">
        <ele>2206.8</ele>
        <time>2026-09-12T07:45:43Z</time>
        <hdop>8.7</hdop>
        <extensions>
          <osmand:speed>0.3</osmand:speed>
        </extensions>
      </trkpt>
      <trkpt lat="46.4624447" lon="9.6321418">
        <ele>2206.8</ele>
        <time>2026-09-12T07:45:49Z</time>
        <hdop>8.2</hdop>
        <extensions>
          <osmand:speed>0.9</osmand:speed>
        </extensions>
      </trkpt>
      <trkpt lat="46.4624424" lon="9.6320959">
        <ele>2207.8</ele>
        <time>2026-09-12T07:45:55Z</time>
        <hdop>8.7</hdop>
        <extensions>
          <osmand:speed>0.4</osmand:speed>
        </extensions>
      </trkpt>
      <trkpt lat="46.4623999" lon="9.6320639">
        <ele>2208.8</ele>
        <time>2026-09-12T07:46:01Z</time>
        <hdop>10.7</hdop>
        <extensions>
          <osmand:speed>0.4</osmand:speed>
        </extensions>
      </trkpt>
      <trkpt lat="46.4623785" lon="9.6320508">
        <ele>2209.8</ele>
        <time>2026-09-12T07:46:07Z</time>
        <hdop>7.7</hdop>
        <extensions>
          <osmand:speed>0.3</osmand:speed>
        </extensions>
      </trkpt>
      <trkpt lat="46.4623516" lon="9.6321024">
        <ele>2210.8</ele>
        <time>2026-09-12T07:46:13Z</time>
        <hdop>9.2</hdop>
        <extensions>
          <osmand:speed>0.3</osmand:speed>
        </extensions>
      </trkpt>
      <trkpt lat="46.4623369" lon="9.6321178">
        <ele>2212.8</ele>
        <time>2026-09-12T07:47:44Z</time>
        <hdop>7.1</hdop>
      </trkpt>
      <trkpt lat="46.4623461" lon="9.6321417">
        <ele>2214.8</ele>
        <time>2026-09-12T07:49:58Z</time>
        <hdop>5.6</hdop>
        <extensions>
          <osmand:speed>0.1</osmand:speed>
        </extensions>
      </trkpt>
      <trkpt lat="46.46233" lon="9.6321291">
        <ele>2216.8</ele>
        <time>2026-09-12T07:50:34Z</time>
        <hdop>11.7</hdop>
        <extensions>
          <osmand:speed>0.2</osmand:speed>
        </extensions>
      </trkpt>
      <trkpt lat="46.462363" lon="9.6321265">
        <ele>2217.8</ele>
        <time>2026-09-12T07:50:40Z</time>
        <hdop>10.7</hdop>
      </trkpt>
      <trkpt lat="46.4623502" lon="9.6320973">
        <ele>2217.8</ele>
        <time>2026-09-12T07:50:50Z</time>
        <hdop>11.7</hdop>
        <extensions>
          <osmand:speed>1</osmand:speed>
        </extensions>
      </trkpt>
      <trkpt lat="46.4623324" lon="9.6320421">
        <ele>2218.8</ele>
        <time>2026-09-12T07:50:56Z</time>
        <hdop>8.2</hdop>
        <extensions>
          <osmand:speed>0.9</osmand:speed>
        </extensions>
      </trkpt>
      <trkpt lat="46.4623355" lon="9.6320028">
        <ele>2219.8</ele>
        <time>2026-09-12T07:51:02Z</time>
        <hdop>11.2</hdop>
        <extensions>
          <osmand:speed>0.8</osmand:speed>
        </extensions>
      </trkpt>
      <trkpt lat="46.4623517" lon="9.6319861">
        <ele>2219.8</ele>
        <time>2026-09-12T07:51:11Z</time>
        <hdop>12.2</hdop>
        <extensions>
          <osmand:speed>0.8</osmand:speed>
        </extensions>
      </trkpt>
      <trkpt lat="46.462336" lon="9.6319412">
        <ele>2219.8</ele>
        <time>2026-09-12T07:51:17Z</time>
        <hdop>10.2</hdop>
        <extensions>
          <osmand:speed>0.4</osmand:speed>
        </extensions>
      </trkpt>
      <trkpt lat="46.4623234" lon="9.6318948">
        <ele>2220.8</ele>
        <time>2026-09-12T07:51:23Z</time>
        <hdop>9.2</hdop>
        <extensions>
          <osmand:speed>0.6</osmand:speed>
        </extensions>
      </trkpt>
      <trkpt lat="46.4623124" lon="9.6318509">
        <ele>2221.8</ele>
        <time>2026-09-12T07:51:29Z</time>
        <hdop>6.6</hdop>
        <extensions>
          <osmand:speed>0.8</osmand:speed>
        </extensions>
      </trkpt>
      <trkpt lat="46.4622838" lon="9.6318174">
        <ele>2222.8</ele>
        <time>2026-09-12T07:51:35Z</time>
        <hdop>7.1</hdop>
        <extensions>
          <osmand:speed>0.7</osmand:speed>
        </extensions>
      </trkpt>
      <trkpt lat="46.4622668" lon="9.6317658">
        <ele>2221.8</ele>
        <time>2026-09-12T07:51:41Z</time>
        <hdop>10.2</hdop>
        <extensions>
          <osmand:speed>0.3</osmand:speed>
        </extensions>
      </trkpt>
      <trkpt lat="46.4622387" lon="9.6317281">
        <ele>2220.8</ele>
        <time>2026-09-12T07:51:47Z</time>
        <hdop>10.7</hdop>
        <extensions>
          <osmand:speed>0.8</osmand:speed>
        </extensions>
      </trkpt>
      <trkpt lat="46.4622287" lon="9.6317028">
        <ele>2220.8</ele>
        <time>2026-09-12T07:51:53Z</time>
        <hdop>11.7</hdop>
        <extensions>
          <osmand:speed>0.7</osmand:speed>
        </extensions>
      </trkpt>
      <trkpt lat="46.4622205" lon="9.6316724">
        <ele>2221.8</ele>
        <time>2026-09-12T07:51:59Z</time>
        <hdop>11.2</hdop>
        <extensions>
          <osmand:speed>0.5</osmand:speed>
        </extensions>
      </trkpt>
      <trkpt lat="46.4621937" lon="9.6316483">
        <ele>2221.8</ele>
        <time>2026-09-12T07:52:05Z</time>
        <hdop>11.7</hdop>
        <extensions>
          <osmand:speed>0.4</osmand:speed>
        </extensions>
      </trkpt>
      <trkpt lat="46.462193" lon="9.63162">
        <ele>2222.8</ele>
        <time>2026-09-12T07:52:12Z</time>
        <hdop>11.2</hdop>
        <extensions>
          <osmand:speed>0.5</osmand:speed>
        </extensions>
      </trkpt>
      <trkpt lat="46.4622124" lon="9.6315917">
        <ele>2222.8</ele>
        <time>2026-09-12T07:52:18Z</time>
        <hdop>11.2</hdop>
        <extensions>
          <osmand:speed>0.4</osmand:speed>
        </extensions>
      </trkpt>
      <trkpt lat="46.4621761" lon="9.6315465">
        <ele>2223.8</ele>
        <time>2026-09-12T07:52:24Z</time>
        <hdop>9.7</hdop>
        <extensions>
          <osmand:speed>0.5</osmand:speed>
        </extensions>
      </trkpt>
      <trkpt lat="46.4621469" lon="9.6315112">
        <ele>2224.8</ele>
        <time>2026-09-12T07:52:30Z</time>
        <hdop>10.7</hdop>
        <extensions>
          <osmand:speed>0.5</osmand:speed>
        </extensions>
      </trkpt>
      <trkpt lat="46.4621129" lon="9.6314938">
        <ele>2224.8</ele>
        <time>2026-09-12T07:52:36Z</time>
        <hdop>10.7</hdop>
        <extensions>
          <osmand:speed>0.5</osmand:speed>
        </extensions>
      </trkpt>
      <trkpt lat="46.4620965" lon="9.6314418">
        <ele>2224.8</ele>
        <time>2026-09-12T07:52:42Z</time>
        <hdop>11.2</hdop>
        <extensions>
          <osmand:speed>0.3</osmand:speed>
        </extensions>
      </trkpt>
      <trkpt lat="46.4620618" lon="9.6314219">
        <ele>2224.8</ele>
        <time>2026-09-12T07:52:48Z</time>
        <hdop>11.7</hdop>
        <extensions>
          <osmand:speed>0.9</osmand:speed>
        </extensions>
      </trkpt>
      <trkpt lat="46.4620371" lon="9.6314079">
        <ele>2225.8</ele>
        <time>2026-09-12T07:52:54Z</time>
        <hdop>8.2</hdop>
        <extensions>
          <osmand:speed>0.7</osmand:speed>
        </extensions>
      </trkpt>
      <trkpt lat="46.4620203" lon="9.631393">
        <ele>2227.8</ele>
        <time>2026-09-12T07:53:01Z</time>
        <hdop>11.2</hdop>
        <extensions>
          <osmand:speed>0.4</osmand:speed>
        </extensions>
      </trkpt>
      <trkpt lat="46.461991" lon="9.6313818">
        <ele>2228.8</ele>
        <time>2026-09-12T07:53:07Z</time>
        <hdop>10.2</hdop>
        <extensions>
          <osmand:speed>0.6</osmand:speed>
        </extensions>
      </trkpt>
      <trkpt lat="46.4619875" lon="9.6313448">
        <ele>2230.8</ele>
        <time>2026-09-12T07:53:14Z</time>
        <hdop>9.7</hdop>
        <extensions>
          <osmand:speed>0.3</osmand:speed>
        </extensions>
      </trkpt>
      <trkpt lat="46.4619736" lon="9.6313243">
        <ele>2232.8</ele>
        <time>2026-09-12T07:53:20Z</time>
        <hdop>9.7</hdop>
        <extensions>
          <osmand:speed>0.5</osmand:speed>
        </extensions>
      </trkpt>
      <trkpt lat="46.4619611" lon="9.6312995">
        <ele>2232.8</ele>
        <time>2026-09-12T07:53:26Z</time>
        <hdop>9.2</hdop>
        <extensions>
          <osmand:speed>0.8</osmand:speed>
        </extensions>
      </trkpt>
      <trkpt lat="46.4619596" lon="9.6312668">
        <ele>2233.8</ele>
        <time>2026-09-12T07:53:34Z</time>
        <hdop>12.8</hdop>
        <extensions>
          <osmand:speed>1</osmand:speed>
        </extensions>
      </trkpt>
      <trkpt lat="46.4619721" lon="9.631247">
        <ele>2234.8</ele>
        <time>2026-09-12T07:53:40Z</time>
        <hdop>8.2</hdop>
        <extensions>
          <osmand:speed>0.4</osmand:speed>
        </extensions>
      </trkpt>
      <trkpt lat="46.4619711" lon="9.6312162">
        <ele>2235.8</ele>
        <time>2026-09-12T07:53:47Z</time>
        <hdop>9.2</hdop>
        <extensions>
          <osmand:speed>0.4</osmand:speed>
        </extensions>
      </trkpt>
      <trkpt lat="46.4619822" lon="9.6311949">
        <ele>2238.8</ele>
        <time>2026-09-12T07:53:56Z</time>
        <hdop>8.7</hdop>
        <extensions>
          <osmand:speed>0.5</osmand:speed>
        </extensions>
      </trkpt>
      <trkpt lat="46.461988" lon="9.6311394">
        <ele>2239.8</ele>
        <time>2026-09-12T07:54:02Z</time>
        <hdop>9.2</hdop>
        <extensions>
          <osmand:speed>0.8</osmand:speed>
        </extensions>
      </trkpt>
      <trkpt lat="46.4620013" lon="9.6311077">
        <ele>2239.8</ele>
        <time>2026-09-12T07:54:08Z</time>
        <hdop>8.7</hdop>
        <extensions>
          <osmand:speed>0.6</osmand:speed>
        </extensions>
      </trkpt>
      <trkpt lat="46.4619426" lon="9.6311079">
        <ele>2241.8</ele>
        <time>2026-09-12T07:54:14Z</time>
        <hdop>9.2</hdop>
        <extensions>
          <osmand:speed>0.7</osmand:speed>
        </extensions>
      </trkpt>
      <trkpt lat="46.461902" lon="9.6311091">
        <ele>2242.8</ele>
        <time>2026-09-12T07:54:20Z</time>
        <hdop>10.2</hdop>
        <extensions>
          <osmand:speed>0.8</osmand:speed>
        </extensions>
      </trkpt>
      <trkpt lat="46.4618645" lon="9.631082">
        <ele>2242.8</ele>
        <time>2026-09-12T07:54:26Z</time>
        <hdop>11.2</hdop>
        <extensions>
          <osmand:speed>0.7</osmand:speed>
        </extensions>
      </trkpt>
      <trkpt lat="46.4618426" lon="9.6310641">
        <ele>2244.8</ele>
        <time>2026-09-12T07:54:32Z</time>
        <hdop>9.7</hdop>
        <extensions>
          <osmand:speed>0.9</osmand:speed>
        </extensions>
      </trkpt>
      <trkpt lat="46.4618316" lon="9.6310294">
        <ele>2243.8</ele>
        <time>2026-09-12T07:54:38Z</time>
        <hdop>7.7</hdop>
        <extensions>
          <osmand:speed>0.5</osmand:speed>
        </extensions>
      </trkpt>
      <trkpt lat="46.461847" lon="9.6310015">
        <ele>2244.8</ele>
        <time>2026-09-12T07:54:44Z</time>
        <hdop>7.1</hdop>
        <extensions>
          <osmand:speed>0.6</osmand:speed>
        </extensions>
      </trkpt>
      <trkpt lat="46.4618643" lon="9.6309778">
        <ele>2245.8</ele>
        <time>2026-09-12T07:54:50Z</time>
        <hdop>6.6</hdop>
      </trkpt>
      <trkpt lat="46.4618739" lon="9.6309518">
        <ele>2247.8</ele>
        <time>2026-09-12T07:54:56Z</time>
        <hdop>9.7</hdop>
        <extensions>
          <osmand:speed>0.7</osmand:speed>
        </extensions>
      </trkpt>
      <trkpt lat="46.4618654" lon="9.6308878">
        <ele>2249.8</ele>
        <time>2026-09-12T07:55:02Z</time>
        <hdop>9.2</hdop>
        <extensions>
          <osmand:speed>0.5</osmand:speed>
        </extensions>
      </trkpt>
      <trkpt lat="46.4618587" lon="9.6308576">
        <ele>2250.8</ele>
        <time>2026-09-12T07:55:08Z</time>
        <hdop>10.7</hdop>
        <extensions>
          <osmand:speed>0.6</osmand:speed>
        </extensions>
      </trkpt>
      <trkpt lat="46.4618188" lon="9.6308466">
        <ele>2251.8</ele>
        <time>2026-09-12T07:55:14Z</time>
        <hdop>7.7</hdop>
        <extensions>
          <osmand:speed>0.8</osmand:speed>
        </extensions>
      </trkpt>
      <trkpt lat="46.4617983" lon="9.6308284">
        <ele>2252.8</ele>
        <time>2026-09-12T07:55:20Z</time>
        <hdop>10.2</hdop>
        <extensions>
          <osmand:speed>0.8</osmand:speed>
        </extensions>
      </trkpt>
      <trkpt lat="46.4617701" lon="9.6307772">
        <ele>2252.8</ele>
        <time>2026-09-12T07:55:26Z</time>
        <hdop>10.2</hdop>
        <extensions>
          <osmand:speed>0.4</osmand:speed>
        </extensions>
      </trkpt>
      <trkpt lat="46.4617742" lon="9.6307508">
        <ele>2252.8</ele>
        <time>2026-09-12T07:55:32Z</time>
        <hdop>9.2</hdop>
        <extensions>
          <osmand:speed>1.1</osmand:speed>
        </extensions>
      </trkpt>
      <trkpt lat="46.4617625" lon="9.630728">
        <ele>2253.8</ele>
        <time>2026-09-12T07:55:39Z</time>
        <hdop>10.2</hdop>
        <extensions>
          <osmand:speed>0.6</osmand:speed>
        </extensions>
      </trkpt>
      <trkpt lat="46.4617308" lon="9.6307152">
        <ele>2253.8</ele>
        <time>2026-09-12T07:55:45Z</time>
        <hdop>11.2</hdop>
        <extensions>
          <osmand:speed>0.8</osmand:speed>
        </extensions>
      </trkpt>
      <trkpt lat="46.4617128" lon="9.6306657">
        <ele>2253.8</ele>
        <time>2026-09-12T07:55:51Z</time>
        <hdop>8.7</hdop>
        <extensions>
          <osmand:speed>0.4</osmand:speed>
        </extensions>
      </trkpt>
      <trkpt lat="46.4616812" lon="9.6306217">
        <ele>2253.8</ele>
        <time>2026-09-12T07:55:57Z</time>
        <hdop>9.2</hdop>
        <extensions>
          <osmand:speed>0.5</osmand:speed>
        </extensions>
      </trkpt>
      <trkpt lat="46.4616674" lon="9.6305858">
        <ele>2254.8</ele>
        <time>2026-09-12T07:56:03Z</time>
        <hdop>10.2</hdop>
        <extensions>
          <osmand:speed>0.4</osmand:speed>
        </extensions>
      </trkpt>
      <trkpt lat="46.4616734" lon="9.6305532">
        <ele>2255.8</ele>
        <time>2026-09-12T07:56:11Z</time>
        <hdop>10.2</hdop>
        <extensions>
          <osmand:speed>0.8</osmand:speed>
        </extensions>
      </trkpt>
      <trkpt lat="46.4616922" lon="9.6305455">
        <ele>2256.8</ele>
        <time>2026-09-12T07:56:17Z</time>
        <hdop>11.7</hdop>
        <extensions>
          <osmand:speed>0.3</osmand:speed>
        </extensions>
      </trkpt>
      <trkpt lat="46.4617009" lon="9.6305111">
        <ele>2256.8</ele>
        <time>2026-09-12T07:56:23Z</time>
        <hdop>8.2</hdop>
        <extensions>
          <osmand:speed>0.3</osmand:speed>
        </extensions>
      </trkpt>
      <trkpt lat="46.4616777" lon="9.6304545">
        <ele>2258.8</ele>
        <time>2026-09-12T07:56:29Z</time>
        <hdop>9.7</hdop>
        <extensions>
          <osmand:speed>0.5</osmand:speed>
        </extensions>
      </trkpt>
      <trkpt lat="46.4616497" lon="9.6304278">
        <ele>2258.8</ele>
        <time>2026-09-12T07:56:35Z</time>
        <hdop>9.7</hdop>
        <extensions>
          <osmand:speed>0.7</osmand:speed>
        </extensions>
      </trkpt>
      <trkpt lat="46.4616292" lon="9.6303951">
        <ele>2259.8</ele>
        <time>2026-09-12T07:56:41Z</time>
        <hdop>11.7</hdop>
        <extensions>
          <osmand:speed>0.4</osmand:speed>
        </extensions>
      </trkpt>
      <trkpt lat="46.4616099" lon="9.6303409">
        <ele>2259.8</ele>
        <time>2026-09-12T07:56:47Z</time>
        <hdop>8.7</hdop>
        <extensions>
          <osmand:speed>0.9</osmand:speed>
        </extensions>
      </trkpt>
      <trkpt lat="46.4615716" lon="9.6302862">
        <ele>2260.8</ele>
        <time>2026-09-12T07:56:53Z</time>
        <hdop>12.2</hdop>
        <extensions>
          <osmand:speed>0.9</osmand:speed>
        </extensions>
      </trkpt>
      <trkpt lat="46.4615437" lon="9.6302467">
        <ele>2261.8</ele>
        <time>2026-09-12T07:56:59Z</time>
        <hdop>12.2</hdop>
        <extensions>
          <osmand:speed>0.7</osmand:speed>
        </extensions>
      </trkpt>
      <trkpt lat="46.4615047" lon="9.6302167">
        <ele>2262.8</ele>
        <time>2026-09-12T07:57:05Z</time>
        <hdop>12.8</hdop>
        <extensions>
          <osmand:speed>0.2</osmand:speed>
        </extensions>
      </trkpt>
      <trkpt lat="46.4615229" lon="9.6302162">
        <ele>2266.8</ele>
        <time>2026-09-12T07:57:14Z</time>
        <hdop>10.2</hdop>
        <extensions>
          <osmand:speed>0.5</osmand:speed>
        </extensions>
      </trkpt>
      <trkpt lat="46.4615143" lon="9.6301847">
        <ele>2267.8</ele>
        <time>2026-09-12T07:57:20Z</time>
        <hdop>12.2</hdop>
        <extensions>
          <osmand:speed>0.6</osmand:speed>
        </extensions>
      </trkpt>
      <trkpt lat="46.4615166" lon="9.6301309">
        <ele>2268.8</ele>
        <time>2026-09-12T07:57:26Z</time>
        <hdop>9.7</hdop>
        <extensions>
          <osmand:speed>1</osmand:speed>
        </extensions>
      </trkpt>
      <trkpt lat="46.4615081" lon="9.6300926">
        <ele>2269.8</ele>
        <time>2026-09-12T07:57:32Z</time>
        <hdop>10.2</hdop>
        <extensions>
          <osmand:speed>0.2</osmand:speed>
        </extensions>
      </trkpt>
      <trkpt lat="46.46149" lon="9.6300842">
        <ele>2270.8</ele>
        <time>2026-09-12T07:58:13Z</time>
        <hdop>7.7</hdop>
        <extensions>
          <osmand:speed>0.6</osmand:speed>
        </extensions>
      </trkpt>
      <trkpt lat="46.4614501" lon="9.6300479">
        <ele>2271.8</ele>
        <time>2026-09-12T07:58:19Z</time>
        <hdop>7.7</hdop>
        <extensions>
          <osmand:speed>0.7</osmand:speed>
        </extensions>
      </trkpt>
      <trkpt lat="46.4614483" lon="9.6299888">
        <ele>2271.8</ele>
        <time>2026-09-12T07:58:25Z</time>
        <hdop>9.7</hdop>
        <extensions>
          <osmand:speed>0.7</osmand:speed>
        </extensions>
      </trkpt>
      <trkpt lat="46.4614374" lon="9.6299356">
        <ele>2273.8</ele>
        <time>2026-09-12T07:58:31Z</time>
        <hdop>10.2</hdop>
        <extensions>
          <osmand:speed>0.7</osmand:speed>
        </extensions>
      </trkpt>
      <trkpt lat="46.4614175" lon="9.6298916">
        <ele>2273.8</ele>
        <time>2026-09-12T07:58:37Z</time>
        <hdop>10.2</hdop>
        <extensions>
          <osmand:speed>0.4</osmand:speed>
        </extensions>
      </trkpt>
      <trkpt lat="46.4614009" lon="9.6298382">
        <ele>2273.8</ele>
        <time>2026-09-12T07:58:43Z</time>
        <hdop>9.2</hdop>
        <extensions>
          <osmand:speed>0.8</osmand:speed>
        </extensions>
      </trkpt>
      <trkpt lat="46.4613852" lon="9.6298092">
        <ele>2273.8</ele>
        <time>2026-09-12T07:58:49Z</time>
        <hdop>10.2</hdop>
        <extensions>
          <osmand:speed>0.8</osmand:speed>
        </extensions>
      </trkpt>
      <trkpt lat="46.4613746" lon="9.6297722">
        <ele>2273.8</ele>
        <time>2026-09-12T07:58:55Z</time>
        <hdop>10.2</hdop>
        <extensions>
          <osmand:speed>0.6</osmand:speed>
        </extensions>
      </trkpt>
      <trkpt lat="46.4613725" lon="9.6297406">
        <ele>2275.8</ele>
        <time>2026-09-12T07:59:01Z</time>
        <hdop>8.2</hdop>
        <extensions>
          <osmand:speed>0.7</osmand:speed>
        </extensions>
      </trkpt>
      <trkpt lat="46.4613743" lon="9.6296984">
        <ele>2276.8</ele>
        <time>2026-09-12T07:59:07Z</time>
        <hdop>9.2</hdop>
        <extensions>
          <osmand:speed>0.6</osmand:speed>
        </extensions>
      </trkpt>
      <trkpt lat="46.4613378" lon="9.6296607">
        <ele>2276.8</ele>
        <time>2026-09-12T07:59:13Z</time>
        <hdop>9.2</hdop>
        <extensions>
          <osmand:speed>0.6</osmand:speed>
        </extensions>
      </trkpt>
      <trkpt lat="46.4613044" lon="9.6296247">
        <ele>2277.8</ele>
        <time>2026-09-12T07:59:19Z</time>
        <hdop>9.7</hdop>
        <extensions>
          <osmand:speed>0.6</osmand:speed>
        </extensions>
      </trkpt>
      <trkpt lat="46.4612885" lon="9.6295837">
        <ele>2277.8</ele>
        <time>2026-09-12T07:59:25Z</time>
        <hdop>11.2</hdop>
        <extensions>
          <osmand:speed>0.6</osmand:speed>
        </extensions>
      </trkpt>
      <trkpt lat="46.4612958" lon="9.6295434">
        <ele>2278.8</ele>
        <time>2026-09-12T07:59:31Z</time>
        <hdop>8.7</hdop>
        <extensions>
          <osmand:speed>0.4</osmand:speed>
        </extensions>
      </trkpt>
      <trkpt lat="46.4612886" lon="9.6295148">
        <ele>2279.8</ele>
        <time>2026-09-12T07:59:39Z</time>
        <hdop>10.7</hdop>
        <extensions>
          <osmand:speed>0.2</osmand:speed>
        </extensions>
      </trkpt>
      <trkpt lat="46.4612778" lon="9.6294696">
        <ele>2281.8</ele>
        <time>2026-09-12T07:59:45Z</time>
        <hdop>10.2</hdop>
        <extensions>
          <osmand:speed>0.7</osmand:speed>
        </extensions>
      </trkpt>
      <trkpt lat="46.4612708" lon="9.6294239">
        <ele>2282.8</ele>
        <time>2026-09-12T07:59:51Z</time>
        <hdop>8.7</hdop>
        <extensions>
          <osmand:speed>0.6</osmand:speed>
        </extensions>
      </trkpt>
      <trkpt lat="46.4612625" lon="9.6293755">
        <ele>2283.8</ele>
        <time>2026-09-12T07:59:57Z</time>
        <hdop>12.2</hdop>
        <extensions>
          <osmand:speed>0.5</osmand:speed>
        </extensions>
      </trkpt>
      <trkpt lat="46.4612589" lon="9.6293449">
        <ele>2284.8</ele>
        <time>2026-09-12T08:00:03Z</time>
        <hdop>11.7</hdop>
        <extensions>
          <osmand:speed>0.7</osmand:speed>
        </extensions>
      </trkpt>
      <trkpt lat="46.4612506" lon="9.6292803">
        <ele>2285.8</ele>
        <time>2026-09-12T08:00:09Z</time>
        <hdop>8.7</hdop>
        <extensions>
          <osmand:speed>0.5</osmand:speed>
        </extensions>
      </trkpt>
      <trkpt lat="46.4612342" lon="9.6292522">
        <ele>2286.8</ele>
        <time>2026-09-12T08:00:15Z</time>
        <hdop>11.7</hdop>
        <extensions>
          <osmand:speed>0.4</osmand:speed>
        </extensions>
      </trkpt>
      <trkpt lat="46.4612305" lon="9.6292116">
        <ele>2286.8</ele>
        <time>2026-09-12T08:00:21Z</time>
        <hdop>10.7</hdop>
        <extensions>
          <osmand:speed>0.8</osmand:speed>
        </extensions>
      </trkpt>
      <trkpt lat="46.4612249" lon="9.6291747">
        <ele>2287.8</ele>
        <time>2026-09-12T08:00:27Z</time>
        <hdop>7.7</hdop>
        <extensions>
          <osmand:speed>0.5</osmand:speed>
        </extensions>
      </trkpt>
      <trkpt lat="46.4612128" lon="9.6291465">
        <ele>2288.8</ele>
        <time>2026-09-12T08:00:33Z</time>
        <hdop>9.2</hdop>
        <extensions>
          <osmand:speed>0.4</osmand:speed>
        </extensions>
      </trkpt>
      <trkpt lat="46.4611933" lon="9.6291309">
        <ele>2288.8</ele>
        <time>2026-09-12T08:00:39Z</time>
        <hdop>9.7</hdop>
        <extensions>
          <osmand:speed>0.4</osmand:speed>
        </extensions>
      </trkpt>
      <trkpt lat="46.4611868" lon="9.6290943">
        <ele>2289.8</ele>
        <time>2026-09-12T08:00:45Z</time>
        <hdop>11.2</hdop>
        <extensions>
          <osmand:speed>0.6</osmand:speed>
        </extensions>
      </trkpt>
      <trkpt lat="46.4611912" lon="9.6290566">
        <ele>2289.8</ele>
        <time>2026-09-12T08:00:51Z</time>
        <hdop>8.7</hdop>
        <extensions>
          <osmand:speed>0.7</osmand:speed>
        </extensions>
      </trkpt>
      <trkpt lat="46.4611773" lon="9.6290171">
        <ele>2291.8</ele>
        <time>2026-09-12T08:00:57Z</time>
        <hdop>11.7</hdop>
        <extensions>
          <osmand:speed>0.5</osmand:speed>
        </extensions>
      </trkpt>
      <trkpt lat="46.4611652" lon="9.6289922">
        <ele>2292.8</ele>
        <time>2026-09-12T08:01:04Z</time>
        <hdop>10.7</hdop>
        <extensions>
          <osmand:speed>0.6</osmand:speed>
        </extensions>
      </trkpt>
      <trkpt lat="46.4611464" lon="9.6289667">
        <ele>2292.8</ele>
        <time>2026-09-12T08:01:10Z</time>
        <hdop>10.7</hdop>
        <extensions>
          <osmand:speed>0.6</osmand:speed>
        </extensions>
      </trkpt>
      <trkpt lat="46.4611447" lon="9.6289152">
        <ele>2293.8</ele>
        <time>2026-09-12T08:01:16Z</time>
        <hdop>11.7</hdop>
        <extensions>
          <osmand:speed>0.8</osmand:speed>
        </extensions>
      </trkpt>
      <trkpt lat="46.4611409" lon="9.6288633">
        <ele>2293.8</ele>
        <time>2026-09-12T08:01:22Z</time>
        <hdop>12.8</hdop>
        <extensions>
          <osmand:speed>0.4</osmand:speed>
        </extensions>
      </trkpt>
      <trkpt lat="46.461111" lon="9.6288208">
        <ele>2294.8</ele>
        <time>2026-09-12T08:01:28Z</time>
        <hdop>12.2</hdop>
        <extensions>
          <osmand:speed>0.8</osmand:speed>
        </extensions>
      </trkpt>
      <trkpt lat="46.4611236" lon="9.628785">
        <ele>2294.8</ele>
        <time>2026-09-12T08:01:34Z</time>
        <hdop>11.2</hdop>
        <extensions>
          <osmand:speed>0.3</osmand:speed>
        </extensions>
      </trkpt>
      <trkpt lat="46.4611018" lon="9.6287198">
        <ele>2296.8</ele>
        <time>2026-09-12T08:01:40Z</time>
        <hdop>10.7</hdop>
        <extensions>
          <osmand:speed>0.7</osmand:speed>
        </extensions>
      </trkpt>
      <trkpt lat="46.4611038" lon="9.6286607">
        <ele>2297.8</ele>
        <time>2026-09-12T08:01:46Z</time>
        <hdop>8.7</hdop>
        <extensions>
          <osmand:speed>0.7</osmand:speed>
        </extensions>
      </trkpt>
      <trkpt lat="46.4610947" lon="9.6286">
        <ele>2298.8</ele>
        <time>2026-09-12T08:01:52Z</time>
        <hdop>11.2</hdop>
        <extensions>
          <osmand:speed>0.6</osmand:speed>
        </extensions>
      </trkpt>
      <trkpt lat="46.4610709" lon="9.6285497">
        <ele>2297.8</ele>
        <time>2026-09-12T08:01:58Z</time>
        <hdop>11.2</hdop>
        <extensions>
          <osmand:speed>0.5</osmand:speed>
        </extensions>
      </trkpt>
      <trkpt lat="46.4610643" lon="9.628516">
        <ele>2299.8</ele>
        <time>2026-09-12T08:02:04Z</time>
        <hdop>11.7</hdop>
        <extensions>
          <osmand:speed>0.8</osmand:speed>
        </extensions>
      </trkpt>
      <trkpt lat="46.4610615" lon="9.6284395">
        <ele>2300.8</ele>
        <time>2026-09-12T08:02:10Z</time>
        <hdop>11.2</hdop>
        <extensions>
          <osmand:speed>1.1</osmand:speed>
        </extensions>
      </trkpt>
      <trkpt lat="46.461031" lon="9.6283912">
        <ele>2301.8</ele>
        <time>2026-09-12T08:02:16Z</time>
        <hdop>10.7</hdop>
        <extensions>
          <osmand:speed>0.8</osmand:speed>
        </extensions>
      </trkpt>
      <trkpt lat="46.4610039" lon="9.6283545">
        <ele>2302.8</ele>
        <time>2026-09-12T08:02:22Z</time>
        <hdop>11.2</hdop>
        <extensions>
          <osmand:speed>0.9</osmand:speed>
        </extensions>
      </trkpt>
      <trkpt lat="46.4609953" lon="9.6282951">
        <ele>2302.8</ele>
        <time>2026-09-12T08:02:28Z</time>
        <hdop>11.2</hdop>
        <extensions>
          <osmand:speed>0.9</osmand:speed>
        </extensions>
      </trkpt>
      <trkpt lat="46.4609762" lon="9.6282593">
        <ele>2302.8</ele>
        <time>2026-09-12T08:02:34Z</time>
        <hdop>10.7</hdop>
        <extensions>
          <osmand:speed>0.7</osmand:speed>
        </extensions>
      </trkpt>
      <trkpt lat="46.4609609" lon="9.6282135">
        <ele>2303.8</ele>
        <time>2026-09-12T08:02:40Z</time>
        <hdop>12.2</hdop>
        <extensions>
          <osmand:speed>0.7</osmand:speed>
        </extensions>
      </trkpt>
      <trkpt lat="46.4609449" lon="9.6281709">
        <ele>2302.8</ele>
        <time>2026-09-12T08:02:46Z</time>
        <hdop>10.7</hdop>
        <extensions>
          <osmand:speed>0.6</osmand:speed>
        </extensions>
      </trkpt>
      <trkpt lat="46.4609451" lon="9.6281263">
        <ele>2303.8</ele>
        <time>2026-09-12T08:02:52Z</time>
        <hdop>11.7</hdop>
        <extensions>
          <osmand:speed>1.1</osmand:speed>
        </extensions>
      </trkpt>
      <trkpt lat="46.4609147" lon="9.6280863">
        <ele>2303.8</ele>
        <time>2026-09-12T08:02:58Z</time>
        <hdop>11.7</hdop>
        <extensions>
          <osmand:speed>0.8</osmand:speed>
        </extensions>
      </trkpt>
      <trkpt lat="46.4608735" lon="9.6280478">
        <ele>2305.8</ele>
        <time>2026-09-12T08:03:04Z</time>
        <hdop>10.7</hdop>
        <extensions>
          <osmand:speed>0.6</osmand:speed>
        </extensions>
      </trkpt>
      <trkpt lat="46.4608651" lon="9.6280176">
        <ele>2308.8</ele>
        <time>2026-09-12T08:03:21Z</time>
        <hdop>8.7</hdop>
        <extensions>
          <osmand:speed>0.6</osmand:speed>
        </extensions>
      </trkpt>
      <trkpt lat="46.4608557" lon="9.627964">
        <ele>2308.8</ele>
        <time>2026-09-12T08:03:27Z</time>
        <hdop>9.7</hdop>
        <extensions>
          <osmand:speed>0.7</osmand:speed>
        </extensions>
      </trkpt>
      <trkpt lat="46.460836" lon="9.6279815">
        <ele>2310.8</ele>
        <time>2026-09-12T08:03:40Z</time>
        <hdop>7.7</hdop>
        <extensions>
          <osmand:speed>0.3</osmand:speed>
        </extensions>
      </trkpt>
      <trkpt lat="46.4608082" lon="9.6279521">
        <ele>2311.8</ele>
        <time>2026-09-12T08:03:46Z</time>
        <hdop>10.2</hdop>
        <extensions>
          <osmand:speed>0.6</osmand:speed>
        </extensions>
      </trkpt>
      <trkpt lat="46.4607939" lon="9.6279096">
        <ele>2311.8</ele>
        <time>2026-09-12T08:03:52Z</time>
        <hdop>11.2</hdop>
        <extensions>
          <osmand:speed>0.6</osmand:speed>
        </extensions>
      </trkpt>
      <trkpt lat="46.4607657" lon="9.6278636">
        <ele>2311.8</ele>
        <time>2026-09-12T08:03:58Z</time>
        <hdop>9.7</hdop>
        <extensions>
          <osmand:speed>0.8</osmand:speed>
        </extensions>
      </trkpt>
      <trkpt lat="46.4607452" lon="9.6278112">
        <ele>2312.8</ele>
        <time>2026-09-12T08:04:04Z</time>
        <hdop>11.2</hdop>
        <extensions>
          <osmand:speed>0.7</osmand:speed>
        </extensions>
      </trkpt>
      <trkpt lat="46.4607215" lon="9.6277437">
        <ele>2313.8</ele>
        <time>2026-09-12T08:04:10Z</time>
        <hdop>10.7</hdop>
        <extensions>
          <osmand:speed>0.8</osmand:speed>
        </extensions>
      </trkpt>
      <trkpt lat="46.4606967" lon="9.6277013">
        <ele>2314.8</ele>
        <time>2026-09-12T08:04:16Z</time>
        <hdop>10.7</hdop>
        <extensions>
          <osmand:speed>0.8</osmand:speed>
        </extensions>
      </trkpt>
      <trkpt lat="46.4606898" lon="9.6276369">
        <ele>2315.8</ele>
        <time>2026-09-12T08:04:22Z</time>
        <hdop>10.2</hdop>
        <extensions>
          <osmand:speed>1</osmand:speed>
        </extensions>
      </trkpt>
      <trkpt lat="46.4606565" lon="9.6275879">
        <ele>2316.8</ele>
        <time>2026-09-12T08:04:28Z</time>
        <hdop>7.7</hdop>
        <extensions>
          <osmand:speed>1</osmand:speed>
        </extensions>
      </trkpt>
      <trkpt lat="46.4606343" lon="9.6275328">
        <ele>2316.8</ele>
        <time>2026-09-12T08:04:34Z</time>
        <hdop>8.2</hdop>
        <extensions>
          <osmand:speed>0.6</osmand:speed>
        </extensions>
      </trkpt>
      <trkpt lat="46.4606039" lon="9.6275136">
        <ele>2316.8</ele>
        <time>2026-09-12T08:04:40Z</time>
        <hdop>9.7</hdop>
        <extensions>
          <osmand:speed>0.5</osmand:speed>
        </extensions>
      </trkpt>
      <trkpt lat="46.4605768" lon="9.6274614">
        <ele>2317.8</ele>
        <time>2026-09-12T08:04:46Z</time>
        <hdop>9.2</hdop>
        <extensions>
          <osmand:speed>0.7</osmand:speed>
        </extensions>
      </trkpt>
      <trkpt lat="46.4605481" lon="9.6274549">
        <ele>2318.8</ele>
        <time>2026-09-12T08:04:52Z</time>
        <hdop>10.2</hdop>
        <extensions>
          <osmand:speed>0.5</osmand:speed>
        </extensions>
      </trkpt>
      <trkpt lat="46.4605338" lon="9.627363">
        <ele>2318.8</ele>
        <time>2026-09-12T08:04:58Z</time>
        <hdop>10.2</hdop>
        <extensions>
          <osmand:speed>1.3</osmand:speed>
        </extensions>
      </trkpt>
      <trkpt lat="46.4605043" lon="9.6273146">
        <ele>2319.8</ele>
        <time>2026-09-12T08:05:04Z</time>
        <hdop>9.7</hdop>
        <extensions>
          <osmand:speed>0.6</osmand:speed>
        </extensions>
      </trkpt>
      <trkpt lat="46.4604927" lon="9.6272942">
        <ele>2320.8</ele>
        <time>2026-09-12T08:05:12Z</time>
        <hdop>10.7</hdop>
        <extensions>
          <osmand:speed>0.8</osmand:speed>
        </extensions>
      </trkpt>
      <trkpt lat="46.4604655" lon="9.6272584">
        <ele>2320.8</ele>
        <time>2026-09-12T08:05:18Z</time>
        <hdop>10.7</hdop>
        <extensions>
          <osmand:speed>0.4</osmand:speed>
        </extensions>
      </trkpt>
      <trkpt lat="46.460438" lon="9.6272247">
        <ele>2322.8</ele>
        <time>2026-09-12T08:05:24Z</time>
        <hdop>9.2</hdop>
        <extensions>
          <osmand:speed>0.5</osmand:speed>
        </extensions>
      </trkpt>
      <trkpt lat="46.4604109" lon="9.6271822">
        <ele>2323.8</ele>
        <time>2026-09-12T08:05:30Z</time>
        <hdop>9.2</hdop>
        <extensions>
          <osmand:speed>0.7</osmand:speed>
        </extensions>
      </trkpt>
      <trkpt lat="46.4603827" lon="9.6271496">
        <ele>2324.8</ele>
        <time>2026-09-12T08:05:36Z</time>
        <hdop>7.1</hdop>
        <extensions>
          <osmand:speed>0.6</osmand:speed>
        </extensions>
      </trkpt>
      <trkpt lat="46.4603615" lon="9.627105">
        <ele>2324.8</ele>
        <time>2026-09-12T08:05:42Z</time>
        <hdop>8.7</hdop>
        <extensions>
          <osmand:speed>1</osmand:speed>
        </extensions>
      </trkpt>
      <trkpt lat="46.460351" lon="9.6270703">
        <ele>2324.8</ele>
        <time>2026-09-12T08:05:48Z</time>
        <hdop>7.1</hdop>
        <extensions>
          <osmand:speed>0.6</osmand:speed>
        </extensions>
      </trkpt>
      <trkpt lat="46.4602929" lon="9.6270352">
        <ele>2326.8</ele>
        <time>2026-09-12T08:05:54Z</time>
        <hdop>8.7</hdop>
        <extensions>
          <osmand:speed>0.9</osmand:speed>
        </extensions>
      </trkpt>
      <trkpt lat="46.4602725" lon="9.62699">
        <ele>2327.8</ele>
        <time>2026-09-12T08:06:00Z</time>
        <hdop>9.7</hdop>
        <extensions>
          <osmand:speed>0.9</osmand:speed>
        </extensions>
      </trkpt>
      <trkpt lat="46.4602773" lon="9.6269172">
        <ele>2327.8</ele>
        <time>2026-09-12T08:06:06Z</time>
        <hdop>9.7</hdop>
        <extensions>
          <osmand:speed>1.3</osmand:speed>
        </extensions>
      </trkpt>
      <trkpt lat="46.4602494" lon="9.6268411">
        <ele>2327.8</ele>
        <time>2026-09-12T08:06:12Z</time>
        <hdop>8.7</hdop>
        <extensions>
          <osmand:speed>0.9</osmand:speed>
        </extensions>
      </trkpt>
      <trkpt lat="46.4602192" lon="9.626829">
        <ele>2327.8</ele>
        <time>2026-09-12T08:06:18Z</time>
        <hdop>6.6</hdop>
        <extensions>
          <osmand:speed>1</osmand:speed>
        </extensions>
      </trkpt>
      <trkpt lat="46.4601747" lon="9.6267804">
        <ele>2328.8</ele>
        <time>2026-09-12T08:06:24Z</time>
        <hdop>8.7</hdop>
        <extensions>
          <osmand:speed>0.9</osmand:speed>
        </extensions>
      </trkpt>
      <trkpt lat="46.4601635" lon="9.6267198">
        <ele>2329.8</ele>
        <time>2026-09-12T08:06:30Z</time>
        <hdop>9.2</hdop>
        <extensions>
          <osmand:speed>1</osmand:speed>
        </extensions>
      </trkpt>
      <trkpt lat="46.4601601" lon="9.626658">
        <ele>2330.8</ele>
        <time>2026-09-12T08:06:36Z</time>
        <hdop>9.2</hdop>
        <extensions>
          <osmand:speed>0.8</osmand:speed>
        </extensions>
      </trkpt>
      <trkpt lat="46.4601524" lon="9.6265989">
        <ele>2331.8</ele>
        <time>2026-09-12T08:06:42Z</time>
        <hdop>9.2</hdop>
        <extensions>
          <osmand:speed>0.7</osmand:speed>
        </extensions>
      </trkpt>
      <trkpt lat="46.4601239" lon="9.626551">
        <ele>2333.8</ele>
        <time>2026-09-12T08:06:48Z</time>
        <hdop>8.7</hdop>
        <extensions>
          <osmand:speed>1.1</osmand:speed>
        </extensions>
      </trkpt>
      <trkpt lat="46.4600645" lon="9.6265186">
        <ele>2333.8</ele>
        <time>2026-09-12T08:06:54Z</time>
        <hdop>8.7</hdop>
        <extensions>
          <osmand:speed>0.9</osmand:speed>
        </extensions>
      </trkpt>
      <trkpt lat="46.4600234" lon="9.6264539">
        <ele>2335.8</ele>
        <time>2026-09-12T08:07:00Z</time>
        <hdop>9.2</hdop>
        <extensions>
          <osmand:speed>1.4</osmand:speed>
        </extensions>
      </trkpt>
      <trkpt lat="46.4599751" lon="9.6264222">
        <ele>2334.8</ele>
        <time>2026-09-12T08:07:06Z</time>
        <hdop>7.1</hdop>
        <extensions>
          <osmand:speed>1</osmand:speed>
        </extensions>
      </trkpt>
      <trkpt lat="46.4599299" lon="9.6263776">
        <ele>2335.8</ele>
        <time>2026-09-12T08:07:12Z</time>
        <hdop>8.7</hdop>
        <extensions>
          <osmand:speed>0.8</osmand:speed>
        </extensions>
      </trkpt>
      <trkpt lat="46.4598775" lon="9.6263389">
        <ele>2336.8</ele>
        <time>2026-09-12T08:07:18Z</time>
        <hdop>7.7</hdop>
        <extensions>
          <osmand:speed>0.8</osmand:speed>
        </extensions>
      </trkpt>
      <trkpt lat="46.4598419" lon="9.6263089">
        <ele>2337.8</ele>
        <time>2026-09-12T08:07:24Z</time>
        <hdop>10.2</hdop>
        <extensions>
          <osmand:speed>1</osmand:speed>
        </extensions>
      </trkpt>
      <trkpt lat="46.4597959" lon="9.6262939">
        <ele>2337.8</ele>
        <time>2026-09-12T08:07:30Z</time>
        <hdop>10.7</hdop>
        <extensions>
          <osmand:speed>0.8</osmand:speed>
        </extensions>
      </trkpt>
      <trkpt lat="46.4597641" lon="9.6262527">
        <ele>2338.8</ele>
        <time>2026-09-12T08:07:36Z</time>
        <hdop>10.2</hdop>
        <extensions>
          <osmand:speed>0.6</osmand:speed>
        </extensions>
      </trkpt>
      <trkpt lat="46.4597333" lon="9.6262077">
        <ele>2339.8</ele>
        <time>2026-09-12T08:07:42Z</time>
        <hdop>7.1</hdop>
        <extensions>
          <osmand:speed>1.1</osmand:speed>
        </extensions>
      </trkpt>
      <trkpt lat="46.4597017" lon="9.6261464">
        <ele>2337.8</ele>
        <time>2026-09-12T08:07:48Z</time>
        <hdop>10.7</hdop>
        <extensions>
          <osmand:speed>0.6</osmand:speed>
        </extensions>
      </trkpt>
      <trkpt lat="46.4596807" lon="9.6260774">
        <ele>2337.8</ele>
        <time>2026-09-12T08:07:54Z</time>
        <hdop>11.2</hdop>
        <extensions>
          <osmand:speed>1.1</osmand:speed>
        </extensions>
      </trkpt>
      <trkpt lat="46.4596454" lon="9.6260386">
        <ele>2338.8</ele>
        <time>2026-09-12T08:08:00Z</time>
        <hdop>10.7</hdop>
        <extensions>
          <osmand:speed>0.8</osmand:speed>
        </extensions>
      </trkpt>
      <trkpt lat="46.4595876" lon="9.6260002">
        <ele>2339.8</ele>
        <time>2026-09-12T08:08:06Z</time>
        <hdop>10.7</hdop>
        <extensions>
          <osmand:speed>0.9</osmand:speed>
        </extensions>
      </trkpt>
      <trkpt lat="46.459566" lon="9.6259661">
        <ele>2339.8</ele>
        <time>2026-09-12T08:08:12Z</time>
        <hdop>10.7</hdop>
        <extensions>
          <osmand:speed>0.8</osmand:speed>
        </extensions>
      </trkpt>
      <trkpt lat="46.4595284" lon="9.6259089">
        <ele>2340.8</ele>
        <time>2026-09-12T08:08:18Z</time>
        <hdop>9.7</hdop>
        <extensions>
          <osmand:speed>0.9</osmand:speed>
        </extensions>
      </trkpt>
      <trkpt lat="46.459504" lon="9.6258491">
        <ele>2341.8</ele>
        <time>2026-09-12T08:08:24Z</time>
        <hdop>8.7</hdop>
        <extensions>
          <osmand:speed>0.4</osmand:speed>
        </extensions>
      </trkpt>
      <trkpt lat="46.4594833" lon="9.6257981">
        <ele>2343.8</ele>
        <time>2026-09-12T08:08:30Z</time>
        <hdop>8.7</hdop>
        <extensions>
          <osmand:speed>1.1</osmand:speed>
        </extensions>
      </trkpt>
      <trkpt lat="46.4594659" lon="9.6257581">
        <ele>2342.8</ele>
        <time>2026-09-12T08:08:36Z</time>
        <hdop>7.7</hdop>
        <extensions>
          <osmand:speed>0.6</osmand:speed>
        </extensions>
      </trkpt>
      <trkpt lat="46.4594424" lon="9.6257779">
        <ele>2344.8</ele>
        <time>2026-09-12T08:08:50Z</time>
        <hdop>8.7</hdop>
        <extensions>
          <osmand:speed>0.5</osmand:speed>
        </extensions>
      </trkpt>
      <trkpt lat="46.4594204" lon="9.6258048">
        <ele>2344.8</ele>
        <time>2026-09-12T08:08:56Z</time>
        <hdop>7.7</hdop>
        <extensions>
          <osmand:speed>0.3</osmand:speed>
        </extensions>
      </trkpt>
      <trkpt lat="46.459368" lon="9.6258036">
        <ele>2345.8</ele>
        <time>2026-09-12T08:09:02Z</time>
        <hdop>9.2</hdop>
        <extensions>
          <osmand:speed>0.7</osmand:speed>
        </extensions>
      </trkpt>
      <trkpt lat="46.4593124" lon="9.6257745">
        <ele>2346.8</ele>
        <time>2026-09-12T08:09:08Z</time>
        <hdop>11.2</hdop>
        <extensions>
          <osmand:speed>1.4</osmand:speed>
        </extensions>
      </trkpt>
      <trkpt lat="46.4592788" lon="9.6257269">
        <ele>2347.8</ele>
        <time>2026-09-12T08:09:14Z</time>
        <hdop>10.2</hdop>
        <extensions>
          <osmand:speed>1.1</osmand:speed>
        </extensions>
      </trkpt>
      <trkpt lat="46.4592339" lon="9.6256889">
        <ele>2347.8</ele>
        <time>2026-09-12T08:09:20Z</time>
        <hdop>9.2</hdop>
        <extensions>
          <osmand:speed>0.9</osmand:speed>
        </extensions>
      </trkpt>
      <trkpt lat="46.4591975" lon="9.6256339">
        <ele>2348.8</ele>
        <time>2026-09-12T08:09:26Z</time>
        <hdop>10.7</hdop>
        <extensions>
          <osmand:speed>0.8</osmand:speed>
        </extensions>
      </trkpt>
      <trkpt lat="46.459174" lon="9.6255943">
        <ele>2348.8</ele>
        <time>2026-09-12T08:09:32Z</time>
        <hdop>10.2</hdop>
        <extensions>
          <osmand:speed>1</osmand:speed>
        </extensions>
      </trkpt>
      <trkpt lat="46.4591468" lon="9.6255348">
        <ele>2348.8</ele>
        <time>2026-09-12T08:09:38Z</time>
        <hdop>8.7</hdop>
        <extensions>
          <osmand:speed>1</osmand:speed>
        </extensions>
      </trkpt>
      <trkpt lat="46.4591131" lon="9.6254865">
        <ele>2350.8</ele>
        <time>2026-09-12T08:09:44Z</time>
        <hdop>12.2</hdop>
        <extensions>
          <osmand:speed>0.5</osmand:speed>
        </extensions>
      </trkpt>
      <trkpt lat="46.4590954" lon="9.6254536">
        <ele>2351.8</ele>
        <time>2026-09-12T08:09:51Z</time>
        <hdop>10.7</hdop>
        <extensions>
          <osmand:speed>0.7</osmand:speed>
        </extensions>
      </trkpt>
      <trkpt lat="46.4590618" lon="9.6254049">
        <ele>2351.8</ele>
        <time>2026-09-12T08:09:57Z</time>
        <hdop>10.2</hdop>
        <extensions>
          <osmand:speed>0.6</osmand:speed>
        </extensions>
      </trkpt>
      <trkpt lat="46.4590308" lon="9.6253476">
        <ele>2352.8</ele>
        <time>2026-09-12T08:10:03Z</time>
        <hdop>10.2</hdop>
        <extensions>
          <osmand:speed>0.9</osmand:speed>
        </extensions>
      </trkpt>
      <trkpt lat="46.4589973" lon="9.625307">
        <ele>2353.8</ele>
        <time>2026-09-12T08:10:09Z</time>
        <hdop>7.7</hdop>
        <extensions>
          <osmand:speed>1.1</osmand:speed>
        </extensions>
      </trkpt>
      <trkpt lat="46.4589755" lon="9.6252666">
        <ele>2354.8</ele>
        <time>2026-09-12T08:10:15Z</time>
        <hdop>10.2</hdop>
        <extensions>
          <osmand:speed>0.8</osmand:speed>
        </extensions>
      </trkpt>
      <trkpt lat="46.4589586" lon="9.6252184">
        <ele>2356.8</ele>
        <time>2026-09-12T08:10:21Z</time>
        <hdop>7.1</hdop>
        <extensions>
          <osmand:speed>0.7</osmand:speed>
        </extensions>
      </trkpt>
      <trkpt lat="46.458925" lon="9.6251649">
        <ele>2357.8</ele>
        <time>2026-09-12T08:10:27Z</time>
        <hdop>6.6</hdop>
        <extensions>
          <osmand:speed>0.8</osmand:speed>
        </extensions>
      </trkpt>
      <trkpt lat="46.458898" lon="9.6251289">
        <ele>2357.8</ele>
        <time>2026-09-12T08:10:33Z</time>
        <hdop>7.1</hdop>
        <extensions>
          <osmand:speed>0.7</osmand:speed>
        </extensions>
      </trkpt>
      <trkpt lat="46.4588603" lon="9.625082">
        <ele>2358.8</ele>
        <time>2026-09-12T08:10:39Z</time>
        <hdop>6.6</hdop>
        <extensions>
          <osmand:speed>1</osmand:speed>
        </extensions>
      </trkpt>
      <trkpt lat="46.458817" lon="9.6250454">
        <ele>2358.8</ele>
        <time>2026-09-12T08:10:45Z</time>
        <hdop>8.2</hdop>
        <extensions>
          <osmand:speed>1.2</osmand:speed>
        </extensions>
      </trkpt>
      <trkpt lat="46.4587742" lon="9.6250515">
        <ele>2358.8</ele>
        <time>2026-09-12T08:10:51Z</time>
        <hdop>7.7</hdop>
        <extensions>
          <osmand:speed>0.4</osmand:speed>
        </extensions>
      </trkpt>
      <trkpt lat="46.4587327" lon="9.6250348">
        <ele>2358.8</ele>
        <time>2026-09-12T08:10:57Z</time>
        <hdop>7.7</hdop>
        <extensions>
          <osmand:speed>1</osmand:speed>
        </extensions>
      </trkpt>
      <trkpt lat="46.4587131" lon="9.624977">
        <ele>2359.8</ele>
        <time>2026-09-12T08:11:03Z</time>
        <hdop>9.7</hdop>
        <extensions>
          <osmand:speed>1</osmand:speed>
        </extensions>
      </trkpt>
      <trkpt lat="46.4586954" lon="9.6249014">
        <ele>2360.8</ele>
        <time>2026-09-12T08:11:09Z</time>
        <hdop>8.2</hdop>
        <extensions>
          <osmand:speed>0.8</osmand:speed>
        </extensions>
      </trkpt>
      <trkpt lat="46.4586541" lon="9.624855">
        <ele>2361.8</ele>
        <time>2026-09-12T08:11:15Z</time>
        <hdop>8.2</hdop>
        <extensions>
          <osmand:speed>0.7</osmand:speed>
        </extensions>
      </trkpt>
      <trkpt lat="46.4586163" lon="9.6248201">
        <ele>2362.8</ele>
        <time>2026-09-12T08:11:21Z</time>
        <hdop>9.7</hdop>
        <extensions>
          <osmand:speed>0.6</osmand:speed>
        </extensions>
      </trkpt>
      <trkpt lat="46.4585757" lon="9.6247611">
        <ele>2362.8</ele>
        <time>2026-09-12T08:11:27Z</time>
        <hdop>9.7</hdop>
        <extensions>
          <osmand:speed>1</osmand:speed>
        </extensions>
      </trkpt>
      <trkpt lat="46.4585553" lon="9.6247035">
        <ele>2364.8</ele>
        <time>2026-09-12T08:11:33Z</time>
        <hdop>11.2</hdop>
        <extensions>
          <osmand:speed>0.9</osmand:speed>
        </extensions>
      </trkpt>
      <trkpt lat="46.4585115" lon="9.6246517">
        <ele>2363.8</ele>
        <time>2026-09-12T08:11:39Z</time>
        <hdop>9.7</hdop>
        <extensions>
          <osmand:speed>0.8</osmand:speed>
        </extensions>
      </trkpt>
      <trkpt lat="46.4584586" lon="9.6245969">
        <ele>2365.8</ele>
        <time>2026-09-12T08:11:45Z</time>
        <hdop>8.2</hdop>
        <extensions>
          <osmand:speed>1.2</osmand:speed>
        </extensions>
      </trkpt>
      <trkpt lat="46.4584128" lon="9.6245445">
        <ele>2366.8</ele>
        <time>2026-09-12T08:11:51Z</time>
        <hdop>7.7</hdop>
        <extensions>
          <osmand:speed>1.2</osmand:speed>
        </extensions>
      </trkpt>
      <trkpt lat="46.458373" lon="9.6245052">
        <ele>2366.8</ele>
        <time>2026-09-12T08:11:57Z</time>
        <hdop>8.7</hdop>
        <extensions>
          <osmand:speed>0.9</osmand:speed>
        </extensions>
      </trkpt>
      <trkpt lat="46.4583483" lon="9.6244527">
        <ele>2367.8</ele>
        <time>2026-09-12T08:12:03Z</time>
        <hdop>9.7</hdop>
        <extensions>
          <osmand:speed>0.8</osmand:speed>
        </extensions>
      </trkpt>
      <trkpt lat="46.4583049" lon="9.6244076">
        <ele>2366.8</ele>
        <time>2026-09-12T08:12:09Z</time>
        <hdop>8.2</hdop>
        <extensions>
          <osmand:speed>1</osmand:speed>
        </extensions>
      </trkpt>
      <trkpt lat="46.4582403" lon="9.6243736">
        <ele>2366.8</ele>
        <time>2026-09-12T08:12:15Z</time>
        <hdop>8.2</hdop>
        <extensions>
          <osmand:speed>0.9</osmand:speed>
        </extensions>
      </trkpt>
      <trkpt lat="46.4581795" lon="9.6243616">
        <ele>2365.8</ele>
        <time>2026-09-12T08:12:21Z</time>
        <hdop>8.7</hdop>
        <extensions>
          <osmand:speed>0.9</osmand:speed>
        </extensions>
      </trkpt>
      <trkpt lat="46.4581287" lon="9.6243239">
        <ele>2366.8</ele>
        <time>2026-09-12T08:12:27Z</time>
        <hdop>6.6</hdop>
        <extensions>
          <osmand:speed>1.1</osmand:speed>
        </extensions>
      </trkpt>
      <trkpt lat="46.4580748" lon="9.6242941">
        <ele>2366.8</ele>
        <time>2026-09-12T08:12:33Z</time>
        <hdop>8.7</hdop>
        <extensions>
          <osmand:speed>0.7</osmand:speed>
        </extensions>
      </trkpt>
      <trkpt lat="46.4580346" lon="9.6242296">
        <ele>2366.8</ele>
        <time>2026-09-12T08:12:39Z</time>
        <hdop>8.7</hdop>
        <extensions>
          <osmand:speed>0.9</osmand:speed>
        </extensions>
      </trkpt>
      <trkpt lat="46.4579907" lon="9.6241829">
        <ele>2366.8</ele>
        <time>2026-09-12T08:12:45Z</time>
        <hdop>8.2</hdop>
        <extensions>
          <osmand:speed>1</osmand:speed>
        </extensions>
      </trkpt>
      <trkpt lat="46.4579424" lon="9.6241436">
        <ele>2366.8</ele>
        <time>2026-09-12T08:12:51Z</time>
        <hdop>7.7</hdop>
        <extensions>
          <osmand:speed>1</osmand:speed>
        </extensions>
      </trkpt>
      <trkpt lat="46.4578786" lon="9.6241159">
        <ele>2367.8</ele>
        <time>2026-09-12T08:12:57Z</time>
        <hdop>9.7</hdop>
        <extensions>
          <osmand:speed>0.8</osmand:speed>
        </extensions>
      </trkpt>
      <trkpt lat="46.4578333" lon="9.6241251">
        <ele>2367.8</ele>
        <time>2026-09-12T08:13:03Z</time>
        <hdop>8.7</hdop>
        <extensions>
          <osmand:speed>1.2</osmand:speed>
        </extensions>
      </trkpt>
      <trkpt lat="46.4577928" lon="9.6241052">
        <ele>2368.8</ele>
        <time>2026-09-12T08:13:09Z</time>
        <hdop>10.2</hdop>
        <extensions>
          <osmand:speed>0.8</osmand:speed>
        </extensions>
      </trkpt>
      <trkpt lat="46.4577476" lon="9.6241192">
        <ele>2369.8</ele>
        <time>2026-09-12T08:13:15Z</time>
        <hdop>9.2</hdop>
        <extensions>
          <osmand:speed>1.3</osmand:speed>
        </extensions>
      </trkpt>
      <trkpt lat="46.4576755" lon="9.6241268">
        <ele>2369.8</ele>
        <time>2026-09-12T08:13:21Z</time>
        <hdop>9.7</hdop>
        <extensions>
          <osmand:speed>1.4</osmand:speed>
        </extensions>
      </trkpt>
      <trkpt lat="46.4576134" lon="9.6240958">
        <ele>2370.8</ele>
        <time>2026-09-12T08:13:27Z</time>
        <hdop>8.2</hdop>
        <extensions>
          <osmand:speed>1.1</osmand:speed>
        </extensions>
      </trkpt>
      <trkpt lat="46.4575677" lon="9.6240674">
        <ele>2370.8</ele>
        <time>2026-09-12T08:13:33Z</time>
        <hdop>10.2</hdop>
        <extensions>
          <osmand:speed>1.6</osmand:speed>
        </extensions>
      </trkpt>
      <trkpt lat="46.4575036" lon="9.6240869">
        <ele>2369.8</ele>
        <time>2026-09-12T08:13:39Z</time>
        <hdop>9.2</hdop>
        <extensions>
          <osmand:speed>1.3</osmand:speed>
        </extensions>
      </trkpt>
      <trkpt lat="46.4574456" lon="9.6240864">
        <ele>2370.8</ele>
        <time>2026-09-12T08:13:45Z</time>
        <hdop>8.7</hdop>
        <extensions>
          <osmand:speed>0.9</osmand:speed>
        </extensions>
      </trkpt>
      <trkpt lat="46.4573924" lon="9.6240819">
        <ele>2369.8</ele>
        <time>2026-09-12T08:13:51Z</time>
        <hdop>10.2</hdop>
        <extensions>
          <osmand:speed>1.2</osmand:speed>
        </extensions>
      </trkpt>
      <trkpt lat="46.4573334" lon="9.6240578">
        <ele>2370.8</ele>
        <time>2026-09-12T08:13:57Z</time>
        <hdop>8.7</hdop>
        <extensions>
          <osmand:speed>0.8</osmand:speed>
        </extensions>
      </trkpt>
      <trkpt lat="46.4572911" lon="9.6240082">
        <ele>2371.8</ele>
        <time>2026-09-12T08:14:03Z</time>
        <hdop>8.7</hdop>
        <extensions>
          <osmand:speed>1.1</osmand:speed>
        </extensions>
      </trkpt>
      <trkpt lat="46.4572441" lon="9.623973">
        <ele>2372.8</ele>
        <time>2026-09-12T08:14:09Z</time>
        <hdop>9.2</hdop>
        <extensions>
          <osmand:speed>1.2</osmand:speed>
        </extensions>
      </trkpt>
      <trkpt lat="46.4572179" lon="9.6239154">
        <ele>2372.8</ele>
        <time>2026-09-12T08:14:15Z</time>
        <hdop>9.2</hdop>
        <extensions>
          <osmand:speed>0.2</osmand:speed>
        </extensions>
      </trkpt>
      <trkpt lat="46.4572032" lon="9.623882">
        <ele>2373.8</ele>
        <time>2026-09-12T08:14:23Z</time>
        <hdop>7.7</hdop>
        <extensions>
          <osmand:speed>1</osmand:speed>
        </extensions>
      </trkpt>
      <trkpt lat="46.4571594" lon="9.623852">
        <ele>2375.8</ele>
        <time>2026-09-12T08:14:29Z</time>
        <hdop>9.2</hdop>
        <extensions>
          <osmand:speed>1.1</osmand:speed>
        </extensions>
      </trkpt>
      <trkpt lat="46.4570953" lon="9.6238266">
        <ele>2373.8</ele>
        <time>2026-09-12T08:14:35Z</time>
        <hdop>6.6</hdop>
        <extensions>
          <osmand:speed>1.2</osmand:speed>
        </extensions>
      </trkpt>
      <trkpt lat="46.4570486" lon="9.6237563">
        <ele>2375.8</ele>
        <time>2026-09-12T08:14:41Z</time>
        <hdop>8.2</hdop>
        <extensions>
          <osmand:speed>1</osmand:speed>
        </extensions>
      </trkpt>
      <trkpt lat="46.4570019" lon="9.62368">
        <ele>2376.8</ele>
        <time>2026-09-12T08:14:47Z</time>
        <hdop>6.6</hdop>
        <extensions>
          <osmand:speed>1.1</osmand:speed>
        </extensions>
      </trkpt>
      <trkpt lat="46.4569577" lon="9.6236689">
        <ele>2376.8</ele>
        <time>2026-09-12T08:14:53Z</time>
        <hdop>8.7</hdop>
        <extensions>
          <osmand:speed>0.9</osmand:speed>
        </extensions>
      </trkpt>
      <trkpt lat="46.4569122" lon="9.6236818">
        <ele>2378.8</ele>
        <time>2026-09-12T08:14:59Z</time>
        <hdop>11.2</hdop>
        <extensions>
          <osmand:speed>0.1</osmand:speed>
        </extensions>
      </trkpt>
      <trkpt lat="46.4568936" lon="9.6236745">
        <ele>2379.8</ele>
        <time>2026-09-12T08:15:09Z</time>
        <hdop>8.2</hdop>
        <extensions>
          <osmand:speed>1.1</osmand:speed>
        </extensions>
      </trkpt>
      <trkpt lat="46.4568444" lon="9.6236703">
        <ele>2379.8</ele>
        <time>2026-09-12T08:15:15Z</time>
        <hdop>9.2</hdop>
        <extensions>
          <osmand:speed>1.2</osmand:speed>
        </extensions>
      </trkpt>
      <trkpt lat="46.4567905" lon="9.6236444">
        <ele>2378.8</ele>
        <time>2026-09-12T08:15:21Z</time>
        <hdop>8.7</hdop>
        <extensions>
          <osmand:speed>0.9</osmand:speed>
        </extensions>
      </trkpt>
      <trkpt lat="46.4567428" lon="9.6236147">
        <ele>2378.8</ele>
        <time>2026-09-12T08:15:27Z</time>
        <hdop>10.2</hdop>
        <extensions>
          <osmand:speed>1</osmand:speed>
        </extensions>
      </trkpt>
      <trkpt lat="46.4566898" lon="9.6235993">
        <ele>2378.8</ele>
        <time>2026-09-12T08:15:33Z</time>
        <hdop>11.2</hdop>
        <extensions>
          <osmand:speed>1</osmand:speed>
        </extensions>
      </trkpt>
      <trkpt lat="46.4566552" lon="9.6235356">
        <ele>2378.8</ele>
        <time>2026-09-12T08:15:39Z</time>
        <hdop>11.2</hdop>
        <extensions>
          <osmand:speed>1.1</osmand:speed>
        </extensions>
      </trkpt>
      <trkpt lat="46.4566156" lon="9.6234991">
        <ele>2379.8</ele>
        <time>2026-09-12T08:15:45Z</time>
        <hdop>12.2</hdop>
        <extensions>
          <osmand:speed>0.9</osmand:speed>
        </extensions>
      </trkpt>
      <trkpt lat="46.4565644" lon="9.6234916">
        <ele>2377.8</ele>
        <time>2026-09-12T08:15:51Z</time>
        <hdop>11.2</hdop>
        <extensions>
          <osmand:speed>1</osmand:speed>
        </extensions>
      </trkpt>
      <trkpt lat="46.4565098" lon="9.6234696">
        <ele>2377.8</ele>
        <time>2026-09-12T08:15:57Z</time>
        <hdop>11.2</hdop>
        <extensions>
          <osmand:speed>1.6</osmand:speed>
        </extensions>
      </trkpt>
      <trkpt lat="46.4564561" lon="9.6234618">
        <ele>2378.8</ele>
        <time>2026-09-12T08:16:03Z</time>
        <hdop>9.2</hdop>
        <extensions>
          <osmand:speed>1.2</osmand:speed>
        </extensions>
      </trkpt>
      <trkpt lat="46.4564094" lon="9.6234604">
        <ele>2379.8</ele>
        <time>2026-09-12T08:16:09Z</time>
        <hdop>9.7</hdop>
        <extensions>
          <osmand:speed>1.2</osmand:speed>
        </extensions>
      </trkpt>
      <trkpt lat="46.4563646" lon="9.6234194">
        <ele>2379.8</ele>
        <time>2026-09-12T08:16:15Z</time>
        <hdop>9.2</hdop>
        <extensions>
          <osmand:speed>1.2</osmand:speed>
        </extensions>
      </trkpt>
      <trkpt lat="46.4563172" lon="9.6233891">
        <ele>2380.8</ele>
        <time>2026-09-12T08:16:21Z</time>
        <hdop>9.2</hdop>
        <extensions>
          <osmand:speed>1.3</osmand:speed>
        </extensions>
      </trkpt>
      <trkpt lat="46.4562643" lon="9.6233402">
        <ele>2380.8</ele>
        <time>2026-09-12T08:16:27Z</time>
        <hdop>9.2</hdop>
        <extensions>
          <osmand:speed>1.4</osmand:speed>
        </extensions>
      </trkpt>
      <trkpt lat="46.4562292" lon="9.6232836">
        <ele>2380.8</ele>
        <time>2026-09-12T08:16:33Z</time>
        <hdop>8.7</hdop>
        <extensions>
          <osmand:speed>1.2</osmand:speed>
        </extensions>
      </trkpt>
      <trkpt lat="46.4561976" lon="9.6231995">
        <ele>2380.8</ele>
        <time>2026-09-12T08:16:39Z</time>
        <hdop>8.7</hdop>
        <extensions>
          <osmand:speed>1.1</osmand:speed>
        </extensions>
      </trkpt>
      <trkpt lat="46.456143" lon="9.6231463">
        <ele>2381.8</ele>
        <time>2026-09-12T08:16:45Z</time>
        <hdop>8.2</hdop>
        <extensions>
          <osmand:speed>1.2</osmand:speed>
        </extensions>
      </trkpt>
      <trkpt lat="46.4560784" lon="9.623108">
        <ele>2381.8</ele>
        <time>2026-09-12T08:16:51Z</time>
        <hdop>8.7</hdop>
        <extensions>
          <osmand:speed>1.3</osmand:speed>
        </extensions>
      </trkpt>
      <trkpt lat="46.4560487" lon="9.6230378">
        <ele>2382.8</ele>
        <time>2026-09-12T08:16:57Z</time>
        <hdop>9.7</hdop>
        <extensions>
          <osmand:speed>1</osmand:speed>
        </extensions>
      </trkpt>
      <trkpt lat="46.4560121" lon="9.6229661">
        <ele>2382.8</ele>
        <time>2026-09-12T08:17:03Z</time>
        <hdop>7.1</hdop>
        <extensions>
          <osmand:speed>1.1</osmand:speed>
        </extensions>
      </trkpt>
      <trkpt lat="46.4559928" lon="9.6228865">
        <ele>2383.8</ele>
        <time>2026-09-12T08:17:09Z</time>
        <hdop>8.7</hdop>
        <extensions>
          <osmand:speed>1.2</osmand:speed>
        </extensions>
      </trkpt>
      <trkpt lat="46.4559551" lon="9.6228186">
        <ele>2383.8</ele>
        <time>2026-09-12T08:17:15Z</time>
        <hdop>9.2</hdop>
        <extensions>
          <osmand:speed>1</osmand:speed>
        </extensions>
      </trkpt>
      <trkpt lat="46.4559288" lon="9.6227294">
        <ele>2384.8</ele>
        <time>2026-09-12T08:17:21Z</time>
        <hdop>9.7</hdop>
        <extensions>
          <osmand:speed>1.2</osmand:speed>
        </extensions>
      </trkpt>
      <trkpt lat="46.455909" lon="9.6226538">
        <ele>2384.8</ele>
        <time>2026-09-12T08:17:27Z</time>
        <hdop>8.2</hdop>
        <extensions>
          <osmand:speed>1</osmand:speed>
        </extensions>
      </trkpt>
      <trkpt lat="46.4558859" lon="9.622567">
        <ele>2385.8</ele>
        <time>2026-09-12T08:17:33Z</time>
        <hdop>10.2</hdop>
        <extensions>
          <osmand:speed>1</osmand:speed>
        </extensions>
      </trkpt>
      <trkpt lat="46.455878" lon="9.6224827">
        <ele>2385.8</ele>
        <time>2026-09-12T08:17:39Z</time>
        <hdop>9.7</hdop>
        <extensions>
          <osmand:speed>1.3</osmand:speed>
        </extensions>
      </trkpt>
      <trkpt lat="46.4558465" lon="9.6224181">
        <ele>2385.8</ele>
        <time>2026-09-12T08:17:45Z</time>
        <hdop>10.2</hdop>
        <extensions>
          <osmand:speed>0.9</osmand:speed>
        </extensions>
      </trkpt>
      <trkpt lat="46.4558091" lon="9.6223626">
        <ele>2386.8</ele>
        <time>2026-09-12T08:17:51Z</time>
        <hdop>9.2</hdop>
        <extensions>
          <osmand:speed>0.9</osmand:speed>
        </extensions>
      </trkpt>
      <trkpt lat="46.455768" lon="9.6223102">
        <ele>2385.8</ele>
        <time>2026-09-12T08:17:57Z</time>
        <hdop>8.7</hdop>
        <extensions>
          <osmand:speed>1</osmand:speed>
        </extensions>
      </trkpt>
      <trkpt lat="46.4557148" lon="9.6222953">
        <ele>2385.8</ele>
        <time>2026-09-12T08:18:03Z</time>
        <hdop>10.7</hdop>
        <extensions>
          <osmand:speed>0.7</osmand:speed>
        </extensions>
      </trkpt>
      <trkpt lat="46.4556587" lon="9.6222746">
        <ele>2385.8</ele>
        <time>2026-09-12T08:18:09Z</time>
        <hdop>8.7</hdop>
        <extensions>
          <osmand:speed>1.1</osmand:speed>
        </extensions>
      </trkpt>
      <trkpt lat="46.4556413" lon="9.6222211">
        <ele>2386.8</ele>
        <time>2026-09-12T08:18:15Z</time>
        <hdop>8.2</hdop>
        <extensions>
          <osmand:speed>0.3</osmand:speed>
        </extensions>
      </trkpt>
      <trkpt lat="46.4556215" lon="9.6221652">
        <ele>2387.8</ele>
        <time>2026-09-12T08:18:21Z</time>
        <hdop>8.2</hdop>
        <extensions>
          <osmand:speed>0.8</osmand:speed>
        </extensions>
      </trkpt>
      <trkpt lat="46.4556259" lon="9.6220885">
        <ele>2387.8</ele>
        <time>2026-09-12T08:18:27Z</time>
        <hdop>10.7</hdop>
        <extensions>
          <osmand:speed>1.1</osmand:speed>
        </extensions>
      </trkpt>
      <trkpt lat="46.4556325" lon="9.622029">
        <ele>2389.8</ele>
        <time>2026-09-12T08:18:33Z</time>
        <hdop>10.2</hdop>
        <extensions>
          <osmand:speed>0.8</osmand:speed>
        </extensions>
      </trkpt>
      <trkpt lat="46.4556195" lon="9.6219573">
        <ele>2390.8</ele>
        <time>2026-09-12T08:18:39Z</time>
        <hdop>9.2</hdop>
        <extensions>
          <osmand:speed>0.9</osmand:speed>
        </extensions>
      </trkpt>
      <trkpt lat="46.4556202" lon="9.6219123">
        <ele>2389.8</ele>
        <time>2026-09-12T08:18:45Z</time>
        <hdop>8.7</hdop>
        <extensions>
          <osmand:speed>0.8</osmand:speed>
        </extensions>
      </trkpt>
      <trkpt lat="46.4556243" lon="9.6218805">
        <ele>2391.8</ele>
        <time>2026-09-12T08:18:52Z</time>
        <hdop>8.2</hdop>
        <extensions>
          <osmand:speed>0.6</osmand:speed>
        </extensions>
      </trkpt>
      <trkpt lat="46.4556124" lon="9.6218561">
        <ele>2391.8</ele>
        <time>2026-09-12T08:19:04Z</time>
        <hdop>8.7</hdop>
        <extensions>
          <osmand:speed>0.8</osmand:speed>
        </extensions>
      </trkpt>
      <trkpt lat="46.4555923" lon="9.6217881">
        <ele>2391.8</ele>
        <time>2026-09-12T08:19:10Z</time>
        <hdop>10.2</hdop>
        <extensions>
          <osmand:speed>0.5</osmand:speed>
        </extensions>
      </trkpt>
      <trkpt lat="46.4555926" lon="9.6217504">
        <ele>2391.8</ele>
        <time>2026-09-12T08:19:16Z</time>
        <hdop>9.2</hdop>
        <extensions>
          <osmand:speed>0.6</osmand:speed>
        </extensions>
      </trkpt>
      <trkpt lat="46.4555928" lon="9.62169">
        <ele>2393.8</ele>
        <time>2026-09-12T08:19:22Z</time>
        <hdop>9.7</hdop>
        <extensions>
          <osmand:speed>0.6</osmand:speed>
        </extensions>
      </trkpt>
      <trkpt lat="46.4555499" lon="9.6216348">
        <ele>2395.8</ele>
        <time>2026-09-12T08:19:28Z</time>
        <hdop>10.7</hdop>
        <extensions>
          <osmand:speed>0.9</osmand:speed>
        </extensions>
      </trkpt>
      <trkpt lat="46.4555306" lon="9.6215868">
        <ele>2396.8</ele>
        <time>2026-09-12T08:19:34Z</time>
        <hdop>7.7</hdop>
        <extensions>
          <osmand:speed>0.6</osmand:speed>
        </extensions>
      </trkpt>
      <trkpt lat="46.4555072" lon="9.6215252">
        <ele>2396.8</ele>
        <time>2026-09-12T08:19:40Z</time>
        <hdop>9.2</hdop>
        <extensions>
          <osmand:speed>1</osmand:speed>
        </extensions>
      </trkpt>
      <trkpt lat="46.4554866" lon="9.6214761">
        <ele>2396.8</ele>
        <time>2026-09-12T08:19:46Z</time>
        <hdop>10.2</hdop>
        <extensions>
          <osmand:speed>0.8</osmand:speed>
        </extensions>
      </trkpt>
      <trkpt lat="46.4554539" lon="9.6214323">
        <ele>2397.8</ele>
        <time>2026-09-12T08:19:52Z</time>
        <hdop>10.7</hdop>
        <extensions>
          <osmand:speed>0.8</osmand:speed>
        </extensions>
      </trkpt>
      <trkpt lat="46.4554351" lon="9.6213966">
        <ele>2396.8</ele>
        <time>2026-09-12T08:19:58Z</time>
        <hdop>9.2</hdop>
        <extensions>
          <osmand:speed>1.1</osmand:speed>
        </extensions>
      </trkpt>
      <trkpt lat="46.4554283" lon="9.6213308">
        <ele>2397.8</ele>
        <time>2026-09-12T08:20:04Z</time>
        <hdop>10.7</hdop>
        <extensions>
          <osmand:speed>0.7</osmand:speed>
        </extensions>
      </trkpt>
      <trkpt lat="46.4554154" lon="9.6212907">
        <ele>2398.8</ele>
        <time>2026-09-12T08:20:10Z</time>
        <hdop>8.2</hdop>
        <extensions>
          <osmand:speed>1</osmand:speed>
        </extensions>
      </trkpt>
      <trkpt lat="46.4553897" lon="9.6212136">
        <ele>2399.8</ele>
        <time>2026-09-12T08:20:16Z</time>
        <hdop>9.7</hdop>
        <extensions>
          <osmand:speed>0.9</osmand:speed>
        </extensions>
      </trkpt>
      <trkpt lat="46.4553826" lon="9.6211451">
        <ele>2400.8</ele>
        <time>2026-09-12T08:20:22Z</time>
        <hdop>10.2</hdop>
        <extensions>
          <osmand:speed>0.9</osmand:speed>
        </extensions>
      </trkpt>
      <trkpt lat="46.4553794" lon="9.6210849">
        <ele>2400.8</ele>
        <time>2026-09-12T08:20:28Z</time>
        <hdop>10.2</hdop>
        <extensions>
          <osmand:speed>1</osmand:speed>
        </extensions>
      </trkpt>
      <trkpt lat="46.4553737" lon="9.6210313">
        <ele>2400.8</ele>
        <time>2026-09-12T08:20:34Z</time>
        <hdop>7.7</hdop>
        <extensions>
          <osmand:speed>0.8</osmand:speed>
        </extensions>
      </trkpt>
      <trkpt lat="46.4553688" lon="9.6209701">
        <ele>2401.8</ele>
        <time>2026-09-12T08:20:40Z</time>
        <hdop>11.2</hdop>
        <extensions>
          <osmand:speed>0.9</osmand:speed>
        </extensions>
      </trkpt>
      <trkpt lat="46.4553513" lon="9.6209175">
        <ele>2402.8</ele>
        <time>2026-09-12T08:20:46Z</time>
        <hdop>9.7</hdop>
        <extensions>
          <osmand:speed>0.1</osmand:speed>
        </extensions>
      </trkpt>
      <trkpt lat="46.4553425" lon="9.6208708">
        <ele>2404.8</ele>
        <time>2026-09-12T08:20:52Z</time>
        <hdop>9.7</hdop>
        <extensions>
          <osmand:speed>0.6</osmand:speed>
        </extensions>
      </trkpt>
      <trkpt lat="46.4553362" lon="9.6208045">
        <ele>2405.8</ele>
        <time>2026-09-12T08:20:58Z</time>
        <hdop>10.7</hdop>
        <extensions>
          <osmand:speed>0.7</osmand:speed>
        </extensions>
      </trkpt>
      <trkpt lat="46.4553253" lon="9.6207389">
        <ele>2406.8</ele>
        <time>2026-09-12T08:21:04Z</time>
        <hdop>10.7</hdop>
        <extensions>
          <osmand:speed>0.5</osmand:speed>
        </extensions>
      </trkpt>
      <trkpt lat="46.4553131" lon="9.6206919">
        <ele>2407.8</ele>
        <time>2026-09-12T08:21:10Z</time>
        <hdop>7.1</hdop>
        <extensions>
          <osmand:speed>0.9</osmand:speed>
        </extensions>
      </trkpt>
      <trkpt lat="46.4553027" lon="9.6206643">
        <ele>2408.8</ele>
        <time>2026-09-12T08:21:24Z</time>
        <hdop>7.7</hdop>
        <extensions>
          <osmand:speed>0.9</osmand:speed>
        </extensions>
      </trkpt>
      <trkpt lat="46.455289" lon="9.620611">
        <ele>2408.8</ele>
        <time>2026-09-12T08:21:30Z</time>
        <hdop>9.2</hdop>
        <extensions>
          <osmand:speed>0.8</osmand:speed>
        </extensions>
      </trkpt>
      <trkpt lat="46.4552615" lon="9.6205459">
        <ele>2408.8</ele>
        <time>2026-09-12T08:21:36Z</time>
        <hdop>9.2</hdop>
        <extensions>
          <osmand:speed>0.7</osmand:speed>
        </extensions>
      </trkpt>
      <trkpt lat="46.4552721" lon="9.6204936">
        <ele>2407.8</ele>
        <time>2026-09-12T08:21:42Z</time>
        <hdop>9.7</hdop>
        <extensions>
          <osmand:speed>0.7</osmand:speed>
        </extensions>
      </trkpt>
      <trkpt lat="46.4552629" lon="9.6204263">
        <ele>2407.8</ele>
        <time>2026-09-12T08:21:48Z</time>
        <hdop>10.2</hdop>
        <extensions>
          <osmand:speed>0.8</osmand:speed>
        </extensions>
      </trkpt>
      <trkpt lat="46.4552653" lon="9.6203739">
        <ele>2407.8</ele>
        <time>2026-09-12T08:21:54Z</time>
        <hdop>10.7</hdop>
        <extensions>
          <osmand:speed>0.8</osmand:speed>
        </extensions>
      </trkpt>
      <trkpt lat="46.4552565" lon="9.6203111">
        <ele>2408.8</ele>
        <time>2026-09-12T08:22:00Z</time>
        <hdop>10.2</hdop>
        <extensions>
          <osmand:speed>0.6</osmand:speed>
        </extensions>
      </trkpt>
      <trkpt lat="46.4552546" lon="9.6202415">
        <ele>2408.8</ele>
        <time>2026-09-12T08:22:06Z</time>
        <hdop>10.2</hdop>
        <extensions>
          <osmand:speed>0.9</osmand:speed>
        </extensions>
      </trkpt>
      <trkpt lat="46.455244" lon="9.6201904">
        <ele>2409.8</ele>
        <time>2026-09-12T08:22:12Z</time>
        <hdop>11.2</hdop>
        <extensions>
          <osmand:speed>1</osmand:speed>
        </extensions>
      </trkpt>
      <trkpt lat="46.4552251" lon="9.6201349">
        <ele>2410.8</ele>
        <time>2026-09-12T08:22:18Z</time>
        <hdop>10.7</hdop>
        <extensions>
          <osmand:speed>0.9</osmand:speed>
        </extensions>
      </trkpt>
      <trkpt lat="46.4552246" lon="9.6200842">
        <ele>2413.8</ele>
        <time>2026-09-12T08:22:24Z</time>
        <hdop>9.2</hdop>
        <extensions>
          <osmand:speed>0.9</osmand:speed>
        </extensions>
      </trkpt>
      <trkpt lat="46.4552107" lon="9.6199925">
        <ele>2415.8</ele>
        <time>2026-09-12T08:22:30Z</time>
        <hdop>10.2</hdop>
        <extensions>
          <osmand:speed>1.2</osmand:speed>
        </extensions>
      </trkpt>
      <trkpt lat="46.4551815" lon="9.6199449">
        <ele>2415.8</ele>
        <time>2026-09-12T08:22:36Z</time>
        <hdop>10.2</hdop>
        <extensions>
          <osmand:speed>0.9</osmand:speed>
        </extensions>
      </trkpt>
      <trkpt lat="46.4551595" lon="9.6198955">
        <ele>2415.8</ele>
        <time>2026-09-12T08:22:42Z</time>
        <hdop>9.7</hdop>
        <extensions>
          <osmand:speed>1</osmand:speed>
        </extensions>
      </trkpt>
      <trkpt lat="46.4551091" lon="9.6198389">
        <ele>2417.8</ele>
        <time>2026-09-12T08:22:48Z</time>
        <hdop>9.7</hdop>
        <extensions>
          <osmand:speed>0.8</osmand:speed>
        </extensions>
      </trkpt>
      <trkpt lat="46.4551016" lon="9.6197573">
        <ele>2417.8</ele>
        <time>2026-09-12T08:22:54Z</time>
        <hdop>6.6</hdop>
        <extensions>
          <osmand:speed>1.2</osmand:speed>
        </extensions>
      </trkpt>
      <trkpt lat="46.4550711" lon="9.619678">
        <ele>2417.8</ele>
        <time>2026-09-12T08:23:00Z</time>
        <hdop>9.2</hdop>
        <extensions>
          <osmand:speed>1</osmand:speed>
        </extensions>
      </trkpt>
      <trkpt lat="46.4550426" lon="9.6195944">
        <ele>2417.8</ele>
        <time>2026-09-12T08:23:06Z</time>
        <hdop>6.6</hdop>
        <extensions>
          <osmand:speed>1.2</osmand:speed>
        </extensions>
      </trkpt>
      <trkpt lat="46.4550355" lon="9.619512">
        <ele>2418.8</ele>
        <time>2026-09-12T08:23:12Z</time>
        <hdop>7.1</hdop>
        <extensions>
          <osmand:speed>1.1</osmand:speed>
        </extensions>
      </trkpt>
      <trkpt lat="46.4550193" lon="9.6194175">
        <ele>2419.8</ele>
        <time>2026-09-12T08:23:18Z</time>
        <hdop>8.2</hdop>
        <extensions>
          <osmand:speed>1.1</osmand:speed>
        </extensions>
      </trkpt>
      <trkpt lat="46.4550152" lon="9.6193273">
        <ele>2419.8</ele>
        <time>2026-09-12T08:23:24Z</time>
        <hdop>8.7</hdop>
        <extensions>
          <osmand:speed>1.1</osmand:speed>
        </extensions>
      </trkpt>
      <trkpt lat="46.4550136" lon="9.6192507">
        <ele>2420.8</ele>
        <time>2026-09-12T08:23:30Z</time>
        <hdop>8.2</hdop>
        <extensions>
          <osmand:speed>0.7</osmand:speed>
        </extensions>
      </trkpt>
      <trkpt lat="46.4550023" lon="9.6192219">
        <ele>2421.8</ele>
        <time>2026-09-12T08:23:36Z</time>
        <hdop>8.2</hdop>
        <extensions>
          <osmand:speed>0</osmand:speed>
        </extensions>
      </trkpt>
      <trkpt lat="46.4550112" lon="9.6191889">
        <ele>2420.8</ele>
        <time>2026-09-12T08:25:16Z</time>
        <hdop>7.1</hdop>
        <extensions>
          <osmand:speed>0.5</osmand:speed>
        </extensions>
      </trkpt>
      <trkpt lat="46.455009" lon="9.6191336">
        <ele>2421.8</ele>
        <time>2026-09-12T08:25:22Z</time>
        <hdop>7.1</hdop>
        <extensions>
          <osmand:speed>1</osmand:speed>
        </extensions>
      </trkpt>
      <trkpt lat="46.4549994" lon="9.6190503">
        <ele>2420.8</ele>
        <time>2026-09-12T08:25:28Z</time>
        <hdop>7.7</hdop>
        <extensions>
          <osmand:speed>1.4</osmand:speed>
        </extensions>
      </trkpt>
      <trkpt lat="46.4549989" lon="9.6189628">
        <ele>2420.8</ele>
        <time>2026-09-12T08:25:34Z</time>
        <hdop>6.6</hdop>
        <extensions>
          <osmand:speed>1</osmand:speed>
        </extensions>
      </trkpt>
      <trkpt lat="46.4549839" lon="9.6188902">
        <ele>2420.8</ele>
        <time>2026-09-12T08:25:40Z</time>
        <hdop>8.2</hdop>
        <extensions>
          <osmand:speed>0.8</osmand:speed>
        </extensions>
      </trkpt>
      <trkpt lat="46.4549645" lon="9.6188053">
        <ele>2421.8</ele>
        <time>2026-09-12T08:25:46Z</time>
        <hdop>9.2</hdop>
        <extensions>
          <osmand:speed>0.6</osmand:speed>
        </extensions>
      </trkpt>
      <trkpt lat="46.4549349" lon="9.6187793">
        <ele>2422.8</ele>
        <time>2026-09-12T08:25:52Z</time>
        <hdop>10.7</hdop>
        <extensions>
          <osmand:speed>0.2</osmand:speed>
        </extensions>
      </trkpt>
      <trkpt lat="46.4549459" lon="9.6187278">
        <ele>2422.8</ele>
        <time>2026-09-12T08:25:58Z</time>
        <hdop>11.2</hdop>
        <extensions>
          <osmand:speed>0.7</osmand:speed>
        </extensions>
      </trkpt>
      <trkpt lat="46.4549203" lon="9.6186669">
        <ele>2422.8</ele>
        <time>2026-09-12T08:26:04Z</time>
        <hdop>8.2</hdop>
        <extensions>
          <osmand:speed>0.8</osmand:speed>
        </extensions>
      </trkpt>
      <trkpt lat="46.4549079" lon="9.6185962">
        <ele>2422.8</ele>
        <time>2026-09-12T08:26:10Z</time>
        <hdop>7.1</hdop>
        <extensions>
          <osmand:speed>0.8</osmand:speed>
        </extensions>
      </trkpt>
      <trkpt lat="46.4548958" lon="9.6185102">
        <ele>2423.8</ele>
        <time>2026-09-12T08:26:16Z</time>
        <hdop>10.2</hdop>
        <extensions>
          <osmand:speed>1.2</osmand:speed>
        </extensions>
      </trkpt>
      <trkpt lat="46.4548816" lon="9.6184094">
        <ele>2422.8</ele>
        <time>2026-09-12T08:26:22Z</time>
        <hdop>9.7</hdop>
        <extensions>
          <osmand:speed>1.2</osmand:speed>
        </extensions>
      </trkpt>
      <trkpt lat="46.4548664" lon="9.6183201">
        <ele>2423.8</ele>
        <time>2026-09-12T08:26:28Z</time>
        <hdop>8.2</hdop>
        <extensions>
          <osmand:speed>0.7</osmand:speed>
        </extensions>
      </trkpt>
      <trkpt lat="46.4548464" lon="9.61822">
        <ele>2423.8</ele>
        <time>2026-09-12T08:26:34Z</time>
        <hdop>8.7</hdop>
        <extensions>
          <osmand:speed>1.1</osmand:speed>
        </extensions>
      </trkpt>
      <trkpt lat="46.4548176" lon="9.6181628">
        <ele>2423.8</ele>
        <time>2026-09-12T08:26:40Z</time>
        <hdop>8.2</hdop>
        <extensions>
          <osmand:speed>0.8</osmand:speed>
        </extensions>
      </trkpt>
      <trkpt lat="46.4547935" lon="9.6180875">
        <ele>2424.8</ele>
        <time>2026-09-12T08:26:46Z</time>
        <hdop>9.2</hdop>
        <extensions>
          <osmand:speed>0.7</osmand:speed>
        </extensions>
      </trkpt>
      <trkpt lat="46.4547558" lon="9.6180306">
        <ele>2424.8</ele>
        <time>2026-09-12T08:26:52Z</time>
        <hdop>8.2</hdop>
        <extensions>
          <osmand:speed>1.1</osmand:speed>
        </extensions>
      </trkpt>
      <trkpt lat="46.4547251" lon="9.6179751">
        <ele>2424.8</ele>
        <time>2026-09-12T08:26:58Z</time>
        <hdop>8.2</hdop>
        <extensions>
          <osmand:speed>1</osmand:speed>
        </extensions>
      </trkpt>
      <trkpt lat="46.4546763" lon="9.6179596">
        <ele>2424.8</ele>
        <time>2026-09-12T08:27:04Z</time>
        <hdop>7.7</hdop>
        <extensions>
          <osmand:speed>0.6</osmand:speed>
        </extensions>
      </trkpt>
      <trkpt lat="46.4546371" lon="9.6179303">
        <ele>2425.8</ele>
        <time>2026-09-12T08:27:10Z</time>
        <hdop>8.2</hdop>
        <extensions>
          <osmand:speed>0.7</osmand:speed>
        </extensions>
      </trkpt>
      <trkpt lat="46.4546271" lon="9.6178995">
        <ele>2426.8</ele>
        <time>2026-09-12T08:27:19Z</time>
        <hdop>6.6</hdop>
        <extensions>
          <osmand:speed>0.8</osmand:speed>
        </extensions>
      </trkpt>
      <trkpt lat="46.4546231" lon="9.6178735">
        <ele>2427.8</ele>
        <time>2026-09-12T08:27:38Z</time>
        <hdop>8.2</hdop>
        <extensions>
          <osmand:speed>0.4</osmand:speed>
        </extensions>
      </trkpt>
      <trkpt lat="46.4546028" lon="9.6178329">
        <ele>2428.8</ele>
        <time>2026-09-12T08:27:44Z</time>
        <hdop>7.7</hdop>
        <extensions>
          <osmand:speed>0.9</osmand:speed>
        </extensions>
      </trkpt>
      <trkpt lat="46.4545912" lon="9.6177571">
        <ele>2429.8</ele>
        <time>2026-09-12T08:27:50Z</time>
        <hdop>10.2</hdop>
        <extensions>
          <osmand:speed>1.1</osmand:speed>
        </extensions>
      </trkpt>
      <trkpt lat="46.4545979" lon="9.6176889">
        <ele>2429.8</ele>
        <time>2026-09-12T08:27:56Z</time>
        <hdop>9.2</hdop>
        <extensions>
          <osmand:speed>0.7</osmand:speed>
        </extensions>
      </trkpt>
      <trkpt lat="46.4546123" lon="9.6176258">
        <ele>2430.8</ele>
        <time>2026-09-12T08:28:02Z</time>
        <hdop>8.7</hdop>
        <extensions>
          <osmand:speed>0.8</osmand:speed>
        </extensions>
      </trkpt>
      <trkpt lat="46.4546353" lon="9.6175591">
        <ele>2432.8</ele>
        <time>2026-09-12T08:28:08Z</time>
        <hdop>9.7</hdop>
        <extensions>
          <osmand:speed>1</osmand:speed>
        </extensions>
      </trkpt>
      <trkpt lat="46.4546547" lon="9.6174764">
        <ele>2432.8</ele>
        <time>2026-09-12T08:28:14Z</time>
        <hdop>9.2</hdop>
        <extensions>
          <osmand:speed>1</osmand:speed>
        </extensions>
      </trkpt>
      <trkpt lat="46.4546659" lon="9.6174166">
        <ele>2433.8</ele>
        <time>2026-09-12T08:28:20Z</time>
        <hdop>9.7</hdop>
        <extensions>
          <osmand:speed>1</osmand:speed>
        </extensions>
      </trkpt>
      <trkpt lat="46.4546708" lon="9.6173701">
        <ele>2434.8</ele>
        <time>2026-09-12T08:28:26Z</time>
        <hdop>7.1</hdop>
        <extensions>
          <osmand:speed>0.6</osmand:speed>
        </extensions>
      </trkpt>
      <trkpt lat="46.4546791" lon="9.6172853">
        <ele>2435.8</ele>
        <time>2026-09-12T08:28:32Z</time>
        <hdop>8.2</hdop>
        <extensions>
          <osmand:speed>0.8</osmand:speed>
        </extensions>
      </trkpt>
      <trkpt lat="46.4546939" lon="9.6172353">
        <ele>2436.8</ele>
        <time>2026-09-12T08:28:38Z</time>
        <hdop>8.7</hdop>
        <extensions>
          <osmand:speed>0.8</osmand:speed>
        </extensions>
      </trkpt>
      <trkpt lat="46.4547101" lon="9.6171661">
        <ele>2436.8</ele>
        <time>2026-09-12T08:28:44Z</time>
        <hdop>8.7</hdop>
        <extensions>
          <osmand:speed>1</osmand:speed>
        </extensions>
      </trkpt>
      <trkpt lat="46.4547166" lon="9.6170758">
        <ele>2437.8</ele>
        <time>2026-09-12T08:28:50Z</time>
        <hdop>8.7</hdop>
        <extensions>
          <osmand:speed>1.2</osmand:speed>
        </extensions>
      </trkpt>
      <trkpt lat="46.4547145" lon="9.6169878">
        <ele>2438.8</ele>
        <time>2026-09-12T08:28:56Z</time>
        <hdop>9.2</hdop>
        <extensions>
          <osmand:speed>0.9</osmand:speed>
        </extensions>
      </trkpt>
      <trkpt lat="46.4546909" lon="9.6169274">
        <ele>2439.8</ele>
        <time>2026-09-12T08:29:02Z</time>
        <hdop>9.2</hdop>
        <extensions>
          <osmand:speed>0.9</osmand:speed>
        </extensions>
      </trkpt>
      <trkpt lat="46.4546774" lon="9.6168493">
        <ele>2440.8</ele>
        <time>2026-09-12T08:29:08Z</time>
        <hdop>7.7</hdop>
        <extensions>
          <osmand:speed>0.9</osmand:speed>
        </extensions>
      </trkpt>
      <trkpt lat="46.454655" lon="9.6167836">
        <ele>2440.8</ele>
        <time>2026-09-12T08:29:14Z</time>
        <hdop>8.7</hdop>
        <extensions>
          <osmand:speed>0.9</osmand:speed>
        </extensions>
      </trkpt>
      <trkpt lat="46.4546356" lon="9.6166962">
        <ele>2441.8</ele>
        <time>2026-09-12T08:29:20Z</time>
        <hdop>8.2</hdop>
        <extensions>
          <osmand:speed>1.2</osmand:speed>
        </extensions>
      </trkpt>
      <trkpt lat="46.4546173" lon="9.6166055">
        <ele>2442.8</ele>
        <time>2026-09-12T08:29:26Z</time>
        <hdop>9.7</hdop>
        <extensions>
          <osmand:speed>1.3</osmand:speed>
        </extensions>
      </trkpt>
      <trkpt lat="46.454593" lon="9.616519">
        <ele>2443.8</ele>
        <time>2026-09-12T08:29:32Z</time>
        <hdop>8.2</hdop>
        <extensions>
          <osmand:speed>1.2</osmand:speed>
        </extensions>
      </trkpt>
      <trkpt lat="46.4545767" lon="9.6164221">
        <ele>2445.8</ele>
        <time>2026-09-12T08:29:38Z</time>
        <hdop>9.2</hdop>
        <extensions>
          <osmand:speed>1.2</osmand:speed>
        </extensions>
      </trkpt>
      <trkpt lat="46.4545811" lon="9.616331">
        <ele>2445.8</ele>
        <time>2026-09-12T08:29:44Z</time>
        <hdop>7.1</hdop>
        <extensions>
          <osmand:speed>1.2</osmand:speed>
        </extensions>
      </trkpt>
      <trkpt lat="46.454583" lon="9.6162482">
        <ele>2445.8</ele>
        <time>2026-09-12T08:29:50Z</time>
        <hdop>9.2</hdop>
        <extensions>
          <osmand:speed>1.3</osmand:speed>
        </extensions>
      </trkpt>
      <trkpt lat="46.4545724" lon="9.6161331">
        <ele>2445.8</ele>
        <time>2026-09-12T08:29:56Z</time>
        <hdop>8.2</hdop>
        <extensions>
          <osmand:speed>1.3</osmand:speed>
        </extensions>
      </trkpt>
      <trkpt lat="46.4545663" lon="9.616028">
        <ele>2444.8</ele>
        <time>2026-09-12T08:30:02Z</time>
        <hdop>8.2</hdop>
        <extensions>
          <osmand:speed>1</osmand:speed>
        </extensions>
      </trkpt>
      <trkpt lat="46.4545443" lon="9.6159371">
        <ele>2444.8</ele>
        <time>2026-09-12T08:30:08Z</time>
        <hdop>8.7</hdop>
        <extensions>
          <osmand:speed>1.3</osmand:speed>
        </extensions>
      </trkpt>
      <trkpt lat="46.4545096" lon="9.6158453">
        <ele>2443.8</ele>
        <time>2026-09-12T08:30:14Z</time>
        <hdop>8.2</hdop>
        <extensions>
          <osmand:speed>1.4</osmand:speed>
        </extensions>
      </trkpt>
      <trkpt lat="46.4544859" lon="9.6157706">
        <ele>2443.8</ele>
        <time>2026-09-12T08:30:20Z</time>
        <hdop>9.2</hdop>
        <extensions>
          <osmand:speed>1.1</osmand:speed>
        </extensions>
      </trkpt>
      <trkpt lat="46.4544672" lon="9.6156686">
        <ele>2442.8</ele>
        <time>2026-09-12T08:30:26Z</time>
        <hdop>9.2</hdop>
        <extensions>
          <osmand:speed>1.2</osmand:speed>
        </extensions>
      </trkpt>
      <trkpt lat="46.4544517" lon="9.6155663">
        <ele>2441.8</ele>
        <time>2026-09-12T08:30:32Z</time>
        <hdop>7.7</hdop>
        <extensions>
          <osmand:speed>1</osmand:speed>
        </extensions>
      </trkpt>
      <trkpt lat="46.4544218" lon="9.615473">
        <ele>2441.8</ele>
        <time>2026-09-12T08:30:38Z</time>
        <hdop>8.7</hdop>
        <extensions>
          <osmand:speed>1.2</osmand:speed>
        </extensions>
      </trkpt>
      <trkpt lat="46.4543965" lon="9.6153825">
        <ele>2442.8</ele>
        <time>2026-09-12T08:30:44Z</time>
        <hdop>9.2</hdop>
        <extensions>
          <osmand:speed>1.2</osmand:speed>
        </extensions>
      </trkpt>
      <trkpt lat="46.45436" lon="9.615283">
        <ele>2443.8</ele>
        <time>2026-09-12T08:30:50Z</time>
        <hdop>8.2</hdop>
        <extensions>
          <osmand:speed>1.2</osmand:speed>
        </extensions>
      </trkpt>
      <trkpt lat="46.454336" lon="9.6151956">
        <ele>2442.8</ele>
        <time>2026-09-12T08:30:56Z</time>
        <hdop>6.6</hdop>
        <extensions>
          <osmand:speed>1.2</osmand:speed>
        </extensions>
      </trkpt>
      <trkpt lat="46.454312" lon="9.6151376">
        <ele>2441.8</ele>
        <time>2026-09-12T08:31:02Z</time>
        <hdop>7.7</hdop>
        <extensions>
          <osmand:speed>1.3</osmand:speed>
        </extensions>
      </trkpt>
      <trkpt lat="46.4542757" lon="9.6150563">
        <ele>2441.8</ele>
        <time>2026-09-12T08:31:08Z</time>
        <hdop>6.6</hdop>
        <extensions>
          <osmand:speed>1.2</osmand:speed>
        </extensions>
      </trkpt>
      <trkpt lat="46.4542384" lon="9.6149623">
        <ele>2441.8</ele>
        <time>2026-09-12T08:31:14Z</time>
        <hdop>6.1</hdop>
        <extensions>
          <osmand:speed>1.2</osmand:speed>
        </extensions>
      </trkpt>
      <trkpt lat="46.4541881" lon="9.6148996">
        <ele>2441.8</ele>
        <time>2026-09-12T08:31:20Z</time>
        <hdop>9.2</hdop>
        <extensions>
          <osmand:speed>1.3</osmand:speed>
        </extensions>
      </trkpt>
      <trkpt lat="46.4541336" lon="9.6148337">
        <ele>2441.8</ele>
        <time>2026-09-12T08:31:26Z</time>
        <hdop>9.2</hdop>
        <extensions>
          <osmand:speed>1.3</osmand:speed>
        </extensions>
      </trkpt>
      <trkpt lat="46.4540998" lon="9.6147479">
        <ele>2441.8</ele>
        <time>2026-09-12T08:31:32Z</time>
        <hdop>6.1</hdop>
        <extensions>
          <osmand:speed>1.3</osmand:speed>
        </extensions>
      </trkpt>
      <trkpt lat="46.4540833" lon="9.6146499">
        <ele>2440.8</ele>
        <time>2026-09-12T08:31:38Z</time>
        <hdop>9.2</hdop>
        <extensions>
          <osmand:speed>1</osmand:speed>
        </extensions>
      </trkpt>
      <trkpt lat="46.4540547" lon="9.6145816">
        <ele>2440.8</ele>
        <time>2026-09-12T08:31:44Z</time>
        <hdop>9.2</hdop>
        <extensions>
          <osmand:speed>1.3</osmand:speed>
        </extensions>
      </trkpt>
      <trkpt lat="46.4540143" lon="9.6144854">
        <ele>2439.8</ele>
        <time>2026-09-12T08:31:50Z</time>
        <hdop>8.2</hdop>
        <extensions>
          <osmand:speed>1.2</osmand:speed>
        </extensions>
      </trkpt>
      <trkpt lat="46.4539855" lon="9.6144084">
        <ele>2439.8</ele>
        <time>2026-09-12T08:31:56Z</time>
        <hdop>8.2</hdop>
        <extensions>
          <osmand:speed>1.2</osmand:speed>
        </extensions>
      </trkpt>
      <trkpt lat="46.4539658" lon="9.6143337">
        <ele>2439.8</ele>
        <time>2026-09-12T08:32:02Z</time>
        <hdop>8.7</hdop>
        <extensions>
          <osmand:speed>1.1</osmand:speed>
        </extensions>
      </trkpt>
      <trkpt lat="46.4539336" lon="9.6142587">
        <ele>2439.8</ele>
        <time>2026-09-12T08:32:08Z</time>
        <hdop>8.2</hdop>
        <extensions>
          <osmand:speed>1.3</osmand:speed>
        </extensions>
      </trkpt>
      <trkpt lat="46.4538897" lon="9.6141963">
        <ele>2438.8</ele>
        <time>2026-09-12T08:32:14Z</time>
        <hdop>9.2</hdop>
        <extensions>
          <osmand:speed>1.1</osmand:speed>
        </extensions>
      </trkpt>
      <trkpt lat="46.4538414" lon="9.6141275">
        <ele>2438.8</ele>
        <time>2026-09-12T08:32:20Z</time>
        <hdop>9.2</hdop>
        <extensions>
          <osmand:speed>0.9</osmand:speed>
        </extensions>
      </trkpt>
      <trkpt lat="46.4538043" lon="9.614028">
        <ele>2438.8</ele>
        <time>2026-09-12T08:32:26Z</time>
        <hdop>9.7</hdop>
        <extensions>
          <osmand:speed>1.3</osmand:speed>
        </extensions>
      </trkpt>
      <trkpt lat="46.4538059" lon="9.6139546">
        <ele>2438.8</ele>
        <time>2026-09-12T08:32:32Z</time>
        <hdop>8.2</hdop>
        <extensions>
          <osmand:speed>1.2</osmand:speed>
        </extensions>
      </trkpt>
      <trkpt lat="46.4538292" lon="9.613873">
        <ele>2437.8</ele>
        <time>2026-09-12T08:32:38Z</time>
        <hdop>8.7</hdop>
        <extensions>
          <osmand:speed>1</osmand:speed>
        </extensions>
      </trkpt>
      <trkpt lat="46.453833" lon="9.6138073">
        <ele>2438.8</ele>
        <time>2026-09-12T08:32:44Z</time>
        <hdop>9.7</hdop>
        <extensions>
          <osmand:speed>0.9</osmand:speed>
        </extensions>
      </trkpt>
      <trkpt lat="46.4538415" lon="9.6137839">
        <ele>2438.8</ele>
        <time>2026-09-12T08:32:53Z</time>
        <hdop>7.7</hdop>
      </trkpt>
      <trkpt lat="46.453865" lon="9.6137064">
        <ele>2438.8</ele>
        <time>2026-09-12T08:32:59Z</time>
        <hdop>8.2</hdop>
        <extensions>
          <osmand:speed>1.3</osmand:speed>
        </extensions>
      </trkpt>
      <trkpt lat="46.4538747" lon="9.613602">
        <ele>2437.8</ele>
        <time>2026-09-12T08:33:05Z</time>
        <hdop>7.7</hdop>
        <extensions>
          <osmand:speed>1.6</osmand:speed>
        </extensions>
      </trkpt>
      <trkpt lat="46.4538953" lon="9.6135176">
        <ele>2437.8</ele>
        <time>2026-09-12T08:33:11Z</time>
        <hdop>8.2</hdop>
        <extensions>
          <osmand:speed>1.2</osmand:speed>
        </extensions>
      </trkpt>
      <trkpt lat="46.4539103" lon="9.6134093">
        <ele>2438.8</ele>
        <time>2026-09-12T08:33:17Z</time>
        <hdop>8.7</hdop>
        <extensions>
          <osmand:speed>1.1</osmand:speed>
        </extensions>
      </trkpt>
      <trkpt lat="46.4539264" lon="9.6133261">
        <ele>2439.8</ele>
        <time>2026-09-12T08:33:23Z</time>
        <hdop>9.7</hdop>
        <extensions>
          <osmand:speed>1.2</osmand:speed>
        </extensions>
      </trkpt>
      <trkpt lat="46.4539443" lon="9.613254">
        <ele>2439.8</ele>
        <time>2026-09-12T08:33:29Z</time>
        <hdop>10.2</hdop>
        <extensions>
          <osmand:speed>1.3</osmand:speed>
        </extensions>
      </trkpt>
      <trkpt lat="46.4539598" lon="9.6131575">
        <ele>2440.8</ele>
        <time>2026-09-12T08:33:35Z</time>
        <hdop>10.2</hdop>
        <extensions>
          <osmand:speed>1.5</osmand:speed>
        </extensions>
      </trkpt>
      <trkpt lat="46.4539868" lon="9.6130716">
        <ele>2439.8</ele>
        <time>2026-09-12T08:33:41Z</time>
        <hdop>9.2</hdop>
        <extensions>
          <osmand:speed>1</osmand:speed>
        </extensions>
      </trkpt>
      <trkpt lat="46.454011" lon="9.6130003">
        <ele>2440.8</ele>
        <time>2026-09-12T08:33:47Z</time>
        <hdop>8.2</hdop>
        <extensions>
          <osmand:speed>0.7</osmand:speed>
        </extensions>
      </trkpt>
      <trkpt lat="46.4540226" lon="9.6129309">
        <ele>2440.8</ele>
        <time>2026-09-12T08:33:53Z</time>
        <hdop>8.2</hdop>
        <extensions>
          <osmand:speed>0.9</osmand:speed>
        </extensions>
      </trkpt>
      <trkpt lat="46.4540263" lon="9.6128386">
        <ele>2442.8</ele>
        <time>2026-09-12T08:33:59Z</time>
        <hdop>8.2</hdop>
        <extensions>
          <osmand:speed>1.1</osmand:speed>
        </extensions>
      </trkpt>
      <trkpt lat="46.4540408" lon="9.6127333">
        <ele>2442.8</ele>
        <time>2026-09-12T08:34:05Z</time>
        <hdop>8.2</hdop>
        <extensions>
          <osmand:speed>1.2</osmand:speed>
        </extensions>
      </trkpt>
      <trkpt lat="46.4540323" lon="9.6126448">
        <ele>2443.8</ele>
        <time>2026-09-12T08:34:11Z</time>
        <hdop>9.2</hdop>
        <extensions>
          <osmand:speed>1.1</osmand:speed>
        </extensions>
      </trkpt>
      <trkpt lat="46.4540366" lon="9.6125256">
        <ele>2441.8</ele>
        <time>2026-09-12T08:34:17Z</time>
        <hdop>8.7</hdop>
        <extensions>
          <osmand:speed>1.1</osmand:speed>
        </extensions>
      </trkpt>
      <trkpt lat="46.4540538" lon="9.6124396">
        <ele>2441.8</ele>
        <time>2026-09-12T08:34:23Z</time>
        <hdop>8.7</hdop>
        <extensions>
          <osmand:speed>1.1</osmand:speed>
        </extensions>
      </trkpt>
      <trkpt lat="46.4540636" lon="9.6123417">
        <ele>2442.8</ele>
        <time>2026-09-12T08:34:29Z</time>
        <hdop>7.1</hdop>
        <extensions>
          <osmand:speed>1.2</osmand:speed>
        </extensions>
      </trkpt>
      <trkpt lat="46.4540644" lon="9.6122615">
        <ele>2442.8</ele>
        <time>2026-09-12T08:34:35Z</time>
        <hdop>7.1</hdop>
        <extensions>
          <osmand:speed>1.3</osmand:speed>
        </extensions>
      </trkpt>
      <trkpt lat="46.4540621" lon="9.6121812">
        <ele>2442.8</ele>
        <time>2026-09-12T08:34:41Z</time>
        <hdop>7.7</hdop>
        <extensions>
          <osmand:speed>1.1</osmand:speed>
        </extensions>
      </trkpt>
      <trkpt lat="46.4540618" lon="9.6120815">
        <ele>2442.8</ele>
        <time>2026-09-12T08:34:47Z</time>
        <hdop>8.2</hdop>
        <extensions>
          <osmand:speed>1.1</osmand:speed>
        </extensions>
      </trkpt>
      <trkpt lat="46.4540408" lon="9.6119925">
        <ele>2443.8</ele>
        <time>2026-09-12T08:34:53Z</time>
        <hdop>7.7</hdop>
        <extensions>
          <osmand:speed>1.2</osmand:speed>
        </extensions>
      </trkpt>
      <trkpt lat="46.4540327" lon="9.6119194">
        <ele>2442.8</ele>
        <time>2026-09-12T08:34:59Z</time>
        <hdop>7.7</hdop>
        <extensions>
          <osmand:speed>1</osmand:speed>
        </extensions>
      </trkpt>
      <trkpt lat="46.4540188" lon="9.6118304">
        <ele>2441.8</ele>
        <time>2026-09-12T08:35:05Z</time>
        <hdop>7.7</hdop>
        <extensions>
          <osmand:speed>0.9</osmand:speed>
        </extensions>
      </trkpt>
      <trkpt lat="46.4540148" lon="9.6117505">
        <ele>2442.8</ele>
        <time>2026-09-12T08:35:11Z</time>
        <hdop>8.7</hdop>
        <extensions>
          <osmand:speed>1</osmand:speed>
        </extensions>
      </trkpt>
      <trkpt lat="46.4540046" lon="9.6116552">
        <ele>2442.8</ele>
        <time>2026-09-12T08:35:17Z</time>
        <hdop>9.7</hdop>
        <extensions>
          <osmand:speed>1.3</osmand:speed>
        </extensions>
      </trkpt>
      <trkpt lat="46.4539711" lon="9.6115641">
        <ele>2442.8</ele>
        <time>2026-09-12T08:35:23Z</time>
        <hdop>7.7</hdop>
        <extensions>
          <osmand:speed>1.3</osmand:speed>
        </extensions>
      </trkpt>
      <trkpt lat="46.4539287" lon="9.6114813">
        <ele>2443.8</ele>
        <time>2026-09-12T08:35:29Z</time>
        <hdop>8.2</hdop>
        <extensions>
          <osmand:speed>1.2</osmand:speed>
        </extensions>
      </trkpt>
      <trkpt lat="46.4539082" lon="9.6114183">
        <ele>2442.8</ele>
        <time>2026-09-12T08:35:35Z</time>
        <hdop>10.2</hdop>
        <extensions>
          <osmand:speed>0.8</osmand:speed>
        </extensions>
      </trkpt>
      <trkpt lat="46.4538937" lon="9.6113379">
        <ele>2442.8</ele>
        <time>2026-09-12T08:35:41Z</time>
        <hdop>9.7</hdop>
        <extensions>
          <osmand:speed>1.3</osmand:speed>
        </extensions>
      </trkpt>
      <trkpt lat="46.4538709" lon="9.611262">
        <ele>2443.8</ele>
        <time>2026-09-12T08:35:47Z</time>
        <hdop>9.7</hdop>
        <extensions>
          <osmand:speed>1.3</osmand:speed>
        </extensions>
      </trkpt>
      <trkpt lat="46.453871" lon="9.6111836">
        <ele>2443.8</ele>
        <time>2026-09-12T08:35:53Z</time>
        <hdop>8.2</hdop>
        <extensions>
          <osmand:speed>0.8</osmand:speed>
        </extensions>
      </trkpt>
      <trkpt lat="46.453883" lon="9.61116">
        <ele>2444.8</ele>
        <time>2026-09-12T08:35:59Z</time>
        <hdop>7.1</hdop>
      </trkpt>
      <trkpt lat="46.4539041" lon="9.6111018">
        <ele>2444.8</ele>
        <time>2026-09-12T08:36:05Z</time>
        <hdop>8.2</hdop>
        <extensions>
          <osmand:speed>1.1</osmand:speed>
        </extensions>
      </trkpt>
      <trkpt lat="46.453917" lon="9.6110099">
        <ele>2445.8</ele>
        <time>2026-09-12T08:36:11Z</time>
        <hdop>7.1</hdop>
        <extensions>
          <osmand:speed>1.2</osmand:speed>
        </extensions>
      </trkpt>
      <trkpt lat="46.4538966" lon="9.6109581">
        <ele>2445.8</ele>
        <time>2026-09-12T08:36:17Z</time>
        <hdop>7.7</hdop>
        <extensions>
          <osmand:speed>0.3</osmand:speed>
        </extensions>
      </trkpt>
      <trkpt lat="46.4539223" lon="9.6109776">
        <ele>2446.8</ele>
        <time>2026-09-12T08:36:27Z</time>
        <hdop>8.7</hdop>
        <extensions>
          <osmand:speed>1</osmand:speed>
        </extensions>
      </trkpt>
      <trkpt lat="46.4539676" lon="9.6109795">
        <ele>2445.8</ele>
        <time>2026-09-12T08:36:33Z</time>
        <hdop>9.2</hdop>
        <extensions>
          <osmand:speed>1.1</osmand:speed>
        </extensions>
      </trkpt>
      <trkpt lat="46.4539962" lon="9.6109047">
        <ele>2445.8</ele>
        <time>2026-09-12T08:36:39Z</time>
        <hdop>9.7</hdop>
        <extensions>
          <osmand:speed>1.1</osmand:speed>
        </extensions>
      </trkpt>
      <trkpt lat="46.4540145" lon="9.6108219">
        <ele>2445.8</ele>
        <time>2026-09-12T08:36:45Z</time>
        <hdop>6.6</hdop>
        <extensions>
          <osmand:speed>1.1</osmand:speed>
        </extensions>
      </trkpt>
      <trkpt lat="46.4540291" lon="9.6107689">
        <ele>2446.8</ele>
        <time>2026-09-12T08:36:51Z</time>
        <hdop>11.2</hdop>
        <extensions>
          <osmand:speed>0.2</osmand:speed>
        </extensions>
      </trkpt>
      <trkpt lat="46.4540322" lon="9.61074">
        <ele>2447.8</ele>
        <time>2026-09-12T08:37:05Z</time>
        <hdop>7.1</hdop>
        <extensions>
          <osmand:speed>1.1</osmand:speed>
        </extensions>
      </trkpt>
      <trkpt lat="46.4540204" lon="9.6106407">
        <ele>2447.8</ele>
        <time>2026-09-12T08:37:11Z</time>
        <hdop>8.2</hdop>
        <extensions>
          <osmand:speed>1</osmand:speed>
        </extensions>
      </trkpt>
      <trkpt lat="46.453987" lon="9.6105786">
        <ele>2447.8</ele>
        <time>2026-09-12T08:37:17Z</time>
        <hdop>9.7</hdop>
        <extensions>
          <osmand:speed>1.1</osmand:speed>
        </extensions>
      </trkpt>
      <trkpt lat="46.4539844" lon="9.6105159">
        <ele>2447.8</ele>
        <time>2026-09-12T08:37:23Z</time>
        <hdop>10.2</hdop>
        <extensions>
          <osmand:speed>0.9</osmand:speed>
        </extensions>
      </trkpt>
      <trkpt lat="46.4539887" lon="9.6104431">
        <ele>2446.8</ele>
        <time>2026-09-12T08:37:29Z</time>
        <hdop>9.7</hdop>
        <extensions>
          <osmand:speed>0.6</osmand:speed>
        </extensions>
      </trkpt>
      <trkpt lat="46.4539833" lon="9.6103794">
        <ele>2445.8</ele>
        <time>2026-09-12T08:37:35Z</time>
        <hdop>9.7</hdop>
        <extensions>
          <osmand:speed>0.8</osmand:speed>
        </extensions>
      </trkpt>
      <trkpt lat="46.4539564" lon="9.6103352">
        <ele>2446.8</ele>
        <time>2026-09-12T08:37:41Z</time>
        <hdop>10.2</hdop>
        <extensions>
          <osmand:speed>1.1</osmand:speed>
        </extensions>
      </trkpt>
      <trkpt lat="46.4539239" lon="9.6102799">
        <ele>2447.8</ele>
        <time>2026-09-12T08:37:47Z</time>
        <hdop>10.7</hdop>
        <extensions>
          <osmand:speed>0.8</osmand:speed>
        </extensions>
      </trkpt>
      <trkpt lat="46.4539103" lon="9.6102236">
        <ele>2447.8</ele>
        <time>2026-09-12T08:37:53Z</time>
        <hdop>9.7</hdop>
        <extensions>
          <osmand:speed>0.8</osmand:speed>
        </extensions>
      </trkpt>
      <trkpt lat="46.4538905" lon="9.6101576">
        <ele>2448.8</ele>
        <time>2026-09-12T08:37:59Z</time>
        <hdop>10.2</hdop>
        <extensions>
          <osmand:speed>0.8</osmand:speed>
        </extensions>
      </trkpt>
      <trkpt lat="46.4538864" lon="9.6101172">
        <ele>2450.8</ele>
        <time>2026-09-12T08:38:05Z</time>
        <hdop>10.2</hdop>
        <extensions>
          <osmand:speed>0.7</osmand:speed>
        </extensions>
      </trkpt>
      <trkpt lat="46.4538599" lon="9.6100698">
        <ele>2450.8</ele>
        <time>2026-09-12T08:38:11Z</time>
        <hdop>9.7</hdop>
        <extensions>
          <osmand:speed>0.7</osmand:speed>
        </extensions>
      </trkpt>
      <trkpt lat="46.4538308" lon="9.6100283">
        <ele>2450.8</ele>
        <time>2026-09-12T08:38:17Z</time>
        <hdop>9.2</hdop>
        <extensions>
          <osmand:speed>0.5</osmand:speed>
        </extensions>
      </trkpt>
      <trkpt lat="46.4538117" lon="9.6099625">
        <ele>2449.8</ele>
        <time>2026-09-12T08:38:23Z</time>
        <hdop>9.2</hdop>
        <extensions>
          <osmand:speed>0.6</osmand:speed>
        </extensions>
      </trkpt>
      <trkpt lat="46.4537857" lon="9.6098995">
        <ele>2449.8</ele>
        <time>2026-09-12T08:38:29Z</time>
        <hdop>9.7</hdop>
        <extensions>
          <osmand:speed>1</osmand:speed>
        </extensions>
      </trkpt>
      <trkpt lat="46.453739" lon="9.6098467">
        <ele>2450.8</ele>
        <time>2026-09-12T08:38:35Z</time>
        <hdop>9.2</hdop>
        <extensions>
          <osmand:speed>1.1</osmand:speed>
        </extensions>
      </trkpt>
      <trkpt lat="46.4537067" lon="9.6097937">
        <ele>2451.8</ele>
        <time>2026-09-12T08:38:41Z</time>
        <hdop>9.7</hdop>
        <extensions>
          <osmand:speed>0.6</osmand:speed>
        </extensions>
      </trkpt>
      <trkpt lat="46.4536616" lon="9.6097783">
        <ele>2451.8</ele>
        <time>2026-09-12T08:38:47Z</time>
        <hdop>7.7</hdop>
        <extensions>
          <osmand:speed>1</osmand:speed>
        </extensions>
      </trkpt>
      <trkpt lat="46.4536332" lon="9.6097145">
        <ele>2451.8</ele>
        <time>2026-09-12T08:38:53Z</time>
        <hdop>9.2</hdop>
        <extensions>
          <osmand:speed>0.9</osmand:speed>
        </extensions>
      </trkpt>
      <trkpt lat="46.4536076" lon="9.609679">
        <ele>2452.8</ele>
        <time>2026-09-12T08:38:59Z</time>
        <hdop>9.2</hdop>
        <extensions>
          <osmand:speed>0.9</osmand:speed>
        </extensions>
      </trkpt>
      <trkpt lat="46.4535606" lon="9.6096121">
        <ele>2452.8</ele>
        <time>2026-09-12T08:39:05Z</time>
        <hdop>9.7</hdop>
        <extensions>
          <osmand:speed>1.1</osmand:speed>
        </extensions>
      </trkpt>
      <trkpt lat="46.4535521" lon="9.6095883">
        <ele>2451.8</ele>
        <time>2026-09-12T08:39:11Z</time>
        <hdop>7.7</hdop>
        <extensions>
          <osmand:speed>0.9</osmand:speed>
        </extensions>
      </trkpt>
      <trkpt lat="46.4535585" lon="9.6095611">
        <ele>2454.8</ele>
        <time>2026-09-12T08:39:18Z</time>
        <hdop>9.2</hdop>
        <extensions>
          <osmand:speed>0.1</osmand:speed>
        </extensions>
      </trkpt>
      <trkpt lat="46.453541" lon="9.6095165">
        <ele>2456.8</ele>
        <time>2026-09-12T08:39:24Z</time>
        <hdop>10.7</hdop>
        <extensions>
          <osmand:speed>1.5</osmand:speed>
        </extensions>
      </trkpt>
      <trkpt lat="46.4535156" lon="9.6094272">
        <ele>2456.8</ele>
        <time>2026-09-12T08:39:30Z</time>
        <hdop>10.7</hdop>
        <extensions>
          <osmand:speed>1.1</osmand:speed>
        </extensions>
      </trkpt>
      <trkpt lat="46.4534874" lon="9.6093829">
        <ele>2455.8</ele>
        <time>2026-09-12T08:39:36Z</time>
        <hdop>9.2</hdop>
        <extensions>
          <osmand:speed>1</osmand:speed>
        </extensions>
      </trkpt>
      <trkpt lat="46.4534571" lon="9.6093184">
        <ele>2454.8</ele>
        <time>2026-09-12T08:39:42Z</time>
        <hdop>9.7</hdop>
        <extensions>
          <osmand:speed>1.3</osmand:speed>
        </extensions>
      </trkpt>
      <trkpt lat="46.4534384" lon="9.6092275">
        <ele>2454.8</ele>
        <time>2026-09-12T08:39:48Z</time>
        <hdop>9.7</hdop>
        <extensions>
          <osmand:speed>1</osmand:speed>
        </extensions>
      </trkpt>
      <trkpt lat="46.4534033" lon="9.6091937">
        <ele>2456.8</ele>
        <time>2026-09-12T08:39:54Z</time>
        <hdop>8.7</hdop>
        <extensions>
          <osmand:speed>0.7</osmand:speed>
        </extensions>
      </trkpt>
      <trkpt lat="46.4533789" lon="9.6091819">
        <ele>2456.8</ele>
        <time>2026-09-12T08:40:00Z</time>
        <hdop>8.7</hdop>
        <extensions>
          <osmand:speed>0.3</osmand:speed>
        </extensions>
      </trkpt>
      <trkpt lat="46.4533968" lon="9.6091839">
        <ele>2458.8</ele>
        <time>2026-09-12T08:40:35Z</time>
        <hdop>8.2</hdop>
      </trkpt>
      <trkpt lat="46.4533914" lon="9.6091544">
        <ele>2459.8</ele>
        <time>2026-09-12T08:44:24Z</time>
        <hdop>9.2</hdop>
        <extensions>
          <osmand:speed>0.9</osmand:speed>
        </extensions>
      </trkpt>
      <trkpt lat="46.4534235" lon="9.6091465">
        <ele>2459.8</ele>
        <time>2026-09-12T08:44:30Z</time>
        <hdop>10.7</hdop>
        <extensions>
          <osmand:speed>0.4</osmand:speed>
        </extensions>
      </trkpt>
      <trkpt lat="46.4534038" lon="9.6091239">
        <ele>2459.8</ele>
        <time>2026-09-12T08:44:36Z</time>
        <hdop>11.2</hdop>
        <extensions>
          <osmand:speed>0.6</osmand:speed>
        </extensions>
      </trkpt>
      <trkpt lat="46.4533539" lon="9.6091022">
        <ele>2457.8</ele>
        <time>2026-09-12T08:44:42Z</time>
        <hdop>11.2</hdop>
        <extensions>
          <osmand:speed>1.2</osmand:speed>
        </extensions>
      </trkpt>
      <trkpt lat="46.4533119" lon="9.6090635">
        <ele>2458.8</ele>
        <time>2026-09-12T08:44:48Z</time>
        <hdop>10.2</hdop>
        <extensions>
          <osmand:speed>0.8</osmand:speed>
        </extensions>
      </trkpt>
      <trkpt lat="46.4532552" lon="9.6090354">
        <ele>2459.8</ele>
        <time>2026-09-12T08:44:54Z</time>
        <hdop>10.7</hdop>
        <extensions>
          <osmand:speed>0.9</osmand:speed>
        </extensions>
      </trkpt>
      <trkpt lat="46.4532068" lon="9.608984">
        <ele>2458.8</ele>
        <time>2026-09-12T08:45:00Z</time>
        <hdop>7.7</hdop>
        <extensions>
          <osmand:speed>1.3</osmand:speed>
        </extensions>
      </trkpt>
      <trkpt lat="46.4531699" lon="9.6089439">
        <ele>2459.8</ele>
        <time>2026-09-12T08:45:06Z</time>
        <hdop>10.7</hdop>
        <extensions>
          <osmand:speed>0.9</osmand:speed>
        </extensions>
      </trkpt>
      <trkpt lat="46.453128" lon="9.608928">
        <ele>2459.8</ele>
        <time>2026-09-12T08:45:12Z</time>
        <hdop>10.7</hdop>
        <extensions>
          <osmand:speed>0.8</osmand:speed>
        </extensions>
      </trkpt>
      <trkpt lat="46.4530896" lon="9.6088768">
        <ele>2459.8</ele>
        <time>2026-09-12T08:45:18Z</time>
        <hdop>9.7</hdop>
        <extensions>
          <osmand:speed>0.8</osmand:speed>
        </extensions>
      </trkpt>
      <trkpt lat="46.4530569" lon="9.6088191">
        <ele>2460.8</ele>
        <time>2026-09-12T08:45:24Z</time>
        <hdop>10.7</hdop>
        <extensions>
          <osmand:speed>0.7</osmand:speed>
        </extensions>
      </trkpt>
      <trkpt lat="46.453028" lon="9.6087615">
        <ele>2460.8</ele>
        <time>2026-09-12T08:45:30Z</time>
        <hdop>12.2</hdop>
        <extensions>
          <osmand:speed>0.7</osmand:speed>
        </extensions>
      </trkpt>
      <trkpt lat="46.4530061" lon="9.6087129">
        <ele>2460.8</ele>
        <time>2026-09-12T08:45:36Z</time>
        <hdop>11.7</hdop>
        <extensions>
          <osmand:speed>0.7</osmand:speed>
        </extensions>
      </trkpt>
      <trkpt lat="46.4529801" lon="9.6086359">
        <ele>2462.8</ele>
        <time>2026-09-12T08:45:42Z</time>
        <hdop>10.2</hdop>
        <extensions>
          <osmand:speed>0.7</osmand:speed>
        </extensions>
      </trkpt>
      <trkpt lat="46.4529352" lon="9.608616">
        <ele>2461.8</ele>
        <time>2026-09-12T08:45:48Z</time>
        <hdop>9.7</hdop>
        <extensions>
          <osmand:speed>0.3</osmand:speed>
        </extensions>
      </trkpt>
      <trkpt lat="46.4529324" lon="9.6085647">
        <ele>2462.8</ele>
        <time>2026-09-12T08:45:54Z</time>
        <hdop>7.7</hdop>
        <extensions>
          <osmand:speed>0.4</osmand:speed>
        </extensions>
      </trkpt>
      <trkpt lat="46.4529236" lon="9.6085334">
        <ele>2464.8</ele>
        <time>2026-09-12T08:46:07Z</time>
        <hdop>6.6</hdop>
        <extensions>
          <osmand:speed>1</osmand:speed>
        </extensions>
      </trkpt>
      <trkpt lat="46.4528678" lon="9.6084653">
        <ele>2463.8</ele>
        <time>2026-09-12T08:46:13Z</time>
        <hdop>11.2</hdop>
        <extensions>
          <osmand:speed>1</osmand:speed>
        </extensions>
      </trkpt>
      <trkpt lat="46.4528503" lon="9.6084253">
        <ele>2464.8</ele>
        <time>2026-09-12T08:46:19Z</time>
        <hdop>11.7</hdop>
        <extensions>
          <osmand:speed>0.5</osmand:speed>
        </extensions>
      </trkpt>
      <trkpt lat="46.4528522" lon="9.6083908">
        <ele>2465.8</ele>
        <time>2026-09-12T08:46:25Z</time>
        <hdop>10.7</hdop>
        <extensions>
          <osmand:speed>0.8</osmand:speed>
        </extensions>
      </trkpt>
      <trkpt lat="46.4528122" lon="9.6083102">
        <ele>2465.8</ele>
        <time>2026-09-12T08:46:31Z</time>
        <hdop>9.2</hdop>
        <extensions>
          <osmand:speed>1.1</osmand:speed>
        </extensions>
      </trkpt>
      <trkpt lat="46.45276" lon="9.6082403">
        <ele>2465.8</ele>
        <time>2026-09-12T08:46:37Z</time>
        <hdop>9.2</hdop>
        <extensions>
          <osmand:speed>1</osmand:speed>
        </extensions>
      </trkpt>
      <trkpt lat="46.4527394" lon="9.6081498">
        <ele>2466.8</ele>
        <time>2026-09-12T08:46:43Z</time>
        <hdop>9.7</hdop>
        <extensions>
          <osmand:speed>0.8</osmand:speed>
        </extensions>
      </trkpt>
      <trkpt lat="46.4527304" lon="9.6080888">
        <ele>2467.8</ele>
        <time>2026-09-12T08:46:49Z</time>
        <hdop>9.7</hdop>
        <extensions>
          <osmand:speed>1</osmand:speed>
        </extensions>
      </trkpt>
      <trkpt lat="46.4527253" lon="9.6080229">
        <ele>2468.8</ele>
        <time>2026-09-12T08:46:55Z</time>
        <hdop>10.7</hdop>
        <extensions>
          <osmand:speed>0.8</osmand:speed>
        </extensions>
      </trkpt>
      <trkpt lat="46.4527042" lon="9.6079504">
        <ele>2468.8</ele>
        <time>2026-09-12T08:47:01Z</time>
        <hdop>10.2</hdop>
        <extensions>
          <osmand:speed>1</osmand:speed>
        </extensions>
      </trkpt>
      <trkpt lat="46.452691" lon="9.6078826">
        <ele>2469.8</ele>
        <time>2026-09-12T08:47:07Z</time>
        <hdop>9.2</hdop>
        <extensions>
          <osmand:speed>0.8</osmand:speed>
        </extensions>
      </trkpt>
      <trkpt lat="46.4526703" lon="9.6078216">
        <ele>2469.8</ele>
        <time>2026-09-12T08:47:13Z</time>
        <hdop>9.2</hdop>
        <extensions>
          <osmand:speed>1</osmand:speed>
        </extensions>
      </trkpt>
      <trkpt lat="46.452636" lon="9.6077539">
        <ele>2470.8</ele>
        <time>2026-09-12T08:47:19Z</time>
        <hdop>9.7</hdop>
        <extensions>
          <osmand:speed>0.9</osmand:speed>
        </extensions>
      </trkpt>
      <trkpt lat="46.4526035" lon="9.6077034">
        <ele>2471.8</ele>
        <time>2026-09-12T08:47:25Z</time>
        <hdop>9.2</hdop>
        <extensions>
          <osmand:speed>1</osmand:speed>
        </extensions>
      </trkpt>
      <trkpt lat="46.4525468" lon="9.6076418">
        <ele>2472.8</ele>
        <time>2026-09-12T08:47:31Z</time>
        <hdop>9.7</hdop>
        <extensions>
          <osmand:speed>0.8</osmand:speed>
        </extensions>
      </trkpt>
      <trkpt lat="46.4525092" lon="9.6076013">
        <ele>2473.8</ele>
        <time>2026-09-12T08:47:37Z</time>
        <hdop>10.7</hdop>
        <extensions>
          <osmand:speed>1.2</osmand:speed>
        </extensions>
      </trkpt>
      <trkpt lat="46.4524832" lon="9.6075487">
        <ele>2473.8</ele>
        <time>2026-09-12T08:47:43Z</time>
        <hdop>10.2</hdop>
        <extensions>
          <osmand:speed>0.4</osmand:speed>
        </extensions>
      </trkpt>
      <trkpt lat="46.4524342" lon="9.6075348">
        <ele>2473.8</ele>
        <time>2026-09-12T08:47:49Z</time>
        <hdop>10.2</hdop>
        <extensions>
          <osmand:speed>1.2</osmand:speed>
        </extensions>
      </trkpt>
      <trkpt lat="46.4523753" lon="9.6074842">
        <ele>2473.8</ele>
        <time>2026-09-12T08:47:55Z</time>
        <hdop>9.7</hdop>
        <extensions>
          <osmand:speed>1</osmand:speed>
        </extensions>
      </trkpt>
      <trkpt lat="46.4523233" lon="9.6074439">
        <ele>2473.8</ele>
        <time>2026-09-12T08:48:01Z</time>
        <hdop>9.2</hdop>
        <extensions>
          <osmand:speed>1.1</osmand:speed>
        </extensions>
      </trkpt>
      <trkpt lat="46.4523089" lon="9.6074133">
        <ele>2474.8</ele>
        <time>2026-09-12T08:48:07Z</time>
        <hdop>9.2</hdop>
        <extensions>
          <osmand:speed>0</osmand:speed>
        </extensions>
      </trkpt>
      <trkpt lat="46.4522907" lon="9.6074173">
        <ele>2474.8</ele>
        <time>2026-09-12T08:48:13Z</time>
        <hdop>7.7</hdop>
        <extensions>
          <osmand:speed>1</osmand:speed>
        </extensions>
      </trkpt>
      <trkpt lat="46.4522389" lon="9.6074257">
        <ele>2474.8</ele>
        <time>2026-09-12T08:48:19Z</time>
        <hdop>10.2</hdop>
        <extensions>
          <osmand:speed>0.5</osmand:speed>
        </extensions>
      </trkpt>
      <trkpt lat="46.4522033" lon="9.6074066">
        <ele>2476.8</ele>
        <time>2026-09-12T08:48:25Z</time>
        <hdop>10.2</hdop>
        <extensions>
          <osmand:speed>0.6</osmand:speed>
        </extensions>
      </trkpt>
      <trkpt lat="46.4521676" lon="9.6073645">
        <ele>2476.8</ele>
        <time>2026-09-12T08:48:31Z</time>
        <hdop>9.7</hdop>
        <extensions>
          <osmand:speed>0.9</osmand:speed>
        </extensions>
      </trkpt>
      <trkpt lat="46.4521309" lon="9.6073247">
        <ele>2476.8</ele>
        <time>2026-09-12T08:48:37Z</time>
        <hdop>9.2</hdop>
        <extensions>
          <osmand:speed>0.7</osmand:speed>
        </extensions>
      </trkpt>
      <trkpt lat="46.4520765" lon="9.6072605">
        <ele>2476.8</ele>
        <time>2026-09-12T08:48:43Z</time>
        <hdop>9.2</hdop>
        <extensions>
          <osmand:speed>1.2</osmand:speed>
        </extensions>
      </trkpt>
      <trkpt lat="46.452054" lon="9.6072158">
        <ele>2475.8</ele>
        <time>2026-09-12T08:48:49Z</time>
        <hdop>10.2</hdop>
        <extensions>
          <osmand:speed>0.6</osmand:speed>
        </extensions>
      </trkpt>
      <trkpt lat="46.452015" lon="9.6071597">
        <ele>2476.8</ele>
        <time>2026-09-12T08:48:55Z</time>
        <hdop>9.2</hdop>
        <extensions>
          <osmand:speed>1.2</osmand:speed>
        </extensions>
      </trkpt>
      <trkpt lat="46.4519746" lon="9.6071055">
        <ele>2477.8</ele>
        <time>2026-09-12T08:49:01Z</time>
        <hdop>9.2</hdop>
        <extensions>
          <osmand:speed>0.8</osmand:speed>
        </extensions>
      </trkpt>
      <trkpt lat="46.4519507" lon="9.6070376">
        <ele>2477.8</ele>
        <time>2026-09-12T08:49:07Z</time>
        <hdop>11.7</hdop>
        <extensions>
          <osmand:speed>1.4</osmand:speed>
        </extensions>
      </trkpt>
      <trkpt lat="46.4519373" lon="9.6069529">
        <ele>2477.8</ele>
        <time>2026-09-12T08:49:13Z</time>
        <hdop>9.2</hdop>
        <extensions>
          <osmand:speed>1.2</osmand:speed>
        </extensions>
      </trkpt>
      <trkpt lat="46.4518971" lon="9.6068881">
        <ele>2476.8</ele>
        <time>2026-09-12T08:49:19Z</time>
        <hdop>10.2</hdop>
        <extensions>
          <osmand:speed>0.8</osmand:speed>
        </extensions>
      </trkpt>
      <trkpt lat="46.4518567" lon="9.6068478">
        <ele>2479.8</ele>
        <time>2026-09-12T08:49:25Z</time>
        <hdop>10.2</hdop>
        <extensions>
          <osmand:speed>0.6</osmand:speed>
        </extensions>
      </trkpt>
      <trkpt lat="46.4518237" lon="9.6067773">
        <ele>2479.8</ele>
        <time>2026-09-12T08:49:31Z</time>
        <hdop>9.2</hdop>
        <extensions>
          <osmand:speed>1</osmand:speed>
        </extensions>
      </trkpt>
      <trkpt lat="46.4517869" lon="9.6067092">
        <ele>2480.8</ele>
        <time>2026-09-12T08:49:37Z</time>
        <hdop>9.7</hdop>
        <extensions>
          <osmand:speed>1.4</osmand:speed>
        </extensions>
      </trkpt>
      <trkpt lat="46.4517412" lon="9.6066448">
        <ele>2480.8</ele>
        <time>2026-09-12T08:49:43Z</time>
        <hdop>8.7</hdop>
        <extensions>
          <osmand:speed>1.1</osmand:speed>
        </extensions>
      </trkpt>
      <trkpt lat="46.4516995" lon="9.6066172">
        <ele>2481.8</ele>
        <time>2026-09-12T08:49:49Z</time>
        <hdop>9.2</hdop>
        <extensions>
          <osmand:speed>0.8</osmand:speed>
        </extensions>
      </trkpt>
      <trkpt lat="46.4516396" lon="9.6066082">
        <ele>2482.8</ele>
        <time>2026-09-12T08:49:55Z</time>
        <hdop>8.2</hdop>
        <extensions>
          <osmand:speed>1.2</osmand:speed>
        </extensions>
      </trkpt>
      <trkpt lat="46.4515768" lon="9.6065633">
        <ele>2482.8</ele>
        <time>2026-09-12T08:50:01Z</time>
        <hdop>10.2</hdop>
        <extensions>
          <osmand:speed>1.2</osmand:speed>
        </extensions>
      </trkpt>
      <trkpt lat="46.4515124" lon="9.6065148">
        <ele>2483.8</ele>
        <time>2026-09-12T08:50:07Z</time>
        <hdop>10.7</hdop>
        <extensions>
          <osmand:speed>1.2</osmand:speed>
        </extensions>
      </trkpt>
      <trkpt lat="46.4514649" lon="9.6064751">
        <ele>2484.8</ele>
        <time>2026-09-12T08:50:13Z</time>
        <hdop>8.7</hdop>
        <extensions>
          <osmand:speed>1</osmand:speed>
        </extensions>
      </trkpt>
      <trkpt lat="46.4514183" lon="9.6064181">
        <ele>2484.8</ele>
        <time>2026-09-12T08:50:19Z</time>
        <hdop>10.2</hdop>
        <extensions>
          <osmand:speed>1</osmand:speed>
        </extensions>
      </trkpt>
      <trkpt lat="46.4513637" lon="9.6063913">
        <ele>2486.8</ele>
        <time>2026-09-12T08:50:25Z</time>
        <hdop>10.2</hdop>
        <extensions>
          <osmand:speed>1.4</osmand:speed>
        </extensions>
      </trkpt>
      <trkpt lat="46.451292" lon="9.6063712">
        <ele>2485.8</ele>
        <time>2026-09-12T08:50:31Z</time>
        <hdop>9.7</hdop>
        <extensions>
          <osmand:speed>1</osmand:speed>
        </extensions>
      </trkpt>
      <trkpt lat="46.4512515" lon="9.6063394">
        <ele>2485.8</ele>
        <time>2026-09-12T08:50:37Z</time>
        <hdop>9.7</hdop>
        <extensions>
          <osmand:speed>0.8</osmand:speed>
        </extensions>
      </trkpt>
      <trkpt lat="46.4512262" lon="9.6063038">
        <ele>2484.8</ele>
        <time>2026-09-12T08:50:43Z</time>
        <hdop>9.7</hdop>
        <extensions>
          <osmand:speed>0.8</osmand:speed>
        </extensions>
      </trkpt>
      <trkpt lat="46.4511972" lon="9.6062519">
        <ele>2484.8</ele>
        <time>2026-09-12T08:50:49Z</time>
        <hdop>8.7</hdop>
        <extensions>
          <osmand:speed>0.7</osmand:speed>
        </extensions>
      </trkpt>
      <trkpt lat="46.4511509" lon="9.6062441">
        <ele>2484.8</ele>
        <time>2026-09-12T08:50:55Z</time>
        <hdop>9.2</hdop>
        <extensions>
          <osmand:speed>0.8</osmand:speed>
        </extensions>
      </trkpt>
      <trkpt lat="46.4511406" lon="9.606166">
        <ele>2483.8</ele>
        <time>2026-09-12T08:51:01Z</time>
        <hdop>10.2</hdop>
        <extensions>
          <osmand:speed>1</osmand:speed>
        </extensions>
      </trkpt>
      <trkpt lat="46.4511045" lon="9.6061168">
        <ele>2483.8</ele>
        <time>2026-09-12T08:51:07Z</time>
        <hdop>10.2</hdop>
        <extensions>
          <osmand:speed>1</osmand:speed>
        </extensions>
      </trkpt>
      <trkpt lat="46.4510785" lon="9.6060572">
        <ele>2484.8</ele>
        <time>2026-09-12T08:51:13Z</time>
        <hdop>10.7</hdop>
        <extensions>
          <osmand:speed>0.9</osmand:speed>
        </extensions>
      </trkpt>
      <trkpt lat="46.4510648" lon="9.6059966">
        <ele>2484.8</ele>
        <time>2026-09-12T08:51:19Z</time>
        <hdop>11.7</hdop>
        <extensions>
          <osmand:speed>0.9</osmand:speed>
        </extensions>
      </trkpt>
      <trkpt lat="46.4510442" lon="9.6059319">
        <ele>2485.8</ele>
        <time>2026-09-12T08:51:25Z</time>
        <hdop>9.7</hdop>
        <extensions>
          <osmand:speed>1</osmand:speed>
        </extensions>
      </trkpt>
      <trkpt lat="46.4510016" lon="9.6058894">
        <ele>2486.8</ele>
        <time>2026-09-12T08:51:31Z</time>
        <hdop>11.2</hdop>
        <extensions>
          <osmand:speed>0.8</osmand:speed>
        </extensions>
      </trkpt>
      <trkpt lat="46.4509624" lon="9.6058733">
        <ele>2486.8</ele>
        <time>2026-09-12T08:51:37Z</time>
        <hdop>7.7</hdop>
        <extensions>
          <osmand:speed>1.1</osmand:speed>
        </extensions>
      </trkpt>
      <trkpt lat="46.4509345" lon="9.6058394">
        <ele>2488.8</ele>
        <time>2026-09-12T08:51:43Z</time>
        <hdop>9.7</hdop>
        <extensions>
          <osmand:speed>0.6</osmand:speed>
        </extensions>
      </trkpt>
      <trkpt lat="46.4509268" lon="9.6058071">
        <ele>2489.8</ele>
        <time>2026-09-12T08:51:49Z</time>
        <hdop>8.2</hdop>
      </trkpt>
      <trkpt lat="46.450904" lon="9.6057979">
        <ele>2489.8</ele>
        <time>2026-09-12T08:51:56Z</time>
        <hdop>10.2</hdop>
        <extensions>
          <osmand:speed>0.8</osmand:speed>
        </extensions>
      </trkpt>
      <trkpt lat="46.4508576" lon="9.6058402">
        <ele>2490.8</ele>
        <time>2026-09-12T08:52:02Z</time>
        <hdop>10.2</hdop>
        <extensions>
          <osmand:speed>1</osmand:speed>
        </extensions>
      </trkpt>
      <trkpt lat="46.4508199" lon="9.6058555">
        <ele>2490.8</ele>
        <time>2026-09-12T08:52:08Z</time>
        <hdop>8.2</hdop>
        <extensions>
          <osmand:speed>0.6</osmand:speed>
        </extensions>
      </trkpt>
      <trkpt lat="46.4507836" lon="9.605845">
        <ele>2491.8</ele>
        <time>2026-09-12T08:52:14Z</time>
        <hdop>11.2</hdop>
        <extensions>
          <osmand:speed>0.9</osmand:speed>
        </extensions>
      </trkpt>
      <trkpt lat="46.4507554" lon="9.6058209">
        <ele>2492.8</ele>
        <time>2026-09-12T08:52:20Z</time>
        <hdop>9.7</hdop>
        <extensions>
          <osmand:speed>0.3</osmand:speed>
        </extensions>
      </trkpt>
      <trkpt lat="46.4507148" lon="9.6058327">
        <ele>2491.8</ele>
        <time>2026-09-12T08:52:26Z</time>
        <hdop>9.2</hdop>
        <extensions>
          <osmand:speed>0.7</osmand:speed>
        </extensions>
      </trkpt>
      <trkpt lat="46.450674" lon="9.6058076">
        <ele>2492.8</ele>
        <time>2026-09-12T08:52:32Z</time>
        <hdop>10.2</hdop>
        <extensions>
          <osmand:speed>1.1</osmand:speed>
        </extensions>
      </trkpt>
      <trkpt lat="46.4506346" lon="9.6057896">
        <ele>2494.8</ele>
        <time>2026-09-12T08:52:38Z</time>
        <hdop>8.2</hdop>
        <extensions>
          <osmand:speed>1.1</osmand:speed>
        </extensions>
      </trkpt>
      <trkpt lat="46.4506041" lon="9.605776">
        <ele>2494.8</ele>
        <time>2026-09-12T08:52:44Z</time>
        <hdop>10.2</hdop>
        <extensions>
          <osmand:speed>0.5</osmand:speed>
        </extensions>
      </trkpt>
      <trkpt lat="46.4505578" lon="9.6057669">
        <ele>2496.8</ele>
        <time>2026-09-12T08:52:50Z</time>
        <hdop>9.7</hdop>
        <extensions>
          <osmand:speed>0.7</osmand:speed>
        </extensions>
      </trkpt>
      <trkpt lat="46.4505424" lon="9.6057531">
        <ele>2497.8</ele>
        <time>2026-09-12T08:52:56Z</time>
        <hdop>11.7</hdop>
        <extensions>
          <osmand:speed>0.8</osmand:speed>
        </extensions>
      </trkpt>
      <trkpt lat="46.4505041" lon="9.6057432">
        <ele>2497.8</ele>
        <time>2026-09-12T08:53:02Z</time>
        <hdop>10.2</hdop>
        <extensions>
          <osmand:speed>0.5</osmand:speed>
        </extensions>
      </trkpt>
      <trkpt lat="46.4505191" lon="9.6057152">
        <ele>2497.8</ele>
        <time>2026-09-12T08:53:08Z</time>
        <hdop>8.2</hdop>
      </trkpt>
      <trkpt lat="46.450516" lon="9.6056894">
        <ele>2499.8</ele>
        <time>2026-09-12T08:53:14Z</time>
        <hdop>8.7</hdop>
        <extensions>
          <osmand:speed>0.5</osmand:speed>
        </extensions>
      </trkpt>
      <trkpt lat="46.4504907" lon="9.6056689">
        <ele>2499.8</ele>
        <time>2026-09-12T08:53:20Z</time>
        <hdop>9.2</hdop>
        <extensions>
          <osmand:speed>0.8</osmand:speed>
        </extensions>
      </trkpt>
      <trkpt lat="46.4504869" lon="9.6056357">
        <ele>2499.8</ele>
        <time>2026-09-12T08:53:26Z</time>
        <hdop>9.7</hdop>
        <extensions>
          <osmand:speed>0.7</osmand:speed>
        </extensions>
      </trkpt>
      <trkpt lat="46.4504492" lon="9.6056242">
        <ele>2499.8</ele>
        <time>2026-09-12T08:53:32Z</time>
        <hdop>10.2</hdop>
        <extensions>
          <osmand:speed>0.3</osmand:speed>
        </extensions>
      </trkpt>
      <trkpt lat="46.4504327" lon="9.605599">
        <ele>2500.8</ele>
        <time>2026-09-12T08:53:38Z</time>
        <hdop>9.7</hdop>
        <extensions>
          <osmand:speed>0.8</osmand:speed>
        </extensions>
      </trkpt>
      <trkpt lat="46.4504205" lon="9.6055646">
        <ele>2500.8</ele>
        <time>2026-09-12T08:53:44Z</time>
        <hdop>11.2</hdop>
        <extensions>
          <osmand:speed>0.7</osmand:speed>
        </extensions>
      </trkpt>
      <trkpt lat="46.4503933" lon="9.6055558">
        <ele>2500.8</ele>
        <time>2026-09-12T08:53:50Z</time>
        <hdop>9.7</hdop>
        <extensions>
          <osmand:speed>0.6</osmand:speed>
        </extensions>
      </trkpt>
      <trkpt lat="46.4503714" lon="9.605524">
        <ele>2501.8</ele>
        <time>2026-09-12T08:53:56Z</time>
        <hdop>12.2</hdop>
        <extensions>
          <osmand:speed>0.3</osmand:speed>
        </extensions>
      </trkpt>
      <trkpt lat="46.4503417" lon="9.6055159">
        <ele>2502.8</ele>
        <time>2026-09-12T08:54:02Z</time>
        <hdop>12.2</hdop>
        <extensions>
          <osmand:speed>0.9</osmand:speed>
        </extensions>
      </trkpt>
      <trkpt lat="46.4503122" lon="9.6054903">
        <ele>2502.8</ele>
        <time>2026-09-12T08:54:08Z</time>
        <hdop>9.7</hdop>
        <extensions>
          <osmand:speed>0.7</osmand:speed>
        </extensions>
      </trkpt>
      <trkpt lat="46.4503165" lon="9.6054312">
        <ele>2503.8</ele>
        <time>2026-09-12T08:54:14Z</time>
        <hdop>9.7</hdop>
        <extensions>
          <osmand:speed>0.7</osmand:speed>
        </extensions>
      </trkpt>
      <trkpt lat="46.4503034" lon="9.6053787">
        <ele>2502.8</ele>
        <time>2026-09-12T08:54:20Z</time>
        <hdop>10.7</hdop>
        <extensions>
          <osmand:speed>0.4</osmand:speed>
        </extensions>
      </trkpt>
      <trkpt lat="46.4502773" lon="9.6053689">
        <ele>2501.8</ele>
        <time>2026-09-12T08:54:26Z</time>
        <hdop>11.7</hdop>
        <extensions>
          <osmand:speed>0.6</osmand:speed>
        </extensions>
      </trkpt>
      <trkpt lat="46.4502622" lon="9.6053159">
        <ele>2500.8</ele>
        <time>2026-09-12T08:54:32Z</time>
        <hdop>9.2</hdop>
        <extensions>
          <osmand:speed>0.5</osmand:speed>
        </extensions>
      </trkpt>
      <trkpt lat="46.4502422" lon="9.6052519">
        <ele>2500.8</ele>
        <time>2026-09-12T08:54:38Z</time>
        <hdop>9.2</hdop>
        <extensions>
          <osmand:speed>0.9</osmand:speed>
        </extensions>
      </trkpt>
      <trkpt lat="46.4501988" lon="9.6052243">
        <ele>2502.8</ele>
        <time>2026-09-12T08:54:44Z</time>
        <hdop>9.7</hdop>
        <extensions>
          <osmand:speed>1</osmand:speed>
        </extensions>
      </trkpt>
      <trkpt lat="46.4501592" lon="9.6051749">
        <ele>2502.8</ele>
        <time>2026-09-12T08:54:50Z</time>
        <hdop>9.7</hdop>
        <extensions>
          <osmand:speed>0.3</osmand:speed>
        </extensions>
      </trkpt>
      <trkpt lat="46.4501374" lon="9.6051515">
        <ele>2503.8</ele>
        <time>2026-09-12T08:54:56Z</time>
        <hdop>11.7</hdop>
        <extensions>
          <osmand:speed>1.2</osmand:speed>
        </extensions>
      </trkpt>
      <trkpt lat="46.4501247" lon="9.6050812">
        <ele>2504.8</ele>
        <time>2026-09-12T08:55:02Z</time>
        <hdop>10.7</hdop>
        <extensions>
          <osmand:speed>1.2</osmand:speed>
        </extensions>
      </trkpt>
      <trkpt lat="46.4501179" lon="9.6050068">
        <ele>2506.8</ele>
        <time>2026-09-12T08:55:08Z</time>
        <hdop>10.2</hdop>
        <extensions>
          <osmand:speed>0.8</osmand:speed>
        </extensions>
      </trkpt>
      <trkpt lat="46.4500878" lon="9.6049461">
        <ele>2508.8</ele>
        <time>2026-09-12T08:55:14Z</time>
        <hdop>11.2</hdop>
        <extensions>
          <osmand:speed>0.2</osmand:speed>
        </extensions>
      </trkpt>
      <trkpt lat="46.4500374" lon="9.6049091">
        <ele>2509.8</ele>
        <time>2026-09-12T08:55:20Z</time>
        <hdop>10.2</hdop>
        <extensions>
          <osmand:speed>1.1</osmand:speed>
        </extensions>
      </trkpt>
      <trkpt lat="46.45002" lon="9.6048544">
        <ele>2509.8</ele>
        <time>2026-09-12T08:55:26Z</time>
        <hdop>11.2</hdop>
        <extensions>
          <osmand:speed>1.1</osmand:speed>
        </extensions>
      </trkpt>
      <trkpt lat="46.45" lon="9.6048133">
        <ele>2512.8</ele>
        <time>2026-09-12T08:55:32Z</time>
        <hdop>10.7</hdop>
        <extensions>
          <osmand:speed>0.1</osmand:speed>
        </extensions>
      </trkpt>
      <trkpt lat="46.4500051" lon="9.6047343">
        <ele>2514.8</ele>
        <time>2026-09-12T08:55:38Z</time>
        <hdop>12.2</hdop>
        <extensions>
          <osmand:speed>1.7</osmand:speed>
        </extensions>
      </trkpt>
      <trkpt lat="46.4499882" lon="9.6047038">
        <ele>2515.8</ele>
        <time>2026-09-12T08:55:44Z</time>
        <hdop>11.2</hdop>
        <extensions>
          <osmand:speed>0.2</osmand:speed>
        </extensions>
      </trkpt>
      <trkpt lat="46.449977" lon="9.6046639">
        <ele>2517.8</ele>
        <time>2026-09-12T08:55:50Z</time>
        <hdop>9.7</hdop>
        <extensions>
          <osmand:speed>1.3</osmand:speed>
        </extensions>
      </trkpt>
      <trkpt lat="46.4499319" lon="9.6046022">
        <ele>2518.8</ele>
        <time>2026-09-12T08:55:56Z</time>
        <hdop>7.1</hdop>
        <extensions>
          <osmand:speed>1.1</osmand:speed>
        </extensions>
      </trkpt>
      <trkpt lat="46.4499227" lon="9.6045078">
        <ele>2519.8</ele>
        <time>2026-09-12T08:56:02Z</time>
        <hdop>8.7</hdop>
        <extensions>
          <osmand:speed>1.2</osmand:speed>
        </extensions>
      </trkpt>
      <trkpt lat="46.4499262" lon="9.6044382">
        <ele>2519.8</ele>
        <time>2026-09-12T08:56:08Z</time>
        <hdop>10.7</hdop>
        <extensions>
          <osmand:speed>1.3</osmand:speed>
        </extensions>
      </trkpt>
      <trkpt lat="46.449925" lon="9.6043858">
        <ele>2521.8</ele>
        <time>2026-09-12T08:56:14Z</time>
        <hdop>10.2</hdop>
        <extensions>
          <osmand:speed>0.9</osmand:speed>
        </extensions>
      </trkpt>
      <trkpt lat="46.4499046" lon="9.6043005">
        <ele>2520.8</ele>
        <time>2026-09-12T08:56:20Z</time>
        <hdop>8.7</hdop>
        <extensions>
          <osmand:speed>1</osmand:speed>
        </extensions>
      </trkpt>
      <trkpt lat="46.4498743" lon="9.6042084">
        <ele>2520.8</ele>
        <time>2026-09-12T08:56:26Z</time>
        <hdop>8.2</hdop>
        <extensions>
          <osmand:speed>1.4</osmand:speed>
        </extensions>
      </trkpt>
      <trkpt lat="46.4498553" lon="9.604112">
        <ele>2520.8</ele>
        <time>2026-09-12T08:56:32Z</time>
        <hdop>8.7</hdop>
        <extensions>
          <osmand:speed>1.3</osmand:speed>
        </extensions>
      </trkpt>
      <trkpt lat="46.4498302" lon="9.6040115">
        <ele>2520.8</ele>
        <time>2026-09-12T08:56:38Z</time>
        <hdop>8.7</hdop>
        <extensions>
          <osmand:speed>1.3</osmand:speed>
        </extensions>
      </trkpt>
      <trkpt lat="46.4498084" lon="9.6039427">
        <ele>2521.8</ele>
        <time>2026-09-12T08:56:44Z</time>
        <hdop>9.2</hdop>
        <extensions>
          <osmand:speed>0.3</osmand:speed>
        </extensions>
      </trkpt>
      <trkpt lat="46.449804" lon="9.6038918">
        <ele>2521.8</ele>
        <time>2026-09-12T08:56:50Z</time>
        <hdop>9.7</hdop>
        <extensions>
          <osmand:speed>1</osmand:speed>
        </extensions>
      </trkpt>
      <trkpt lat="46.4497701" lon="9.6038214">
        <ele>2521.8</ele>
        <time>2026-09-12T08:56:56Z</time>
        <hdop>8.7</hdop>
        <extensions>
          <osmand:speed>1.3</osmand:speed>
        </extensions>
      </trkpt>
      <trkpt lat="46.449745" lon="9.6037262">
        <ele>2520.8</ele>
        <time>2026-09-12T08:57:02Z</time>
        <hdop>8.2</hdop>
        <extensions>
          <osmand:speed>1.2</osmand:speed>
        </extensions>
      </trkpt>
      <trkpt lat="46.4497049" lon="9.6036455">
        <ele>2520.8</ele>
        <time>2026-09-12T08:57:08Z</time>
        <hdop>8.2</hdop>
        <extensions>
          <osmand:speed>0.9</osmand:speed>
        </extensions>
      </trkpt>
      <trkpt lat="46.4496633" lon="9.6035796">
        <ele>2521.8</ele>
        <time>2026-09-12T08:57:14Z</time>
        <hdop>10.2</hdop>
        <extensions>
          <osmand:speed>1.4</osmand:speed>
        </extensions>
      </trkpt>
      <trkpt lat="46.4496343" lon="9.6034903">
        <ele>2522.8</ele>
        <time>2026-09-12T08:57:20Z</time>
        <hdop>10.2</hdop>
        <extensions>
          <osmand:speed>0.6</osmand:speed>
        </extensions>
      </trkpt>
      <trkpt lat="46.4496187" lon="9.6034164">
        <ele>2522.8</ele>
        <time>2026-09-12T08:57:26Z</time>
        <hdop>7.7</hdop>
        <extensions>
          <osmand:speed>0.8</osmand:speed>
        </extensions>
      </trkpt>
      <trkpt lat="46.4496189" lon="9.6033513">
        <ele>2524.8</ele>
        <time>2026-09-12T08:57:32Z</time>
        <hdop>10.7</hdop>
        <extensions>
          <osmand:speed>0.7</osmand:speed>
        </extensions>
      </trkpt>
      <trkpt lat="46.4496222" lon="9.6032925">
        <ele>2524.8</ele>
        <time>2026-09-12T08:57:38Z</time>
        <hdop>11.2</hdop>
        <extensions>
          <osmand:speed>0.8</osmand:speed>
        </extensions>
      </trkpt>
      <trkpt lat="46.449626" lon="9.603214">
        <ele>2524.8</ele>
        <time>2026-09-12T08:57:44Z</time>
        <hdop>12.2</hdop>
        <extensions>
          <osmand:speed>0.9</osmand:speed>
        </extensions>
      </trkpt>
      <trkpt lat="46.4496123" lon="9.6031666">
        <ele>2526.8</ele>
        <time>2026-09-12T08:57:50Z</time>
        <hdop>11.7</hdop>
        <extensions>
          <osmand:speed>1.1</osmand:speed>
        </extensions>
      </trkpt>
      <trkpt lat="46.4495895" lon="9.6030844">
        <ele>2527.8</ele>
        <time>2026-09-12T08:57:56Z</time>
        <hdop>10.7</hdop>
        <extensions>
          <osmand:speed>0.8</osmand:speed>
        </extensions>
      </trkpt>
      <trkpt lat="46.4495401" lon="9.60303">
        <ele>2528.8</ele>
        <time>2026-09-12T08:58:02Z</time>
        <hdop>10.7</hdop>
        <extensions>
          <osmand:speed>0.8</osmand:speed>
        </extensions>
      </trkpt>
      <trkpt lat="46.4495124" lon="9.6029413">
        <ele>2527.8</ele>
        <time>2026-09-12T08:58:08Z</time>
        <hdop>11.2</hdop>
        <extensions>
          <osmand:speed>1</osmand:speed>
        </extensions>
      </trkpt>
      <trkpt lat="46.4494704" lon="9.6029488">
        <ele>2528.8</ele>
        <time>2026-09-12T08:58:14Z</time>
        <hdop>11.2</hdop>
        <extensions>
          <osmand:speed>1</osmand:speed>
        </extensions>
      </trkpt>
      <trkpt lat="46.4494098" lon="9.6029419">
        <ele>2527.8</ele>
        <time>2026-09-12T08:58:20Z</time>
        <hdop>11.7</hdop>
        <extensions>
          <osmand:speed>1.1</osmand:speed>
        </extensions>
      </trkpt>
      <trkpt lat="46.4493885" lon="9.6028911">
        <ele>2527.8</ele>
        <time>2026-09-12T08:58:26Z</time>
        <hdop>8.2</hdop>
      </trkpt>
      <trkpt lat="46.4493818" lon="9.6028347">
        <ele>2526.8</ele>
        <time>2026-09-12T08:58:32Z</time>
        <hdop>10.2</hdop>
        <extensions>
          <osmand:speed>0.8</osmand:speed>
        </extensions>
      </trkpt>
      <trkpt lat="46.449353" lon="9.6027927">
        <ele>2525.8</ele>
        <time>2026-09-12T08:58:38Z</time>
        <hdop>9.7</hdop>
        <extensions>
          <osmand:speed>0.9</osmand:speed>
        </extensions>
      </trkpt>
      <trkpt lat="46.44932" lon="9.6027724">
        <ele>2525.8</ele>
        <time>2026-09-12T08:58:44Z</time>
        <hdop>10.2</hdop>
        <extensions>
          <osmand:speed>0.9</osmand:speed>
        </extensions>
      </trkpt>
      <trkpt lat="46.4492889" lon="9.6028069">
        <ele>2526.8</ele>
        <time>2026-09-12T08:58:50Z</time>
        <hdop>10.7</hdop>
        <extensions>
          <osmand:speed>0.5</osmand:speed>
        </extensions>
      </trkpt>
      <trkpt lat="46.449259" lon="9.6028317">
        <ele>2527.8</ele>
        <time>2026-09-12T08:58:56Z</time>
        <hdop>9.7</hdop>
        <extensions>
          <osmand:speed>0.5</osmand:speed>
        </extensions>
      </trkpt>
      <trkpt lat="46.4492242" lon="9.602851">
        <ele>2528.8</ele>
        <time>2026-09-12T08:59:02Z</time>
        <hdop>12.2</hdop>
        <extensions>
          <osmand:speed>0.8</osmand:speed>
        </extensions>
      </trkpt>
      <trkpt lat="46.4492017" lon="9.6028169">
        <ele>2529.8</ele>
        <time>2026-09-12T08:59:08Z</time>
        <hdop>10.7</hdop>
        <extensions>
          <osmand:speed>0.4</osmand:speed>
        </extensions>
      </trkpt>
      <trkpt lat="46.4491673" lon="9.6028031">
        <ele>2530.8</ele>
        <time>2026-09-12T08:59:14Z</time>
        <hdop>10.2</hdop>
        <extensions>
          <osmand:speed>0.9</osmand:speed>
        </extensions>
      </trkpt>
      <trkpt lat="46.4491667" lon="9.6027268">
        <ele>2531.8</ele>
        <time>2026-09-12T08:59:20Z</time>
        <hdop>10.7</hdop>
        <extensions>
          <osmand:speed>1</osmand:speed>
        </extensions>
      </trkpt>
      <trkpt lat="46.4491857" lon="9.6026762">
        <ele>2534.8</ele>
        <time>2026-09-12T08:59:26Z</time>
        <hdop>10.2</hdop>
        <extensions>
          <osmand:speed>0.7</osmand:speed>
        </extensions>
      </trkpt>
      <trkpt lat="46.4491756" lon="9.6026131">
        <ele>2535.8</ele>
        <time>2026-09-12T08:59:32Z</time>
        <hdop>10.2</hdop>
        <extensions>
          <osmand:speed>1</osmand:speed>
        </extensions>
      </trkpt>
      <trkpt lat="46.449167" lon="9.6025348">
        <ele>2537.8</ele>
        <time>2026-09-12T08:59:38Z</time>
        <hdop>10.2</hdop>
        <extensions>
          <osmand:speed>0.9</osmand:speed>
        </extensions>
      </trkpt>
      <trkpt lat="46.4491597" lon="9.6024821">
        <ele>2538.8</ele>
        <time>2026-09-12T08:59:44Z</time>
        <hdop>9.2</hdop>
        <extensions>
          <osmand:speed>0.9</osmand:speed>
        </extensions>
      </trkpt>
      <trkpt lat="46.449106" lon="9.6024507">
        <ele>2538.8</ele>
        <time>2026-09-12T08:59:50Z</time>
        <hdop>8.2</hdop>
        <extensions>
          <osmand:speed>1</osmand:speed>
        </extensions>
      </trkpt>
      <trkpt lat="46.4490502" lon="9.60242">
        <ele>2538.8</ele>
        <time>2026-09-12T08:59:56Z</time>
        <hdop>9.7</hdop>
        <extensions>
          <osmand:speed>1.4</osmand:speed>
        </extensions>
      </trkpt>
      <trkpt lat="46.449014" lon="9.6023391">
        <ele>2538.8</ele>
        <time>2026-09-12T09:00:02Z</time>
        <hdop>10.2</hdop>
        <extensions>
          <osmand:speed>0.8</osmand:speed>
        </extensions>
      </trkpt>
      <trkpt lat="46.4489749" lon="9.6022978">
        <ele>2538.8</ele>
        <time>2026-09-12T09:00:08Z</time>
        <hdop>8.7</hdop>
        <extensions>
          <osmand:speed>0.8</osmand:speed>
        </extensions>
      </trkpt>
      <trkpt lat="46.4489431" lon="9.602267">
        <ele>2539.8</ele>
        <time>2026-09-12T09:00:14Z</time>
        <hdop>10.7</hdop>
        <extensions>
          <osmand:speed>1</osmand:speed>
        </extensions>
      </trkpt>
      <trkpt lat="46.4489114" lon="9.6021849">
        <ele>2538.8</ele>
        <time>2026-09-12T09:00:20Z</time>
        <hdop>9.2</hdop>
        <extensions>
          <osmand:speed>1</osmand:speed>
        </extensions>
      </trkpt>
      <trkpt lat="46.4488964" lon="9.6021121">
        <ele>2539.8</ele>
        <time>2026-09-12T09:00:26Z</time>
        <hdop>10.2</hdop>
        <extensions>
          <osmand:speed>1</osmand:speed>
        </extensions>
      </trkpt>
      <trkpt lat="46.4488765" lon="9.6020411">
        <ele>2538.8</ele>
        <time>2026-09-12T09:00:32Z</time>
        <hdop>9.7</hdop>
        <extensions>
          <osmand:speed>1</osmand:speed>
        </extensions>
      </trkpt>
      <trkpt lat="46.4488362" lon="9.6020076">
        <ele>2541.8</ele>
        <time>2026-09-12T09:00:38Z</time>
        <hdop>9.2</hdop>
        <extensions>
          <osmand:speed>0.8</osmand:speed>
        </extensions>
      </trkpt>
      <trkpt lat="46.4487814" lon="9.6019919">
        <ele>2542.8</ele>
        <time>2026-09-12T09:00:44Z</time>
        <hdop>9.7</hdop>
        <extensions>
          <osmand:speed>0.7</osmand:speed>
        </extensions>
      </trkpt>
      <trkpt lat="46.4487426" lon="9.6019636">
        <ele>2542.8</ele>
        <time>2026-09-12T09:00:50Z</time>
        <hdop>10.7</hdop>
        <extensions>
          <osmand:speed>1</osmand:speed>
        </extensions>
      </trkpt>
      <trkpt lat="46.4487125" lon="9.6019005">
        <ele>2544.8</ele>
        <time>2026-09-12T09:00:56Z</time>
        <hdop>11.7</hdop>
        <extensions>
          <osmand:speed>1.1</osmand:speed>
        </extensions>
      </trkpt>
      <trkpt lat="46.4487008" lon="9.6018548">
        <ele>2545.8</ele>
        <time>2026-09-12T09:01:02Z</time>
        <hdop>9.7</hdop>
        <extensions>
          <osmand:speed>0.8</osmand:speed>
        </extensions>
      </trkpt>
      <trkpt lat="46.4486797" lon="9.6018188">
        <ele>2548.8</ele>
        <time>2026-09-12T09:01:08Z</time>
        <hdop>10.2</hdop>
        <extensions>
          <osmand:speed>0.8</osmand:speed>
        </extensions>
      </trkpt>
      <trkpt lat="46.4486362" lon="9.6017721">
        <ele>2548.8</ele>
        <time>2026-09-12T09:01:14Z</time>
        <hdop>10.2</hdop>
        <extensions>
          <osmand:speed>0.8</osmand:speed>
        </extensions>
      </trkpt>
      <trkpt lat="46.4485835" lon="9.6017305">
        <ele>2549.8</ele>
        <time>2026-09-12T09:01:20Z</time>
        <hdop>10.2</hdop>
        <extensions>
          <osmand:speed>0.8</osmand:speed>
        </extensions>
      </trkpt>
      <trkpt lat="46.4485338" lon="9.6016979">
        <ele>2549.8</ele>
        <time>2026-09-12T09:01:26Z</time>
        <hdop>11.2</hdop>
        <extensions>
          <osmand:speed>0.7</osmand:speed>
        </extensions>
      </trkpt>
      <trkpt lat="46.4484874" lon="9.6016646">
        <ele>2549.8</ele>
        <time>2026-09-12T09:01:32Z</time>
        <hdop>8.7</hdop>
        <extensions>
          <osmand:speed>0.8</osmand:speed>
        </extensions>
      </trkpt>
      <trkpt lat="46.4484836" lon="9.6016073">
        <ele>2550.8</ele>
        <time>2026-09-12T09:01:38Z</time>
        <hdop>10.7</hdop>
        <extensions>
          <osmand:speed>0.8</osmand:speed>
        </extensions>
      </trkpt>
      <trkpt lat="46.4484723" lon="9.6015762">
        <ele>2550.8</ele>
        <time>2026-09-12T09:01:44Z</time>
        <hdop>12.2</hdop>
        <extensions>
          <osmand:speed>0.8</osmand:speed>
        </extensions>
      </trkpt>
      <trkpt lat="46.4484831" lon="9.6015406">
        <ele>2552.8</ele>
        <time>2026-09-12T09:01:51Z</time>
        <hdop>11.2</hdop>
        <extensions>
          <osmand:speed>1.1</osmand:speed>
        </extensions>
      </trkpt>
      <trkpt lat="46.4484855" lon="9.601506">
        <ele>2554.8</ele>
        <time>2026-09-12T09:01:57Z</time>
        <hdop>10.7</hdop>
        <extensions>
          <osmand:speed>0.9</osmand:speed>
        </extensions>
      </trkpt>
      <trkpt lat="46.4484988" lon="9.6014424">
        <ele>2555.8</ele>
        <time>2026-09-12T09:02:03Z</time>
        <hdop>8.7</hdop>
        <extensions>
          <osmand:speed>0.9</osmand:speed>
        </extensions>
      </trkpt>
      <trkpt lat="46.4485266" lon="9.6013692">
        <ele>2555.8</ele>
        <time>2026-09-12T09:02:09Z</time>
        <hdop>6.1</hdop>
        <extensions>
          <osmand:speed>1.1</osmand:speed>
        </extensions>
      </trkpt>
      <trkpt lat="46.4485565" lon="9.6012918">
        <ele>2556.8</ele>
        <time>2026-09-12T09:02:15Z</time>
        <hdop>8.7</hdop>
        <extensions>
          <osmand:speed>1.3</osmand:speed>
        </extensions>
      </trkpt>
      <trkpt lat="46.4485828" lon="9.6012185">
        <ele>2556.8</ele>
        <time>2026-09-12T09:02:21Z</time>
        <hdop>9.2</hdop>
        <extensions>
          <osmand:speed>0.9</osmand:speed>
        </extensions>
      </trkpt>
      <trkpt lat="46.4485929" lon="9.6011439">
        <ele>2557.8</ele>
        <time>2026-09-12T09:02:27Z</time>
        <hdop>7.1</hdop>
        <extensions>
          <osmand:speed>0.9</osmand:speed>
        </extensions>
      </trkpt>
      <trkpt lat="46.4486081" lon="9.601103">
        <ele>2559.8</ele>
        <time>2026-09-12T09:02:33Z</time>
        <hdop>9.7</hdop>
        <extensions>
          <osmand:speed>1</osmand:speed>
        </extensions>
      </trkpt>
      <trkpt lat="46.4486095" lon="9.6010198">
        <ele>2559.8</ele>
        <time>2026-09-12T09:02:39Z</time>
        <hdop>9.2</hdop>
        <extensions>
          <osmand:speed>1.1</osmand:speed>
        </extensions>
      </trkpt>
      <trkpt lat="46.4485929" lon="9.6009346">
        <ele>2559.8</ele>
        <time>2026-09-12T09:02:45Z</time>
        <hdop>8.2</hdop>
        <extensions>
          <osmand:speed>1.3</osmand:speed>
        </extensions>
      </trkpt>
      <trkpt lat="46.4485772" lon="9.6008499">
        <ele>2559.8</ele>
        <time>2026-09-12T09:02:51Z</time>
        <hdop>8.7</hdop>
        <extensions>
          <osmand:speed>1.4</osmand:speed>
        </extensions>
      </trkpt>
      <trkpt lat="46.4485582" lon="9.6007489">
        <ele>2560.8</ele>
        <time>2026-09-12T09:02:57Z</time>
        <hdop>8.2</hdop>
        <extensions>
          <osmand:speed>0.7</osmand:speed>
        </extensions>
      </trkpt>
      <trkpt lat="46.4485288" lon="9.6006751">
        <ele>2560.8</ele>
        <time>2026-09-12T09:03:03Z</time>
        <hdop>8.2</hdop>
        <extensions>
          <osmand:speed>1</osmand:speed>
        </extensions>
      </trkpt>
      <trkpt lat="46.4484927" lon="9.6006107">
        <ele>2561.8</ele>
        <time>2026-09-12T09:03:09Z</time>
        <hdop>9.2</hdop>
        <extensions>
          <osmand:speed>1.1</osmand:speed>
        </extensions>
      </trkpt>
      <trkpt lat="46.4484739" lon="9.6005332">
        <ele>2562.8</ele>
        <time>2026-09-12T09:03:15Z</time>
        <hdop>9.2</hdop>
        <extensions>
          <osmand:speed>1.1</osmand:speed>
        </extensions>
      </trkpt>
      <trkpt lat="46.4484611" lon="9.6004697">
        <ele>2562.8</ele>
        <time>2026-09-12T09:03:21Z</time>
        <hdop>7.1</hdop>
        <extensions>
          <osmand:speed>0.8</osmand:speed>
        </extensions>
      </trkpt>
      <trkpt lat="46.4484328" lon="9.6004006">
        <ele>2562.8</ele>
        <time>2026-09-12T09:03:27Z</time>
        <hdop>8.2</hdop>
        <extensions>
          <osmand:speed>0.5</osmand:speed>
        </extensions>
      </trkpt>
      <trkpt lat="46.4484038" lon="9.6003467">
        <ele>2562.8</ele>
        <time>2026-09-12T09:03:33Z</time>
        <hdop>8.2</hdop>
        <extensions>
          <osmand:speed>0.9</osmand:speed>
        </extensions>
      </trkpt>
      <trkpt lat="46.4483779" lon="9.6002885">
        <ele>2562.8</ele>
        <time>2026-09-12T09:03:39Z</time>
        <hdop>9.2</hdop>
        <extensions>
          <osmand:speed>0.8</osmand:speed>
        </extensions>
      </trkpt>
      <trkpt lat="46.4483546" lon="9.6002411">
        <ele>2563.8</ele>
        <time>2026-09-12T09:03:45Z</time>
        <hdop>9.7</hdop>
        <extensions>
          <osmand:speed>0.8</osmand:speed>
        </extensions>
      </trkpt>
      <trkpt lat="46.4483393" lon="9.6001955">
        <ele>2564.8</ele>
        <time>2026-09-12T09:03:51Z</time>
        <hdop>9.7</hdop>
        <extensions>
          <osmand:speed>0.9</osmand:speed>
        </extensions>
      </trkpt>
      <trkpt lat="46.4483082" lon="9.6001367">
        <ele>2564.8</ele>
        <time>2026-09-12T09:03:57Z</time>
        <hdop>8.2</hdop>
        <extensions>
          <osmand:speed>0.9</osmand:speed>
        </extensions>
      </trkpt>
      <trkpt lat="46.4482991" lon="9.6000706">
        <ele>2565.8</ele>
        <time>2026-09-12T09:04:03Z</time>
        <hdop>8.2</hdop>
        <extensions>
          <osmand:speed>0.6</osmand:speed>
        </extensions>
      </trkpt>
      <trkpt lat="46.4482882" lon="9.5999994">
        <ele>2566.8</ele>
        <time>2026-09-12T09:04:09Z</time>
        <hdop>9.7</hdop>
        <extensions>
          <osmand:speed>0.8</osmand:speed>
        </extensions>
      </trkpt>
      <trkpt lat="46.4482789" lon="9.5999361">
        <ele>2568.8</ele>
        <time>2026-09-12T09:04:15Z</time>
        <hdop>9.7</hdop>
        <extensions>
          <osmand:speed>0.8</osmand:speed>
        </extensions>
      </trkpt>
      <trkpt lat="46.4482703" lon="9.5998815">
        <ele>2569.8</ele>
        <time>2026-09-12T09:04:21Z</time>
        <hdop>9.2</hdop>
        <extensions>
          <osmand:speed>0.6</osmand:speed>
        </extensions>
      </trkpt>
      <trkpt lat="46.4482782" lon="9.599837">
        <ele>2569.8</ele>
        <time>2026-09-12T09:04:27Z</time>
        <hdop>8.2</hdop>
        <extensions>
          <osmand:speed>0.9</osmand:speed>
        </extensions>
      </trkpt>
      <trkpt lat="46.4482791" lon="9.5997745">
        <ele>2569.8</ele>
        <time>2026-09-12T09:04:33Z</time>
        <hdop>8.2</hdop>
        <extensions>
          <osmand:speed>0.9</osmand:speed>
        </extensions>
      </trkpt>
      <trkpt lat="46.448262" lon="9.5996805">
        <ele>2570.8</ele>
        <time>2026-09-12T09:04:39Z</time>
        <hdop>8.2</hdop>
        <extensions>
          <osmand:speed>1</osmand:speed>
        </extensions>
      </trkpt>
      <trkpt lat="46.4482498" lon="9.5995984">
        <ele>2572.8</ele>
        <time>2026-09-12T09:04:45Z</time>
        <hdop>8.2</hdop>
        <extensions>
          <osmand:speed>0.8</osmand:speed>
        </extensions>
      </trkpt>
      <trkpt lat="46.448221" lon="9.5995201">
        <ele>2573.8</ele>
        <time>2026-09-12T09:04:51Z</time>
        <hdop>7.1</hdop>
        <extensions>
          <osmand:speed>0.9</osmand:speed>
        </extensions>
      </trkpt>
      <trkpt lat="46.4481948" lon="9.5994705">
        <ele>2573.8</ele>
        <time>2026-09-12T09:04:57Z</time>
        <hdop>7.1</hdop>
        <extensions>
          <osmand:speed>0.8</osmand:speed>
        </extensions>
      </trkpt>
      <trkpt lat="46.4481686" lon="9.5993931">
        <ele>2574.8</ele>
        <time>2026-09-12T09:05:03Z</time>
        <hdop>9.2</hdop>
        <extensions>
          <osmand:speed>0.9</osmand:speed>
        </extensions>
      </trkpt>
      <trkpt lat="46.4481536" lon="9.5993308">
        <ele>2574.8</ele>
        <time>2026-09-12T09:05:09Z</time>
        <hdop>9.2</hdop>
        <extensions>
          <osmand:speed>1.1</osmand:speed>
        </extensions>
      </trkpt>
      <trkpt lat="46.4481304" lon="9.5992823">
        <ele>2576.8</ele>
        <time>2026-09-12T09:05:15Z</time>
        <hdop>8.2</hdop>
        <extensions>
          <osmand:speed>0.9</osmand:speed>
        </extensions>
      </trkpt>
      <trkpt lat="46.4481145" lon="9.5991998">
        <ele>2577.8</ele>
        <time>2026-09-12T09:05:21Z</time>
        <hdop>7.7</hdop>
        <extensions>
          <osmand:speed>0.8</osmand:speed>
        </extensions>
      </trkpt>
      <trkpt lat="46.4481265" lon="9.5991429">
        <ele>2577.8</ele>
        <time>2026-09-12T09:05:27Z</time>
        <hdop>8.7</hdop>
        <extensions>
          <osmand:speed>0.2</osmand:speed>
        </extensions>
      </trkpt>
      <trkpt lat="46.4481315" lon="9.5991741">
        <ele>2578.8</ele>
        <time>2026-09-12T09:05:33Z</time>
        <hdop>5.6</hdop>
      </trkpt>
      <trkpt lat="46.4481494" lon="9.5991434">
        <ele>2577.8</ele>
        <time>2026-09-12T09:06:04Z</time>
        <hdop>5.1</hdop>
        <extensions>
          <osmand:speed>0.7</osmand:speed>
        </extensions>
      </trkpt>
      <trkpt lat="46.4481481" lon="9.5990975">
        <ele>2578.8</ele>
        <time>2026-09-12T09:06:10Z</time>
        <hdop>6.6</hdop>
        <extensions>
          <osmand:speed>0.2</osmand:speed>
        </extensions>
      </trkpt>
      <trkpt lat="46.4481298" lon="9.5990926">
        <ele>2579.8</ele>
        <time>2026-09-12T09:06:18Z</time>
        <hdop>7.7</hdop>
        <extensions>
          <osmand:speed>0.1</osmand:speed>
        </extensions>
      </trkpt>
      <trkpt lat="46.4481192" lon="9.5990715">
        <ele>2578.8</ele>
        <time>2026-09-12T09:07:07Z</time>
        <hdop>6.1</hdop>
        <extensions>
          <osmand:speed>0.3</osmand:speed>
        </extensions>
      </trkpt>
      <trkpt lat="46.4481387" lon="9.5990841">
        <ele>2579.8</ele>
        <time>2026-09-12T09:08:14Z</time>
        <hdop>6.1</hdop>
        <extensions>
          <osmand:speed>0.8</osmand:speed>
        </extensions>
      </trkpt>
      <trkpt lat="46.4481782" lon="9.5991263">
        <ele>2578.8</ele>
        <time>2026-09-12T09:08:20Z</time>
        <hdop>9.2</hdop>
        <extensions>
          <osmand:speed>0.6</osmand:speed>
        </extensions>
      </trkpt>
      <trkpt lat="46.4482236" lon="9.5991257">
        <ele>2578.8</ele>
        <time>2026-09-12T09:08:26Z</time>
        <hdop>9.2</hdop>
        <extensions>
          <osmand:speed>1</osmand:speed>
        </extensions>
      </trkpt>
      <trkpt lat="46.4482585" lon="9.599083">
        <ele>2577.8</ele>
        <time>2026-09-12T09:08:32Z</time>
        <hdop>10.2</hdop>
        <extensions>
          <osmand:speed>1.4</osmand:speed>
        </extensions>
      </trkpt>
      <trkpt lat="46.4483132" lon="9.5990548">
        <ele>2577.8</ele>
        <time>2026-09-12T09:08:38Z</time>
        <hdop>8.7</hdop>
        <extensions>
          <osmand:speed>0.4</osmand:speed>
        </extensions>
      </trkpt>
      <trkpt lat="46.4483215" lon="9.5990066">
        <ele>2577.8</ele>
        <time>2026-09-12T09:08:44Z</time>
        <hdop>10.7</hdop>
        <extensions>
          <osmand:speed>0.7</osmand:speed>
        </extensions>
      </trkpt>
      <trkpt lat="46.4483499" lon="9.5989519">
        <ele>2577.8</ele>
        <time>2026-09-12T09:08:50Z</time>
        <hdop>9.7</hdop>
        <extensions>
          <osmand:speed>0.9</osmand:speed>
        </extensions>
      </trkpt>
      <trkpt lat="46.4483546" lon="9.5988904">
        <ele>2577.8</ele>
        <time>2026-09-12T09:08:56Z</time>
        <hdop>11.2</hdop>
        <extensions>
          <osmand:speed>0.4</osmand:speed>
        </extensions>
      </trkpt>
      <trkpt lat="46.4483583" lon="9.5988579">
        <ele>2578.8</ele>
        <time>2026-09-12T09:09:02Z</time>
        <hdop>9.7</hdop>
        <extensions>
          <osmand:speed>1</osmand:speed>
        </extensions>
      </trkpt>
      <trkpt lat="46.4483769" lon="9.5988341">
        <ele>2578.8</ele>
        <time>2026-09-12T09:09:18Z</time>
        <hdop>7.1</hdop>
        <extensions>
          <osmand:speed>0.8</osmand:speed>
        </extensions>
      </trkpt>
      <trkpt lat="46.4483808" lon="9.59875">
        <ele>2578.8</ele>
        <time>2026-09-12T09:09:24Z</time>
        <hdop>10.2</hdop>
        <extensions>
          <osmand:speed>1.2</osmand:speed>
        </extensions>
      </trkpt>
      <trkpt lat="46.4483988" lon="9.5986882">
        <ele>2578.8</ele>
        <time>2026-09-12T09:09:30Z</time>
        <hdop>11.2</hdop>
        <extensions>
          <osmand:speed>0.6</osmand:speed>
        </extensions>
      </trkpt>
      <trkpt lat="46.4484008" lon="9.5986318">
        <ele>2577.8</ele>
        <time>2026-09-12T09:09:36Z</time>
        <hdop>8.7</hdop>
        <extensions>
          <osmand:speed>1</osmand:speed>
        </extensions>
      </trkpt>
      <trkpt lat="46.4484125" lon="9.5985894">
        <ele>2579.8</ele>
        <time>2026-09-12T09:09:42Z</time>
        <hdop>14.8</hdop>
        <extensions>
          <osmand:speed>0</osmand:speed>
        </extensions>
      </trkpt>
      <trkpt lat="46.4484257" lon="9.5985523">
        <ele>2579.8</ele>
        <time>2026-09-12T09:09:48Z</time>
        <hdop>9.2</hdop>
        <extensions>
          <osmand:speed>0.8</osmand:speed>
        </extensions>
      </trkpt>
      <trkpt lat="46.4484577" lon="9.5985309">
        <ele>2581.8</ele>
        <time>2026-09-12T09:09:54Z</time>
        <hdop>8.7</hdop>
      </trkpt>
      <trkpt lat="46.4485032" lon="9.5985053">
        <ele>2583.8</ele>
        <time>2026-09-12T09:10:00Z</time>
        <hdop>10.2</hdop>
        <extensions>
          <osmand:speed>0.8</osmand:speed>
        </extensions>
      </trkpt>
      <trkpt lat="46.4485216" lon="9.5984365">
        <ele>2584.8</ele>
        <time>2026-09-12T09:10:06Z</time>
        <hdop>9.7</hdop>
        <extensions>
          <osmand:speed>0.7</osmand:speed>
        </extensions>
      </trkpt>
      <trkpt lat="46.4485449" lon="9.5983816">
        <ele>2585.8</ele>
        <time>2026-09-12T09:10:12Z</time>
        <hdop>11.2</hdop>
        <extensions>
          <osmand:speed>0.8</osmand:speed>
        </extensions>
      </trkpt>
      <trkpt lat="46.4485688" lon="9.5983443">
        <ele>2587.8</ele>
        <time>2026-09-12T09:10:18Z</time>
        <hdop>11.2</hdop>
        <extensions>
          <osmand:speed>0.1</osmand:speed>
        </extensions>
      </trkpt>
      <trkpt lat="46.448577" lon="9.5983047">
        <ele>2588.8</ele>
        <time>2026-09-12T09:10:25Z</time>
        <hdop>11.2</hdop>
        <extensions>
          <osmand:speed>1</osmand:speed>
        </extensions>
      </trkpt>
      <trkpt lat="46.4486029" lon="9.5982601">
        <ele>2588.8</ele>
        <time>2026-09-12T09:10:31Z</time>
        <hdop>11.2</hdop>
        <extensions>
          <osmand:speed>0.4</osmand:speed>
        </extensions>
      </trkpt>
      <trkpt lat="46.4485994" lon="9.5982903">
        <ele>2589.8</ele>
        <time>2026-09-12T09:10:39Z</time>
        <hdop>12.2</hdop>
        <extensions>
          <osmand:speed>0.3</osmand:speed>
        </extensions>
      </trkpt>
      <trkpt lat="46.4486076" lon="9.598249">
        <ele>2591.8</ele>
        <time>2026-09-12T09:10:46Z</time>
        <hdop>9.2</hdop>
        <extensions>
          <osmand:speed>0.6</osmand:speed>
        </extensions>
      </trkpt>
      <trkpt lat="46.4486157" lon="9.598221">
        <ele>2591.8</ele>
        <time>2026-09-12T09:10:52Z</time>
        <hdop>11.2</hdop>
        <extensions>
          <osmand:speed>0.6</osmand:speed>
        </extensions>
      </trkpt>
      <trkpt lat="46.4486382" lon="9.5981716">
        <ele>2591.8</ele>
        <time>2026-09-12T09:10:58Z</time>
        <hdop>11.2</hdop>
        <extensions>
          <osmand:speed>0.7</osmand:speed>
        </extensions>
      </trkpt>
      <trkpt lat="46.4486574" lon="9.5981543">
        <ele>2591.8</ele>
        <time>2026-09-12T09:11:05Z</time>
        <hdop>11.2</hdop>
        <extensions>
          <osmand:speed>0.6</osmand:speed>
        </extensions>
      </trkpt>
      <trkpt lat="46.4486837" lon="9.5981117">
        <ele>2591.8</ele>
        <time>2026-09-12T09:11:11Z</time>
        <hdop>7.7</hdop>
        <extensions>
          <osmand:speed>0.3</osmand:speed>
        </extensions>
      </trkpt>
      <trkpt lat="46.4486962" lon="9.5980852">
        <ele>2592.8</ele>
        <time>2026-09-12T09:11:17Z</time>
        <hdop>11.7</hdop>
        <extensions>
          <osmand:speed>0.8</osmand:speed>
        </extensions>
      </trkpt>
      <trkpt lat="46.4486879" lon="9.5980619">
        <ele>2593.8</ele>
        <time>2026-09-12T09:11:24Z</time>
        <hdop>14.3</hdop>
        <extensions>
          <osmand:speed>0.1</osmand:speed>
        </extensions>
      </trkpt>
      <trkpt lat="46.4486673" lon="9.5980539">
        <ele>2593.8</ele>
        <time>2026-09-12T09:11:32Z</time>
        <hdop>14.3</hdop>
        <extensions>
          <osmand:speed>0.2</osmand:speed>
        </extensions>
      </trkpt>
      <trkpt lat="46.4486573" lon="9.5980312">
        <ele>2594.8</ele>
        <time>2026-09-12T09:11:39Z</time>
        <hdop>12.8</hdop>
        <extensions>
          <osmand:speed>0.6</osmand:speed>
        </extensions>
      </trkpt>
      <trkpt lat="46.4486696" lon="9.5980523">
        <ele>2596.8</ele>
        <time>2026-09-12T09:11:45Z</time>
        <hdop>12.2</hdop>
        <extensions>
          <osmand:speed>0.3</osmand:speed>
        </extensions>
      </trkpt>
      <trkpt lat="46.448697" lon="9.5980615">
        <ele>2597.8</ele>
        <time>2026-09-12T09:11:51Z</time>
        <hdop>11.7</hdop>
        <extensions>
          <osmand:speed>0.1</osmand:speed>
        </extensions>
      </trkpt>
      <trkpt lat="46.4487109" lon="9.5980823">
        <ele>2598.8</ele>
        <time>2026-09-12T09:12:03Z</time>
        <hdop>13.3</hdop>
        <extensions>
          <osmand:speed>0.4</osmand:speed>
        </extensions>
      </trkpt>
      <trkpt lat="46.4487163" lon="9.5981172">
        <ele>2599.8</ele>
        <time>2026-09-12T09:12:09Z</time>
        <hdop>10.7</hdop>
        <extensions>
          <osmand:speed>0.3</osmand:speed>
        </extensions>
      </trkpt>
      <trkpt lat="46.4487255" lon="9.5981452">
        <ele>2600.8</ele>
        <time>2026-09-12T09:12:15Z</time>
        <hdop>11.2</hdop>
        <extensions>
          <osmand:speed>0.4</osmand:speed>
        </extensions>
      </trkpt>
      <trkpt lat="46.4487623" lon="9.5981412">
        <ele>2601.8</ele>
        <time>2026-09-12T09:12:21Z</time>
        <hdop>9.7</hdop>
        <extensions>
          <osmand:speed>0.7</osmand:speed>
        </extensions>
      </trkpt>
      <trkpt lat="46.448781" lon="9.5980685">
        <ele>2602.8</ele>
        <time>2026-09-12T09:12:27Z</time>
        <hdop>10.7</hdop>
        <extensions>
          <osmand:speed>0.1</osmand:speed>
        </extensions>
      </trkpt>
      <trkpt lat="46.4487881" lon="9.5980397">
        <ele>2602.8</ele>
        <time>2026-09-12T09:12:38Z</time>
        <hdop>9.2</hdop>
        <extensions>
          <osmand:speed>0.4</osmand:speed>
        </extensions>
      </trkpt>
      <trkpt lat="46.4487915" lon="9.5980089">
        <ele>2603.8</ele>
        <time>2026-09-12T09:12:46Z</time>
        <hdop>11.2</hdop>
        <extensions>
          <osmand:speed>0.8</osmand:speed>
        </extensions>
      </trkpt>
      <trkpt lat="46.4488208" lon="9.5979593">
        <ele>2603.8</ele>
        <time>2026-09-12T09:12:52Z</time>
        <hdop>10.2</hdop>
        <extensions>
          <osmand:speed>0.7</osmand:speed>
        </extensions>
      </trkpt>
      <trkpt lat="46.4488277" lon="9.5979138">
        <ele>2605.8</ele>
        <time>2026-09-12T09:12:58Z</time>
        <hdop>13.8</hdop>
        <extensions>
          <osmand:speed>1.2</osmand:speed>
        </extensions>
      </trkpt>
      <trkpt lat="46.4488465" lon="9.5978427">
        <ele>2606.8</ele>
        <time>2026-09-12T09:13:04Z</time>
        <hdop>10.7</hdop>
        <extensions>
          <osmand:speed>0.9</osmand:speed>
        </extensions>
      </trkpt>
      <trkpt lat="46.4488469" lon="9.5977668">
        <ele>2607.8</ele>
        <time>2026-09-12T09:13:10Z</time>
        <hdop>9.7</hdop>
        <extensions>
          <osmand:speed>1.2</osmand:speed>
        </extensions>
      </trkpt>
      <trkpt lat="46.4488576" lon="9.5977424">
        <ele>2609.8</ele>
        <time>2026-09-12T09:13:16Z</time>
        <hdop>12.2</hdop>
        <extensions>
          <osmand:speed>0.8</osmand:speed>
        </extensions>
      </trkpt>
      <trkpt lat="46.4488565" lon="9.5977012">
        <ele>2608.8</ele>
        <time>2026-09-12T09:13:22Z</time>
        <hdop>13.3</hdop>
        <extensions>
          <osmand:speed>0.8</osmand:speed>
        </extensions>
      </trkpt>
      <trkpt lat="46.4488374" lon="9.5976744">
        <ele>2609.8</ele>
        <time>2026-09-12T09:13:28Z</time>
        <hdop>11.2</hdop>
        <extensions>
          <osmand:speed>0</osmand:speed>
        </extensions>
      </trkpt>
      <trkpt lat="46.44882" lon="9.5976629">
        <ele>2610.8</ele>
        <time>2026-09-12T09:13:37Z</time>
        <hdop>8.2</hdop>
        <extensions>
          <osmand:speed>0.8</osmand:speed>
        </extensions>
      </trkpt>
      <trkpt lat="46.4488139" lon="9.5975903">
        <ele>2611.8</ele>
        <time>2026-09-12T09:13:43Z</time>
        <hdop>10.2</hdop>
        <extensions>
          <osmand:speed>0.9</osmand:speed>
        </extensions>
      </trkpt>
      <trkpt lat="46.4488063" lon="9.5975266">
        <ele>2611.8</ele>
        <time>2026-09-12T09:13:49Z</time>
        <hdop>11.7</hdop>
        <extensions>
          <osmand:speed>1.3</osmand:speed>
        </extensions>
      </trkpt>
      <trkpt lat="46.4488237" lon="9.5974377">
        <ele>2612.8</ele>
        <time>2026-09-12T09:13:55Z</time>
        <hdop>13.8</hdop>
        <extensions>
          <osmand:speed>1.5</osmand:speed>
        </extensions>
      </trkpt>
      <trkpt lat="46.4488552" lon="9.5974115">
        <ele>2613.8</ele>
        <time>2026-09-12T09:14:01Z</time>
        <hdop>11.7</hdop>
        <extensions>
          <osmand:speed>0.3</osmand:speed>
        </extensions>
      </trkpt>
      <trkpt lat="46.448841" lon="9.5973625">
        <ele>2614.8</ele>
        <time>2026-09-12T09:14:07Z</time>
        <hdop>12.2</hdop>
        <extensions>
          <osmand:speed>1</osmand:speed>
        </extensions>
      </trkpt>
      <trkpt lat="46.4488527" lon="9.5972982">
        <ele>2614.8</ele>
        <time>2026-09-12T09:14:13Z</time>
        <hdop>12.8</hdop>
        <extensions>
          <osmand:speed>0.7</osmand:speed>
        </extensions>
      </trkpt>
      <trkpt lat="46.4488407" lon="9.5972294">
        <ele>2614.8</ele>
        <time>2026-09-12T09:14:19Z</time>
        <hdop>9.7</hdop>
        <extensions>
          <osmand:speed>0.9</osmand:speed>
        </extensions>
      </trkpt>
      <trkpt lat="46.4488684" lon="9.5972343">
        <ele>2614.8</ele>
        <time>2026-09-12T09:14:25Z</time>
        <hdop>9.7</hdop>
        <extensions>
          <osmand:speed>0.2</osmand:speed>
        </extensions>
      </trkpt>
      <trkpt lat="46.448887" lon="9.5972344">
        <ele>2617.8</ele>
        <time>2026-09-12T09:14:39Z</time>
        <hdop>11.7</hdop>
        <extensions>
          <osmand:speed>0.9</osmand:speed>
        </extensions>
      </trkpt>
      <trkpt lat="46.448927" lon="9.597248">
        <ele>2618.8</ele>
        <time>2026-09-12T09:14:45Z</time>
        <hdop>11.2</hdop>
        <extensions>
          <osmand:speed>0.8</osmand:speed>
        </extensions>
      </trkpt>
      <trkpt lat="46.4489511" lon="9.5971983">
        <ele>2618.8</ele>
        <time>2026-09-12T09:14:51Z</time>
        <hdop>11.7</hdop>
        <extensions>
          <osmand:speed>0.2</osmand:speed>
        </extensions>
      </trkpt>
      <trkpt lat="46.4489493" lon="9.5971422">
        <ele>2619.8</ele>
        <time>2026-09-12T09:14:57Z</time>
        <hdop>9.2</hdop>
        <extensions>
          <osmand:speed>0.9</osmand:speed>
        </extensions>
      </trkpt>
      <trkpt lat="46.4489717" lon="9.5971454">
        <ele>2620.8</ele>
        <time>2026-09-12T09:15:04Z</time>
        <hdop>11.2</hdop>
        <extensions>
          <osmand:speed>0.5</osmand:speed>
        </extensions>
      </trkpt>
      <trkpt lat="46.448978" lon="9.5971855">
        <ele>2620.8</ele>
        <time>2026-09-12T09:15:10Z</time>
        <hdop>9.2</hdop>
        <extensions>
          <osmand:speed>0.5</osmand:speed>
        </extensions>
      </trkpt>
      <trkpt lat="46.4489923" lon="9.5972117">
        <ele>2622.8</ele>
        <time>2026-09-12T09:15:16Z</time>
        <hdop>11.7</hdop>
        <extensions>
          <osmand:speed>1</osmand:speed>
        </extensions>
      </trkpt>
      <trkpt lat="46.4490021" lon="9.5972382">
        <ele>2622.8</ele>
        <time>2026-09-12T09:15:25Z</time>
        <hdop>9.2</hdop>
        <extensions>
          <osmand:speed>0.6</osmand:speed>
        </extensions>
      </trkpt>
      <trkpt lat="46.4490372" lon="9.5972802">
        <ele>2623.8</ele>
        <time>2026-09-12T09:15:31Z</time>
        <hdop>9.7</hdop>
        <extensions>
          <osmand:speed>0.8</osmand:speed>
        </extensions>
      </trkpt>
      <trkpt lat="46.449068" lon="9.5972543">
        <ele>2623.8</ele>
        <time>2026-09-12T09:15:37Z</time>
        <hdop>12.2</hdop>
        <extensions>
          <osmand:speed>0.9</osmand:speed>
        </extensions>
      </trkpt>
      <trkpt lat="46.4491024" lon="9.5972182">
        <ele>2625.8</ele>
        <time>2026-09-12T09:15:43Z</time>
        <hdop>11.2</hdop>
        <extensions>
          <osmand:speed>0.3</osmand:speed>
        </extensions>
      </trkpt>
      <trkpt lat="46.4491256" lon="9.5971974">
        <ele>2625.8</ele>
        <time>2026-09-12T09:15:49Z</time>
        <hdop>11.2</hdop>
        <extensions>
          <osmand:speed>0.6</osmand:speed>
        </extensions>
      </trkpt>
      <trkpt lat="46.4491451" lon="9.5971902">
        <ele>2626.8</ele>
        <time>2026-09-12T09:15:57Z</time>
        <hdop>10.2</hdop>
        <extensions>
          <osmand:speed>0.4</osmand:speed>
        </extensions>
      </trkpt>
      <trkpt lat="46.4491582" lon="9.5972332">
        <ele>2627.8</ele>
        <time>2026-09-12T09:16:03Z</time>
        <hdop>9.2</hdop>
        <extensions>
          <osmand:speed>0.6</osmand:speed>
        </extensions>
      </trkpt>
      <trkpt lat="46.4491772" lon="9.5972422">
        <ele>2628.8</ele>
        <time>2026-09-12T09:16:10Z</time>
        <hdop>10.7</hdop>
        <extensions>
          <osmand:speed>0.6</osmand:speed>
        </extensions>
      </trkpt>
      <trkpt lat="46.4492021" lon="9.5971957">
        <ele>2630.8</ele>
        <time>2026-09-12T09:16:16Z</time>
        <hdop>9.7</hdop>
        <extensions>
          <osmand:speed>0.7</osmand:speed>
        </extensions>
      </trkpt>
      <trkpt lat="46.4492104" lon="9.5971614">
        <ele>2631.8</ele>
        <time>2026-09-12T09:16:22Z</time>
        <hdop>9.7</hdop>
        <extensions>
          <osmand:speed>0.1</osmand:speed>
        </extensions>
      </trkpt>
      <trkpt lat="46.4491923" lon="9.5971541">
        <ele>2632.8</ele>
        <time>2026-09-12T09:16:28Z</time>
        <hdop>11.2</hdop>
        <extensions>
          <osmand:speed>0.1</osmand:speed>
        </extensions>
      </trkpt>
      <trkpt lat="46.4491873" lon="9.5971238">
        <ele>2632.8</ele>
        <time>2026-09-12T09:16:34Z</time>
        <hdop>11.2</hdop>
        <extensions>
          <osmand:speed>0.5</osmand:speed>
        </extensions>
      </trkpt>
      <trkpt lat="46.4492041" lon="9.5971135">
        <ele>2633.8</ele>
        <time>2026-09-12T09:16:40Z</time>
        <hdop>12.8</hdop>
        <extensions>
          <osmand:speed>0.6</osmand:speed>
        </extensions>
      </trkpt>
      <trkpt lat="46.44923" lon="9.5971002">
        <ele>2633.8</ele>
        <time>2026-09-12T09:16:46Z</time>
        <hdop>12.2</hdop>
        <extensions>
          <osmand:speed>0.5</osmand:speed>
        </extensions>
      </trkpt>
      <trkpt lat="46.4492544" lon="9.5970669">
        <ele>2634.8</ele>
        <time>2026-09-12T09:16:52Z</time>
        <hdop>9.7</hdop>
        <extensions>
          <osmand:speed>0.6</osmand:speed>
        </extensions>
      </trkpt>
      <trkpt lat="46.4492859" lon="9.5970268">
        <ele>2635.8</ele>
        <time>2026-09-12T09:16:58Z</time>
        <hdop>7.7</hdop>
        <extensions>
          <osmand:speed>0.7</osmand:speed>
        </extensions>
      </trkpt>
      <trkpt lat="46.4493212" lon="9.5969897">
        <ele>2635.8</ele>
        <time>2026-09-12T09:17:04Z</time>
        <hdop>10.7</hdop>
        <extensions>
          <osmand:speed>0.9</osmand:speed>
        </extensions>
      </trkpt>
      <trkpt lat="46.4493333" lon="9.5969354">
        <ele>2636.8</ele>
        <time>2026-09-12T09:17:10Z</time>
        <hdop>9.2</hdop>
        <extensions>
          <osmand:speed>0.5</osmand:speed>
        </extensions>
      </trkpt>
      <trkpt lat="46.4493428" lon="9.596902">
        <ele>2636.8</ele>
        <time>2026-09-12T09:17:16Z</time>
        <hdop>7.7</hdop>
        <extensions>
          <osmand:speed>0.2</osmand:speed>
        </extensions>
      </trkpt>
      <trkpt lat="46.4493776" lon="9.5968561">
        <ele>2637.8</ele>
        <time>2026-09-12T09:17:22Z</time>
        <hdop>10.7</hdop>
        <extensions>
          <osmand:speed>1</osmand:speed>
        </extensions>
      </trkpt>
      <trkpt lat="46.4493934" lon="9.5968067">
        <ele>2637.8</ele>
        <time>2026-09-12T09:17:28Z</time>
        <hdop>9.2</hdop>
        <extensions>
          <osmand:speed>0.8</osmand:speed>
        </extensions>
      </trkpt>
      <trkpt lat="46.4493937" lon="9.5967747">
        <ele>2637.8</ele>
        <time>2026-09-12T09:17:34Z</time>
        <hdop>9.7</hdop>
        <extensions>
          <osmand:speed>0.6</osmand:speed>
        </extensions>
      </trkpt>
      <trkpt lat="46.4494101" lon="9.596748">
        <ele>2639.8</ele>
        <time>2026-09-12T09:17:40Z</time>
        <hdop>9.2</hdop>
        <extensions>
          <osmand:speed>0.6</osmand:speed>
        </extensions>
      </trkpt>
      <trkpt lat="46.449437" lon="9.5967353">
        <ele>2641.8</ele>
        <time>2026-09-12T09:17:46Z</time>
        <hdop>9.2</hdop>
        <extensions>
          <osmand:speed>0.9</osmand:speed>
        </extensions>
      </trkpt>
      <trkpt lat="46.4494199" lon="9.5967488">
        <ele>2642.8</ele>
        <time>2026-09-12T09:17:54Z</time>
        <hdop>6.6</hdop>
        <extensions>
          <osmand:speed>0.1</osmand:speed>
        </extensions>
      </trkpt>
      <trkpt lat="46.4494421" lon="9.5967647">
        <ele>2642.8</ele>
        <time>2026-09-12T09:18:04Z</time>
        <hdop>7.1</hdop>
        <extensions>
          <osmand:speed>0.9</osmand:speed>
        </extensions>
      </trkpt>
      <trkpt lat="46.4494716" lon="9.5967689">
        <ele>2642.8</ele>
        <time>2026-09-12T09:18:10Z</time>
        <hdop>9.7</hdop>
        <extensions>
          <osmand:speed>0.7</osmand:speed>
        </extensions>
      </trkpt>
      <trkpt lat="46.4494974" lon="9.5967826">
        <ele>2642.8</ele>
        <time>2026-09-12T09:18:16Z</time>
        <hdop>9.2</hdop>
        <extensions>
          <osmand:speed>0.5</osmand:speed>
        </extensions>
      </trkpt>
      <trkpt lat="46.4495195" lon="9.5967859">
        <ele>2641.8</ele>
        <time>2026-09-12T09:18:23Z</time>
        <hdop>7.7</hdop>
        <extensions>
          <osmand:speed>0.6</osmand:speed>
        </extensions>
      </trkpt>
      <trkpt lat="46.4495471" lon="9.5967877">
        <ele>2643.8</ele>
        <time>2026-09-12T09:18:29Z</time>
        <hdop>10.7</hdop>
        <extensions>
          <osmand:speed>0.6</osmand:speed>
        </extensions>
      </trkpt>
      <trkpt lat="46.4495898" lon="9.5967603">
        <ele>2643.8</ele>
        <time>2026-09-12T09:18:35Z</time>
        <hdop>9.2</hdop>
        <extensions>
          <osmand:speed>0.7</osmand:speed>
        </extensions>
      </trkpt>
      <trkpt lat="46.4496248" lon="9.5967574">
        <ele>2644.8</ele>
        <time>2026-09-12T09:18:41Z</time>
        <hdop>7.1</hdop>
        <extensions>
          <osmand:speed>0.8</osmand:speed>
        </extensions>
      </trkpt>
      <trkpt lat="46.4496705" lon="9.596694">
        <ele>2646.8</ele>
        <time>2026-09-12T09:18:47Z</time>
        <hdop>8.7</hdop>
        <extensions>
          <osmand:speed>1</osmand:speed>
        </extensions>
      </trkpt>
      <trkpt lat="46.4496763" lon="9.5965988">
        <ele>2647.8</ele>
        <time>2026-09-12T09:18:53Z</time>
        <hdop>8.7</hdop>
        <extensions>
          <osmand:speed>0.7</osmand:speed>
        </extensions>
      </trkpt>
      <trkpt lat="46.4496953" lon="9.5965098">
        <ele>2648.8</ele>
        <time>2026-09-12T09:18:59Z</time>
        <hdop>8.2</hdop>
        <extensions>
          <osmand:speed>1.4</osmand:speed>
        </extensions>
      </trkpt>
      <trkpt lat="46.4497484" lon="9.5964807">
        <ele>2649.8</ele>
        <time>2026-09-12T09:19:05Z</time>
        <hdop>8.7</hdop>
        <extensions>
          <osmand:speed>1.7</osmand:speed>
        </extensions>
      </trkpt>
      <trkpt lat="46.4497877" lon="9.5964197">
        <ele>2648.8</ele>
        <time>2026-09-12T09:19:11Z</time>
        <hdop>7.7</hdop>
        <extensions>
          <osmand:speed>1</osmand:speed>
        </extensions>
      </trkpt>
      <trkpt lat="46.4498207" lon="9.596396">
        <ele>2649.8</ele>
        <time>2026-09-12T09:19:17Z</time>
        <hdop>10.7</hdop>
        <extensions>
          <osmand:speed>0.9</osmand:speed>
        </extensions>
      </trkpt>
      <trkpt lat="46.4498339" lon="9.5963701">
        <ele>2648.8</ele>
        <time>2026-09-12T09:19:27Z</time>
        <hdop>7.1</hdop>
        <extensions>
          <osmand:speed>0.8</osmand:speed>
        </extensions>
      </trkpt>
      <trkpt lat="46.4498583" lon="9.5963561">
        <ele>2649.8</ele>
        <time>2026-09-12T09:19:33Z</time>
        <hdop>9.7</hdop>
        <extensions>
          <osmand:speed>0.5</osmand:speed>
        </extensions>
      </trkpt>
      <trkpt lat="46.4498823" lon="9.5963192">
        <ele>2649.8</ele>
        <time>2026-09-12T09:19:39Z</time>
        <hdop>9.2</hdop>
        <extensions>
          <osmand:speed>0.8</osmand:speed>
        </extensions>
      </trkpt>
      <trkpt lat="46.449916" lon="9.5962815">
        <ele>2650.8</ele>
        <time>2026-09-12T09:19:45Z</time>
        <hdop>10.7</hdop>
        <extensions>
          <osmand:speed>0.9</osmand:speed>
        </extensions>
      </trkpt>
      <trkpt lat="46.4499191" lon="9.5962536">
        <ele>2649.8</ele>
        <time>2026-09-12T09:19:51Z</time>
        <hdop>9.2</hdop>
        <extensions>
          <osmand:speed>0.5</osmand:speed>
        </extensions>
      </trkpt>
      <trkpt lat="46.4499462" lon="9.5962218">
        <ele>2649.8</ele>
        <time>2026-09-12T09:19:57Z</time>
        <hdop>9.7</hdop>
        <extensions>
          <osmand:speed>0.8</osmand:speed>
        </extensions>
      </trkpt>
      <trkpt lat="46.4499747" lon="9.5962067">
        <ele>2650.8</ele>
        <time>2026-09-12T09:20:03Z</time>
        <hdop>9.7</hdop>
        <extensions>
          <osmand:speed>0.8</osmand:speed>
        </extensions>
      </trkpt>
      <trkpt lat="46.4499991" lon="9.5961732">
        <ele>2650.8</ele>
        <time>2026-09-12T09:20:09Z</time>
        <hdop>7.7</hdop>
        <extensions>
          <osmand:speed>0.5</osmand:speed>
        </extensions>
      </trkpt>
      <trkpt lat="46.4499994" lon="9.5961266">
        <ele>2651.9</ele>
        <time>2026-09-12T09:20:15Z</time>
        <hdop>10.7</hdop>
        <extensions>
          <osmand:speed>0.1</osmand:speed>
        </extensions>
      </trkpt>
      <trkpt lat="46.4499822" lon="9.5961158">
        <ele>2654.9</ele>
        <time>2026-09-12T09:20:26Z</time>
        <hdop>6.6</hdop>
        <extensions>
          <osmand:speed>0.1</osmand:speed>
        </extensions>
      </trkpt>
      <trkpt lat="46.4500107" lon="9.5961021">
        <ele>2655.9</ele>
        <time>2026-09-12T09:20:32Z</time>
        <hdop>8.2</hdop>
        <extensions>
          <osmand:speed>0.8</osmand:speed>
        </extensions>
      </trkpt>
      <trkpt lat="46.4500581" lon="9.5960829">
        <ele>2654.9</ele>
        <time>2026-09-12T09:20:38Z</time>
        <hdop>7.1</hdop>
        <extensions>
          <osmand:speed>0.8</osmand:speed>
        </extensions>
      </trkpt>
      <trkpt lat="46.4500977" lon="9.5960294">
        <ele>2655.9</ele>
        <time>2026-09-12T09:20:44Z</time>
        <hdop>9.7</hdop>
        <extensions>
          <osmand:speed>1</osmand:speed>
        </extensions>
      </trkpt>
      <trkpt lat="46.450146" lon="9.5959721">
        <ele>2656.9</ele>
        <time>2026-09-12T09:20:50Z</time>
        <hdop>9.2</hdop>
        <extensions>
          <osmand:speed>1.4</osmand:speed>
        </extensions>
      </trkpt>
      <trkpt lat="46.4502002" lon="9.595935">
        <ele>2656.9</ele>
        <time>2026-09-12T09:20:56Z</time>
        <hdop>7.1</hdop>
        <extensions>
          <osmand:speed>0.8</osmand:speed>
        </extensions>
      </trkpt>
      <trkpt lat="46.4502329" lon="9.5958928">
        <ele>2657.9</ele>
        <time>2026-09-12T09:21:02Z</time>
        <hdop>7.1</hdop>
        <extensions>
          <osmand:speed>0.8</osmand:speed>
        </extensions>
      </trkpt>
      <trkpt lat="46.4502966" lon="9.5958526">
        <ele>2658.9</ele>
        <time>2026-09-12T09:21:08Z</time>
        <hdop>9.7</hdop>
        <extensions>
          <osmand:speed>1.1</osmand:speed>
        </extensions>
      </trkpt>
      <trkpt lat="46.4503344" lon="9.5958216">
        <ele>2658.9</ele>
        <time>2026-09-12T09:21:14Z</time>
        <hdop>7.7</hdop>
        <extensions>
          <osmand:speed>1.4</osmand:speed>
        </extensions>
      </trkpt>
      <trkpt lat="46.4503734" lon="9.5957945">
        <ele>2658.9</ele>
        <time>2026-09-12T09:21:20Z</time>
        <hdop>9.2</hdop>
        <extensions>
          <osmand:speed>0.7</osmand:speed>
        </extensions>
      </trkpt>
      <trkpt lat="46.4504093" lon="9.5957338">
        <ele>2658.9</ele>
        <time>2026-09-12T09:21:26Z</time>
        <hdop>7.7</hdop>
        <extensions>
          <osmand:speed>0.9</osmand:speed>
        </extensions>
      </trkpt>
      <trkpt lat="46.4504552" lon="9.5956856">
        <ele>2659.9</ele>
        <time>2026-09-12T09:21:32Z</time>
        <hdop>11.2</hdop>
        <extensions>
          <osmand:speed>1</osmand:speed>
        </extensions>
      </trkpt>
      <trkpt lat="46.4504993" lon="9.5956299">
        <ele>2658.9</ele>
        <time>2026-09-12T09:21:38Z</time>
        <hdop>6.6</hdop>
        <extensions>
          <osmand:speed>1.6</osmand:speed>
        </extensions>
      </trkpt>
      <trkpt lat="46.4505545" lon="9.5955817">
        <ele>2660.9</ele>
        <time>2026-09-12T09:21:44Z</time>
        <hdop>9.7</hdop>
        <extensions>
          <osmand:speed>1.1</osmand:speed>
        </extensions>
      </trkpt>
      <trkpt lat="46.4505662" lon="9.5955534">
        <ele>2661.9</ele>
        <time>2026-09-12T09:21:50Z</time>
        <hdop>3.6</hdop>
        <extensions>
          <osmand:speed>0.8</osmand:speed>
        </extensions>
      </trkpt>
      <trkpt lat="46.4506012" lon="9.5955562">
        <ele>2663.9</ele>
        <time>2026-09-12T09:21:56Z</time>
        <hdop>4.1</hdop>
        <extensions>
          <osmand:speed>0.1</osmand:speed>
        </extensions>
      </trkpt>
      <trkpt lat="46.4505896" lon="9.5955799">
        <ele>2663.9</ele>
        <time>2026-09-12T09:22:02Z</time>
        <hdop>8.7</hdop>
        <extensions>
          <osmand:speed>1.2</osmand:speed>
        </extensions>
      </trkpt>
      <trkpt lat="46.4506513" lon="9.5955805">
        <ele>2662.9</ele>
        <time>2026-09-12T09:22:08Z</time>
        <hdop>7.1</hdop>
        <extensions>
          <osmand:speed>1</osmand:speed>
        </extensions>
      </trkpt>
      <trkpt lat="46.4507107" lon="9.5955302">
        <ele>2662.9</ele>
        <time>2026-09-12T09:22:14Z</time>
        <hdop>8.2</hdop>
        <extensions>
          <osmand:speed>1.4</osmand:speed>
        </extensions>
      </trkpt>
      <trkpt lat="46.4507511" lon="9.5954997">
        <ele>2661.9</ele>
        <time>2026-09-12T09:22:20Z</time>
        <hdop>8.2</hdop>
        <extensions>
          <osmand:speed>0.1</osmand:speed>
        </extensions>
      </trkpt>
      <trkpt lat="46.4508003" lon="9.5955122">
        <ele>2661.9</ele>
        <time>2026-09-12T09:22:26Z</time>
        <hdop>8.2</hdop>
        <extensions>
          <osmand:speed>0.9</osmand:speed>
        </extensions>
      </trkpt>
      <trkpt lat="46.4508187" lon="9.5955198">
        <ele>2660.9</ele>
        <time>2026-09-12T09:22:37Z</time>
        <hdop>7.1</hdop>
        <extensions>
          <osmand:speed>1</osmand:speed>
        </extensions>
      </trkpt>
      <trkpt lat="46.4508637" lon="9.5954782">
        <ele>2659.9</ele>
        <time>2026-09-12T09:22:43Z</time>
        <hdop>6.6</hdop>
        <extensions>
          <osmand:speed>0.9</osmand:speed>
        </extensions>
      </trkpt>
      <trkpt lat="46.4509092" lon="9.5954318">
        <ele>2658.9</ele>
        <time>2026-09-12T09:22:49Z</time>
        <hdop>6.1</hdop>
        <extensions>
          <osmand:speed>1</osmand:speed>
        </extensions>
      </trkpt>
      <trkpt lat="46.4509551" lon="9.5954401">
        <ele>2657.9</ele>
        <time>2026-09-12T09:22:55Z</time>
        <hdop>7.7</hdop>
        <extensions>
          <osmand:speed>0.9</osmand:speed>
        </extensions>
      </trkpt>
      <trkpt lat="46.4509841" lon="9.595452">
        <ele>2656.9</ele>
        <time>2026-09-12T09:23:01Z</time>
        <hdop>8.2</hdop>
        <extensions>
          <osmand:speed>0.5</osmand:speed>
        </extensions>
      </trkpt>
      <trkpt lat="46.4510282" lon="9.595465">
        <ele>2656.9</ele>
        <time>2026-09-12T09:23:07Z</time>
        <hdop>8.7</hdop>
        <extensions>
          <osmand:speed>0.9</osmand:speed>
        </extensions>
      </trkpt>
      <trkpt lat="46.4510749" lon="9.595467">
        <ele>2657.9</ele>
        <time>2026-09-12T09:23:13Z</time>
        <hdop>9.2</hdop>
        <extensions>
          <osmand:speed>1.2</osmand:speed>
        </extensions>
      </trkpt>
      <trkpt lat="46.4511492" lon="9.5954776">
        <ele>2657.9</ele>
        <time>2026-09-12T09:23:19Z</time>
        <hdop>9.7</hdop>
        <extensions>
          <osmand:speed>1.4</osmand:speed>
        </extensions>
      </trkpt>
      <trkpt lat="46.4512071" lon="9.5954474">
        <ele>2656.9</ele>
        <time>2026-09-12T09:23:25Z</time>
        <hdop>8.2</hdop>
        <extensions>
          <osmand:speed>1.2</osmand:speed>
        </extensions>
      </trkpt>
      <trkpt lat="46.4512729" lon="9.5954192">
        <ele>2656.9</ele>
        <time>2026-09-12T09:23:31Z</time>
        <hdop>9.7</hdop>
        <extensions>
          <osmand:speed>0.9</osmand:speed>
        </extensions>
      </trkpt>
      <trkpt lat="46.4513261" lon="9.5953775">
        <ele>2654.9</ele>
        <time>2026-09-12T09:23:37Z</time>
        <hdop>9.2</hdop>
        <extensions>
          <osmand:speed>0.9</osmand:speed>
        </extensions>
      </trkpt>
      <trkpt lat="46.4513896" lon="9.5953472">
        <ele>2654.9</ele>
        <time>2026-09-12T09:23:43Z</time>
        <hdop>10.2</hdop>
        <extensions>
          <osmand:speed>0.9</osmand:speed>
        </extensions>
      </trkpt>
      <trkpt lat="46.4514173" lon="9.5953524">
        <ele>2654.9</ele>
        <time>2026-09-12T09:23:52Z</time>
        <hdop>8.7</hdop>
        <extensions>
          <osmand:speed>1.1</osmand:speed>
        </extensions>
      </trkpt>
      <trkpt lat="46.4514598" lon="9.5953149">
        <ele>2654.9</ele>
        <time>2026-09-12T09:23:58Z</time>
        <hdop>8.2</hdop>
        <extensions>
          <osmand:speed>1.5</osmand:speed>
        </extensions>
      </trkpt>
      <trkpt lat="46.4515304" lon="9.5952909">
        <ele>2653.9</ele>
        <time>2026-09-12T09:24:04Z</time>
        <hdop>7.7</hdop>
        <extensions>
          <osmand:speed>0.8</osmand:speed>
        </extensions>
      </trkpt>
      <trkpt lat="46.4515688" lon="9.5952753">
        <ele>2653.9</ele>
        <time>2026-09-12T09:24:10Z</time>
        <hdop>8.2</hdop>
        <extensions>
          <osmand:speed>1.3</osmand:speed>
        </extensions>
      </trkpt>
      <trkpt lat="46.4516287" lon="9.5952732">
        <ele>2653.9</ele>
        <time>2026-09-12T09:24:16Z</time>
        <hdop>7.1</hdop>
        <extensions>
          <osmand:speed>1.3</osmand:speed>
        </extensions>
      </trkpt>
      <trkpt lat="46.4517004" lon="9.5952488">
        <ele>2652.9</ele>
        <time>2026-09-12T09:24:22Z</time>
        <hdop>5.6</hdop>
        <extensions>
          <osmand:speed>1.5</osmand:speed>
        </extensions>
      </trkpt>
      <trkpt lat="46.4517504" lon="9.5952284">
        <ele>2651.9</ele>
        <time>2026-09-12T09:24:28Z</time>
        <hdop>7.1</hdop>
        <extensions>
          <osmand:speed>1.1</osmand:speed>
        </extensions>
      </trkpt>
      <trkpt lat="46.451802" lon="9.5951963">
        <ele>2650.9</ele>
        <time>2026-09-12T09:24:34Z</time>
        <hdop>9.2</hdop>
        <extensions>
          <osmand:speed>0.9</osmand:speed>
        </extensions>
      </trkpt>
      <trkpt lat="46.4518278" lon="9.5951648">
        <ele>2648.9</ele>
        <time>2026-09-12T09:24:40Z</time>
        <hdop>8.7</hdop>
        <extensions>
          <osmand:speed>0.7</osmand:speed>
        </extensions>
      </trkpt>
      <trkpt lat="46.4518471" lon="9.5951492">
        <ele>2649.9</ele>
        <time>2026-09-12T09:24:46Z</time>
        <hdop>8.7</hdop>
      </trkpt>
      <trkpt lat="46.4518727" lon="9.595164">
        <ele>2649.9</ele>
        <time>2026-09-12T09:24:54Z</time>
        <hdop>11.2</hdop>
        <extensions>
          <osmand:speed>0.8</osmand:speed>
        </extensions>
      </trkpt>
      <trkpt lat="46.4519191" lon="9.5951422">
        <ele>2650.9</ele>
        <time>2026-09-12T09:25:00Z</time>
        <hdop>8.7</hdop>
        <extensions>
          <osmand:speed>0.8</osmand:speed>
        </extensions>
      </trkpt>
      <trkpt lat="46.4519725" lon="9.5951595">
        <ele>2650.9</ele>
        <time>2026-09-12T09:25:06Z</time>
        <hdop>10.7</hdop>
        <extensions>
          <osmand:speed>0.8</osmand:speed>
        </extensions>
      </trkpt>
      <trkpt lat="46.4520129" lon="9.5951485">
        <ele>2651.9</ele>
        <time>2026-09-12T09:25:12Z</time>
        <hdop>9.2</hdop>
        <extensions>
          <osmand:speed>0.7</osmand:speed>
        </extensions>
      </trkpt>
      <trkpt lat="46.4520638" lon="9.5951315">
        <ele>2652.9</ele>
        <time>2026-09-12T09:25:18Z</time>
        <hdop>8.7</hdop>
        <extensions>
          <osmand:speed>1</osmand:speed>
        </extensions>
      </trkpt>
      <trkpt lat="46.4521175" lon="9.5951357">
        <ele>2652.9</ele>
        <time>2026-09-12T09:25:24Z</time>
        <hdop>9.7</hdop>
        <extensions>
          <osmand:speed>1.3</osmand:speed>
        </extensions>
      </trkpt>
      <trkpt lat="46.452157" lon="9.5951265">
        <ele>2653.9</ele>
        <time>2026-09-12T09:25:30Z</time>
        <hdop>10.7</hdop>
        <extensions>
          <osmand:speed>0.9</osmand:speed>
        </extensions>
      </trkpt>
      <trkpt lat="46.4522091" lon="9.595138">
        <ele>2653.9</ele>
        <time>2026-09-12T09:25:36Z</time>
        <hdop>10.7</hdop>
        <extensions>
          <osmand:speed>1.2</osmand:speed>
        </extensions>
      </trkpt>
      <trkpt lat="46.452272" lon="9.5951226">
        <ele>2654.9</ele>
        <time>2026-09-12T09:25:42Z</time>
        <hdop>9.2</hdop>
        <extensions>
          <osmand:speed>1</osmand:speed>
        </extensions>
      </trkpt>
      <trkpt lat="46.4523336" lon="9.5951139">
        <ele>2655.9</ele>
        <time>2026-09-12T09:25:48Z</time>
        <hdop>9.7</hdop>
        <extensions>
          <osmand:speed>1</osmand:speed>
        </extensions>
      </trkpt>
      <trkpt lat="46.4523863" lon="9.5951343">
        <ele>2655.9</ele>
        <time>2026-09-12T09:25:54Z</time>
        <hdop>9.2</hdop>
        <extensions>
          <osmand:speed>1.2</osmand:speed>
        </extensions>
      </trkpt>
      <trkpt lat="46.4524349" lon="9.5951132">
        <ele>2655.9</ele>
        <time>2026-09-12T09:26:00Z</time>
        <hdop>10.7</hdop>
        <extensions>
          <osmand:speed>0.9</osmand:speed>
        </extensions>
      </trkpt>
      <trkpt lat="46.4524883" lon="9.5950982">
        <ele>2654.9</ele>
        <time>2026-09-12T09:26:06Z</time>
        <hdop>9.2</hdop>
        <extensions>
          <osmand:speed>1.2</osmand:speed>
        </extensions>
      </trkpt>
      <trkpt lat="46.4525335" lon="9.5951101">
        <ele>2655.9</ele>
        <time>2026-09-12T09:26:12Z</time>
        <hdop>9.7</hdop>
        <extensions>
          <osmand:speed>0.9</osmand:speed>
        </extensions>
      </trkpt>
      <trkpt lat="46.452581" lon="9.5951165">
        <ele>2655.9</ele>
        <time>2026-09-12T09:26:18Z</time>
        <hdop>9.7</hdop>
        <extensions>
          <osmand:speed>0.4</osmand:speed>
        </extensions>
      </trkpt>
      <trkpt lat="46.452602" lon="9.5951094">
        <ele>2655.9</ele>
        <time>2026-09-12T09:26:24Z</time>
        <hdop>11.2</hdop>
        <extensions>
          <osmand:speed>0.4</osmand:speed>
        </extensions>
      </trkpt>
      <trkpt lat="46.4526243" lon="9.5950934">
        <ele>2656.9</ele>
        <time>2026-09-12T09:26:30Z</time>
        <hdop>9.7</hdop>
        <extensions>
          <osmand:speed>0.9</osmand:speed>
        </extensions>
      </trkpt>
      <trkpt lat="46.4526445" lon="9.5950821">
        <ele>2656.9</ele>
        <time>2026-09-12T09:26:37Z</time>
        <hdop>9.7</hdop>
        <extensions>
          <osmand:speed>0.7</osmand:speed>
        </extensions>
      </trkpt>
      <trkpt lat="46.452687" lon="9.5950511">
        <ele>2657.9</ele>
        <time>2026-09-12T09:26:43Z</time>
        <hdop>9.2</hdop>
        <extensions>
          <osmand:speed>0.8</osmand:speed>
        </extensions>
      </trkpt>
      <trkpt lat="46.4527143" lon="9.5950568">
        <ele>2658.9</ele>
        <time>2026-09-12T09:26:49Z</time>
        <hdop>10.7</hdop>
        <extensions>
          <osmand:speed>0.7</osmand:speed>
        </extensions>
      </trkpt>
      <trkpt lat="46.4527324" lon="9.5950645">
        <ele>2659.9</ele>
        <time>2026-09-12T09:26:55Z</time>
        <hdop>11.7</hdop>
        <extensions>
          <osmand:speed>0.8</osmand:speed>
        </extensions>
      </trkpt>
      <trkpt lat="46.4527549" lon="9.5950631">
        <ele>2661.9</ele>
        <time>2026-09-12T09:27:02Z</time>
        <hdop>11.2</hdop>
        <extensions>
          <osmand:speed>0.8</osmand:speed>
        </extensions>
      </trkpt>
      <trkpt lat="46.4527703" lon="9.5950844">
        <ele>2661.9</ele>
        <time>2026-09-12T09:27:08Z</time>
        <hdop>11.7</hdop>
        <extensions>
          <osmand:speed>0.8</osmand:speed>
        </extensions>
      </trkpt>
      <trkpt lat="46.4527857" lon="9.595114">
        <ele>2663.9</ele>
        <time>2026-09-12T09:27:14Z</time>
        <hdop>11.2</hdop>
        <extensions>
          <osmand:speed>0.4</osmand:speed>
        </extensions>
      </trkpt>
      <trkpt lat="46.4528188" lon="9.5951059">
        <ele>2664.9</ele>
        <time>2026-09-12T09:27:20Z</time>
        <hdop>12.2</hdop>
        <extensions>
          <osmand:speed>0.6</osmand:speed>
        </extensions>
      </trkpt>
      <trkpt lat="46.4528878" lon="9.5951197">
        <ele>2664.9</ele>
        <time>2026-09-12T09:27:26Z</time>
        <hdop>9.7</hdop>
        <extensions>
          <osmand:speed>1</osmand:speed>
        </extensions>
      </trkpt>
      <trkpt lat="46.4529394" lon="9.5951142">
        <ele>2664.9</ele>
        <time>2026-09-12T09:27:32Z</time>
        <hdop>10.2</hdop>
        <extensions>
          <osmand:speed>0.8</osmand:speed>
        </extensions>
      </trkpt>
      <trkpt lat="46.4529758" lon="9.5951063">
        <ele>2665.9</ele>
        <time>2026-09-12T09:27:38Z</time>
        <hdop>8.2</hdop>
        <extensions>
          <osmand:speed>0.8</osmand:speed>
        </extensions>
      </trkpt>
      <trkpt lat="46.4530255" lon="9.5950912">
        <ele>2666.9</ele>
        <time>2026-09-12T09:27:44Z</time>
        <hdop>11.2</hdop>
        <extensions>
          <osmand:speed>0.5</osmand:speed>
        </extensions>
      </trkpt>
      <trkpt lat="46.4530678" lon="9.5950806">
        <ele>2667.9</ele>
        <time>2026-09-12T09:27:50Z</time>
        <hdop>10.7</hdop>
        <extensions>
          <osmand:speed>1</osmand:speed>
        </extensions>
      </trkpt>
      <trkpt lat="46.4531184" lon="9.595113">
        <ele>2668.9</ele>
        <time>2026-09-12T09:27:56Z</time>
        <hdop>10.7</hdop>
        <extensions>
          <osmand:speed>1</osmand:speed>
        </extensions>
      </trkpt>
      <trkpt lat="46.4531851" lon="9.5950956">
        <ele>2668.9</ele>
        <time>2026-09-12T09:28:02Z</time>
        <hdop>7.7</hdop>
        <extensions>
          <osmand:speed>1.2</osmand:speed>
        </extensions>
      </trkpt>
      <trkpt lat="46.4532324" lon="9.5950996">
        <ele>2667.9</ele>
        <time>2026-09-12T09:28:08Z</time>
        <hdop>8.7</hdop>
        <extensions>
          <osmand:speed>1</osmand:speed>
        </extensions>
      </trkpt>
      <trkpt lat="46.4532903" lon="9.5951282">
        <ele>2669.9</ele>
        <time>2026-09-12T09:28:14Z</time>
        <hdop>10.2</hdop>
        <extensions>
          <osmand:speed>1.1</osmand:speed>
        </extensions>
      </trkpt>
      <trkpt lat="46.4533487" lon="9.5951328">
        <ele>2670.9</ele>
        <time>2026-09-12T09:28:20Z</time>
        <hdop>10.7</hdop>
        <extensions>
          <osmand:speed>1.3</osmand:speed>
        </extensions>
      </trkpt>
      <trkpt lat="46.4534073" lon="9.59514">
        <ele>2670.9</ele>
        <time>2026-09-12T09:28:26Z</time>
        <hdop>9.2</hdop>
        <extensions>
          <osmand:speed>0.6</osmand:speed>
        </extensions>
      </trkpt>
      <trkpt lat="46.4534308" lon="9.595111">
        <ele>2670.9</ele>
        <time>2026-09-12T09:28:32Z</time>
        <hdop>9.2</hdop>
        <extensions>
          <osmand:speed>0.2</osmand:speed>
        </extensions>
      </trkpt>
      <trkpt lat="46.4534506" lon="9.5951034">
        <ele>2669.9</ele>
        <time>2026-09-12T09:28:40Z</time>
        <hdop>8.2</hdop>
        <extensions>
          <osmand:speed>0.8</osmand:speed>
        </extensions>
      </trkpt>
      <trkpt lat="46.4535009" lon="9.5951079">
        <ele>2670.9</ele>
        <time>2026-09-12T09:28:46Z</time>
        <hdop>7.7</hdop>
        <extensions>
          <osmand:speed>1.1</osmand:speed>
        </extensions>
      </trkpt>
      <trkpt lat="46.4535355" lon="9.5951742">
        <ele>2671.9</ele>
        <time>2026-09-12T09:28:52Z</time>
        <hdop>9.2</hdop>
        <extensions>
          <osmand:speed>1.2</osmand:speed>
        </extensions>
      </trkpt>
      <trkpt lat="46.4535963" lon="9.5952052">
        <ele>2672.9</ele>
        <time>2026-09-12T09:28:58Z</time>
        <hdop>9.2</hdop>
        <extensions>
          <osmand:speed>1.1</osmand:speed>
        </extensions>
      </trkpt>
      <trkpt lat="46.4536447" lon="9.595188">
        <ele>2672.9</ele>
        <time>2026-09-12T09:29:04Z</time>
        <hdop>9.2</hdop>
        <extensions>
          <osmand:speed>0.4</osmand:speed>
        </extensions>
      </trkpt>
      <trkpt lat="46.4536827" lon="9.5951661">
        <ele>2672.9</ele>
        <time>2026-09-12T09:29:10Z</time>
        <hdop>8.7</hdop>
        <extensions>
          <osmand:speed>0.9</osmand:speed>
        </extensions>
      </trkpt>
      <trkpt lat="46.4537391" lon="9.5951622">
        <ele>2672.9</ele>
        <time>2026-09-12T09:29:16Z</time>
        <hdop>7.1</hdop>
        <extensions>
          <osmand:speed>0.5</osmand:speed>
        </extensions>
      </trkpt>
      <trkpt lat="46.4537671" lon="9.5951405">
        <ele>2671.9</ele>
        <time>2026-09-12T09:29:22Z</time>
        <hdop>10.2</hdop>
        <extensions>
          <osmand:speed>0.6</osmand:speed>
        </extensions>
      </trkpt>
      <trkpt lat="46.4537756" lon="9.5950944">
        <ele>2672.9</ele>
        <time>2026-09-12T09:29:28Z</time>
        <hdop>8.7</hdop>
        <extensions>
          <osmand:speed>0.2</osmand:speed>
        </extensions>
      </trkpt>
      <trkpt lat="46.4537954" lon="9.5951095">
        <ele>2672.9</ele>
        <time>2026-09-12T09:29:34Z</time>
        <hdop>9.7</hdop>
        <extensions>
          <osmand:speed>0.9</osmand:speed>
        </extensions>
      </trkpt>
      <trkpt lat="46.4538415" lon="9.595149">
        <ele>2673.9</ele>
        <time>2026-09-12T09:29:40Z</time>
        <hdop>10.2</hdop>
        <extensions>
          <osmand:speed>1</osmand:speed>
        </extensions>
      </trkpt>
      <trkpt lat="46.4538584" lon="9.595192">
        <ele>2673.9</ele>
        <time>2026-09-12T09:29:46Z</time>
        <hdop>10.2</hdop>
        <extensions>
          <osmand:speed>0.8</osmand:speed>
        </extensions>
      </trkpt>
      <trkpt lat="46.4538991" lon="9.5952602">
        <ele>2673.9</ele>
        <time>2026-09-12T09:29:52Z</time>
        <hdop>9.2</hdop>
        <extensions>
          <osmand:speed>1.2</osmand:speed>
        </extensions>
      </trkpt>
      <trkpt lat="46.453938" lon="9.5952868">
        <ele>2673.9</ele>
        <time>2026-09-12T09:29:58Z</time>
        <hdop>8.2</hdop>
        <extensions>
          <osmand:speed>0.6</osmand:speed>
        </extensions>
      </trkpt>
      <trkpt lat="46.4539364" lon="9.595237">
        <ele>2675.9</ele>
        <time>2026-09-12T09:30:04Z</time>
        <hdop>8.2</hdop>
        <extensions>
          <osmand:speed>0.9</osmand:speed>
        </extensions>
      </trkpt>
      <trkpt lat="46.4539569" lon="9.5952537">
        <ele>2675.9</ele>
        <time>2026-09-12T09:30:17Z</time>
        <hdop>7.7</hdop>
        <extensions>
          <osmand:speed>1</osmand:speed>
        </extensions>
      </trkpt>
      <trkpt lat="46.4539793" lon="9.5953323">
        <ele>2676.9</ele>
        <time>2026-09-12T09:30:23Z</time>
        <hdop>8.2</hdop>
        <extensions>
          <osmand:speed>1.2</osmand:speed>
        </extensions>
      </trkpt>
      <trkpt lat="46.4539704" lon="9.5954087">
        <ele>2676.9</ele>
        <time>2026-09-12T09:30:29Z</time>
        <hdop>8.7</hdop>
        <extensions>
          <osmand:speed>1.1</osmand:speed>
        </extensions>
      </trkpt>
      <trkpt lat="46.4540155" lon="9.5954666">
        <ele>2676.9</ele>
        <time>2026-09-12T09:30:35Z</time>
        <hdop>8.7</hdop>
        <extensions>
          <osmand:speed>1.1</osmand:speed>
        </extensions>
      </trkpt>
      <trkpt lat="46.4540561" lon="9.5955108">
        <ele>2676.9</ele>
        <time>2026-09-12T09:30:41Z</time>
        <hdop>8.7</hdop>
        <extensions>
          <osmand:speed>1.2</osmand:speed>
        </extensions>
      </trkpt>
      <trkpt lat="46.4540942" lon="9.5955631">
        <ele>2676.9</ele>
        <time>2026-09-12T09:30:47Z</time>
        <hdop>8.7</hdop>
        <extensions>
          <osmand:speed>0.8</osmand:speed>
        </extensions>
      </trkpt>
      <trkpt lat="46.4541199" lon="9.5956213">
        <ele>2677.9</ele>
        <time>2026-09-12T09:30:53Z</time>
        <hdop>8.2</hdop>
        <extensions>
          <osmand:speed>1.1</osmand:speed>
        </extensions>
      </trkpt>
      <trkpt lat="46.4541263" lon="9.5956882">
        <ele>2677.9</ele>
        <time>2026-09-12T09:30:59Z</time>
        <hdop>9.2</hdop>
        <extensions>
          <osmand:speed>0.7</osmand:speed>
        </extensions>
      </trkpt>
      <trkpt lat="46.4541105" lon="9.5957545">
        <ele>2677.9</ele>
        <time>2026-09-12T09:31:05Z</time>
        <hdop>9.7</hdop>
        <extensions>
          <osmand:speed>0.2</osmand:speed>
        </extensions>
      </trkpt>
      <trkpt lat="46.4541046" lon="9.5957866">
        <ele>2676.9</ele>
        <time>2026-09-12T09:31:11Z</time>
        <hdop>10.7</hdop>
        <extensions>
          <osmand:speed>0.8</osmand:speed>
        </extensions>
      </trkpt>
      <trkpt lat="46.4540757" lon="9.5958279">
        <ele>2677.9</ele>
        <time>2026-09-12T09:31:17Z</time>
        <hdop>9.7</hdop>
        <extensions>
          <osmand:speed>0.8</osmand:speed>
        </extensions>
      </trkpt>
      <trkpt lat="46.4540418" lon="9.5958632">
        <ele>2677.9</ele>
        <time>2026-09-12T09:31:23Z</time>
        <hdop>9.2</hdop>
        <extensions>
          <osmand:speed>1.3</osmand:speed>
        </extensions>
      </trkpt>
      <trkpt lat="46.4540062" lon="9.5959086">
        <ele>2676.9</ele>
        <time>2026-09-12T09:31:29Z</time>
        <hdop>9.7</hdop>
        <extensions>
          <osmand:speed>0.9</osmand:speed>
        </extensions>
      </trkpt>
      <trkpt lat="46.4539594" lon="9.5959422">
        <ele>2677.9</ele>
        <time>2026-09-12T09:31:35Z</time>
        <hdop>10.7</hdop>
        <extensions>
          <osmand:speed>1.2</osmand:speed>
        </extensions>
      </trkpt>
      <trkpt lat="46.4539226" lon="9.5959849">
        <ele>2677.9</ele>
        <time>2026-09-12T09:31:41Z</time>
        <hdop>9.2</hdop>
        <extensions>
          <osmand:speed>0.7</osmand:speed>
        </extensions>
      </trkpt>
      <trkpt lat="46.4539281" lon="9.5960514">
        <ele>2677.9</ele>
        <time>2026-09-12T09:31:47Z</time>
        <hdop>10.7</hdop>
        <extensions>
          <osmand:speed>1</osmand:speed>
        </extensions>
      </trkpt>
      <trkpt lat="46.4539185" lon="9.596131">
        <ele>2675.9</ele>
        <time>2026-09-12T09:31:53Z</time>
        <hdop>11.7</hdop>
        <extensions>
          <osmand:speed>0.5</osmand:speed>
        </extensions>
      </trkpt>
      <trkpt lat="46.4539384" lon="9.5962002">
        <ele>2675.9</ele>
        <time>2026-09-12T09:31:59Z</time>
        <hdop>11.2</hdop>
        <extensions>
          <osmand:speed>1.2</osmand:speed>
        </extensions>
      </trkpt>
      <trkpt lat="46.4539794" lon="9.5962716">
        <ele>2676.9</ele>
        <time>2026-09-12T09:32:05Z</time>
        <hdop>10.7</hdop>
        <extensions>
          <osmand:speed>0.7</osmand:speed>
        </extensions>
      </trkpt>
      <trkpt lat="46.4540336" lon="9.5963096">
        <ele>2676.9</ele>
        <time>2026-09-12T09:32:11Z</time>
        <hdop>10.2</hdop>
        <extensions>
          <osmand:speed>0.8</osmand:speed>
        </extensions>
      </trkpt>
      <trkpt lat="46.4540811" lon="9.596372">
        <ele>2676.9</ele>
        <time>2026-09-12T09:32:17Z</time>
        <hdop>10.2</hdop>
        <extensions>
          <osmand:speed>1</osmand:speed>
        </extensions>
      </trkpt>
      <trkpt lat="46.4541118" lon="9.5964347">
        <ele>2676.9</ele>
        <time>2026-09-12T09:32:23Z</time>
        <hdop>9.2</hdop>
        <extensions>
          <osmand:speed>0.9</osmand:speed>
        </extensions>
      </trkpt>
      <trkpt lat="46.4541481" lon="9.5964894">
        <ele>2676.9</ele>
        <time>2026-09-12T09:32:29Z</time>
        <hdop>9.2</hdop>
        <extensions>
          <osmand:speed>0.6</osmand:speed>
        </extensions>
      </trkpt>
      <trkpt lat="46.4542012" lon="9.5965041">
        <ele>2675.9</ele>
        <time>2026-09-12T09:32:35Z</time>
        <hdop>9.2</hdop>
        <extensions>
          <osmand:speed>0.6</osmand:speed>
        </extensions>
      </trkpt>
      <trkpt lat="46.4542291" lon="9.5965005">
        <ele>2675.9</ele>
        <time>2026-09-12T09:32:41Z</time>
        <hdop>8.7</hdop>
        <extensions>
          <osmand:speed>1.1</osmand:speed>
        </extensions>
      </trkpt>
      <trkpt lat="46.4542575" lon="9.5965258">
        <ele>2675.9</ele>
        <time>2026-09-12T09:32:47Z</time>
        <hdop>9.2</hdop>
        <extensions>
          <osmand:speed>0.7</osmand:speed>
        </extensions>
      </trkpt>
      <trkpt lat="46.4542984" lon="9.5965533">
        <ele>2675.9</ele>
        <time>2026-09-12T09:32:53Z</time>
        <hdop>10.7</hdop>
        <extensions>
          <osmand:speed>0.7</osmand:speed>
        </extensions>
      </trkpt>
      <trkpt lat="46.4543333" lon="9.5965481">
        <ele>2674.9</ele>
        <time>2026-09-12T09:32:59Z</time>
        <hdop>11.2</hdop>
        <extensions>
          <osmand:speed>0.8</osmand:speed>
        </extensions>
      </trkpt>
      <trkpt lat="46.4543832" lon="9.5965425">
        <ele>2674.9</ele>
        <time>2026-09-12T09:33:05Z</time>
        <hdop>8.7</hdop>
        <extensions>
          <osmand:speed>1.2</osmand:speed>
        </extensions>
      </trkpt>
      <trkpt lat="46.454457" lon="9.5965288">
        <ele>2674.9</ele>
        <time>2026-09-12T09:33:11Z</time>
        <hdop>9.2</hdop>
        <extensions>
          <osmand:speed>1.7</osmand:speed>
        </extensions>
      </trkpt>
      <trkpt lat="46.4545039" lon="9.5965256">
        <ele>2673.9</ele>
        <time>2026-09-12T09:33:17Z</time>
        <hdop>9.2</hdop>
        <extensions>
          <osmand:speed>0.9</osmand:speed>
        </extensions>
      </trkpt>
      <trkpt lat="46.454519" lon="9.5965098">
        <ele>2674.9</ele>
        <time>2026-09-12T09:33:28Z</time>
        <hdop>8.2</hdop>
        <extensions>
          <osmand:speed>0.3</osmand:speed>
        </extensions>
      </trkpt>
      <trkpt lat="46.4545529" lon="9.596486">
        <ele>2675.9</ele>
        <time>2026-09-12T09:33:34Z</time>
        <hdop>7.7</hdop>
        <extensions>
          <osmand:speed>0.7</osmand:speed>
        </extensions>
      </trkpt>
      <trkpt lat="46.454587" lon="9.5964932">
        <ele>2674.9</ele>
        <time>2026-09-12T09:33:40Z</time>
        <hdop>6.6</hdop>
        <extensions>
          <osmand:speed>0.9</osmand:speed>
        </extensions>
      </trkpt>
      <trkpt lat="46.4546055" lon="9.5964186">
        <ele>2674.9</ele>
        <time>2026-09-12T09:33:46Z</time>
        <hdop>6.1</hdop>
        <extensions>
          <osmand:speed>0.8</osmand:speed>
        </extensions>
      </trkpt>
      <trkpt lat="46.4545704" lon="9.5963391">
        <ele>2673.9</ele>
        <time>2026-09-12T09:33:52Z</time>
        <hdop>9.7</hdop>
        <extensions>
          <osmand:speed>1.1</osmand:speed>
        </extensions>
      </trkpt>
      <trkpt lat="46.4545298" lon="9.5962922">
        <ele>2673.9</ele>
        <time>2026-09-12T09:33:58Z</time>
        <hdop>9.7</hdop>
        <extensions>
          <osmand:speed>0.9</osmand:speed>
        </extensions>
      </trkpt>
      <trkpt lat="46.4544848" lon="9.596285">
        <ele>2673.9</ele>
        <time>2026-09-12T09:34:04Z</time>
        <hdop>10.2</hdop>
        <extensions>
          <osmand:speed>0.9</osmand:speed>
        </extensions>
      </trkpt>
      <trkpt lat="46.4544732" lon="9.5962213">
        <ele>2672.9</ele>
        <time>2026-09-12T09:34:10Z</time>
        <hdop>6.6</hdop>
        <extensions>
          <osmand:speed>1.2</osmand:speed>
        </extensions>
      </trkpt>
      <trkpt lat="46.4544928" lon="9.596162">
        <ele>2673.9</ele>
        <time>2026-09-12T09:34:16Z</time>
        <hdop>8.2</hdop>
        <extensions>
          <osmand:speed>0.8</osmand:speed>
        </extensions>
      </trkpt>
      <trkpt lat="46.454517" lon="9.5961103">
        <ele>2674.9</ele>
        <time>2026-09-12T09:34:22Z</time>
        <hdop>9.2</hdop>
        <extensions>
          <osmand:speed>1</osmand:speed>
        </extensions>
      </trkpt>
      <trkpt lat="46.4545182" lon="9.5960344">
        <ele>2674.9</ele>
        <time>2026-09-12T09:34:28Z</time>
        <hdop>9.2</hdop>
        <extensions>
          <osmand:speed>0.9</osmand:speed>
        </extensions>
      </trkpt>
      <trkpt lat="46.4545076" lon="9.5959742">
        <ele>2674.9</ele>
        <time>2026-09-12T09:34:34Z</time>
        <hdop>9.7</hdop>
        <extensions>
          <osmand:speed>0.9</osmand:speed>
        </extensions>
      </trkpt>
      <trkpt lat="46.4545129" lon="9.5959216">
        <ele>2674.9</ele>
        <time>2026-09-12T09:34:40Z</time>
        <hdop>8.7</hdop>
        <extensions>
          <osmand:speed>0.8</osmand:speed>
        </extensions>
      </trkpt>
      <trkpt lat="46.4544918" lon="9.5958609">
        <ele>2673.9</ele>
        <time>2026-09-12T09:34:46Z</time>
        <hdop>6.1</hdop>
        <extensions>
          <osmand:speed>0.8</osmand:speed>
        </extensions>
      </trkpt>
      <trkpt lat="46.4544409" lon="9.5958247">
        <ele>2675.9</ele>
        <time>2026-09-12T09:34:52Z</time>
        <hdop>8.7</hdop>
        <extensions>
          <osmand:speed>0.9</osmand:speed>
        </extensions>
      </trkpt>
      <trkpt lat="46.4543958" lon="9.5957817">
        <ele>2676.9</ele>
        <time>2026-09-12T09:34:58Z</time>
        <hdop>7.7</hdop>
        <extensions>
          <osmand:speed>0.3</osmand:speed>
        </extensions>
      </trkpt>
      <trkpt lat="46.4543674" lon="9.5957285">
        <ele>2676.9</ele>
        <time>2026-09-12T09:35:04Z</time>
        <hdop>9.2</hdop>
        <extensions>
          <osmand:speed>1.1</osmand:speed>
        </extensions>
      </trkpt>
      <trkpt lat="46.4543122" lon="9.5956903">
        <ele>2676.9</ele>
        <time>2026-09-12T09:35:10Z</time>
        <hdop>8.7</hdop>
        <extensions>
          <osmand:speed>1.1</osmand:speed>
        </extensions>
      </trkpt>
      <trkpt lat="46.4542526" lon="9.595626">
        <ele>2677.9</ele>
        <time>2026-09-12T09:35:16Z</time>
        <hdop>10.2</hdop>
        <extensions>
          <osmand:speed>1.4</osmand:speed>
        </extensions>
      </trkpt>
      <trkpt lat="46.454201" lon="9.5955913">
        <ele>2676.9</ele>
        <time>2026-09-12T09:35:22Z</time>
        <hdop>9.7</hdop>
        <extensions>
          <osmand:speed>1.2</osmand:speed>
        </extensions>
      </trkpt>
      <trkpt lat="46.454132" lon="9.5955312">
        <ele>2675.9</ele>
        <time>2026-09-12T09:35:28Z</time>
        <hdop>8.2</hdop>
        <extensions>
          <osmand:speed>1</osmand:speed>
        </extensions>
      </trkpt>
      <trkpt lat="46.4541161" lon="9.5954609">
        <ele>2676.9</ele>
        <time>2026-09-12T09:35:34Z</time>
        <hdop>9.7</hdop>
        <extensions>
          <osmand:speed>0.9</osmand:speed>
        </extensions>
      </trkpt>
      <trkpt lat="46.454121" lon="9.5953992">
        <ele>2676.9</ele>
        <time>2026-09-12T09:35:40Z</time>
        <hdop>7.1</hdop>
        <extensions>
          <osmand:speed>0.6</osmand:speed>
        </extensions>
      </trkpt>
      <trkpt lat="46.4541085" lon="9.5953286">
        <ele>2676.9</ele>
        <time>2026-09-12T09:35:46Z</time>
        <hdop>9.7</hdop>
        <extensions>
          <osmand:speed>1.2</osmand:speed>
        </extensions>
      </trkpt>
      <trkpt lat="46.4540865" lon="9.5952519">
        <ele>2676.9</ele>
        <time>2026-09-12T09:35:52Z</time>
        <hdop>7.1</hdop>
        <extensions>
          <osmand:speed>1.1</osmand:speed>
        </extensions>
      </trkpt>
      <trkpt lat="46.4540593" lon="9.5951694">
        <ele>2675.9</ele>
        <time>2026-09-12T09:35:58Z</time>
        <hdop>6.6</hdop>
        <extensions>
          <osmand:speed>1.1</osmand:speed>
        </extensions>
      </trkpt>
      <trkpt lat="46.4540564" lon="9.5950585">
        <ele>2675.9</ele>
        <time>2026-09-12T09:36:04Z</time>
        <hdop>8.2</hdop>
        <extensions>
          <osmand:speed>0.7</osmand:speed>
        </extensions>
      </trkpt>
      <trkpt lat="46.4540674" lon="9.5949763">
        <ele>2675.9</ele>
        <time>2026-09-12T09:36:10Z</time>
        <hdop>8.7</hdop>
        <extensions>
          <osmand:speed>1.2</osmand:speed>
        </extensions>
      </trkpt>
      <trkpt lat="46.4540794" lon="9.594891">
        <ele>2675.9</ele>
        <time>2026-09-12T09:36:16Z</time>
        <hdop>8.2</hdop>
        <extensions>
          <osmand:speed>0.7</osmand:speed>
        </extensions>
      </trkpt>
      <trkpt lat="46.4540709" lon="9.5948257">
        <ele>2675.9</ele>
        <time>2026-09-12T09:36:22Z</time>
        <hdop>8.2</hdop>
        <extensions>
          <osmand:speed>1</osmand:speed>
        </extensions>
      </trkpt>
      <trkpt lat="46.4540455" lon="9.5947679">
        <ele>2676.9</ele>
        <time>2026-09-12T09:36:28Z</time>
        <hdop>9.2</hdop>
        <extensions>
          <osmand:speed>0.8</osmand:speed>
        </extensions>
      </trkpt>
      <trkpt lat="46.4540246" lon="9.5947066">
        <ele>2677.9</ele>
        <time>2026-09-12T09:36:34Z</time>
        <hdop>9.2</hdop>
        <extensions>
          <osmand:speed>0.8</osmand:speed>
        </extensions>
      </trkpt>
      <trkpt lat="46.4539751" lon="9.594669">
        <ele>2677.9</ele>
        <time>2026-09-12T09:36:40Z</time>
        <hdop>8.2</hdop>
        <extensions>
          <osmand:speed>0.9</osmand:speed>
        </extensions>
      </trkpt>
      <trkpt lat="46.4539495" lon="9.5946414">
        <ele>2678.9</ele>
        <time>2026-09-12T09:36:46Z</time>
        <hdop>7.7</hdop>
        <extensions>
          <osmand:speed>1.2</osmand:speed>
        </extensions>
      </trkpt>
      <trkpt lat="46.4539344" lon="9.5946091">
        <ele>2677.9</ele>
        <time>2026-09-12T09:36:52Z</time>
        <hdop>10.2</hdop>
        <extensions>
          <osmand:speed>0.2</osmand:speed>
        </extensions>
      </trkpt>
      <trkpt lat="46.4539452" lon="9.5945785">
        <ele>2677.9</ele>
        <time>2026-09-12T09:37:03Z</time>
        <hdop>8.7</hdop>
        <extensions>
          <osmand:speed>1.2</osmand:speed>
        </extensions>
      </trkpt>
      <trkpt lat="46.4539673" lon="9.5945145">
        <ele>2677.9</ele>
        <time>2026-09-12T09:37:09Z</time>
        <hdop>7.1</hdop>
        <extensions>
          <osmand:speed>0.8</osmand:speed>
        </extensions>
      </trkpt>
      <trkpt lat="46.4539782" lon="9.5944386">
        <ele>2677.9</ele>
        <time>2026-09-12T09:37:15Z</time>
        <hdop>8.2</hdop>
        <extensions>
          <osmand:speed>1.1</osmand:speed>
        </extensions>
      </trkpt>
      <trkpt lat="46.4539983" lon="9.5943782">
        <ele>2679.9</ele>
        <time>2026-09-12T09:37:21Z</time>
        <hdop>9.7</hdop>
        <extensions>
          <osmand:speed>0.9</osmand:speed>
        </extensions>
      </trkpt>
      <trkpt lat="46.4540291" lon="9.5943214">
        <ele>2679.9</ele>
        <time>2026-09-12T09:37:27Z</time>
        <hdop>9.7</hdop>
        <extensions>
          <osmand:speed>1</osmand:speed>
        </extensions>
      </trkpt>
      <trkpt lat="46.4540495" lon="9.5942594">
        <ele>2678.9</ele>
        <time>2026-09-12T09:37:33Z</time>
        <hdop>9.2</hdop>
        <extensions>
          <osmand:speed>1.1</osmand:speed>
        </extensions>
      </trkpt>
      <trkpt lat="46.4540702" lon="9.5941919">
        <ele>2680.9</ele>
        <time>2026-09-12T09:37:39Z</time>
        <hdop>10.2</hdop>
        <extensions>
          <osmand:speed>0.6</osmand:speed>
        </extensions>
      </trkpt>
      <trkpt lat="46.4540797" lon="9.5941575">
        <ele>2681.9</ele>
        <time>2026-09-12T09:37:45Z</time>
        <hdop>9.2</hdop>
        <extensions>
          <osmand:speed>0.8</osmand:speed>
        </extensions>
      </trkpt>
      <trkpt lat="46.454067" lon="9.5941151">
        <ele>2682.9</ele>
        <time>2026-09-12T09:37:51Z</time>
        <hdop>7.1</hdop>
        <extensions>
          <osmand:speed>0.9</osmand:speed>
        </extensions>
      </trkpt>
      <trkpt lat="46.4540826" lon="9.5940627">
        <ele>2683.9</ele>
        <time>2026-09-12T09:37:57Z</time>
        <hdop>8.2</hdop>
        <extensions>
          <osmand:speed>0.6</osmand:speed>
        </extensions>
      </trkpt>
      <trkpt lat="46.4541008" lon="9.5940014">
        <ele>2684.9</ele>
        <time>2026-09-12T09:38:03Z</time>
        <hdop>8.2</hdop>
        <extensions>
          <osmand:speed>0.8</osmand:speed>
        </extensions>
      </trkpt>
      <trkpt lat="46.4540877" lon="9.5939306">
        <ele>2683.9</ele>
        <time>2026-09-12T09:38:09Z</time>
        <hdop>6.6</hdop>
        <extensions>
          <osmand:speed>0.8</osmand:speed>
        </extensions>
      </trkpt>
      <trkpt lat="46.4540883" lon="9.5938595">
        <ele>2684.9</ele>
        <time>2026-09-12T09:38:15Z</time>
        <hdop>6.6</hdop>
        <extensions>
          <osmand:speed>1.2</osmand:speed>
        </extensions>
      </trkpt>
      <trkpt lat="46.4540921" lon="9.5937971">
        <ele>2684.9</ele>
        <time>2026-09-12T09:38:21Z</time>
        <hdop>8.2</hdop>
        <extensions>
          <osmand:speed>0.9</osmand:speed>
        </extensions>
      </trkpt>
      <trkpt lat="46.4540791" lon="9.5937234">
        <ele>2684.9</ele>
        <time>2026-09-12T09:38:27Z</time>
        <hdop>6.1</hdop>
        <extensions>
          <osmand:speed>0.8</osmand:speed>
        </extensions>
      </trkpt>
      <trkpt lat="46.4540789" lon="9.5936401">
        <ele>2685.9</ele>
        <time>2026-09-12T09:38:33Z</time>
        <hdop>6.1</hdop>
        <extensions>
          <osmand:speed>1.1</osmand:speed>
        </extensions>
      </trkpt>
      <trkpt lat="46.4540713" lon="9.5935721">
        <ele>2685.9</ele>
        <time>2026-09-12T09:38:39Z</time>
        <hdop>8.2</hdop>
        <extensions>
          <osmand:speed>1.1</osmand:speed>
        </extensions>
      </trkpt>
      <trkpt lat="46.4540921" lon="9.5934782">
        <ele>2685.9</ele>
        <time>2026-09-12T09:38:45Z</time>
        <hdop>9.2</hdop>
        <extensions>
          <osmand:speed>1</osmand:speed>
        </extensions>
      </trkpt>
      <trkpt lat="46.4541011" lon="9.5934027">
        <ele>2685.9</ele>
        <time>2026-09-12T09:38:51Z</time>
        <hdop>8.7</hdop>
        <extensions>
          <osmand:speed>0.9</osmand:speed>
        </extensions>
      </trkpt>
      <trkpt lat="46.4540816" lon="9.5933121">
        <ele>2685.9</ele>
        <time>2026-09-12T09:38:57Z</time>
        <hdop>8.7</hdop>
        <extensions>
          <osmand:speed>1.1</osmand:speed>
        </extensions>
      </trkpt>
      <trkpt lat="46.4540829" lon="9.5932418">
        <ele>2686.9</ele>
        <time>2026-09-12T09:39:03Z</time>
        <hdop>5.6</hdop>
        <extensions>
          <osmand:speed>0.2</osmand:speed>
        </extensions>
      </trkpt>
      <trkpt lat="46.4541009" lon="9.5932285">
        <ele>2686.9</ele>
        <time>2026-09-12T09:39:20Z</time>
        <hdop>7.1</hdop>
        <extensions>
          <osmand:speed>0.8</osmand:speed>
        </extensions>
      </trkpt>
      <trkpt lat="46.4541459" lon="9.5932903">
        <ele>2687.9</ele>
        <time>2026-09-12T09:39:26Z</time>
        <hdop>9.2</hdop>
        <extensions>
          <osmand:speed>1.2</osmand:speed>
        </extensions>
      </trkpt>
      <trkpt lat="46.4541836" lon="9.5932535">
        <ele>2686.9</ele>
        <time>2026-09-12T09:39:32Z</time>
        <hdop>9.7</hdop>
        <extensions>
          <osmand:speed>1.1</osmand:speed>
        </extensions>
      </trkpt>
      <trkpt lat="46.4542315" lon="9.5932505">
        <ele>2685.9</ele>
        <time>2026-09-12T09:39:38Z</time>
        <hdop>8.7</hdop>
        <extensions>
          <osmand:speed>1</osmand:speed>
        </extensions>
      </trkpt>
      <trkpt lat="46.4542538" lon="9.5931835">
        <ele>2685.9</ele>
        <time>2026-09-12T09:39:44Z</time>
        <hdop>9.7</hdop>
        <extensions>
          <osmand:speed>0.2</osmand:speed>
        </extensions>
      </trkpt>
      <trkpt lat="46.4542789" lon="9.5931653">
        <ele>2686.9</ele>
        <time>2026-09-12T09:39:57Z</time>
        <hdop>9.2</hdop>
        <extensions>
          <osmand:speed>1</osmand:speed>
        </extensions>
      </trkpt>
      <trkpt lat="46.4542923" lon="9.5930796">
        <ele>2686.9</ele>
        <time>2026-09-12T09:40:03Z</time>
        <hdop>9.2</hdop>
        <extensions>
          <osmand:speed>1.1</osmand:speed>
        </extensions>
      </trkpt>
      <trkpt lat="46.454286" lon="9.5930044">
        <ele>2685.9</ele>
        <time>2026-09-12T09:40:09Z</time>
        <hdop>6.1</hdop>
        <extensions>
          <osmand:speed>1</osmand:speed>
        </extensions>
      </trkpt>
      <trkpt lat="46.4542882" lon="9.5929145">
        <ele>2685.9</ele>
        <time>2026-09-12T09:40:15Z</time>
        <hdop>9.2</hdop>
        <extensions>
          <osmand:speed>0.9</osmand:speed>
        </extensions>
      </trkpt>
      <trkpt lat="46.4543115" lon="9.5928319">
        <ele>2684.9</ele>
        <time>2026-09-12T09:40:21Z</time>
        <hdop>7.7</hdop>
        <extensions>
          <osmand:speed>1.1</osmand:speed>
        </extensions>
      </trkpt>
      <trkpt lat="46.4543317" lon="9.5927605">
        <ele>2683.9</ele>
        <time>2026-09-12T09:40:27Z</time>
        <hdop>8.2</hdop>
        <extensions>
          <osmand:speed>1</osmand:speed>
        </extensions>
      </trkpt>
      <trkpt lat="46.4543442" lon="9.5926769">
        <ele>2683.9</ele>
        <time>2026-09-12T09:40:33Z</time>
        <hdop>6.1</hdop>
        <extensions>
          <osmand:speed>1.4</osmand:speed>
        </extensions>
      </trkpt>
      <trkpt lat="46.4543668" lon="9.5925965">
        <ele>2682.9</ele>
        <time>2026-09-12T09:40:39Z</time>
        <hdop>7.7</hdop>
        <extensions>
          <osmand:speed>1.2</osmand:speed>
        </extensions>
      </trkpt>
      <trkpt lat="46.454391" lon="9.5925197">
        <ele>2682.9</ele>
        <time>2026-09-12T09:40:45Z</time>
        <hdop>8.2</hdop>
        <extensions>
          <osmand:speed>0.6</osmand:speed>
        </extensions>
      </trkpt>
      <trkpt lat="46.4544106" lon="9.5924372">
        <ele>2682.9</ele>
        <time>2026-09-12T09:40:51Z</time>
        <hdop>9.2</hdop>
        <extensions>
          <osmand:speed>1.1</osmand:speed>
        </extensions>
      </trkpt>
      <trkpt lat="46.4544206" lon="9.5923638">
        <ele>2682.9</ele>
        <time>2026-09-12T09:40:57Z</time>
        <hdop>9.2</hdop>
        <extensions>
          <osmand:speed>0.6</osmand:speed>
        </extensions>
      </trkpt>
      <trkpt lat="46.4544252" lon="9.5922809">
        <ele>2682.9</ele>
        <time>2026-09-12T09:41:03Z</time>
        <hdop>7.7</hdop>
        <extensions>
          <osmand:speed>0.9</osmand:speed>
        </extensions>
      </trkpt>
      <trkpt lat="46.4544264" lon="9.5921914">
        <ele>2682.9</ele>
        <time>2026-09-12T09:41:09Z</time>
        <hdop>9.2</hdop>
        <extensions>
          <osmand:speed>1.1</osmand:speed>
        </extensions>
      </trkpt>
      <trkpt lat="46.4544345" lon="9.5921404">
        <ele>2683.9</ele>
        <time>2026-09-12T09:41:15Z</time>
        <hdop>9.7</hdop>
        <extensions>
          <osmand:speed>0.4</osmand:speed>
        </extensions>
      </trkpt>
      <trkpt lat="46.4544424" lon="9.5921031">
        <ele>2683.9</ele>
        <time>2026-09-12T09:41:21Z</time>
        <hdop>10.2</hdop>
        <extensions>
          <osmand:speed>1.2</osmand:speed>
        </extensions>
      </trkpt>
      <trkpt lat="46.4544789" lon="9.5920958">
        <ele>2685.9</ele>
        <time>2026-09-12T09:41:27Z</time>
        <hdop>8.7</hdop>
        <extensions>
          <osmand:speed>0.4</osmand:speed>
        </extensions>
      </trkpt>
      <trkpt lat="46.454449" lon="9.5919926">
        <ele>2684.9</ele>
        <time>2026-09-12T09:41:33Z</time>
        <hdop>9.2</hdop>
        <extensions>
          <osmand:speed>0.9</osmand:speed>
        </extensions>
      </trkpt>
      <trkpt lat="46.4544588" lon="9.5919166">
        <ele>2683.9</ele>
        <time>2026-09-12T09:41:39Z</time>
        <hdop>10.2</hdop>
        <extensions>
          <osmand:speed>1.1</osmand:speed>
        </extensions>
      </trkpt>
      <trkpt lat="46.4544823" lon="9.5918216">
        <ele>2684.9</ele>
        <time>2026-09-12T09:41:45Z</time>
        <hdop>9.7</hdop>
        <extensions>
          <osmand:speed>1.1</osmand:speed>
        </extensions>
      </trkpt>
      <trkpt lat="46.4544954" lon="9.5917505">
        <ele>2684.9</ele>
        <time>2026-09-12T09:41:51Z</time>
        <hdop>8.2</hdop>
        <extensions>
          <osmand:speed>0.6</osmand:speed>
        </extensions>
      </trkpt>
      <trkpt lat="46.4544853" lon="9.5917083">
        <ele>2686.9</ele>
        <time>2026-09-12T09:41:57Z</time>
        <hdop>9.7</hdop>
        <extensions>
          <osmand:speed>0.6</osmand:speed>
        </extensions>
      </trkpt>
      <trkpt lat="46.4544715" lon="9.5916487">
        <ele>2686.9</ele>
        <time>2026-09-12T09:42:03Z</time>
        <hdop>11.2</hdop>
        <extensions>
          <osmand:speed>0.9</osmand:speed>
        </extensions>
      </trkpt>
      <trkpt lat="46.4544222" lon="9.5916008">
        <ele>2687.9</ele>
        <time>2026-09-12T09:42:09Z</time>
        <hdop>8.7</hdop>
        <extensions>
          <osmand:speed>0.9</osmand:speed>
        </extensions>
      </trkpt>
      <trkpt lat="46.4544198" lon="9.5915556">
        <ele>2688.9</ele>
        <time>2026-09-12T09:42:15Z</time>
        <hdop>9.7</hdop>
        <extensions>
          <osmand:speed>0.4</osmand:speed>
        </extensions>
      </trkpt>
      <trkpt lat="46.4544043" lon="9.5915296">
        <ele>2688.9</ele>
        <time>2026-09-12T09:42:21Z</time>
        <hdop>6.6</hdop>
      </trkpt>
      <trkpt lat="46.4543859" lon="9.5915329">
        <ele>2689.9</ele>
        <time>2026-09-12T09:42:29Z</time>
        <hdop>9.2</hdop>
        <extensions>
          <osmand:speed>0.6</osmand:speed>
        </extensions>
      </trkpt>
      <trkpt lat="46.4543667" lon="9.5915266">
        <ele>2689.9</ele>
        <time>2026-09-12T09:42:57Z</time>
        <hdop>8.2</hdop>
        <extensions>
          <osmand:speed>0.1</osmand:speed>
        </extensions>
      </trkpt>
      <trkpt lat="46.4543952" lon="9.5915182">
        <ele>2692.9</ele>
        <time>2026-09-12T09:43:21Z</time>
        <hdop>14.3</hdop>
        <extensions>
          <osmand:speed>0.3</osmand:speed>
        </extensions>
      </trkpt>
      <trkpt lat="46.4544142" lon="9.5915229">
        <ele>2692.9</ele>
        <time>2026-09-12T09:43:36Z</time>
        <hdop>12.8</hdop>
      </trkpt>
      <trkpt lat="46.4544039" lon="9.5915517">
        <ele>2695.9</ele>
        <time>2026-09-12T09:44:10Z</time>
        <hdop>9.7</hdop>
        <extensions>
          <osmand:speed>0.9</osmand:speed>
        </extensions>
      </trkpt>
      <trkpt lat="46.4543847" lon="9.5915467">
        <ele>2698.9</ele>
        <time>2026-09-12T09:44:19Z</time>
        <hdop>5.1</hdop>
        <extensions>
          <osmand:speed>0.2</osmand:speed>
        </extensions>
      </trkpt>
      <trkpt lat="46.4543628" lon="9.591568">
        <ele>2699.9</ele>
        <time>2026-09-12T09:44:27Z</time>
        <hdop>6.6</hdop>
        <extensions>
          <osmand:speed>0.1</osmand:speed>
        </extensions>
      </trkpt>
      <trkpt lat="46.4543585" lon="9.5915937">
        <ele>2699.9</ele>
        <time>2026-09-12T09:45:21Z</time>
        <hdop>2.6</hdop>
      </trkpt>
      <trkpt lat="46.4543889" lon="9.5916389">
        <ele>2699.9</ele>
        <time>2026-09-12T09:47:41Z</time>
        <hdop>13.3</hdop>
        <extensions>
          <osmand:speed>0.6</osmand:speed>
        </extensions>
      </trkpt>
      <trkpt lat="46.4544264" lon="9.591627">
        <ele>2698.9</ele>
        <time>2026-09-12T09:47:47Z</time>
        <hdop>10.2</hdop>
      </trkpt>
      <trkpt lat="46.4544465" lon="9.5916081">
        <ele>2695.9</ele>
        <time>2026-09-12T09:47:54Z</time>
        <hdop>11.7</hdop>
        <extensions>
          <osmand:speed>0.9</osmand:speed>
        </extensions>
      </trkpt>
      <trkpt lat="46.4544847" lon="9.5915778">
        <ele>2693.9</ele>
        <time>2026-09-12T09:48:00Z</time>
        <hdop>11.2</hdop>
        <extensions>
          <osmand:speed>1</osmand:speed>
        </extensions>
      </trkpt>
      <trkpt lat="46.4545328" lon="9.5915852">
        <ele>2694.9</ele>
        <time>2026-09-12T09:48:06Z</time>
        <hdop>10.2</hdop>
        <extensions>
          <osmand:speed>1.5</osmand:speed>
        </extensions>
      </trkpt>
      <trkpt lat="46.4545783" lon="9.5915841">
        <ele>2693.9</ele>
        <time>2026-09-12T09:48:12Z</time>
        <hdop>9.2</hdop>
        <extensions>
          <osmand:speed>0.4</osmand:speed>
        </extensions>
      </trkpt>
      <trkpt lat="46.4546062" lon="9.5915944">
        <ele>2694.9</ele>
        <time>2026-09-12T09:48:18Z</time>
        <hdop>9.2</hdop>
        <extensions>
          <osmand:speed>0.7</osmand:speed>
        </extensions>
      </trkpt>
      <trkpt lat="46.4546487" lon="9.5916111">
        <ele>2692.9</ele>
        <time>2026-09-12T09:48:24Z</time>
        <hdop>6.6</hdop>
        <extensions>
          <osmand:speed>1</osmand:speed>
        </extensions>
      </trkpt>
      <trkpt lat="46.4546861" lon="9.5915855">
        <ele>2691.9</ele>
        <time>2026-09-12T09:48:30Z</time>
        <hdop>8.7</hdop>
        <extensions>
          <osmand:speed>0.8</osmand:speed>
        </extensions>
      </trkpt>
      <trkpt lat="46.4547216" lon="9.5915384">
        <ele>2689.9</ele>
        <time>2026-09-12T09:48:36Z</time>
        <hdop>9.2</hdop>
        <extensions>
          <osmand:speed>0.9</osmand:speed>
        </extensions>
      </trkpt>
      <trkpt lat="46.4547621" lon="9.5915155">
        <ele>2688.9</ele>
        <time>2026-09-12T09:48:42Z</time>
        <hdop>8.7</hdop>
        <extensions>
          <osmand:speed>1</osmand:speed>
        </extensions>
      </trkpt>
      <trkpt lat="46.4548096" lon="9.5914721">
        <ele>2687.9</ele>
        <time>2026-09-12T09:48:48Z</time>
        <hdop>8.2</hdop>
        <extensions>
          <osmand:speed>0.4</osmand:speed>
        </extensions>
      </trkpt>
      <trkpt lat="46.4548249" lon="9.5914452">
        <ele>2687.9</ele>
        <time>2026-09-12T09:48:54Z</time>
        <hdop>8.7</hdop>
        <extensions>
          <osmand:speed>0.8</osmand:speed>
        </extensions>
      </trkpt>
      <trkpt lat="46.45489" lon="9.5913999">
        <ele>2686.9</ele>
        <time>2026-09-12T09:49:00Z</time>
        <hdop>9.2</hdop>
        <extensions>
          <osmand:speed>1.2</osmand:speed>
        </extensions>
      </trkpt>
      <trkpt lat="46.454945" lon="9.5913633">
        <ele>2686.9</ele>
        <time>2026-09-12T09:49:06Z</time>
        <hdop>10.7</hdop>
        <extensions>
          <osmand:speed>0.9</osmand:speed>
        </extensions>
      </trkpt>
      <trkpt lat="46.4549951" lon="9.5913485">
        <ele>2686.9</ele>
        <time>2026-09-12T09:49:12Z</time>
        <hdop>10.7</hdop>
        <extensions>
          <osmand:speed>1.3</osmand:speed>
        </extensions>
      </trkpt>
      <trkpt lat="46.4550224" lon="9.5912753">
        <ele>2685.9</ele>
        <time>2026-09-12T09:49:18Z</time>
        <hdop>9.7</hdop>
        <extensions>
          <osmand:speed>0.7</osmand:speed>
        </extensions>
      </trkpt>
      <trkpt lat="46.4550557" lon="9.5912105">
        <ele>2685.9</ele>
        <time>2026-09-12T09:49:24Z</time>
        <hdop>9.7</hdop>
        <extensions>
          <osmand:speed>1.2</osmand:speed>
        </extensions>
      </trkpt>
      <trkpt lat="46.4551037" lon="9.5911489">
        <ele>2684.9</ele>
        <time>2026-09-12T09:49:30Z</time>
        <hdop>9.7</hdop>
        <extensions>
          <osmand:speed>1.2</osmand:speed>
        </extensions>
      </trkpt>
      <trkpt lat="46.4551401" lon="9.5911218">
        <ele>2686.9</ele>
        <time>2026-09-12T09:49:36Z</time>
        <hdop>9.2</hdop>
        <extensions>
          <osmand:speed>1.5</osmand:speed>
        </extensions>
      </trkpt>
      <trkpt lat="46.4551649" lon="9.5910603">
        <ele>2685.9</ele>
        <time>2026-09-12T09:49:42Z</time>
        <hdop>9.2</hdop>
        <extensions>
          <osmand:speed>1.4</osmand:speed>
        </extensions>
      </trkpt>
      <trkpt lat="46.4551863" lon="9.5909951">
        <ele>2685.9</ele>
        <time>2026-09-12T09:49:48Z</time>
        <hdop>10.2</hdop>
        <extensions>
          <osmand:speed>0.9</osmand:speed>
        </extensions>
      </trkpt>
      <trkpt lat="46.4551893" lon="9.5909671">
        <ele>2684.9</ele>
        <time>2026-09-12T09:49:59Z</time>
        <hdop>9.2</hdop>
        <extensions>
          <osmand:speed>0.1</osmand:speed>
        </extensions>
      </trkpt>
      <trkpt lat="46.4552035" lon="9.5909277">
        <ele>2683.9</ele>
        <time>2026-09-12T09:50:05Z</time>
        <hdop>9.7</hdop>
        <extensions>
          <osmand:speed>1.2</osmand:speed>
        </extensions>
      </trkpt>
      <trkpt lat="46.4552518" lon="9.5909083">
        <ele>2683.9</ele>
        <time>2026-09-12T09:50:11Z</time>
        <hdop>10.7</hdop>
        <extensions>
          <osmand:speed>1.4</osmand:speed>
        </extensions>
      </trkpt>
      <trkpt lat="46.455285" lon="9.5908858">
        <ele>2682.9</ele>
        <time>2026-09-12T09:50:17Z</time>
        <hdop>11.2</hdop>
        <extensions>
          <osmand:speed>0.8</osmand:speed>
        </extensions>
      </trkpt>
      <trkpt lat="46.4553229" lon="9.5908713">
        <ele>2682.9</ele>
        <time>2026-09-12T09:50:23Z</time>
        <hdop>11.2</hdop>
        <extensions>
          <osmand:speed>0.3</osmand:speed>
        </extensions>
      </trkpt>
      <trkpt lat="46.4553154" lon="9.5908463">
        <ele>2683.9</ele>
        <time>2026-09-12T09:50:29Z</time>
        <hdop>10.7</hdop>
        <extensions>
          <osmand:speed>0.8</osmand:speed>
        </extensions>
      </trkpt>
      <trkpt lat="46.4553215" lon="9.5907741">
        <ele>2682.9</ele>
        <time>2026-09-12T09:50:35Z</time>
        <hdop>8.7</hdop>
        <extensions>
          <osmand:speed>0.7</osmand:speed>
        </extensions>
      </trkpt>
      <trkpt lat="46.4553095" lon="9.590698">
        <ele>2681.9</ele>
        <time>2026-09-12T09:50:41Z</time>
        <hdop>8.2</hdop>
        <extensions>
          <osmand:speed>1.2</osmand:speed>
        </extensions>
      </trkpt>
      <trkpt lat="46.4553065" lon="9.5906677">
        <ele>2682.9</ele>
        <time>2026-09-12T09:50:47Z</time>
        <hdop>7.7</hdop>
      </trkpt>
      <trkpt lat="46.4553247" lon="9.5906494">
        <ele>2681.9</ele>
        <time>2026-09-12T09:51:06Z</time>
        <hdop>7.7</hdop>
        <extensions>
          <osmand:speed>0.9</osmand:speed>
        </extensions>
      </trkpt>
      <trkpt lat="46.4553377" lon="9.5906085">
        <ele>2681.9</ele>
        <time>2026-09-12T09:51:12Z</time>
        <hdop>6.6</hdop>
        <extensions>
          <osmand:speed>0.8</osmand:speed>
        </extensions>
      </trkpt>
      <trkpt lat="46.4553354" lon="9.5905418">
        <ele>2681.9</ele>
        <time>2026-09-12T09:51:18Z</time>
        <hdop>9.2</hdop>
        <extensions>
          <osmand:speed>1.1</osmand:speed>
        </extensions>
      </trkpt>
      <trkpt lat="46.4553432" lon="9.5904858">
        <ele>2681.9</ele>
        <time>2026-09-12T09:51:24Z</time>
        <hdop>8.7</hdop>
        <extensions>
          <osmand:speed>0.9</osmand:speed>
        </extensions>
      </trkpt>
      <trkpt lat="46.4553444" lon="9.5904184">
        <ele>2680.9</ele>
        <time>2026-09-12T09:51:30Z</time>
        <hdop>9.2</hdop>
        <extensions>
          <osmand:speed>0.9</osmand:speed>
        </extensions>
      </trkpt>
      <trkpt lat="46.4553709" lon="9.5903407">
        <ele>2680.9</ele>
        <time>2026-09-12T09:51:36Z</time>
        <hdop>10.2</hdop>
        <extensions>
          <osmand:speed>1.2</osmand:speed>
        </extensions>
      </trkpt>
      <trkpt lat="46.4553995" lon="9.5902763">
        <ele>2680.9</ele>
        <time>2026-09-12T09:51:42Z</time>
        <hdop>8.7</hdop>
        <extensions>
          <osmand:speed>0.9</osmand:speed>
        </extensions>
      </trkpt>
      <trkpt lat="46.4554342" lon="9.5902324">
        <ele>2680.9</ele>
        <time>2026-09-12T09:51:48Z</time>
        <hdop>10.2</hdop>
        <extensions>
          <osmand:speed>0.9</osmand:speed>
        </extensions>
      </trkpt>
      <trkpt lat="46.4554871" lon="9.5902142">
        <ele>2681.9</ele>
        <time>2026-09-12T09:51:54Z</time>
        <hdop>10.7</hdop>
        <extensions>
          <osmand:speed>1.2</osmand:speed>
        </extensions>
      </trkpt>
      <trkpt lat="46.4555306" lon="9.5902004">
        <ele>2682.9</ele>
        <time>2026-09-12T09:52:00Z</time>
        <hdop>7.7</hdop>
        <extensions>
          <osmand:speed>0.7</osmand:speed>
        </extensions>
      </trkpt>
      <trkpt lat="46.4555658" lon="9.5901584">
        <ele>2682.9</ele>
        <time>2026-09-12T09:52:06Z</time>
        <hdop>10.2</hdop>
        <extensions>
          <osmand:speed>0.8</osmand:speed>
        </extensions>
      </trkpt>
      <trkpt lat="46.4556009" lon="9.5901306">
        <ele>2682.9</ele>
        <time>2026-09-12T09:52:12Z</time>
        <hdop>10.7</hdop>
        <extensions>
          <osmand:speed>0.5</osmand:speed>
        </extensions>
      </trkpt>
      <trkpt lat="46.4556427" lon="9.5901461">
        <ele>2684.9</ele>
        <time>2026-09-12T09:52:18Z</time>
        <hdop>9.2</hdop>
        <extensions>
          <osmand:speed>0.9</osmand:speed>
        </extensions>
      </trkpt>
      <trkpt lat="46.4556614" lon="9.5901576">
        <ele>2685.9</ele>
        <time>2026-09-12T09:52:25Z</time>
        <hdop>10.2</hdop>
        <extensions>
          <osmand:speed>0.8</osmand:speed>
        </extensions>
      </trkpt>
      <trkpt lat="46.4556871" lon="9.590102">
        <ele>2684.9</ele>
        <time>2026-09-12T09:52:31Z</time>
        <hdop>9.2</hdop>
        <extensions>
          <osmand:speed>1</osmand:speed>
        </extensions>
      </trkpt>
      <trkpt lat="46.4557396" lon="9.5900566">
        <ele>2683.9</ele>
        <time>2026-09-12T09:52:37Z</time>
        <hdop>9.7</hdop>
        <extensions>
          <osmand:speed>1.2</osmand:speed>
        </extensions>
      </trkpt>
      <trkpt lat="46.455799" lon="9.5900576">
        <ele>2683.9</ele>
        <time>2026-09-12T09:52:43Z</time>
        <hdop>5.6</hdop>
        <extensions>
          <osmand:speed>1.2</osmand:speed>
        </extensions>
      </trkpt>
      <trkpt lat="46.4558242" lon="9.5900404">
        <ele>2682.9</ele>
        <time>2026-09-12T09:52:49Z</time>
        <hdop>1.5</hdop>
      </trkpt>
      <trkpt lat="46.4558466" lon="9.5900363">
        <ele>2682.9</ele>
        <time>2026-09-12T09:53:28Z</time>
        <hdop>8.2</hdop>
        <extensions>
          <osmand:speed>0.9</osmand:speed>
        </extensions>
      </trkpt>
      <trkpt lat="46.4558946" lon="9.5900364">
        <ele>2682.9</ele>
        <time>2026-09-12T09:53:34Z</time>
        <hdop>7.7</hdop>
        <extensions>
          <osmand:speed>0.9</osmand:speed>
        </extensions>
      </trkpt>
      <trkpt lat="46.4559491" lon="9.5900424">
        <ele>2682.9</ele>
        <time>2026-09-12T09:53:40Z</time>
        <hdop>8.2</hdop>
        <extensions>
          <osmand:speed>1</osmand:speed>
        </extensions>
      </trkpt>
      <trkpt lat="46.456015" lon="9.5900595">
        <ele>2682.9</ele>
        <time>2026-09-12T09:53:46Z</time>
        <hdop>6.6</hdop>
        <extensions>
          <osmand:speed>1</osmand:speed>
        </extensions>
      </trkpt>
      <trkpt lat="46.4560615" lon="9.5900279">
        <ele>2681.9</ele>
        <time>2026-09-12T09:53:52Z</time>
        <hdop>8.7</hdop>
        <extensions>
          <osmand:speed>1</osmand:speed>
        </extensions>
      </trkpt>
      <trkpt lat="46.4561084" lon="9.5899629">
        <ele>2681.9</ele>
        <time>2026-09-12T09:53:58Z</time>
        <hdop>10.2</hdop>
        <extensions>
          <osmand:speed>1.4</osmand:speed>
        </extensions>
      </trkpt>
      <trkpt lat="46.4561567" lon="9.5898909">
        <ele>2681.9</ele>
        <time>2026-09-12T09:54:04Z</time>
        <hdop>10.2</hdop>
        <extensions>
          <osmand:speed>1.6</osmand:speed>
        </extensions>
      </trkpt>
      <trkpt lat="46.4561975" lon="9.5898095">
        <ele>2681.9</ele>
        <time>2026-09-12T09:54:10Z</time>
        <hdop>8.7</hdop>
        <extensions>
          <osmand:speed>1.2</osmand:speed>
        </extensions>
      </trkpt>
      <trkpt lat="46.4562042" lon="9.5897327">
        <ele>2681.9</ele>
        <time>2026-09-12T09:54:16Z</time>
        <hdop>10.2</hdop>
        <extensions>
          <osmand:speed>1</osmand:speed>
        </extensions>
      </trkpt>
      <trkpt lat="46.4562236" lon="9.5896615">
        <ele>2681.9</ele>
        <time>2026-09-12T09:54:22Z</time>
        <hdop>10.7</hdop>
        <extensions>
          <osmand:speed>1.3</osmand:speed>
        </extensions>
      </trkpt>
      <trkpt lat="46.4562602" lon="9.5896097">
        <ele>2680.9</ele>
        <time>2026-09-12T09:54:28Z</time>
        <hdop>10.2</hdop>
        <extensions>
          <osmand:speed>1.1</osmand:speed>
        </extensions>
      </trkpt>
      <trkpt lat="46.4563125" lon="9.5895543">
        <ele>2680.9</ele>
        <time>2026-09-12T09:54:34Z</time>
        <hdop>8.7</hdop>
        <extensions>
          <osmand:speed>1.5</osmand:speed>
        </extensions>
      </trkpt>
      <trkpt lat="46.456371" lon="9.5895195">
        <ele>2680.9</ele>
        <time>2026-09-12T09:54:40Z</time>
        <hdop>8.7</hdop>
        <extensions>
          <osmand:speed>1</osmand:speed>
        </extensions>
      </trkpt>
      <trkpt lat="46.456416" lon="9.5894966">
        <ele>2680.9</ele>
        <time>2026-09-12T09:54:46Z</time>
        <hdop>9.7</hdop>
        <extensions>
          <osmand:speed>0.9</osmand:speed>
        </extensions>
      </trkpt>
      <trkpt lat="46.4564672" lon="9.5894817">
        <ele>2680.9</ele>
        <time>2026-09-12T09:54:52Z</time>
        <hdop>10.7</hdop>
        <extensions>
          <osmand:speed>0.6</osmand:speed>
        </extensions>
      </trkpt>
      <trkpt lat="46.4565042" lon="9.5894747">
        <ele>2680.9</ele>
        <time>2026-09-12T09:54:58Z</time>
        <hdop>9.2</hdop>
        <extensions>
          <osmand:speed>0.9</osmand:speed>
        </extensions>
      </trkpt>
      <trkpt lat="46.45654" lon="9.589425">
        <ele>2681.9</ele>
        <time>2026-09-12T09:55:04Z</time>
        <hdop>11.2</hdop>
        <extensions>
          <osmand:speed>0.9</osmand:speed>
        </extensions>
      </trkpt>
      <trkpt lat="46.4565433" lon="9.5893918">
        <ele>2680.9</ele>
        <time>2026-09-12T09:55:10Z</time>
        <hdop>10.7</hdop>
        <extensions>
          <osmand:speed>0.2</osmand:speed>
        </extensions>
      </trkpt>
      <trkpt lat="46.4565612" lon="9.5893834">
        <ele>2682.9</ele>
        <time>2026-09-12T09:55:16Z</time>
        <hdop>7.7</hdop>
      </trkpt>
      <trkpt lat="46.4565654" lon="9.5893547">
        <ele>2683.9</ele>
        <time>2026-09-12T09:55:23Z</time>
        <hdop>9.7</hdop>
        <extensions>
          <osmand:speed>0.6</osmand:speed>
        </extensions>
      </trkpt>
      <trkpt lat="46.4565932" lon="9.5893253">
        <ele>2685.9</ele>
        <time>2026-09-12T09:55:29Z</time>
        <hdop>9.2</hdop>
        <extensions>
          <osmand:speed>0.5</osmand:speed>
        </extensions>
      </trkpt>
      <trkpt lat="46.4566097" lon="9.5893041">
        <ele>2685.9</ele>
        <time>2026-09-12T09:55:36Z</time>
        <hdop>10.2</hdop>
        <extensions>
          <osmand:speed>0.5</osmand:speed>
        </extensions>
      </trkpt>
      <trkpt lat="46.4566255" lon="9.5892904">
        <ele>2685.9</ele>
        <time>2026-09-12T09:55:42Z</time>
        <hdop>7.7</hdop>
        <extensions>
          <osmand:speed>0.4</osmand:speed>
        </extensions>
      </trkpt>
      <trkpt lat="46.4566557" lon="9.5892795">
        <ele>2687.9</ele>
        <time>2026-09-12T09:55:48Z</time>
        <hdop>9.7</hdop>
        <extensions>
          <osmand:speed>0.3</osmand:speed>
        </extensions>
      </trkpt>
      <trkpt lat="46.4566963" lon="9.5892488">
        <ele>2685.9</ele>
        <time>2026-09-12T09:55:54Z</time>
        <hdop>11.7</hdop>
        <extensions>
          <osmand:speed>0.6</osmand:speed>
        </extensions>
      </trkpt>
      <trkpt lat="46.456699" lon="9.5892119">
        <ele>2686.9</ele>
        <time>2026-09-12T09:56:00Z</time>
        <hdop>10.7</hdop>
        <extensions>
          <osmand:speed>0.6</osmand:speed>
        </extensions>
      </trkpt>
      <trkpt lat="46.4567196" lon="9.589214">
        <ele>2687.9</ele>
        <time>2026-09-12T09:56:06Z</time>
        <hdop>9.7</hdop>
        <extensions>
          <osmand:speed>0.6</osmand:speed>
        </extensions>
      </trkpt>
      <trkpt lat="46.4567374" lon="9.5892062">
        <ele>2687.9</ele>
        <time>2026-09-12T09:56:19Z</time>
        <hdop>5.1</hdop>
        <extensions>
          <osmand:speed>0.4</osmand:speed>
        </extensions>
      </trkpt>
      <trkpt lat="46.456746" lon="9.5891711">
        <ele>2688.9</ele>
        <time>2026-09-12T09:56:25Z</time>
        <hdop>8.2</hdop>
        <extensions>
          <osmand:speed>0.4</osmand:speed>
        </extensions>
      </trkpt>
      <trkpt lat="46.4567643" lon="9.5891396">
        <ele>2688.9</ele>
        <time>2026-09-12T09:56:31Z</time>
        <hdop>8.7</hdop>
        <extensions>
          <osmand:speed>1</osmand:speed>
        </extensions>
      </trkpt>
      <trkpt lat="46.4567914" lon="9.5891317">
        <ele>2688.9</ele>
        <time>2026-09-12T09:56:37Z</time>
        <hdop>8.2</hdop>
        <extensions>
          <osmand:speed>0.4</osmand:speed>
        </extensions>
      </trkpt>
      <trkpt lat="46.4568068" lon="9.5891094">
        <ele>2689.9</ele>
        <time>2026-09-12T09:56:43Z</time>
        <hdop>9.7</hdop>
        <extensions>
          <osmand:speed>0.2</osmand:speed>
        </extensions>
      </trkpt>
      <trkpt lat="46.4568106" lon="9.5890803">
        <ele>2690.9</ele>
        <time>2026-09-12T09:56:51Z</time>
        <hdop>11.2</hdop>
        <extensions>
          <osmand:speed>0.9</osmand:speed>
        </extensions>
      </trkpt>
      <trkpt lat="46.4568216" lon="9.5891035">
        <ele>2693.9</ele>
        <time>2026-09-12T09:56:59Z</time>
        <hdop>9.7</hdop>
        <extensions>
          <osmand:speed>0.3</osmand:speed>
        </extensions>
      </trkpt>
      <trkpt lat="46.4568362" lon="9.5891257">
        <ele>2693.9</ele>
        <time>2026-09-12T09:57:05Z</time>
        <hdop>10.2</hdop>
        <extensions>
          <osmand:speed>0.5</osmand:speed>
        </extensions>
      </trkpt>
      <trkpt lat="46.4568438" lon="9.5891546">
        <ele>2694.9</ele>
        <time>2026-09-12T09:57:11Z</time>
        <hdop>11.7</hdop>
        <extensions>
          <osmand:speed>0.4</osmand:speed>
        </extensions>
      </trkpt>
      <trkpt lat="46.4568741" lon="9.5891379">
        <ele>2695.9</ele>
        <time>2026-09-12T09:57:17Z</time>
        <hdop>11.7</hdop>
        <extensions>
          <osmand:speed>0.4</osmand:speed>
        </extensions>
      </trkpt>
      <trkpt lat="46.4568903" lon="9.5890986">
        <ele>2696.9</ele>
        <time>2026-09-12T09:57:23Z</time>
        <hdop>11.2</hdop>
        <extensions>
          <osmand:speed>0.6</osmand:speed>
        </extensions>
      </trkpt>
      <trkpt lat="46.4569254" lon="9.5890863">
        <ele>2697.9</ele>
        <time>2026-09-12T09:57:29Z</time>
        <hdop>9.7</hdop>
        <extensions>
          <osmand:speed>0.3</osmand:speed>
        </extensions>
      </trkpt>
      <trkpt lat="46.4569436" lon="9.5891421">
        <ele>2697.9</ele>
        <time>2026-09-12T09:57:35Z</time>
        <hdop>12.2</hdop>
        <extensions>
          <osmand:speed>0.3</osmand:speed>
        </extensions>
      </trkpt>
      <trkpt lat="46.456923" lon="9.5891345">
        <ele>2700.9</ele>
        <time>2026-09-12T09:57:44Z</time>
        <hdop>9.2</hdop>
        <extensions>
          <osmand:speed>0.1</osmand:speed>
        </extensions>
      </trkpt>
      <trkpt lat="46.456942" lon="9.5891516">
        <ele>2700.9</ele>
        <time>2026-09-12T09:57:50Z</time>
        <hdop>7.1</hdop>
        <extensions>
          <osmand:speed>0.6</osmand:speed>
        </extensions>
      </trkpt>
      <trkpt lat="46.4569825" lon="9.5891218">
        <ele>2701.9</ele>
        <time>2026-09-12T09:57:56Z</time>
        <hdop>9.2</hdop>
        <extensions>
          <osmand:speed>0.3</osmand:speed>
        </extensions>
      </trkpt>
      <trkpt lat="46.4570051" lon="9.589131">
        <ele>2701.9</ele>
        <time>2026-09-12T09:58:02Z</time>
        <hdop>10.7</hdop>
        <extensions>
          <osmand:speed>0.3</osmand:speed>
        </extensions>
      </trkpt>
      <trkpt lat="46.4570248" lon="9.5891262">
        <ele>2701.9</ele>
        <time>2026-09-12T09:58:08Z</time>
        <hdop>12.8</hdop>
        <extensions>
          <osmand:speed>0.4</osmand:speed>
        </extensions>
      </trkpt>
      <trkpt lat="46.4570481" lon="9.5891004">
        <ele>2702.9</ele>
        <time>2026-09-12T09:58:14Z</time>
        <hdop>12.8</hdop>
        <extensions>
          <osmand:speed>0.5</osmand:speed>
        </extensions>
      </trkpt>
      <trkpt lat="46.4570833" lon="9.5891059">
        <ele>2702.9</ele>
        <time>2026-09-12T09:58:20Z</time>
        <hdop>10.7</hdop>
        <extensions>
          <osmand:speed>0.7</osmand:speed>
        </extensions>
      </trkpt>
      <trkpt lat="46.4571074" lon="9.5890914">
        <ele>2704.9</ele>
        <time>2026-09-12T09:58:26Z</time>
        <hdop>11.7</hdop>
        <extensions>
          <osmand:speed>0.5</osmand:speed>
        </extensions>
      </trkpt>
      <trkpt lat="46.4571258" lon="9.5890862">
        <ele>2705.9</ele>
        <time>2026-09-12T09:58:41Z</time>
        <hdop>11.2</hdop>
        <extensions>
          <osmand:speed>0.6</osmand:speed>
        </extensions>
      </trkpt>
      <trkpt lat="46.457128" lon="9.5890598">
        <ele>2709.9</ele>
        <time>2026-09-12T09:58:50Z</time>
        <hdop>9.7</hdop>
        <extensions>
          <osmand:speed>0.3</osmand:speed>
        </extensions>
      </trkpt>
      <trkpt lat="46.457145" lon="9.5890702">
        <ele>2709.9</ele>
        <time>2026-09-12T09:59:25Z</time>
        <hdop>5.6</hdop>
        <extensions>
          <osmand:speed>1.9</osmand:speed>
        </extensions>
      </trkpt>
      <trkpt lat="46.4571663" lon="9.5890629">
        <ele>2709.9</ele>
        <time>2026-09-12T09:59:41Z</time>
        <hdop>8.2</hdop>
        <extensions>
          <osmand:speed>0.3</osmand:speed>
        </extensions>
      </trkpt>
      <trkpt lat="46.4571582" lon="9.589031">
        <ele>2710.9</ele>
        <time>2026-09-12T09:59:48Z</time>
        <hdop>11.2</hdop>
        <extensions>
          <osmand:speed>0.3</osmand:speed>
        </extensions>
      </trkpt>
      <trkpt lat="46.4571839" lon="9.5890658">
        <ele>2711.9</ele>
        <time>2026-09-12T09:59:54Z</time>
        <hdop>10.2</hdop>
        <extensions>
          <osmand:speed>0.2</osmand:speed>
        </extensions>
      </trkpt>
      <trkpt lat="46.4572116" lon="9.5890572">
        <ele>2712.9</ele>
        <time>2026-09-12T10:00:00Z</time>
        <hdop>10.7</hdop>
        <extensions>
          <osmand:speed>0.3</osmand:speed>
        </extensions>
      </trkpt>
      <trkpt lat="46.4572458" lon="9.5890441">
        <ele>2712.9</ele>
        <time>2026-09-12T10:00:06Z</time>
        <hdop>12.8</hdop>
        <extensions>
          <osmand:speed>0.9</osmand:speed>
        </extensions>
      </trkpt>
      <trkpt lat="46.4572504" lon="9.5890157">
        <ele>2713.9</ele>
        <time>2026-09-12T10:00:12Z</time>
        <hdop>10.7</hdop>
        <extensions>
          <osmand:speed>0.5</osmand:speed>
        </extensions>
      </trkpt>
      <trkpt lat="46.4572845" lon="9.588956">
        <ele>2714.9</ele>
        <time>2026-09-12T10:00:18Z</time>
        <hdop>10.7</hdop>
        <extensions>
          <osmand:speed>0.9</osmand:speed>
        </extensions>
      </trkpt>
      <trkpt lat="46.457273" lon="9.5888931">
        <ele>2714.9</ele>
        <time>2026-09-12T10:00:24Z</time>
        <hdop>9.7</hdop>
        <extensions>
          <osmand:speed>0.7</osmand:speed>
        </extensions>
      </trkpt>
      <trkpt lat="46.4572987" lon="9.5888527">
        <ele>2714.9</ele>
        <time>2026-09-12T10:00:30Z</time>
        <hdop>8.7</hdop>
        <extensions>
          <osmand:speed>0.8</osmand:speed>
        </extensions>
      </trkpt>
      <trkpt lat="46.4573068" lon="9.5888961">
        <ele>2715.9</ele>
        <time>2026-09-12T10:00:36Z</time>
        <hdop>10.7</hdop>
        <extensions>
          <osmand:speed>1.1</osmand:speed>
        </extensions>
      </trkpt>
      <trkpt lat="46.4573042" lon="9.5888664">
        <ele>2718.9</ele>
        <time>2026-09-12T10:00:54Z</time>
        <hdop>10.2</hdop>
        <extensions>
          <osmand:speed>0.7</osmand:speed>
        </extensions>
      </trkpt>
      <trkpt lat="46.4573281" lon="9.5888533">
        <ele>2719.9</ele>
        <time>2026-09-12T10:01:00Z</time>
        <hdop>9.2</hdop>
        <extensions>
          <osmand:speed>0.7</osmand:speed>
        </extensions>
      </trkpt>
      <trkpt lat="46.4573338" lon="9.5888782">
        <ele>2720.9</ele>
        <time>2026-09-12T10:01:06Z</time>
        <hdop>8.7</hdop>
      </trkpt>
      <trkpt lat="46.4573486" lon="9.5888948">
        <ele>2721.9</ele>
        <time>2026-09-12T10:01:18Z</time>
        <hdop>10.2</hdop>
        <extensions>
          <osmand:speed>0.4</osmand:speed>
        </extensions>
      </trkpt>
      <trkpt lat="46.4573844" lon="9.5888946">
        <ele>2721.9</ele>
        <time>2026-09-12T10:01:24Z</time>
        <hdop>10.7</hdop>
        <extensions>
          <osmand:speed>0.1</osmand:speed>
        </extensions>
      </trkpt>
      <trkpt lat="46.4573733" lon="9.5888737">
        <ele>2722.9</ele>
        <time>2026-09-12T10:01:33Z</time>
        <hdop>9.2</hdop>
        <extensions>
          <osmand:speed>0.1</osmand:speed>
        </extensions>
      </trkpt>
      <trkpt lat="46.4573698" lon="9.5888479">
        <ele>2723.9</ele>
        <time>2026-09-12T10:01:45Z</time>
        <hdop>9.2</hdop>
        <extensions>
          <osmand:speed>0.6</osmand:speed>
        </extensions>
      </trkpt>
      <trkpt lat="46.4573981" lon="9.5888506">
        <ele>2725.9</ele>
        <time>2026-09-12T10:01:51Z</time>
        <hdop>11.7</hdop>
        <extensions>
          <osmand:speed>0.7</osmand:speed>
        </extensions>
      </trkpt>
      <trkpt lat="46.4574341" lon="9.5888599">
        <ele>2725.9</ele>
        <time>2026-09-12T10:01:57Z</time>
        <hdop>10.7</hdop>
        <extensions>
          <osmand:speed>0.7</osmand:speed>
        </extensions>
      </trkpt>
      <trkpt lat="46.4574547" lon="9.5888391">
        <ele>2726.9</ele>
        <time>2026-09-12T10:02:03Z</time>
        <hdop>12.8</hdop>
        <extensions>
          <osmand:speed>0.5</osmand:speed>
        </extensions>
      </trkpt>
      <trkpt lat="46.4574735" lon="9.5888189">
        <ele>2727.9</ele>
        <time>2026-09-12T10:02:09Z</time>
        <hdop>10.7</hdop>
        <extensions>
          <osmand:speed>0.5</osmand:speed>
        </extensions>
      </trkpt>
      <trkpt lat="46.4574942" lon="9.588791">
        <ele>2727.9</ele>
        <time>2026-09-12T10:02:15Z</time>
        <hdop>10.7</hdop>
        <extensions>
          <osmand:speed>0.7</osmand:speed>
        </extensions>
      </trkpt>
      <trkpt lat="46.4575162" lon="9.5887867">
        <ele>2727.9</ele>
        <time>2026-09-12T10:02:25Z</time>
        <hdop>10.7</hdop>
        <extensions>
          <osmand:speed>0.7</osmand:speed>
        </extensions>
      </trkpt>
      <trkpt lat="46.4575386" lon="9.5887736">
        <ele>2728.9</ele>
        <time>2026-09-12T10:02:32Z</time>
        <hdop>10.7</hdop>
        <extensions>
          <osmand:speed>0.7</osmand:speed>
        </extensions>
      </trkpt>
      <trkpt lat="46.4575411" lon="9.5887312">
        <ele>2730.9</ele>
        <time>2026-09-12T10:02:38Z</time>
        <hdop>9.7</hdop>
        <extensions>
          <osmand:speed>0.7</osmand:speed>
        </extensions>
      </trkpt>
      <trkpt lat="46.4575577" lon="9.5887175">
        <ele>2732.9</ele>
        <time>2026-09-12T10:02:46Z</time>
        <hdop>8.7</hdop>
        <extensions>
          <osmand:speed>0.4</osmand:speed>
        </extensions>
      </trkpt>
      <trkpt lat="46.4575772" lon="9.5887003">
        <ele>2732.9</ele>
        <time>2026-09-12T10:02:52Z</time>
        <hdop>10.7</hdop>
        <extensions>
          <osmand:speed>0.4</osmand:speed>
        </extensions>
      </trkpt>
      <trkpt lat="46.457582" lon="9.588666">
        <ele>2733.9</ele>
        <time>2026-09-12T10:02:58Z</time>
        <hdop>9.7</hdop>
        <extensions>
          <osmand:speed>0.4</osmand:speed>
        </extensions>
      </trkpt>
      <trkpt lat="46.4575895" lon="9.5886397">
        <ele>2736.9</ele>
        <time>2026-09-12T10:03:04Z</time>
        <hdop>10.2</hdop>
        <extensions>
          <osmand:speed>0.4</osmand:speed>
        </extensions>
      </trkpt>
      <trkpt lat="46.4576112" lon="9.5886189">
        <ele>2737.9</ele>
        <time>2026-09-12T10:03:39Z</time>
        <hdop>9.2</hdop>
        <extensions>
          <osmand:speed>1.3</osmand:speed>
        </extensions>
      </trkpt>
      <trkpt lat="46.4576273" lon="9.5886343">
        <ele>2739.9</ele>
        <time>2026-09-12T10:03:46Z</time>
        <hdop>9.7</hdop>
        <extensions>
          <osmand:speed>0.4</osmand:speed>
        </extensions>
      </trkpt>
      <trkpt lat="46.4576532" lon="9.5886568">
        <ele>2740.9</ele>
        <time>2026-09-12T10:03:52Z</time>
        <hdop>8.7</hdop>
        <extensions>
          <osmand:speed>0.4</osmand:speed>
        </extensions>
      </trkpt>
      <trkpt lat="46.4576719" lon="9.5886718">
        <ele>2740.9</ele>
        <time>2026-09-12T10:03:58Z</time>
        <hdop>10.2</hdop>
        <extensions>
          <osmand:speed>0.6</osmand:speed>
        </extensions>
      </trkpt>
      <trkpt lat="46.457683" lon="9.5886364">
        <ele>2740.9</ele>
        <time>2026-09-12T10:04:04Z</time>
        <hdop>9.2</hdop>
        <extensions>
          <osmand:speed>0.5</osmand:speed>
        </extensions>
      </trkpt>
      <trkpt lat="46.4577021" lon="9.5886145">
        <ele>2740.9</ele>
        <time>2026-09-12T10:04:11Z</time>
        <hdop>8.7</hdop>
        <extensions>
          <osmand:speed>0.5</osmand:speed>
        </extensions>
      </trkpt>
      <trkpt lat="46.457725" lon="9.5885842">
        <ele>2739.9</ele>
        <time>2026-09-12T10:04:17Z</time>
        <hdop>9.2</hdop>
        <extensions>
          <osmand:speed>0.3</osmand:speed>
        </extensions>
      </trkpt>
      <trkpt lat="46.4577453" lon="9.5885635">
        <ele>2740.9</ele>
        <time>2026-09-12T10:04:23Z</time>
        <hdop>10.2</hdop>
        <extensions>
          <osmand:speed>0.3</osmand:speed>
        </extensions>
      </trkpt>
      <trkpt lat="46.457762" lon="9.5885481">
        <ele>2742.9</ele>
        <time>2026-09-12T10:04:30Z</time>
        <hdop>10.2</hdop>
        <extensions>
          <osmand:speed>0.6</osmand:speed>
        </extensions>
      </trkpt>
      <trkpt lat="46.4577872" lon="9.5885439">
        <ele>2742.9</ele>
        <time>2026-09-12T10:04:36Z</time>
        <hdop>10.2</hdop>
        <extensions>
          <osmand:speed>0.3</osmand:speed>
        </extensions>
      </trkpt>
      <trkpt lat="46.457774" lon="9.5885194">
        <ele>2744.9</ele>
        <time>2026-09-12T10:04:56Z</time>
        <hdop>9.7</hdop>
        <extensions>
          <osmand:speed>0.6</osmand:speed>
        </extensions>
      </trkpt>
      <trkpt lat="46.4577903" lon="9.5884903">
        <ele>2745.9</ele>
        <time>2026-09-12T10:05:02Z</time>
        <hdop>10.2</hdop>
        <extensions>
          <osmand:speed>0.8</osmand:speed>
        </extensions>
      </trkpt>
      <trkpt lat="46.4578055" lon="9.5884589">
        <ele>2745.9</ele>
        <time>2026-09-12T10:05:08Z</time>
        <hdop>9.7</hdop>
        <extensions>
          <osmand:speed>0.6</osmand:speed>
        </extensions>
      </trkpt>
      <trkpt lat="46.4578148" lon="9.5884312">
        <ele>2747.9</ele>
        <time>2026-09-12T10:05:14Z</time>
        <hdop>10.7</hdop>
        <extensions>
          <osmand:speed>0.6</osmand:speed>
        </extensions>
      </trkpt>
      <trkpt lat="46.4578335" lon="9.5884212">
        <ele>2746.9</ele>
        <time>2026-09-12T10:05:21Z</time>
        <hdop>9.7</hdop>
        <extensions>
          <osmand:speed>0.3</osmand:speed>
        </extensions>
      </trkpt>
      <trkpt lat="46.4578476" lon="9.5883817">
        <ele>2747.9</ele>
        <time>2026-09-12T10:05:27Z</time>
        <hdop>9.7</hdop>
        <extensions>
          <osmand:speed>0.8</osmand:speed>
        </extensions>
      </trkpt>
      <trkpt lat="46.4578524" lon="9.5883496">
        <ele>2747.9</ele>
        <time>2026-09-12T10:05:33Z</time>
        <hdop>9.2</hdop>
        <extensions>
          <osmand:speed>0.5</osmand:speed>
        </extensions>
      </trkpt>
      <trkpt lat="46.4578708" lon="9.5883276">
        <ele>2748.9</ele>
        <time>2026-09-12T10:05:39Z</time>
        <hdop>11.2</hdop>
        <extensions>
          <osmand:speed>0.5</osmand:speed>
        </extensions>
      </trkpt>
      <trkpt lat="46.4578736" lon="9.588296">
        <ele>2749.9</ele>
        <time>2026-09-12T10:05:45Z</time>
        <hdop>8.7</hdop>
        <extensions>
          <osmand:speed>0</osmand:speed>
        </extensions>
      </trkpt>
      <trkpt lat="46.4578616" lon="9.5882717">
        <ele>2751.9</ele>
        <time>2026-09-12T10:05:55Z</time>
        <hdop>8.7</hdop>
        <extensions>
          <osmand:speed>0</osmand:speed>
        </extensions>
      </trkpt>
      <trkpt lat="46.4578741" lon="9.58824">
        <ele>2753.9</ele>
        <time>2026-09-12T10:06:06Z</time>
        <hdop>10.7</hdop>
        <extensions>
          <osmand:speed>1</osmand:speed>
        </extensions>
      </trkpt>
      <trkpt lat="46.4578868" lon="9.588197">
        <ele>2752.9</ele>
        <time>2026-09-12T10:06:12Z</time>
        <hdop>10.2</hdop>
        <extensions>
          <osmand:speed>0.7</osmand:speed>
        </extensions>
      </trkpt>
      <trkpt lat="46.4578808" lon="9.5881387">
        <ele>2753.9</ele>
        <time>2026-09-12T10:06:18Z</time>
        <hdop>8.2</hdop>
        <extensions>
          <osmand:speed>0.6</osmand:speed>
        </extensions>
      </trkpt>
      <trkpt lat="46.4578851" lon="9.588105">
        <ele>2756.9</ele>
        <time>2026-09-12T10:06:31Z</time>
        <hdop>9.7</hdop>
        <extensions>
          <osmand:speed>0.6</osmand:speed>
        </extensions>
      </trkpt>
      <trkpt lat="46.4578802" lon="9.588079">
        <ele>2757.9</ele>
        <time>2026-09-12T10:06:37Z</time>
        <hdop>10.7</hdop>
        <extensions>
          <osmand:speed>0.1</osmand:speed>
        </extensions>
      </trkpt>
      <trkpt lat="46.4578633" lon="9.5880523">
        <ele>2758.9</ele>
        <time>2026-09-12T10:06:43Z</time>
        <hdop>11.7</hdop>
        <extensions>
          <osmand:speed>0.3</osmand:speed>
        </extensions>
      </trkpt>
      <trkpt lat="46.4578803" lon="9.5880391">
        <ele>2759.9</ele>
        <time>2026-09-12T10:06:57Z</time>
        <hdop>12.8</hdop>
        <extensions>
          <osmand:speed>0.3</osmand:speed>
        </extensions>
      </trkpt>
      <trkpt lat="46.4579093" lon="9.588016">
        <ele>2759.9</ele>
        <time>2026-09-12T10:07:03Z</time>
        <hdop>9.2</hdop>
        <extensions>
          <osmand:speed>0.5</osmand:speed>
        </extensions>
      </trkpt>
      <trkpt lat="46.4579298" lon="9.5880191">
        <ele>2760.9</ele>
        <time>2026-09-12T10:07:09Z</time>
        <hdop>11.2</hdop>
        <extensions>
          <osmand:speed>0.9</osmand:speed>
        </extensions>
      </trkpt>
      <trkpt lat="46.4579353" lon="9.5879896">
        <ele>2761.9</ele>
        <time>2026-09-12T10:07:16Z</time>
        <hdop>11.7</hdop>
        <extensions>
          <osmand:speed>0.1</osmand:speed>
        </extensions>
      </trkpt>
      <trkpt lat="46.4579352" lon="9.5879597">
        <ele>2761.9</ele>
        <time>2026-09-12T10:07:29Z</time>
        <hdop>11.2</hdop>
        <extensions>
          <osmand:speed>0.7</osmand:speed>
        </extensions>
      </trkpt>
      <trkpt lat="46.4579502" lon="9.5879221">
        <ele>2762.9</ele>
        <time>2026-09-12T10:07:35Z</time>
        <hdop>8.2</hdop>
        <extensions>
          <osmand:speed>0.9</osmand:speed>
        </extensions>
      </trkpt>
      <trkpt lat="46.4579526" lon="9.587884">
        <ele>2761.9</ele>
        <time>2026-09-12T10:07:41Z</time>
        <hdop>10.2</hdop>
        <extensions>
          <osmand:speed>0.5</osmand:speed>
        </extensions>
      </trkpt>
      <trkpt lat="46.4579656" lon="9.5878644">
        <ele>2763.9</ele>
        <time>2026-09-12T10:07:47Z</time>
        <hdop>8.2</hdop>
        <extensions>
          <osmand:speed>0.5</osmand:speed>
        </extensions>
      </trkpt>
      <trkpt lat="46.457958" lon="9.5878274">
        <ele>2764.9</ele>
        <time>2026-09-12T10:07:53Z</time>
        <hdop>7.7</hdop>
        <extensions>
          <osmand:speed>0.5</osmand:speed>
        </extensions>
      </trkpt>
      <trkpt lat="46.4579871" lon="9.5878194">
        <ele>2765.9</ele>
        <time>2026-09-12T10:07:59Z</time>
        <hdop>8.2</hdop>
        <extensions>
          <osmand:speed>0.3</osmand:speed>
        </extensions>
      </trkpt>
      <trkpt lat="46.4579923" lon="9.5877863">
        <ele>2767.9</ele>
        <time>2026-09-12T10:08:05Z</time>
        <hdop>6.6</hdop>
        <extensions>
          <osmand:speed>0.3</osmand:speed>
        </extensions>
      </trkpt>
      <trkpt lat="46.457967" lon="9.5877701">
        <ele>2768.9</ele>
        <time>2026-09-12T10:08:11Z</time>
        <hdop>7.1</hdop>
      </trkpt>
      <trkpt lat="46.4579575" lon="9.5877447">
        <ele>2770.9</ele>
        <time>2026-09-12T10:08:40Z</time>
        <hdop>8.2</hdop>
        <extensions>
          <osmand:speed>0.4</osmand:speed>
        </extensions>
      </trkpt>
      <trkpt lat="46.4579711" lon="9.5876905">
        <ele>2771.9</ele>
        <time>2026-09-12T10:08:46Z</time>
        <hdop>10.2</hdop>
        <extensions>
          <osmand:speed>0.9</osmand:speed>
        </extensions>
      </trkpt>
      <trkpt lat="46.4579823" lon="9.5876373">
        <ele>2772.9</ele>
        <time>2026-09-12T10:08:52Z</time>
        <hdop>10.2</hdop>
        <extensions>
          <osmand:speed>0.5</osmand:speed>
        </extensions>
      </trkpt>
      <trkpt lat="46.4579959" lon="9.587609">
        <ele>2772.9</ele>
        <time>2026-09-12T10:09:11Z</time>
        <hdop>9.7</hdop>
        <extensions>
          <osmand:speed>1</osmand:speed>
        </extensions>
      </trkpt>
      <trkpt lat="46.4580059" lon="9.5875757">
        <ele>2772.9</ele>
        <time>2026-09-12T10:09:17Z</time>
        <hdop>9.2</hdop>
        <extensions>
          <osmand:speed>0.5</osmand:speed>
        </extensions>
      </trkpt>
      <trkpt lat="46.458029" lon="9.5875402">
        <ele>2772.9</ele>
        <time>2026-09-12T10:09:23Z</time>
        <hdop>8.2</hdop>
        <extensions>
          <osmand:speed>0.6</osmand:speed>
        </extensions>
      </trkpt>
      <trkpt lat="46.4580517" lon="9.5875506">
        <ele>2772.9</ele>
        <time>2026-09-12T10:09:30Z</time>
        <hdop>8.2</hdop>
        <extensions>
          <osmand:speed>0.6</osmand:speed>
        </extensions>
      </trkpt>
      <trkpt lat="46.4580726" lon="9.5875604">
        <ele>2772.9</ele>
        <time>2026-09-12T10:09:40Z</time>
        <hdop>12.8</hdop>
        <extensions>
          <osmand:speed>0.2</osmand:speed>
        </extensions>
      </trkpt>
      <trkpt lat="46.4580753" lon="9.5875346">
        <ele>2775.9</ele>
        <time>2026-09-12T10:09:51Z</time>
        <hdop>11.2</hdop>
        <extensions>
          <osmand:speed>0.4</osmand:speed>
        </extensions>
      </trkpt>
      <trkpt lat="46.4580529" lon="9.5874926">
        <ele>2776.9</ele>
        <time>2026-09-12T10:09:57Z</time>
        <hdop>10.2</hdop>
        <extensions>
          <osmand:speed>0.3</osmand:speed>
        </extensions>
      </trkpt>
      <trkpt lat="46.4580524" lon="9.5874552">
        <ele>2777.9</ele>
        <time>2026-09-12T10:10:03Z</time>
        <hdop>12.2</hdop>
        <extensions>
          <osmand:speed>0.6</osmand:speed>
        </extensions>
      </trkpt>
      <trkpt lat="46.4580494" lon="9.5874204">
        <ele>2777.9</ele>
        <time>2026-09-12T10:10:10Z</time>
        <hdop>11.2</hdop>
        <extensions>
          <osmand:speed>0.4</osmand:speed>
        </extensions>
      </trkpt>
      <trkpt lat="46.4580435" lon="9.5873902">
        <ele>2779.9</ele>
        <time>2026-09-12T10:10:25Z</time>
        <hdop>11.2</hdop>
        <extensions>
          <osmand:speed>0.1</osmand:speed>
        </extensions>
      </trkpt>
      <trkpt lat="46.458072" lon="9.587383">
        <ele>2779.9</ele>
        <time>2026-09-12T10:10:31Z</time>
        <hdop>11.7</hdop>
        <extensions>
          <osmand:speed>0.5</osmand:speed>
        </extensions>
      </trkpt>
      <trkpt lat="46.4580905" lon="9.5873835">
        <ele>2780.9</ele>
        <time>2026-09-12T10:10:45Z</time>
        <hdop>8.2</hdop>
        <extensions>
          <osmand:speed>0.6</osmand:speed>
        </extensions>
      </trkpt>
      <trkpt lat="46.4580924" lon="9.5873564">
        <ele>2783.9</ele>
        <time>2026-09-12T10:11:32Z</time>
        <hdop>8.7</hdop>
        <extensions>
          <osmand:speed>0.6</osmand:speed>
        </extensions>
      </trkpt>
      <trkpt lat="46.4581228" lon="9.5873208">
        <ele>2784.9</ele>
        <time>2026-09-12T10:11:38Z</time>
        <hdop>10.2</hdop>
        <extensions>
          <osmand:speed>0.4</osmand:speed>
        </extensions>
      </trkpt>
      <trkpt lat="46.458144" lon="9.5873001">
        <ele>2784.9</ele>
        <time>2026-09-12T10:11:44Z</time>
        <hdop>11.2</hdop>
        <extensions>
          <osmand:speed>0.4</osmand:speed>
        </extensions>
      </trkpt>
      <trkpt lat="46.4581539" lon="9.5872779">
        <ele>2785.9</ele>
        <time>2026-09-12T10:11:50Z</time>
        <hdop>11.7</hdop>
        <extensions>
          <osmand:speed>0.1</osmand:speed>
        </extensions>
      </trkpt>
      <trkpt lat="46.4581542" lon="9.5872367">
        <ele>2786.9</ele>
        <time>2026-09-12T10:11:56Z</time>
        <hdop>9.2</hdop>
        <extensions>
          <osmand:speed>0.7</osmand:speed>
        </extensions>
      </trkpt>
      <trkpt lat="46.458159" lon="9.5872003">
        <ele>2788.9</ele>
        <time>2026-09-12T10:12:02Z</time>
        <hdop>10.7</hdop>
        <extensions>
          <osmand:speed>0.1</osmand:speed>
        </extensions>
      </trkpt>
      <trkpt lat="46.4581387" lon="9.5871959">
        <ele>2790.9</ele>
        <time>2026-09-12T10:12:09Z</time>
        <hdop>10.7</hdop>
        <extensions>
          <osmand:speed>0.1</osmand:speed>
        </extensions>
      </trkpt>
      <trkpt lat="46.458123" lon="9.5871824">
        <ele>2792.9</ele>
        <time>2026-09-12T10:12:19Z</time>
        <hdop>10.7</hdop>
        <extensions>
          <osmand:speed>0.1</osmand:speed>
        </extensions>
      </trkpt>
      <trkpt lat="46.4581204" lon="9.5871366">
        <ele>2793.9</ele>
        <time>2026-09-12T10:12:25Z</time>
        <hdop>12.2</hdop>
        <extensions>
          <osmand:speed>0.6</osmand:speed>
        </extensions>
      </trkpt>
      <trkpt lat="46.458133" lon="9.5871137">
        <ele>2793.9</ele>
        <time>2026-09-12T10:12:31Z</time>
        <hdop>13.3</hdop>
        <extensions>
          <osmand:speed>0.5</osmand:speed>
        </extensions>
      </trkpt>
      <trkpt lat="46.4581421" lon="9.5870782">
        <ele>2793.9</ele>
        <time>2026-09-12T10:12:39Z</time>
        <hdop>12.8</hdop>
        <extensions>
          <osmand:speed>0.8</osmand:speed>
        </extensions>
      </trkpt>
      <trkpt lat="46.4581218" lon="9.5870392">
        <ele>2793.9</ele>
        <time>2026-09-12T10:12:45Z</time>
        <hdop>13.8</hdop>
        <extensions>
          <osmand:speed>0.6</osmand:speed>
        </extensions>
      </trkpt>
      <trkpt lat="46.4581036" lon="9.5870228">
        <ele>2794.9</ele>
        <time>2026-09-12T10:12:51Z</time>
        <hdop>10.7</hdop>
        <extensions>
          <osmand:speed>0.3</osmand:speed>
        </extensions>
      </trkpt>
      <trkpt lat="46.4580694" lon="9.5870059">
        <ele>2794.9</ele>
        <time>2026-09-12T10:12:57Z</time>
        <hdop>10.2</hdop>
        <extensions>
          <osmand:speed>0.5</osmand:speed>
        </extensions>
      </trkpt>
      <trkpt lat="46.4580467" lon="9.5869914">
        <ele>2796.9</ele>
        <time>2026-09-12T10:13:03Z</time>
        <hdop>9.7</hdop>
        <extensions>
          <osmand:speed>0.3</osmand:speed>
        </extensions>
      </trkpt>
      <trkpt lat="46.4580455" lon="9.5870307">
        <ele>2795.9</ele>
        <time>2026-09-12T10:13:09Z</time>
        <hdop>10.7</hdop>
        <extensions>
          <osmand:speed>0</osmand:speed>
        </extensions>
      </trkpt>
      <trkpt lat="46.4580374" lon="9.5869947">
        <ele>2797.9</ele>
        <time>2026-09-12T10:13:15Z</time>
        <hdop>9.2</hdop>
        <extensions>
          <osmand:speed>0.2</osmand:speed>
        </extensions>
      </trkpt>
      <trkpt lat="46.4580092" lon="9.5869849">
        <ele>2797.9</ele>
        <time>2026-09-12T10:13:21Z</time>
        <hdop>8.2</hdop>
        <extensions>
          <osmand:speed>0.2</osmand:speed>
        </extensions>
      </trkpt>
      <trkpt lat="46.458001" lon="9.587103">
        <ele>2802.9</ele>
        <time>2026-09-12T10:14:41Z</time>
        <hdop>13.3</hdop>
        <extensions>
          <osmand:speed>10</osmand:speed>
        </extensions>
      </trkpt>
      <trkpt lat="46.4580013" lon="9.5870706">
        <ele>2801.9</ele>
        <time>2026-09-12T10:14:47Z</time>
        <hdop>6.1</hdop>
      </trkpt>
      <trkpt lat="46.4580065" lon="9.5870355">
        <ele>2799.9</ele>
        <time>2026-09-12T10:14:53Z</time>
        <hdop>6.1</hdop>
      </trkpt>
      <trkpt lat="46.4579992" lon="9.5870106">
        <ele>2800.9</ele>
        <time>2026-09-12T10:17:09Z</time>
        <hdop>8.7</hdop>
        <extensions>
          <osmand:speed>0.4</osmand:speed>
        </extensions>
      </trkpt>
      <trkpt lat="46.4580127" lon="9.5870297">
        <ele>2801.9</ele>
        <time>2026-09-12T10:21:53Z</time>
        <hdop>9.7</hdop>
        <extensions>
          <osmand:speed>0.1</osmand:speed>
        </extensions>
      </trkpt>
      <trkpt lat="46.4580285" lon="9.5870131">
        <ele>2802.9</ele>
        <time>2026-09-12T10:22:02Z</time>
        <hdop>11.7</hdop>
        <extensions>
          <osmand:speed>0.9</osmand:speed>
        </extensions>
      </trkpt>
      <trkpt lat="46.4580121" lon="9.5869561">
        <ele>2801.9</ele>
        <time>2026-09-12T10:22:08Z</time>
        <hdop>11.7</hdop>
        <extensions>
          <osmand:speed>0.7</osmand:speed>
        </extensions>
      </trkpt>
      <trkpt lat="46.4579752" lon="9.5869242">
        <ele>2800.9</ele>
        <time>2026-09-12T10:22:14Z</time>
        <hdop>8.7</hdop>
        <extensions>
          <osmand:speed>0.7</osmand:speed>
        </extensions>
      </trkpt>
      <trkpt lat="46.457962" lon="9.586889">
        <ele>2800.9</ele>
        <time>2026-09-12T10:22:20Z</time>
        <hdop>9.7</hdop>
        <extensions>
          <osmand:speed>0.4</osmand:speed>
        </extensions>
      </trkpt>
      <trkpt lat="46.4579348" lon="9.5868371">
        <ele>2799.9</ele>
        <time>2026-09-12T10:22:26Z</time>
        <hdop>8.7</hdop>
        <extensions>
          <osmand:speed>0.6</osmand:speed>
        </extensions>
      </trkpt>
      <trkpt lat="46.4579161" lon="9.5867818">
        <ele>2799.9</ele>
        <time>2026-09-12T10:22:32Z</time>
        <hdop>8.7</hdop>
        <extensions>
          <osmand:speed>0.8</osmand:speed>
        </extensions>
      </trkpt>
      <trkpt lat="46.4579166" lon="9.5867066">
        <ele>2798.9</ele>
        <time>2026-09-12T10:22:38Z</time>
        <hdop>12.8</hdop>
        <extensions>
          <osmand:speed>0.9</osmand:speed>
        </extensions>
      </trkpt>
      <trkpt lat="46.4579221" lon="9.5866335">
        <ele>2797.9</ele>
        <time>2026-09-12T10:22:44Z</time>
        <hdop>12.8</hdop>
        <extensions>
          <osmand:speed>0.5</osmand:speed>
        </extensions>
      </trkpt>
      <trkpt lat="46.4579167" lon="9.5866771">
        <ele>2797.9</ele>
        <time>2026-09-12T10:22:50Z</time>
        <hdop>12.2</hdop>
        <extensions>
          <osmand:speed>0.8</osmand:speed>
        </extensions>
      </trkpt>
      <trkpt lat="46.4579506" lon="9.5867489">
        <ele>2796.9</ele>
        <time>2026-09-12T10:22:56Z</time>
        <hdop>11.2</hdop>
        <extensions>
          <osmand:speed>1.2</osmand:speed>
        </extensions>
      </trkpt>
      <trkpt lat="46.4579481" lon="9.5868118">
        <ele>2797.9</ele>
        <time>2026-09-12T10:23:02Z</time>
        <hdop>12.2</hdop>
        <extensions>
          <osmand:speed>0.8</osmand:speed>
        </extensions>
      </trkpt>
      <trkpt lat="46.4579618" lon="9.5868516">
        <ele>2798.9</ele>
        <time>2026-09-12T10:23:08Z</time>
        <hdop>12.2</hdop>
        <extensions>
          <osmand:speed>0.5</osmand:speed>
        </extensions>
      </trkpt>
      <trkpt lat="46.4579958" lon="9.5868856">
        <ele>2798.9</ele>
        <time>2026-09-12T10:23:14Z</time>
        <hdop>10.7</hdop>
        <extensions>
          <osmand:speed>0.6</osmand:speed>
        </extensions>
      </trkpt>
      <trkpt lat="46.4580276" lon="9.5869117">
        <ele>2798.9</ele>
        <time>2026-09-12T10:23:20Z</time>
        <hdop>11.7</hdop>
        <extensions>
          <osmand:speed>0.6</osmand:speed>
        </extensions>
      </trkpt>
      <trkpt lat="46.4580618" lon="9.5869112">
        <ele>2797.9</ele>
        <time>2026-09-12T10:23:26Z</time>
        <hdop>10.7</hdop>
        <extensions>
          <osmand:speed>0.5</osmand:speed>
        </extensions>
      </trkpt>
      <trkpt lat="46.4581176" lon="9.5869238">
        <ele>2797.9</ele>
        <time>2026-09-12T10:23:32Z</time>
        <hdop>13.3</hdop>
        <extensions>
          <osmand:speed>0.4</osmand:speed>
        </extensions>
      </trkpt>
      <trkpt lat="46.4581507" lon="9.5869126">
        <ele>2798.9</ele>
        <time>2026-09-12T10:23:38Z</time>
        <hdop>10.2</hdop>
        <extensions>
          <osmand:speed>0.6</osmand:speed>
        </extensions>
      </trkpt>
      <trkpt lat="46.4581862" lon="9.5869123">
        <ele>2798.9</ele>
        <time>2026-09-12T10:23:44Z</time>
        <hdop>13.8</hdop>
        <extensions>
          <osmand:speed>0.3</osmand:speed>
        </extensions>
      </trkpt>
      <trkpt lat="46.4582206" lon="9.5869091">
        <ele>2798.9</ele>
        <time>2026-09-12T10:23:50Z</time>
        <hdop>13.3</hdop>
        <extensions>
          <osmand:speed>0.8</osmand:speed>
        </extensions>
      </trkpt>
      <trkpt lat="46.4581995" lon="9.5868899">
        <ele>2799.9</ele>
        <time>2026-09-12T10:23:56Z</time>
        <hdop>11.7</hdop>
        <extensions>
          <osmand:speed>0.8</osmand:speed>
        </extensions>
      </trkpt>
      <trkpt lat="46.4581886" lon="9.5868585">
        <ele>2800.9</ele>
        <time>2026-09-12T10:24:02Z</time>
        <hdop>12.8</hdop>
        <extensions>
          <osmand:speed>0.3</osmand:speed>
        </extensions>
      </trkpt>
      <trkpt lat="46.4582333" lon="9.5868455">
        <ele>2800.9</ele>
        <time>2026-09-12T10:24:08Z</time>
        <hdop>11.2</hdop>
        <extensions>
          <osmand:speed>0.6</osmand:speed>
        </extensions>
      </trkpt>
      <trkpt lat="46.4582642" lon="9.5868283">
        <ele>2800.9</ele>
        <time>2026-09-12T10:24:14Z</time>
        <hdop>10.7</hdop>
        <extensions>
          <osmand:speed>0.7</osmand:speed>
        </extensions>
      </trkpt>
      <trkpt lat="46.4582881" lon="9.5867992">
        <ele>2802.9</ele>
        <time>2026-09-12T10:24:20Z</time>
        <hdop>11.7</hdop>
        <extensions>
          <osmand:speed>0.8</osmand:speed>
        </extensions>
      </trkpt>
      <trkpt lat="46.4583303" lon="9.5867765">
        <ele>2804.9</ele>
        <time>2026-09-12T10:24:26Z</time>
        <hdop>9.2</hdop>
        <extensions>
          <osmand:speed>0.9</osmand:speed>
        </extensions>
      </trkpt>
      <trkpt lat="46.4583794" lon="9.5867541">
        <ele>2804.9</ele>
        <time>2026-09-12T10:24:32Z</time>
        <hdop>9.2</hdop>
        <extensions>
          <osmand:speed>0.8</osmand:speed>
        </extensions>
      </trkpt>
      <trkpt lat="46.4584392" lon="9.5867367">
        <ele>2803.9</ele>
        <time>2026-09-12T10:24:38Z</time>
        <hdop>10.2</hdop>
        <extensions>
          <osmand:speed>0.8</osmand:speed>
        </extensions>
      </trkpt>
      <trkpt lat="46.4584992" lon="9.5867164">
        <ele>2803.9</ele>
        <time>2026-09-12T10:24:44Z</time>
        <hdop>8.7</hdop>
        <extensions>
          <osmand:speed>0.9</osmand:speed>
        </extensions>
      </trkpt>
      <trkpt lat="46.4585315" lon="9.5867001">
        <ele>2804.9</ele>
        <time>2026-09-12T10:24:50Z</time>
        <hdop>8.7</hdop>
        <extensions>
          <osmand:speed>0.5</osmand:speed>
        </extensions>
      </trkpt>
      <trkpt lat="46.4585569" lon="9.5866809">
        <ele>2804.9</ele>
        <time>2026-09-12T10:24:56Z</time>
        <hdop>7.1</hdop>
        <extensions>
          <osmand:speed>0.5</osmand:speed>
        </extensions>
      </trkpt>
      <trkpt lat="46.4585922" lon="9.5866699">
        <ele>2805.9</ele>
        <time>2026-09-12T10:25:02Z</time>
        <hdop>9.7</hdop>
        <extensions>
          <osmand:speed>1.1</osmand:speed>
        </extensions>
      </trkpt>
      <trkpt lat="46.4586454" lon="9.5866422">
        <ele>2806.9</ele>
        <time>2026-09-12T10:25:08Z</time>
        <hdop>9.2</hdop>
        <extensions>
          <osmand:speed>0.9</osmand:speed>
        </extensions>
      </trkpt>
      <trkpt lat="46.4587069" lon="9.5865901">
        <ele>2806.9</ele>
        <time>2026-09-12T10:25:14Z</time>
        <hdop>8.7</hdop>
        <extensions>
          <osmand:speed>1.4</osmand:speed>
        </extensions>
      </trkpt>
      <trkpt lat="46.4587553" lon="9.5865251">
        <ele>2807.9</ele>
        <time>2026-09-12T10:25:20Z</time>
        <hdop>11.2</hdop>
        <extensions>
          <osmand:speed>1.2</osmand:speed>
        </extensions>
      </trkpt>
      <trkpt lat="46.4588085" lon="9.5864523">
        <ele>2806.9</ele>
        <time>2026-09-12T10:25:26Z</time>
        <hdop>7.1</hdop>
        <extensions>
          <osmand:speed>1.3</osmand:speed>
        </extensions>
      </trkpt>
      <trkpt lat="46.458858" lon="9.5864111">
        <ele>2806.9</ele>
        <time>2026-09-12T10:25:32Z</time>
        <hdop>10.2</hdop>
        <extensions>
          <osmand:speed>1.1</osmand:speed>
        </extensions>
      </trkpt>
      <trkpt lat="46.4588872" lon="9.5863475">
        <ele>2806.9</ele>
        <time>2026-09-12T10:25:38Z</time>
        <hdop>10.2</hdop>
        <extensions>
          <osmand:speed>0.3</osmand:speed>
        </extensions>
      </trkpt>
      <trkpt lat="46.4589362" lon="9.5863077">
        <ele>2806.9</ele>
        <time>2026-09-12T10:25:44Z</time>
        <hdop>9.7</hdop>
        <extensions>
          <osmand:speed>0.9</osmand:speed>
        </extensions>
      </trkpt>
      <trkpt lat="46.4589683" lon="9.5863096">
        <ele>2807.9</ele>
        <time>2026-09-12T10:25:50Z</time>
        <hdop>7.1</hdop>
        <extensions>
          <osmand:speed>0.8</osmand:speed>
        </extensions>
      </trkpt>
      <trkpt lat="46.4590146" lon="9.586334">
        <ele>2808.9</ele>
        <time>2026-09-12T10:25:56Z</time>
        <hdop>10.7</hdop>
        <extensions>
          <osmand:speed>0.2</osmand:speed>
        </extensions>
      </trkpt>
      <trkpt lat="46.4590513" lon="9.5863174">
        <ele>2809.9</ele>
        <time>2026-09-12T10:26:02Z</time>
        <hdop>11.7</hdop>
        <extensions>
          <osmand:speed>0.5</osmand:speed>
        </extensions>
      </trkpt>
      <trkpt lat="46.4590828" lon="9.5863267">
        <ele>2809.9</ele>
        <time>2026-09-12T10:26:08Z</time>
        <hdop>11.2</hdop>
        <extensions>
          <osmand:speed>0.3</osmand:speed>
        </extensions>
      </trkpt>
      <trkpt lat="46.4591273" lon="9.5863264">
        <ele>2810.9</ele>
        <time>2026-09-12T10:26:14Z</time>
        <hdop>11.2</hdop>
        <extensions>
          <osmand:speed>0.6</osmand:speed>
        </extensions>
      </trkpt>
      <trkpt lat="46.4591598" lon="9.5863319">
        <ele>2810.9</ele>
        <time>2026-09-12T10:26:20Z</time>
        <hdop>10.7</hdop>
        <extensions>
          <osmand:speed>0.5</osmand:speed>
        </extensions>
      </trkpt>
      <trkpt lat="46.4591776" lon="9.5863557">
        <ele>2812.9</ele>
        <time>2026-09-12T10:26:26Z</time>
        <hdop>10.7</hdop>
        <extensions>
          <osmand:speed>0.5</osmand:speed>
        </extensions>
      </trkpt>
      <trkpt lat="46.4592149" lon="9.5863462">
        <ele>2813.9</ele>
        <time>2026-09-12T10:26:32Z</time>
        <hdop>7.7</hdop>
        <extensions>
          <osmand:speed>1.1</osmand:speed>
        </extensions>
      </trkpt>
      <trkpt lat="46.4592371" lon="9.5863431">
        <ele>2813.9</ele>
        <time>2026-09-12T10:26:38Z</time>
        <hdop>9.2</hdop>
        <extensions>
          <osmand:speed>0.6</osmand:speed>
        </extensions>
      </trkpt>
      <trkpt lat="46.4592821" lon="9.5863537">
        <ele>2814.9</ele>
        <time>2026-09-12T10:26:44Z</time>
        <hdop>9.7</hdop>
        <extensions>
          <osmand:speed>0.6</osmand:speed>
        </extensions>
      </trkpt>
      <trkpt lat="46.4593091" lon="9.5863344">
        <ele>2814.9</ele>
        <time>2026-09-12T10:26:50Z</time>
        <hdop>7.7</hdop>
        <extensions>
          <osmand:speed>0.8</osmand:speed>
        </extensions>
      </trkpt>
      <trkpt lat="46.4593496" lon="9.5863309">
        <ele>2816.9</ele>
        <time>2026-09-12T10:26:56Z</time>
        <hdop>8.2</hdop>
        <extensions>
          <osmand:speed>0.9</osmand:speed>
        </extensions>
      </trkpt>
      <trkpt lat="46.4593565" lon="9.5862978">
        <ele>2820.9</ele>
        <time>2026-09-12T10:27:10Z</time>
        <hdop>4.6</hdop>
        <extensions>
          <osmand:speed>0.3</osmand:speed>
        </extensions>
      </trkpt>
      <trkpt lat="46.4593821" lon="9.5862568">
        <ele>2821.9</ele>
        <time>2026-09-12T10:27:16Z</time>
        <hdop>11.2</hdop>
        <extensions>
          <osmand:speed>1.2</osmand:speed>
        </extensions>
      </trkpt>
      <trkpt lat="46.4594449" lon="9.5862493">
        <ele>2820.9</ele>
        <time>2026-09-12T10:27:22Z</time>
        <hdop>9.7</hdop>
        <extensions>
          <osmand:speed>0.8</osmand:speed>
        </extensions>
      </trkpt>
      <trkpt lat="46.4594953" lon="9.5862292">
        <ele>2821.9</ele>
        <time>2026-09-12T10:27:28Z</time>
        <hdop>9.2</hdop>
        <extensions>
          <osmand:speed>1</osmand:speed>
        </extensions>
      </trkpt>
      <trkpt lat="46.4595554" lon="9.5862069">
        <ele>2822.9</ele>
        <time>2026-09-12T10:27:34Z</time>
        <hdop>8.7</hdop>
        <extensions>
          <osmand:speed>1</osmand:speed>
        </extensions>
      </trkpt>
      <trkpt lat="46.4596094" lon="9.5861689">
        <ele>2823.9</ele>
        <time>2026-09-12T10:27:40Z</time>
        <hdop>8.7</hdop>
        <extensions>
          <osmand:speed>1.1</osmand:speed>
        </extensions>
      </trkpt>
      <trkpt lat="46.4596715" lon="9.5861354">
        <ele>2823.9</ele>
        <time>2026-09-12T10:27:46Z</time>
        <hdop>9.2</hdop>
        <extensions>
          <osmand:speed>0.9</osmand:speed>
        </extensions>
      </trkpt>
      <trkpt lat="46.4597131" lon="9.586104">
        <ele>2824.9</ele>
        <time>2026-09-12T10:27:52Z</time>
        <hdop>9.7</hdop>
        <extensions>
          <osmand:speed>0.8</osmand:speed>
        </extensions>
      </trkpt>
      <trkpt lat="46.4597526" lon="9.5860699">
        <ele>2823.9</ele>
        <time>2026-09-12T10:27:58Z</time>
        <hdop>11.2</hdop>
        <extensions>
          <osmand:speed>0.4</osmand:speed>
        </extensions>
      </trkpt>
      <trkpt lat="46.4597964" lon="9.5861004">
        <ele>2823.9</ele>
        <time>2026-09-12T10:28:04Z</time>
        <hdop>9.7</hdop>
        <extensions>
          <osmand:speed>0.3</osmand:speed>
        </extensions>
      </trkpt>
      <trkpt lat="46.4598215" lon="9.5861052">
        <ele>2824.9</ele>
        <time>2026-09-12T10:28:10Z</time>
        <hdop>7.1</hdop>
        <extensions>
          <osmand:speed>0.7</osmand:speed>
        </extensions>
      </trkpt>
      <trkpt lat="46.4598625" lon="9.58611">
        <ele>2825.9</ele>
        <time>2026-09-12T10:28:16Z</time>
        <hdop>10.7</hdop>
        <extensions>
          <osmand:speed>1</osmand:speed>
        </extensions>
      </trkpt>
      <trkpt lat="46.4599133" lon="9.5860817">
        <ele>2825.9</ele>
        <time>2026-09-12T10:28:22Z</time>
        <hdop>11.2</hdop>
        <extensions>
          <osmand:speed>1.1</osmand:speed>
        </extensions>
      </trkpt>
      <trkpt lat="46.4599658" lon="9.5860273">
        <ele>2825.9</ele>
        <time>2026-09-12T10:28:28Z</time>
        <hdop>10.2</hdop>
        <extensions>
          <osmand:speed>1</osmand:speed>
        </extensions>
      </trkpt>
      <trkpt lat="46.460028" lon="9.5859714">
        <ele>2825.9</ele>
        <time>2026-09-12T10:28:34Z</time>
        <hdop>11.2</hdop>
        <extensions>
          <osmand:speed>0.9</osmand:speed>
        </extensions>
      </trkpt>
      <trkpt lat="46.4600726" lon="9.5859048">
        <ele>2825.9</ele>
        <time>2026-09-12T10:28:40Z</time>
        <hdop>11.2</hdop>
        <extensions>
          <osmand:speed>1.2</osmand:speed>
        </extensions>
      </trkpt>
      <trkpt lat="46.4601054" lon="9.5858316">
        <ele>2825.9</ele>
        <time>2026-09-12T10:28:46Z</time>
        <hdop>11.2</hdop>
        <extensions>
          <osmand:speed>1.6</osmand:speed>
        </extensions>
      </trkpt>
      <trkpt lat="46.4601346" lon="9.5858475">
        <ele>2825.9</ele>
        <time>2026-09-12T10:28:52Z</time>
        <hdop>8.7</hdop>
      </trkpt>
      <trkpt lat="46.4601333" lon="9.5858204">
        <ele>2825.9</ele>
        <time>2026-09-12T10:29:07Z</time>
        <hdop>12.8</hdop>
        <extensions>
          <osmand:speed>0.6</osmand:speed>
        </extensions>
      </trkpt>
      <trkpt lat="46.4601175" lon="9.5858029">
        <ele>2826.9</ele>
        <time>2026-09-12T10:29:26Z</time>
        <hdop>5.1</hdop>
        <extensions>
          <osmand:speed>0</osmand:speed>
        </extensions>
      </trkpt>
      <trkpt lat="46.4601036" lon="9.5857861">
        <ele>2826.9</ele>
        <time>2026-09-12T10:29:32Z</time>
        <hdop>11.2</hdop>
        <extensions>
          <osmand:speed>0.5</osmand:speed>
        </extensions>
      </trkpt>
      <trkpt lat="46.4600782" lon="9.5858463">
        <ele>2825.9</ele>
        <time>2026-09-12T10:29:38Z</time>
        <hdop>11.7</hdop>
        <extensions>
          <osmand:speed>0.6</osmand:speed>
        </extensions>
      </trkpt>
      <trkpt lat="46.4600426" lon="9.5859161">
        <ele>2825.9</ele>
        <time>2026-09-12T10:29:44Z</time>
        <hdop>12.8</hdop>
        <extensions>
          <osmand:speed>0.8</osmand:speed>
        </extensions>
      </trkpt>
      <trkpt lat="46.4600269" lon="9.5859809">
        <ele>2827.9</ele>
        <time>2026-09-12T10:29:50Z</time>
        <hdop>8.2</hdop>
        <extensions>
          <osmand:speed>0.5</osmand:speed>
        </extensions>
      </trkpt>
      <trkpt lat="46.4600209" lon="9.5860284">
        <ele>2829.9</ele>
        <time>2026-09-12T10:29:56Z</time>
        <hdop>13.3</hdop>
        <extensions>
          <osmand:speed>0.6</osmand:speed>
        </extensions>
      </trkpt>
      <trkpt lat="46.4599875" lon="9.5860782">
        <ele>2829.9</ele>
        <time>2026-09-12T10:30:02Z</time>
        <hdop>11.7</hdop>
        <extensions>
          <osmand:speed>1</osmand:speed>
        </extensions>
      </trkpt>
      <trkpt lat="46.4600102" lon="9.5861773">
        <ele>2832.9</ele>
        <time>2026-09-12T10:30:08Z</time>
        <hdop>11.2</hdop>
        <extensions>
          <osmand:speed>1.1</osmand:speed>
        </extensions>
      </trkpt>
      <trkpt lat="46.4600366" lon="9.5862308">
        <ele>2832.9</ele>
        <time>2026-09-12T10:30:14Z</time>
        <hdop>10.7</hdop>
        <extensions>
          <osmand:speed>0.7</osmand:speed>
        </extensions>
      </trkpt>
      <trkpt lat="46.460065" lon="9.586305">
        <ele>2833.9</ele>
        <time>2026-09-12T10:30:20Z</time>
        <hdop>10.2</hdop>
        <extensions>
          <osmand:speed>0.8</osmand:speed>
        </extensions>
      </trkpt>
      <trkpt lat="46.4600728" lon="9.5863841">
        <ele>2834.9</ele>
        <time>2026-09-12T10:30:26Z</time>
        <hdop>10.7</hdop>
        <extensions>
          <osmand:speed>0.4</osmand:speed>
        </extensions>
      </trkpt>
      <trkpt lat="46.4600882" lon="9.5864325">
        <ele>2836.9</ele>
        <time>2026-09-12T10:30:32Z</time>
        <hdop>10.2</hdop>
        <extensions>
          <osmand:speed>0.8</osmand:speed>
        </extensions>
      </trkpt>
      <trkpt lat="46.4601046" lon="9.5864696">
        <ele>2837.9</ele>
        <time>2026-09-12T10:30:38Z</time>
        <hdop>11.2</hdop>
        <extensions>
          <osmand:speed>0.2</osmand:speed>
        </extensions>
      </trkpt>
      <trkpt lat="46.4601138" lon="9.5865081">
        <ele>2837.9</ele>
        <time>2026-09-12T10:30:44Z</time>
        <hdop>9.7</hdop>
        <extensions>
          <osmand:speed>1</osmand:speed>
        </extensions>
      </trkpt>
      <trkpt lat="46.4601159" lon="9.5865813">
        <ele>2839.9</ele>
        <time>2026-09-12T10:30:50Z</time>
        <hdop>12.2</hdop>
        <extensions>
          <osmand:speed>0.8</osmand:speed>
        </extensions>
      </trkpt>
      <trkpt lat="46.4601427" lon="9.5866282">
        <ele>2840.9</ele>
        <time>2026-09-12T10:30:56Z</time>
        <hdop>8.7</hdop>
        <extensions>
          <osmand:speed>0.8</osmand:speed>
        </extensions>
      </trkpt>
      <trkpt lat="46.4601388" lon="9.5866023">
        <ele>2840.9</ele>
        <time>2026-09-12T10:31:11Z</time>
        <hdop>11.7</hdop>
        <extensions>
          <osmand:speed>0.1</osmand:speed>
        </extensions>
      </trkpt>
      <trkpt lat="46.4601567" lon="9.5866175">
        <ele>2840.9</ele>
        <time>2026-09-12T10:31:18Z</time>
        <hdop>11.2</hdop>
        <extensions>
          <osmand:speed>0.9</osmand:speed>
        </extensions>
      </trkpt>
      <trkpt lat="46.4601646" lon="9.5866791">
        <ele>2842.9</ele>
        <time>2026-09-12T10:31:24Z</time>
        <hdop>13.3</hdop>
        <extensions>
          <osmand:speed>0.5</osmand:speed>
        </extensions>
      </trkpt>
      <trkpt lat="46.4601899" lon="9.5867171">
        <ele>2843.9</ele>
        <time>2026-09-12T10:31:30Z</time>
        <hdop>12.2</hdop>
        <extensions>
          <osmand:speed>0.6</osmand:speed>
        </extensions>
      </trkpt>
      <trkpt lat="46.4602171" lon="9.5867248">
        <ele>2845.9</ele>
        <time>2026-09-12T10:31:36Z</time>
        <hdop>9.7</hdop>
        <extensions>
          <osmand:speed>0.7</osmand:speed>
        </extensions>
      </trkpt>
      <trkpt lat="46.4602345" lon="9.5867347">
        <ele>2844.9</ele>
        <time>2026-09-12T10:31:42Z</time>
        <hdop>11.2</hdop>
        <extensions>
          <osmand:speed>0.4</osmand:speed>
        </extensions>
      </trkpt>
      <trkpt lat="46.4602658" lon="9.586765">
        <ele>2846.9</ele>
        <time>2026-09-12T10:31:48Z</time>
        <hdop>9.7</hdop>
        <extensions>
          <osmand:speed>0.9</osmand:speed>
        </extensions>
      </trkpt>
      <trkpt lat="46.4603046" lon="9.5868098">
        <ele>2846.9</ele>
        <time>2026-09-12T10:31:54Z</time>
        <hdop>9.2</hdop>
        <extensions>
          <osmand:speed>0.7</osmand:speed>
        </extensions>
      </trkpt>
      <trkpt lat="46.4603272" lon="9.5868454">
        <ele>2846.9</ele>
        <time>2026-09-12T10:32:00Z</time>
        <hdop>6.1</hdop>
        <extensions>
          <osmand:speed>0.8</osmand:speed>
        </extensions>
      </trkpt>
      <trkpt lat="46.4603404" lon="9.5869085">
        <ele>2847.9</ele>
        <time>2026-09-12T10:32:06Z</time>
        <hdop>6.1</hdop>
        <extensions>
          <osmand:speed>0.9</osmand:speed>
        </extensions>
      </trkpt>
      <trkpt lat="46.4603658" lon="9.5869663">
        <ele>2846.9</ele>
        <time>2026-09-12T10:32:12Z</time>
        <hdop>6.6</hdop>
        <extensions>
          <osmand:speed>0.9</osmand:speed>
        </extensions>
      </trkpt>
      <trkpt lat="46.460372" lon="9.5870209">
        <ele>2847.9</ele>
        <time>2026-09-12T10:32:18Z</time>
        <hdop>8.7</hdop>
        <extensions>
          <osmand:speed>0.1</osmand:speed>
        </extensions>
      </trkpt>
      <trkpt lat="46.460388" lon="9.5870628">
        <ele>2847.9</ele>
        <time>2026-09-12T10:32:24Z</time>
        <hdop>8.2</hdop>
        <extensions>
          <osmand:speed>1.1</osmand:speed>
        </extensions>
      </trkpt>
      <trkpt lat="46.4604015" lon="9.5870838">
        <ele>2846.9</ele>
        <time>2026-09-12T10:32:31Z</time>
        <hdop>7.1</hdop>
        <extensions>
          <osmand:speed>0.2</osmand:speed>
        </extensions>
      </trkpt>
      <trkpt lat="46.4604219" lon="9.5870686">
        <ele>2847.9</ele>
        <time>2026-09-12T10:32:37Z</time>
        <hdop>9.7</hdop>
        <extensions>
          <osmand:speed>0.3</osmand:speed>
        </extensions>
      </trkpt>
      <trkpt lat="46.4604578" lon="9.587099">
        <ele>2846.9</ele>
        <time>2026-09-12T10:32:43Z</time>
        <hdop>10.7</hdop>
        <extensions>
          <osmand:speed>0.2</osmand:speed>
        </extensions>
      </trkpt>
      <trkpt lat="46.4604699" lon="9.5871276">
        <ele>2845.9</ele>
        <time>2026-09-12T10:32:49Z</time>
        <hdop>9.7</hdop>
        <extensions>
          <osmand:speed>0.3</osmand:speed>
        </extensions>
      </trkpt>
      <trkpt lat="46.4604733" lon="9.5871574">
        <ele>2845.9</ele>
        <time>2026-09-12T10:32:55Z</time>
        <hdop>9.2</hdop>
        <extensions>
          <osmand:speed>0.3</osmand:speed>
        </extensions>
      </trkpt>
      <trkpt lat="46.4604841" lon="9.5871929">
        <ele>2845.9</ele>
        <time>2026-09-12T10:33:01Z</time>
        <hdop>8.2</hdop>
        <extensions>
          <osmand:speed>0.6</osmand:speed>
        </extensions>
      </trkpt>
      <trkpt lat="46.4605124" lon="9.5872472">
        <ele>2845.9</ele>
        <time>2026-09-12T10:33:07Z</time>
        <hdop>10.2</hdop>
        <extensions>
          <osmand:speed>0.3</osmand:speed>
        </extensions>
      </trkpt>
      <trkpt lat="46.4605228" lon="9.587269">
        <ele>2845.9</ele>
        <time>2026-09-12T10:33:15Z</time>
        <hdop>9.7</hdop>
        <extensions>
          <osmand:speed>1.1</osmand:speed>
        </extensions>
      </trkpt>
      <trkpt lat="46.4605398" lon="9.5872586">
        <ele>2844.9</ele>
        <time>2026-09-12T10:33:32Z</time>
        <hdop>5.6</hdop>
        <extensions>
          <osmand:speed>0.2</osmand:speed>
        </extensions>
      </trkpt>
      <trkpt lat="46.4605661" lon="9.5872959">
        <ele>2844.9</ele>
        <time>2026-09-12T10:33:38Z</time>
        <hdop>8.2</hdop>
        <extensions>
          <osmand:speed>0</osmand:speed>
        </extensions>
      </trkpt>
      <trkpt lat="46.4605782" lon="9.5873285">
        <ele>2844.9</ele>
        <time>2026-09-12T10:33:44Z</time>
        <hdop>8.7</hdop>
        <extensions>
          <osmand:speed>0.7</osmand:speed>
        </extensions>
      </trkpt>
      <trkpt lat="46.4606031" lon="9.5873406">
        <ele>2844.9</ele>
        <time>2026-09-12T10:33:50Z</time>
        <hdop>7.7</hdop>
        <extensions>
          <osmand:speed>0.1</osmand:speed>
        </extensions>
      </trkpt>
      <trkpt lat="46.4606284" lon="9.5873786">
        <ele>2842.9</ele>
        <time>2026-09-12T10:33:56Z</time>
        <hdop>8.2</hdop>
        <extensions>
          <osmand:speed>0.8</osmand:speed>
        </extensions>
      </trkpt>
      <trkpt lat="46.4606539" lon="9.5874132">
        <ele>2842.9</ele>
        <time>2026-09-12T10:34:02Z</time>
        <hdop>10.2</hdop>
        <extensions>
          <osmand:speed>0.2</osmand:speed>
        </extensions>
      </trkpt>
      <trkpt lat="46.4606906" lon="9.5874317">
        <ele>2842.9</ele>
        <time>2026-09-12T10:34:08Z</time>
        <hdop>11.2</hdop>
        <extensions>
          <osmand:speed>1.2</osmand:speed>
        </extensions>
      </trkpt>
      <trkpt lat="46.4607338" lon="9.5874949">
        <ele>2842.9</ele>
        <time>2026-09-12T10:34:14Z</time>
        <hdop>9.7</hdop>
        <extensions>
          <osmand:speed>0.6</osmand:speed>
        </extensions>
      </trkpt>
      <trkpt lat="46.4607766" lon="9.5875268">
        <ele>2842.9</ele>
        <time>2026-09-12T10:34:20Z</time>
        <hdop>8.7</hdop>
        <extensions>
          <osmand:speed>0.4</osmand:speed>
        </extensions>
      </trkpt>
      <trkpt lat="46.4608045" lon="9.5875619">
        <ele>2843.9</ele>
        <time>2026-09-12T10:34:26Z</time>
        <hdop>10.7</hdop>
        <extensions>
          <osmand:speed>0.4</osmand:speed>
        </extensions>
      </trkpt>
      <trkpt lat="46.4608369" lon="9.5875617">
        <ele>2843.9</ele>
        <time>2026-09-12T10:34:32Z</time>
        <hdop>9.2</hdop>
        <extensions>
          <osmand:speed>0.9</osmand:speed>
        </extensions>
      </trkpt>
      <trkpt lat="46.4608466" lon="9.5876">
        <ele>2844.9</ele>
        <time>2026-09-12T10:34:38Z</time>
        <hdop>8.2</hdop>
        <extensions>
          <osmand:speed>1.1</osmand:speed>
        </extensions>
      </trkpt>
      <trkpt lat="46.4608905" lon="9.5876472">
        <ele>2845.9</ele>
        <time>2026-09-12T10:34:44Z</time>
        <hdop>11.2</hdop>
        <extensions>
          <osmand:speed>0.4</osmand:speed>
        </extensions>
      </trkpt>
      <trkpt lat="46.4609104" lon="9.5876684">
        <ele>2845.9</ele>
        <time>2026-09-12T10:34:50Z</time>
        <hdop>9.7</hdop>
        <extensions>
          <osmand:speed>0.7</osmand:speed>
        </extensions>
      </trkpt>
      <trkpt lat="46.4609282" lon="9.5876625">
        <ele>2847.9</ele>
        <time>2026-09-12T10:34:56Z</time>
        <hdop>8.2</hdop>
        <extensions>
          <osmand:speed>0.5</osmand:speed>
        </extensions>
      </trkpt>
      <trkpt lat="46.460961" lon="9.5876759">
        <ele>2848.9</ele>
        <time>2026-09-12T10:35:02Z</time>
        <hdop>10.7</hdop>
        <extensions>
          <osmand:speed>0.9</osmand:speed>
        </extensions>
      </trkpt>
      <trkpt lat="46.4609955" lon="9.5876634">
        <ele>2848.9</ele>
        <time>2026-09-12T10:35:08Z</time>
        <hdop>11.2</hdop>
        <extensions>
          <osmand:speed>0.6</osmand:speed>
        </extensions>
      </trkpt>
      <trkpt lat="46.4610184" lon="9.5876675">
        <ele>2848.9</ele>
        <time>2026-09-12T10:35:14Z</time>
        <hdop>13.8</hdop>
        <extensions>
          <osmand:speed>0.2</osmand:speed>
        </extensions>
      </trkpt>
      <trkpt lat="46.4610329" lon="9.5877104">
        <ele>2849.9</ele>
        <time>2026-09-12T10:35:20Z</time>
        <hdop>9.2</hdop>
        <extensions>
          <osmand:speed>0.3</osmand:speed>
        </extensions>
      </trkpt>
      <trkpt lat="46.4610568" lon="9.5877454">
        <ele>2849.9</ele>
        <time>2026-09-12T10:35:26Z</time>
        <hdop>9.7</hdop>
        <extensions>
          <osmand:speed>0.2</osmand:speed>
        </extensions>
      </trkpt>
      <trkpt lat="46.4610957" lon="9.5877237">
        <ele>2850.9</ele>
        <time>2026-09-12T10:35:32Z</time>
        <hdop>11.2</hdop>
        <extensions>
          <osmand:speed>0.7</osmand:speed>
        </extensions>
      </trkpt>
      <trkpt lat="46.4611158" lon="9.5877466">
        <ele>2849.9</ele>
        <time>2026-09-12T10:35:38Z</time>
        <hdop>11.7</hdop>
        <extensions>
          <osmand:speed>1</osmand:speed>
        </extensions>
      </trkpt>
      <trkpt lat="46.4611523" lon="9.5877636">
        <ele>2850.9</ele>
        <time>2026-09-12T10:35:44Z</time>
        <hdop>9.2</hdop>
        <extensions>
          <osmand:speed>1</osmand:speed>
        </extensions>
      </trkpt>
      <trkpt lat="46.4611326" lon="9.5877808">
        <ele>2854.9</ele>
        <time>2026-09-12T10:36:01Z</time>
        <hdop>9.7</hdop>
        <extensions>
          <osmand:speed>0</osmand:speed>
        </extensions>
      </trkpt>
      <trkpt lat="46.4611532" lon="9.5877693">
        <ele>2853.9</ele>
        <time>2026-09-12T10:36:10Z</time>
        <hdop>8.2</hdop>
        <extensions>
          <osmand:speed>0.6</osmand:speed>
        </extensions>
      </trkpt>
      <trkpt lat="46.4611962" lon="9.5877863">
        <ele>2854.9</ele>
        <time>2026-09-12T10:36:16Z</time>
        <hdop>12.8</hdop>
        <extensions>
          <osmand:speed>0.5</osmand:speed>
        </extensions>
      </trkpt>
      <trkpt lat="46.4612526" lon="9.5878011">
        <ele>2854.9</ele>
        <time>2026-09-12T10:36:22Z</time>
        <hdop>10.2</hdop>
        <extensions>
          <osmand:speed>0.9</osmand:speed>
        </extensions>
      </trkpt>
      <trkpt lat="46.4613014" lon="9.5878311">
        <ele>2855.9</ele>
        <time>2026-09-12T10:36:28Z</time>
        <hdop>8.7</hdop>
        <extensions>
          <osmand:speed>0.9</osmand:speed>
        </extensions>
      </trkpt>
      <trkpt lat="46.4613572" lon="9.5878616">
        <ele>2855.9</ele>
        <time>2026-09-12T10:36:34Z</time>
        <hdop>8.2</hdop>
        <extensions>
          <osmand:speed>0.9</osmand:speed>
        </extensions>
      </trkpt>
      <trkpt lat="46.4614138" lon="9.5878953">
        <ele>2855.9</ele>
        <time>2026-09-12T10:36:40Z</time>
        <hdop>6.1</hdop>
        <extensions>
          <osmand:speed>1.2</osmand:speed>
        </extensions>
      </trkpt>
      <trkpt lat="46.4614634" lon="9.5879073">
        <ele>2855.9</ele>
        <time>2026-09-12T10:36:46Z</time>
        <hdop>9.7</hdop>
        <extensions>
          <osmand:speed>0.7</osmand:speed>
        </extensions>
      </trkpt>
      <trkpt lat="46.4614888" lon="9.5879446">
        <ele>2856.9</ele>
        <time>2026-09-12T10:36:52Z</time>
        <hdop>8.2</hdop>
        <extensions>
          <osmand:speed>0.6</osmand:speed>
        </extensions>
      </trkpt>
      <trkpt lat="46.4615356" lon="9.5879921">
        <ele>2856.9</ele>
        <time>2026-09-12T10:36:58Z</time>
        <hdop>10.2</hdop>
        <extensions>
          <osmand:speed>0.6</osmand:speed>
        </extensions>
      </trkpt>
      <trkpt lat="46.4615401" lon="9.5880255">
        <ele>2857.9</ele>
        <time>2026-09-12T10:37:04Z</time>
        <hdop>7.7</hdop>
        <extensions>
          <osmand:speed>0.3</osmand:speed>
        </extensions>
      </trkpt>
      <trkpt lat="46.4615604" lon="9.5880354">
        <ele>2857.9</ele>
        <time>2026-09-12T10:37:10Z</time>
        <hdop>6.6</hdop>
        <extensions>
          <osmand:speed>0.7</osmand:speed>
        </extensions>
      </trkpt>
      <trkpt lat="46.4616024" lon="9.5880726">
        <ele>2857.9</ele>
        <time>2026-09-12T10:37:16Z</time>
        <hdop>6.6</hdop>
        <extensions>
          <osmand:speed>0.9</osmand:speed>
        </extensions>
      </trkpt>
      <trkpt lat="46.4616614" lon="9.5881149">
        <ele>2857.9</ele>
        <time>2026-09-12T10:37:22Z</time>
        <hdop>7.7</hdop>
        <extensions>
          <osmand:speed>0.5</osmand:speed>
        </extensions>
      </trkpt>
      <trkpt lat="46.4617115" lon="9.5881556">
        <ele>2857.9</ele>
        <time>2026-09-12T10:37:28Z</time>
        <hdop>7.1</hdop>
        <extensions>
          <osmand:speed>0.9</osmand:speed>
        </extensions>
      </trkpt>
      <trkpt lat="46.4617584" lon="9.5882085">
        <ele>2856.9</ele>
        <time>2026-09-12T10:37:34Z</time>
        <hdop>7.7</hdop>
        <extensions>
          <osmand:speed>1.2</osmand:speed>
        </extensions>
      </trkpt>
      <trkpt lat="46.4618112" lon="9.5882273">
        <ele>2856.9</ele>
        <time>2026-09-12T10:37:40Z</time>
        <hdop>7.1</hdop>
        <extensions>
          <osmand:speed>0.4</osmand:speed>
        </extensions>
      </trkpt>
      <trkpt lat="46.4618592" lon="9.5882655">
        <ele>2855.9</ele>
        <time>2026-09-12T10:37:46Z</time>
        <hdop>7.7</hdop>
        <extensions>
          <osmand:speed>0.8</osmand:speed>
        </extensions>
      </trkpt>
      <trkpt lat="46.4618909" lon="9.5882925">
        <ele>2856.9</ele>
        <time>2026-09-12T10:37:52Z</time>
        <hdop>8.7</hdop>
        <extensions>
          <osmand:speed>0.6</osmand:speed>
        </extensions>
      </trkpt>
      <trkpt lat="46.4619136" lon="9.5883138">
        <ele>2856.9</ele>
        <time>2026-09-12T10:37:58Z</time>
        <hdop>6.6</hdop>
        <extensions>
          <osmand:speed>0.4</osmand:speed>
        </extensions>
      </trkpt>
      <trkpt lat="46.4619413" lon="9.5883422">
        <ele>2857.9</ele>
        <time>2026-09-12T10:38:04Z</time>
        <hdop>7.1</hdop>
        <extensions>
          <osmand:speed>0.1</osmand:speed>
        </extensions>
      </trkpt>
      <trkpt lat="46.4619626" lon="9.588347">
        <ele>2854.9</ele>
        <time>2026-09-12T10:38:33Z</time>
        <hdop>7.7</hdop>
        <extensions>
          <osmand:speed>0.3</osmand:speed>
        </extensions>
      </trkpt>
      <trkpt lat="46.461971" lon="9.5883729">
        <ele>2855.9</ele>
        <time>2026-09-12T10:38:42Z</time>
        <hdop>7.7</hdop>
        <extensions>
          <osmand:speed>0.3</osmand:speed>
        </extensions>
      </trkpt>
      <trkpt lat="46.4620007" lon="9.5883751">
        <ele>2854.9</ele>
        <time>2026-09-12T10:38:48Z</time>
        <hdop>6.1</hdop>
        <extensions>
          <osmand:speed>0.4</osmand:speed>
        </extensions>
      </trkpt>
      <trkpt lat="46.4620383" lon="9.5884051">
        <ele>2853.9</ele>
        <time>2026-09-12T10:38:54Z</time>
        <hdop>5.1</hdop>
        <extensions>
          <osmand:speed>1</osmand:speed>
        </extensions>
      </trkpt>
      <trkpt lat="46.4620902" lon="9.5884318">
        <ele>2853.9</ele>
        <time>2026-09-12T10:39:00Z</time>
        <hdop>5.6</hdop>
        <extensions>
          <osmand:speed>1</osmand:speed>
        </extensions>
      </trkpt>
      <trkpt lat="46.4621483" lon="9.5884518">
        <ele>2853.9</ele>
        <time>2026-09-12T10:39:06Z</time>
        <hdop>6.1</hdop>
        <extensions>
          <osmand:speed>0.8</osmand:speed>
        </extensions>
      </trkpt>
      <trkpt lat="46.4622032" lon="9.5884915">
        <ele>2852.9</ele>
        <time>2026-09-12T10:39:12Z</time>
        <hdop>6.1</hdop>
        <extensions>
          <osmand:speed>1.1</osmand:speed>
        </extensions>
      </trkpt>
      <trkpt lat="46.462219" lon="9.5885304">
        <ele>2850.9</ele>
        <time>2026-09-12T10:39:18Z</time>
        <hdop>6.6</hdop>
        <extensions>
          <osmand:speed>0.8</osmand:speed>
        </extensions>
      </trkpt>
      <trkpt lat="46.4622514" lon="9.5885646">
        <ele>2850.9</ele>
        <time>2026-09-12T10:39:24Z</time>
        <hdop>5.6</hdop>
        <extensions>
          <osmand:speed>1.1</osmand:speed>
        </extensions>
      </trkpt>
      <trkpt lat="46.4622939" lon="9.588621">
        <ele>2850.9</ele>
        <time>2026-09-12T10:39:30Z</time>
        <hdop>6.6</hdop>
        <extensions>
          <osmand:speed>0.6</osmand:speed>
        </extensions>
      </trkpt>
      <trkpt lat="46.4623196" lon="9.588657">
        <ele>2849.9</ele>
        <time>2026-09-12T10:39:36Z</time>
        <hdop>6.6</hdop>
        <extensions>
          <osmand:speed>0.9</osmand:speed>
        </extensions>
      </trkpt>
      <trkpt lat="46.4623352" lon="9.5887044">
        <ele>2849.9</ele>
        <time>2026-09-12T10:39:42Z</time>
        <hdop>7.1</hdop>
        <extensions>
          <osmand:speed>0.6</osmand:speed>
        </extensions>
      </trkpt>
      <trkpt lat="46.462359" lon="9.5887444">
        <ele>2848.9</ele>
        <time>2026-09-12T10:39:48Z</time>
        <hdop>9.7</hdop>
        <extensions>
          <osmand:speed>1</osmand:speed>
        </extensions>
      </trkpt>
      <trkpt lat="46.4623901" lon="9.5887951">
        <ele>2847.9</ele>
        <time>2026-09-12T10:39:54Z</time>
        <hdop>7.7</hdop>
        <extensions>
          <osmand:speed>0.7</osmand:speed>
        </extensions>
      </trkpt>
      <trkpt lat="46.4624106" lon="9.5888424">
        <ele>2845.9</ele>
        <time>2026-09-12T10:40:00Z</time>
        <hdop>6.6</hdop>
        <extensions>
          <osmand:speed>0.8</osmand:speed>
        </extensions>
      </trkpt>
      <trkpt lat="46.4624396" lon="9.5888816">
        <ele>2843.9</ele>
        <time>2026-09-12T10:40:06Z</time>
        <hdop>5.6</hdop>
        <extensions>
          <osmand:speed>0.7</osmand:speed>
        </extensions>
      </trkpt>
      <trkpt lat="46.4624562" lon="9.5889276">
        <ele>2842.9</ele>
        <time>2026-09-12T10:40:12Z</time>
        <hdop>5.1</hdop>
        <extensions>
          <osmand:speed>0.6</osmand:speed>
        </extensions>
      </trkpt>
      <trkpt lat="46.4624869" lon="9.5889756">
        <ele>2840.9</ele>
        <time>2026-09-12T10:40:18Z</time>
        <hdop>5.6</hdop>
        <extensions>
          <osmand:speed>1</osmand:speed>
        </extensions>
      </trkpt>
      <trkpt lat="46.4625267" lon="9.5890301">
        <ele>2839.9</ele>
        <time>2026-09-12T10:40:24Z</time>
        <hdop>5.6</hdop>
        <extensions>
          <osmand:speed>1.2</osmand:speed>
        </extensions>
      </trkpt>
      <trkpt lat="46.4625537" lon="9.5891036">
        <ele>2838.9</ele>
        <time>2026-09-12T10:40:30Z</time>
        <hdop>7.7</hdop>
        <extensions>
          <osmand:speed>0.9</osmand:speed>
        </extensions>
      </trkpt>
      <trkpt lat="46.4625693" lon="9.5891511">
        <ele>2837.9</ele>
        <time>2026-09-12T10:40:36Z</time>
        <hdop>8.2</hdop>
        <extensions>
          <osmand:speed>0.8</osmand:speed>
        </extensions>
      </trkpt>
      <trkpt lat="46.4626223" lon="9.5891838">
        <ele>2837.9</ele>
        <time>2026-09-12T10:40:42Z</time>
        <hdop>9.2</hdop>
        <extensions>
          <osmand:speed>0.9</osmand:speed>
        </extensions>
      </trkpt>
      <trkpt lat="46.4626758" lon="9.5892407">
        <ele>2837.9</ele>
        <time>2026-09-12T10:40:48Z</time>
        <hdop>8.7</hdop>
        <extensions>
          <osmand:speed>0.8</osmand:speed>
        </extensions>
      </trkpt>
      <trkpt lat="46.4627376" lon="9.5892996">
        <ele>2836.9</ele>
        <time>2026-09-12T10:40:54Z</time>
        <hdop>8.2</hdop>
        <extensions>
          <osmand:speed>1.5</osmand:speed>
        </extensions>
      </trkpt>
      <trkpt lat="46.4627704" lon="9.5893656">
        <ele>2835.9</ele>
        <time>2026-09-12T10:41:00Z</time>
        <hdop>10.2</hdop>
        <extensions>
          <osmand:speed>1</osmand:speed>
        </extensions>
      </trkpt>
      <trkpt lat="46.4628211" lon="9.5894075">
        <ele>2835.9</ele>
        <time>2026-09-12T10:41:06Z</time>
        <hdop>9.7</hdop>
        <extensions>
          <osmand:speed>0.9</osmand:speed>
        </extensions>
      </trkpt>
      <trkpt lat="46.46283" lon="9.5894436">
        <ele>2835.9</ele>
        <time>2026-09-12T10:41:12Z</time>
        <hdop>5.1</hdop>
      </trkpt>
      <trkpt lat="46.4628454" lon="9.589422">
        <ele>2834.9</ele>
        <time>2026-09-12T10:41:25Z</time>
        <hdop>7.1</hdop>
        <extensions>
          <osmand:speed>1.1</osmand:speed>
        </extensions>
      </trkpt>
      <trkpt lat="46.4629043" lon="9.5894219">
        <ele>2833.9</ele>
        <time>2026-09-12T10:41:31Z</time>
        <hdop>7.1</hdop>
        <extensions>
          <osmand:speed>0.6</osmand:speed>
        </extensions>
      </trkpt>
      <trkpt lat="46.4629151" lon="9.5893989">
        <ele>2833.9</ele>
        <time>2026-09-12T10:41:50Z</time>
        <hdop>7.7</hdop>
        <extensions>
          <osmand:speed>1.1</osmand:speed>
        </extensions>
      </trkpt>
      <trkpt lat="46.4629728" lon="9.5893568">
        <ele>2832.9</ele>
        <time>2026-09-12T10:41:56Z</time>
        <hdop>9.2</hdop>
        <extensions>
          <osmand:speed>1.2</osmand:speed>
        </extensions>
      </trkpt>
      <trkpt lat="46.4629966" lon="9.5893813">
        <ele>2832.9</ele>
        <time>2026-09-12T10:42:02Z</time>
        <hdop>8.7</hdop>
        <extensions>
          <osmand:speed>0.7</osmand:speed>
        </extensions>
      </trkpt>
      <trkpt lat="46.4629694" lon="9.5894185">
        <ele>2828.9</ele>
        <time>2026-09-12T10:42:08Z</time>
        <hdop>11.2</hdop>
        <extensions>
          <osmand:speed>1.2</osmand:speed>
        </extensions>
      </trkpt>
      <trkpt lat="46.4629856" lon="9.5893968">
        <ele>2831.9</ele>
        <time>2026-09-12T10:42:14Z</time>
        <hdop>7.1</hdop>
        <extensions>
          <osmand:speed>0.3</osmand:speed>
        </extensions>
      </trkpt>
      <trkpt lat="46.462988" lon="9.5893658">
        <ele>2832.9</ele>
        <time>2026-09-12T10:42:24Z</time>
        <hdop>4.1</hdop>
        <extensions>
          <osmand:speed>0.9</osmand:speed>
        </extensions>
      </trkpt>
      <trkpt lat="46.4630114" lon="9.5893484">
        <ele>2835.9</ele>
        <time>2026-09-12T10:43:47Z</time>
        <hdop>3.6</hdop>
        <extensions>
          <osmand:speed>0.8</osmand:speed>
        </extensions>
      </trkpt>
      <trkpt lat="46.4630353" lon="9.5893019">
        <ele>2834.9</ele>
        <time>2026-09-12T10:43:53Z</time>
        <hdop>4.6</hdop>
        <extensions>
          <osmand:speed>4.5</osmand:speed>
        </extensions>
      </trkpt>
      <trkpt lat="46.463073" lon="9.5892763">
        <ele>2834.9</ele>
        <time>2026-09-12T10:43:59Z</time>
        <hdop>7.7</hdop>
        <extensions>
          <osmand:speed>0.6</osmand:speed>
        </extensions>
      </trkpt>
      <trkpt lat="46.4631458" lon="9.5892758">
        <ele>2833.9</ele>
        <time>2026-09-12T10:44:05Z</time>
        <hdop>6.6</hdop>
        <extensions>
          <osmand:speed>1.1</osmand:speed>
        </extensions>
      </trkpt>
      <trkpt lat="46.4632111" lon="9.5893058">
        <ele>2832.9</ele>
        <time>2026-09-12T10:44:11Z</time>
        <hdop>7.7</hdop>
        <extensions>
          <osmand:speed>1.1</osmand:speed>
        </extensions>
      </trkpt>
      <trkpt lat="46.4632698" lon="9.5893113">
        <ele>2831.9</ele>
        <time>2026-09-12T10:44:17Z</time>
        <hdop>8.2</hdop>
        <extensions>
          <osmand:speed>1.2</osmand:speed>
        </extensions>
      </trkpt>
      <trkpt lat="46.4633375" lon="9.5893534">
        <ele>2831.9</ele>
        <time>2026-09-12T10:44:23Z</time>
        <hdop>8.7</hdop>
        <extensions>
          <osmand:speed>1.1</osmand:speed>
        </extensions>
      </trkpt>
      <trkpt lat="46.4634023" lon="9.5893614">
        <ele>2829.9</ele>
        <time>2026-09-12T10:44:29Z</time>
        <hdop>7.1</hdop>
        <extensions>
          <osmand:speed>0.9</osmand:speed>
        </extensions>
      </trkpt>
      <trkpt lat="46.463453" lon="9.5893621">
        <ele>2827.9</ele>
        <time>2026-09-12T10:44:35Z</time>
        <hdop>8.2</hdop>
        <extensions>
          <osmand:speed>1.4</osmand:speed>
        </extensions>
      </trkpt>
      <trkpt lat="46.463515" lon="9.5893996">
        <ele>2827.9</ele>
        <time>2026-09-12T10:44:41Z</time>
        <hdop>7.1</hdop>
        <extensions>
          <osmand:speed>1.3</osmand:speed>
        </extensions>
      </trkpt>
      <trkpt lat="46.4635834" lon="9.5894357">
        <ele>2826.9</ele>
        <time>2026-09-12T10:44:47Z</time>
        <hdop>8.7</hdop>
        <extensions>
          <osmand:speed>1.5</osmand:speed>
        </extensions>
      </trkpt>
      <trkpt lat="46.4636426" lon="9.5894416">
        <ele>2825.9</ele>
        <time>2026-09-12T10:44:53Z</time>
        <hdop>8.7</hdop>
        <extensions>
          <osmand:speed>1.3</osmand:speed>
        </extensions>
      </trkpt>
      <trkpt lat="46.4637143" lon="9.5894411">
        <ele>2824.9</ele>
        <time>2026-09-12T10:44:59Z</time>
        <hdop>8.2</hdop>
        <extensions>
          <osmand:speed>1.3</osmand:speed>
        </extensions>
      </trkpt>
      <trkpt lat="46.4637713" lon="9.5894365">
        <ele>2823.9</ele>
        <time>2026-09-12T10:45:05Z</time>
        <hdop>8.2</hdop>
        <extensions>
          <osmand:speed>1</osmand:speed>
        </extensions>
      </trkpt>
      <trkpt lat="46.4638133" lon="9.5894141">
        <ele>2821.9</ele>
        <time>2026-09-12T10:45:11Z</time>
        <hdop>5.6</hdop>
        <extensions>
          <osmand:speed>0.8</osmand:speed>
        </extensions>
      </trkpt>
      <trkpt lat="46.4638721" lon="9.5894218">
        <ele>2821.9</ele>
        <time>2026-09-12T10:45:17Z</time>
        <hdop>6.6</hdop>
        <extensions>
          <osmand:speed>1.1</osmand:speed>
        </extensions>
      </trkpt>
      <trkpt lat="46.4639234" lon="9.5894149">
        <ele>2819.9</ele>
        <time>2026-09-12T10:45:23Z</time>
        <hdop>6.6</hdop>
        <extensions>
          <osmand:speed>1.4</osmand:speed>
        </extensions>
      </trkpt>
      <trkpt lat="46.4639783" lon="9.5894091">
        <ele>2818.9</ele>
        <time>2026-09-12T10:45:29Z</time>
        <hdop>6.6</hdop>
        <extensions>
          <osmand:speed>0.8</osmand:speed>
        </extensions>
      </trkpt>
      <trkpt lat="46.4640344" lon="9.5894061">
        <ele>2817.9</ele>
        <time>2026-09-12T10:45:35Z</time>
        <hdop>9.7</hdop>
        <extensions>
          <osmand:speed>1.3</osmand:speed>
        </extensions>
      </trkpt>
      <trkpt lat="46.4640762" lon="9.589404">
        <ele>2816.9</ele>
        <time>2026-09-12T10:45:41Z</time>
        <hdop>7.1</hdop>
        <extensions>
          <osmand:speed>0.8</osmand:speed>
        </extensions>
      </trkpt>
      <trkpt lat="46.4641146" lon="9.5893453">
        <ele>2816.9</ele>
        <time>2026-09-12T10:45:47Z</time>
        <hdop>6.6</hdop>
        <extensions>
          <osmand:speed>0.8</osmand:speed>
        </extensions>
      </trkpt>
      <trkpt lat="46.4641799" lon="9.5893012">
        <ele>2814.9</ele>
        <time>2026-09-12T10:45:53Z</time>
        <hdop>7.1</hdop>
        <extensions>
          <osmand:speed>1.4</osmand:speed>
        </extensions>
      </trkpt>
      <trkpt lat="46.4642539" lon="9.5893193">
        <ele>2815.9</ele>
        <time>2026-09-12T10:45:59Z</time>
        <hdop>6.6</hdop>
        <extensions>
          <osmand:speed>1</osmand:speed>
        </extensions>
      </trkpt>
      <trkpt lat="46.4642849" lon="9.5892924">
        <ele>2814.9</ele>
        <time>2026-09-12T10:46:05Z</time>
        <hdop>5.1</hdop>
        <extensions>
          <osmand:speed>1.1</osmand:speed>
        </extensions>
      </trkpt>
      <trkpt lat="46.4643322" lon="9.5892969">
        <ele>2812.9</ele>
        <time>2026-09-12T10:46:11Z</time>
        <hdop>7.1</hdop>
        <extensions>
          <osmand:speed>1.2</osmand:speed>
        </extensions>
      </trkpt>
      <trkpt lat="46.4643809" lon="9.5892682">
        <ele>2811.9</ele>
        <time>2026-09-12T10:46:17Z</time>
        <hdop>9.2</hdop>
        <extensions>
          <osmand:speed>0.7</osmand:speed>
        </extensions>
      </trkpt>
      <trkpt lat="46.4644399" lon="9.5892386">
        <ele>2810.9</ele>
        <time>2026-09-12T10:46:23Z</time>
        <hdop>6.6</hdop>
        <extensions>
          <osmand:speed>1</osmand:speed>
        </extensions>
      </trkpt>
      <trkpt lat="46.4644872" lon="9.5892208">
        <ele>2809.9</ele>
        <time>2026-09-12T10:46:29Z</time>
        <hdop>8.2</hdop>
        <extensions>
          <osmand:speed>1.1</osmand:speed>
        </extensions>
      </trkpt>
      <trkpt lat="46.4645366" lon="9.5891923">
        <ele>2808.9</ele>
        <time>2026-09-12T10:46:35Z</time>
        <hdop>10.2</hdop>
        <extensions>
          <osmand:speed>1</osmand:speed>
        </extensions>
      </trkpt>
      <trkpt lat="46.4645929" lon="9.5892064">
        <ele>2807.9</ele>
        <time>2026-09-12T10:46:41Z</time>
        <hdop>6.6</hdop>
        <extensions>
          <osmand:speed>1.1</osmand:speed>
        </extensions>
      </trkpt>
      <trkpt lat="46.4646499" lon="9.589224">
        <ele>2807.9</ele>
        <time>2026-09-12T10:46:47Z</time>
        <hdop>7.7</hdop>
        <extensions>
          <osmand:speed>0.8</osmand:speed>
        </extensions>
      </trkpt>
      <trkpt lat="46.4646823" lon="9.5892369">
        <ele>2805.9</ele>
        <time>2026-09-12T10:46:53Z</time>
        <hdop>6.6</hdop>
        <extensions>
          <osmand:speed>0.8</osmand:speed>
        </extensions>
      </trkpt>
      <trkpt lat="46.4647161" lon="9.589198">
        <ele>2806.9</ele>
        <time>2026-09-12T10:46:59Z</time>
        <hdop>6.6</hdop>
        <extensions>
          <osmand:speed>0.8</osmand:speed>
        </extensions>
      </trkpt>
      <trkpt lat="46.4647625" lon="9.589194">
        <ele>2804.9</ele>
        <time>2026-09-12T10:47:05Z</time>
        <hdop>7.1</hdop>
        <extensions>
          <osmand:speed>0.8</osmand:speed>
        </extensions>
      </trkpt>
      <trkpt lat="46.4648122" lon="9.5891908">
        <ele>2801.9</ele>
        <time>2026-09-12T10:47:11Z</time>
        <hdop>6.6</hdop>
        <extensions>
          <osmand:speed>0.5</osmand:speed>
        </extensions>
      </trkpt>
      <trkpt lat="46.4648406" lon="9.589169">
        <ele>2800.9</ele>
        <time>2026-09-12T10:47:17Z</time>
        <hdop>6.1</hdop>
        <extensions>
          <osmand:speed>0.8</osmand:speed>
        </extensions>
      </trkpt>
      <trkpt lat="46.4648566" lon="9.5891475">
        <ele>2799.9</ele>
        <time>2026-09-12T10:47:23Z</time>
        <hdop>6.1</hdop>
        <extensions>
          <osmand:speed>0.6</osmand:speed>
        </extensions>
      </trkpt>
      <trkpt lat="46.4648882" lon="9.5891403">
        <ele>2797.9</ele>
        <time>2026-09-12T10:47:29Z</time>
        <hdop>6.6</hdop>
        <extensions>
          <osmand:speed>0.5</osmand:speed>
        </extensions>
      </trkpt>
      <trkpt lat="46.4649079" lon="9.5891349">
        <ele>2797.9</ele>
        <time>2026-09-12T10:47:46Z</time>
        <hdop>7.1</hdop>
        <extensions>
          <osmand:speed>0.5</osmand:speed>
        </extensions>
      </trkpt>
      <trkpt lat="46.4649251" lon="9.5891428">
        <ele>2796.9</ele>
        <time>2026-09-12T10:47:56Z</time>
        <hdop>8.2</hdop>
        <extensions>
          <osmand:speed>0.5</osmand:speed>
        </extensions>
      </trkpt>
      <trkpt lat="46.4649339" lon="9.589119">
        <ele>2798.9</ele>
        <time>2026-09-12T10:48:25Z</time>
        <hdop>8.7</hdop>
        <extensions>
          <osmand:speed>0.7</osmand:speed>
        </extensions>
      </trkpt>
      <trkpt lat="46.4649786" lon="9.5891283">
        <ele>2796.9</ele>
        <time>2026-09-12T10:48:31Z</time>
        <hdop>8.2</hdop>
        <extensions>
          <osmand:speed>0.8</osmand:speed>
        </extensions>
      </trkpt>
      <trkpt lat="46.4650175" lon="9.5891543">
        <ele>2795.9</ele>
        <time>2026-09-12T10:48:37Z</time>
        <hdop>8.2</hdop>
        <extensions>
          <osmand:speed>0.9</osmand:speed>
        </extensions>
      </trkpt>
      <trkpt lat="46.4650453" lon="9.5891953">
        <ele>2794.9</ele>
        <time>2026-09-12T10:48:43Z</time>
        <hdop>9.2</hdop>
        <extensions>
          <osmand:speed>0.6</osmand:speed>
        </extensions>
      </trkpt>
      <trkpt lat="46.4650841" lon="9.5892124">
        <ele>2793.9</ele>
        <time>2026-09-12T10:48:49Z</time>
        <hdop>9.7</hdop>
        <extensions>
          <osmand:speed>1.1</osmand:speed>
        </extensions>
      </trkpt>
      <trkpt lat="46.4651291" lon="9.5892201">
        <ele>2792.9</ele>
        <time>2026-09-12T10:48:55Z</time>
        <hdop>9.2</hdop>
        <extensions>
          <osmand:speed>1.6</osmand:speed>
        </extensions>
      </trkpt>
      <trkpt lat="46.4651778" lon="9.5892385">
        <ele>2791.9</ele>
        <time>2026-09-12T10:49:01Z</time>
        <hdop>8.2</hdop>
        <extensions>
          <osmand:speed>1.2</osmand:speed>
        </extensions>
      </trkpt>
      <trkpt lat="46.4651982" lon="9.5892328">
        <ele>2790.9</ele>
        <time>2026-09-12T10:49:07Z</time>
        <hdop>6.6</hdop>
        <extensions>
          <osmand:speed>0.9</osmand:speed>
        </extensions>
      </trkpt>
      <trkpt lat="46.4652366" lon="9.5891966">
        <ele>2788.9</ele>
        <time>2026-09-12T10:49:13Z</time>
        <hdop>6.6</hdop>
        <extensions>
          <osmand:speed>0.6</osmand:speed>
        </extensions>
      </trkpt>
      <trkpt lat="46.4652378" lon="9.589162">
        <ele>2786.9</ele>
        <time>2026-09-12T10:49:19Z</time>
        <hdop>6.1</hdop>
        <extensions>
          <osmand:speed>0.4</osmand:speed>
        </extensions>
      </trkpt>
      <trkpt lat="46.465273" lon="9.5891743">
        <ele>2785.9</ele>
        <time>2026-09-12T10:49:25Z</time>
        <hdop>7.1</hdop>
        <extensions>
          <osmand:speed>0.9</osmand:speed>
        </extensions>
      </trkpt>
      <trkpt lat="46.4653117" lon="9.5891666">
        <ele>2784.9</ele>
        <time>2026-09-12T10:49:31Z</time>
        <hdop>6.1</hdop>
        <extensions>
          <osmand:speed>0.9</osmand:speed>
        </extensions>
      </trkpt>
      <trkpt lat="46.4653549" lon="9.5891841">
        <ele>2782.9</ele>
        <time>2026-09-12T10:49:37Z</time>
        <hdop>8.7</hdop>
        <extensions>
          <osmand:speed>0.6</osmand:speed>
        </extensions>
      </trkpt>
      <trkpt lat="46.4653738" lon="9.5891723">
        <ele>2780.9</ele>
        <time>2026-09-12T10:49:44Z</time>
        <hdop>6.1</hdop>
        <extensions>
          <osmand:speed>0.9</osmand:speed>
        </extensions>
      </trkpt>
      <trkpt lat="46.4654001" lon="9.5891363">
        <ele>2779.9</ele>
        <time>2026-09-12T10:49:50Z</time>
        <hdop>7.1</hdop>
        <extensions>
          <osmand:speed>1.1</osmand:speed>
        </extensions>
      </trkpt>
      <trkpt lat="46.465453" lon="9.5891146">
        <ele>2777.9</ele>
        <time>2026-09-12T10:49:56Z</time>
        <hdop>6.6</hdop>
        <extensions>
          <osmand:speed>0.8</osmand:speed>
        </extensions>
      </trkpt>
      <trkpt lat="46.4655101" lon="9.5891214">
        <ele>2775.9</ele>
        <time>2026-09-12T10:50:02Z</time>
        <hdop>7.7</hdop>
        <extensions>
          <osmand:speed>0.7</osmand:speed>
        </extensions>
      </trkpt>
      <trkpt lat="46.4655536" lon="9.5891348">
        <ele>2774.9</ele>
        <time>2026-09-12T10:50:08Z</time>
        <hdop>8.2</hdop>
        <extensions>
          <osmand:speed>0.9</osmand:speed>
        </extensions>
      </trkpt>
      <trkpt lat="46.4655827" lon="9.5891329">
        <ele>2771.9</ele>
        <time>2026-09-12T10:50:14Z</time>
        <hdop>7.7</hdop>
        <extensions>
          <osmand:speed>0.9</osmand:speed>
        </extensions>
      </trkpt>
      <trkpt lat="46.4656209" lon="9.5890926">
        <ele>2770.9</ele>
        <time>2026-09-12T10:50:20Z</time>
        <hdop>8.2</hdop>
        <extensions>
          <osmand:speed>0.2</osmand:speed>
        </extensions>
      </trkpt>
      <trkpt lat="46.4656626" lon="9.5890826">
        <ele>2769.9</ele>
        <time>2026-09-12T10:50:26Z</time>
        <hdop>8.2</hdop>
        <extensions>
          <osmand:speed>0.8</osmand:speed>
        </extensions>
      </trkpt>
      <trkpt lat="46.4657075" lon="9.5890748">
        <ele>2770.9</ele>
        <time>2026-09-12T10:50:32Z</time>
        <hdop>7.1</hdop>
        <extensions>
          <osmand:speed>1.3</osmand:speed>
        </extensions>
      </trkpt>
      <trkpt lat="46.465741" lon="9.5890835">
        <ele>2766.9</ele>
        <time>2026-09-12T10:50:38Z</time>
        <hdop>7.7</hdop>
        <extensions>
          <osmand:speed>0.6</osmand:speed>
        </extensions>
      </trkpt>
      <trkpt lat="46.4657748" lon="9.5890956">
        <ele>2766.9</ele>
        <time>2026-09-12T10:50:44Z</time>
        <hdop>7.7</hdop>
        <extensions>
          <osmand:speed>0.4</osmand:speed>
        </extensions>
      </trkpt>
      <trkpt lat="46.4657871" lon="9.5890663">
        <ele>2764.9</ele>
        <time>2026-09-12T10:51:11Z</time>
        <hdop>8.2</hdop>
        <extensions>
          <osmand:speed>0.6</osmand:speed>
        </extensions>
      </trkpt>
      <trkpt lat="46.4658311" lon="9.5890732">
        <ele>2763.9</ele>
        <time>2026-09-12T10:51:17Z</time>
        <hdop>6.6</hdop>
        <extensions>
          <osmand:speed>0.5</osmand:speed>
        </extensions>
      </trkpt>
      <trkpt lat="46.4658607" lon="9.5890706">
        <ele>2763.9</ele>
        <time>2026-09-12T10:51:23Z</time>
        <hdop>8.2</hdop>
        <extensions>
          <osmand:speed>0.9</osmand:speed>
        </extensions>
      </trkpt>
      <trkpt lat="46.4658951" lon="9.5890733">
        <ele>2762.9</ele>
        <time>2026-09-12T10:51:29Z</time>
        <hdop>8.7</hdop>
        <extensions>
          <osmand:speed>0.8</osmand:speed>
        </extensions>
      </trkpt>
      <trkpt lat="46.4659211" lon="9.5891193">
        <ele>2762.9</ele>
        <time>2026-09-12T10:51:35Z</time>
        <hdop>8.2</hdop>
        <extensions>
          <osmand:speed>0.8</osmand:speed>
        </extensions>
      </trkpt>
      <trkpt lat="46.4659543" lon="9.5891113">
        <ele>2761.9</ele>
        <time>2026-09-12T10:51:41Z</time>
        <hdop>7.7</hdop>
        <extensions>
          <osmand:speed>0.8</osmand:speed>
        </extensions>
      </trkpt>
      <trkpt lat="46.4660035" lon="9.5891033">
        <ele>2757.9</ele>
        <time>2026-09-12T10:51:47Z</time>
        <hdop>6.1</hdop>
        <extensions>
          <osmand:speed>1</osmand:speed>
        </extensions>
      </trkpt>
      <trkpt lat="46.4660424" lon="9.5891028">
        <ele>2756.9</ele>
        <time>2026-09-12T10:51:53Z</time>
        <hdop>7.7</hdop>
        <extensions>
          <osmand:speed>0.5</osmand:speed>
        </extensions>
      </trkpt>
      <trkpt lat="46.4660705" lon="9.5890917">
        <ele>2754.9</ele>
        <time>2026-09-12T10:51:59Z</time>
        <hdop>8.7</hdop>
        <extensions>
          <osmand:speed>0.9</osmand:speed>
        </extensions>
      </trkpt>
      <trkpt lat="46.4661027" lon="9.5890692">
        <ele>2752.9</ele>
        <time>2026-09-12T10:52:05Z</time>
        <hdop>9.7</hdop>
        <extensions>
          <osmand:speed>0.9</osmand:speed>
        </extensions>
      </trkpt>
      <trkpt lat="46.4661367" lon="9.5890183">
        <ele>2753.9</ele>
        <time>2026-09-12T10:52:11Z</time>
        <hdop>6.6</hdop>
        <extensions>
          <osmand:speed>1</osmand:speed>
        </extensions>
      </trkpt>
      <trkpt lat="46.4661863" lon="9.5890248">
        <ele>2752.9</ele>
        <time>2026-09-12T10:52:17Z</time>
        <hdop>7.7</hdop>
        <extensions>
          <osmand:speed>1</osmand:speed>
        </extensions>
      </trkpt>
      <trkpt lat="46.4662341" lon="9.5889887">
        <ele>2750.9</ele>
        <time>2026-09-12T10:52:23Z</time>
        <hdop>7.1</hdop>
        <extensions>
          <osmand:speed>1.1</osmand:speed>
        </extensions>
      </trkpt>
      <trkpt lat="46.4662951" lon="9.5889842">
        <ele>2748.9</ele>
        <time>2026-09-12T10:52:29Z</time>
        <hdop>7.1</hdop>
        <extensions>
          <osmand:speed>1.1</osmand:speed>
        </extensions>
      </trkpt>
      <trkpt lat="46.4663282" lon="9.5889581">
        <ele>2745.9</ele>
        <time>2026-09-12T10:52:35Z</time>
        <hdop>7.7</hdop>
        <extensions>
          <osmand:speed>0.8</osmand:speed>
        </extensions>
      </trkpt>
      <trkpt lat="46.4663207" lon="9.5889299">
        <ele>2744.9</ele>
        <time>2026-09-12T10:52:45Z</time>
        <hdop>9.7</hdop>
        <extensions>
          <osmand:speed>0.2</osmand:speed>
        </extensions>
      </trkpt>
      <trkpt lat="46.4663394" lon="9.5888867">
        <ele>2741.9</ele>
        <time>2026-09-12T10:52:51Z</time>
        <hdop>9.7</hdop>
        <extensions>
          <osmand:speed>0.8</osmand:speed>
        </extensions>
      </trkpt>
      <trkpt lat="46.4663832" lon="9.588845">
        <ele>2742.9</ele>
        <time>2026-09-12T10:52:57Z</time>
        <hdop>10.2</hdop>
        <extensions>
          <osmand:speed>0.8</osmand:speed>
        </extensions>
      </trkpt>
      <trkpt lat="46.4664372" lon="9.5888301">
        <ele>2742.9</ele>
        <time>2026-09-12T10:53:03Z</time>
        <hdop>9.7</hdop>
        <extensions>
          <osmand:speed>0.9</osmand:speed>
        </extensions>
      </trkpt>
      <trkpt lat="46.4664894" lon="9.5887643">
        <ele>2742.9</ele>
        <time>2026-09-12T10:53:09Z</time>
        <hdop>9.7</hdop>
        <extensions>
          <osmand:speed>1.2</osmand:speed>
        </extensions>
      </trkpt>
      <trkpt lat="46.4665484" lon="9.5887717">
        <ele>2742.9</ele>
        <time>2026-09-12T10:53:15Z</time>
        <hdop>9.7</hdop>
        <extensions>
          <osmand:speed>0.8</osmand:speed>
        </extensions>
      </trkpt>
      <trkpt lat="46.4666191" lon="9.5887996">
        <ele>2740.9</ele>
        <time>2026-09-12T10:53:21Z</time>
        <hdop>7.7</hdop>
        <extensions>
          <osmand:speed>0.9</osmand:speed>
        </extensions>
      </trkpt>
      <trkpt lat="46.4666772" lon="9.5888081">
        <ele>2740.9</ele>
        <time>2026-09-12T10:53:27Z</time>
        <hdop>8.7</hdop>
        <extensions>
          <osmand:speed>0.9</osmand:speed>
        </extensions>
      </trkpt>
      <trkpt lat="46.4667222" lon="9.5887652">
        <ele>2740.9</ele>
        <time>2026-09-12T10:53:33Z</time>
        <hdop>10.2</hdop>
        <extensions>
          <osmand:speed>1.2</osmand:speed>
        </extensions>
      </trkpt>
      <trkpt lat="46.4667833" lon="9.5887541">
        <ele>2738.9</ele>
        <time>2026-09-12T10:53:39Z</time>
        <hdop>6.6</hdop>
        <extensions>
          <osmand:speed>1</osmand:speed>
        </extensions>
      </trkpt>
      <trkpt lat="46.4668455" lon="9.5887123">
        <ele>2736.9</ele>
        <time>2026-09-12T10:53:45Z</time>
        <hdop>6.6</hdop>
        <extensions>
          <osmand:speed>1.1</osmand:speed>
        </extensions>
      </trkpt>
      <trkpt lat="46.4669047" lon="9.5887048">
        <ele>2735.9</ele>
        <time>2026-09-12T10:53:51Z</time>
        <hdop>8.2</hdop>
        <extensions>
          <osmand:speed>1.1</osmand:speed>
        </extensions>
      </trkpt>
      <trkpt lat="46.4669547" lon="9.5887065">
        <ele>2734.9</ele>
        <time>2026-09-12T10:53:57Z</time>
        <hdop>6.6</hdop>
        <extensions>
          <osmand:speed>1.2</osmand:speed>
        </extensions>
      </trkpt>
      <trkpt lat="46.466993" lon="9.5886861">
        <ele>2733.9</ele>
        <time>2026-09-12T10:54:03Z</time>
        <hdop>6.6</hdop>
        <extensions>
          <osmand:speed>0.8</osmand:speed>
        </extensions>
      </trkpt>
      <trkpt lat="46.4670349" lon="9.5886683">
        <ele>2733.9</ele>
        <time>2026-09-12T10:54:09Z</time>
        <hdop>6.6</hdop>
        <extensions>
          <osmand:speed>1.6</osmand:speed>
        </extensions>
      </trkpt>
      <trkpt lat="46.4670758" lon="9.5886459">
        <ele>2734.9</ele>
        <time>2026-09-12T10:54:15Z</time>
        <hdop>6.6</hdop>
        <extensions>
          <osmand:speed>0.7</osmand:speed>
        </extensions>
      </trkpt>
      <trkpt lat="46.4671115" lon="9.5886497">
        <ele>2733.9</ele>
        <time>2026-09-12T10:54:21Z</time>
        <hdop>7.1</hdop>
        <extensions>
          <osmand:speed>0.7</osmand:speed>
        </extensions>
      </trkpt>
      <trkpt lat="46.4671488" lon="9.5886576">
        <ele>2731.9</ele>
        <time>2026-09-12T10:54:27Z</time>
        <hdop>6.1</hdop>
        <extensions>
          <osmand:speed>0.8</osmand:speed>
        </extensions>
      </trkpt>
      <trkpt lat="46.4671991" lon="9.5886715">
        <ele>2730.9</ele>
        <time>2026-09-12T10:54:33Z</time>
        <hdop>7.1</hdop>
        <extensions>
          <osmand:speed>0.8</osmand:speed>
        </extensions>
      </trkpt>
      <trkpt lat="46.4672533" lon="9.5886983">
        <ele>2730.9</ele>
        <time>2026-09-12T10:54:39Z</time>
        <hdop>8.7</hdop>
        <extensions>
          <osmand:speed>1</osmand:speed>
        </extensions>
      </trkpt>
      <trkpt lat="46.4672799" lon="9.5887397">
        <ele>2729.9</ele>
        <time>2026-09-12T10:54:45Z</time>
        <hdop>9.7</hdop>
        <extensions>
          <osmand:speed>0.5</osmand:speed>
        </extensions>
      </trkpt>
      <trkpt lat="46.4672978" lon="9.5887617">
        <ele>2727.9</ele>
        <time>2026-09-12T10:54:51Z</time>
        <hdop>8.2</hdop>
        <extensions>
          <osmand:speed>0.6</osmand:speed>
        </extensions>
      </trkpt>
      <trkpt lat="46.46734" lon="9.5887731">
        <ele>2727.9</ele>
        <time>2026-09-12T10:54:57Z</time>
        <hdop>7.1</hdop>
        <extensions>
          <osmand:speed>0.5</osmand:speed>
        </extensions>
      </trkpt>
      <trkpt lat="46.4673842" lon="9.5888173">
        <ele>2725.9</ele>
        <time>2026-09-12T10:55:03Z</time>
        <hdop>9.7</hdop>
        <extensions>
          <osmand:speed>1</osmand:speed>
        </extensions>
      </trkpt>
      <trkpt lat="46.4674136" lon="9.5888296">
        <ele>2724.9</ele>
        <time>2026-09-12T10:55:09Z</time>
        <hdop>7.1</hdop>
        <extensions>
          <osmand:speed>0.9</osmand:speed>
        </extensions>
      </trkpt>
      <trkpt lat="46.4674317" lon="9.588819">
        <ele>2722.9</ele>
        <time>2026-09-12T10:55:17Z</time>
        <hdop>8.2</hdop>
        <extensions>
          <osmand:speed>0.4</osmand:speed>
        </extensions>
      </trkpt>
      <trkpt lat="46.4674601" lon="9.5888586">
        <ele>2722.9</ele>
        <time>2026-09-12T10:55:23Z</time>
        <hdop>8.2</hdop>
        <extensions>
          <osmand:speed>0.9</osmand:speed>
        </extensions>
      </trkpt>
      <trkpt lat="46.4674819" lon="9.5888784">
        <ele>2721.9</ele>
        <time>2026-09-12T10:55:29Z</time>
        <hdop>9.2</hdop>
        <extensions>
          <osmand:speed>0.7</osmand:speed>
        </extensions>
      </trkpt>
      <trkpt lat="46.4675064" lon="9.5889013">
        <ele>2720.9</ele>
        <time>2026-09-12T10:55:35Z</time>
        <hdop>8.7</hdop>
        <extensions>
          <osmand:speed>0.7</osmand:speed>
        </extensions>
      </trkpt>
      <trkpt lat="46.4675368" lon="9.5889356">
        <ele>2719.9</ele>
        <time>2026-09-12T10:55:41Z</time>
        <hdop>8.2</hdop>
        <extensions>
          <osmand:speed>0.2</osmand:speed>
        </extensions>
      </trkpt>
      <trkpt lat="46.4675539" lon="9.5889805">
        <ele>2718.9</ele>
        <time>2026-09-12T10:55:47Z</time>
        <hdop>7.7</hdop>
        <extensions>
          <osmand:speed>0.6</osmand:speed>
        </extensions>
      </trkpt>
      <trkpt lat="46.4675811" lon="9.5890382">
        <ele>2718.9</ele>
        <time>2026-09-12T10:55:53Z</time>
        <hdop>9.2</hdop>
        <extensions>
          <osmand:speed>0.7</osmand:speed>
        </extensions>
      </trkpt>
      <trkpt lat="46.4676147" lon="9.5890527">
        <ele>2716.9</ele>
        <time>2026-09-12T10:55:59Z</time>
        <hdop>7.1</hdop>
        <extensions>
          <osmand:speed>0.4</osmand:speed>
        </extensions>
      </trkpt>
      <trkpt lat="46.4676449" lon="9.589057">
        <ele>2714.9</ele>
        <time>2026-09-12T10:56:05Z</time>
        <hdop>8.2</hdop>
        <extensions>
          <osmand:speed>0.6</osmand:speed>
        </extensions>
      </trkpt>
      <trkpt lat="46.4676785" lon="9.5890649">
        <ele>2711.9</ele>
        <time>2026-09-12T10:56:11Z</time>
        <hdop>6.6</hdop>
        <extensions>
          <osmand:speed>0.6</osmand:speed>
        </extensions>
      </trkpt>
      <trkpt lat="46.4677109" lon="9.5890564">
        <ele>2711.9</ele>
        <time>2026-09-12T10:56:17Z</time>
        <hdop>6.6</hdop>
        <extensions>
          <osmand:speed>0.6</osmand:speed>
        </extensions>
      </trkpt>
      <trkpt lat="46.4677502" lon="9.5890437">
        <ele>2709.9</ele>
        <time>2026-09-12T10:56:23Z</time>
        <hdop>7.7</hdop>
        <extensions>
          <osmand:speed>0.3</osmand:speed>
        </extensions>
      </trkpt>
      <trkpt lat="46.4677856" lon="9.5890142">
        <ele>2709.9</ele>
        <time>2026-09-12T10:56:29Z</time>
        <hdop>7.1</hdop>
        <extensions>
          <osmand:speed>0.9</osmand:speed>
        </extensions>
      </trkpt>
      <trkpt lat="46.4678184" lon="9.5890442">
        <ele>2708.9</ele>
        <time>2026-09-12T10:56:35Z</time>
        <hdop>6.6</hdop>
        <extensions>
          <osmand:speed>0.6</osmand:speed>
        </extensions>
      </trkpt>
      <trkpt lat="46.4678429" lon="9.5890426">
        <ele>2707.9</ele>
        <time>2026-09-12T10:56:41Z</time>
        <hdop>6.1</hdop>
        <extensions>
          <osmand:speed>0.1</osmand:speed>
        </extensions>
      </trkpt>
      <trkpt lat="46.4678351" lon="9.5890664">
        <ele>2705.9</ele>
        <time>2026-09-12T10:56:47Z</time>
        <hdop>6.1</hdop>
      </trkpt>
      <trkpt lat="46.4678545" lon="9.5890575">
        <ele>2704.9</ele>
        <time>2026-09-12T10:56:58Z</time>
        <hdop>7.7</hdop>
        <extensions>
          <osmand:speed>0.4</osmand:speed>
        </extensions>
      </trkpt>
      <trkpt lat="46.4678839" lon="9.5890292">
        <ele>2705.9</ele>
        <time>2026-09-12T10:57:04Z</time>
        <hdop>7.7</hdop>
        <extensions>
          <osmand:speed>0.3</osmand:speed>
        </extensions>
      </trkpt>
      <trkpt lat="46.467915" lon="9.5889947">
        <ele>2705.9</ele>
        <time>2026-09-12T10:57:10Z</time>
        <hdop>7.1</hdop>
        <extensions>
          <osmand:speed>0.5</osmand:speed>
        </extensions>
      </trkpt>
      <trkpt lat="46.4679548" lon="9.5890093">
        <ele>2703.9</ele>
        <time>2026-09-12T10:57:16Z</time>
        <hdop>8.2</hdop>
        <extensions>
          <osmand:speed>0.4</osmand:speed>
        </extensions>
      </trkpt>
      <trkpt lat="46.4679803" lon="9.5889798">
        <ele>2702.9</ele>
        <time>2026-09-12T10:57:22Z</time>
        <hdop>6.6</hdop>
        <extensions>
          <osmand:speed>0.4</osmand:speed>
        </extensions>
      </trkpt>
      <trkpt lat="46.4679892" lon="9.5889564">
        <ele>2702.9</ele>
        <time>2026-09-12T10:57:30Z</time>
        <hdop>6.1</hdop>
        <extensions>
          <osmand:speed>0.3</osmand:speed>
        </extensions>
      </trkpt>
      <trkpt lat="46.4679959" lon="9.5889322">
        <ele>2703.9</ele>
        <time>2026-09-12T10:57:38Z</time>
        <hdop>8.2</hdop>
        <extensions>
          <osmand:speed>0.4</osmand:speed>
        </extensions>
      </trkpt>
      <trkpt lat="46.4680161" lon="9.5889168">
        <ele>2703.9</ele>
        <time>2026-09-12T10:57:44Z</time>
        <hdop>6.6</hdop>
        <extensions>
          <osmand:speed>0.6</osmand:speed>
        </extensions>
      </trkpt>
      <trkpt lat="46.4680382" lon="9.5888776">
        <ele>2702.9</ele>
        <time>2026-09-12T10:57:50Z</time>
        <hdop>6.6</hdop>
        <extensions>
          <osmand:speed>0.6</osmand:speed>
        </extensions>
      </trkpt>
      <trkpt lat="46.4680447" lon="9.5888514">
        <ele>2700.9</ele>
        <time>2026-09-12T10:57:57Z</time>
        <hdop>6.1</hdop>
        <extensions>
          <osmand:speed>0.4</osmand:speed>
        </extensions>
      </trkpt>
      <trkpt lat="46.4680484" lon="9.5888203">
        <ele>2700.9</ele>
        <time>2026-09-12T10:58:03Z</time>
        <hdop>7.1</hdop>
        <extensions>
          <osmand:speed>0.5</osmand:speed>
        </extensions>
      </trkpt>
      <trkpt lat="46.4680823" lon="9.5888048">
        <ele>2699.9</ele>
        <time>2026-09-12T10:58:09Z</time>
        <hdop>8.2</hdop>
        <extensions>
          <osmand:speed>0.6</osmand:speed>
        </extensions>
      </trkpt>
      <trkpt lat="46.4680939" lon="9.5887822">
        <ele>2699.9</ele>
        <time>2026-09-12T10:58:15Z</time>
        <hdop>8.7</hdop>
        <extensions>
          <osmand:speed>0.6</osmand:speed>
        </extensions>
      </trkpt>
      <trkpt lat="46.4681076" lon="9.5887474">
        <ele>2697.9</ele>
        <time>2026-09-12T10:58:21Z</time>
        <hdop>6.1</hdop>
        <extensions>
          <osmand:speed>0.7</osmand:speed>
        </extensions>
      </trkpt>
      <trkpt lat="46.46815" lon="9.5887636">
        <ele>2695.9</ele>
        <time>2026-09-12T10:58:27Z</time>
        <hdop>8.7</hdop>
        <extensions>
          <osmand:speed>0.9</osmand:speed>
        </extensions>
      </trkpt>
      <trkpt lat="46.4681905" lon="9.5887571">
        <ele>2695.9</ele>
        <time>2026-09-12T10:58:33Z</time>
        <hdop>8.2</hdop>
        <extensions>
          <osmand:speed>0.7</osmand:speed>
        </extensions>
      </trkpt>
      <trkpt lat="46.4682412" lon="9.5887792">
        <ele>2693.9</ele>
        <time>2026-09-12T10:58:39Z</time>
        <hdop>8.7</hdop>
        <extensions>
          <osmand:speed>0.6</osmand:speed>
        </extensions>
      </trkpt>
      <trkpt lat="46.4682818" lon="9.5887975">
        <ele>2691.9</ele>
        <time>2026-09-12T10:58:45Z</time>
        <hdop>7.7</hdop>
        <extensions>
          <osmand:speed>0.7</osmand:speed>
        </extensions>
      </trkpt>
      <trkpt lat="46.4683311" lon="9.5888103">
        <ele>2689.9</ele>
        <time>2026-09-12T10:58:51Z</time>
        <hdop>9.7</hdop>
        <extensions>
          <osmand:speed>1</osmand:speed>
        </extensions>
      </trkpt>
      <trkpt lat="46.4683603" lon="9.5888191">
        <ele>2687.9</ele>
        <time>2026-09-12T10:58:57Z</time>
        <hdop>9.2</hdop>
        <extensions>
          <osmand:speed>0.5</osmand:speed>
        </extensions>
      </trkpt>
      <trkpt lat="46.4683819" lon="9.5887814">
        <ele>2685.9</ele>
        <time>2026-09-12T10:59:03Z</time>
        <hdop>8.7</hdop>
        <extensions>
          <osmand:speed>0.8</osmand:speed>
        </extensions>
      </trkpt>
      <trkpt lat="46.468398" lon="9.5887979">
        <ele>2684.9</ele>
        <time>2026-09-12T10:59:13Z</time>
        <hdop>8.7</hdop>
        <extensions>
          <osmand:speed>0.8</osmand:speed>
        </extensions>
      </trkpt>
      <trkpt lat="46.4684303" lon="9.588807">
        <ele>2686.9</ele>
        <time>2026-09-12T10:59:19Z</time>
        <hdop>8.2</hdop>
        <extensions>
          <osmand:speed>0.3</osmand:speed>
        </extensions>
      </trkpt>
      <trkpt lat="46.4684461" lon="9.5887808">
        <ele>2686.9</ele>
        <time>2026-09-12T10:59:29Z</time>
        <hdop>11.7</hdop>
        <extensions>
          <osmand:speed>1.8</osmand:speed>
        </extensions>
      </trkpt>
      <trkpt lat="46.4684785" lon="9.5888045">
        <ele>2685.9</ele>
        <time>2026-09-12T10:59:35Z</time>
        <hdop>10.2</hdop>
        <extensions>
          <osmand:speed>0.6</osmand:speed>
        </extensions>
      </trkpt>
      <trkpt lat="46.4684892" lon="9.5888269">
        <ele>2683.9</ele>
        <time>2026-09-12T10:59:45Z</time>
        <hdop>7.7</hdop>
        <extensions>
          <osmand:speed>0.3</osmand:speed>
        </extensions>
      </trkpt>
      <trkpt lat="46.4685057" lon="9.5888467">
        <ele>2684.9</ele>
        <time>2026-09-12T10:59:52Z</time>
        <hdop>11.2</hdop>
        <extensions>
          <osmand:speed>0.1</osmand:speed>
        </extensions>
      </trkpt>
      <trkpt lat="46.4685084" lon="9.5888157">
        <ele>2681.9</ele>
        <time>2026-09-12T10:59:58Z</time>
        <hdop>6.1</hdop>
        <extensions>
          <osmand:speed>0.6</osmand:speed>
        </extensions>
      </trkpt>
      <trkpt lat="46.4685304" lon="9.5888147">
        <ele>2680.9</ele>
        <time>2026-09-12T11:00:04Z</time>
        <hdop>8.2</hdop>
        <extensions>
          <osmand:speed>0.2</osmand:speed>
        </extensions>
      </trkpt>
      <trkpt lat="46.4685101" lon="9.5887991">
        <ele>2679.9</ele>
        <time>2026-09-12T11:00:11Z</time>
        <hdop>5.6</hdop>
        <extensions>
          <osmand:speed>0.5</osmand:speed>
        </extensions>
      </trkpt>
      <trkpt lat="46.4685007" lon="9.5887596">
        <ele>2679.9</ele>
        <time>2026-09-12T11:00:17Z</time>
        <hdop>9.2</hdop>
        <extensions>
          <osmand:speed>0.2</osmand:speed>
        </extensions>
      </trkpt>
      <trkpt lat="46.4684957" lon="9.5887257">
        <ele>2678.9</ele>
        <time>2026-09-12T11:00:23Z</time>
        <hdop>6.6</hdop>
        <extensions>
          <osmand:speed>0</osmand:speed>
        </extensions>
      </trkpt>
      <trkpt lat="46.4685101" lon="9.5887096">
        <ele>2678.9</ele>
        <time>2026-09-12T11:00:32Z</time>
        <hdop>8.2</hdop>
        <extensions>
          <osmand:speed>0.6</osmand:speed>
        </extensions>
      </trkpt>
      <trkpt lat="46.4685005" lon="9.5886864">
        <ele>2677.9</ele>
        <time>2026-09-12T11:00:38Z</time>
        <hdop>5.6</hdop>
        <extensions>
          <osmand:speed>0.4</osmand:speed>
        </extensions>
      </trkpt>
      <trkpt lat="46.4685271" lon="9.5886472">
        <ele>2676.9</ele>
        <time>2026-09-12T11:00:44Z</time>
        <hdop>8.7</hdop>
        <extensions>
          <osmand:speed>0.3</osmand:speed>
        </extensions>
      </trkpt>
      <trkpt lat="46.468557" lon="9.5886645">
        <ele>2676.9</ele>
        <time>2026-09-12T11:00:50Z</time>
        <hdop>8.7</hdop>
        <extensions>
          <osmand:speed>0.7</osmand:speed>
        </extensions>
      </trkpt>
      <trkpt lat="46.4685903" lon="9.5887147">
        <ele>2674.9</ele>
        <time>2026-09-12T11:00:56Z</time>
        <hdop>6.6</hdop>
        <extensions>
          <osmand:speed>0.5</osmand:speed>
        </extensions>
      </trkpt>
      <trkpt lat="46.4686122" lon="9.5887189">
        <ele>2673.9</ele>
        <time>2026-09-12T11:01:03Z</time>
        <hdop>7.7</hdop>
        <extensions>
          <osmand:speed>0.5</osmand:speed>
        </extensions>
      </trkpt>
      <trkpt lat="46.4686369" lon="9.5887263">
        <ele>2671.9</ele>
        <time>2026-09-12T11:01:09Z</time>
        <hdop>6.6</hdop>
        <extensions>
          <osmand:speed>0.3</osmand:speed>
        </extensions>
      </trkpt>
      <trkpt lat="46.4686526" lon="9.5887108">
        <ele>2670.9</ele>
        <time>2026-09-12T11:01:15Z</time>
        <hdop>7.7</hdop>
        <extensions>
          <osmand:speed>0.2</osmand:speed>
        </extensions>
      </trkpt>
      <trkpt lat="46.4686768" lon="9.5887142">
        <ele>2670.9</ele>
        <time>2026-09-12T11:01:27Z</time>
        <hdop>7.1</hdop>
        <extensions>
          <osmand:speed>0.4</osmand:speed>
        </extensions>
      </trkpt>
      <trkpt lat="46.4686971" lon="9.5886978">
        <ele>2670.9</ele>
        <time>2026-09-12T11:01:33Z</time>
        <hdop>10.2</hdop>
        <extensions>
          <osmand:speed>0</osmand:speed>
        </extensions>
      </trkpt>
      <trkpt lat="46.4686748" lon="9.5886796">
        <ele>2671.9</ele>
        <time>2026-09-12T11:01:39Z</time>
        <hdop>8.2</hdop>
      </trkpt>
      <trkpt lat="46.4687103" lon="9.5887022">
        <ele>2668.9</ele>
        <time>2026-09-12T11:01:45Z</time>
        <hdop>7.7</hdop>
        <extensions>
          <osmand:speed>0.6</osmand:speed>
        </extensions>
      </trkpt>
      <trkpt lat="46.4687469" lon="9.5887186">
        <ele>2666.9</ele>
        <time>2026-09-12T11:01:51Z</time>
        <hdop>7.7</hdop>
        <extensions>
          <osmand:speed>0.4</osmand:speed>
        </extensions>
      </trkpt>
      <trkpt lat="46.4687616" lon="9.5887029">
        <ele>2667.9</ele>
        <time>2026-09-12T11:01:57Z</time>
        <hdop>6.6</hdop>
        <extensions>
          <osmand:speed>0.3</osmand:speed>
        </extensions>
      </trkpt>
      <trkpt lat="46.4687994" lon="9.5886873">
        <ele>2666.9</ele>
        <time>2026-09-12T11:02:03Z</time>
        <hdop>7.7</hdop>
        <extensions>
          <osmand:speed>0.7</osmand:speed>
        </extensions>
      </trkpt>
      <trkpt lat="46.4688163" lon="9.5886605">
        <ele>2667.9</ele>
        <time>2026-09-12T11:02:09Z</time>
        <hdop>10.7</hdop>
        <extensions>
          <osmand:speed>0.1</osmand:speed>
        </extensions>
      </trkpt>
      <trkpt lat="46.4688339" lon="9.5886752">
        <ele>2666.9</ele>
        <time>2026-09-12T11:02:15Z</time>
        <hdop>7.7</hdop>
        <extensions>
          <osmand:speed>0.8</osmand:speed>
        </extensions>
      </trkpt>
      <trkpt lat="46.4688595" lon="9.5886971">
        <ele>2668.9</ele>
        <time>2026-09-12T11:02:21Z</time>
        <hdop>9.7</hdop>
        <extensions>
          <osmand:speed>0.2</osmand:speed>
        </extensions>
      </trkpt>
      <trkpt lat="46.4688689" lon="9.5886714">
        <ele>2666.9</ele>
        <time>2026-09-12T11:02:41Z</time>
        <hdop>9.2</hdop>
        <extensions>
          <osmand:speed>0.4</osmand:speed>
        </extensions>
      </trkpt>
      <trkpt lat="46.4688798" lon="9.5886941">
        <ele>2667.9</ele>
        <time>2026-09-12T11:02:47Z</time>
        <hdop>8.7</hdop>
        <extensions>
          <osmand:speed>0.4</osmand:speed>
        </extensions>
      </trkpt>
      <trkpt lat="46.4688789" lon="9.5886547">
        <ele>2666.9</ele>
        <time>2026-09-12T11:02:57Z</time>
        <hdop>9.7</hdop>
        <extensions>
          <osmand:speed>0.6</osmand:speed>
        </extensions>
      </trkpt>
      <trkpt lat="46.4688939" lon="9.5886396">
        <ele>2665.9</ele>
        <time>2026-09-12T11:03:06Z</time>
        <hdop>8.2</hdop>
        <extensions>
          <osmand:speed>0.8</osmand:speed>
        </extensions>
      </trkpt>
      <trkpt lat="46.4689025" lon="9.5886113">
        <ele>2663.9</ele>
        <time>2026-09-12T11:03:17Z</time>
        <hdop>8.7</hdop>
        <extensions>
          <osmand:speed>0.6</osmand:speed>
        </extensions>
      </trkpt>
      <trkpt lat="46.4689204" lon="9.5886024">
        <ele>2662.9</ele>
        <time>2026-09-12T11:03:23Z</time>
        <hdop>5.1</hdop>
        <extensions>
          <osmand:speed>0.1</osmand:speed>
        </extensions>
      </trkpt>
      <trkpt lat="46.468929" lon="9.5885775">
        <ele>2659.9</ele>
        <time>2026-09-12T11:03:30Z</time>
        <hdop>7.7</hdop>
        <extensions>
          <osmand:speed>1.4</osmand:speed>
        </extensions>
      </trkpt>
      <trkpt lat="46.4689456" lon="9.5885625">
        <ele>2658.9</ele>
        <time>2026-09-12T11:03:38Z</time>
        <hdop>7.7</hdop>
        <extensions>
          <osmand:speed>1.1</osmand:speed>
        </extensions>
      </trkpt>
      <trkpt lat="46.4689541" lon="9.5885383">
        <ele>2656.9</ele>
        <time>2026-09-12T11:03:45Z</time>
        <hdop>7.7</hdop>
        <extensions>
          <osmand:speed>0.4</osmand:speed>
        </extensions>
      </trkpt>
      <trkpt lat="46.4689416" lon="9.5885177">
        <ele>2656.9</ele>
        <time>2026-09-12T11:03:51Z</time>
        <hdop>6.1</hdop>
        <extensions>
          <osmand:speed>0.7</osmand:speed>
        </extensions>
      </trkpt>
      <trkpt lat="46.468934" lon="9.5884772">
        <ele>2656.9</ele>
        <time>2026-09-12T11:03:57Z</time>
        <hdop>7.1</hdop>
        <extensions>
          <osmand:speed>0.4</osmand:speed>
        </extensions>
      </trkpt>
      <trkpt lat="46.4689591" lon="9.5884557">
        <ele>2653.9</ele>
        <time>2026-09-12T11:04:03Z</time>
        <hdop>6.1</hdop>
        <extensions>
          <osmand:speed>0.4</osmand:speed>
        </extensions>
      </trkpt>
      <trkpt lat="46.4689609" lon="9.5884188">
        <ele>2652.9</ele>
        <time>2026-09-12T11:04:09Z</time>
        <hdop>7.1</hdop>
        <extensions>
          <osmand:speed>0.8</osmand:speed>
        </extensions>
      </trkpt>
      <trkpt lat="46.4689686" lon="9.5883646">
        <ele>2652.9</ele>
        <time>2026-09-12T11:04:15Z</time>
        <hdop>8.7</hdop>
        <extensions>
          <osmand:speed>0.6</osmand:speed>
        </extensions>
      </trkpt>
      <trkpt lat="46.4689798" lon="9.5883353">
        <ele>2651.9</ele>
        <time>2026-09-12T11:04:21Z</time>
        <hdop>7.1</hdop>
        <extensions>
          <osmand:speed>0.5</osmand:speed>
        </extensions>
      </trkpt>
      <trkpt lat="46.4689802" lon="9.5882893">
        <ele>2650.9</ele>
        <time>2026-09-12T11:04:27Z</time>
        <hdop>6.6</hdop>
        <extensions>
          <osmand:speed>0.7</osmand:speed>
        </extensions>
      </trkpt>
      <trkpt lat="46.4690117" lon="9.5882631">
        <ele>2648.9</ele>
        <time>2026-09-12T11:04:33Z</time>
        <hdop>9.7</hdop>
        <extensions>
          <osmand:speed>0.3</osmand:speed>
        </extensions>
      </trkpt>
      <trkpt lat="46.4690271" lon="9.5882381">
        <ele>2645.9</ele>
        <time>2026-09-12T11:04:41Z</time>
        <hdop>6.6</hdop>
        <extensions>
          <osmand:speed>0.5</osmand:speed>
        </extensions>
      </trkpt>
      <trkpt lat="46.4690302" lon="9.5882118">
        <ele>2641.9</ele>
        <time>2026-09-12T11:04:53Z</time>
        <hdop>7.7</hdop>
        <extensions>
          <osmand:speed>0.5</osmand:speed>
        </extensions>
      </trkpt>
      <trkpt lat="46.4690116" lon="9.5881736">
        <ele>2642.9</ele>
        <time>2026-09-12T11:04:59Z</time>
        <hdop>6.6</hdop>
        <extensions>
          <osmand:speed>0.6</osmand:speed>
        </extensions>
      </trkpt>
      <trkpt lat="46.4689864" lon="9.5881175">
        <ele>2642.9</ele>
        <time>2026-09-12T11:05:05Z</time>
        <hdop>9.7</hdop>
        <extensions>
          <osmand:speed>0.5</osmand:speed>
        </extensions>
      </trkpt>
      <trkpt lat="46.4689802" lon="9.5880657">
        <ele>2641.9</ele>
        <time>2026-09-12T11:05:11Z</time>
        <hdop>8.2</hdop>
        <extensions>
          <osmand:speed>0.8</osmand:speed>
        </extensions>
      </trkpt>
      <trkpt lat="46.4690013" lon="9.5880175">
        <ele>2640.9</ele>
        <time>2026-09-12T11:05:17Z</time>
        <hdop>6.6</hdop>
        <extensions>
          <osmand:speed>1</osmand:speed>
        </extensions>
      </trkpt>
      <trkpt lat="46.4690481" lon="9.5880102">
        <ele>2638.9</ele>
        <time>2026-09-12T11:05:23Z</time>
        <hdop>5.1</hdop>
        <extensions>
          <osmand:speed>0.3</osmand:speed>
        </extensions>
      </trkpt>
      <trkpt lat="46.4690681" lon="9.5879843">
        <ele>2636.9</ele>
        <time>2026-09-12T11:05:29Z</time>
        <hdop>6.6</hdop>
        <extensions>
          <osmand:speed>0.5</osmand:speed>
        </extensions>
      </trkpt>
      <trkpt lat="46.4690901" lon="9.5879681">
        <ele>2634.9</ele>
        <time>2026-09-12T11:05:35Z</time>
        <hdop>8.2</hdop>
        <extensions>
          <osmand:speed>0.4</osmand:speed>
        </extensions>
      </trkpt>
      <trkpt lat="46.4691009" lon="9.5879223">
        <ele>2634.9</ele>
        <time>2026-09-12T11:05:41Z</time>
        <hdop>6.6</hdop>
        <extensions>
          <osmand:speed>0.5</osmand:speed>
        </extensions>
      </trkpt>
      <trkpt lat="46.4690655" lon="9.5878945">
        <ele>2633.9</ele>
        <time>2026-09-12T11:05:47Z</time>
        <hdop>7.1</hdop>
        <extensions>
          <osmand:speed>0.6</osmand:speed>
        </extensions>
      </trkpt>
      <trkpt lat="46.4690698" lon="9.5878307">
        <ele>2632.9</ele>
        <time>2026-09-12T11:05:53Z</time>
        <hdop>7.1</hdop>
        <extensions>
          <osmand:speed>0.8</osmand:speed>
        </extensions>
      </trkpt>
      <trkpt lat="46.4690536" lon="9.5877672">
        <ele>2630.9</ele>
        <time>2026-09-12T11:05:59Z</time>
        <hdop>7.1</hdop>
        <extensions>
          <osmand:speed>1</osmand:speed>
        </extensions>
      </trkpt>
      <trkpt lat="46.4690621" lon="9.5876942">
        <ele>2628.9</ele>
        <time>2026-09-12T11:06:05Z</time>
        <hdop>8.2</hdop>
        <extensions>
          <osmand:speed>1</osmand:speed>
        </extensions>
      </trkpt>
      <trkpt lat="46.4690925" lon="9.5876603">
        <ele>2628.9</ele>
        <time>2026-09-12T11:06:11Z</time>
        <hdop>7.1</hdop>
        <extensions>
          <osmand:speed>0.8</osmand:speed>
        </extensions>
      </trkpt>
      <trkpt lat="46.4691214" lon="9.587612">
        <ele>2626.9</ele>
        <time>2026-09-12T11:06:17Z</time>
        <hdop>7.1</hdop>
        <extensions>
          <osmand:speed>0.6</osmand:speed>
        </extensions>
      </trkpt>
      <trkpt lat="46.469132" lon="9.5875622">
        <ele>2627.9</ele>
        <time>2026-09-12T11:06:23Z</time>
        <hdop>7.7</hdop>
        <extensions>
          <osmand:speed>0.7</osmand:speed>
        </extensions>
      </trkpt>
      <trkpt lat="46.4691486" lon="9.5874977">
        <ele>2625.9</ele>
        <time>2026-09-12T11:06:29Z</time>
        <hdop>7.1</hdop>
        <extensions>
          <osmand:speed>1</osmand:speed>
        </extensions>
      </trkpt>
      <trkpt lat="46.4691643" lon="9.5874626">
        <ele>2623.9</ele>
        <time>2026-09-12T11:06:35Z</time>
        <hdop>7.1</hdop>
        <extensions>
          <osmand:speed>0.5</osmand:speed>
        </extensions>
      </trkpt>
      <trkpt lat="46.4691942" lon="9.587419">
        <ele>2620.9</ele>
        <time>2026-09-12T11:06:41Z</time>
        <hdop>7.7</hdop>
        <extensions>
          <osmand:speed>0.8</osmand:speed>
        </extensions>
      </trkpt>
      <trkpt lat="46.469199" lon="9.58735">
        <ele>2616.9</ele>
        <time>2026-09-12T11:06:47Z</time>
        <hdop>7.7</hdop>
        <extensions>
          <osmand:speed>1.1</osmand:speed>
        </extensions>
      </trkpt>
      <trkpt lat="46.4692486" lon="9.5873515">
        <ele>2616.9</ele>
        <time>2026-09-12T11:06:53Z</time>
        <hdop>8.7</hdop>
        <extensions>
          <osmand:speed>1.1</osmand:speed>
        </extensions>
      </trkpt>
      <trkpt lat="46.4692847" lon="9.5873747">
        <ele>2616.9</ele>
        <time>2026-09-12T11:06:59Z</time>
        <hdop>6.1</hdop>
        <extensions>
          <osmand:speed>0.6</osmand:speed>
        </extensions>
      </trkpt>
      <trkpt lat="46.4693094" lon="9.587354">
        <ele>2615.9</ele>
        <time>2026-09-12T11:07:05Z</time>
        <hdop>6.1</hdop>
        <extensions>
          <osmand:speed>0.8</osmand:speed>
        </extensions>
      </trkpt>
      <trkpt lat="46.4693413" lon="9.5873147">
        <ele>2615.9</ele>
        <time>2026-09-12T11:07:11Z</time>
        <hdop>5.1</hdop>
        <extensions>
          <osmand:speed>0.8</osmand:speed>
        </extensions>
      </trkpt>
      <trkpt lat="46.4693777" lon="9.5873276">
        <ele>2614.9</ele>
        <time>2026-09-12T11:07:17Z</time>
        <hdop>6.6</hdop>
        <extensions>
          <osmand:speed>0.8</osmand:speed>
        </extensions>
      </trkpt>
      <trkpt lat="46.4693977" lon="9.5873193">
        <ele>2613.9</ele>
        <time>2026-09-12T11:07:23Z</time>
        <hdop>5.6</hdop>
        <extensions>
          <osmand:speed>0.8</osmand:speed>
        </extensions>
      </trkpt>
      <trkpt lat="46.4694403" lon="9.5873147">
        <ele>2613.9</ele>
        <time>2026-09-12T11:07:29Z</time>
        <hdop>8.2</hdop>
        <extensions>
          <osmand:speed>0.8</osmand:speed>
        </extensions>
      </trkpt>
      <trkpt lat="46.4694552" lon="9.5873633">
        <ele>2611.9</ele>
        <time>2026-09-12T11:07:35Z</time>
        <hdop>7.7</hdop>
        <extensions>
          <osmand:speed>0.8</osmand:speed>
        </extensions>
      </trkpt>
      <trkpt lat="46.4694744" lon="9.5873405">
        <ele>2609.9</ele>
        <time>2026-09-12T11:07:41Z</time>
        <hdop>5.6</hdop>
        <extensions>
          <osmand:speed>0.4</osmand:speed>
        </extensions>
      </trkpt>
      <trkpt lat="46.4694933" lon="9.5873111">
        <ele>2608.9</ele>
        <time>2026-09-12T11:07:47Z</time>
        <hdop>7.1</hdop>
        <extensions>
          <osmand:speed>0.4</osmand:speed>
        </extensions>
      </trkpt>
      <trkpt lat="46.4694903" lon="9.587282">
        <ele>2607.9</ele>
        <time>2026-09-12T11:07:53Z</time>
        <hdop>7.1</hdop>
        <extensions>
          <osmand:speed>0.2</osmand:speed>
        </extensions>
      </trkpt>
      <trkpt lat="46.4694878" lon="9.5872185">
        <ele>2609.9</ele>
        <time>2026-09-12T11:07:59Z</time>
        <hdop>7.7</hdop>
        <extensions>
          <osmand:speed>0.4</osmand:speed>
        </extensions>
      </trkpt>
      <trkpt lat="46.46952" lon="9.5872096">
        <ele>2608.9</ele>
        <time>2026-09-12T11:08:05Z</time>
        <hdop>8.7</hdop>
        <extensions>
          <osmand:speed>0.2</osmand:speed>
        </extensions>
      </trkpt>
      <trkpt lat="46.469527" lon="9.5872371">
        <ele>2608.9</ele>
        <time>2026-09-12T11:08:11Z</time>
        <hdop>10.2</hdop>
        <extensions>
          <osmand:speed>0.4</osmand:speed>
        </extensions>
      </trkpt>
      <trkpt lat="46.4695418" lon="9.5872153">
        <ele>2606.9</ele>
        <time>2026-09-12T11:08:25Z</time>
        <hdop>5.6</hdop>
        <extensions>
          <osmand:speed>0.7</osmand:speed>
        </extensions>
      </trkpt>
      <trkpt lat="46.4695609" lon="9.5872027">
        <ele>2606.9</ele>
        <time>2026-09-12T11:08:32Z</time>
        <hdop>7.7</hdop>
        <extensions>
          <osmand:speed>0.4</osmand:speed>
        </extensions>
      </trkpt>
      <trkpt lat="46.4695707" lon="9.5871789">
        <ele>2605.9</ele>
        <time>2026-09-12T11:08:38Z</time>
        <hdop>7.7</hdop>
        <extensions>
          <osmand:speed>0.2</osmand:speed>
        </extensions>
      </trkpt>
      <trkpt lat="46.4695502" lon="9.5871643">
        <ele>2603.9</ele>
        <time>2026-09-12T11:08:44Z</time>
        <hdop>8.2</hdop>
        <extensions>
          <osmand:speed>0.1</osmand:speed>
        </extensions>
      </trkpt>
      <trkpt lat="46.4695775" lon="9.5871384">
        <ele>2603.9</ele>
        <time>2026-09-12T11:08:50Z</time>
        <hdop>9.2</hdop>
        <extensions>
          <osmand:speed>0.5</osmand:speed>
        </extensions>
      </trkpt>
      <trkpt lat="46.4695665" lon="9.5871014">
        <ele>2602.9</ele>
        <time>2026-09-12T11:08:56Z</time>
        <hdop>10.2</hdop>
        <extensions>
          <osmand:speed>0.3</osmand:speed>
        </extensions>
      </trkpt>
      <trkpt lat="46.4695891" lon="9.5870653">
        <ele>2599.9</ele>
        <time>2026-09-12T11:09:02Z</time>
        <hdop>7.7</hdop>
        <extensions>
          <osmand:speed>0.6</osmand:speed>
        </extensions>
      </trkpt>
      <trkpt lat="46.4696153" lon="9.5870722">
        <ele>2598.9</ele>
        <time>2026-09-12T11:09:08Z</time>
        <hdop>8.7</hdop>
        <extensions>
          <osmand:speed>0.8</osmand:speed>
        </extensions>
      </trkpt>
      <trkpt lat="46.4696062" lon="9.5870494">
        <ele>2598.9</ele>
        <time>2026-09-12T11:10:02Z</time>
        <hdop>6.1</hdop>
        <extensions>
          <osmand:speed>0.2</osmand:speed>
        </extensions>
      </trkpt>
      <trkpt lat="46.4696129" lon="9.5870141">
        <ele>2598.9</ele>
        <time>2026-09-12T11:10:08Z</time>
        <hdop>8.2</hdop>
        <extensions>
          <osmand:speed>0.2</osmand:speed>
        </extensions>
      </trkpt>
      <trkpt lat="46.4696356" lon="9.5870069">
        <ele>2598.9</ele>
        <time>2026-09-12T11:10:14Z</time>
        <hdop>7.7</hdop>
        <extensions>
          <osmand:speed>0.6</osmand:speed>
        </extensions>
      </trkpt>
      <trkpt lat="46.4696644" lon="9.5870034">
        <ele>2598.9</ele>
        <time>2026-09-12T11:10:20Z</time>
        <hdop>7.7</hdop>
        <extensions>
          <osmand:speed>0.4</osmand:speed>
        </extensions>
      </trkpt>
      <trkpt lat="46.4696987" lon="9.5870198">
        <ele>2596.9</ele>
        <time>2026-09-12T11:10:26Z</time>
        <hdop>13.3</hdop>
        <extensions>
          <osmand:speed>0.8</osmand:speed>
        </extensions>
      </trkpt>
      <trkpt lat="46.4697307" lon="9.5870028">
        <ele>2596.9</ele>
        <time>2026-09-12T11:10:32Z</time>
        <hdop>9.2</hdop>
        <extensions>
          <osmand:speed>0.4</osmand:speed>
        </extensions>
      </trkpt>
      <trkpt lat="46.4697695" lon="9.5869799">
        <ele>2595.9</ele>
        <time>2026-09-12T11:10:38Z</time>
        <hdop>11.2</hdop>
        <extensions>
          <osmand:speed>0.6</osmand:speed>
        </extensions>
      </trkpt>
      <trkpt lat="46.4697835" lon="9.5869991">
        <ele>2595.9</ele>
        <time>2026-09-12T11:10:48Z</time>
        <hdop>8.7</hdop>
        <extensions>
          <osmand:speed>0.1</osmand:speed>
        </extensions>
      </trkpt>
      <trkpt lat="46.4698103" lon="9.5869696">
        <ele>2595.9</ele>
        <time>2026-09-12T11:10:54Z</time>
        <hdop>7.1</hdop>
        <extensions>
          <osmand:speed>0.5</osmand:speed>
        </extensions>
      </trkpt>
      <trkpt lat="46.4698246" lon="9.5869869">
        <ele>2594.9</ele>
        <time>2026-09-12T11:11:04Z</time>
        <hdop>9.2</hdop>
        <extensions>
          <osmand:speed>0.4</osmand:speed>
        </extensions>
      </trkpt>
      <trkpt lat="46.4698291" lon="9.5869596">
        <ele>2591.9</ele>
        <time>2026-09-12T11:11:15Z</time>
        <hdop>7.1</hdop>
        <extensions>
          <osmand:speed>0.7</osmand:speed>
        </extensions>
      </trkpt>
      <trkpt lat="46.4698525" lon="9.5869394">
        <ele>2592.9</ele>
        <time>2026-09-12T11:11:21Z</time>
        <hdop>8.2</hdop>
        <extensions>
          <osmand:speed>0.5</osmand:speed>
        </extensions>
      </trkpt>
      <trkpt lat="46.4698698" lon="9.5869522">
        <ele>2591.9</ele>
        <time>2026-09-12T11:11:31Z</time>
        <hdop>8.2</hdop>
        <extensions>
          <osmand:speed>0.1</osmand:speed>
        </extensions>
      </trkpt>
      <trkpt lat="46.4698823" lon="9.5869307">
        <ele>2590.9</ele>
        <time>2026-09-12T11:11:39Z</time>
        <hdop>6.1</hdop>
        <extensions>
          <osmand:speed>0.8</osmand:speed>
        </extensions>
      </trkpt>
      <trkpt lat="46.46991" lon="9.5869369">
        <ele>2590.9</ele>
        <time>2026-09-12T11:11:45Z</time>
        <hdop>9.2</hdop>
        <extensions>
          <osmand:speed>0.4</osmand:speed>
        </extensions>
      </trkpt>
      <trkpt lat="46.4699282" lon="9.5869464">
        <ele>2589.9</ele>
        <time>2026-09-12T11:11:57Z</time>
        <hdop>7.7</hdop>
        <extensions>
          <osmand:speed>0.4</osmand:speed>
        </extensions>
      </trkpt>
      <trkpt lat="46.4699491" lon="9.5869472">
        <ele>2587.9</ele>
        <time>2026-09-12T11:12:03Z</time>
        <hdop>7.1</hdop>
        <extensions>
          <osmand:speed>0.6</osmand:speed>
        </extensions>
      </trkpt>
      <trkpt lat="46.4699704" lon="9.5869313">
        <ele>2588.9</ele>
        <time>2026-09-12T11:12:09Z</time>
        <hdop>6.6</hdop>
      </trkpt>
      <trkpt lat="46.4699963" lon="9.5869267">
        <ele>2586.9</ele>
        <time>2026-09-12T11:12:16Z</time>
        <hdop>7.1</hdop>
        <extensions>
          <osmand:speed>1</osmand:speed>
        </extensions>
      </trkpt>
      <trkpt lat="46.4700346" lon="9.5868914">
        <ele>2585.9</ele>
        <time>2026-09-12T11:12:22Z</time>
        <hdop>7.7</hdop>
        <extensions>
          <osmand:speed>0.6</osmand:speed>
        </extensions>
      </trkpt>
      <trkpt lat="46.4700311" lon="9.5868411">
        <ele>2585.9</ele>
        <time>2026-09-12T11:12:28Z</time>
        <hdop>7.1</hdop>
        <extensions>
          <osmand:speed>1</osmand:speed>
        </extensions>
      </trkpt>
      <trkpt lat="46.4700532" lon="9.5868229">
        <ele>2585.9</ele>
        <time>2026-09-12T11:12:34Z</time>
        <hdop>9.2</hdop>
        <extensions>
          <osmand:speed>0.5</osmand:speed>
        </extensions>
      </trkpt>
      <trkpt lat="46.4700799" lon="9.586808">
        <ele>2584.9</ele>
        <time>2026-09-12T11:12:40Z</time>
        <hdop>6.6</hdop>
        <extensions>
          <osmand:speed>0.5</osmand:speed>
        </extensions>
      </trkpt>
      <trkpt lat="46.4700741" lon="9.5867733">
        <ele>2583.9</ele>
        <time>2026-09-12T11:12:46Z</time>
        <hdop>9.7</hdop>
        <extensions>
          <osmand:speed>0.6</osmand:speed>
        </extensions>
      </trkpt>
      <trkpt lat="46.4701137" lon="9.5867989">
        <ele>2583.9</ele>
        <time>2026-09-12T11:12:52Z</time>
        <hdop>8.7</hdop>
        <extensions>
          <osmand:speed>0.5</osmand:speed>
        </extensions>
      </trkpt>
      <trkpt lat="46.4701452" lon="9.5868388">
        <ele>2583.9</ele>
        <time>2026-09-12T11:12:58Z</time>
        <hdop>8.2</hdop>
        <extensions>
          <osmand:speed>0.8</osmand:speed>
        </extensions>
      </trkpt>
      <trkpt lat="46.47016" lon="9.5868741">
        <ele>2583.9</ele>
        <time>2026-09-12T11:13:06Z</time>
        <hdop>7.1</hdop>
        <extensions>
          <osmand:speed>0.8</osmand:speed>
        </extensions>
      </trkpt>
      <trkpt lat="46.4701838" lon="9.5868762">
        <ele>2581.9</ele>
        <time>2026-09-12T11:13:12Z</time>
        <hdop>7.7</hdop>
        <extensions>
          <osmand:speed>1.1</osmand:speed>
        </extensions>
      </trkpt>
      <trkpt lat="46.4702058" lon="9.5868829">
        <ele>2581.9</ele>
        <time>2026-09-12T11:13:18Z</time>
        <hdop>6.6</hdop>
        <extensions>
          <osmand:speed>0.6</osmand:speed>
        </extensions>
      </trkpt>
      <trkpt lat="46.4702367" lon="9.5868441">
        <ele>2581.9</ele>
        <time>2026-09-12T11:13:24Z</time>
        <hdop>7.7</hdop>
        <extensions>
          <osmand:speed>0.9</osmand:speed>
        </extensions>
      </trkpt>
      <trkpt lat="46.4702626" lon="9.5867895">
        <ele>2578.9</ele>
        <time>2026-09-12T11:13:30Z</time>
        <hdop>8.2</hdop>
        <extensions>
          <osmand:speed>1.1</osmand:speed>
        </extensions>
      </trkpt>
      <trkpt lat="46.4703062" lon="9.586733">
        <ele>2577.9</ele>
        <time>2026-09-12T11:13:36Z</time>
        <hdop>7.7</hdop>
        <extensions>
          <osmand:speed>0.3</osmand:speed>
        </extensions>
      </trkpt>
      <trkpt lat="46.4703532" lon="9.5867014">
        <ele>2575.9</ele>
        <time>2026-09-12T11:13:42Z</time>
        <hdop>7.1</hdop>
        <extensions>
          <osmand:speed>1.6</osmand:speed>
        </extensions>
      </trkpt>
      <trkpt lat="46.470403" lon="9.5866914">
        <ele>2572.9</ele>
        <time>2026-09-12T11:13:48Z</time>
        <hdop>7.1</hdop>
        <extensions>
          <osmand:speed>0.8</osmand:speed>
        </extensions>
      </trkpt>
      <trkpt lat="46.4704368" lon="9.5866885">
        <ele>2570.9</ele>
        <time>2026-09-12T11:13:54Z</time>
        <hdop>8.7</hdop>
        <extensions>
          <osmand:speed>0.8</osmand:speed>
        </extensions>
      </trkpt>
      <trkpt lat="46.470485" lon="9.5866541">
        <ele>2568.9</ele>
        <time>2026-09-12T11:14:00Z</time>
        <hdop>7.1</hdop>
        <extensions>
          <osmand:speed>0.9</osmand:speed>
        </extensions>
      </trkpt>
      <trkpt lat="46.4705393" lon="9.5866513">
        <ele>2567.9</ele>
        <time>2026-09-12T11:14:06Z</time>
        <hdop>9.7</hdop>
        <extensions>
          <osmand:speed>0.9</osmand:speed>
        </extensions>
      </trkpt>
      <trkpt lat="46.4705686" lon="9.5866547">
        <ele>2567.9</ele>
        <time>2026-09-12T11:14:12Z</time>
        <hdop>8.7</hdop>
        <extensions>
          <osmand:speed>0.6</osmand:speed>
        </extensions>
      </trkpt>
      <trkpt lat="46.4706138" lon="9.5866456">
        <ele>2567.9</ele>
        <time>2026-09-12T11:14:18Z</time>
        <hdop>8.7</hdop>
        <extensions>
          <osmand:speed>0.9</osmand:speed>
        </extensions>
      </trkpt>
      <trkpt lat="46.4706579" lon="9.5866299">
        <ele>2566.9</ele>
        <time>2026-09-12T11:14:24Z</time>
        <hdop>7.7</hdop>
        <extensions>
          <osmand:speed>0.8</osmand:speed>
        </extensions>
      </trkpt>
      <trkpt lat="46.4707341" lon="9.5866111">
        <ele>2564.9</ele>
        <time>2026-09-12T11:14:30Z</time>
        <hdop>8.2</hdop>
        <extensions>
          <osmand:speed>0.6</osmand:speed>
        </extensions>
      </trkpt>
      <trkpt lat="46.4707563" lon="9.5866209">
        <ele>2565.9</ele>
        <time>2026-09-12T11:14:36Z</time>
        <hdop>8.7</hdop>
        <extensions>
          <osmand:speed>0.9</osmand:speed>
        </extensions>
      </trkpt>
      <trkpt lat="46.4707988" lon="9.5866041">
        <ele>2563.9</ele>
        <time>2026-09-12T11:14:42Z</time>
        <hdop>6.6</hdop>
        <extensions>
          <osmand:speed>0.9</osmand:speed>
        </extensions>
      </trkpt>
      <trkpt lat="46.47085" lon="9.586589">
        <ele>2563.9</ele>
        <time>2026-09-12T11:14:48Z</time>
        <hdop>7.7</hdop>
        <extensions>
          <osmand:speed>0.9</osmand:speed>
        </extensions>
      </trkpt>
      <trkpt lat="46.4708975" lon="9.5866255">
        <ele>2562.9</ele>
        <time>2026-09-12T11:14:54Z</time>
        <hdop>7.1</hdop>
        <extensions>
          <osmand:speed>0.7</osmand:speed>
        </extensions>
      </trkpt>
      <trkpt lat="46.4709606" lon="9.5866516">
        <ele>2562.9</ele>
        <time>2026-09-12T11:15:00Z</time>
        <hdop>7.1</hdop>
        <extensions>
          <osmand:speed>0.9</osmand:speed>
        </extensions>
      </trkpt>
      <trkpt lat="46.4709859" lon="9.5866618">
        <ele>2562.9</ele>
        <time>2026-09-12T11:15:06Z</time>
        <hdop>9.2</hdop>
        <extensions>
          <osmand:speed>0.4</osmand:speed>
        </extensions>
      </trkpt>
      <trkpt lat="46.471001" lon="9.5866933">
        <ele>2562.9</ele>
        <time>2026-09-12T11:15:13Z</time>
        <hdop>8.2</hdop>
        <extensions>
          <osmand:speed>1</osmand:speed>
        </extensions>
      </trkpt>
      <trkpt lat="46.4710549" lon="9.5867488">
        <ele>2561.9</ele>
        <time>2026-09-12T11:15:19Z</time>
        <hdop>7.7</hdop>
        <extensions>
          <osmand:speed>1.4</osmand:speed>
        </extensions>
      </trkpt>
      <trkpt lat="46.4711049" lon="9.5868167">
        <ele>2562.9</ele>
        <time>2026-09-12T11:15:25Z</time>
        <hdop>9.2</hdop>
        <extensions>
          <osmand:speed>1</osmand:speed>
        </extensions>
      </trkpt>
      <trkpt lat="46.4711531" lon="9.5868723">
        <ele>2562.9</ele>
        <time>2026-09-12T11:15:31Z</time>
        <hdop>8.2</hdop>
        <extensions>
          <osmand:speed>1.1</osmand:speed>
        </extensions>
      </trkpt>
      <trkpt lat="46.4711945" lon="9.5869252">
        <ele>2561.9</ele>
        <time>2026-09-12T11:15:37Z</time>
        <hdop>10.2</hdop>
        <extensions>
          <osmand:speed>1.4</osmand:speed>
        </extensions>
      </trkpt>
      <trkpt lat="46.4712408" lon="9.5869609">
        <ele>2561.9</ele>
        <time>2026-09-12T11:15:43Z</time>
        <hdop>8.2</hdop>
        <extensions>
          <osmand:speed>0.8</osmand:speed>
        </extensions>
      </trkpt>
      <trkpt lat="46.4712844" lon="9.5869691">
        <ele>2559.9</ele>
        <time>2026-09-12T11:15:49Z</time>
        <hdop>6.6</hdop>
        <extensions>
          <osmand:speed>0.1</osmand:speed>
        </extensions>
      </trkpt>
      <trkpt lat="46.4713079" lon="9.5869821">
        <ele>2560.9</ele>
        <time>2026-09-12T11:16:00Z</time>
        <hdop>7.7</hdop>
        <extensions>
          <osmand:speed>1.3</osmand:speed>
        </extensions>
      </trkpt>
      <trkpt lat="46.4713368" lon="9.5870348">
        <ele>2559.9</ele>
        <time>2026-09-12T11:16:06Z</time>
        <hdop>9.2</hdop>
        <extensions>
          <osmand:speed>0.9</osmand:speed>
        </extensions>
      </trkpt>
      <trkpt lat="46.4714081" lon="9.5870452">
        <ele>2559.9</ele>
        <time>2026-09-12T11:16:12Z</time>
        <hdop>8.2</hdop>
        <extensions>
          <osmand:speed>1.2</osmand:speed>
        </extensions>
      </trkpt>
      <trkpt lat="46.4714756" lon="9.587075">
        <ele>2559.9</ele>
        <time>2026-09-12T11:16:18Z</time>
        <hdop>7.1</hdop>
        <extensions>
          <osmand:speed>1.2</osmand:speed>
        </extensions>
      </trkpt>
      <trkpt lat="46.4715648" lon="9.5870524">
        <ele>2558.9</ele>
        <time>2026-09-12T11:16:24Z</time>
        <hdop>7.1</hdop>
        <extensions>
          <osmand:speed>1.5</osmand:speed>
        </extensions>
      </trkpt>
      <trkpt lat="46.4716209" lon="9.5870284">
        <ele>2558.9</ele>
        <time>2026-09-12T11:16:30Z</time>
        <hdop>9.2</hdop>
        <extensions>
          <osmand:speed>1.4</osmand:speed>
        </extensions>
      </trkpt>
      <trkpt lat="46.4716924" lon="9.5869874">
        <ele>2557.9</ele>
        <time>2026-09-12T11:16:36Z</time>
        <hdop>8.7</hdop>
        <extensions>
          <osmand:speed>1</osmand:speed>
        </extensions>
      </trkpt>
      <trkpt lat="46.4717677" lon="9.5869865">
        <ele>2556.9</ele>
        <time>2026-09-12T11:16:42Z</time>
        <hdop>7.7</hdop>
        <extensions>
          <osmand:speed>1.4</osmand:speed>
        </extensions>
      </trkpt>
      <trkpt lat="46.4718134" lon="9.5870233">
        <ele>2556.9</ele>
        <time>2026-09-12T11:16:48Z</time>
        <hdop>7.7</hdop>
        <extensions>
          <osmand:speed>1</osmand:speed>
        </extensions>
      </trkpt>
      <trkpt lat="46.4718331" lon="9.5870518">
        <ele>2555.9</ele>
        <time>2026-09-12T11:16:54Z</time>
        <hdop>6.6</hdop>
        <extensions>
          <osmand:speed>0.9</osmand:speed>
        </extensions>
      </trkpt>
      <trkpt lat="46.4718689" lon="9.5871262">
        <ele>2554.9</ele>
        <time>2026-09-12T11:17:00Z</time>
        <hdop>8.2</hdop>
        <extensions>
          <osmand:speed>0.9</osmand:speed>
        </extensions>
      </trkpt>
      <trkpt lat="46.4719364" lon="9.5871208">
        <ele>2553.9</ele>
        <time>2026-09-12T11:17:06Z</time>
        <hdop>8.2</hdop>
        <extensions>
          <osmand:speed>1.4</osmand:speed>
        </extensions>
      </trkpt>
      <trkpt lat="46.4720188" lon="9.5871181">
        <ele>2553.9</ele>
        <time>2026-09-12T11:17:12Z</time>
        <hdop>8.7</hdop>
        <extensions>
          <osmand:speed>1.2</osmand:speed>
        </extensions>
      </trkpt>
      <trkpt lat="46.4720691" lon="9.5870535">
        <ele>2551.9</ele>
        <time>2026-09-12T11:17:18Z</time>
        <hdop>9.2</hdop>
        <extensions>
          <osmand:speed>0.8</osmand:speed>
        </extensions>
      </trkpt>
      <trkpt lat="46.4721266" lon="9.586997">
        <ele>2553.9</ele>
        <time>2026-09-12T11:17:24Z</time>
        <hdop>10.2</hdop>
        <extensions>
          <osmand:speed>1</osmand:speed>
        </extensions>
      </trkpt>
      <trkpt lat="46.4721824" lon="9.5869757">
        <ele>2554.9</ele>
        <time>2026-09-12T11:17:30Z</time>
        <hdop>10.2</hdop>
        <extensions>
          <osmand:speed>1.3</osmand:speed>
        </extensions>
      </trkpt>
      <trkpt lat="46.4722318" lon="9.5869505">
        <ele>2553.9</ele>
        <time>2026-09-12T11:17:36Z</time>
        <hdop>10.7</hdop>
        <extensions>
          <osmand:speed>1.2</osmand:speed>
        </extensions>
      </trkpt>
      <trkpt lat="46.472282" lon="9.5869551">
        <ele>2553.9</ele>
        <time>2026-09-12T11:17:42Z</time>
        <hdop>7.1</hdop>
        <extensions>
          <osmand:speed>0.2</osmand:speed>
        </extensions>
      </trkpt>
      <trkpt lat="46.4722958" lon="9.5869309">
        <ele>2553.9</ele>
        <time>2026-09-12T11:17:58Z</time>
        <hdop>10.2</hdop>
        <extensions>
          <osmand:speed>1</osmand:speed>
        </extensions>
      </trkpt>
      <trkpt lat="46.4723548" lon="9.5869049">
        <ele>2552.9</ele>
        <time>2026-09-12T11:18:04Z</time>
        <hdop>8.7</hdop>
        <extensions>
          <osmand:speed>1.1</osmand:speed>
        </extensions>
      </trkpt>
      <trkpt lat="46.4724195" lon="9.5869225">
        <ele>2553.9</ele>
        <time>2026-09-12T11:18:10Z</time>
        <hdop>10.7</hdop>
        <extensions>
          <osmand:speed>0.8</osmand:speed>
        </extensions>
      </trkpt>
      <trkpt lat="46.4724907" lon="9.5868989">
        <ele>2555.9</ele>
        <time>2026-09-12T11:18:16Z</time>
        <hdop>9.7</hdop>
        <extensions>
          <osmand:speed>1.2</osmand:speed>
        </extensions>
      </trkpt>
      <trkpt lat="46.472554" lon="9.5868756">
        <ele>2554.9</ele>
        <time>2026-09-12T11:18:22Z</time>
        <hdop>8.2</hdop>
        <extensions>
          <osmand:speed>1.1</osmand:speed>
        </extensions>
      </trkpt>
      <trkpt lat="46.4725997" lon="9.58683">
        <ele>2554.9</ele>
        <time>2026-09-12T11:18:28Z</time>
        <hdop>9.2</hdop>
        <extensions>
          <osmand:speed>1.2</osmand:speed>
        </extensions>
      </trkpt>
      <trkpt lat="46.4726516" lon="9.5868299">
        <ele>2555.9</ele>
        <time>2026-09-12T11:18:34Z</time>
        <hdop>8.7</hdop>
        <extensions>
          <osmand:speed>1.1</osmand:speed>
        </extensions>
      </trkpt>
      <trkpt lat="46.4726976" lon="9.5868354">
        <ele>2553.9</ele>
        <time>2026-09-12T11:18:40Z</time>
        <hdop>7.1</hdop>
        <extensions>
          <osmand:speed>0.9</osmand:speed>
        </extensions>
      </trkpt>
      <trkpt lat="46.4727553" lon="9.586833">
        <ele>2552.9</ele>
        <time>2026-09-12T11:18:46Z</time>
        <hdop>8.7</hdop>
        <extensions>
          <osmand:speed>1.3</osmand:speed>
        </extensions>
      </trkpt>
      <trkpt lat="46.4728015" lon="9.5868368">
        <ele>2552.9</ele>
        <time>2026-09-12T11:18:52Z</time>
        <hdop>8.2</hdop>
        <extensions>
          <osmand:speed>0.8</osmand:speed>
        </extensions>
      </trkpt>
      <trkpt lat="46.4728637" lon="9.5868356">
        <ele>2551.9</ele>
        <time>2026-09-12T11:18:58Z</time>
        <hdop>8.2</hdop>
        <extensions>
          <osmand:speed>1.2</osmand:speed>
        </extensions>
      </trkpt>
      <trkpt lat="46.4729301" lon="9.5868204">
        <ele>2549.9</ele>
        <time>2026-09-12T11:19:04Z</time>
        <hdop>9.2</hdop>
        <extensions>
          <osmand:speed>0.8</osmand:speed>
        </extensions>
      </trkpt>
      <trkpt lat="46.4729833" lon="9.5867989">
        <ele>2549.9</ele>
        <time>2026-09-12T11:19:10Z</time>
        <hdop>9.2</hdop>
        <extensions>
          <osmand:speed>1</osmand:speed>
        </extensions>
      </trkpt>
      <trkpt lat="46.4730394" lon="9.5867695">
        <ele>2548.9</ele>
        <time>2026-09-12T11:19:16Z</time>
        <hdop>8.7</hdop>
        <extensions>
          <osmand:speed>0.9</osmand:speed>
        </extensions>
      </trkpt>
      <trkpt lat="46.4730967" lon="9.5867783">
        <ele>2548.9</ele>
        <time>2026-09-12T11:19:22Z</time>
        <hdop>9.7</hdop>
        <extensions>
          <osmand:speed>1</osmand:speed>
        </extensions>
      </trkpt>
      <trkpt lat="46.4731605" lon="9.5867585">
        <ele>2547.9</ele>
        <time>2026-09-12T11:19:28Z</time>
        <hdop>8.7</hdop>
        <extensions>
          <osmand:speed>1</osmand:speed>
        </extensions>
      </trkpt>
      <trkpt lat="46.4732416" lon="9.5867608">
        <ele>2546.9</ele>
        <time>2026-09-12T11:19:34Z</time>
        <hdop>7.7</hdop>
        <extensions>
          <osmand:speed>1.2</osmand:speed>
        </extensions>
      </trkpt>
      <trkpt lat="46.4733172" lon="9.5867647">
        <ele>2545.9</ele>
        <time>2026-09-12T11:19:40Z</time>
        <hdop>9.7</hdop>
        <extensions>
          <osmand:speed>1.4</osmand:speed>
        </extensions>
      </trkpt>
      <trkpt lat="46.4733644" lon="9.5867554">
        <ele>2545.9</ele>
        <time>2026-09-12T11:19:46Z</time>
        <hdop>8.7</hdop>
        <extensions>
          <osmand:speed>1.1</osmand:speed>
        </extensions>
      </trkpt>
      <trkpt lat="46.4734125" lon="9.5867677">
        <ele>2545.9</ele>
        <time>2026-09-12T11:19:52Z</time>
        <hdop>10.2</hdop>
        <extensions>
          <osmand:speed>0.9</osmand:speed>
        </extensions>
      </trkpt>
      <trkpt lat="46.473468" lon="9.5867945">
        <ele>2544.9</ele>
        <time>2026-09-12T11:19:58Z</time>
        <hdop>9.2</hdop>
        <extensions>
          <osmand:speed>0.9</osmand:speed>
        </extensions>
      </trkpt>
      <trkpt lat="46.4735404" lon="9.5867967">
        <ele>2544.9</ele>
        <time>2026-09-12T11:20:04Z</time>
        <hdop>8.7</hdop>
        <extensions>
          <osmand:speed>1</osmand:speed>
        </extensions>
      </trkpt>
      <trkpt lat="46.473605" lon="9.5868073">
        <ele>2543.9</ele>
        <time>2026-09-12T11:20:10Z</time>
        <hdop>10.2</hdop>
        <extensions>
          <osmand:speed>0.5</osmand:speed>
        </extensions>
      </trkpt>
      <trkpt lat="46.4736615" lon="9.5868036">
        <ele>2544.9</ele>
        <time>2026-09-12T11:20:16Z</time>
        <hdop>8.2</hdop>
        <extensions>
          <osmand:speed>0.7</osmand:speed>
        </extensions>
      </trkpt>
      <trkpt lat="46.473712" lon="9.5868035">
        <ele>2543.9</ele>
        <time>2026-09-12T11:20:22Z</time>
        <hdop>9.7</hdop>
        <extensions>
          <osmand:speed>1</osmand:speed>
        </extensions>
      </trkpt>
      <trkpt lat="46.4737685" lon="9.5868306">
        <ele>2542.9</ele>
        <time>2026-09-12T11:20:28Z</time>
        <hdop>9.7</hdop>
        <extensions>
          <osmand:speed>0.7</osmand:speed>
        </extensions>
      </trkpt>
      <trkpt lat="46.4738268" lon="9.5868452">
        <ele>2541.9</ele>
        <time>2026-09-12T11:20:34Z</time>
        <hdop>9.7</hdop>
        <extensions>
          <osmand:speed>0.9</osmand:speed>
        </extensions>
      </trkpt>
      <trkpt lat="46.4738914" lon="9.5868604">
        <ele>2542.9</ele>
        <time>2026-09-12T11:20:40Z</time>
        <hdop>9.2</hdop>
        <extensions>
          <osmand:speed>1.2</osmand:speed>
        </extensions>
      </trkpt>
      <trkpt lat="46.4739412" lon="9.5868643">
        <ele>2542.9</ele>
        <time>2026-09-12T11:20:46Z</time>
        <hdop>9.2</hdop>
        <extensions>
          <osmand:speed>0.4</osmand:speed>
        </extensions>
      </trkpt>
      <trkpt lat="46.4739521" lon="9.5868264">
        <ele>2543.9</ele>
        <time>2026-09-12T11:20:52Z</time>
        <hdop>8.2</hdop>
        <extensions>
          <osmand:speed>0.5</osmand:speed>
        </extensions>
      </trkpt>
      <trkpt lat="46.4739982" lon="9.586818">
        <ele>2543.9</ele>
        <time>2026-09-12T11:20:58Z</time>
        <hdop>9.7</hdop>
        <extensions>
          <osmand:speed>1.1</osmand:speed>
        </extensions>
      </trkpt>
      <trkpt lat="46.4740533" lon="9.586832">
        <ele>2543.9</ele>
        <time>2026-09-12T11:21:04Z</time>
        <hdop>9.7</hdop>
        <extensions>
          <osmand:speed>0.8</osmand:speed>
        </extensions>
      </trkpt>
      <trkpt lat="46.4740871" lon="9.5868079">
        <ele>2543.9</ele>
        <time>2026-09-12T11:21:10Z</time>
        <hdop>8.2</hdop>
        <extensions>
          <osmand:speed>0.1</osmand:speed>
        </extensions>
      </trkpt>
      <trkpt lat="46.4740774" lon="9.5867823">
        <ele>2545.9</ele>
        <time>2026-09-12T11:21:18Z</time>
        <hdop>7.7</hdop>
        <extensions>
          <osmand:speed>0.1</osmand:speed>
        </extensions>
      </trkpt>
      <trkpt lat="46.4740956" lon="9.5868093">
        <ele>2544.9</ele>
        <time>2026-09-12T11:21:24Z</time>
        <hdop>8.7</hdop>
        <extensions>
          <osmand:speed>0.8</osmand:speed>
        </extensions>
      </trkpt>
      <trkpt lat="46.4741483" lon="9.5868059">
        <ele>2542.9</ele>
        <time>2026-09-12T11:21:30Z</time>
        <hdop>8.7</hdop>
        <extensions>
          <osmand:speed>0.7</osmand:speed>
        </extensions>
      </trkpt>
      <trkpt lat="46.4742019" lon="9.5867907">
        <ele>2541.9</ele>
        <time>2026-09-12T11:21:36Z</time>
        <hdop>9.2</hdop>
        <extensions>
          <osmand:speed>1</osmand:speed>
        </extensions>
      </trkpt>
      <trkpt lat="46.4742461" lon="9.5868202">
        <ele>2540.9</ele>
        <time>2026-09-12T11:21:42Z</time>
        <hdop>9.7</hdop>
        <extensions>
          <osmand:speed>1.1</osmand:speed>
        </extensions>
      </trkpt>
      <trkpt lat="46.4743046" lon="9.5868086">
        <ele>2540.9</ele>
        <time>2026-09-12T11:21:48Z</time>
        <hdop>9.7</hdop>
        <extensions>
          <osmand:speed>0.6</osmand:speed>
        </extensions>
      </trkpt>
      <trkpt lat="46.4743714" lon="9.5867852">
        <ele>2538.9</ele>
        <time>2026-09-12T11:21:54Z</time>
        <hdop>7.7</hdop>
        <extensions>
          <osmand:speed>0.7</osmand:speed>
        </extensions>
      </trkpt>
      <trkpt lat="46.4743983" lon="9.5867743">
        <ele>2537.9</ele>
        <time>2026-09-12T11:22:00Z</time>
        <hdop>8.2</hdop>
        <extensions>
          <osmand:speed>0.9</osmand:speed>
        </extensions>
      </trkpt>
      <trkpt lat="46.4744683" lon="9.5867703">
        <ele>2536.9</ele>
        <time>2026-09-12T11:22:06Z</time>
        <hdop>7.7</hdop>
        <extensions>
          <osmand:speed>0.8</osmand:speed>
        </extensions>
      </trkpt>
      <trkpt lat="46.4745126" lon="9.5867447">
        <ele>2535.9</ele>
        <time>2026-09-12T11:22:12Z</time>
        <hdop>7.7</hdop>
        <extensions>
          <osmand:speed>0.9</osmand:speed>
        </extensions>
      </trkpt>
      <trkpt lat="46.4745722" lon="9.5867398">
        <ele>2534.9</ele>
        <time>2026-09-12T11:22:18Z</time>
        <hdop>7.7</hdop>
        <extensions>
          <osmand:speed>0.9</osmand:speed>
        </extensions>
      </trkpt>
      <trkpt lat="46.4746173" lon="9.5867669">
        <ele>2532.9</ele>
        <time>2026-09-12T11:22:24Z</time>
        <hdop>8.7</hdop>
        <extensions>
          <osmand:speed>1</osmand:speed>
        </extensions>
      </trkpt>
      <trkpt lat="46.4746745" lon="9.5867772">
        <ele>2531.9</ele>
        <time>2026-09-12T11:22:30Z</time>
        <hdop>8.7</hdop>
        <extensions>
          <osmand:speed>0.6</osmand:speed>
        </extensions>
      </trkpt>
      <trkpt lat="46.4747281" lon="9.5867852">
        <ele>2529.9</ele>
        <time>2026-09-12T11:22:36Z</time>
        <hdop>8.7</hdop>
        <extensions>
          <osmand:speed>0.7</osmand:speed>
        </extensions>
      </trkpt>
      <trkpt lat="46.4747705" lon="9.586795">
        <ele>2530.9</ele>
        <time>2026-09-12T11:22:42Z</time>
        <hdop>8.7</hdop>
        <extensions>
          <osmand:speed>1</osmand:speed>
        </extensions>
      </trkpt>
      <trkpt lat="46.4748194" lon="9.5868385">
        <ele>2529.9</ele>
        <time>2026-09-12T11:22:48Z</time>
        <hdop>8.7</hdop>
        <extensions>
          <osmand:speed>1</osmand:speed>
        </extensions>
      </trkpt>
      <trkpt lat="46.4748501" lon="9.5868418">
        <ele>2526.9</ele>
        <time>2026-09-12T11:22:54Z</time>
        <hdop>9.7</hdop>
        <extensions>
          <osmand:speed>0.6</osmand:speed>
        </extensions>
      </trkpt>
      <trkpt lat="46.4748953" lon="9.5868556">
        <ele>2525.9</ele>
        <time>2026-09-12T11:23:00Z</time>
        <hdop>8.2</hdop>
        <extensions>
          <osmand:speed>0.8</osmand:speed>
        </extensions>
      </trkpt>
      <trkpt lat="46.474943" lon="9.5868587">
        <ele>2525.9</ele>
        <time>2026-09-12T11:23:06Z</time>
        <hdop>8.2</hdop>
        <extensions>
          <osmand:speed>0.8</osmand:speed>
        </extensions>
      </trkpt>
      <trkpt lat="46.4749798" lon="9.5868915">
        <ele>2524.9</ele>
        <time>2026-09-12T11:23:12Z</time>
        <hdop>9.2</hdop>
        <extensions>
          <osmand:speed>0.5</osmand:speed>
        </extensions>
      </trkpt>
      <trkpt lat="46.4750108" lon="9.58693">
        <ele>2523.9</ele>
        <time>2026-09-12T11:23:18Z</time>
        <hdop>9.2</hdop>
        <extensions>
          <osmand:speed>1.2</osmand:speed>
        </extensions>
      </trkpt>
      <trkpt lat="46.4750463" lon="9.5869739">
        <ele>2525.9</ele>
        <time>2026-09-12T11:23:24Z</time>
        <hdop>10.2</hdop>
        <extensions>
          <osmand:speed>0.9</osmand:speed>
        </extensions>
      </trkpt>
      <trkpt lat="46.4750916" lon="9.5869985">
        <ele>2525.9</ele>
        <time>2026-09-12T11:23:30Z</time>
        <hdop>10.7</hdop>
        <extensions>
          <osmand:speed>0.6</osmand:speed>
        </extensions>
      </trkpt>
      <trkpt lat="46.4751385" lon="9.5870195">
        <ele>2524.9</ele>
        <time>2026-09-12T11:23:36Z</time>
        <hdop>7.7</hdop>
        <extensions>
          <osmand:speed>0.8</osmand:speed>
        </extensions>
      </trkpt>
      <trkpt lat="46.4751785" lon="9.5870405">
        <ele>2524.9</ele>
        <time>2026-09-12T11:23:42Z</time>
        <hdop>8.2</hdop>
        <extensions>
          <osmand:speed>0.6</osmand:speed>
        </extensions>
      </trkpt>
      <trkpt lat="46.4752137" lon="9.5870242">
        <ele>2522.9</ele>
        <time>2026-09-12T11:23:48Z</time>
        <hdop>8.7</hdop>
        <extensions>
          <osmand:speed>0.6</osmand:speed>
        </extensions>
      </trkpt>
      <trkpt lat="46.4752526" lon="9.5870541">
        <ele>2522.9</ele>
        <time>2026-09-12T11:23:54Z</time>
        <hdop>9.2</hdop>
        <extensions>
          <osmand:speed>0.8</osmand:speed>
        </extensions>
      </trkpt>
      <trkpt lat="46.475276" lon="9.5870795">
        <ele>2521.9</ele>
        <time>2026-09-12T11:24:00Z</time>
        <hdop>7.7</hdop>
        <extensions>
          <osmand:speed>0.4</osmand:speed>
        </extensions>
      </trkpt>
      <trkpt lat="46.475294" lon="9.5870809">
        <ele>2520.9</ele>
        <time>2026-09-12T11:24:07Z</time>
        <hdop>6.1</hdop>
        <extensions>
          <osmand:speed>0.9</osmand:speed>
        </extensions>
      </trkpt>
      <trkpt lat="46.4753299" lon="9.5870725">
        <ele>2519.9</ele>
        <time>2026-09-12T11:24:13Z</time>
        <hdop>7.1</hdop>
        <extensions>
          <osmand:speed>0.4</osmand:speed>
        </extensions>
      </trkpt>
      <trkpt lat="46.475351" lon="9.5870628">
        <ele>2518.9</ele>
        <time>2026-09-12T11:24:20Z</time>
        <hdop>6.6</hdop>
        <extensions>
          <osmand:speed>0.5</osmand:speed>
        </extensions>
      </trkpt>
      <trkpt lat="46.475371" lon="9.5870497">
        <ele>2519.9</ele>
        <time>2026-09-12T11:24:26Z</time>
        <hdop>7.7</hdop>
        <extensions>
          <osmand:speed>0.8</osmand:speed>
        </extensions>
      </trkpt>
      <trkpt lat="46.4754143" lon="9.5870756">
        <ele>2518.9</ele>
        <time>2026-09-12T11:24:32Z</time>
        <hdop>8.7</hdop>
        <extensions>
          <osmand:speed>0.7</osmand:speed>
        </extensions>
      </trkpt>
      <trkpt lat="46.4754613" lon="9.5870815">
        <ele>2517.9</ele>
        <time>2026-09-12T11:24:38Z</time>
        <hdop>9.2</hdop>
        <extensions>
          <osmand:speed>1.1</osmand:speed>
        </extensions>
      </trkpt>
      <trkpt lat="46.4755049" lon="9.5871286">
        <ele>2517.9</ele>
        <time>2026-09-12T11:24:44Z</time>
        <hdop>8.7</hdop>
        <extensions>
          <osmand:speed>1</osmand:speed>
        </extensions>
      </trkpt>
      <trkpt lat="46.4755352" lon="9.5871312">
        <ele>2516.9</ele>
        <time>2026-09-12T11:24:50Z</time>
        <hdop>9.2</hdop>
        <extensions>
          <osmand:speed>0.7</osmand:speed>
        </extensions>
      </trkpt>
      <trkpt lat="46.4755734" lon="9.5871342">
        <ele>2516.9</ele>
        <time>2026-09-12T11:24:56Z</time>
        <hdop>7.1</hdop>
        <extensions>
          <osmand:speed>1.1</osmand:speed>
        </extensions>
      </trkpt>
      <trkpt lat="46.4756225" lon="9.5871359">
        <ele>2515.9</ele>
        <time>2026-09-12T11:25:02Z</time>
        <hdop>5.6</hdop>
        <extensions>
          <osmand:speed>0.9</osmand:speed>
        </extensions>
      </trkpt>
      <trkpt lat="46.475668" lon="9.5871189">
        <ele>2515.9</ele>
        <time>2026-09-12T11:25:08Z</time>
        <hdop>6.1</hdop>
        <extensions>
          <osmand:speed>0.8</osmand:speed>
        </extensions>
      </trkpt>
      <trkpt lat="46.4756987" lon="9.5871406">
        <ele>2513.9</ele>
        <time>2026-09-12T11:25:14Z</time>
        <hdop>6.6</hdop>
        <extensions>
          <osmand:speed>0.3</osmand:speed>
        </extensions>
      </trkpt>
      <trkpt lat="46.4757206" lon="9.5871323">
        <ele>2512.9</ele>
        <time>2026-09-12T11:25:20Z</time>
        <hdop>6.6</hdop>
        <extensions>
          <osmand:speed>0.7</osmand:speed>
        </extensions>
      </trkpt>
      <trkpt lat="46.4757386" lon="9.5871231">
        <ele>2512.9</ele>
        <time>2026-09-12T11:25:26Z</time>
        <hdop>6.1</hdop>
      </trkpt>
      <trkpt lat="46.4757506" lon="9.5871478">
        <ele>2511.9</ele>
        <time>2026-09-12T11:25:32Z</time>
        <hdop>8.7</hdop>
        <extensions>
          <osmand:speed>0.4</osmand:speed>
        </extensions>
      </trkpt>
      <trkpt lat="46.4757848" lon="9.5871541">
        <ele>2509.9</ele>
        <time>2026-09-12T11:25:38Z</time>
        <hdop>7.7</hdop>
        <extensions>
          <osmand:speed>0.5</osmand:speed>
        </extensions>
      </trkpt>
      <trkpt lat="46.4758031" lon="9.5871726">
        <ele>2508.9</ele>
        <time>2026-09-12T11:25:46Z</time>
        <hdop>8.7</hdop>
        <extensions>
          <osmand:speed>0.7</osmand:speed>
        </extensions>
      </trkpt>
      <trkpt lat="46.4758503" lon="9.5871875">
        <ele>2509.9</ele>
        <time>2026-09-12T11:25:52Z</time>
        <hdop>7.7</hdop>
        <extensions>
          <osmand:speed>0.6</osmand:speed>
        </extensions>
      </trkpt>
      <trkpt lat="46.4758762" lon="9.5872045">
        <ele>2508.9</ele>
        <time>2026-09-12T11:25:58Z</time>
        <hdop>10.2</hdop>
        <extensions>
          <osmand:speed>0.3</osmand:speed>
        </extensions>
      </trkpt>
      <trkpt lat="46.4759009" lon="9.5871803">
        <ele>2507.9</ele>
        <time>2026-09-12T11:26:04Z</time>
        <hdop>7.7</hdop>
        <extensions>
          <osmand:speed>0.6</osmand:speed>
        </extensions>
      </trkpt>
      <trkpt lat="46.4759016" lon="9.5871396">
        <ele>2507.9</ele>
        <time>2026-09-12T11:26:10Z</time>
        <hdop>8.2</hdop>
        <extensions>
          <osmand:speed>0.3</osmand:speed>
        </extensions>
      </trkpt>
      <trkpt lat="46.4759234" lon="9.5871138">
        <ele>2506.9</ele>
        <time>2026-09-12T11:26:16Z</time>
        <hdop>6.6</hdop>
        <extensions>
          <osmand:speed>0.8</osmand:speed>
        </extensions>
      </trkpt>
      <trkpt lat="46.4759497" lon="9.58708">
        <ele>2506.9</ele>
        <time>2026-09-12T11:26:22Z</time>
        <hdop>6.1</hdop>
        <extensions>
          <osmand:speed>0.5</osmand:speed>
        </extensions>
      </trkpt>
      <trkpt lat="46.4759675" lon="9.5870417">
        <ele>2506.9</ele>
        <time>2026-09-12T11:26:28Z</time>
        <hdop>8.2</hdop>
        <extensions>
          <osmand:speed>0.4</osmand:speed>
        </extensions>
      </trkpt>
      <trkpt lat="46.4759822" lon="9.5869977">
        <ele>2505.9</ele>
        <time>2026-09-12T11:26:34Z</time>
        <hdop>7.7</hdop>
        <extensions>
          <osmand:speed>1</osmand:speed>
        </extensions>
      </trkpt>
      <trkpt lat="46.4759971" lon="9.5869486">
        <ele>2504.9</ele>
        <time>2026-09-12T11:26:40Z</time>
        <hdop>6.6</hdop>
        <extensions>
          <osmand:speed>0.7</osmand:speed>
        </extensions>
      </trkpt>
      <trkpt lat="46.4760194" lon="9.5869336">
        <ele>2504.9</ele>
        <time>2026-09-12T11:26:46Z</time>
        <hdop>6.6</hdop>
        <extensions>
          <osmand:speed>1</osmand:speed>
        </extensions>
      </trkpt>
      <trkpt lat="46.4760642" lon="9.5868908">
        <ele>2501.9</ele>
        <time>2026-09-12T11:26:52Z</time>
        <hdop>6.1</hdop>
        <extensions>
          <osmand:speed>0.9</osmand:speed>
        </extensions>
      </trkpt>
      <trkpt lat="46.4760932" lon="9.5868286">
        <ele>2497.9</ele>
        <time>2026-09-12T11:26:58Z</time>
        <hdop>6.6</hdop>
        <extensions>
          <osmand:speed>1</osmand:speed>
        </extensions>
      </trkpt>
      <trkpt lat="46.4761065" lon="9.5867644">
        <ele>2495.9</ele>
        <time>2026-09-12T11:27:04Z</time>
        <hdop>6.1</hdop>
        <extensions>
          <osmand:speed>0.7</osmand:speed>
        </extensions>
      </trkpt>
      <trkpt lat="46.4760966" lon="9.5867097">
        <ele>2495.9</ele>
        <time>2026-09-12T11:27:10Z</time>
        <hdop>9.2</hdop>
        <extensions>
          <osmand:speed>1.1</osmand:speed>
        </extensions>
      </trkpt>
      <trkpt lat="46.4761195" lon="9.5866627">
        <ele>2495.9</ele>
        <time>2026-09-12T11:27:16Z</time>
        <hdop>7.7</hdop>
        <extensions>
          <osmand:speed>0.5</osmand:speed>
        </extensions>
      </trkpt>
      <trkpt lat="46.4761345" lon="9.5866443">
        <ele>2495.9</ele>
        <time>2026-09-12T11:27:23Z</time>
        <hdop>10.2</hdop>
        <extensions>
          <osmand:speed>0.3</osmand:speed>
        </extensions>
      </trkpt>
      <trkpt lat="46.4761301" lon="9.5866148">
        <ele>2495.9</ele>
        <time>2026-09-12T11:27:29Z</time>
        <hdop>9.2</hdop>
      </trkpt>
      <trkpt lat="46.4761431" lon="9.5865935">
        <ele>2494.9</ele>
        <time>2026-09-12T11:27:56Z</time>
        <hdop>11.2</hdop>
        <extensions>
          <osmand:speed>1.2</osmand:speed>
        </extensions>
      </trkpt>
      <trkpt lat="46.4761837" lon="9.5865623">
        <ele>2494.9</ele>
        <time>2026-09-12T11:28:02Z</time>
        <hdop>8.7</hdop>
        <extensions>
          <osmand:speed>0.6</osmand:speed>
        </extensions>
      </trkpt>
      <trkpt lat="46.4762016" lon="9.5865158">
        <ele>2493.9</ele>
        <time>2026-09-12T11:28:08Z</time>
        <hdop>8.2</hdop>
        <extensions>
          <osmand:speed>0.9</osmand:speed>
        </extensions>
      </trkpt>
      <trkpt lat="46.476228" lon="9.5864858">
        <ele>2491.9</ele>
        <time>2026-09-12T11:28:14Z</time>
        <hdop>7.1</hdop>
        <extensions>
          <osmand:speed>0.6</osmand:speed>
        </extensions>
      </trkpt>
      <trkpt lat="46.4762633" lon="9.5864609">
        <ele>2490.9</ele>
        <time>2026-09-12T11:28:20Z</time>
        <hdop>7.7</hdop>
        <extensions>
          <osmand:speed>0.4</osmand:speed>
        </extensions>
      </trkpt>
      <trkpt lat="46.4762875" lon="9.5864422">
        <ele>2488.9</ele>
        <time>2026-09-12T11:28:26Z</time>
        <hdop>6.6</hdop>
        <extensions>
          <osmand:speed>0.9</osmand:speed>
        </extensions>
      </trkpt>
      <trkpt lat="46.4763104" lon="9.5864169">
        <ele>2486.9</ele>
        <time>2026-09-12T11:28:32Z</time>
        <hdop>7.7</hdop>
        <extensions>
          <osmand:speed>0.3</osmand:speed>
        </extensions>
      </trkpt>
      <trkpt lat="46.476339" lon="9.5864039">
        <ele>2484.9</ele>
        <time>2026-09-12T11:28:38Z</time>
        <hdop>8.2</hdop>
        <extensions>
          <osmand:speed>0.6</osmand:speed>
        </extensions>
      </trkpt>
      <trkpt lat="46.4763644" lon="9.5863995">
        <ele>2483.9</ele>
        <time>2026-09-12T11:28:44Z</time>
        <hdop>7.1</hdop>
        <extensions>
          <osmand:speed>0.6</osmand:speed>
        </extensions>
      </trkpt>
      <trkpt lat="46.4763961" lon="9.586383">
        <ele>2482.9</ele>
        <time>2026-09-12T11:28:50Z</time>
        <hdop>8.2</hdop>
        <extensions>
          <osmand:speed>0.5</osmand:speed>
        </extensions>
      </trkpt>
      <trkpt lat="46.4764311" lon="9.5863601">
        <ele>2482.9</ele>
        <time>2026-09-12T11:28:56Z</time>
        <hdop>8.2</hdop>
        <extensions>
          <osmand:speed>1.1</osmand:speed>
        </extensions>
      </trkpt>
      <trkpt lat="46.4764863" lon="9.5863433">
        <ele>2481.9</ele>
        <time>2026-09-12T11:29:02Z</time>
        <hdop>8.2</hdop>
        <extensions>
          <osmand:speed>1</osmand:speed>
        </extensions>
      </trkpt>
      <trkpt lat="46.4765315" lon="9.5863077">
        <ele>2480.9</ele>
        <time>2026-09-12T11:29:08Z</time>
        <hdop>6.1</hdop>
        <extensions>
          <osmand:speed>1.1</osmand:speed>
        </extensions>
      </trkpt>
      <trkpt lat="46.4765424" lon="9.5862857">
        <ele>2480.9</ele>
        <time>2026-09-12T11:29:14Z</time>
        <hdop>6.1</hdop>
        <extensions>
          <osmand:speed>0.9</osmand:speed>
        </extensions>
      </trkpt>
      <trkpt lat="46.4765515" lon="9.5862558">
        <ele>2480.9</ele>
        <time>2026-09-12T11:29:22Z</time>
        <hdop>8.7</hdop>
        <extensions>
          <osmand:speed>0.8</osmand:speed>
        </extensions>
      </trkpt>
      <trkpt lat="46.476571" lon="9.5862288">
        <ele>2479.9</ele>
        <time>2026-09-12T11:29:28Z</time>
        <hdop>6.6</hdop>
        <extensions>
          <osmand:speed>0.4</osmand:speed>
        </extensions>
      </trkpt>
      <trkpt lat="46.4765858" lon="9.5861994">
        <ele>2479.9</ele>
        <time>2026-09-12T11:29:34Z</time>
        <hdop>7.7</hdop>
        <extensions>
          <osmand:speed>0.9</osmand:speed>
        </extensions>
      </trkpt>
      <trkpt lat="46.4766123" lon="9.5861579">
        <ele>2479.9</ele>
        <time>2026-09-12T11:29:40Z</time>
        <hdop>6.1</hdop>
        <extensions>
          <osmand:speed>0.8</osmand:speed>
        </extensions>
      </trkpt>
      <trkpt lat="46.476657" lon="9.5860988">
        <ele>2475.9</ele>
        <time>2026-09-12T11:29:46Z</time>
        <hdop>6.1</hdop>
        <extensions>
          <osmand:speed>1.1</osmand:speed>
        </extensions>
      </trkpt>
      <trkpt lat="46.4767136" lon="9.5861092">
        <ele>2475.9</ele>
        <time>2026-09-12T11:29:52Z</time>
        <hdop>7.1</hdop>
        <extensions>
          <osmand:speed>0.4</osmand:speed>
        </extensions>
      </trkpt>
      <trkpt lat="46.4767334" lon="9.5861177">
        <ele>2473.9</ele>
        <time>2026-09-12T11:30:00Z</time>
        <hdop>7.1</hdop>
        <extensions>
          <osmand:speed>0.6</osmand:speed>
        </extensions>
      </trkpt>
      <trkpt lat="46.4767832" lon="9.5861434">
        <ele>2472.9</ele>
        <time>2026-09-12T11:30:06Z</time>
        <hdop>8.7</hdop>
        <extensions>
          <osmand:speed>0.8</osmand:speed>
        </extensions>
      </trkpt>
      <trkpt lat="46.4768172" lon="9.5860887">
        <ele>2470.9</ele>
        <time>2026-09-12T11:30:12Z</time>
        <hdop>6.1</hdop>
        <extensions>
          <osmand:speed>0.8</osmand:speed>
        </extensions>
      </trkpt>
      <trkpt lat="46.4768775" lon="9.5860628">
        <ele>2469.9</ele>
        <time>2026-09-12T11:30:18Z</time>
        <hdop>8.7</hdop>
        <extensions>
          <osmand:speed>0.9</osmand:speed>
        </extensions>
      </trkpt>
      <trkpt lat="46.4769046" lon="9.586056">
        <ele>2468.9</ele>
        <time>2026-09-12T11:30:24Z</time>
        <hdop>8.7</hdop>
        <extensions>
          <osmand:speed>0.9</osmand:speed>
        </extensions>
      </trkpt>
      <trkpt lat="46.4769271" lon="9.5860424">
        <ele>2467.9</ele>
        <time>2026-09-12T11:30:30Z</time>
        <hdop>7.7</hdop>
        <extensions>
          <osmand:speed>0.6</osmand:speed>
        </extensions>
      </trkpt>
      <trkpt lat="46.4769448" lon="9.5860245">
        <ele>2465.9</ele>
        <time>2026-09-12T11:30:36Z</time>
        <hdop>7.7</hdop>
        <extensions>
          <osmand:speed>0.9</osmand:speed>
        </extensions>
      </trkpt>
      <trkpt lat="46.4769591" lon="9.5859914">
        <ele>2465.9</ele>
        <time>2026-09-12T11:30:42Z</time>
        <hdop>7.1</hdop>
        <extensions>
          <osmand:speed>0.5</osmand:speed>
        </extensions>
      </trkpt>
      <trkpt lat="46.4769972" lon="9.5859812">
        <ele>2464.9</ele>
        <time>2026-09-12T11:30:48Z</time>
        <hdop>8.7</hdop>
        <extensions>
          <osmand:speed>0.7</osmand:speed>
        </extensions>
      </trkpt>
      <trkpt lat="46.4770418" lon="9.5859603">
        <ele>2463.9</ele>
        <time>2026-09-12T11:30:54Z</time>
        <hdop>8.7</hdop>
        <extensions>
          <osmand:speed>0.9</osmand:speed>
        </extensions>
      </trkpt>
      <trkpt lat="46.4770863" lon="9.5859457">
        <ele>2461.9</ele>
        <time>2026-09-12T11:31:00Z</time>
        <hdop>6.1</hdop>
        <extensions>
          <osmand:speed>0.9</osmand:speed>
        </extensions>
      </trkpt>
      <trkpt lat="46.4771251" lon="9.5859467">
        <ele>2460.9</ele>
        <time>2026-09-12T11:31:06Z</time>
        <hdop>6.1</hdop>
        <extensions>
          <osmand:speed>0.9</osmand:speed>
        </extensions>
      </trkpt>
      <trkpt lat="46.4771804" lon="9.5859415">
        <ele>2458.9</ele>
        <time>2026-09-12T11:31:12Z</time>
        <hdop>9.2</hdop>
        <extensions>
          <osmand:speed>0.8</osmand:speed>
        </extensions>
      </trkpt>
      <trkpt lat="46.4772005" lon="9.58596">
        <ele>2458.9</ele>
        <time>2026-09-12T11:31:18Z</time>
        <hdop>8.7</hdop>
        <extensions>
          <osmand:speed>0</osmand:speed>
        </extensions>
      </trkpt>
      <trkpt lat="46.4772179" lon="9.5859528">
        <ele>2455.9</ele>
        <time>2026-09-12T11:31:31Z</time>
        <hdop>9.2</hdop>
        <extensions>
          <osmand:speed>0</osmand:speed>
        </extensions>
      </trkpt>
      <trkpt lat="46.4772002" lon="9.5859387">
        <ele>2457.9</ele>
        <time>2026-09-12T11:31:49Z</time>
        <hdop>8.7</hdop>
        <extensions>
          <osmand:speed>0.4</osmand:speed>
        </extensions>
      </trkpt>
      <trkpt lat="46.4772191" lon="9.5858975">
        <ele>2455.9</ele>
        <time>2026-09-12T11:31:55Z</time>
        <hdop>7.1</hdop>
        <extensions>
          <osmand:speed>0.6</osmand:speed>
        </extensions>
      </trkpt>
      <trkpt lat="46.4772494" lon="9.5858716">
        <ele>2453.9</ele>
        <time>2026-09-12T11:32:01Z</time>
        <hdop>7.1</hdop>
        <extensions>
          <osmand:speed>0.6</osmand:speed>
        </extensions>
      </trkpt>
      <trkpt lat="46.4772992" lon="9.5858107">
        <ele>2453.9</ele>
        <time>2026-09-12T11:32:07Z</time>
        <hdop>6.6</hdop>
        <extensions>
          <osmand:speed>0.8</osmand:speed>
        </extensions>
      </trkpt>
      <trkpt lat="46.4773225" lon="9.5857412">
        <ele>2453.9</ele>
        <time>2026-09-12T11:32:13Z</time>
        <hdop>6.6</hdop>
        <extensions>
          <osmand:speed>0.9</osmand:speed>
        </extensions>
      </trkpt>
      <trkpt lat="46.4773605" lon="9.585752">
        <ele>2452.9</ele>
        <time>2026-09-12T11:32:19Z</time>
        <hdop>8.2</hdop>
        <extensions>
          <osmand:speed>1</osmand:speed>
        </extensions>
      </trkpt>
      <trkpt lat="46.4774025" lon="9.5857376">
        <ele>2450.9</ele>
        <time>2026-09-12T11:32:25Z</time>
        <hdop>5.1</hdop>
        <extensions>
          <osmand:speed>0.6</osmand:speed>
        </extensions>
      </trkpt>
      <trkpt lat="46.4774409" lon="9.5857049">
        <ele>2450.9</ele>
        <time>2026-09-12T11:32:31Z</time>
        <hdop>7.7</hdop>
        <extensions>
          <osmand:speed>0.8</osmand:speed>
        </extensions>
      </trkpt>
      <trkpt lat="46.477477" lon="9.585716">
        <ele>2450.9</ele>
        <time>2026-09-12T11:32:37Z</time>
        <hdop>8.2</hdop>
        <extensions>
          <osmand:speed>0.6</osmand:speed>
        </extensions>
      </trkpt>
      <trkpt lat="46.47752" lon="9.585711">
        <ele>2449.9</ele>
        <time>2026-09-12T11:32:43Z</time>
        <hdop>8.7</hdop>
        <extensions>
          <osmand:speed>0.9</osmand:speed>
        </extensions>
      </trkpt>
      <trkpt lat="46.4775665" lon="9.5856932">
        <ele>2449.9</ele>
        <time>2026-09-12T11:32:49Z</time>
        <hdop>8.7</hdop>
        <extensions>
          <osmand:speed>0.8</osmand:speed>
        </extensions>
      </trkpt>
      <trkpt lat="46.4775888" lon="9.5856558">
        <ele>2448.9</ele>
        <time>2026-09-12T11:32:55Z</time>
        <hdop>7.7</hdop>
        <extensions>
          <osmand:speed>1.4</osmand:speed>
        </extensions>
      </trkpt>
      <trkpt lat="46.4776187" lon="9.5856241">
        <ele>2447.9</ele>
        <time>2026-09-12T11:33:01Z</time>
        <hdop>6.1</hdop>
        <extensions>
          <osmand:speed>0.5</osmand:speed>
        </extensions>
      </trkpt>
      <trkpt lat="46.4776438" lon="9.5856016">
        <ele>2446.9</ele>
        <time>2026-09-12T11:33:07Z</time>
        <hdop>7.1</hdop>
        <extensions>
          <osmand:speed>0.6</osmand:speed>
        </extensions>
      </trkpt>
      <trkpt lat="46.4776939" lon="9.5855718">
        <ele>2446.9</ele>
        <time>2026-09-12T11:33:13Z</time>
        <hdop>8.7</hdop>
        <extensions>
          <osmand:speed>1</osmand:speed>
        </extensions>
      </trkpt>
      <trkpt lat="46.4777511" lon="9.5855508">
        <ele>2443.9</ele>
        <time>2026-09-12T11:33:19Z</time>
        <hdop>8.7</hdop>
        <extensions>
          <osmand:speed>1.1</osmand:speed>
        </extensions>
      </trkpt>
      <trkpt lat="46.4778074" lon="9.5855019">
        <ele>2442.9</ele>
        <time>2026-09-12T11:33:25Z</time>
        <hdop>8.2</hdop>
        <extensions>
          <osmand:speed>1.5</osmand:speed>
        </extensions>
      </trkpt>
      <trkpt lat="46.4778725" lon="9.585473">
        <ele>2440.9</ele>
        <time>2026-09-12T11:33:31Z</time>
        <hdop>7.1</hdop>
        <extensions>
          <osmand:speed>0.6</osmand:speed>
        </extensions>
      </trkpt>
      <trkpt lat="46.477924" lon="9.5854461">
        <ele>2439.9</ele>
        <time>2026-09-12T11:33:37Z</time>
        <hdop>8.2</hdop>
        <extensions>
          <osmand:speed>1.2</osmand:speed>
        </extensions>
      </trkpt>
      <trkpt lat="46.4780014" lon="9.585474">
        <ele>2439.9</ele>
        <time>2026-09-12T11:33:43Z</time>
        <hdop>9.2</hdop>
        <extensions>
          <osmand:speed>1.2</osmand:speed>
        </extensions>
      </trkpt>
      <trkpt lat="46.4780597" lon="9.585454">
        <ele>2437.9</ele>
        <time>2026-09-12T11:33:49Z</time>
        <hdop>8.7</hdop>
        <extensions>
          <osmand:speed>1.5</osmand:speed>
        </extensions>
      </trkpt>
      <trkpt lat="46.4781266" lon="9.5854662">
        <ele>2436.9</ele>
        <time>2026-09-12T11:33:55Z</time>
        <hdop>7.7</hdop>
        <extensions>
          <osmand:speed>1.1</osmand:speed>
        </extensions>
      </trkpt>
      <trkpt lat="46.4781745" lon="9.58546">
        <ele>2433.9</ele>
        <time>2026-09-12T11:34:01Z</time>
        <hdop>9.7</hdop>
        <extensions>
          <osmand:speed>0.7</osmand:speed>
        </extensions>
      </trkpt>
      <trkpt lat="46.4782144" lon="9.5854496">
        <ele>2432.9</ele>
        <time>2026-09-12T11:34:07Z</time>
        <hdop>9.2</hdop>
        <extensions>
          <osmand:speed>0.9</osmand:speed>
        </extensions>
      </trkpt>
      <trkpt lat="46.4782773" lon="9.5854766">
        <ele>2431.9</ele>
        <time>2026-09-12T11:34:13Z</time>
        <hdop>8.7</hdop>
        <extensions>
          <osmand:speed>1.1</osmand:speed>
        </extensions>
      </trkpt>
      <trkpt lat="46.4783406" lon="9.5854767">
        <ele>2431.9</ele>
        <time>2026-09-12T11:34:19Z</time>
        <hdop>10.7</hdop>
        <extensions>
          <osmand:speed>1.1</osmand:speed>
        </extensions>
      </trkpt>
      <trkpt lat="46.4784012" lon="9.5854801">
        <ele>2431.9</ele>
        <time>2026-09-12T11:34:25Z</time>
        <hdop>10.2</hdop>
        <extensions>
          <osmand:speed>1.1</osmand:speed>
        </extensions>
      </trkpt>
      <trkpt lat="46.4784674" lon="9.5855005">
        <ele>2431.9</ele>
        <time>2026-09-12T11:34:31Z</time>
        <hdop>8.7</hdop>
        <extensions>
          <osmand:speed>0.6</osmand:speed>
        </extensions>
      </trkpt>
      <trkpt lat="46.4785277" lon="9.5855475">
        <ele>2431.9</ele>
        <time>2026-09-12T11:34:37Z</time>
        <hdop>9.2</hdop>
        <extensions>
          <osmand:speed>1.3</osmand:speed>
        </extensions>
      </trkpt>
      <trkpt lat="46.4785798" lon="9.5856032">
        <ele>2429.9</ele>
        <time>2026-09-12T11:34:43Z</time>
        <hdop>8.2</hdop>
        <extensions>
          <osmand:speed>1.3</osmand:speed>
        </extensions>
      </trkpt>
      <trkpt lat="46.4786414" lon="9.5856105">
        <ele>2428.9</ele>
        <time>2026-09-12T11:34:49Z</time>
        <hdop>8.2</hdop>
        <extensions>
          <osmand:speed>1</osmand:speed>
        </extensions>
      </trkpt>
      <trkpt lat="46.4786958" lon="9.5856346">
        <ele>2427.9</ele>
        <time>2026-09-12T11:34:55Z</time>
        <hdop>8.7</hdop>
        <extensions>
          <osmand:speed>0.8</osmand:speed>
        </extensions>
      </trkpt>
      <trkpt lat="46.4787132" lon="9.585645">
        <ele>2427.9</ele>
        <time>2026-09-12T11:35:01Z</time>
        <hdop>7.7</hdop>
      </trkpt>
      <trkpt lat="46.4787329" lon="9.5856369">
        <ele>2426.9</ele>
        <time>2026-09-12T11:35:09Z</time>
        <hdop>9.7</hdop>
        <extensions>
          <osmand:speed>1.3</osmand:speed>
        </extensions>
      </trkpt>
      <trkpt lat="46.4787827" lon="9.5856399">
        <ele>2426.9</ele>
        <time>2026-09-12T11:35:15Z</time>
        <hdop>9.7</hdop>
        <extensions>
          <osmand:speed>1</osmand:speed>
        </extensions>
      </trkpt>
      <trkpt lat="46.478841" lon="9.5856456">
        <ele>2426.9</ele>
        <time>2026-09-12T11:35:21Z</time>
        <hdop>9.2</hdop>
        <extensions>
          <osmand:speed>0.8</osmand:speed>
        </extensions>
      </trkpt>
      <trkpt lat="46.4788796" lon="9.5857179">
        <ele>2425.9</ele>
        <time>2026-09-12T11:35:27Z</time>
        <hdop>7.7</hdop>
        <extensions>
          <osmand:speed>1.1</osmand:speed>
        </extensions>
      </trkpt>
      <trkpt lat="46.4789199" lon="9.5857957">
        <ele>2425.9</ele>
        <time>2026-09-12T11:35:33Z</time>
        <hdop>7.1</hdop>
        <extensions>
          <osmand:speed>0.9</osmand:speed>
        </extensions>
      </trkpt>
      <trkpt lat="46.4789761" lon="9.5857796">
        <ele>2425.9</ele>
        <time>2026-09-12T11:35:39Z</time>
        <hdop>6.1</hdop>
        <extensions>
          <osmand:speed>1</osmand:speed>
        </extensions>
      </trkpt>
      <trkpt lat="46.4790206" lon="9.5857635">
        <ele>2425.9</ele>
        <time>2026-09-12T11:35:45Z</time>
        <hdop>8.2</hdop>
        <extensions>
          <osmand:speed>0.9</osmand:speed>
        </extensions>
      </trkpt>
      <trkpt lat="46.4790643" lon="9.5857483">
        <ele>2425.9</ele>
        <time>2026-09-12T11:35:51Z</time>
        <hdop>7.7</hdop>
        <extensions>
          <osmand:speed>0.7</osmand:speed>
        </extensions>
      </trkpt>
      <trkpt lat="46.4791083" lon="9.5857575">
        <ele>2423.9</ele>
        <time>2026-09-12T11:35:57Z</time>
        <hdop>8.7</hdop>
        <extensions>
          <osmand:speed>0.8</osmand:speed>
        </extensions>
      </trkpt>
      <trkpt lat="46.4791604" lon="9.5857455">
        <ele>2422.9</ele>
        <time>2026-09-12T11:36:03Z</time>
        <hdop>8.2</hdop>
        <extensions>
          <osmand:speed>1</osmand:speed>
        </extensions>
      </trkpt>
      <trkpt lat="46.4792287" lon="9.5857111">
        <ele>2420.9</ele>
        <time>2026-09-12T11:36:09Z</time>
        <hdop>7.7</hdop>
        <extensions>
          <osmand:speed>0.7</osmand:speed>
        </extensions>
      </trkpt>
      <trkpt lat="46.4792823" lon="9.5857057">
        <ele>2419.9</ele>
        <time>2026-09-12T11:36:15Z</time>
        <hdop>7.7</hdop>
        <extensions>
          <osmand:speed>0.8</osmand:speed>
        </extensions>
      </trkpt>
      <trkpt lat="46.4793368" lon="9.5856941">
        <ele>2418.9</ele>
        <time>2026-09-12T11:36:21Z</time>
        <hdop>8.2</hdop>
        <extensions>
          <osmand:speed>1.2</osmand:speed>
        </extensions>
      </trkpt>
      <trkpt lat="46.4794052" lon="9.5856792">
        <ele>2416.9</ele>
        <time>2026-09-12T11:36:27Z</time>
        <hdop>8.7</hdop>
        <extensions>
          <osmand:speed>1</osmand:speed>
        </extensions>
      </trkpt>
      <trkpt lat="46.4794453" lon="9.5856717">
        <ele>2414.9</ele>
        <time>2026-09-12T11:36:33Z</time>
        <hdop>7.1</hdop>
        <extensions>
          <osmand:speed>0.9</osmand:speed>
        </extensions>
      </trkpt>
      <trkpt lat="46.4794805" lon="9.5856943">
        <ele>2412.9</ele>
        <time>2026-09-12T11:36:39Z</time>
        <hdop>8.2</hdop>
        <extensions>
          <osmand:speed>0.3</osmand:speed>
        </extensions>
      </trkpt>
      <trkpt lat="46.4795044" lon="9.5856986">
        <ele>2410.9</ele>
        <time>2026-09-12T11:36:53Z</time>
        <hdop>7.1</hdop>
        <extensions>
          <osmand:speed>0.9</osmand:speed>
        </extensions>
      </trkpt>
      <trkpt lat="46.4795549" lon="9.5857335">
        <ele>2411.9</ele>
        <time>2026-09-12T11:36:59Z</time>
        <hdop>7.7</hdop>
        <extensions>
          <osmand:speed>0.7</osmand:speed>
        </extensions>
      </trkpt>
      <trkpt lat="46.479595" lon="9.5857288">
        <ele>2411.9</ele>
        <time>2026-09-12T11:37:05Z</time>
        <hdop>7.7</hdop>
        <extensions>
          <osmand:speed>0.3</osmand:speed>
        </extensions>
      </trkpt>
      <trkpt lat="46.4796528" lon="9.5857165">
        <ele>2411.9</ele>
        <time>2026-09-12T11:37:11Z</time>
        <hdop>6.6</hdop>
        <extensions>
          <osmand:speed>1.1</osmand:speed>
        </extensions>
      </trkpt>
      <trkpt lat="46.4797036" lon="9.5857003">
        <ele>2410.9</ele>
        <time>2026-09-12T11:37:17Z</time>
        <hdop>7.1</hdop>
        <extensions>
          <osmand:speed>0.8</osmand:speed>
        </extensions>
      </trkpt>
      <trkpt lat="46.4797232" lon="9.5856462">
        <ele>2410.9</ele>
        <time>2026-09-12T11:37:23Z</time>
        <hdop>6.6</hdop>
        <extensions>
          <osmand:speed>0.5</osmand:speed>
        </extensions>
      </trkpt>
      <trkpt lat="46.4797664" lon="9.5856344">
        <ele>2409.9</ele>
        <time>2026-09-12T11:37:29Z</time>
        <hdop>6.1</hdop>
        <extensions>
          <osmand:speed>0.8</osmand:speed>
        </extensions>
      </trkpt>
      <trkpt lat="46.4798083" lon="9.5856661">
        <ele>2410.9</ele>
        <time>2026-09-12T11:37:35Z</time>
        <hdop>8.7</hdop>
        <extensions>
          <osmand:speed>0.7</osmand:speed>
        </extensions>
      </trkpt>
      <trkpt lat="46.4798325" lon="9.5856643">
        <ele>2408.9</ele>
        <time>2026-09-12T11:37:41Z</time>
        <hdop>7.7</hdop>
        <extensions>
          <osmand:speed>0.9</osmand:speed>
        </extensions>
      </trkpt>
      <trkpt lat="46.4798701" lon="9.5856873">
        <ele>2407.9</ele>
        <time>2026-09-12T11:37:47Z</time>
        <hdop>9.2</hdop>
        <extensions>
          <osmand:speed>1</osmand:speed>
        </extensions>
      </trkpt>
      <trkpt lat="46.4799204" lon="9.5857353">
        <ele>2406.9</ele>
        <time>2026-09-12T11:37:53Z</time>
        <hdop>9.7</hdop>
        <extensions>
          <osmand:speed>0.9</osmand:speed>
        </extensions>
      </trkpt>
      <trkpt lat="46.4799742" lon="9.5856913">
        <ele>2404.9</ele>
        <time>2026-09-12T11:37:59Z</time>
        <hdop>8.7</hdop>
        <extensions>
          <osmand:speed>1.1</osmand:speed>
        </extensions>
      </trkpt>
      <trkpt lat="46.4800218" lon="9.585659">
        <ele>2404.9</ele>
        <time>2026-09-12T11:38:05Z</time>
        <hdop>10.7</hdop>
        <extensions>
          <osmand:speed>0.9</osmand:speed>
        </extensions>
      </trkpt>
      <trkpt lat="46.4800265" lon="9.5855901">
        <ele>2403.9</ele>
        <time>2026-09-12T11:38:11Z</time>
        <hdop>11.7</hdop>
        <extensions>
          <osmand:speed>1</osmand:speed>
        </extensions>
      </trkpt>
      <trkpt lat="46.4800694" lon="9.58553">
        <ele>2403.9</ele>
        <time>2026-09-12T11:38:17Z</time>
        <hdop>9.7</hdop>
        <extensions>
          <osmand:speed>0.7</osmand:speed>
        </extensions>
      </trkpt>
      <trkpt lat="46.4801175" lon="9.5855073">
        <ele>2401.9</ele>
        <time>2026-09-12T11:38:23Z</time>
        <hdop>9.7</hdop>
        <extensions>
          <osmand:speed>1</osmand:speed>
        </extensions>
      </trkpt>
      <trkpt lat="46.4801646" lon="9.5854597">
        <ele>2400.9</ele>
        <time>2026-09-12T11:38:29Z</time>
        <hdop>10.7</hdop>
        <extensions>
          <osmand:speed>1</osmand:speed>
        </extensions>
      </trkpt>
      <trkpt lat="46.4802109" lon="9.5854218">
        <ele>2398.9</ele>
        <time>2026-09-12T11:38:35Z</time>
        <hdop>8.2</hdop>
        <extensions>
          <osmand:speed>0.9</osmand:speed>
        </extensions>
      </trkpt>
      <trkpt lat="46.4802593" lon="9.5854104">
        <ele>2397.9</ele>
        <time>2026-09-12T11:38:41Z</time>
        <hdop>10.7</hdop>
        <extensions>
          <osmand:speed>0.8</osmand:speed>
        </extensions>
      </trkpt>
      <trkpt lat="46.4802745" lon="9.5853852">
        <ele>2392.9</ele>
        <time>2026-09-12T11:38:47Z</time>
        <hdop>7.1</hdop>
        <extensions>
          <osmand:speed>0.8</osmand:speed>
        </extensions>
      </trkpt>
      <trkpt lat="46.4803223" lon="9.5853518">
        <ele>2392.9</ele>
        <time>2026-09-12T11:38:53Z</time>
        <hdop>7.1</hdop>
        <extensions>
          <osmand:speed>1</osmand:speed>
        </extensions>
      </trkpt>
      <trkpt lat="46.480384" lon="9.5853441">
        <ele>2391.9</ele>
        <time>2026-09-12T11:38:59Z</time>
        <hdop>9.2</hdop>
        <extensions>
          <osmand:speed>0.9</osmand:speed>
        </extensions>
      </trkpt>
      <trkpt lat="46.4804324" lon="9.5853574">
        <ele>2390.9</ele>
        <time>2026-09-12T11:39:05Z</time>
        <hdop>7.7</hdop>
        <extensions>
          <osmand:speed>0.9</osmand:speed>
        </extensions>
      </trkpt>
      <trkpt lat="46.4804581" lon="9.5853657">
        <ele>2392.9</ele>
        <time>2026-09-12T11:39:11Z</time>
        <hdop>8.2</hdop>
        <extensions>
          <osmand:speed>1.1</osmand:speed>
        </extensions>
      </trkpt>
      <trkpt lat="46.4804769" lon="9.5853509">
        <ele>2393.9</ele>
        <time>2026-09-12T11:39:17Z</time>
        <hdop>6.1</hdop>
      </trkpt>
      <trkpt lat="46.4804978" lon="9.5853555">
        <ele>2395.9</ele>
        <time>2026-09-12T11:39:30Z</time>
        <hdop>7.7</hdop>
        <extensions>
          <osmand:speed>0.8</osmand:speed>
        </extensions>
      </trkpt>
      <trkpt lat="46.4805368" lon="9.5853588">
        <ele>2394.9</ele>
        <time>2026-09-12T11:39:36Z</time>
        <hdop>7.7</hdop>
        <extensions>
          <osmand:speed>0.9</osmand:speed>
        </extensions>
      </trkpt>
      <trkpt lat="46.4805865" lon="9.585387">
        <ele>2395.9</ele>
        <time>2026-09-12T11:39:42Z</time>
        <hdop>6.1</hdop>
        <extensions>
          <osmand:speed>0.7</osmand:speed>
        </extensions>
      </trkpt>
      <trkpt lat="46.4806268" lon="9.5853994">
        <ele>2394.9</ele>
        <time>2026-09-12T11:39:48Z</time>
        <hdop>8.2</hdop>
        <extensions>
          <osmand:speed>0.5</osmand:speed>
        </extensions>
      </trkpt>
      <trkpt lat="46.4806701" lon="9.5853821">
        <ele>2393.9</ele>
        <time>2026-09-12T11:39:54Z</time>
        <hdop>8.7</hdop>
        <extensions>
          <osmand:speed>1.1</osmand:speed>
        </extensions>
      </trkpt>
      <trkpt lat="46.4807463" lon="9.5853731">
        <ele>2392.9</ele>
        <time>2026-09-12T11:40:00Z</time>
        <hdop>8.2</hdop>
        <extensions>
          <osmand:speed>0.7</osmand:speed>
        </extensions>
      </trkpt>
      <trkpt lat="46.4808129" lon="9.5853365">
        <ele>2392.9</ele>
        <time>2026-09-12T11:40:06Z</time>
        <hdop>8.2</hdop>
        <extensions>
          <osmand:speed>1.7</osmand:speed>
        </extensions>
      </trkpt>
      <trkpt lat="46.4808738" lon="9.5853301">
        <ele>2391.9</ele>
        <time>2026-09-12T11:40:12Z</time>
        <hdop>8.7</hdop>
        <extensions>
          <osmand:speed>1.2</osmand:speed>
        </extensions>
      </trkpt>
      <trkpt lat="46.4809429" lon="9.5853548">
        <ele>2392.9</ele>
        <time>2026-09-12T11:40:18Z</time>
        <hdop>7.7</hdop>
        <extensions>
          <osmand:speed>1.2</osmand:speed>
        </extensions>
      </trkpt>
      <trkpt lat="46.4809805" lon="9.5854029">
        <ele>2392.9</ele>
        <time>2026-09-12T11:40:24Z</time>
        <hdop>8.2</hdop>
        <extensions>
          <osmand:speed>1.3</osmand:speed>
        </extensions>
      </trkpt>
      <trkpt lat="46.4810371" lon="9.5854418">
        <ele>2392.9</ele>
        <time>2026-09-12T11:40:30Z</time>
        <hdop>8.7</hdop>
        <extensions>
          <osmand:speed>1</osmand:speed>
        </extensions>
      </trkpt>
      <trkpt lat="46.4810728" lon="9.5854747">
        <ele>2393.9</ele>
        <time>2026-09-12T11:40:36Z</time>
        <hdop>10.2</hdop>
        <extensions>
          <osmand:speed>0.7</osmand:speed>
        </extensions>
      </trkpt>
      <trkpt lat="46.4811117" lon="9.5855209">
        <ele>2391.9</ele>
        <time>2026-09-12T11:40:42Z</time>
        <hdop>8.2</hdop>
        <extensions>
          <osmand:speed>0.7</osmand:speed>
        </extensions>
      </trkpt>
      <trkpt lat="46.4811473" lon="9.5855414">
        <ele>2389.9</ele>
        <time>2026-09-12T11:40:48Z</time>
        <hdop>8.2</hdop>
        <extensions>
          <osmand:speed>1</osmand:speed>
        </extensions>
      </trkpt>
      <trkpt lat="46.4811807" lon="9.5855851">
        <ele>2389.9</ele>
        <time>2026-09-12T11:40:54Z</time>
        <hdop>7.1</hdop>
        <extensions>
          <osmand:speed>0.3</osmand:speed>
        </extensions>
      </trkpt>
      <trkpt lat="46.4812118" lon="9.5856295">
        <ele>2388.9</ele>
        <time>2026-09-12T11:41:00Z</time>
        <hdop>7.7</hdop>
        <extensions>
          <osmand:speed>0.7</osmand:speed>
        </extensions>
      </trkpt>
      <trkpt lat="46.4812404" lon="9.5856987">
        <ele>2388.9</ele>
        <time>2026-09-12T11:41:06Z</time>
        <hdop>8.7</hdop>
        <extensions>
          <osmand:speed>1.2</osmand:speed>
        </extensions>
      </trkpt>
      <trkpt lat="46.4812707" lon="9.5857576">
        <ele>2387.9</ele>
        <time>2026-09-12T11:41:12Z</time>
        <hdop>6.1</hdop>
        <extensions>
          <osmand:speed>0.5</osmand:speed>
        </extensions>
      </trkpt>
      <trkpt lat="46.4813079" lon="9.5857236">
        <ele>2384.9</ele>
        <time>2026-09-12T11:41:18Z</time>
        <hdop>7.1</hdop>
        <extensions>
          <osmand:speed>0.9</osmand:speed>
        </extensions>
      </trkpt>
      <trkpt lat="46.4813566" lon="9.5857252">
        <ele>2382.9</ele>
        <time>2026-09-12T11:41:24Z</time>
        <hdop>7.7</hdop>
        <extensions>
          <osmand:speed>1</osmand:speed>
        </extensions>
      </trkpt>
      <trkpt lat="46.4814099" lon="9.5857848">
        <ele>2382.9</ele>
        <time>2026-09-12T11:41:30Z</time>
        <hdop>7.7</hdop>
        <extensions>
          <osmand:speed>0.7</osmand:speed>
        </extensions>
      </trkpt>
      <trkpt lat="46.4814748" lon="9.5857993">
        <ele>2383.9</ele>
        <time>2026-09-12T11:41:36Z</time>
        <hdop>8.2</hdop>
        <extensions>
          <osmand:speed>1.2</osmand:speed>
        </extensions>
      </trkpt>
      <trkpt lat="46.4815121" lon="9.585868">
        <ele>2385.9</ele>
        <time>2026-09-12T11:41:42Z</time>
        <hdop>9.7</hdop>
        <extensions>
          <osmand:speed>1.3</osmand:speed>
        </extensions>
      </trkpt>
      <trkpt lat="46.4815505" lon="9.5858797">
        <ele>2383.9</ele>
        <time>2026-09-12T11:41:48Z</time>
        <hdop>7.7</hdop>
        <extensions>
          <osmand:speed>1</osmand:speed>
        </extensions>
      </trkpt>
      <trkpt lat="46.4816013" lon="9.5858936">
        <ele>2382.9</ele>
        <time>2026-09-12T11:41:54Z</time>
        <hdop>10.2</hdop>
        <extensions>
          <osmand:speed>1.4</osmand:speed>
        </extensions>
      </trkpt>
      <trkpt lat="46.4816527" lon="9.5858612">
        <ele>2381.9</ele>
        <time>2026-09-12T11:42:00Z</time>
        <hdop>8.7</hdop>
        <extensions>
          <osmand:speed>0.8</osmand:speed>
        </extensions>
      </trkpt>
      <trkpt lat="46.4816935" lon="9.5858177">
        <ele>2380.9</ele>
        <time>2026-09-12T11:42:06Z</time>
        <hdop>8.7</hdop>
        <extensions>
          <osmand:speed>0.8</osmand:speed>
        </extensions>
      </trkpt>
      <trkpt lat="46.4817251" lon="9.5857994">
        <ele>2380.9</ele>
        <time>2026-09-12T11:42:16Z</time>
        <hdop>9.2</hdop>
        <extensions>
          <osmand:speed>1.5</osmand:speed>
        </extensions>
      </trkpt>
      <trkpt lat="46.4817828" lon="9.5857942">
        <ele>2380.9</ele>
        <time>2026-09-12T11:42:22Z</time>
        <hdop>10.2</hdop>
        <extensions>
          <osmand:speed>1.1</osmand:speed>
        </extensions>
      </trkpt>
      <trkpt lat="46.4818589" lon="9.5858085">
        <ele>2380.9</ele>
        <time>2026-09-12T11:42:28Z</time>
        <hdop>10.2</hdop>
        <extensions>
          <osmand:speed>1.3</osmand:speed>
        </extensions>
      </trkpt>
      <trkpt lat="46.4818979" lon="9.5858129">
        <ele>2379.9</ele>
        <time>2026-09-12T11:42:34Z</time>
        <hdop>8.7</hdop>
        <extensions>
          <osmand:speed>1</osmand:speed>
        </extensions>
      </trkpt>
      <trkpt lat="46.4819365" lon="9.58584">
        <ele>2380.9</ele>
        <time>2026-09-12T11:42:40Z</time>
        <hdop>8.7</hdop>
        <extensions>
          <osmand:speed>1.3</osmand:speed>
        </extensions>
      </trkpt>
      <trkpt lat="46.4820086" lon="9.5858586">
        <ele>2379.9</ele>
        <time>2026-09-12T11:42:46Z</time>
        <hdop>9.2</hdop>
        <extensions>
          <osmand:speed>1.3</osmand:speed>
        </extensions>
      </trkpt>
      <trkpt lat="46.4820614" lon="9.5858993">
        <ele>2379.9</ele>
        <time>2026-09-12T11:42:52Z</time>
        <hdop>8.7</hdop>
        <extensions>
          <osmand:speed>0.7</osmand:speed>
        </extensions>
      </trkpt>
      <trkpt lat="46.4820965" lon="9.5859566">
        <ele>2379.9</ele>
        <time>2026-09-12T11:42:58Z</time>
        <hdop>9.7</hdop>
        <extensions>
          <osmand:speed>1.2</osmand:speed>
        </extensions>
      </trkpt>
      <trkpt lat="46.482114" lon="9.586027">
        <ele>2380.9</ele>
        <time>2026-09-12T11:43:04Z</time>
        <hdop>7.7</hdop>
        <extensions>
          <osmand:speed>0.8</osmand:speed>
        </extensions>
      </trkpt>
      <trkpt lat="46.4821329" lon="9.5860605">
        <ele>2380.9</ele>
        <time>2026-09-12T11:43:10Z</time>
        <hdop>8.7</hdop>
        <extensions>
          <osmand:speed>0.6</osmand:speed>
        </extensions>
      </trkpt>
      <trkpt lat="46.4821651" lon="9.586092">
        <ele>2379.9</ele>
        <time>2026-09-12T11:43:16Z</time>
        <hdop>7.1</hdop>
        <extensions>
          <osmand:speed>1</osmand:speed>
        </extensions>
      </trkpt>
      <trkpt lat="46.482222" lon="9.5861199">
        <ele>2380.9</ele>
        <time>2026-09-12T11:43:22Z</time>
        <hdop>9.7</hdop>
        <extensions>
          <osmand:speed>1</osmand:speed>
        </extensions>
      </trkpt>
      <trkpt lat="46.4822626" lon="9.5861576">
        <ele>2379.9</ele>
        <time>2026-09-12T11:43:28Z</time>
        <hdop>10.2</hdop>
        <extensions>
          <osmand:speed>0.5</osmand:speed>
        </extensions>
      </trkpt>
      <trkpt lat="46.4823012" lon="9.586193">
        <ele>2378.9</ele>
        <time>2026-09-12T11:43:34Z</time>
        <hdop>8.2</hdop>
        <extensions>
          <osmand:speed>0.8</osmand:speed>
        </extensions>
      </trkpt>
      <trkpt lat="46.482334" lon="9.5862626">
        <ele>2376.9</ele>
        <time>2026-09-12T11:43:40Z</time>
        <hdop>8.2</hdop>
        <extensions>
          <osmand:speed>0.8</osmand:speed>
        </extensions>
      </trkpt>
      <trkpt lat="46.4823625" lon="9.586321">
        <ele>2375.9</ele>
        <time>2026-09-12T11:43:46Z</time>
        <hdop>8.7</hdop>
        <extensions>
          <osmand:speed>0.9</osmand:speed>
        </extensions>
      </trkpt>
      <trkpt lat="46.4824117" lon="9.5863575">
        <ele>2374.9</ele>
        <time>2026-09-12T11:43:52Z</time>
        <hdop>8.7</hdop>
        <extensions>
          <osmand:speed>0.8</osmand:speed>
        </extensions>
      </trkpt>
      <trkpt lat="46.4824745" lon="9.5864046">
        <ele>2374.9</ele>
        <time>2026-09-12T11:43:58Z</time>
        <hdop>8.2</hdop>
        <extensions>
          <osmand:speed>1.4</osmand:speed>
        </extensions>
      </trkpt>
      <trkpt lat="46.4825081" lon="9.5863906">
        <ele>2373.9</ele>
        <time>2026-09-12T11:44:04Z</time>
        <hdop>9.7</hdop>
        <extensions>
          <osmand:speed>0.6</osmand:speed>
        </extensions>
      </trkpt>
      <trkpt lat="46.4825432" lon="9.5864136">
        <ele>2373.9</ele>
        <time>2026-09-12T11:44:10Z</time>
        <hdop>8.2</hdop>
        <extensions>
          <osmand:speed>0.9</osmand:speed>
        </extensions>
      </trkpt>
      <trkpt lat="46.4825713" lon="9.5864509">
        <ele>2372.9</ele>
        <time>2026-09-12T11:44:16Z</time>
        <hdop>7.7</hdop>
        <extensions>
          <osmand:speed>0.9</osmand:speed>
        </extensions>
      </trkpt>
      <trkpt lat="46.4826127" lon="9.5864848">
        <ele>2371.9</ele>
        <time>2026-09-12T11:44:22Z</time>
        <hdop>7.7</hdop>
        <extensions>
          <osmand:speed>0.9</osmand:speed>
        </extensions>
      </trkpt>
      <trkpt lat="46.4826394" lon="9.5865484">
        <ele>2369.9</ele>
        <time>2026-09-12T11:44:28Z</time>
        <hdop>8.7</hdop>
        <extensions>
          <osmand:speed>0.8</osmand:speed>
        </extensions>
      </trkpt>
      <trkpt lat="46.482691" lon="9.5865676">
        <ele>2367.9</ele>
        <time>2026-09-12T11:44:34Z</time>
        <hdop>9.2</hdop>
        <extensions>
          <osmand:speed>0.7</osmand:speed>
        </extensions>
      </trkpt>
      <trkpt lat="46.4827439" lon="9.586567">
        <ele>2364.9</ele>
        <time>2026-09-12T11:44:40Z</time>
        <hdop>7.7</hdop>
        <extensions>
          <osmand:speed>1.2</osmand:speed>
        </extensions>
      </trkpt>
      <trkpt lat="46.4828026" lon="9.5865579">
        <ele>2362.9</ele>
        <time>2026-09-12T11:44:46Z</time>
        <hdop>9.2</hdop>
        <extensions>
          <osmand:speed>0.8</osmand:speed>
        </extensions>
      </trkpt>
      <trkpt lat="46.4828359" lon="9.5865518">
        <ele>2360.9</ele>
        <time>2026-09-12T11:44:52Z</time>
        <hdop>7.1</hdop>
      </trkpt>
      <trkpt lat="46.4828534" lon="9.5865433">
        <ele>2359.9</ele>
        <time>2026-09-12T11:44:58Z</time>
        <hdop>7.7</hdop>
        <extensions>
          <osmand:speed>1</osmand:speed>
        </extensions>
      </trkpt>
      <trkpt lat="46.4828863" lon="9.5865376">
        <ele>2359.9</ele>
        <time>2026-09-12T11:45:04Z</time>
        <hdop>7.1</hdop>
        <extensions>
          <osmand:speed>0.6</osmand:speed>
        </extensions>
      </trkpt>
      <trkpt lat="46.4829119" lon="9.5865026">
        <ele>2360.9</ele>
        <time>2026-09-12T11:45:10Z</time>
        <hdop>10.2</hdop>
        <extensions>
          <osmand:speed>0.4</osmand:speed>
        </extensions>
      </trkpt>
      <trkpt lat="46.4829457" lon="9.5864997">
        <ele>2357.9</ele>
        <time>2026-09-12T11:45:16Z</time>
        <hdop>10.7</hdop>
        <extensions>
          <osmand:speed>0.7</osmand:speed>
        </extensions>
      </trkpt>
      <trkpt lat="46.4829444" lon="9.5864385">
        <ele>2355.9</ele>
        <time>2026-09-12T11:45:22Z</time>
        <hdop>8.2</hdop>
        <extensions>
          <osmand:speed>1.2</osmand:speed>
        </extensions>
      </trkpt>
      <trkpt lat="46.4829631" lon="9.5864132">
        <ele>2355.9</ele>
        <time>2026-09-12T11:45:28Z</time>
        <hdop>7.1</hdop>
        <extensions>
          <osmand:speed>1.1</osmand:speed>
        </extensions>
      </trkpt>
      <trkpt lat="46.4830204" lon="9.5864165">
        <ele>2356.9</ele>
        <time>2026-09-12T11:45:34Z</time>
        <hdop>10.7</hdop>
        <extensions>
          <osmand:speed>0.9</osmand:speed>
        </extensions>
      </trkpt>
      <trkpt lat="46.4830766" lon="9.5864306">
        <ele>2355.9</ele>
        <time>2026-09-12T11:45:40Z</time>
        <hdop>9.7</hdop>
        <extensions>
          <osmand:speed>0.7</osmand:speed>
        </extensions>
      </trkpt>
      <trkpt lat="46.4830979" lon="9.5864493">
        <ele>2355.9</ele>
        <time>2026-09-12T11:45:46Z</time>
        <hdop>9.7</hdop>
        <extensions>
          <osmand:speed>0.9</osmand:speed>
        </extensions>
      </trkpt>
      <trkpt lat="46.4831327" lon="9.5864904">
        <ele>2355.9</ele>
        <time>2026-09-12T11:45:52Z</time>
        <hdop>9.2</hdop>
        <extensions>
          <osmand:speed>1</osmand:speed>
        </extensions>
      </trkpt>
      <trkpt lat="46.4831675" lon="9.5865145">
        <ele>2354.9</ele>
        <time>2026-09-12T11:45:58Z</time>
        <hdop>8.7</hdop>
        <extensions>
          <osmand:speed>0.6</osmand:speed>
        </extensions>
      </trkpt>
      <trkpt lat="46.4832063" lon="9.586522">
        <ele>2353.9</ele>
        <time>2026-09-12T11:46:04Z</time>
        <hdop>10.2</hdop>
        <extensions>
          <osmand:speed>1</osmand:speed>
        </extensions>
      </trkpt>
      <trkpt lat="46.4832427" lon="9.5865163">
        <ele>2353.9</ele>
        <time>2026-09-12T11:46:10Z</time>
        <hdop>9.2</hdop>
        <extensions>
          <osmand:speed>0.7</osmand:speed>
        </extensions>
      </trkpt>
      <trkpt lat="46.4832612" lon="9.5865279">
        <ele>2351.9</ele>
        <time>2026-09-12T11:46:16Z</time>
        <hdop>6.1</hdop>
        <extensions>
          <osmand:speed>0.6</osmand:speed>
        </extensions>
      </trkpt>
      <trkpt lat="46.4832796" lon="9.5864978">
        <ele>2351.9</ele>
        <time>2026-09-12T11:46:22Z</time>
        <hdop>7.7</hdop>
        <extensions>
          <osmand:speed>0.8</osmand:speed>
        </extensions>
      </trkpt>
      <trkpt lat="46.4833523" lon="9.5864594">
        <ele>2350.9</ele>
        <time>2026-09-12T11:46:28Z</time>
        <hdop>8.7</hdop>
        <extensions>
          <osmand:speed>1</osmand:speed>
        </extensions>
      </trkpt>
      <trkpt lat="46.4834196" lon="9.5864572">
        <ele>2349.9</ele>
        <time>2026-09-12T11:46:34Z</time>
        <hdop>8.7</hdop>
        <extensions>
          <osmand:speed>1.1</osmand:speed>
        </extensions>
      </trkpt>
      <trkpt lat="46.483489" lon="9.5864485">
        <ele>2350.9</ele>
        <time>2026-09-12T11:46:40Z</time>
        <hdop>10.2</hdop>
        <extensions>
          <osmand:speed>1</osmand:speed>
        </extensions>
      </trkpt>
      <trkpt lat="46.4835619" lon="9.5864646">
        <ele>2349.9</ele>
        <time>2026-09-12T11:46:46Z</time>
        <hdop>9.2</hdop>
        <extensions>
          <osmand:speed>1.1</osmand:speed>
        </extensions>
      </trkpt>
      <trkpt lat="46.4836129" lon="9.5864461">
        <ele>2349.9</ele>
        <time>2026-09-12T11:46:52Z</time>
        <hdop>9.2</hdop>
        <extensions>
          <osmand:speed>0.4</osmand:speed>
        </extensions>
      </trkpt>
      <trkpt lat="46.4836632" lon="9.5864454">
        <ele>2349.9</ele>
        <time>2026-09-12T11:46:58Z</time>
        <hdop>8.7</hdop>
        <extensions>
          <osmand:speed>1</osmand:speed>
        </extensions>
      </trkpt>
      <trkpt lat="46.4836911" lon="9.5864322">
        <ele>2347.9</ele>
        <time>2026-09-12T11:47:04Z</time>
        <hdop>9.2</hdop>
        <extensions>
          <osmand:speed>0.5</osmand:speed>
        </extensions>
      </trkpt>
      <trkpt lat="46.4837044" lon="9.5863909">
        <ele>2346.9</ele>
        <time>2026-09-12T11:47:10Z</time>
        <hdop>12.8</hdop>
        <extensions>
          <osmand:speed>0.2</osmand:speed>
        </extensions>
      </trkpt>
      <trkpt lat="46.4836871" lon="9.5864112">
        <ele>2348.9</ele>
        <time>2026-09-12T11:47:20Z</time>
        <hdop>8.7</hdop>
        <extensions>
          <osmand:speed>0.1</osmand:speed>
        </extensions>
      </trkpt>
      <trkpt lat="46.4836682" lon="9.5864293">
        <ele>2350.9</ele>
        <time>2026-09-12T11:48:16Z</time>
        <hdop>10.2</hdop>
        <extensions>
          <osmand:speed>0.8</osmand:speed>
        </extensions>
      </trkpt>
      <trkpt lat="46.483675" lon="9.5864547">
        <ele>2350.9</ele>
        <time>2026-09-12T11:48:48Z</time>
        <hdop>11.7</hdop>
        <extensions>
          <osmand:speed>0</osmand:speed>
        </extensions>
      </trkpt>
      <trkpt lat="46.4836673" lon="9.5864278">
        <ele>2350.9</ele>
        <time>2026-09-12T11:50:41Z</time>
        <hdop>12.8</hdop>
        <extensions>
          <osmand:speed>0.1</osmand:speed>
        </extensions>
      </trkpt>
      <trkpt lat="46.4836771" lon="9.5864018">
        <ele>2351.9</ele>
        <time>2026-09-12T11:51:14Z</time>
        <hdop>4.6</hdop>
        <extensions>
          <osmand:speed>0.5</osmand:speed>
        </extensions>
      </trkpt>
      <trkpt lat="46.4836656" lon="9.5864317">
        <ele>2352.9</ele>
        <time>2026-09-12T11:51:36Z</time>
        <hdop>10.7</hdop>
        <extensions>
          <osmand:speed>0.6</osmand:speed>
        </extensions>
      </trkpt>
      <trkpt lat="46.483659" lon="9.5864646">
        <ele>2351.9</ele>
        <time>2026-09-12T11:51:49Z</time>
        <hdop>12.2</hdop>
        <extensions>
          <osmand:speed>1</osmand:speed>
        </extensions>
      </trkpt>
      <trkpt lat="46.4836817" lon="9.5864931">
        <ele>2351.9</ele>
        <time>2026-09-12T11:51:55Z</time>
        <hdop>8.2</hdop>
        <extensions>
          <osmand:speed>1.3</osmand:speed>
        </extensions>
      </trkpt>
      <trkpt lat="46.4837094" lon="9.5865156">
        <ele>2350.9</ele>
        <time>2026-09-12T11:52:01Z</time>
        <hdop>12.2</hdop>
        <extensions>
          <osmand:speed>0.8</osmand:speed>
        </extensions>
      </trkpt>
      <trkpt lat="46.4837487" lon="9.5865428">
        <ele>2349.9</ele>
        <time>2026-09-12T11:52:07Z</time>
        <hdop>9.7</hdop>
        <extensions>
          <osmand:speed>1</osmand:speed>
        </extensions>
      </trkpt>
      <trkpt lat="46.483782" lon="9.5865647">
        <ele>2349.9</ele>
        <time>2026-09-12T11:52:13Z</time>
        <hdop>10.2</hdop>
        <extensions>
          <osmand:speed>1</osmand:speed>
        </extensions>
      </trkpt>
      <trkpt lat="46.4838086" lon="9.5865694">
        <ele>2349.9</ele>
        <time>2026-09-12T11:52:19Z</time>
        <hdop>11.2</hdop>
        <extensions>
          <osmand:speed>0.6</osmand:speed>
        </extensions>
      </trkpt>
      <trkpt lat="46.4838603" lon="9.5865649">
        <ele>2347.9</ele>
        <time>2026-09-12T11:52:25Z</time>
        <hdop>9.7</hdop>
        <extensions>
          <osmand:speed>1.1</osmand:speed>
        </extensions>
      </trkpt>
      <trkpt lat="46.4839131" lon="9.5865731">
        <ele>2345.9</ele>
        <time>2026-09-12T11:52:31Z</time>
        <hdop>9.2</hdop>
        <extensions>
          <osmand:speed>1</osmand:speed>
        </extensions>
      </trkpt>
      <trkpt lat="46.4839432" lon="9.5865791">
        <ele>2341.9</ele>
        <time>2026-09-12T11:52:37Z</time>
        <hdop>8.2</hdop>
        <extensions>
          <osmand:speed>1</osmand:speed>
        </extensions>
      </trkpt>
      <trkpt lat="46.4839938" lon="9.5865743">
        <ele>2340.9</ele>
        <time>2026-09-12T11:52:43Z</time>
        <hdop>10.7</hdop>
        <extensions>
          <osmand:speed>1</osmand:speed>
        </extensions>
      </trkpt>
      <trkpt lat="46.484016" lon="9.5865939">
        <ele>2338.9</ele>
        <time>2026-09-12T11:52:49Z</time>
        <hdop>8.7</hdop>
        <extensions>
          <osmand:speed>0.4</osmand:speed>
        </extensions>
      </trkpt>
      <trkpt lat="46.4840509" lon="9.5865957">
        <ele>2336.9</ele>
        <time>2026-09-12T11:52:55Z</time>
        <hdop>7.7</hdop>
        <extensions>
          <osmand:speed>0.5</osmand:speed>
        </extensions>
      </trkpt>
      <trkpt lat="46.484069" lon="9.5865743">
        <ele>2335.9</ele>
        <time>2026-09-12T11:53:01Z</time>
        <hdop>8.7</hdop>
        <extensions>
          <osmand:speed>0.6</osmand:speed>
        </extensions>
      </trkpt>
      <trkpt lat="46.4841082" lon="9.5865996">
        <ele>2333.9</ele>
        <time>2026-09-12T11:53:07Z</time>
        <hdop>9.7</hdop>
        <extensions>
          <osmand:speed>0.3</osmand:speed>
        </extensions>
      </trkpt>
      <trkpt lat="46.4841263" lon="9.5866227">
        <ele>2332.9</ele>
        <time>2026-09-12T11:53:13Z</time>
        <hdop>10.2</hdop>
        <extensions>
          <osmand:speed>0.8</osmand:speed>
        </extensions>
      </trkpt>
      <trkpt lat="46.4841439" lon="9.5866049">
        <ele>2333.9</ele>
        <time>2026-09-12T11:53:19Z</time>
        <hdop>7.1</hdop>
        <extensions>
          <osmand:speed>0.4</osmand:speed>
        </extensions>
      </trkpt>
      <trkpt lat="46.4841745" lon="9.5865917">
        <ele>2332.9</ele>
        <time>2026-09-12T11:53:25Z</time>
        <hdop>7.1</hdop>
        <extensions>
          <osmand:speed>0.6</osmand:speed>
        </extensions>
      </trkpt>
      <trkpt lat="46.4842162" lon="9.5865706">
        <ele>2330.9</ele>
        <time>2026-09-12T11:53:31Z</time>
        <hdop>9.7</hdop>
        <extensions>
          <osmand:speed>0.4</osmand:speed>
        </extensions>
      </trkpt>
      <trkpt lat="46.4842748" lon="9.5865677">
        <ele>2329.9</ele>
        <time>2026-09-12T11:53:37Z</time>
        <hdop>8.7</hdop>
        <extensions>
          <osmand:speed>1</osmand:speed>
        </extensions>
      </trkpt>
      <trkpt lat="46.4843292" lon="9.5865608">
        <ele>2327.9</ele>
        <time>2026-09-12T11:53:43Z</time>
        <hdop>9.7</hdop>
        <extensions>
          <osmand:speed>0.9</osmand:speed>
        </extensions>
      </trkpt>
      <trkpt lat="46.4843798" lon="9.5865765">
        <ele>2325.9</ele>
        <time>2026-09-12T11:53:49Z</time>
        <hdop>9.2</hdop>
        <extensions>
          <osmand:speed>0.8</osmand:speed>
        </extensions>
      </trkpt>
      <trkpt lat="46.4844261" lon="9.5865602">
        <ele>2324.9</ele>
        <time>2026-09-12T11:53:55Z</time>
        <hdop>8.7</hdop>
        <extensions>
          <osmand:speed>0.9</osmand:speed>
        </extensions>
      </trkpt>
      <trkpt lat="46.4844725" lon="9.586565">
        <ele>2323.9</ele>
        <time>2026-09-12T11:54:01Z</time>
        <hdop>7.7</hdop>
        <extensions>
          <osmand:speed>0.6</osmand:speed>
        </extensions>
      </trkpt>
      <trkpt lat="46.4845083" lon="9.5866092">
        <ele>2321.9</ele>
        <time>2026-09-12T11:54:07Z</time>
        <hdop>8.2</hdop>
        <extensions>
          <osmand:speed>0.8</osmand:speed>
        </extensions>
      </trkpt>
      <trkpt lat="46.4845505" lon="9.5865961">
        <ele>2321.9</ele>
        <time>2026-09-12T11:54:13Z</time>
        <hdop>7.1</hdop>
        <extensions>
          <osmand:speed>1</osmand:speed>
        </extensions>
      </trkpt>
      <trkpt lat="46.4846016" lon="9.5866171">
        <ele>2319.9</ele>
        <time>2026-09-12T11:54:19Z</time>
        <hdop>8.2</hdop>
        <extensions>
          <osmand:speed>0.6</osmand:speed>
        </extensions>
      </trkpt>
      <trkpt lat="46.4846322" lon="9.5866319">
        <ele>2317.9</ele>
        <time>2026-09-12T11:54:25Z</time>
        <hdop>6.6</hdop>
      </trkpt>
      <trkpt lat="46.4846702" lon="9.5866177">
        <ele>2315.9</ele>
        <time>2026-09-12T11:54:31Z</time>
        <hdop>8.2</hdop>
        <extensions>
          <osmand:speed>0.8</osmand:speed>
        </extensions>
      </trkpt>
      <trkpt lat="46.4847194" lon="9.5866033">
        <ele>2314.9</ele>
        <time>2026-09-12T11:54:37Z</time>
        <hdop>8.2</hdop>
        <extensions>
          <osmand:speed>0.9</osmand:speed>
        </extensions>
      </trkpt>
      <trkpt lat="46.4847627" lon="9.586601">
        <ele>2313.9</ele>
        <time>2026-09-12T11:54:43Z</time>
        <hdop>9.7</hdop>
        <extensions>
          <osmand:speed>0.7</osmand:speed>
        </extensions>
      </trkpt>
      <trkpt lat="46.4847767" lon="9.5865826">
        <ele>2311.9</ele>
        <time>2026-09-12T11:54:49Z</time>
        <hdop>8.7</hdop>
        <extensions>
          <osmand:speed>0.9</osmand:speed>
        </extensions>
      </trkpt>
      <trkpt lat="46.484811" lon="9.5865851">
        <ele>2309.9</ele>
        <time>2026-09-12T11:54:55Z</time>
        <hdop>8.2</hdop>
        <extensions>
          <osmand:speed>1.1</osmand:speed>
        </extensions>
      </trkpt>
      <trkpt lat="46.484864" lon="9.5866174">
        <ele>2309.9</ele>
        <time>2026-09-12T11:55:01Z</time>
        <hdop>9.7</hdop>
        <extensions>
          <osmand:speed>0.4</osmand:speed>
        </extensions>
      </trkpt>
      <trkpt lat="46.4849236" lon="9.5866291">
        <ele>2307.9</ele>
        <time>2026-09-12T11:55:07Z</time>
        <hdop>9.7</hdop>
        <extensions>
          <osmand:speed>0.9</osmand:speed>
        </extensions>
      </trkpt>
      <trkpt lat="46.4849751" lon="9.5866246">
        <ele>2306.9</ele>
        <time>2026-09-12T11:55:13Z</time>
        <hdop>8.2</hdop>
        <extensions>
          <osmand:speed>0.7</osmand:speed>
        </extensions>
      </trkpt>
      <trkpt lat="46.4850128" lon="9.5866173">
        <ele>2303.9</ele>
        <time>2026-09-12T11:55:19Z</time>
        <hdop>9.7</hdop>
        <extensions>
          <osmand:speed>0.5</osmand:speed>
        </extensions>
      </trkpt>
      <trkpt lat="46.4850399" lon="9.5866152">
        <ele>2301.9</ele>
        <time>2026-09-12T11:55:25Z</time>
        <hdop>6.6</hdop>
      </trkpt>
      <trkpt lat="46.4850833" lon="9.5866138">
        <ele>2300.9</ele>
        <time>2026-09-12T11:55:31Z</time>
        <hdop>9.7</hdop>
        <extensions>
          <osmand:speed>0.6</osmand:speed>
        </extensions>
      </trkpt>
      <trkpt lat="46.4851043" lon="9.5866473">
        <ele>2300.9</ele>
        <time>2026-09-12T11:55:37Z</time>
        <hdop>8.7</hdop>
        <extensions>
          <osmand:speed>0.7</osmand:speed>
        </extensions>
      </trkpt>
      <trkpt lat="46.4851373" lon="9.5866626">
        <ele>2301.9</ele>
        <time>2026-09-12T11:55:43Z</time>
        <hdop>8.7</hdop>
        <extensions>
          <osmand:speed>0.7</osmand:speed>
        </extensions>
      </trkpt>
      <trkpt lat="46.4851676" lon="9.586724">
        <ele>2300.9</ele>
        <time>2026-09-12T11:55:49Z</time>
        <hdop>8.7</hdop>
        <extensions>
          <osmand:speed>1.1</osmand:speed>
        </extensions>
      </trkpt>
      <trkpt lat="46.4852014" lon="9.5866978">
        <ele>2300.9</ele>
        <time>2026-09-12T11:55:55Z</time>
        <hdop>8.7</hdop>
        <extensions>
          <osmand:speed>0.6</osmand:speed>
        </extensions>
      </trkpt>
      <trkpt lat="46.485231" lon="9.5866979">
        <ele>2299.9</ele>
        <time>2026-09-12T11:56:01Z</time>
        <hdop>8.7</hdop>
        <extensions>
          <osmand:speed>0.4</osmand:speed>
        </extensions>
      </trkpt>
      <trkpt lat="46.4852709" lon="9.5866975">
        <ele>2297.9</ele>
        <time>2026-09-12T11:56:07Z</time>
        <hdop>10.2</hdop>
        <extensions>
          <osmand:speed>0.7</osmand:speed>
        </extensions>
      </trkpt>
      <trkpt lat="46.4852768" lon="9.5867487">
        <ele>2295.9</ele>
        <time>2026-09-12T11:56:13Z</time>
        <hdop>7.7</hdop>
        <extensions>
          <osmand:speed>0.7</osmand:speed>
        </extensions>
      </trkpt>
      <trkpt lat="46.4852872" lon="9.5868085">
        <ele>2293.9</ele>
        <time>2026-09-12T11:56:19Z</time>
        <hdop>9.7</hdop>
        <extensions>
          <osmand:speed>1</osmand:speed>
        </extensions>
      </trkpt>
      <trkpt lat="46.485323" lon="9.5868704">
        <ele>2292.9</ele>
        <time>2026-09-12T11:56:25Z</time>
        <hdop>11.2</hdop>
        <extensions>
          <osmand:speed>1.2</osmand:speed>
        </extensions>
      </trkpt>
      <trkpt lat="46.4853708" lon="9.5868793">
        <ele>2291.9</ele>
        <time>2026-09-12T11:56:31Z</time>
        <hdop>8.7</hdop>
        <extensions>
          <osmand:speed>0.7</osmand:speed>
        </extensions>
      </trkpt>
      <trkpt lat="46.4854161" lon="9.5869013">
        <ele>2291.9</ele>
        <time>2026-09-12T11:56:37Z</time>
        <hdop>10.7</hdop>
        <extensions>
          <osmand:speed>0.1</osmand:speed>
        </extensions>
      </trkpt>
      <trkpt lat="46.4854321" lon="9.5869212">
        <ele>2291.9</ele>
        <time>2026-09-12T11:56:43Z</time>
        <hdop>7.1</hdop>
      </trkpt>
      <trkpt lat="46.4854466" lon="9.5869709">
        <ele>2289.9</ele>
        <time>2026-09-12T11:56:49Z</time>
        <hdop>8.2</hdop>
        <extensions>
          <osmand:speed>1.4</osmand:speed>
        </extensions>
      </trkpt>
      <trkpt lat="46.4854829" lon="9.5870205">
        <ele>2287.9</ele>
        <time>2026-09-12T11:56:55Z</time>
        <hdop>7.1</hdop>
        <extensions>
          <osmand:speed>0.9</osmand:speed>
        </extensions>
      </trkpt>
      <trkpt lat="46.4855342" lon="9.5870347">
        <ele>2285.9</ele>
        <time>2026-09-12T11:57:01Z</time>
        <hdop>9.2</hdop>
        <extensions>
          <osmand:speed>1</osmand:speed>
        </extensions>
      </trkpt>
      <trkpt lat="46.4855767" lon="9.5870432">
        <ele>2282.9</ele>
        <time>2026-09-12T11:57:07Z</time>
        <hdop>8.2</hdop>
        <extensions>
          <osmand:speed>0.8</osmand:speed>
        </extensions>
      </trkpt>
      <trkpt lat="46.4856327" lon="9.5870717">
        <ele>2280.9</ele>
        <time>2026-09-12T11:57:13Z</time>
        <hdop>8.2</hdop>
        <extensions>
          <osmand:speed>1.4</osmand:speed>
        </extensions>
      </trkpt>
      <trkpt lat="46.4856926" lon="9.5870774">
        <ele>2277.9</ele>
        <time>2026-09-12T11:57:19Z</time>
        <hdop>8.2</hdop>
        <extensions>
          <osmand:speed>1</osmand:speed>
        </extensions>
      </trkpt>
      <trkpt lat="46.4857525" lon="9.5870804">
        <ele>2276.9</ele>
        <time>2026-09-12T11:57:25Z</time>
        <hdop>9.7</hdop>
        <extensions>
          <osmand:speed>1.2</osmand:speed>
        </extensions>
      </trkpt>
      <trkpt lat="46.4857974" lon="9.5870959">
        <ele>2273.9</ele>
        <time>2026-09-12T11:57:31Z</time>
        <hdop>10.2</hdop>
        <extensions>
          <osmand:speed>0.7</osmand:speed>
        </extensions>
      </trkpt>
      <trkpt lat="46.4858308" lon="9.5870935">
        <ele>2273.9</ele>
        <time>2026-09-12T11:57:37Z</time>
        <hdop>9.2</hdop>
        <extensions>
          <osmand:speed>0.8</osmand:speed>
        </extensions>
      </trkpt>
      <trkpt lat="46.485892" lon="9.5871225">
        <ele>2271.9</ele>
        <time>2026-09-12T11:57:43Z</time>
        <hdop>9.2</hdop>
        <extensions>
          <osmand:speed>0.8</osmand:speed>
        </extensions>
      </trkpt>
      <trkpt lat="46.4859528" lon="9.5871358">
        <ele>2270.9</ele>
        <time>2026-09-12T11:57:49Z</time>
        <hdop>10.7</hdop>
        <extensions>
          <osmand:speed>1</osmand:speed>
        </extensions>
      </trkpt>
      <trkpt lat="46.4860075" lon="9.5871831">
        <ele>2268.9</ele>
        <time>2026-09-12T11:57:55Z</time>
        <hdop>10.7</hdop>
        <extensions>
          <osmand:speed>1.4</osmand:speed>
        </extensions>
      </trkpt>
      <trkpt lat="46.4860808" lon="9.5872149">
        <ele>2266.9</ele>
        <time>2026-09-12T11:58:01Z</time>
        <hdop>11.2</hdop>
        <extensions>
          <osmand:speed>1.2</osmand:speed>
        </extensions>
      </trkpt>
      <trkpt lat="46.486134" lon="9.5872083">
        <ele>2264.9</ele>
        <time>2026-09-12T11:58:07Z</time>
        <hdop>11.2</hdop>
        <extensions>
          <osmand:speed>0.9</osmand:speed>
        </extensions>
      </trkpt>
      <trkpt lat="46.4862027" lon="9.5872271">
        <ele>2263.9</ele>
        <time>2026-09-12T11:58:13Z</time>
        <hdop>10.7</hdop>
        <extensions>
          <osmand:speed>1</osmand:speed>
        </extensions>
      </trkpt>
      <trkpt lat="46.4862715" lon="9.5872571">
        <ele>2263.9</ele>
        <time>2026-09-12T11:58:19Z</time>
        <hdop>10.2</hdop>
        <extensions>
          <osmand:speed>1.1</osmand:speed>
        </extensions>
      </trkpt>
      <trkpt lat="46.4863247" lon="9.5873">
        <ele>2263.9</ele>
        <time>2026-09-12T11:58:25Z</time>
        <hdop>9.2</hdop>
        <extensions>
          <osmand:speed>1.1</osmand:speed>
        </extensions>
      </trkpt>
      <trkpt lat="46.4863865" lon="9.5873346">
        <ele>2262.9</ele>
        <time>2026-09-12T11:58:31Z</time>
        <hdop>9.2</hdop>
        <extensions>
          <osmand:speed>1</osmand:speed>
        </extensions>
      </trkpt>
      <trkpt lat="46.4864417" lon="9.5873353">
        <ele>2262.9</ele>
        <time>2026-09-12T11:58:37Z</time>
        <hdop>10.2</hdop>
        <extensions>
          <osmand:speed>1.1</osmand:speed>
        </extensions>
      </trkpt>
      <trkpt lat="46.4865032" lon="9.5873455">
        <ele>2261.9</ele>
        <time>2026-09-12T11:58:43Z</time>
        <hdop>12.2</hdop>
        <extensions>
          <osmand:speed>1.2</osmand:speed>
        </extensions>
      </trkpt>
      <trkpt lat="46.4865542" lon="9.5873933">
        <ele>2260.9</ele>
        <time>2026-09-12T11:58:49Z</time>
        <hdop>10.7</hdop>
        <extensions>
          <osmand:speed>1.1</osmand:speed>
        </extensions>
      </trkpt>
      <trkpt lat="46.4866161" lon="9.5874337">
        <ele>2258.9</ele>
        <time>2026-09-12T11:58:55Z</time>
        <hdop>9.2</hdop>
        <extensions>
          <osmand:speed>0.9</osmand:speed>
        </extensions>
      </trkpt>
      <trkpt lat="46.4866599" lon="9.5874574">
        <ele>2257.9</ele>
        <time>2026-09-12T11:59:01Z</time>
        <hdop>9.2</hdop>
        <extensions>
          <osmand:speed>1.2</osmand:speed>
        </extensions>
      </trkpt>
      <trkpt lat="46.4867168" lon="9.5874617">
        <ele>2256.9</ele>
        <time>2026-09-12T11:59:07Z</time>
        <hdop>8.7</hdop>
        <extensions>
          <osmand:speed>0.2</osmand:speed>
        </extensions>
      </trkpt>
      <trkpt lat="46.4867582" lon="9.5874674">
        <ele>2256.9</ele>
        <time>2026-09-12T11:59:13Z</time>
        <hdop>12.2</hdop>
        <extensions>
          <osmand:speed>1.3</osmand:speed>
        </extensions>
      </trkpt>
      <trkpt lat="46.4868231" lon="9.5874549">
        <ele>2257.9</ele>
        <time>2026-09-12T11:59:19Z</time>
        <hdop>9.2</hdop>
        <extensions>
          <osmand:speed>1.4</osmand:speed>
        </extensions>
      </trkpt>
      <trkpt lat="46.4868729" lon="9.5875376">
        <ele>2256.9</ele>
        <time>2026-09-12T11:59:25Z</time>
        <hdop>9.7</hdop>
        <extensions>
          <osmand:speed>0.4</osmand:speed>
        </extensions>
      </trkpt>
      <trkpt lat="46.4868821" lon="9.5875631">
        <ele>2257.9</ele>
        <time>2026-09-12T11:59:31Z</time>
        <hdop>5.1</hdop>
      </trkpt>
      <trkpt lat="46.4868984" lon="9.5875513">
        <ele>2258.9</ele>
        <time>2026-09-12T11:59:41Z</time>
        <hdop>7.1</hdop>
        <extensions>
          <osmand:speed>0.9</osmand:speed>
        </extensions>
      </trkpt>
      <trkpt lat="46.4869699" lon="9.5875876">
        <ele>2259.9</ele>
        <time>2026-09-12T11:59:47Z</time>
        <hdop>9.7</hdop>
        <extensions>
          <osmand:speed>1.2</osmand:speed>
        </extensions>
      </trkpt>
      <trkpt lat="46.48702" lon="9.5876127">
        <ele>2258.9</ele>
        <time>2026-09-12T11:59:53Z</time>
        <hdop>10.7</hdop>
        <extensions>
          <osmand:speed>1.2</osmand:speed>
        </extensions>
      </trkpt>
      <trkpt lat="46.4870744" lon="9.5876485">
        <ele>2257.9</ele>
        <time>2026-09-12T11:59:59Z</time>
        <hdop>9.2</hdop>
        <extensions>
          <osmand:speed>1</osmand:speed>
        </extensions>
      </trkpt>
      <trkpt lat="46.4871325" lon="9.5877015">
        <ele>2256.9</ele>
        <time>2026-09-12T12:00:05Z</time>
        <hdop>10.7</hdop>
        <extensions>
          <osmand:speed>0.9</osmand:speed>
        </extensions>
      </trkpt>
      <trkpt lat="46.4872042" lon="9.587723">
        <ele>2256.9</ele>
        <time>2026-09-12T12:00:11Z</time>
        <hdop>10.7</hdop>
        <extensions>
          <osmand:speed>1</osmand:speed>
        </extensions>
      </trkpt>
      <trkpt lat="46.4872616" lon="9.587782">
        <ele>2256.9</ele>
        <time>2026-09-12T12:00:17Z</time>
        <hdop>9.2</hdop>
        <extensions>
          <osmand:speed>1.3</osmand:speed>
        </extensions>
      </trkpt>
      <trkpt lat="46.4873489" lon="9.5878224">
        <ele>2256.9</ele>
        <time>2026-09-12T12:00:23Z</time>
        <hdop>11.2</hdop>
        <extensions>
          <osmand:speed>1.5</osmand:speed>
        </extensions>
      </trkpt>
      <trkpt lat="46.4874222" lon="9.5878413">
        <ele>2254.9</ele>
        <time>2026-09-12T12:00:29Z</time>
        <hdop>10.2</hdop>
        <extensions>
          <osmand:speed>1.6</osmand:speed>
        </extensions>
      </trkpt>
      <trkpt lat="46.4874897" lon="9.5878687">
        <ele>2255.9</ele>
        <time>2026-09-12T12:00:35Z</time>
        <hdop>7.1</hdop>
        <extensions>
          <osmand:speed>0.2</osmand:speed>
        </extensions>
      </trkpt>
      <trkpt lat="46.487489" lon="9.5878412">
        <ele>2254.9</ele>
        <time>2026-09-12T12:00:42Z</time>
        <hdop>10.2</hdop>
        <extensions>
          <osmand:speed>0.3</osmand:speed>
        </extensions>
      </trkpt>
      <trkpt lat="46.4874899" lon="9.5878686">
        <ele>2254.9</ele>
        <time>2026-09-12T12:00:51Z</time>
        <hdop>10.7</hdop>
        <extensions>
          <osmand:speed>1.5</osmand:speed>
        </extensions>
      </trkpt>
      <trkpt lat="46.4875319" lon="9.5878668">
        <ele>2255.9</ele>
        <time>2026-09-12T12:00:57Z</time>
        <hdop>11.2</hdop>
        <extensions>
          <osmand:speed>0.6</osmand:speed>
        </extensions>
      </trkpt>
      <trkpt lat="46.4875815" lon="9.5878463">
        <ele>2255.9</ele>
        <time>2026-09-12T12:01:03Z</time>
        <hdop>8.7</hdop>
        <extensions>
          <osmand:speed>0.8</osmand:speed>
        </extensions>
      </trkpt>
      <trkpt lat="46.4876385" lon="9.5878613">
        <ele>2256.9</ele>
        <time>2026-09-12T12:01:09Z</time>
        <hdop>11.2</hdop>
        <extensions>
          <osmand:speed>0.9</osmand:speed>
        </extensions>
      </trkpt>
      <trkpt lat="46.4876933" lon="9.5878475">
        <ele>2255.9</ele>
        <time>2026-09-12T12:01:15Z</time>
        <hdop>10.2</hdop>
        <extensions>
          <osmand:speed>0.9</osmand:speed>
        </extensions>
      </trkpt>
      <trkpt lat="46.487745" lon="9.5878541">
        <ele>2252.9</ele>
        <time>2026-09-12T12:01:21Z</time>
        <hdop>7.1</hdop>
        <extensions>
          <osmand:speed>1.1</osmand:speed>
        </extensions>
      </trkpt>
      <trkpt lat="46.4878312" lon="9.5878461">
        <ele>2253.9</ele>
        <time>2026-09-12T12:01:27Z</time>
        <hdop>10.2</hdop>
        <extensions>
          <osmand:speed>1.1</osmand:speed>
        </extensions>
      </trkpt>
      <trkpt lat="46.4879079" lon="9.5878339">
        <ele>2251.9</ele>
        <time>2026-09-12T12:01:33Z</time>
        <hdop>10.2</hdop>
        <extensions>
          <osmand:speed>1.2</osmand:speed>
        </extensions>
      </trkpt>
      <trkpt lat="46.4879897" lon="9.5878362">
        <ele>2250.9</ele>
        <time>2026-09-12T12:01:39Z</time>
        <hdop>9.7</hdop>
        <extensions>
          <osmand:speed>1.7</osmand:speed>
        </extensions>
      </trkpt>
      <trkpt lat="46.4880441" lon="9.5878367">
        <ele>2250.9</ele>
        <time>2026-09-12T12:01:45Z</time>
        <hdop>9.7</hdop>
        <extensions>
          <osmand:speed>0.9</osmand:speed>
        </extensions>
      </trkpt>
      <trkpt lat="46.4881176" lon="9.5878278">
        <ele>2249.9</ele>
        <time>2026-09-12T12:01:51Z</time>
        <hdop>10.2</hdop>
        <extensions>
          <osmand:speed>1.2</osmand:speed>
        </extensions>
      </trkpt>
      <trkpt lat="46.4881697" lon="9.5878668">
        <ele>2248.9</ele>
        <time>2026-09-12T12:01:57Z</time>
        <hdop>10.2</hdop>
        <extensions>
          <osmand:speed>1.5</osmand:speed>
        </extensions>
      </trkpt>
      <trkpt lat="46.4882226" lon="9.5879241">
        <ele>2247.9</ele>
        <time>2026-09-12T12:02:03Z</time>
        <hdop>9.2</hdop>
        <extensions>
          <osmand:speed>0.9</osmand:speed>
        </extensions>
      </trkpt>
      <trkpt lat="46.4882629" lon="9.5879507">
        <ele>2247.9</ele>
        <time>2026-09-12T12:02:09Z</time>
        <hdop>5.6</hdop>
        <extensions>
          <osmand:speed>0.9</osmand:speed>
        </extensions>
      </trkpt>
      <trkpt lat="46.4883143" lon="9.5879622">
        <ele>2245.9</ele>
        <time>2026-09-12T12:02:15Z</time>
        <hdop>7.7</hdop>
        <extensions>
          <osmand:speed>0.7</osmand:speed>
        </extensions>
      </trkpt>
      <trkpt lat="46.4883461" lon="9.5879839">
        <ele>2244.9</ele>
        <time>2026-09-12T12:02:21Z</time>
        <hdop>7.1</hdop>
        <extensions>
          <osmand:speed>1</osmand:speed>
        </extensions>
      </trkpt>
      <trkpt lat="46.4883935" lon="9.5879971">
        <ele>2241.9</ele>
        <time>2026-09-12T12:02:27Z</time>
        <hdop>8.2</hdop>
        <extensions>
          <osmand:speed>1</osmand:speed>
        </extensions>
      </trkpt>
      <trkpt lat="46.4884368" lon="9.5880111">
        <ele>2239.9</ele>
        <time>2026-09-12T12:02:33Z</time>
        <hdop>7.7</hdop>
        <extensions>
          <osmand:speed>1.3</osmand:speed>
        </extensions>
      </trkpt>
      <trkpt lat="46.4884617" lon="9.5880897">
        <ele>2237.9</ele>
        <time>2026-09-12T12:02:39Z</time>
        <hdop>9.7</hdop>
        <extensions>
          <osmand:speed>0.6</osmand:speed>
        </extensions>
      </trkpt>
      <trkpt lat="46.4885012" lon="9.5881193">
        <ele>2237.9</ele>
        <time>2026-09-12T12:02:45Z</time>
        <hdop>8.2</hdop>
        <extensions>
          <osmand:speed>0.5</osmand:speed>
        </extensions>
      </trkpt>
      <trkpt lat="46.4885215" lon="9.5881846">
        <ele>2236.9</ele>
        <time>2026-09-12T12:02:51Z</time>
        <hdop>11.7</hdop>
        <extensions>
          <osmand:speed>1.3</osmand:speed>
        </extensions>
      </trkpt>
      <trkpt lat="46.4885608" lon="9.5882164">
        <ele>2235.9</ele>
        <time>2026-09-12T12:02:57Z</time>
        <hdop>8.7</hdop>
        <extensions>
          <osmand:speed>0.8</osmand:speed>
        </extensions>
      </trkpt>
      <trkpt lat="46.4885965" lon="9.5882675">
        <ele>2235.9</ele>
        <time>2026-09-12T12:03:03Z</time>
        <hdop>8.7</hdop>
        <extensions>
          <osmand:speed>0.7</osmand:speed>
        </extensions>
      </trkpt>
      <trkpt lat="46.4886395" lon="9.5882569">
        <ele>2233.9</ele>
        <time>2026-09-12T12:03:09Z</time>
        <hdop>8.7</hdop>
        <extensions>
          <osmand:speed>0.7</osmand:speed>
        </extensions>
      </trkpt>
      <trkpt lat="46.4886831" lon="9.5882333">
        <ele>2232.9</ele>
        <time>2026-09-12T12:03:15Z</time>
        <hdop>8.7</hdop>
        <extensions>
          <osmand:speed>0.5</osmand:speed>
        </extensions>
      </trkpt>
      <trkpt lat="46.4887527" lon="9.5882505">
        <ele>2229.9</ele>
        <time>2026-09-12T12:03:21Z</time>
        <hdop>9.7</hdop>
        <extensions>
          <osmand:speed>1.1</osmand:speed>
        </extensions>
      </trkpt>
      <trkpt lat="46.4888163" lon="9.5882936">
        <ele>2227.9</ele>
        <time>2026-09-12T12:03:27Z</time>
        <hdop>10.7</hdop>
        <extensions>
          <osmand:speed>1</osmand:speed>
        </extensions>
      </trkpt>
      <trkpt lat="46.488884" lon="9.5883087">
        <ele>2225.9</ele>
        <time>2026-09-12T12:03:33Z</time>
        <hdop>11.2</hdop>
        <extensions>
          <osmand:speed>0.8</osmand:speed>
        </extensions>
      </trkpt>
      <trkpt lat="46.4889427" lon="9.5883125">
        <ele>2222.9</ele>
        <time>2026-09-12T12:03:39Z</time>
        <hdop>11.2</hdop>
        <extensions>
          <osmand:speed>1.3</osmand:speed>
        </extensions>
      </trkpt>
      <trkpt lat="46.4889912" lon="9.5883025">
        <ele>2220.9</ele>
        <time>2026-09-12T12:03:45Z</time>
        <hdop>9.2</hdop>
        <extensions>
          <osmand:speed>0.8</osmand:speed>
        </extensions>
      </trkpt>
      <trkpt lat="46.4890432" lon="9.5883008">
        <ele>2218.9</ele>
        <time>2026-09-12T12:03:51Z</time>
        <hdop>11.2</hdop>
        <extensions>
          <osmand:speed>0.8</osmand:speed>
        </extensions>
      </trkpt>
      <trkpt lat="46.4890897" lon="9.5883237">
        <ele>2217.9</ele>
        <time>2026-09-12T12:03:57Z</time>
        <hdop>8.2</hdop>
        <extensions>
          <osmand:speed>1.1</osmand:speed>
        </extensions>
      </trkpt>
      <trkpt lat="46.489142" lon="9.5883341">
        <ele>2217.9</ele>
        <time>2026-09-12T12:04:03Z</time>
        <hdop>8.2</hdop>
        <extensions>
          <osmand:speed>0.9</osmand:speed>
        </extensions>
      </trkpt>
      <trkpt lat="46.4892017" lon="9.5883532">
        <ele>2218.9</ele>
        <time>2026-09-12T12:04:09Z</time>
        <hdop>9.2</hdop>
        <extensions>
          <osmand:speed>1.1</osmand:speed>
        </extensions>
      </trkpt>
      <trkpt lat="46.4892637" lon="9.5883577">
        <ele>2216.9</ele>
        <time>2026-09-12T12:04:15Z</time>
        <hdop>9.2</hdop>
        <extensions>
          <osmand:speed>0.9</osmand:speed>
        </extensions>
      </trkpt>
      <trkpt lat="46.4893119" lon="9.5883145">
        <ele>2214.9</ele>
        <time>2026-09-12T12:04:21Z</time>
        <hdop>9.2</hdop>
        <extensions>
          <osmand:speed>1.1</osmand:speed>
        </extensions>
      </trkpt>
      <trkpt lat="46.4893595" lon="9.5883139">
        <ele>2213.9</ele>
        <time>2026-09-12T12:04:27Z</time>
        <hdop>9.7</hdop>
        <extensions>
          <osmand:speed>1.2</osmand:speed>
        </extensions>
      </trkpt>
      <trkpt lat="46.4893899" lon="9.5883332">
        <ele>2212.9</ele>
        <time>2026-09-12T12:04:33Z</time>
        <hdop>9.7</hdop>
        <extensions>
          <osmand:speed>0.8</osmand:speed>
        </extensions>
      </trkpt>
      <trkpt lat="46.4894361" lon="9.5883432">
        <ele>2211.9</ele>
        <time>2026-09-12T12:04:39Z</time>
        <hdop>9.2</hdop>
        <extensions>
          <osmand:speed>0.8</osmand:speed>
        </extensions>
      </trkpt>
      <trkpt lat="46.489496" lon="9.5883582">
        <ele>2208.9</ele>
        <time>2026-09-12T12:04:45Z</time>
        <hdop>8.7</hdop>
        <extensions>
          <osmand:speed>0.7</osmand:speed>
        </extensions>
      </trkpt>
      <trkpt lat="46.4895436" lon="9.5883312">
        <ele>2207.9</ele>
        <time>2026-09-12T12:04:51Z</time>
        <hdop>7.7</hdop>
        <extensions>
          <osmand:speed>1.3</osmand:speed>
        </extensions>
      </trkpt>
      <trkpt lat="46.4895875" lon="9.5883258">
        <ele>2205.9</ele>
        <time>2026-09-12T12:04:57Z</time>
        <hdop>8.2</hdop>
        <extensions>
          <osmand:speed>0.7</osmand:speed>
        </extensions>
      </trkpt>
      <trkpt lat="46.4896397" lon="9.588369">
        <ele>2201.9</ele>
        <time>2026-09-12T12:05:03Z</time>
        <hdop>13.3</hdop>
        <extensions>
          <osmand:speed>1</osmand:speed>
        </extensions>
      </trkpt>
      <trkpt lat="46.4896939" lon="9.5884281">
        <ele>2201.9</ele>
        <time>2026-09-12T12:05:09Z</time>
        <hdop>10.7</hdop>
        <extensions>
          <osmand:speed>1.1</osmand:speed>
        </extensions>
      </trkpt>
      <trkpt lat="46.4897586" lon="9.5884327">
        <ele>2203.9</ele>
        <time>2026-09-12T12:05:15Z</time>
        <hdop>8.7</hdop>
        <extensions>
          <osmand:speed>1</osmand:speed>
        </extensions>
      </trkpt>
      <trkpt lat="46.489804" lon="9.5884501">
        <ele>2201.9</ele>
        <time>2026-09-12T12:05:21Z</time>
        <hdop>7.7</hdop>
        <extensions>
          <osmand:speed>0.8</osmand:speed>
        </extensions>
      </trkpt>
      <trkpt lat="46.4898501" lon="9.5884797">
        <ele>2200.9</ele>
        <time>2026-09-12T12:05:27Z</time>
        <hdop>9.2</hdop>
        <extensions>
          <osmand:speed>1.2</osmand:speed>
        </extensions>
      </trkpt>
      <trkpt lat="46.4898992" lon="9.5885293">
        <ele>2196.9</ele>
        <time>2026-09-12T12:05:33Z</time>
        <hdop>9.7</hdop>
        <extensions>
          <osmand:speed>1.2</osmand:speed>
        </extensions>
      </trkpt>
      <trkpt lat="46.4899444" lon="9.5885699">
        <ele>2195.9</ele>
        <time>2026-09-12T12:05:39Z</time>
        <hdop>10.7</hdop>
        <extensions>
          <osmand:speed>0.7</osmand:speed>
        </extensions>
      </trkpt>
      <trkpt lat="46.4899856" lon="9.5886431">
        <ele>2192.9</ele>
        <time>2026-09-12T12:05:45Z</time>
        <hdop>8.7</hdop>
        <extensions>
          <osmand:speed>1</osmand:speed>
        </extensions>
      </trkpt>
      <trkpt lat="46.4900552" lon="9.5886778">
        <ele>2192.9</ele>
        <time>2026-09-12T12:05:51Z</time>
        <hdop>9.7</hdop>
        <extensions>
          <osmand:speed>1</osmand:speed>
        </extensions>
      </trkpt>
      <trkpt lat="46.4900906" lon="9.5887092">
        <ele>2190.9</ele>
        <time>2026-09-12T12:05:57Z</time>
        <hdop>7.7</hdop>
        <extensions>
          <osmand:speed>1.3</osmand:speed>
        </extensions>
      </trkpt>
      <trkpt lat="46.4901668" lon="9.5887546">
        <ele>2189.9</ele>
        <time>2026-09-12T12:06:03Z</time>
        <hdop>10.2</hdop>
        <extensions>
          <osmand:speed>1.7</osmand:speed>
        </extensions>
      </trkpt>
      <trkpt lat="46.4902119" lon="9.5888165">
        <ele>2188.9</ele>
        <time>2026-09-12T12:06:09Z</time>
        <hdop>10.2</hdop>
        <extensions>
          <osmand:speed>1</osmand:speed>
        </extensions>
      </trkpt>
      <trkpt lat="46.4902492" lon="9.5888748">
        <ele>2188.9</ele>
        <time>2026-09-12T12:06:15Z</time>
        <hdop>9.2</hdop>
        <extensions>
          <osmand:speed>0.8</osmand:speed>
        </extensions>
      </trkpt>
      <trkpt lat="46.4902997" lon="9.5889056">
        <ele>2189.9</ele>
        <time>2026-09-12T12:06:21Z</time>
        <hdop>8.7</hdop>
        <extensions>
          <osmand:speed>0.8</osmand:speed>
        </extensions>
      </trkpt>
      <trkpt lat="46.4903513" lon="9.5889046">
        <ele>2188.9</ele>
        <time>2026-09-12T12:06:27Z</time>
        <hdop>8.2</hdop>
        <extensions>
          <osmand:speed>1</osmand:speed>
        </extensions>
      </trkpt>
      <trkpt lat="46.4904053" lon="9.5889721">
        <ele>2185.9</ele>
        <time>2026-09-12T12:06:33Z</time>
        <hdop>9.7</hdop>
        <extensions>
          <osmand:speed>0.7</osmand:speed>
        </extensions>
      </trkpt>
      <trkpt lat="46.4904541" lon="9.5890374">
        <ele>2184.9</ele>
        <time>2026-09-12T12:06:39Z</time>
        <hdop>9.7</hdop>
        <extensions>
          <osmand:speed>1.4</osmand:speed>
        </extensions>
      </trkpt>
      <trkpt lat="46.490523" lon="9.5890505">
        <ele>2185.9</ele>
        <time>2026-09-12T12:06:45Z</time>
        <hdop>10.2</hdop>
        <extensions>
          <osmand:speed>0.8</osmand:speed>
        </extensions>
      </trkpt>
      <trkpt lat="46.4905788" lon="9.5891042">
        <ele>2183.9</ele>
        <time>2026-09-12T12:06:51Z</time>
        <hdop>9.7</hdop>
        <extensions>
          <osmand:speed>0.8</osmand:speed>
        </extensions>
      </trkpt>
      <trkpt lat="46.4906171" lon="9.5891288">
        <ele>2183.9</ele>
        <time>2026-09-12T12:06:57Z</time>
        <hdop>9.7</hdop>
        <extensions>
          <osmand:speed>0.4</osmand:speed>
        </extensions>
      </trkpt>
      <trkpt lat="46.4906358" lon="9.5891509">
        <ele>2187.9</ele>
        <time>2026-09-12T12:07:09Z</time>
        <hdop>9.2</hdop>
        <extensions>
          <osmand:speed>0</osmand:speed>
        </extensions>
      </trkpt>
      <trkpt lat="46.4906598" lon="9.5891651">
        <ele>2187.9</ele>
        <time>2026-09-12T12:07:15Z</time>
        <hdop>4.6</hdop>
        <extensions>
          <osmand:speed>1.6</osmand:speed>
        </extensions>
      </trkpt>
      <trkpt lat="46.4906838" lon="9.589191">
        <ele>2186.9</ele>
        <time>2026-09-12T12:07:21Z</time>
        <hdop>9.7</hdop>
        <extensions>
          <osmand:speed>1</osmand:speed>
        </extensions>
      </trkpt>
      <trkpt lat="46.4906959" lon="9.5892165">
        <ele>2185.9</ele>
        <time>2026-09-12T12:07:28Z</time>
        <hdop>9.7</hdop>
        <extensions>
          <osmand:speed>0.6</osmand:speed>
        </extensions>
      </trkpt>
      <trkpt lat="46.4907243" lon="9.5892127">
        <ele>2184.9</ele>
        <time>2026-09-12T12:07:34Z</time>
        <hdop>9.7</hdop>
        <extensions>
          <osmand:speed>0.7</osmand:speed>
        </extensions>
      </trkpt>
      <trkpt lat="46.4907612" lon="9.589241">
        <ele>2183.9</ele>
        <time>2026-09-12T12:07:40Z</time>
        <hdop>8.2</hdop>
        <extensions>
          <osmand:speed>0.9</osmand:speed>
        </extensions>
      </trkpt>
      <trkpt lat="46.4908159" lon="9.5892744">
        <ele>2183.9</ele>
        <time>2026-09-12T12:07:46Z</time>
        <hdop>8.2</hdop>
        <extensions>
          <osmand:speed>1.6</osmand:speed>
        </extensions>
      </trkpt>
      <trkpt lat="46.4908588" lon="9.5893142">
        <ele>2183.9</ele>
        <time>2026-09-12T12:07:52Z</time>
        <hdop>10.7</hdop>
        <extensions>
          <osmand:speed>0.6</osmand:speed>
        </extensions>
      </trkpt>
      <trkpt lat="46.4909089" lon="9.5893158">
        <ele>2183.9</ele>
        <time>2026-09-12T12:07:58Z</time>
        <hdop>8.7</hdop>
        <extensions>
          <osmand:speed>0.8</osmand:speed>
        </extensions>
      </trkpt>
      <trkpt lat="46.4909574" lon="9.5892926">
        <ele>2183.9</ele>
        <time>2026-09-12T12:08:04Z</time>
        <hdop>9.2</hdop>
        <extensions>
          <osmand:speed>1.6</osmand:speed>
        </extensions>
      </trkpt>
      <trkpt lat="46.4910065" lon="9.5893179">
        <ele>2183.9</ele>
        <time>2026-09-12T12:08:10Z</time>
        <hdop>7.7</hdop>
        <extensions>
          <osmand:speed>1</osmand:speed>
        </extensions>
      </trkpt>
      <trkpt lat="46.4910536" lon="9.5893196">
        <ele>2182.9</ele>
        <time>2026-09-12T12:08:16Z</time>
        <hdop>9.2</hdop>
        <extensions>
          <osmand:speed>1.1</osmand:speed>
        </extensions>
      </trkpt>
      <trkpt lat="46.4911238" lon="9.589346">
        <ele>2182.9</ele>
        <time>2026-09-12T12:08:22Z</time>
        <hdop>10.2</hdop>
        <extensions>
          <osmand:speed>1.4</osmand:speed>
        </extensions>
      </trkpt>
      <trkpt lat="46.4912014" lon="9.5893886">
        <ele>2180.9</ele>
        <time>2026-09-12T12:08:28Z</time>
        <hdop>8.7</hdop>
        <extensions>
          <osmand:speed>1.3</osmand:speed>
        </extensions>
      </trkpt>
      <trkpt lat="46.4912602" lon="9.5894387">
        <ele>2179.9</ele>
        <time>2026-09-12T12:08:34Z</time>
        <hdop>8.7</hdop>
        <extensions>
          <osmand:speed>0.9</osmand:speed>
        </extensions>
      </trkpt>
      <trkpt lat="46.4913274" lon="9.5894968">
        <ele>2178.9</ele>
        <time>2026-09-12T12:08:40Z</time>
        <hdop>9.2</hdop>
        <extensions>
          <osmand:speed>0.1</osmand:speed>
        </extensions>
      </trkpt>
      <trkpt lat="46.49135" lon="9.5895319">
        <ele>2177.9</ele>
        <time>2026-09-12T12:08:46Z</time>
        <hdop>10.7</hdop>
        <extensions>
          <osmand:speed>1.4</osmand:speed>
        </extensions>
      </trkpt>
      <trkpt lat="46.4913818" lon="9.5895819">
        <ele>2177.9</ele>
        <time>2026-09-12T12:08:52Z</time>
        <hdop>11.2</hdop>
        <extensions>
          <osmand:speed>1.1</osmand:speed>
        </extensions>
      </trkpt>
      <trkpt lat="46.4914313" lon="9.5896359">
        <ele>2176.9</ele>
        <time>2026-09-12T12:08:58Z</time>
        <hdop>11.7</hdop>
        <extensions>
          <osmand:speed>1.2</osmand:speed>
        </extensions>
      </trkpt>
      <trkpt lat="46.4914798" lon="9.5896823">
        <ele>2176.9</ele>
        <time>2026-09-12T12:09:04Z</time>
        <hdop>10.2</hdop>
        <extensions>
          <osmand:speed>1.3</osmand:speed>
        </extensions>
      </trkpt>
      <trkpt lat="46.4915309" lon="9.589723">
        <ele>2175.9</ele>
        <time>2026-09-12T12:09:10Z</time>
        <hdop>8.7</hdop>
        <extensions>
          <osmand:speed>1.1</osmand:speed>
        </extensions>
      </trkpt>
      <trkpt lat="46.4915908" lon="9.5897095">
        <ele>2175.9</ele>
        <time>2026-09-12T12:09:16Z</time>
        <hdop>10.2</hdop>
        <extensions>
          <osmand:speed>1</osmand:speed>
        </extensions>
      </trkpt>
      <trkpt lat="46.4916634" lon="9.5896709">
        <ele>2174.9</ele>
        <time>2026-09-12T12:09:22Z</time>
        <hdop>9.7</hdop>
        <extensions>
          <osmand:speed>1.4</osmand:speed>
        </extensions>
      </trkpt>
      <trkpt lat="46.4917195" lon="9.5896093">
        <ele>2173.9</ele>
        <time>2026-09-12T12:09:28Z</time>
        <hdop>10.7</hdop>
        <extensions>
          <osmand:speed>1.4</osmand:speed>
        </extensions>
      </trkpt>
      <trkpt lat="46.4917905" lon="9.5895726">
        <ele>2173.9</ele>
        <time>2026-09-12T12:09:34Z</time>
        <hdop>9.2</hdop>
        <extensions>
          <osmand:speed>1</osmand:speed>
        </extensions>
      </trkpt>
      <trkpt lat="46.4918519" lon="9.5895703">
        <ele>2173.9</ele>
        <time>2026-09-12T12:09:40Z</time>
        <hdop>9.7</hdop>
        <extensions>
          <osmand:speed>1.4</osmand:speed>
        </extensions>
      </trkpt>
      <trkpt lat="46.4919176" lon="9.5895576">
        <ele>2172.9</ele>
        <time>2026-09-12T12:09:46Z</time>
        <hdop>11.7</hdop>
        <extensions>
          <osmand:speed>1.5</osmand:speed>
        </extensions>
      </trkpt>
      <trkpt lat="46.491982" lon="9.5895166">
        <ele>2172.9</ele>
        <time>2026-09-12T12:09:52Z</time>
        <hdop>12.8</hdop>
        <extensions>
          <osmand:speed>1.3</osmand:speed>
        </extensions>
      </trkpt>
      <trkpt lat="46.4920461" lon="9.5894905">
        <ele>2170.9</ele>
        <time>2026-09-12T12:09:58Z</time>
        <hdop>11.7</hdop>
        <extensions>
          <osmand:speed>1</osmand:speed>
        </extensions>
      </trkpt>
      <trkpt lat="46.4921197" lon="9.589476">
        <ele>2170.9</ele>
        <time>2026-09-12T12:10:04Z</time>
        <hdop>10.2</hdop>
        <extensions>
          <osmand:speed>1.7</osmand:speed>
        </extensions>
      </trkpt>
      <trkpt lat="46.4921769" lon="9.5894843">
        <ele>2169.9</ele>
        <time>2026-09-12T12:10:10Z</time>
        <hdop>10.2</hdop>
        <extensions>
          <osmand:speed>1.4</osmand:speed>
        </extensions>
      </trkpt>
      <trkpt lat="46.4922269" lon="9.5895002">
        <ele>2168.9</ele>
        <time>2026-09-12T12:10:16Z</time>
        <hdop>14.3</hdop>
        <extensions>
          <osmand:speed>0.6</osmand:speed>
        </extensions>
      </trkpt>
      <trkpt lat="46.4922804" lon="9.5894353">
        <ele>2166.9</ele>
        <time>2026-09-12T12:10:22Z</time>
        <hdop>10.2</hdop>
        <extensions>
          <osmand:speed>1.3</osmand:speed>
        </extensions>
      </trkpt>
      <trkpt lat="46.4923321" lon="9.5893978">
        <ele>2168.9</ele>
        <time>2026-09-12T12:10:28Z</time>
        <hdop>8.7</hdop>
        <extensions>
          <osmand:speed>0.8</osmand:speed>
        </extensions>
      </trkpt>
      <trkpt lat="46.4924015" lon="9.589366">
        <ele>2168.9</ele>
        <time>2026-09-12T12:10:34Z</time>
        <hdop>8.7</hdop>
        <extensions>
          <osmand:speed>1.1</osmand:speed>
        </extensions>
      </trkpt>
      <trkpt lat="46.492452" lon="9.5893953">
        <ele>2165.9</ele>
        <time>2026-09-12T12:10:40Z</time>
        <hdop>9.7</hdop>
        <extensions>
          <osmand:speed>1.3</osmand:speed>
        </extensions>
      </trkpt>
      <trkpt lat="46.4925177" lon="9.5894172">
        <ele>2165.9</ele>
        <time>2026-09-12T12:10:46Z</time>
        <hdop>11.2</hdop>
        <extensions>
          <osmand:speed>1.1</osmand:speed>
        </extensions>
      </trkpt>
      <trkpt lat="46.4925686" lon="9.5894521">
        <ele>2165.9</ele>
        <time>2026-09-12T12:10:52Z</time>
        <hdop>11.2</hdop>
        <extensions>
          <osmand:speed>1</osmand:speed>
        </extensions>
      </trkpt>
      <trkpt lat="46.4926393" lon="9.5894574">
        <ele>2165.9</ele>
        <time>2026-09-12T12:10:58Z</time>
        <hdop>11.7</hdop>
        <extensions>
          <osmand:speed>0.4</osmand:speed>
        </extensions>
      </trkpt>
      <trkpt lat="46.4926827" lon="9.5894571">
        <ele>2167.9</ele>
        <time>2026-09-12T12:11:04Z</time>
        <hdop>8.2</hdop>
        <extensions>
          <osmand:speed>1.3</osmand:speed>
        </extensions>
      </trkpt>
      <trkpt lat="46.492728" lon="9.5894447">
        <ele>2166.9</ele>
        <time>2026-09-12T12:11:10Z</time>
        <hdop>12.2</hdop>
        <extensions>
          <osmand:speed>0.3</osmand:speed>
        </extensions>
      </trkpt>
      <trkpt lat="46.492747" lon="9.5894697">
        <ele>2167.9</ele>
        <time>2026-09-12T12:11:16Z</time>
        <hdop>9.2</hdop>
        <extensions>
          <osmand:speed>0.1</osmand:speed>
        </extensions>
      </trkpt>
      <trkpt lat="46.492726" lon="9.5894626">
        <ele>2169.9</ele>
        <time>2026-09-12T12:11:26Z</time>
        <hdop>11.7</hdop>
        <extensions>
          <osmand:speed>0.1</osmand:speed>
        </extensions>
      </trkpt>
      <trkpt lat="46.4927438" lon="9.5894707">
        <ele>2172.9</ele>
        <time>2026-09-12T12:12:11Z</time>
        <hdop>11.2</hdop>
        <extensions>
          <osmand:speed>0.1</osmand:speed>
        </extensions>
      </trkpt>
      <trkpt lat="46.4927333" lon="9.5894483">
        <ele>2174.9</ele>
        <time>2026-09-12T12:12:24Z</time>
        <hdop>7.1</hdop>
        <extensions>
          <osmand:speed>1</osmand:speed>
        </extensions>
      </trkpt>
      <trkpt lat="46.4927152" lon="9.589405">
        <ele>2176.9</ele>
        <time>2026-09-12T12:12:30Z</time>
        <hdop>4.1</hdop>
      </trkpt>
      <trkpt lat="46.4926962" lon="9.5894338">
        <ele>2176.9</ele>
        <time>2026-09-12T12:12:36Z</time>
        <hdop>6.1</hdop>
      </trkpt>
      <trkpt lat="46.4926986" lon="9.5894651">
        <ele>2172.9</ele>
        <time>2026-09-12T12:13:06Z</time>
        <hdop>12.2</hdop>
        <extensions>
          <osmand:speed>1.1</osmand:speed>
        </extensions>
      </trkpt>
      <trkpt lat="46.4927233" lon="9.5894607">
        <ele>2173.9</ele>
        <time>2026-09-12T12:13:12Z</time>
        <hdop>13.3</hdop>
        <extensions>
          <osmand:speed>0</osmand:speed>
        </extensions>
      </trkpt>
      <trkpt lat="46.4927004" lon="9.5894835">
        <ele>2172.9</ele>
        <time>2026-09-12T12:13:18Z</time>
        <hdop>11.2</hdop>
        <extensions>
          <osmand:speed>0</osmand:speed>
        </extensions>
      </trkpt>
      <trkpt lat="46.4927013" lon="9.5895118">
        <ele>2169.9</ele>
        <time>2026-09-12T12:13:41Z</time>
        <hdop>13.8</hdop>
        <extensions>
          <osmand:speed>0.1</osmand:speed>
        </extensions>
      </trkpt>
      <trkpt lat="46.4927257" lon="9.5895037">
        <ele>2169.9</ele>
        <time>2026-09-12T12:13:53Z</time>
        <hdop>11.7</hdop>
        <extensions>
          <osmand:speed>1.2</osmand:speed>
        </extensions>
      </trkpt>
      <trkpt lat="46.4927718" lon="9.5894924">
        <ele>2167.9</ele>
        <time>2026-09-12T12:13:59Z</time>
        <hdop>10.7</hdop>
        <extensions>
          <osmand:speed>0.7</osmand:speed>
        </extensions>
      </trkpt>
      <trkpt lat="46.4927919" lon="9.5894842">
        <ele>2168.9</ele>
        <time>2026-09-12T12:14:06Z</time>
        <hdop>11.2</hdop>
        <extensions>
          <osmand:speed>0</osmand:speed>
        </extensions>
      </trkpt>
      <trkpt lat="46.4927933" lon="9.5894541">
        <ele>2169.9</ele>
        <time>2026-09-12T12:14:13Z</time>
        <hdop>9.2</hdop>
        <extensions>
          <osmand:speed>0.1</osmand:speed>
        </extensions>
      </trkpt>
      <trkpt lat="46.4928243" lon="9.5894412">
        <ele>2169.9</ele>
        <time>2026-09-12T12:14:19Z</time>
        <hdop>9.2</hdop>
        <extensions>
          <osmand:speed>0.5</osmand:speed>
        </extensions>
      </trkpt>
      <trkpt lat="46.492853" lon="9.5894669">
        <ele>2169.9</ele>
        <time>2026-09-12T12:14:25Z</time>
        <hdop>8.7</hdop>
        <extensions>
          <osmand:speed>1</osmand:speed>
        </extensions>
      </trkpt>
      <trkpt lat="46.4928918" lon="9.589534">
        <ele>2169.9</ele>
        <time>2026-09-12T12:14:31Z</time>
        <hdop>9.7</hdop>
        <extensions>
          <osmand:speed>1.2</osmand:speed>
        </extensions>
      </trkpt>
      <trkpt lat="46.4929594" lon="9.5895472">
        <ele>2167.9</ele>
        <time>2026-09-12T12:14:37Z</time>
        <hdop>9.7</hdop>
        <extensions>
          <osmand:speed>0.9</osmand:speed>
        </extensions>
      </trkpt>
      <trkpt lat="46.493013" lon="9.5895472">
        <ele>2166.9</ele>
        <time>2026-09-12T12:14:43Z</time>
        <hdop>9.2</hdop>
        <extensions>
          <osmand:speed>0.8</osmand:speed>
        </extensions>
      </trkpt>
      <trkpt lat="46.493063" lon="9.5895379">
        <ele>2166.9</ele>
        <time>2026-09-12T12:14:49Z</time>
        <hdop>8.7</hdop>
        <extensions>
          <osmand:speed>1</osmand:speed>
        </extensions>
      </trkpt>
      <trkpt lat="46.4931266" lon="9.5895013">
        <ele>2165.9</ele>
        <time>2026-09-12T12:14:55Z</time>
        <hdop>10.2</hdop>
        <extensions>
          <osmand:speed>1</osmand:speed>
        </extensions>
      </trkpt>
      <trkpt lat="46.4931734" lon="9.5894766">
        <ele>2163.9</ele>
        <time>2026-09-12T12:15:01Z</time>
        <hdop>8.2</hdop>
        <extensions>
          <osmand:speed>1</osmand:speed>
        </extensions>
      </trkpt>
      <trkpt lat="46.4932124" lon="9.5895018">
        <ele>2162.9</ele>
        <time>2026-09-12T12:15:07Z</time>
        <hdop>9.2</hdop>
        <extensions>
          <osmand:speed>0.5</osmand:speed>
        </extensions>
      </trkpt>
      <trkpt lat="46.4932881" lon="9.5895043">
        <ele>2160.9</ele>
        <time>2026-09-12T12:15:13Z</time>
        <hdop>8.2</hdop>
        <extensions>
          <osmand:speed>1.4</osmand:speed>
        </extensions>
      </trkpt>
      <trkpt lat="46.4933471" lon="9.5895159">
        <ele>2159.9</ele>
        <time>2026-09-12T12:15:19Z</time>
        <hdop>10.2</hdop>
        <extensions>
          <osmand:speed>1.2</osmand:speed>
        </extensions>
      </trkpt>
      <trkpt lat="46.4934225" lon="9.5895227">
        <ele>2159.9</ele>
        <time>2026-09-12T12:15:25Z</time>
        <hdop>9.7</hdop>
        <extensions>
          <osmand:speed>1.3</osmand:speed>
        </extensions>
      </trkpt>
      <trkpt lat="46.4934853" lon="9.5895042">
        <ele>2156.9</ele>
        <time>2026-09-12T12:15:31Z</time>
        <hdop>9.7</hdop>
        <extensions>
          <osmand:speed>0.8</osmand:speed>
        </extensions>
      </trkpt>
      <trkpt lat="46.4935196" lon="9.5895121">
        <ele>2157.9</ele>
        <time>2026-09-12T12:15:37Z</time>
        <hdop>10.2</hdop>
        <extensions>
          <osmand:speed>0.4</osmand:speed>
        </extensions>
      </trkpt>
      <trkpt lat="46.4935628" lon="9.5895133">
        <ele>2155.9</ele>
        <time>2026-09-12T12:15:43Z</time>
        <hdop>8.2</hdop>
        <extensions>
          <osmand:speed>0.6</osmand:speed>
        </extensions>
      </trkpt>
      <trkpt lat="46.4935962" lon="9.5895493">
        <ele>2154.9</ele>
        <time>2026-09-12T12:15:49Z</time>
        <hdop>7.7</hdop>
        <extensions>
          <osmand:speed>0.8</osmand:speed>
        </extensions>
      </trkpt>
      <trkpt lat="46.4935987" lon="9.5895922">
        <ele>2154.9</ele>
        <time>2026-09-12T12:15:55Z</time>
        <hdop>9.2</hdop>
        <extensions>
          <osmand:speed>1.1</osmand:speed>
        </extensions>
      </trkpt>
      <trkpt lat="46.4936135" lon="9.5896146">
        <ele>2154.9</ele>
        <time>2026-09-12T12:16:02Z</time>
        <hdop>8.7</hdop>
        <extensions>
          <osmand:speed>0.2</osmand:speed>
        </extensions>
      </trkpt>
      <trkpt lat="46.4936152" lon="9.5896517">
        <ele>2156.9</ele>
        <time>2026-09-12T12:16:08Z</time>
        <hdop>10.7</hdop>
        <extensions>
          <osmand:speed>0.2</osmand:speed>
        </extensions>
      </trkpt>
      <trkpt lat="46.4936427" lon="9.5896602">
        <ele>2158.9</ele>
        <time>2026-09-12T12:16:14Z</time>
        <hdop>10.7</hdop>
        <extensions>
          <osmand:speed>0.4</osmand:speed>
        </extensions>
      </trkpt>
      <trkpt lat="46.4936789" lon="9.5896679">
        <ele>2158.9</ele>
        <time>2026-09-12T12:16:20Z</time>
        <hdop>10.7</hdop>
        <extensions>
          <osmand:speed>1.1</osmand:speed>
        </extensions>
      </trkpt>
      <trkpt lat="46.4937192" lon="9.5896646">
        <ele>2157.9</ele>
        <time>2026-09-12T12:16:26Z</time>
        <hdop>9.7</hdop>
        <extensions>
          <osmand:speed>0.9</osmand:speed>
        </extensions>
      </trkpt>
      <trkpt lat="46.4937692" lon="9.5896738">
        <ele>2157.9</ele>
        <time>2026-09-12T12:16:32Z</time>
        <hdop>11.2</hdop>
        <extensions>
          <osmand:speed>1.1</osmand:speed>
        </extensions>
      </trkpt>
      <trkpt lat="46.4938141" lon="9.5896616">
        <ele>2156.9</ele>
        <time>2026-09-12T12:16:38Z</time>
        <hdop>10.2</hdop>
        <extensions>
          <osmand:speed>1</osmand:speed>
        </extensions>
      </trkpt>
      <trkpt lat="46.493896" lon="9.5896624">
        <ele>2155.9</ele>
        <time>2026-09-12T12:16:44Z</time>
        <hdop>9.7</hdop>
        <extensions>
          <osmand:speed>1.5</osmand:speed>
        </extensions>
      </trkpt>
      <trkpt lat="46.4939503" lon="9.5896731">
        <ele>2153.9</ele>
        <time>2026-09-12T12:16:50Z</time>
        <hdop>9.7</hdop>
        <extensions>
          <osmand:speed>1</osmand:speed>
        </extensions>
      </trkpt>
      <trkpt lat="46.4940293" lon="9.589672">
        <ele>2152.9</ele>
        <time>2026-09-12T12:16:56Z</time>
        <hdop>10.2</hdop>
        <extensions>
          <osmand:speed>1.6</osmand:speed>
        </extensions>
      </trkpt>
      <trkpt lat="46.4940911" lon="9.5896698">
        <ele>2150.9</ele>
        <time>2026-09-12T12:17:02Z</time>
        <hdop>10.7</hdop>
        <extensions>
          <osmand:speed>1</osmand:speed>
        </extensions>
      </trkpt>
      <trkpt lat="46.4941053" lon="9.5896248">
        <ele>2150.9</ele>
        <time>2026-09-12T12:17:08Z</time>
        <hdop>8.2</hdop>
        <extensions>
          <osmand:speed>0.9</osmand:speed>
        </extensions>
      </trkpt>
      <trkpt lat="46.4941677" lon="9.589555">
        <ele>2149.9</ele>
        <time>2026-09-12T12:17:14Z</time>
        <hdop>9.7</hdop>
        <extensions>
          <osmand:speed>1.7</osmand:speed>
        </extensions>
      </trkpt>
      <trkpt lat="46.4942077" lon="9.5895358">
        <ele>2149.9</ele>
        <time>2026-09-12T12:17:20Z</time>
        <hdop>9.7</hdop>
        <extensions>
          <osmand:speed>0.4</osmand:speed>
        </extensions>
      </trkpt>
      <trkpt lat="46.4942678" lon="9.5895296">
        <ele>2149.9</ele>
        <time>2026-09-12T12:17:26Z</time>
        <hdop>11.2</hdop>
        <extensions>
          <osmand:speed>0.8</osmand:speed>
        </extensions>
      </trkpt>
      <trkpt lat="46.494312" lon="9.5895149">
        <ele>2149.9</ele>
        <time>2026-09-12T12:17:32Z</time>
        <hdop>9.7</hdop>
        <extensions>
          <osmand:speed>0.6</osmand:speed>
        </extensions>
      </trkpt>
      <trkpt lat="46.4943563" lon="9.5895423">
        <ele>2149.9</ele>
        <time>2026-09-12T12:17:38Z</time>
        <hdop>10.7</hdop>
        <extensions>
          <osmand:speed>1.4</osmand:speed>
        </extensions>
      </trkpt>
      <trkpt lat="46.4943986" lon="9.5895401">
        <ele>2149.9</ele>
        <time>2026-09-12T12:17:44Z</time>
        <hdop>10.2</hdop>
        <extensions>
          <osmand:speed>1.4</osmand:speed>
        </extensions>
      </trkpt>
      <trkpt lat="46.4944682" lon="9.5895633">
        <ele>2149.9</ele>
        <time>2026-09-12T12:17:50Z</time>
        <hdop>8.7</hdop>
        <extensions>
          <osmand:speed>1.2</osmand:speed>
        </extensions>
      </trkpt>
      <trkpt lat="46.4945233" lon="9.5895653">
        <ele>2148.9</ele>
        <time>2026-09-12T12:17:56Z</time>
        <hdop>9.7</hdop>
        <extensions>
          <osmand:speed>0.7</osmand:speed>
        </extensions>
      </trkpt>
      <trkpt lat="46.4945715" lon="9.5895561">
        <ele>2151.9</ele>
        <time>2026-09-12T12:18:02Z</time>
        <hdop>10.7</hdop>
        <extensions>
          <osmand:speed>0.9</osmand:speed>
        </extensions>
      </trkpt>
      <trkpt lat="46.4946358" lon="9.5895222">
        <ele>2150.9</ele>
        <time>2026-09-12T12:18:08Z</time>
        <hdop>10.2</hdop>
        <extensions>
          <osmand:speed>1.3</osmand:speed>
        </extensions>
      </trkpt>
      <trkpt lat="46.4947018" lon="9.5895111">
        <ele>2150.9</ele>
        <time>2026-09-12T12:18:14Z</time>
        <hdop>11.2</hdop>
        <extensions>
          <osmand:speed>1.3</osmand:speed>
        </extensions>
      </trkpt>
      <trkpt lat="46.4947598" lon="9.5894909">
        <ele>2149.9</ele>
        <time>2026-09-12T12:18:20Z</time>
        <hdop>9.7</hdop>
        <extensions>
          <osmand:speed>0.5</osmand:speed>
        </extensions>
      </trkpt>
      <trkpt lat="46.4948178" lon="9.5894661">
        <ele>2147.9</ele>
        <time>2026-09-12T12:18:26Z</time>
        <hdop>8.7</hdop>
        <extensions>
          <osmand:speed>1</osmand:speed>
        </extensions>
      </trkpt>
      <trkpt lat="46.4948782" lon="9.5894697">
        <ele>2146.9</ele>
        <time>2026-09-12T12:18:32Z</time>
        <hdop>9.7</hdop>
        <extensions>
          <osmand:speed>1.1</osmand:speed>
        </extensions>
      </trkpt>
      <trkpt lat="46.4949274" lon="9.5894628">
        <ele>2145.9</ele>
        <time>2026-09-12T12:18:38Z</time>
        <hdop>9.7</hdop>
        <extensions>
          <osmand:speed>0.7</osmand:speed>
        </extensions>
      </trkpt>
      <trkpt lat="46.4950108" lon="9.589462">
        <ele>2144.9</ele>
        <time>2026-09-12T12:18:44Z</time>
        <hdop>10.2</hdop>
        <extensions>
          <osmand:speed>0.9</osmand:speed>
        </extensions>
      </trkpt>
      <trkpt lat="46.4950716" lon="9.5894783">
        <ele>2144.9</ele>
        <time>2026-09-12T12:18:50Z</time>
        <hdop>10.7</hdop>
        <extensions>
          <osmand:speed>1.1</osmand:speed>
        </extensions>
      </trkpt>
      <trkpt lat="46.4951282" lon="9.5894798">
        <ele>2143.9</ele>
        <time>2026-09-12T12:18:56Z</time>
        <hdop>11.7</hdop>
        <extensions>
          <osmand:speed>0.9</osmand:speed>
        </extensions>
      </trkpt>
      <trkpt lat="46.4951712" lon="9.5894794">
        <ele>2141.9</ele>
        <time>2026-09-12T12:19:02Z</time>
        <hdop>7.1</hdop>
      </trkpt>
      <trkpt lat="46.4951946" lon="9.5894928">
        <ele>2142.9</ele>
        <time>2026-09-12T12:19:10Z</time>
        <hdop>9.2</hdop>
        <extensions>
          <osmand:speed>0.7</osmand:speed>
        </extensions>
      </trkpt>
      <trkpt lat="46.4952449" lon="9.5894784">
        <ele>2142.9</ele>
        <time>2026-09-12T12:19:16Z</time>
        <hdop>10.2</hdop>
        <extensions>
          <osmand:speed>1</osmand:speed>
        </extensions>
      </trkpt>
      <trkpt lat="46.4953025" lon="9.589502">
        <ele>2143.9</ele>
        <time>2026-09-12T12:19:22Z</time>
        <hdop>10.2</hdop>
        <extensions>
          <osmand:speed>0.7</osmand:speed>
        </extensions>
      </trkpt>
      <trkpt lat="46.4953603" lon="9.5895281">
        <ele>2143.9</ele>
        <time>2026-09-12T12:19:28Z</time>
        <hdop>11.2</hdop>
        <extensions>
          <osmand:speed>1</osmand:speed>
        </extensions>
      </trkpt>
      <trkpt lat="46.4954344" lon="9.5895487">
        <ele>2144.9</ele>
        <time>2026-09-12T12:19:34Z</time>
        <hdop>9.7</hdop>
        <extensions>
          <osmand:speed>1.7</osmand:speed>
        </extensions>
      </trkpt>
      <trkpt lat="46.4955247" lon="9.5895808">
        <ele>2144.9</ele>
        <time>2026-09-12T12:19:40Z</time>
        <hdop>9.2</hdop>
        <extensions>
          <osmand:speed>1.2</osmand:speed>
        </extensions>
      </trkpt>
      <trkpt lat="46.4955986" lon="9.5895854">
        <ele>2145.9</ele>
        <time>2026-09-12T12:19:46Z</time>
        <hdop>11.2</hdop>
        <extensions>
          <osmand:speed>1.2</osmand:speed>
        </extensions>
      </trkpt>
      <trkpt lat="46.4956657" lon="9.5895863">
        <ele>2146.9</ele>
        <time>2026-09-12T12:19:52Z</time>
        <hdop>10.7</hdop>
        <extensions>
          <osmand:speed>1.6</osmand:speed>
        </extensions>
      </trkpt>
      <trkpt lat="46.4957139" lon="9.5895823">
        <ele>2145.9</ele>
        <time>2026-09-12T12:19:58Z</time>
        <hdop>10.7</hdop>
        <extensions>
          <osmand:speed>1</osmand:speed>
        </extensions>
      </trkpt>
      <trkpt lat="46.4957674" lon="9.5896127">
        <ele>2146.9</ele>
        <time>2026-09-12T12:20:04Z</time>
        <hdop>10.2</hdop>
        <extensions>
          <osmand:speed>1.2</osmand:speed>
        </extensions>
      </trkpt>
      <trkpt lat="46.4958187" lon="9.5896089">
        <ele>2146.9</ele>
        <time>2026-09-12T12:20:10Z</time>
        <hdop>9.7</hdop>
        <extensions>
          <osmand:speed>0.4</osmand:speed>
        </extensions>
      </trkpt>
      <trkpt lat="46.4958842" lon="9.5895863">
        <ele>2146.9</ele>
        <time>2026-09-12T12:20:16Z</time>
        <hdop>9.7</hdop>
        <extensions>
          <osmand:speed>1.1</osmand:speed>
        </extensions>
      </trkpt>
      <trkpt lat="46.4959544" lon="9.58957">
        <ele>2145.9</ele>
        <time>2026-09-12T12:20:22Z</time>
        <hdop>9.2</hdop>
        <extensions>
          <osmand:speed>1</osmand:speed>
        </extensions>
      </trkpt>
      <trkpt lat="46.4960265" lon="9.5895406">
        <ele>2144.9</ele>
        <time>2026-09-12T12:20:28Z</time>
        <hdop>11.7</hdop>
        <extensions>
          <osmand:speed>1.1</osmand:speed>
        </extensions>
      </trkpt>
      <trkpt lat="46.4960884" lon="9.5895159">
        <ele>2143.9</ele>
        <time>2026-09-12T12:20:34Z</time>
        <hdop>9.7</hdop>
        <extensions>
          <osmand:speed>1.5</osmand:speed>
        </extensions>
      </trkpt>
      <trkpt lat="46.4961493" lon="9.5895193">
        <ele>2144.9</ele>
        <time>2026-09-12T12:20:40Z</time>
        <hdop>7.7</hdop>
        <extensions>
          <osmand:speed>1</osmand:speed>
        </extensions>
      </trkpt>
      <trkpt lat="46.4962316" lon="9.5894939">
        <ele>2144.9</ele>
        <time>2026-09-12T12:20:46Z</time>
        <hdop>9.7</hdop>
        <extensions>
          <osmand:speed>1</osmand:speed>
        </extensions>
      </trkpt>
      <trkpt lat="46.4963035" lon="9.5894467">
        <ele>2144.9</ele>
        <time>2026-09-12T12:20:52Z</time>
        <hdop>8.2</hdop>
        <extensions>
          <osmand:speed>1.2</osmand:speed>
        </extensions>
      </trkpt>
      <trkpt lat="46.4963734" lon="9.5894273">
        <ele>2143.9</ele>
        <time>2026-09-12T12:20:58Z</time>
        <hdop>8.2</hdop>
        <extensions>
          <osmand:speed>1.1</osmand:speed>
        </extensions>
      </trkpt>
      <trkpt lat="46.4964197" lon="9.5894093">
        <ele>2143.9</ele>
        <time>2026-09-12T12:21:04Z</time>
        <hdop>8.7</hdop>
        <extensions>
          <osmand:speed>0.9</osmand:speed>
        </extensions>
      </trkpt>
      <trkpt lat="46.4964695" lon="9.5894275">
        <ele>2143.9</ele>
        <time>2026-09-12T12:21:10Z</time>
        <hdop>9.7</hdop>
        <extensions>
          <osmand:speed>0.8</osmand:speed>
        </extensions>
      </trkpt>
      <trkpt lat="46.4965189" lon="9.5894423">
        <ele>2141.9</ele>
        <time>2026-09-12T12:21:16Z</time>
        <hdop>9.7</hdop>
        <extensions>
          <osmand:speed>1</osmand:speed>
        </extensions>
      </trkpt>
      <trkpt lat="46.4965847" lon="9.5894099">
        <ele>2141.9</ele>
        <time>2026-09-12T12:21:22Z</time>
        <hdop>8.7</hdop>
        <extensions>
          <osmand:speed>0.8</osmand:speed>
        </extensions>
      </trkpt>
      <trkpt lat="46.4966364" lon="9.5893866">
        <ele>2139.9</ele>
        <time>2026-09-12T12:21:28Z</time>
        <hdop>9.7</hdop>
        <extensions>
          <osmand:speed>1.2</osmand:speed>
        </extensions>
      </trkpt>
      <trkpt lat="46.4967142" lon="9.5893809">
        <ele>2137.9</ele>
        <time>2026-09-12T12:21:34Z</time>
        <hdop>7.7</hdop>
        <extensions>
          <osmand:speed>1</osmand:speed>
        </extensions>
      </trkpt>
      <trkpt lat="46.496766" lon="9.5893685">
        <ele>2136.9</ele>
        <time>2026-09-12T12:21:40Z</time>
        <hdop>8.7</hdop>
        <extensions>
          <osmand:speed>0.9</osmand:speed>
        </extensions>
      </trkpt>
      <trkpt lat="46.4968001" lon="9.5893543">
        <ele>2136.9</ele>
        <time>2026-09-12T12:21:46Z</time>
        <hdop>8.7</hdop>
        <extensions>
          <osmand:speed>0.9</osmand:speed>
        </extensions>
      </trkpt>
      <trkpt lat="46.4968468" lon="9.589321">
        <ele>2136.9</ele>
        <time>2026-09-12T12:21:52Z</time>
        <hdop>8.7</hdop>
        <extensions>
          <osmand:speed>0.8</osmand:speed>
        </extensions>
      </trkpt>
      <trkpt lat="46.496905" lon="9.5892926">
        <ele>2136.9</ele>
        <time>2026-09-12T12:21:58Z</time>
        <hdop>10.2</hdop>
        <extensions>
          <osmand:speed>1.3</osmand:speed>
        </extensions>
      </trkpt>
      <trkpt lat="46.4969525" lon="9.5892712">
        <ele>2134.9</ele>
        <time>2026-09-12T12:22:04Z</time>
        <hdop>9.2</hdop>
        <extensions>
          <osmand:speed>0.6</osmand:speed>
        </extensions>
      </trkpt>
      <trkpt lat="46.4970063" lon="9.58923">
        <ele>2132.9</ele>
        <time>2026-09-12T12:22:10Z</time>
        <hdop>10.2</hdop>
        <extensions>
          <osmand:speed>1.1</osmand:speed>
        </extensions>
      </trkpt>
      <trkpt lat="46.4970524" lon="9.5892644">
        <ele>2131.9</ele>
        <time>2026-09-12T12:22:16Z</time>
        <hdop>8.7</hdop>
        <extensions>
          <osmand:speed>0.9</osmand:speed>
        </extensions>
      </trkpt>
      <trkpt lat="46.4970948" lon="9.5892628">
        <ele>2131.9</ele>
        <time>2026-09-12T12:22:22Z</time>
        <hdop>9.2</hdop>
        <extensions>
          <osmand:speed>0.7</osmand:speed>
        </extensions>
      </trkpt>
      <trkpt lat="46.497162" lon="9.589269">
        <ele>2129.9</ele>
        <time>2026-09-12T12:22:28Z</time>
        <hdop>8.7</hdop>
        <extensions>
          <osmand:speed>1.7</osmand:speed>
        </extensions>
      </trkpt>
      <trkpt lat="46.4972195" lon="9.5892397">
        <ele>2130.9</ele>
        <time>2026-09-12T12:22:34Z</time>
        <hdop>8.7</hdop>
        <extensions>
          <osmand:speed>1</osmand:speed>
        </extensions>
      </trkpt>
      <trkpt lat="46.4972667" lon="9.5891684">
        <ele>2130.9</ele>
        <time>2026-09-12T12:22:40Z</time>
        <hdop>10.2</hdop>
        <extensions>
          <osmand:speed>1.1</osmand:speed>
        </extensions>
      </trkpt>
      <trkpt lat="46.4973307" lon="9.5891387">
        <ele>2130.9</ele>
        <time>2026-09-12T12:22:46Z</time>
        <hdop>8.7</hdop>
        <extensions>
          <osmand:speed>1.1</osmand:speed>
        </extensions>
      </trkpt>
      <trkpt lat="46.4973884" lon="9.5891467">
        <ele>2129.9</ele>
        <time>2026-09-12T12:22:52Z</time>
        <hdop>9.2</hdop>
        <extensions>
          <osmand:speed>1.2</osmand:speed>
        </extensions>
      </trkpt>
      <trkpt lat="46.4974596" lon="9.5891746">
        <ele>2130.9</ele>
        <time>2026-09-12T12:22:58Z</time>
        <hdop>9.2</hdop>
        <extensions>
          <osmand:speed>1.2</osmand:speed>
        </extensions>
      </trkpt>
      <trkpt lat="46.4975213" lon="9.5891763">
        <ele>2128.9</ele>
        <time>2026-09-12T12:23:04Z</time>
        <hdop>10.2</hdop>
        <extensions>
          <osmand:speed>0.8</osmand:speed>
        </extensions>
      </trkpt>
      <trkpt lat="46.4975771" lon="9.5891822">
        <ele>2129.9</ele>
        <time>2026-09-12T12:23:10Z</time>
        <hdop>10.2</hdop>
        <extensions>
          <osmand:speed>1.2</osmand:speed>
        </extensions>
      </trkpt>
      <trkpt lat="46.4976433" lon="9.5891945">
        <ele>2130.9</ele>
        <time>2026-09-12T12:23:16Z</time>
        <hdop>10.7</hdop>
        <extensions>
          <osmand:speed>1.2</osmand:speed>
        </extensions>
      </trkpt>
      <trkpt lat="46.49773" lon="9.589179">
        <ele>2129.9</ele>
        <time>2026-09-12T12:23:22Z</time>
        <hdop>8.7</hdop>
        <extensions>
          <osmand:speed>1.6</osmand:speed>
        </extensions>
      </trkpt>
      <trkpt lat="46.4977769" lon="9.5891712">
        <ele>2129.9</ele>
        <time>2026-09-12T12:23:28Z</time>
        <hdop>10.2</hdop>
        <extensions>
          <osmand:speed>1.3</osmand:speed>
        </extensions>
      </trkpt>
      <trkpt lat="46.4978039" lon="9.5891261">
        <ele>2129.9</ele>
        <time>2026-09-12T12:23:34Z</time>
        <hdop>9.2</hdop>
        <extensions>
          <osmand:speed>1</osmand:speed>
        </extensions>
      </trkpt>
      <trkpt lat="46.4978503" lon="9.5891116">
        <ele>2129.9</ele>
        <time>2026-09-12T12:23:40Z</time>
        <hdop>10.7</hdop>
        <extensions>
          <osmand:speed>1.1</osmand:speed>
        </extensions>
      </trkpt>
      <trkpt lat="46.4978986" lon="9.5890715">
        <ele>2128.9</ele>
        <time>2026-09-12T12:23:46Z</time>
        <hdop>10.2</hdop>
        <extensions>
          <osmand:speed>1</osmand:speed>
        </extensions>
      </trkpt>
      <trkpt lat="46.4979429" lon="9.5890116">
        <ele>2128.9</ele>
        <time>2026-09-12T12:23:52Z</time>
        <hdop>9.7</hdop>
        <extensions>
          <osmand:speed>1.5</osmand:speed>
        </extensions>
      </trkpt>
      <trkpt lat="46.4980091" lon="9.5890282">
        <ele>2128.9</ele>
        <time>2026-09-12T12:23:58Z</time>
        <hdop>9.7</hdop>
        <extensions>
          <osmand:speed>1</osmand:speed>
        </extensions>
      </trkpt>
      <trkpt lat="46.498069" lon="9.5891048">
        <ele>2128.9</ele>
        <time>2026-09-12T12:24:04Z</time>
        <hdop>9.7</hdop>
        <extensions>
          <osmand:speed>1.3</osmand:speed>
        </extensions>
      </trkpt>
      <trkpt lat="46.4981332" lon="9.5891354">
        <ele>2128.9</ele>
        <time>2026-09-12T12:24:10Z</time>
        <hdop>10.2</hdop>
        <extensions>
          <osmand:speed>0.8</osmand:speed>
        </extensions>
      </trkpt>
      <trkpt lat="46.4982004" lon="9.5891264">
        <ele>2129.9</ele>
        <time>2026-09-12T12:24:16Z</time>
        <hdop>9.2</hdop>
        <extensions>
          <osmand:speed>1.3</osmand:speed>
        </extensions>
      </trkpt>
      <trkpt lat="46.4982528" lon="9.589113">
        <ele>2129.9</ele>
        <time>2026-09-12T12:24:22Z</time>
        <hdop>9.7</hdop>
        <extensions>
          <osmand:speed>0.8</osmand:speed>
        </extensions>
      </trkpt>
      <trkpt lat="46.49832" lon="9.5890967">
        <ele>2129.9</ele>
        <time>2026-09-12T12:24:28Z</time>
        <hdop>9.2</hdop>
        <extensions>
          <osmand:speed>1</osmand:speed>
        </extensions>
      </trkpt>
      <trkpt lat="46.4983817" lon="9.5891013">
        <ele>2129.9</ele>
        <time>2026-09-12T12:24:34Z</time>
        <hdop>10.7</hdop>
        <extensions>
          <osmand:speed>1.1</osmand:speed>
        </extensions>
      </trkpt>
      <trkpt lat="46.4984369" lon="9.5890965">
        <ele>2127.9</ele>
        <time>2026-09-12T12:24:40Z</time>
        <hdop>8.7</hdop>
        <extensions>
          <osmand:speed>0.9</osmand:speed>
        </extensions>
      </trkpt>
      <trkpt lat="46.4985019" lon="9.5891048">
        <ele>2128.9</ele>
        <time>2026-09-12T12:24:46Z</time>
        <hdop>9.2</hdop>
        <extensions>
          <osmand:speed>1.2</osmand:speed>
        </extensions>
      </trkpt>
      <trkpt lat="46.4985643" lon="9.5890557">
        <ele>2125.9</ele>
        <time>2026-09-12T12:24:52Z</time>
        <hdop>10.7</hdop>
        <extensions>
          <osmand:speed>1.3</osmand:speed>
        </extensions>
      </trkpt>
      <trkpt lat="46.498636" lon="9.5890343">
        <ele>2125.9</ele>
        <time>2026-09-12T12:24:58Z</time>
        <hdop>8.7</hdop>
        <extensions>
          <osmand:speed>1.4</osmand:speed>
        </extensions>
      </trkpt>
      <trkpt lat="46.4986773" lon="9.5889954">
        <ele>2125.9</ele>
        <time>2026-09-12T12:25:04Z</time>
        <hdop>10.2</hdop>
        <extensions>
          <osmand:speed>1.1</osmand:speed>
        </extensions>
      </trkpt>
      <trkpt lat="46.4987229" lon="9.5890779">
        <ele>2124.9</ele>
        <time>2026-09-12T12:25:10Z</time>
        <hdop>10.2</hdop>
        <extensions>
          <osmand:speed>1.2</osmand:speed>
        </extensions>
      </trkpt>
      <trkpt lat="46.4987702" lon="9.5891583">
        <ele>2123.9</ele>
        <time>2026-09-12T12:25:16Z</time>
        <hdop>11.2</hdop>
        <extensions>
          <osmand:speed>0.9</osmand:speed>
        </extensions>
      </trkpt>
      <trkpt lat="46.4988354" lon="9.5891368">
        <ele>2124.9</ele>
        <time>2026-09-12T12:25:22Z</time>
        <hdop>10.2</hdop>
        <extensions>
          <osmand:speed>1.1</osmand:speed>
        </extensions>
      </trkpt>
      <trkpt lat="46.4989093" lon="9.5891126">
        <ele>2123.9</ele>
        <time>2026-09-12T12:25:28Z</time>
        <hdop>10.7</hdop>
        <extensions>
          <osmand:speed>1</osmand:speed>
        </extensions>
      </trkpt>
      <trkpt lat="46.4989601" lon="9.5890623">
        <ele>2123.9</ele>
        <time>2026-09-12T12:25:34Z</time>
        <hdop>9.7</hdop>
        <extensions>
          <osmand:speed>1.2</osmand:speed>
        </extensions>
      </trkpt>
      <trkpt lat="46.499017" lon="9.5890542">
        <ele>2124.9</ele>
        <time>2026-09-12T12:25:40Z</time>
        <hdop>8.2</hdop>
        <extensions>
          <osmand:speed>1.4</osmand:speed>
        </extensions>
      </trkpt>
      <trkpt lat="46.499069" lon="9.5890335">
        <ele>2123.9</ele>
        <time>2026-09-12T12:25:46Z</time>
        <hdop>10.7</hdop>
        <extensions>
          <osmand:speed>1.1</osmand:speed>
        </extensions>
      </trkpt>
      <trkpt lat="46.4991273" lon="9.5890261">
        <ele>2122.9</ele>
        <time>2026-09-12T12:25:52Z</time>
        <hdop>8.7</hdop>
        <extensions>
          <osmand:speed>1.1</osmand:speed>
        </extensions>
      </trkpt>
      <trkpt lat="46.4991806" lon="9.5890002">
        <ele>2121.9</ele>
        <time>2026-09-12T12:25:58Z</time>
        <hdop>10.7</hdop>
        <extensions>
          <osmand:speed>0.7</osmand:speed>
        </extensions>
      </trkpt>
      <trkpt lat="46.4992212" lon="9.5890025">
        <ele>2121.9</ele>
        <time>2026-09-12T12:26:04Z</time>
        <hdop>9.2</hdop>
        <extensions>
          <osmand:speed>1.4</osmand:speed>
        </extensions>
      </trkpt>
      <trkpt lat="46.4992785" lon="9.588985">
        <ele>2121.9</ele>
        <time>2026-09-12T12:26:10Z</time>
        <hdop>7.1</hdop>
        <extensions>
          <osmand:speed>1</osmand:speed>
        </extensions>
      </trkpt>
      <trkpt lat="46.4993567" lon="9.5889685">
        <ele>2121.9</ele>
        <time>2026-09-12T12:26:16Z</time>
        <hdop>8.7</hdop>
        <extensions>
          <osmand:speed>1.1</osmand:speed>
        </extensions>
      </trkpt>
      <trkpt lat="46.49942" lon="9.5889183">
        <ele>2120.9</ele>
        <time>2026-09-12T12:26:22Z</time>
        <hdop>9.2</hdop>
        <extensions>
          <osmand:speed>1.5</osmand:speed>
        </extensions>
      </trkpt>
      <trkpt lat="46.499463" lon="9.5888608">
        <ele>2121.9</ele>
        <time>2026-09-12T12:26:28Z</time>
        <hdop>10.2</hdop>
        <extensions>
          <osmand:speed>0.9</osmand:speed>
        </extensions>
      </trkpt>
      <trkpt lat="46.4995257" lon="9.5888482">
        <ele>2120.9</ele>
        <time>2026-09-12T12:26:34Z</time>
        <hdop>8.7</hdop>
        <extensions>
          <osmand:speed>1.6</osmand:speed>
        </extensions>
      </trkpt>
      <trkpt lat="46.4995889" lon="9.5888267">
        <ele>2120.9</ele>
        <time>2026-09-12T12:26:40Z</time>
        <hdop>10.7</hdop>
        <extensions>
          <osmand:speed>1</osmand:speed>
        </extensions>
      </trkpt>
      <trkpt lat="46.4996511" lon="9.5888206">
        <ele>2119.9</ele>
        <time>2026-09-12T12:26:46Z</time>
        <hdop>10.2</hdop>
        <extensions>
          <osmand:speed>1.6</osmand:speed>
        </extensions>
      </trkpt>
      <trkpt lat="46.4997032" lon="9.5888025">
        <ele>2119.9</ele>
        <time>2026-09-12T12:26:52Z</time>
        <hdop>9.2</hdop>
        <extensions>
          <osmand:speed>0.9</osmand:speed>
        </extensions>
      </trkpt>
      <trkpt lat="46.4997478" lon="9.5887822">
        <ele>2118.9</ele>
        <time>2026-09-12T12:26:58Z</time>
        <hdop>9.7</hdop>
        <extensions>
          <osmand:speed>1.6</osmand:speed>
        </extensions>
      </trkpt>
      <trkpt lat="46.4998048" lon="9.5887797">
        <ele>2118.9</ele>
        <time>2026-09-12T12:27:04Z</time>
        <hdop>10.2</hdop>
        <extensions>
          <osmand:speed>1.3</osmand:speed>
        </extensions>
      </trkpt>
      <trkpt lat="46.4998728" lon="9.5887222">
        <ele>2119.9</ele>
        <time>2026-09-12T12:27:10Z</time>
        <hdop>10.2</hdop>
        <extensions>
          <osmand:speed>0.9</osmand:speed>
        </extensions>
      </trkpt>
      <trkpt lat="46.4999283" lon="9.588713">
        <ele>2119.9</ele>
        <time>2026-09-12T12:27:16Z</time>
        <hdop>9.2</hdop>
        <extensions>
          <osmand:speed>0.6</osmand:speed>
        </extensions>
      </trkpt>
      <trkpt lat="46.4999949" lon="9.5887459">
        <ele>2119.9</ele>
        <time>2026-09-12T12:27:22Z</time>
        <hdop>11.7</hdop>
        <extensions>
          <osmand:speed>1.1</osmand:speed>
        </extensions>
      </trkpt>
      <trkpt lat="46.5000411" lon="9.5887773">
        <ele>2118.9</ele>
        <time>2026-09-12T12:27:28Z</time>
        <hdop>10.2</hdop>
        <extensions>
          <osmand:speed>0.8</osmand:speed>
        </extensions>
      </trkpt>
      <trkpt lat="46.5000741" lon="9.5887859">
        <ele>2116.9</ele>
        <time>2026-09-12T12:27:34Z</time>
        <hdop>10.2</hdop>
        <extensions>
          <osmand:speed>0.9</osmand:speed>
        </extensions>
      </trkpt>
      <trkpt lat="46.5001279" lon="9.5887789">
        <ele>2115.9</ele>
        <time>2026-09-12T12:27:40Z</time>
        <hdop>9.2</hdop>
        <extensions>
          <osmand:speed>1.1</osmand:speed>
        </extensions>
      </trkpt>
      <trkpt lat="46.5001901" lon="9.5887526">
        <ele>2114.9</ele>
        <time>2026-09-12T12:27:46Z</time>
        <hdop>8.2</hdop>
        <extensions>
          <osmand:speed>1</osmand:speed>
        </extensions>
      </trkpt>
      <trkpt lat="46.500223" lon="9.5886945">
        <ele>2113.9</ele>
        <time>2026-09-12T12:27:52Z</time>
        <hdop>9.7</hdop>
        <extensions>
          <osmand:speed>0.9</osmand:speed>
        </extensions>
      </trkpt>
      <trkpt lat="46.5002664" lon="9.5886717">
        <ele>2112.9</ele>
        <time>2026-09-12T12:27:58Z</time>
        <hdop>9.7</hdop>
        <extensions>
          <osmand:speed>1</osmand:speed>
        </extensions>
      </trkpt>
      <trkpt lat="46.5003141" lon="9.5886591">
        <ele>2111.9</ele>
        <time>2026-09-12T12:28:04Z</time>
        <hdop>8.2</hdop>
        <extensions>
          <osmand:speed>0.8</osmand:speed>
        </extensions>
      </trkpt>
      <trkpt lat="46.5003468" lon="9.5886137">
        <ele>2110.9</ele>
        <time>2026-09-12T12:28:10Z</time>
        <hdop>8.2</hdop>
        <extensions>
          <osmand:speed>0.9</osmand:speed>
        </extensions>
      </trkpt>
      <trkpt lat="46.5003639" lon="9.5885788">
        <ele>2109.9</ele>
        <time>2026-09-12T12:28:16Z</time>
        <hdop>10.2</hdop>
        <extensions>
          <osmand:speed>0.8</osmand:speed>
        </extensions>
      </trkpt>
      <trkpt lat="46.5003836" lon="9.5885648">
        <ele>2108.9</ele>
        <time>2026-09-12T12:28:22Z</time>
        <hdop>7.1</hdop>
      </trkpt>
      <trkpt lat="46.5004005" lon="9.5885538">
        <ele>2109.9</ele>
        <time>2026-09-12T12:28:34Z</time>
        <hdop>7.7</hdop>
        <extensions>
          <osmand:speed>0.5</osmand:speed>
        </extensions>
      </trkpt>
      <trkpt lat="46.5004329" lon="9.5885173">
        <ele>2109.9</ele>
        <time>2026-09-12T12:28:40Z</time>
        <hdop>7.7</hdop>
        <extensions>
          <osmand:speed>0.4</osmand:speed>
        </extensions>
      </trkpt>
      <trkpt lat="46.5004648" lon="9.588484">
        <ele>2109.9</ele>
        <time>2026-09-12T12:28:46Z</time>
        <hdop>8.2</hdop>
        <extensions>
          <osmand:speed>0.4</osmand:speed>
        </extensions>
      </trkpt>
      <trkpt lat="46.500495" lon="9.5884841">
        <ele>2106.9</ele>
        <time>2026-09-12T12:28:52Z</time>
        <hdop>11.2</hdop>
        <extensions>
          <osmand:speed>1.1</osmand:speed>
        </extensions>
      </trkpt>
      <trkpt lat="46.5005195" lon="9.5884739">
        <ele>2106.9</ele>
        <time>2026-09-12T12:28:58Z</time>
        <hdop>11.2</hdop>
        <extensions>
          <osmand:speed>0.8</osmand:speed>
        </extensions>
      </trkpt>
      <trkpt lat="46.5005573" lon="9.5884261">
        <ele>2106.9</ele>
        <time>2026-09-12T12:29:04Z</time>
        <hdop>9.2</hdop>
        <extensions>
          <osmand:speed>0.8</osmand:speed>
        </extensions>
      </trkpt>
      <trkpt lat="46.5005744" lon="9.5883577">
        <ele>2106.9</ele>
        <time>2026-09-12T12:29:10Z</time>
        <hdop>8.7</hdop>
        <extensions>
          <osmand:speed>1</osmand:speed>
        </extensions>
      </trkpt>
      <trkpt lat="46.5006312" lon="9.5883271">
        <ele>2107.9</ele>
        <time>2026-09-12T12:29:16Z</time>
        <hdop>9.7</hdop>
        <extensions>
          <osmand:speed>1.1</osmand:speed>
        </extensions>
      </trkpt>
      <trkpt lat="46.5006836" lon="9.5883075">
        <ele>2107.9</ele>
        <time>2026-09-12T12:29:22Z</time>
        <hdop>10.7</hdop>
        <extensions>
          <osmand:speed>0.7</osmand:speed>
        </extensions>
      </trkpt>
      <trkpt lat="46.5007199" lon="9.5882992">
        <ele>2107.9</ele>
        <time>2026-09-12T12:29:28Z</time>
        <hdop>11.2</hdop>
        <extensions>
          <osmand:speed>0.8</osmand:speed>
        </extensions>
      </trkpt>
      <trkpt lat="46.5007304" lon="9.5882728">
        <ele>2105.9</ele>
        <time>2026-09-12T12:29:36Z</time>
        <hdop>9.7</hdop>
        <extensions>
          <osmand:speed>0.6</osmand:speed>
        </extensions>
      </trkpt>
      <trkpt lat="46.5007495" lon="9.5882355">
        <ele>2104.9</ele>
        <time>2026-09-12T12:29:42Z</time>
        <hdop>9.2</hdop>
        <extensions>
          <osmand:speed>0.7</osmand:speed>
        </extensions>
      </trkpt>
      <trkpt lat="46.5007379" lon="9.5881699">
        <ele>2104.9</ele>
        <time>2026-09-12T12:29:48Z</time>
        <hdop>8.7</hdop>
        <extensions>
          <osmand:speed>1.3</osmand:speed>
        </extensions>
      </trkpt>
      <trkpt lat="46.5007814" lon="9.5881396">
        <ele>2103.9</ele>
        <time>2026-09-12T12:29:54Z</time>
        <hdop>13.8</hdop>
        <extensions>
          <osmand:speed>0.6</osmand:speed>
        </extensions>
      </trkpt>
      <trkpt lat="46.5008366" lon="9.5881064">
        <ele>2104.9</ele>
        <time>2026-09-12T12:30:00Z</time>
        <hdop>11.2</hdop>
        <extensions>
          <osmand:speed>1.5</osmand:speed>
        </extensions>
      </trkpt>
      <trkpt lat="46.5008896" lon="9.5880543">
        <ele>2104.9</ele>
        <time>2026-09-12T12:30:06Z</time>
        <hdop>9.7</hdop>
        <extensions>
          <osmand:speed>1.2</osmand:speed>
        </extensions>
      </trkpt>
      <trkpt lat="46.500936" lon="9.5880693">
        <ele>2104.9</ele>
        <time>2026-09-12T12:30:12Z</time>
        <hdop>9.2</hdop>
        <extensions>
          <osmand:speed>1.2</osmand:speed>
        </extensions>
      </trkpt>
      <trkpt lat="46.5010193" lon="9.5880375">
        <ele>2104.9</ele>
        <time>2026-09-12T12:30:18Z</time>
        <hdop>11.7</hdop>
        <extensions>
          <osmand:speed>1.2</osmand:speed>
        </extensions>
      </trkpt>
      <trkpt lat="46.5010741" lon="9.5880092">
        <ele>2104.9</ele>
        <time>2026-09-12T12:30:24Z</time>
        <hdop>11.7</hdop>
        <extensions>
          <osmand:speed>1</osmand:speed>
        </extensions>
      </trkpt>
      <trkpt lat="46.501092" lon="9.5879937">
        <ele>2104.9</ele>
        <time>2026-09-12T12:30:42Z</time>
        <hdop>10.7</hdop>
        <extensions>
          <osmand:speed>0.7</osmand:speed>
        </extensions>
      </trkpt>
      <trkpt lat="46.5011316" lon="9.5879614">
        <ele>2103.9</ele>
        <time>2026-09-12T12:30:48Z</time>
        <hdop>8.7</hdop>
        <extensions>
          <osmand:speed>1.1</osmand:speed>
        </extensions>
      </trkpt>
      <trkpt lat="46.5012064" lon="9.5879433">
        <ele>2101.9</ele>
        <time>2026-09-12T12:30:54Z</time>
        <hdop>9.7</hdop>
        <extensions>
          <osmand:speed>1.1</osmand:speed>
        </extensions>
      </trkpt>
      <trkpt lat="46.5012477" lon="9.5879236">
        <ele>2102</ele>
        <time>2026-09-12T12:31:00Z</time>
        <hdop>9.2</hdop>
        <extensions>
          <osmand:speed>1</osmand:speed>
        </extensions>
      </trkpt>
      <trkpt lat="46.5012685" lon="9.5878896">
        <ele>2101</ele>
        <time>2026-09-12T12:31:06Z</time>
        <hdop>11.7</hdop>
        <extensions>
          <osmand:speed>0.4</osmand:speed>
        </extensions>
      </trkpt>
      <trkpt lat="46.5012848" lon="9.5878785">
        <ele>2101</ele>
        <time>2026-09-12T12:31:22Z</time>
        <hdop>8.2</hdop>
        <extensions>
          <osmand:speed>0.1</osmand:speed>
        </extensions>
      </trkpt>
      <trkpt lat="46.501338" lon="9.5879022">
        <ele>2101</ele>
        <time>2026-09-12T12:31:28Z</time>
        <hdop>7.7</hdop>
        <extensions>
          <osmand:speed>0.9</osmand:speed>
        </extensions>
      </trkpt>
      <trkpt lat="46.5013838" lon="9.5878906">
        <ele>2099</ele>
        <time>2026-09-12T12:31:34Z</time>
        <hdop>9.2</hdop>
        <extensions>
          <osmand:speed>0.2</osmand:speed>
        </extensions>
      </trkpt>
      <trkpt lat="46.5014072" lon="9.5879108">
        <ele>2099</ele>
        <time>2026-09-12T12:31:41Z</time>
        <hdop>10.7</hdop>
        <extensions>
          <osmand:speed>0.9</osmand:speed>
        </extensions>
      </trkpt>
      <trkpt lat="46.5014616" lon="9.5879173">
        <ele>2099</ele>
        <time>2026-09-12T12:31:47Z</time>
        <hdop>9.2</hdop>
        <extensions>
          <osmand:speed>1.2</osmand:speed>
        </extensions>
      </trkpt>
      <trkpt lat="46.5015268" lon="9.5879296">
        <ele>2098</ele>
        <time>2026-09-12T12:31:53Z</time>
        <hdop>10.2</hdop>
        <extensions>
          <osmand:speed>1.2</osmand:speed>
        </extensions>
      </trkpt>
      <trkpt lat="46.5015703" lon="9.5879274">
        <ele>2096</ele>
        <time>2026-09-12T12:31:59Z</time>
        <hdop>9.7</hdop>
        <extensions>
          <osmand:speed>0.6</osmand:speed>
        </extensions>
      </trkpt>
      <trkpt lat="46.5016256" lon="9.5879074">
        <ele>2095</ele>
        <time>2026-09-12T12:32:05Z</time>
        <hdop>9.2</hdop>
        <extensions>
          <osmand:speed>0.7</osmand:speed>
        </extensions>
      </trkpt>
      <trkpt lat="46.5016758" lon="9.5879271">
        <ele>2095</ele>
        <time>2026-09-12T12:32:11Z</time>
        <hdop>9.7</hdop>
        <extensions>
          <osmand:speed>1.3</osmand:speed>
        </extensions>
      </trkpt>
      <trkpt lat="46.501714" lon="9.5879489">
        <ele>2096</ele>
        <time>2026-09-12T12:32:17Z</time>
        <hdop>8.2</hdop>
        <extensions>
          <osmand:speed>0.7</osmand:speed>
        </extensions>
      </trkpt>
      <trkpt lat="46.5017735" lon="9.5879697">
        <ele>2094</ele>
        <time>2026-09-12T12:32:23Z</time>
        <hdop>10.2</hdop>
        <extensions>
          <osmand:speed>1.2</osmand:speed>
        </extensions>
      </trkpt>
      <trkpt lat="46.5018307" lon="9.5879753">
        <ele>2093</ele>
        <time>2026-09-12T12:32:29Z</time>
        <hdop>9.2</hdop>
        <extensions>
          <osmand:speed>0.3</osmand:speed>
        </extensions>
      </trkpt>
      <trkpt lat="46.5018613" lon="9.5879426">
        <ele>2093</ele>
        <time>2026-09-12T12:32:35Z</time>
        <hdop>8.2</hdop>
        <extensions>
          <osmand:speed>0.6</osmand:speed>
        </extensions>
      </trkpt>
      <trkpt lat="46.5019138" lon="9.5879344">
        <ele>2092</ele>
        <time>2026-09-12T12:32:41Z</time>
        <hdop>6.6</hdop>
        <extensions>
          <osmand:speed>0.6</osmand:speed>
        </extensions>
      </trkpt>
      <trkpt lat="46.5019656" lon="9.5879162">
        <ele>2089</ele>
        <time>2026-09-12T12:32:47Z</time>
        <hdop>7.7</hdop>
        <extensions>
          <osmand:speed>1</osmand:speed>
        </extensions>
      </trkpt>
      <trkpt lat="46.5020113" lon="9.5878989">
        <ele>2089</ele>
        <time>2026-09-12T12:32:53Z</time>
        <hdop>7.1</hdop>
        <extensions>
          <osmand:speed>0.8</osmand:speed>
        </extensions>
      </trkpt>
      <trkpt lat="46.5020594" lon="9.5878954">
        <ele>2087</ele>
        <time>2026-09-12T12:32:59Z</time>
        <hdop>9.7</hdop>
        <extensions>
          <osmand:speed>1.1</osmand:speed>
        </extensions>
      </trkpt>
      <trkpt lat="46.5020971" lon="9.587905">
        <ele>2086</ele>
        <time>2026-09-12T12:33:05Z</time>
        <hdop>8.2</hdop>
        <extensions>
          <osmand:speed>0.8</osmand:speed>
        </extensions>
      </trkpt>
      <trkpt lat="46.5021439" lon="9.587918">
        <ele>2086</ele>
        <time>2026-09-12T12:33:11Z</time>
        <hdop>10.2</hdop>
        <extensions>
          <osmand:speed>1.1</osmand:speed>
        </extensions>
      </trkpt>
      <trkpt lat="46.5021752" lon="9.5879323">
        <ele>2085</ele>
        <time>2026-09-12T12:33:17Z</time>
        <hdop>9.7</hdop>
        <extensions>
          <osmand:speed>0.8</osmand:speed>
        </extensions>
      </trkpt>
      <trkpt lat="46.5022414" lon="9.5879777">
        <ele>2084</ele>
        <time>2026-09-12T12:33:23Z</time>
        <hdop>8.2</hdop>
        <extensions>
          <osmand:speed>1.5</osmand:speed>
        </extensions>
      </trkpt>
      <trkpt lat="46.5023016" lon="9.588003">
        <ele>2084</ele>
        <time>2026-09-12T12:33:29Z</time>
        <hdop>9.2</hdop>
        <extensions>
          <osmand:speed>1.1</osmand:speed>
        </extensions>
      </trkpt>
      <trkpt lat="46.5023507" lon="9.5880305">
        <ele>2083</ele>
        <time>2026-09-12T12:33:35Z</time>
        <hdop>9.2</hdop>
        <extensions>
          <osmand:speed>0.7</osmand:speed>
        </extensions>
      </trkpt>
      <trkpt lat="46.5023648" lon="9.5880486">
        <ele>2080</ele>
        <time>2026-09-12T12:33:44Z</time>
        <hdop>7.7</hdop>
        <extensions>
          <osmand:speed>0.2</osmand:speed>
        </extensions>
      </trkpt>
      <trkpt lat="46.5023892" lon="9.588052">
        <ele>2078</ele>
        <time>2026-09-12T12:33:55Z</time>
        <hdop>7.1</hdop>
        <extensions>
          <osmand:speed>0.7</osmand:speed>
        </extensions>
      </trkpt>
      <trkpt lat="46.5024372" lon="9.5880806">
        <ele>2077</ele>
        <time>2026-09-12T12:34:01Z</time>
        <hdop>8.7</hdop>
        <extensions>
          <osmand:speed>1.2</osmand:speed>
        </extensions>
      </trkpt>
      <trkpt lat="46.5025093" lon="9.5880729">
        <ele>2076</ele>
        <time>2026-09-12T12:34:07Z</time>
        <hdop>9.2</hdop>
        <extensions>
          <osmand:speed>1.3</osmand:speed>
        </extensions>
      </trkpt>
      <trkpt lat="46.5025561" lon="9.5880835">
        <ele>2076</ele>
        <time>2026-09-12T12:34:13Z</time>
        <hdop>7.7</hdop>
        <extensions>
          <osmand:speed>1</osmand:speed>
        </extensions>
      </trkpt>
      <trkpt lat="46.5026174" lon="9.5880818">
        <ele>2075</ele>
        <time>2026-09-12T12:34:19Z</time>
        <hdop>7.7</hdop>
        <extensions>
          <osmand:speed>1.1</osmand:speed>
        </extensions>
      </trkpt>
      <trkpt lat="46.5026742" lon="9.5880517">
        <ele>2074</ele>
        <time>2026-09-12T12:34:25Z</time>
        <hdop>8.7</hdop>
        <extensions>
          <osmand:speed>1.2</osmand:speed>
        </extensions>
      </trkpt>
      <trkpt lat="46.5027356" lon="9.5880504">
        <ele>2073</ele>
        <time>2026-09-12T12:34:31Z</time>
        <hdop>9.7</hdop>
        <extensions>
          <osmand:speed>1.3</osmand:speed>
        </extensions>
      </trkpt>
      <trkpt lat="46.5027878" lon="9.5880658">
        <ele>2073</ele>
        <time>2026-09-12T12:34:37Z</time>
        <hdop>8.2</hdop>
        <extensions>
          <osmand:speed>1.9</osmand:speed>
        </extensions>
      </trkpt>
      <trkpt lat="46.5028745" lon="9.5880887">
        <ele>2072</ele>
        <time>2026-09-12T12:34:43Z</time>
        <hdop>8.7</hdop>
        <extensions>
          <osmand:speed>1.7</osmand:speed>
        </extensions>
      </trkpt>
      <trkpt lat="46.5029322" lon="9.5880979">
        <ele>2070</ele>
        <time>2026-09-12T12:34:49Z</time>
        <hdop>8.7</hdop>
        <extensions>
          <osmand:speed>1.1</osmand:speed>
        </extensions>
      </trkpt>
      <trkpt lat="46.5029794" lon="9.5880973">
        <ele>2070</ele>
        <time>2026-09-12T12:34:55Z</time>
        <hdop>8.2</hdop>
        <extensions>
          <osmand:speed>0.9</osmand:speed>
        </extensions>
      </trkpt>
      <trkpt lat="46.5030028" lon="9.5880794">
        <ele>2068</ele>
        <time>2026-09-12T12:35:01Z</time>
        <hdop>8.2</hdop>
        <extensions>
          <osmand:speed>1</osmand:speed>
        </extensions>
      </trkpt>
      <trkpt lat="46.5030083" lon="9.5880134">
        <ele>2067</ele>
        <time>2026-09-12T12:35:07Z</time>
        <hdop>8.7</hdop>
        <extensions>
          <osmand:speed>1.3</osmand:speed>
        </extensions>
      </trkpt>
      <trkpt lat="46.5030384" lon="9.5879606">
        <ele>2066</ele>
        <time>2026-09-12T12:35:13Z</time>
        <hdop>9.7</hdop>
        <extensions>
          <osmand:speed>0.3</osmand:speed>
        </extensions>
      </trkpt>
      <trkpt lat="46.5030604" lon="9.5879772">
        <ele>2066</ele>
        <time>2026-09-12T12:35:19Z</time>
        <hdop>9.7</hdop>
        <extensions>
          <osmand:speed>0.9</osmand:speed>
        </extensions>
      </trkpt>
      <trkpt lat="46.5030877" lon="9.5880553">
        <ele>2065</ele>
        <time>2026-09-12T12:35:25Z</time>
        <hdop>9.2</hdop>
        <extensions>
          <osmand:speed>0.9</osmand:speed>
        </extensions>
      </trkpt>
      <trkpt lat="46.5031148" lon="9.5881032">
        <ele>2064</ele>
        <time>2026-09-12T12:35:31Z</time>
        <hdop>10.7</hdop>
        <extensions>
          <osmand:speed>0.8</osmand:speed>
        </extensions>
      </trkpt>
      <trkpt lat="46.5031315" lon="9.588164">
        <ele>2063</ele>
        <time>2026-09-12T12:35:37Z</time>
        <hdop>7.7</hdop>
        <extensions>
          <osmand:speed>1</osmand:speed>
        </extensions>
      </trkpt>
      <trkpt lat="46.5031556" lon="9.588208">
        <ele>2062</ele>
        <time>2026-09-12T12:35:43Z</time>
        <hdop>8.7</hdop>
        <extensions>
          <osmand:speed>0.3</osmand:speed>
        </extensions>
      </trkpt>
      <trkpt lat="46.5031996" lon="9.5882007">
        <ele>2062</ele>
        <time>2026-09-12T12:35:49Z</time>
        <hdop>9.7</hdop>
        <extensions>
          <osmand:speed>0.8</osmand:speed>
        </extensions>
      </trkpt>
      <trkpt lat="46.5032569" lon="9.5882075">
        <ele>2060</ele>
        <time>2026-09-12T12:35:55Z</time>
        <hdop>8.2</hdop>
        <extensions>
          <osmand:speed>0.7</osmand:speed>
        </extensions>
      </trkpt>
      <trkpt lat="46.5032919" lon="9.5882513">
        <ele>2059</ele>
        <time>2026-09-12T12:36:01Z</time>
        <hdop>8.2</hdop>
        <extensions>
          <osmand:speed>0.5</osmand:speed>
        </extensions>
      </trkpt>
      <trkpt lat="46.5033557" lon="9.5882746">
        <ele>2058</ele>
        <time>2026-09-12T12:36:07Z</time>
        <hdop>9.2</hdop>
        <extensions>
          <osmand:speed>1.5</osmand:speed>
        </extensions>
      </trkpt>
      <trkpt lat="46.5034117" lon="9.5882989">
        <ele>2058</ele>
        <time>2026-09-12T12:36:13Z</time>
        <hdop>8.7</hdop>
        <extensions>
          <osmand:speed>0.9</osmand:speed>
        </extensions>
      </trkpt>
      <trkpt lat="46.5034588" lon="9.5883284">
        <ele>2056</ele>
        <time>2026-09-12T12:36:19Z</time>
        <hdop>8.7</hdop>
        <extensions>
          <osmand:speed>0.9</osmand:speed>
        </extensions>
      </trkpt>
      <trkpt lat="46.5035075" lon="9.5883512">
        <ele>2055</ele>
        <time>2026-09-12T12:36:25Z</time>
        <hdop>8.2</hdop>
        <extensions>
          <osmand:speed>1.1</osmand:speed>
        </extensions>
      </trkpt>
      <trkpt lat="46.50357" lon="9.5884015">
        <ele>2056</ele>
        <time>2026-09-12T12:36:31Z</time>
        <hdop>9.7</hdop>
        <extensions>
          <osmand:speed>1.1</osmand:speed>
        </extensions>
      </trkpt>
      <trkpt lat="46.5036319" lon="9.5884373">
        <ele>2057</ele>
        <time>2026-09-12T12:36:37Z</time>
        <hdop>8.7</hdop>
        <extensions>
          <osmand:speed>0.8</osmand:speed>
        </extensions>
      </trkpt>
      <trkpt lat="46.5036851" lon="9.588441">
        <ele>2057</ele>
        <time>2026-09-12T12:36:43Z</time>
        <hdop>9.2</hdop>
        <extensions>
          <osmand:speed>0.6</osmand:speed>
        </extensions>
      </trkpt>
      <trkpt lat="46.5037238" lon="9.5884396">
        <ele>2055</ele>
        <time>2026-09-12T12:36:49Z</time>
        <hdop>9.7</hdop>
        <extensions>
          <osmand:speed>0.5</osmand:speed>
        </extensions>
      </trkpt>
      <trkpt lat="46.5037774" lon="9.5884576">
        <ele>2053</ele>
        <time>2026-09-12T12:36:55Z</time>
        <hdop>9.7</hdop>
        <extensions>
          <osmand:speed>0.7</osmand:speed>
        </extensions>
      </trkpt>
      <trkpt lat="46.5038267" lon="9.5884693">
        <ele>2053</ele>
        <time>2026-09-12T12:37:01Z</time>
        <hdop>9.2</hdop>
        <extensions>
          <osmand:speed>1.2</osmand:speed>
        </extensions>
      </trkpt>
      <trkpt lat="46.5039023" lon="9.5885127">
        <ele>2052</ele>
        <time>2026-09-12T12:37:07Z</time>
        <hdop>8.2</hdop>
        <extensions>
          <osmand:speed>1.2</osmand:speed>
        </extensions>
      </trkpt>
      <trkpt lat="46.5039513" lon="9.5885072">
        <ele>2051</ele>
        <time>2026-09-12T12:37:13Z</time>
        <hdop>9.7</hdop>
        <extensions>
          <osmand:speed>0.9</osmand:speed>
        </extensions>
      </trkpt>
      <trkpt lat="46.5040153" lon="9.5885186">
        <ele>2050</ele>
        <time>2026-09-12T12:37:19Z</time>
        <hdop>9.2</hdop>
        <extensions>
          <osmand:speed>0.8</osmand:speed>
        </extensions>
      </trkpt>
      <trkpt lat="46.50407" lon="9.5885142">
        <ele>2050</ele>
        <time>2026-09-12T12:37:25Z</time>
        <hdop>10.2</hdop>
        <extensions>
          <osmand:speed>1.1</osmand:speed>
        </extensions>
      </trkpt>
      <trkpt lat="46.5041236" lon="9.5885248">
        <ele>2048</ele>
        <time>2026-09-12T12:37:31Z</time>
        <hdop>9.7</hdop>
        <extensions>
          <osmand:speed>0.7</osmand:speed>
        </extensions>
      </trkpt>
      <trkpt lat="46.5041711" lon="9.5884886">
        <ele>2048</ele>
        <time>2026-09-12T12:37:37Z</time>
        <hdop>8.2</hdop>
        <extensions>
          <osmand:speed>1.4</osmand:speed>
        </extensions>
      </trkpt>
      <trkpt lat="46.5042041" lon="9.5885202">
        <ele>2047</ele>
        <time>2026-09-12T12:37:43Z</time>
        <hdop>8.2</hdop>
        <extensions>
          <osmand:speed>0.5</osmand:speed>
        </extensions>
      </trkpt>
      <trkpt lat="46.504254" lon="9.5885303">
        <ele>2045</ele>
        <time>2026-09-12T12:37:49Z</time>
        <hdop>9.7</hdop>
        <extensions>
          <osmand:speed>0.9</osmand:speed>
        </extensions>
      </trkpt>
      <trkpt lat="46.5043098" lon="9.5885565">
        <ele>2043</ele>
        <time>2026-09-12T12:37:55Z</time>
        <hdop>8.2</hdop>
        <extensions>
          <osmand:speed>1.2</osmand:speed>
        </extensions>
      </trkpt>
      <trkpt lat="46.5043602" lon="9.5885852">
        <ele>2041</ele>
        <time>2026-09-12T12:38:01Z</time>
        <hdop>9.7</hdop>
        <extensions>
          <osmand:speed>1</osmand:speed>
        </extensions>
      </trkpt>
      <trkpt lat="46.5044085" lon="9.5886255">
        <ele>2040</ele>
        <time>2026-09-12T12:38:07Z</time>
        <hdop>8.2</hdop>
        <extensions>
          <osmand:speed>1</osmand:speed>
        </extensions>
      </trkpt>
      <trkpt lat="46.5044549" lon="9.5886645">
        <ele>2038</ele>
        <time>2026-09-12T12:38:13Z</time>
        <hdop>10.2</hdop>
        <extensions>
          <osmand:speed>0.1</osmand:speed>
        </extensions>
      </trkpt>
      <trkpt lat="46.5044777" lon="9.5887308">
        <ele>2038</ele>
        <time>2026-09-12T12:38:19Z</time>
        <hdop>9.7</hdop>
        <extensions>
          <osmand:speed>0.5</osmand:speed>
        </extensions>
      </trkpt>
      <trkpt lat="46.5045281" lon="9.5887961">
        <ele>2036</ele>
        <time>2026-09-12T12:38:25Z</time>
        <hdop>10.7</hdop>
        <extensions>
          <osmand:speed>0.9</osmand:speed>
        </extensions>
      </trkpt>
      <trkpt lat="46.5045828" lon="9.5888292">
        <ele>2035</ele>
        <time>2026-09-12T12:38:31Z</time>
        <hdop>9.7</hdop>
        <extensions>
          <osmand:speed>0.9</osmand:speed>
        </extensions>
      </trkpt>
      <trkpt lat="46.5046443" lon="9.5888316">
        <ele>2032</ele>
        <time>2026-09-12T12:38:37Z</time>
        <hdop>9.2</hdop>
        <extensions>
          <osmand:speed>0.8</osmand:speed>
        </extensions>
      </trkpt>
      <trkpt lat="46.5046843" lon="9.588859">
        <ele>2032</ele>
        <time>2026-09-12T12:38:43Z</time>
        <hdop>8.2</hdop>
        <extensions>
          <osmand:speed>0.5</osmand:speed>
        </extensions>
      </trkpt>
      <trkpt lat="46.5047211" lon="9.5889385">
        <ele>2030</ele>
        <time>2026-09-12T12:38:49Z</time>
        <hdop>7.7</hdop>
        <extensions>
          <osmand:speed>0.7</osmand:speed>
        </extensions>
      </trkpt>
      <trkpt lat="46.5047586" lon="9.5889562">
        <ele>2030</ele>
        <time>2026-09-12T12:38:55Z</time>
        <hdop>7.7</hdop>
        <extensions>
          <osmand:speed>0.6</osmand:speed>
        </extensions>
      </trkpt>
      <trkpt lat="46.5047982" lon="9.5889678">
        <ele>2027</ele>
        <time>2026-09-12T12:39:01Z</time>
        <hdop>8.7</hdop>
        <extensions>
          <osmand:speed>0.6</osmand:speed>
        </extensions>
      </trkpt>
      <trkpt lat="46.5048419" lon="9.5890143">
        <ele>2026</ele>
        <time>2026-09-12T12:39:07Z</time>
        <hdop>8.7</hdop>
        <extensions>
          <osmand:speed>0.9</osmand:speed>
        </extensions>
      </trkpt>
      <trkpt lat="46.5049028" lon="9.5890352">
        <ele>2026</ele>
        <time>2026-09-12T12:39:13Z</time>
        <hdop>8.7</hdop>
        <extensions>
          <osmand:speed>1.3</osmand:speed>
        </extensions>
      </trkpt>
      <trkpt lat="46.5049348" lon="9.5890349">
        <ele>2024</ele>
        <time>2026-09-12T12:39:19Z</time>
        <hdop>8.7</hdop>
        <extensions>
          <osmand:speed>0.8</osmand:speed>
        </extensions>
      </trkpt>
      <trkpt lat="46.504982" lon="9.5890237">
        <ele>2023</ele>
        <time>2026-09-12T12:39:25Z</time>
        <hdop>8.7</hdop>
        <extensions>
          <osmand:speed>1</osmand:speed>
        </extensions>
      </trkpt>
      <trkpt lat="46.5050327" lon="9.5890602">
        <ele>2022</ele>
        <time>2026-09-12T12:39:31Z</time>
        <hdop>7.7</hdop>
        <extensions>
          <osmand:speed>0.9</osmand:speed>
        </extensions>
      </trkpt>
      <trkpt lat="46.5050842" lon="9.5890313">
        <ele>2020</ele>
        <time>2026-09-12T12:39:37Z</time>
        <hdop>8.7</hdop>
        <extensions>
          <osmand:speed>0.5</osmand:speed>
        </extensions>
      </trkpt>
      <trkpt lat="46.505115" lon="9.5890422">
        <ele>2017</ele>
        <time>2026-09-12T12:39:43Z</time>
        <hdop>6.1</hdop>
      </trkpt>
      <trkpt lat="46.505134" lon="9.5890546">
        <ele>2015</ele>
        <time>2026-09-12T12:39:52Z</time>
        <hdop>8.2</hdop>
        <extensions>
          <osmand:speed>0.8</osmand:speed>
        </extensions>
      </trkpt>
      <trkpt lat="46.5051846" lon="9.5890699">
        <ele>2013</ele>
        <time>2026-09-12T12:39:58Z</time>
        <hdop>7.7</hdop>
        <extensions>
          <osmand:speed>0.8</osmand:speed>
        </extensions>
      </trkpt>
      <trkpt lat="46.5052384" lon="9.589097">
        <ele>2012</ele>
        <time>2026-09-12T12:40:04Z</time>
        <hdop>9.7</hdop>
        <extensions>
          <osmand:speed>0.8</osmand:speed>
        </extensions>
      </trkpt>
      <trkpt lat="46.5053049" lon="9.5891403">
        <ele>2011</ele>
        <time>2026-09-12T12:40:10Z</time>
        <hdop>10.2</hdop>
        <extensions>
          <osmand:speed>1.1</osmand:speed>
        </extensions>
      </trkpt>
      <trkpt lat="46.505343" lon="9.5891561">
        <ele>2010</ele>
        <time>2026-09-12T12:40:16Z</time>
        <hdop>7.7</hdop>
        <extensions>
          <osmand:speed>0.4</osmand:speed>
        </extensions>
      </trkpt>
      <trkpt lat="46.5053695" lon="9.5891518">
        <ele>2008</ele>
        <time>2026-09-12T12:40:22Z</time>
        <hdop>10.2</hdop>
        <extensions>
          <osmand:speed>0.9</osmand:speed>
        </extensions>
      </trkpt>
      <trkpt lat="46.5054215" lon="9.5891708">
        <ele>2006</ele>
        <time>2026-09-12T12:40:28Z</time>
        <hdop>6.1</hdop>
        <extensions>
          <osmand:speed>0.8</osmand:speed>
        </extensions>
      </trkpt>
      <trkpt lat="46.5054735" lon="9.5891952">
        <ele>2005</ele>
        <time>2026-09-12T12:40:34Z</time>
        <hdop>7.7</hdop>
        <extensions>
          <osmand:speed>1.4</osmand:speed>
        </extensions>
      </trkpt>
      <trkpt lat="46.5055214" lon="9.5892489">
        <ele>2003</ele>
        <time>2026-09-12T12:40:40Z</time>
        <hdop>8.7</hdop>
        <extensions>
          <osmand:speed>1</osmand:speed>
        </extensions>
      </trkpt>
      <trkpt lat="46.5055671" lon="9.5892886">
        <ele>2002</ele>
        <time>2026-09-12T12:40:46Z</time>
        <hdop>9.7</hdop>
        <extensions>
          <osmand:speed>0.8</osmand:speed>
        </extensions>
      </trkpt>
      <trkpt lat="46.5056306" lon="9.5893041">
        <ele>2001</ele>
        <time>2026-09-12T12:40:52Z</time>
        <hdop>9.2</hdop>
        <extensions>
          <osmand:speed>1.1</osmand:speed>
        </extensions>
      </trkpt>
      <trkpt lat="46.5056722" lon="9.5893388">
        <ele>2000</ele>
        <time>2026-09-12T12:40:58Z</time>
        <hdop>8.2</hdop>
        <extensions>
          <osmand:speed>0.9</osmand:speed>
        </extensions>
      </trkpt>
      <trkpt lat="46.5057222" lon="9.5893165">
        <ele>2000</ele>
        <time>2026-09-12T12:41:04Z</time>
        <hdop>9.7</hdop>
        <extensions>
          <osmand:speed>1</osmand:speed>
        </extensions>
      </trkpt>
      <trkpt lat="46.5057561" lon="9.5892782">
        <ele>2000</ele>
        <time>2026-09-12T12:41:10Z</time>
        <hdop>8.7</hdop>
        <extensions>
          <osmand:speed>0.2</osmand:speed>
        </extensions>
      </trkpt>
      <trkpt lat="46.5058119" lon="9.5892524">
        <ele>1998</ele>
        <time>2026-09-12T12:41:16Z</time>
        <hdop>7.1</hdop>
        <extensions>
          <osmand:speed>0.9</osmand:speed>
        </extensions>
      </trkpt>
      <trkpt lat="46.5058366" lon="9.5891907">
        <ele>1998</ele>
        <time>2026-09-12T12:41:22Z</time>
        <hdop>7.7</hdop>
        <extensions>
          <osmand:speed>0.8</osmand:speed>
        </extensions>
      </trkpt>
      <trkpt lat="46.5058795" lon="9.5891298">
        <ele>1997</ele>
        <time>2026-09-12T12:41:28Z</time>
        <hdop>7.1</hdop>
        <extensions>
          <osmand:speed>1.1</osmand:speed>
        </extensions>
      </trkpt>
      <trkpt lat="46.505918" lon="9.5891006">
        <ele>1997</ele>
        <time>2026-09-12T12:41:34Z</time>
        <hdop>7.7</hdop>
        <extensions>
          <osmand:speed>1.4</osmand:speed>
        </extensions>
      </trkpt>
      <trkpt lat="46.505982" lon="9.5890648">
        <ele>1996</ele>
        <time>2026-09-12T12:41:40Z</time>
        <hdop>8.7</hdop>
        <extensions>
          <osmand:speed>0.8</osmand:speed>
        </extensions>
      </trkpt>
      <trkpt lat="46.5060319" lon="9.5890497">
        <ele>1995</ele>
        <time>2026-09-12T12:41:46Z</time>
        <hdop>8.2</hdop>
        <extensions>
          <osmand:speed>1</osmand:speed>
        </extensions>
      </trkpt>
      <trkpt lat="46.5060892" lon="9.5890332">
        <ele>1994</ele>
        <time>2026-09-12T12:41:52Z</time>
        <hdop>8.7</hdop>
        <extensions>
          <osmand:speed>1.2</osmand:speed>
        </extensions>
      </trkpt>
      <trkpt lat="46.5061503" lon="9.5890249">
        <ele>1992</ele>
        <time>2026-09-12T12:41:58Z</time>
        <hdop>10.2</hdop>
        <extensions>
          <osmand:speed>1</osmand:speed>
        </extensions>
      </trkpt>
      <trkpt lat="46.5062165" lon="9.5890368">
        <ele>1990</ele>
        <time>2026-09-12T12:42:04Z</time>
        <hdop>9.7</hdop>
        <extensions>
          <osmand:speed>0.9</osmand:speed>
        </extensions>
      </trkpt>
      <trkpt lat="46.5062434" lon="9.5890236">
        <ele>1990</ele>
        <time>2026-09-12T12:42:10Z</time>
        <hdop>9.7</hdop>
        <extensions>
          <osmand:speed>0.4</osmand:speed>
        </extensions>
      </trkpt>
      <trkpt lat="46.5062876" lon="9.5890139">
        <ele>1988</ele>
        <time>2026-09-12T12:42:16Z</time>
        <hdop>10.2</hdop>
        <extensions>
          <osmand:speed>1</osmand:speed>
        </extensions>
      </trkpt>
      <trkpt lat="46.5063005" lon="9.5889882">
        <ele>1988</ele>
        <time>2026-09-12T12:42:22Z</time>
        <hdop>11.7</hdop>
        <extensions>
          <osmand:speed>0</osmand:speed>
        </extensions>
      </trkpt>
      <trkpt lat="46.5063182" lon="9.5889683">
        <ele>1986</ele>
        <time>2026-09-12T12:42:29Z</time>
        <hdop>7.7</hdop>
        <extensions>
          <osmand:speed>0.8</osmand:speed>
        </extensions>
      </trkpt>
      <trkpt lat="46.5063578" lon="9.5889761">
        <ele>1986</ele>
        <time>2026-09-12T12:42:35Z</time>
        <hdop>9.7</hdop>
        <extensions>
          <osmand:speed>0.9</osmand:speed>
        </extensions>
      </trkpt>
      <trkpt lat="46.5064028" lon="9.5889623">
        <ele>1986</ele>
        <time>2026-09-12T12:42:41Z</time>
        <hdop>9.7</hdop>
        <extensions>
          <osmand:speed>0.8</osmand:speed>
        </extensions>
      </trkpt>
      <trkpt lat="46.506447" lon="9.5889797">
        <ele>1984</ele>
        <time>2026-09-12T12:42:47Z</time>
        <hdop>11.2</hdop>
        <extensions>
          <osmand:speed>0.3</osmand:speed>
        </extensions>
      </trkpt>
      <trkpt lat="46.506487" lon="9.5889543">
        <ele>1983</ele>
        <time>2026-09-12T12:42:53Z</time>
        <hdop>8.2</hdop>
        <extensions>
          <osmand:speed>0.7</osmand:speed>
        </extensions>
      </trkpt>
      <trkpt lat="46.5065476" lon="9.5889894">
        <ele>1982</ele>
        <time>2026-09-12T12:42:59Z</time>
        <hdop>9.2</hdop>
        <extensions>
          <osmand:speed>0.6</osmand:speed>
        </extensions>
      </trkpt>
      <trkpt lat="46.5065704" lon="9.5890074">
        <ele>1981</ele>
        <time>2026-09-12T12:43:07Z</time>
        <hdop>14.8</hdop>
        <extensions>
          <osmand:speed>0.1</osmand:speed>
        </extensions>
      </trkpt>
      <trkpt lat="46.506581" lon="9.589029">
        <ele>1980</ele>
        <time>2026-09-12T12:43:15Z</time>
        <hdop>12.8</hdop>
        <extensions>
          <osmand:speed>1.4</osmand:speed>
        </extensions>
      </trkpt>
      <trkpt lat="46.5066043" lon="9.5890392">
        <ele>1976</ele>
        <time>2026-09-12T12:43:22Z</time>
        <hdop>9.2</hdop>
        <extensions>
          <osmand:speed>0.8</osmand:speed>
        </extensions>
      </trkpt>
      <trkpt lat="46.5066299" lon="9.5890108">
        <ele>1975</ele>
        <time>2026-09-12T12:43:28Z</time>
        <hdop>7.1</hdop>
        <extensions>
          <osmand:speed>0.6</osmand:speed>
        </extensions>
      </trkpt>
      <trkpt lat="46.5066668" lon="9.5890318">
        <ele>1975</ele>
        <time>2026-09-12T12:43:34Z</time>
        <hdop>8.2</hdop>
        <extensions>
          <osmand:speed>0.9</osmand:speed>
        </extensions>
      </trkpt>
      <trkpt lat="46.5067214" lon="9.5890437">
        <ele>1974</ele>
        <time>2026-09-12T12:43:40Z</time>
        <hdop>8.2</hdop>
        <extensions>
          <osmand:speed>1.3</osmand:speed>
        </extensions>
      </trkpt>
      <trkpt lat="46.5068028" lon="9.5890526">
        <ele>1973</ele>
        <time>2026-09-12T12:43:46Z</time>
        <hdop>8.7</hdop>
        <extensions>
          <osmand:speed>0.8</osmand:speed>
        </extensions>
      </trkpt>
      <trkpt lat="46.5068523" lon="9.5890716">
        <ele>1971</ele>
        <time>2026-09-12T12:43:52Z</time>
        <hdop>8.7</hdop>
        <extensions>
          <osmand:speed>1</osmand:speed>
        </extensions>
      </trkpt>
      <trkpt lat="46.5069091" lon="9.5890925">
        <ele>1969</ele>
        <time>2026-09-12T12:43:58Z</time>
        <hdop>7.7</hdop>
        <extensions>
          <osmand:speed>0.9</osmand:speed>
        </extensions>
      </trkpt>
      <trkpt lat="46.5069652" lon="9.5891438">
        <ele>1966</ele>
        <time>2026-09-12T12:44:04Z</time>
        <hdop>8.7</hdop>
        <extensions>
          <osmand:speed>1</osmand:speed>
        </extensions>
      </trkpt>
      <trkpt lat="46.5070117" lon="9.5891274">
        <ele>1966</ele>
        <time>2026-09-12T12:44:10Z</time>
        <hdop>9.2</hdop>
        <extensions>
          <osmand:speed>0.6</osmand:speed>
        </extensions>
      </trkpt>
      <trkpt lat="46.5070628" lon="9.5890965">
        <ele>1965</ele>
        <time>2026-09-12T12:44:16Z</time>
        <hdop>8.2</hdop>
        <extensions>
          <osmand:speed>1.1</osmand:speed>
        </extensions>
      </trkpt>
      <trkpt lat="46.5071303" lon="9.5891108">
        <ele>1964</ele>
        <time>2026-09-12T12:44:22Z</time>
        <hdop>8.7</hdop>
        <extensions>
          <osmand:speed>0.9</osmand:speed>
        </extensions>
      </trkpt>
      <trkpt lat="46.507164" lon="9.5891344">
        <ele>1963</ele>
        <time>2026-09-12T12:44:28Z</time>
        <hdop>10.2</hdop>
        <extensions>
          <osmand:speed>0.6</osmand:speed>
        </extensions>
      </trkpt>
      <trkpt lat="46.5072415" lon="9.5891565">
        <ele>1963</ele>
        <time>2026-09-12T12:44:34Z</time>
        <hdop>8.7</hdop>
        <extensions>
          <osmand:speed>1.1</osmand:speed>
        </extensions>
      </trkpt>
      <trkpt lat="46.5072643" lon="9.5892198">
        <ele>1962</ele>
        <time>2026-09-12T12:44:40Z</time>
        <hdop>9.7</hdop>
        <extensions>
          <osmand:speed>1</osmand:speed>
        </extensions>
      </trkpt>
      <trkpt lat="46.5072994" lon="9.5892986">
        <ele>1960</ele>
        <time>2026-09-12T12:44:46Z</time>
        <hdop>9.2</hdop>
        <extensions>
          <osmand:speed>0.9</osmand:speed>
        </extensions>
      </trkpt>
      <trkpt lat="46.5073529" lon="9.5893092">
        <ele>1958</ele>
        <time>2026-09-12T12:44:52Z</time>
        <hdop>9.7</hdop>
        <extensions>
          <osmand:speed>0.8</osmand:speed>
        </extensions>
      </trkpt>
      <trkpt lat="46.5074009" lon="9.5893119">
        <ele>1959</ele>
        <time>2026-09-12T12:44:58Z</time>
        <hdop>9.2</hdop>
        <extensions>
          <osmand:speed>1.3</osmand:speed>
        </extensions>
      </trkpt>
      <trkpt lat="46.5074744" lon="9.5893679">
        <ele>1959</ele>
        <time>2026-09-12T12:45:04Z</time>
        <hdop>9.2</hdop>
        <extensions>
          <osmand:speed>1</osmand:speed>
        </extensions>
      </trkpt>
      <trkpt lat="46.5075234" lon="9.5894396">
        <ele>1958</ele>
        <time>2026-09-12T12:45:10Z</time>
        <hdop>8.2</hdop>
        <extensions>
          <osmand:speed>1.3</osmand:speed>
        </extensions>
      </trkpt>
      <trkpt lat="46.5075428" lon="9.5895433">
        <ele>1956</ele>
        <time>2026-09-12T12:45:16Z</time>
        <hdop>8.7</hdop>
        <extensions>
          <osmand:speed>1.2</osmand:speed>
        </extensions>
      </trkpt>
      <trkpt lat="46.5075665" lon="9.5895746">
        <ele>1956</ele>
        <time>2026-09-12T12:45:22Z</time>
        <hdop>6.6</hdop>
      </trkpt>
      <trkpt lat="46.5075858" lon="9.5895744">
        <ele>1956</ele>
        <time>2026-09-12T12:45:33Z</time>
        <hdop>8.2</hdop>
        <extensions>
          <osmand:speed>1.1</osmand:speed>
        </extensions>
      </trkpt>
      <trkpt lat="46.5076321" lon="9.5895699">
        <ele>1956</ele>
        <time>2026-09-12T12:45:39Z</time>
        <hdop>7.7</hdop>
        <extensions>
          <osmand:speed>0.4</osmand:speed>
        </extensions>
      </trkpt>
      <trkpt lat="46.5076927" lon="9.5895938">
        <ele>1955</ele>
        <time>2026-09-12T12:45:45Z</time>
        <hdop>10.7</hdop>
        <extensions>
          <osmand:speed>0.9</osmand:speed>
        </extensions>
      </trkpt>
      <trkpt lat="46.5077135" lon="9.5896389">
        <ele>1956</ele>
        <time>2026-09-12T12:45:51Z</time>
        <hdop>10.2</hdop>
        <extensions>
          <osmand:speed>1</osmand:speed>
        </extensions>
      </trkpt>
      <trkpt lat="46.5077529" lon="9.5896992">
        <ele>1956</ele>
        <time>2026-09-12T12:45:57Z</time>
        <hdop>9.7</hdop>
        <extensions>
          <osmand:speed>0.9</osmand:speed>
        </extensions>
      </trkpt>
      <trkpt lat="46.5077912" lon="9.5897397">
        <ele>1955</ele>
        <time>2026-09-12T12:46:03Z</time>
        <hdop>9.7</hdop>
        <extensions>
          <osmand:speed>0.6</osmand:speed>
        </extensions>
      </trkpt>
      <trkpt lat="46.507833" lon="9.5897537">
        <ele>1955</ele>
        <time>2026-09-12T12:46:09Z</time>
        <hdop>9.7</hdop>
        <extensions>
          <osmand:speed>0.2</osmand:speed>
        </extensions>
      </trkpt>
      <trkpt lat="46.5079075" lon="9.5898246">
        <ele>1954</ele>
        <time>2026-09-12T12:46:15Z</time>
        <hdop>8.2</hdop>
        <extensions>
          <osmand:speed>0.9</osmand:speed>
        </extensions>
      </trkpt>
      <trkpt lat="46.5079415" lon="9.5898808">
        <ele>1954</ele>
        <time>2026-09-12T12:46:21Z</time>
        <hdop>9.2</hdop>
        <extensions>
          <osmand:speed>0.8</osmand:speed>
        </extensions>
      </trkpt>
      <trkpt lat="46.5079828" lon="9.5899306">
        <ele>1955</ele>
        <time>2026-09-12T12:46:27Z</time>
        <hdop>8.7</hdop>
        <extensions>
          <osmand:speed>0.5</osmand:speed>
        </extensions>
      </trkpt>
      <trkpt lat="46.5079909" lon="9.59003">
        <ele>1954</ele>
        <time>2026-09-12T12:46:33Z</time>
        <hdop>11.7</hdop>
        <extensions>
          <osmand:speed>1</osmand:speed>
        </extensions>
      </trkpt>
      <trkpt lat="46.5080347" lon="9.5901012">
        <ele>1954</ele>
        <time>2026-09-12T12:46:39Z</time>
        <hdop>10.2</hdop>
        <extensions>
          <osmand:speed>0.9</osmand:speed>
        </extensions>
      </trkpt>
      <trkpt lat="46.5080538" lon="9.5901584">
        <ele>1951</ele>
        <time>2026-09-12T12:46:45Z</time>
        <hdop>9.7</hdop>
        <extensions>
          <osmand:speed>0.7</osmand:speed>
        </extensions>
      </trkpt>
      <trkpt lat="46.5080731" lon="9.5902411">
        <ele>1951</ele>
        <time>2026-09-12T12:46:51Z</time>
        <hdop>9.7</hdop>
        <extensions>
          <osmand:speed>1.1</osmand:speed>
        </extensions>
      </trkpt>
      <trkpt lat="46.5081326" lon="9.5902989">
        <ele>1949.9</ele>
        <time>2026-09-12T12:46:57Z</time>
        <hdop>9.7</hdop>
        <extensions>
          <osmand:speed>1.1</osmand:speed>
        </extensions>
      </trkpt>
      <trkpt lat="46.5081663" lon="9.5903426">
        <ele>1948.9</ele>
        <time>2026-09-12T12:47:03Z</time>
        <hdop>10.2</hdop>
        <extensions>
          <osmand:speed>1.3</osmand:speed>
        </extensions>
      </trkpt>
      <trkpt lat="46.5081736" lon="9.5903905">
        <ele>1947.9</ele>
        <time>2026-09-12T12:47:09Z</time>
        <hdop>11.2</hdop>
        <extensions>
          <osmand:speed>1.2</osmand:speed>
        </extensions>
      </trkpt>
      <trkpt lat="46.5082047" lon="9.5904475">
        <ele>1947.9</ele>
        <time>2026-09-12T12:47:15Z</time>
        <hdop>9.7</hdop>
        <extensions>
          <osmand:speed>0.9</osmand:speed>
        </extensions>
      </trkpt>
      <trkpt lat="46.5082252" lon="9.5904759">
        <ele>1948.9</ele>
        <time>2026-09-12T12:47:21Z</time>
        <hdop>9.7</hdop>
        <extensions>
          <osmand:speed>0</osmand:speed>
        </extensions>
      </trkpt>
      <trkpt lat="46.5081976" lon="9.5905039">
        <ele>1945.9</ele>
        <time>2026-09-12T12:47:37Z</time>
        <hdop>8.7</hdop>
        <extensions>
          <osmand:speed>2.9</osmand:speed>
        </extensions>
      </trkpt>
      <trkpt lat="46.5082123" lon="9.590472">
        <ele>1941.9</ele>
        <time>2026-09-12T12:47:43Z</time>
        <hdop>5.6</hdop>
        <extensions>
          <osmand:speed>0.5</osmand:speed>
        </extensions>
      </trkpt>
      <trkpt lat="46.508228" lon="9.5904859">
        <ele>1940.9</ele>
        <time>2026-09-12T12:47:58Z</time>
        <hdop>4.6</hdop>
        <extensions>
          <osmand:speed>0.1</osmand:speed>
        </extensions>
      </trkpt>
      <trkpt lat="46.5082538" lon="9.590501">
        <ele>1940.9</ele>
        <time>2026-09-12T12:48:11Z</time>
        <hdop>4.1</hdop>
        <extensions>
          <osmand:speed>0.7</osmand:speed>
        </extensions>
      </trkpt>
      <trkpt lat="46.5083041" lon="9.5905192">
        <ele>1942.9</ele>
        <time>2026-09-12T12:48:17Z</time>
        <hdop>4.1</hdop>
        <extensions>
          <osmand:speed>1</osmand:speed>
        </extensions>
      </trkpt>
      <trkpt lat="46.5083505" lon="9.5905348">
        <ele>1942.9</ele>
        <time>2026-09-12T12:48:23Z</time>
        <hdop>3.1</hdop>
        <extensions>
          <osmand:speed>1.6</osmand:speed>
        </extensions>
      </trkpt>
      <trkpt lat="46.5084095" lon="9.5905646">
        <ele>1942.9</ele>
        <time>2026-09-12T12:48:29Z</time>
        <hdop>10.2</hdop>
        <extensions>
          <osmand:speed>1.4</osmand:speed>
        </extensions>
      </trkpt>
      <trkpt lat="46.5084652" lon="9.5905888">
        <ele>1943.9</ele>
        <time>2026-09-12T12:48:35Z</time>
        <hdop>9.2</hdop>
        <extensions>
          <osmand:speed>1</osmand:speed>
        </extensions>
      </trkpt>
      <trkpt lat="46.5085199" lon="9.5905625">
        <ele>1940.9</ele>
        <time>2026-09-12T12:48:41Z</time>
        <hdop>8.2</hdop>
        <extensions>
          <osmand:speed>0.9</osmand:speed>
        </extensions>
      </trkpt>
      <trkpt lat="46.5085799" lon="9.5905495">
        <ele>1941.9</ele>
        <time>2026-09-12T12:48:47Z</time>
        <hdop>8.7</hdop>
        <extensions>
          <osmand:speed>1.1</osmand:speed>
        </extensions>
      </trkpt>
      <trkpt lat="46.5086581" lon="9.5905727">
        <ele>1941.9</ele>
        <time>2026-09-12T12:48:53Z</time>
        <hdop>10.2</hdop>
        <extensions>
          <osmand:speed>0.6</osmand:speed>
        </extensions>
      </trkpt>
      <trkpt lat="46.5087189" lon="9.5905765">
        <ele>1939.9</ele>
        <time>2026-09-12T12:48:59Z</time>
        <hdop>10.7</hdop>
        <extensions>
          <osmand:speed>0.8</osmand:speed>
        </extensions>
      </trkpt>
      <trkpt lat="46.5087573" lon="9.590592">
        <ele>1938.9</ele>
        <time>2026-09-12T12:49:05Z</time>
        <hdop>11.2</hdop>
        <extensions>
          <osmand:speed>0.4</osmand:speed>
        </extensions>
      </trkpt>
      <trkpt lat="46.5088173" lon="9.5906199">
        <ele>1937.9</ele>
        <time>2026-09-12T12:49:11Z</time>
        <hdop>9.2</hdop>
        <extensions>
          <osmand:speed>1.4</osmand:speed>
        </extensions>
      </trkpt>
      <trkpt lat="46.5088823" lon="9.5906274">
        <ele>1936.9</ele>
        <time>2026-09-12T12:49:17Z</time>
        <hdop>10.7</hdop>
        <extensions>
          <osmand:speed>0.2</osmand:speed>
        </extensions>
      </trkpt>
      <trkpt lat="46.5088957" lon="9.590649">
        <ele>1936.9</ele>
        <time>2026-09-12T12:49:26Z</time>
        <hdop>7.1</hdop>
        <extensions>
          <osmand:speed>0</osmand:speed>
        </extensions>
      </trkpt>
      <trkpt lat="46.5088907" lon="9.5906766">
        <ele>1934.9</ele>
        <time>2026-09-12T12:49:44Z</time>
        <hdop>6.6</hdop>
        <extensions>
          <osmand:speed>0</osmand:speed>
        </extensions>
      </trkpt>
      <trkpt lat="46.5089086" lon="9.5906615">
        <ele>1934.9</ele>
        <time>2026-09-12T12:50:04Z</time>
        <hdop>6.1</hdop>
        <extensions>
          <osmand:speed>0.8</osmand:speed>
        </extensions>
      </trkpt>
      <trkpt lat="46.50894" lon="9.5906621">
        <ele>1934.9</ele>
        <time>2026-09-12T12:50:10Z</time>
        <hdop>7.7</hdop>
        <extensions>
          <osmand:speed>0.7</osmand:speed>
        </extensions>
      </trkpt>
      <trkpt lat="46.5089738" lon="9.5906438">
        <ele>1931.9</ele>
        <time>2026-09-12T12:50:16Z</time>
        <hdop>11.2</hdop>
        <extensions>
          <osmand:speed>1.9</osmand:speed>
        </extensions>
      </trkpt>
      <trkpt lat="46.5089585" lon="9.5906625">
        <ele>1929.9</ele>
        <time>2026-09-12T12:50:22Z</time>
        <hdop>5.1</hdop>
        <extensions>
          <osmand:speed>0</osmand:speed>
        </extensions>
      </trkpt>
      <trkpt lat="46.5089764" lon="9.5906527">
        <ele>1929.9</ele>
        <time>2026-09-12T12:50:32Z</time>
        <hdop>5.1</hdop>
        <extensions>
          <osmand:speed>0.9</osmand:speed>
        </extensions>
      </trkpt>
      <trkpt lat="46.509033" lon="9.5906922">
        <ele>1932.9</ele>
        <time>2026-09-12T12:50:38Z</time>
        <hdop>8.7</hdop>
        <extensions>
          <osmand:speed>1.4</osmand:speed>
        </extensions>
      </trkpt>
      <trkpt lat="46.5090518" lon="9.5906952">
        <ele>1931.9</ele>
        <time>2026-09-12T12:50:46Z</time>
        <hdop>8.7</hdop>
        <extensions>
          <osmand:speed>0.8</osmand:speed>
        </extensions>
      </trkpt>
      <trkpt lat="46.5091031" lon="9.5907153">
        <ele>1931.9</ele>
        <time>2026-09-12T12:50:52Z</time>
        <hdop>9.2</hdop>
        <extensions>
          <osmand:speed>1</osmand:speed>
        </extensions>
      </trkpt>
      <trkpt lat="46.5091375" lon="9.5907101">
        <ele>1931.9</ele>
        <time>2026-09-12T12:50:58Z</time>
        <hdop>10.7</hdop>
        <extensions>
          <osmand:speed>0.7</osmand:speed>
        </extensions>
      </trkpt>
      <trkpt lat="46.5091895" lon="9.5907215">
        <ele>1932.9</ele>
        <time>2026-09-12T12:51:04Z</time>
        <hdop>10.2</hdop>
        <extensions>
          <osmand:speed>1</osmand:speed>
        </extensions>
      </trkpt>
      <trkpt lat="46.5092441" lon="9.5907272">
        <ele>1932.9</ele>
        <time>2026-09-12T12:51:10Z</time>
        <hdop>11.7</hdop>
        <extensions>
          <osmand:speed>0.2</osmand:speed>
        </extensions>
      </trkpt>
      <trkpt lat="46.5092676" lon="9.590734">
        <ele>1933.9</ele>
        <time>2026-09-12T12:51:16Z</time>
        <hdop>14.8</hdop>
        <extensions>
          <osmand:speed>0.7</osmand:speed>
        </extensions>
      </trkpt>
      <trkpt lat="46.5093065" lon="9.5907739">
        <ele>1934.9</ele>
        <time>2026-09-12T12:51:22Z</time>
        <hdop>10.7</hdop>
        <extensions>
          <osmand:speed>0.3</osmand:speed>
        </extensions>
      </trkpt>
      <trkpt lat="46.5093188" lon="9.5907507">
        <ele>1934.9</ele>
        <time>2026-09-12T12:51:37Z</time>
        <hdop>7.7</hdop>
        <extensions>
          <osmand:speed>0.4</osmand:speed>
        </extensions>
      </trkpt>
      <trkpt lat="46.509365" lon="9.5907177">
        <ele>1934.9</ele>
        <time>2026-09-12T12:51:43Z</time>
        <hdop>8.2</hdop>
        <extensions>
          <osmand:speed>0.8</osmand:speed>
        </extensions>
      </trkpt>
      <trkpt lat="46.5094139" lon="9.5907349">
        <ele>1933.9</ele>
        <time>2026-09-12T12:51:49Z</time>
        <hdop>9.2</hdop>
        <extensions>
          <osmand:speed>0.9</osmand:speed>
        </extensions>
      </trkpt>
      <trkpt lat="46.5094503" lon="9.590743">
        <ele>1935.9</ele>
        <time>2026-09-12T12:51:55Z</time>
        <hdop>9.7</hdop>
        <extensions>
          <osmand:speed>0.8</osmand:speed>
        </extensions>
      </trkpt>
      <trkpt lat="46.5095145" lon="9.5907625">
        <ele>1934.9</ele>
        <time>2026-09-12T12:52:01Z</time>
        <hdop>12.2</hdop>
        <extensions>
          <osmand:speed>0.8</osmand:speed>
        </extensions>
      </trkpt>
      <trkpt lat="46.5095531" lon="9.5907729">
        <ele>1935.9</ele>
        <time>2026-09-12T12:52:07Z</time>
        <hdop>11.2</hdop>
        <extensions>
          <osmand:speed>0.4</osmand:speed>
        </extensions>
      </trkpt>
      <trkpt lat="46.509572" lon="9.590755">
        <ele>1935</ele>
        <time>2026-09-12T12:52:13Z</time>
        <hdop>9.7</hdop>
        <extensions>
          <osmand:speed>0.7</osmand:speed>
        </extensions>
      </trkpt>
      <trkpt lat="46.5096412" lon="9.5907606">
        <ele>1934</ele>
        <time>2026-09-12T12:52:19Z</time>
        <hdop>11.7</hdop>
        <extensions>
          <osmand:speed>0.4</osmand:speed>
        </extensions>
      </trkpt>
      <trkpt lat="46.5096717" lon="9.5907609">
        <ele>1933</ele>
        <time>2026-09-12T12:52:25Z</time>
        <hdop>11.7</hdop>
        <extensions>
          <osmand:speed>0.9</osmand:speed>
        </extensions>
      </trkpt>
      <trkpt lat="46.5097062" lon="9.590789">
        <ele>1932</ele>
        <time>2026-09-12T12:52:31Z</time>
        <hdop>11.7</hdop>
        <extensions>
          <osmand:speed>0.8</osmand:speed>
        </extensions>
      </trkpt>
      <trkpt lat="46.5097506" lon="9.5907936">
        <ele>1930</ele>
        <time>2026-09-12T12:52:37Z</time>
        <hdop>12.8</hdop>
        <extensions>
          <osmand:speed>1.2</osmand:speed>
        </extensions>
      </trkpt>
      <trkpt lat="46.5097927" lon="9.590789">
        <ele>1929</ele>
        <time>2026-09-12T12:52:43Z</time>
        <hdop>9.2</hdop>
        <extensions>
          <osmand:speed>0.6</osmand:speed>
        </extensions>
      </trkpt>
      <trkpt lat="46.5098257" lon="9.5908282">
        <ele>1927</ele>
        <time>2026-09-12T12:52:49Z</time>
        <hdop>9.2</hdop>
        <extensions>
          <osmand:speed>0.1</osmand:speed>
        </extensions>
      </trkpt>
      <trkpt lat="46.5098497" lon="9.5908362">
        <ele>1926</ele>
        <time>2026-09-12T12:52:55Z</time>
        <hdop>9.2</hdop>
        <extensions>
          <osmand:speed>0.3</osmand:speed>
        </extensions>
      </trkpt>
      <trkpt lat="46.5098998" lon="9.5908738">
        <ele>1925.9</ele>
        <time>2026-09-12T12:53:01Z</time>
        <hdop>9.2</hdop>
        <extensions>
          <osmand:speed>1</osmand:speed>
        </extensions>
      </trkpt>
      <trkpt lat="46.5099611" lon="9.5908753">
        <ele>1924</ele>
        <time>2026-09-12T12:53:07Z</time>
        <hdop>8.2</hdop>
        <extensions>
          <osmand:speed>1.4</osmand:speed>
        </extensions>
      </trkpt>
      <trkpt lat="46.5099991" lon="9.5909126">
        <ele>1922.9</ele>
        <time>2026-09-12T12:53:13Z</time>
        <hdop>11.7</hdop>
        <extensions>
          <osmand:speed>0.1</osmand:speed>
        </extensions>
      </trkpt>
      <trkpt lat="46.5100209" lon="9.5909352">
        <ele>1921.9</ele>
        <time>2026-09-12T12:53:20Z</time>
        <hdop>7.7</hdop>
        <extensions>
          <osmand:speed>1.1</osmand:speed>
        </extensions>
      </trkpt>
      <trkpt lat="46.5100748" lon="9.5909256">
        <ele>1920</ele>
        <time>2026-09-12T12:53:26Z</time>
        <hdop>9.7</hdop>
        <extensions>
          <osmand:speed>0.4</osmand:speed>
        </extensions>
      </trkpt>
      <trkpt lat="46.5101378" lon="9.5909798">
        <ele>1918.9</ele>
        <time>2026-09-12T12:53:32Z</time>
        <hdop>8.2</hdop>
        <extensions>
          <osmand:speed>1.1</osmand:speed>
        </extensions>
      </trkpt>
      <trkpt lat="46.5101728" lon="9.591062">
        <ele>1918.9</ele>
        <time>2026-09-12T12:53:38Z</time>
        <hdop>8.7</hdop>
        <extensions>
          <osmand:speed>0.9</osmand:speed>
        </extensions>
      </trkpt>
      <trkpt lat="46.5102058" lon="9.5911214">
        <ele>1916.9</ele>
        <time>2026-09-12T12:53:44Z</time>
        <hdop>9.2</hdop>
        <extensions>
          <osmand:speed>1.1</osmand:speed>
        </extensions>
      </trkpt>
      <trkpt lat="46.5102761" lon="9.5911593">
        <ele>1915.9</ele>
        <time>2026-09-12T12:53:50Z</time>
        <hdop>8.7</hdop>
        <extensions>
          <osmand:speed>0.5</osmand:speed>
        </extensions>
      </trkpt>
      <trkpt lat="46.5103166" lon="9.5911987">
        <ele>1914.9</ele>
        <time>2026-09-12T12:53:56Z</time>
        <hdop>10.7</hdop>
        <extensions>
          <osmand:speed>0.1</osmand:speed>
        </extensions>
      </trkpt>
      <trkpt lat="46.5103005" lon="9.5912163">
        <ele>1912.9</ele>
        <time>2026-09-12T12:54:19Z</time>
        <hdop>5.1</hdop>
        <extensions>
          <osmand:speed>0</osmand:speed>
        </extensions>
      </trkpt>
      <trkpt lat="46.5102826" lon="9.5912354">
        <ele>1912.9</ele>
        <time>2026-09-12T12:54:26Z</time>
        <hdop>3.6</hdop>
        <extensions>
          <osmand:speed>0.6</osmand:speed>
        </extensions>
      </trkpt>
      <trkpt lat="46.510303" lon="9.5912435">
        <ele>1912.9</ele>
        <time>2026-09-12T12:54:38Z</time>
        <hdop>10.7</hdop>
        <extensions>
          <osmand:speed>1.1</osmand:speed>
        </extensions>
      </trkpt>
      <trkpt lat="46.5103223" lon="9.591281">
        <ele>1912.9</ele>
        <time>2026-09-12T12:54:44Z</time>
        <hdop>12.2</hdop>
        <extensions>
          <osmand:speed>0.6</osmand:speed>
        </extensions>
      </trkpt>
      <trkpt lat="46.5103148" lon="9.5913711">
        <ele>1913.9</ele>
        <time>2026-09-12T12:54:50Z</time>
        <hdop>13.8</hdop>
        <extensions>
          <osmand:speed>1.4</osmand:speed>
        </extensions>
      </trkpt>
      <trkpt lat="46.5103125" lon="9.591445">
        <ele>1915.9</ele>
        <time>2026-09-12T12:54:56Z</time>
        <hdop>14.8</hdop>
        <extensions>
          <osmand:speed>0.8</osmand:speed>
        </extensions>
      </trkpt>
      <trkpt lat="46.5103203" lon="9.5916162">
        <ele>1915.9</ele>
        <time>2026-09-12T12:55:10Z</time>
        <hdop>14.3</hdop>
        <extensions>
          <osmand:speed>0.9</osmand:speed>
        </extensions>
      </trkpt>
      <trkpt lat="46.5104211" lon="9.5919629">
        <ele>1918.9</ele>
        <time>2026-09-12T12:55:48Z</time>
        <hdop>14.8</hdop>
        <extensions>
          <osmand:speed>0.5</osmand:speed>
        </extensions>
      </trkpt>
      <trkpt lat="46.510412" lon="9.5920231">
        <ele>1918.9</ele>
        <time>2026-09-12T12:55:54Z</time>
        <hdop>14.8</hdop>
        <extensions>
          <osmand:speed>0.2</osmand:speed>
        </extensions>
      </trkpt>
      <trkpt lat="46.5104205" lon="9.5921146">
        <ele>1919.9</ele>
        <time>2026-09-12T12:56:03Z</time>
        <hdop>13.3</hdop>
        <extensions>
          <osmand:speed>0.6</osmand:speed>
        </extensions>
      </trkpt>
      <trkpt lat="46.5104573" lon="9.5921566">
        <ele>1920.9</ele>
        <time>2026-09-12T12:56:11Z</time>
        <hdop>13.8</hdop>
        <extensions>
          <osmand:speed>0.8</osmand:speed>
        </extensions>
      </trkpt>
      <trkpt lat="46.5105029" lon="9.5921852">
        <ele>1921.9</ele>
        <time>2026-09-12T12:56:17Z</time>
        <hdop>14.8</hdop>
        <extensions>
          <osmand:speed>1.1</osmand:speed>
        </extensions>
      </trkpt>
      <trkpt lat="46.5105508" lon="9.5922568">
        <ele>1922.9</ele>
        <time>2026-09-12T12:56:23Z</time>
        <hdop>13.3</hdop>
        <extensions>
          <osmand:speed>0.7</osmand:speed>
        </extensions>
      </trkpt>
      <trkpt lat="46.5106088" lon="9.5923467">
        <ele>1922.9</ele>
        <time>2026-09-12T12:56:29Z</time>
        <hdop>13.8</hdop>
        <extensions>
          <osmand:speed>1.5</osmand:speed>
        </extensions>
      </trkpt>
      <trkpt lat="46.510636" lon="9.5924444">
        <ele>1922.9</ele>
        <time>2026-09-12T12:56:35Z</time>
        <hdop>13.3</hdop>
        <extensions>
          <osmand:speed>0.9</osmand:speed>
        </extensions>
      </trkpt>
      <trkpt lat="46.5106338" lon="9.5925098">
        <ele>1922.9</ele>
        <time>2026-09-12T12:56:41Z</time>
        <hdop>14.3</hdop>
        <extensions>
          <osmand:speed>1.3</osmand:speed>
        </extensions>
      </trkpt>
      <trkpt lat="46.5106331" lon="9.592552">
        <ele>1922.9</ele>
        <time>2026-09-12T12:56:47Z</time>
        <hdop>12.2</hdop>
        <extensions>
          <osmand:speed>0.4</osmand:speed>
        </extensions>
      </trkpt>
      <trkpt lat="46.5106663" lon="9.5925636">
        <ele>1923.9</ele>
        <time>2026-09-12T12:56:53Z</time>
        <hdop>11.7</hdop>
        <extensions>
          <osmand:speed>0.8</osmand:speed>
        </extensions>
      </trkpt>
      <trkpt lat="46.5106727" lon="9.5926236">
        <ele>1923.9</ele>
        <time>2026-09-12T12:57:00Z</time>
        <hdop>14.8</hdop>
        <extensions>
          <osmand:speed>0.5</osmand:speed>
        </extensions>
      </trkpt>
      <trkpt lat="46.5107146" lon="9.5927151">
        <ele>1922.9</ele>
        <time>2026-09-12T12:57:09Z</time>
        <hdop>13.8</hdop>
        <extensions>
          <osmand:speed>1.1</osmand:speed>
        </extensions>
      </trkpt>
      <trkpt lat="46.5107554" lon="9.5927905">
        <ele>1922.9</ele>
        <time>2026-09-12T12:57:18Z</time>
        <hdop>12.8</hdop>
        <extensions>
          <osmand:speed>1.1</osmand:speed>
        </extensions>
      </trkpt>
      <trkpt lat="46.5107725" lon="9.5928822">
        <ele>1920.9</ele>
        <time>2026-09-12T12:57:28Z</time>
        <hdop>14.3</hdop>
        <extensions>
          <osmand:speed>0.3</osmand:speed>
        </extensions>
      </trkpt>
      <trkpt lat="46.5107592" lon="9.5929438">
        <ele>1921.9</ele>
        <time>2026-09-12T12:57:34Z</time>
        <hdop>14.8</hdop>
        <extensions>
          <osmand:speed>1.2</osmand:speed>
        </extensions>
      </trkpt>
      <trkpt lat="46.5108143" lon="9.5930267">
        <ele>1920.9</ele>
        <time>2026-09-12T12:57:40Z</time>
        <hdop>14.8</hdop>
        <extensions>
          <osmand:speed>0.8</osmand:speed>
        </extensions>
      </trkpt>
      <trkpt lat="46.5108834" lon="9.5930817">
        <ele>1920.9</ele>
        <time>2026-09-12T12:57:47Z</time>
        <hdop>14.8</hdop>
        <extensions>
          <osmand:speed>0.7</osmand:speed>
        </extensions>
      </trkpt>
      <trkpt lat="46.5109028" lon="9.5931247">
        <ele>1919.9</ele>
        <time>2026-09-12T12:57:53Z</time>
        <hdop>11.7</hdop>
        <extensions>
          <osmand:speed>0.8</osmand:speed>
        </extensions>
      </trkpt>
      <trkpt lat="46.5109176" lon="9.5932157">
        <ele>1919.9</ele>
        <time>2026-09-12T12:57:59Z</time>
        <hdop>14.8</hdop>
        <extensions>
          <osmand:speed>0.6</osmand:speed>
        </extensions>
      </trkpt>
      <trkpt lat="46.5108999" lon="9.5933184">
        <ele>1918.9</ele>
        <time>2026-09-12T12:58:07Z</time>
        <hdop>14.8</hdop>
        <extensions>
          <osmand:speed>1</osmand:speed>
        </extensions>
      </trkpt>
      <trkpt lat="46.5108841" lon="9.5933869">
        <ele>1918.9</ele>
        <time>2026-09-12T12:58:14Z</time>
        <hdop>13.8</hdop>
        <extensions>
          <osmand:speed>0.8</osmand:speed>
        </extensions>
      </trkpt>
      <trkpt lat="46.5108588" lon="9.5934587">
        <ele>1918.9</ele>
        <time>2026-09-12T12:58:20Z</time>
        <hdop>12.8</hdop>
        <extensions>
          <osmand:speed>0.7</osmand:speed>
        </extensions>
      </trkpt>
      <trkpt lat="46.5108623" lon="9.5934882">
        <ele>1918.9</ele>
        <time>2026-09-12T12:58:26Z</time>
        <hdop>11.7</hdop>
        <extensions>
          <osmand:speed>1</osmand:speed>
        </extensions>
      </trkpt>
      <trkpt lat="46.5108897" lon="9.5935901">
        <ele>1918.9</ele>
        <time>2026-09-12T12:58:32Z</time>
        <hdop>11.7</hdop>
        <extensions>
          <osmand:speed>0.7</osmand:speed>
        </extensions>
      </trkpt>
      <trkpt lat="46.5109059" lon="9.5936356">
        <ele>1919.9</ele>
        <time>2026-09-12T12:58:38Z</time>
        <hdop>11.7</hdop>
        <extensions>
          <osmand:speed>0.7</osmand:speed>
        </extensions>
      </trkpt>
      <trkpt lat="46.5109385" lon="9.5936935">
        <ele>1919.9</ele>
        <time>2026-09-12T12:58:44Z</time>
        <hdop>10.7</hdop>
        <extensions>
          <osmand:speed>1.2</osmand:speed>
        </extensions>
      </trkpt>
      <trkpt lat="46.5109832" lon="9.5937999">
        <ele>1920.9</ele>
        <time>2026-09-12T12:58:50Z</time>
        <hdop>11.2</hdop>
        <extensions>
          <osmand:speed>1.1</osmand:speed>
        </extensions>
      </trkpt>
      <trkpt lat="46.5110082" lon="9.5939079">
        <ele>1922.9</ele>
        <time>2026-09-12T12:58:56Z</time>
        <hdop>11.7</hdop>
        <extensions>
          <osmand:speed>1.4</osmand:speed>
        </extensions>
      </trkpt>
      <trkpt lat="46.5110162" lon="9.5940217">
        <ele>1922.9</ele>
        <time>2026-09-12T12:59:02Z</time>
        <hdop>10.7</hdop>
        <extensions>
          <osmand:speed>1.4</osmand:speed>
        </extensions>
      </trkpt>
      <trkpt lat="46.5110187" lon="9.594109">
        <ele>1921.9</ele>
        <time>2026-09-12T12:59:08Z</time>
        <hdop>11.2</hdop>
        <extensions>
          <osmand:speed>1.2</osmand:speed>
        </extensions>
      </trkpt>
      <trkpt lat="46.5110479" lon="9.5941957">
        <ele>1922.9</ele>
        <time>2026-09-12T12:59:14Z</time>
        <hdop>12.2</hdop>
        <extensions>
          <osmand:speed>1</osmand:speed>
        </extensions>
      </trkpt>
      <trkpt lat="46.511076" lon="9.5942373">
        <ele>1921.9</ele>
        <time>2026-09-12T12:59:20Z</time>
        <hdop>14.3</hdop>
        <extensions>
          <osmand:speed>0.4</osmand:speed>
        </extensions>
      </trkpt>
      <trkpt lat="46.5110686" lon="9.5942962">
        <ele>1921.9</ele>
        <time>2026-09-12T12:59:29Z</time>
        <hdop>14.8</hdop>
        <extensions>
          <osmand:speed>0.5</osmand:speed>
        </extensions>
      </trkpt>
      <trkpt lat="46.5110714" lon="9.5946101">
        <ele>1923.9</ele>
        <time>2026-09-12T12:59:56Z</time>
        <hdop>14.3</hdop>
        <extensions>
          <osmand:speed>0.6</osmand:speed>
        </extensions>
      </trkpt>
      <trkpt lat="46.5110753" lon="9.5947191">
        <ele>1924.9</ele>
        <time>2026-09-12T13:00:06Z</time>
        <hdop>14.3</hdop>
        <extensions>
          <osmand:speed>0.9</osmand:speed>
        </extensions>
      </trkpt>
      <trkpt lat="46.5114935" lon="9.595408">
        <ele>1925.9</ele>
        <time>2026-09-12T13:01:14Z</time>
        <hdop>12.8</hdop>
        <extensions>
          <osmand:speed>1.1</osmand:speed>
        </extensions>
      </trkpt>
      <trkpt lat="46.5115088" lon="9.5954781">
        <ele>1925.9</ele>
        <time>2026-09-12T13:01:20Z</time>
        <hdop>13.3</hdop>
        <extensions>
          <osmand:speed>1</osmand:speed>
        </extensions>
      </trkpt>
      <trkpt lat="46.5115627" lon="9.5955406">
        <ele>1925.9</ele>
        <time>2026-09-12T13:01:26Z</time>
        <hdop>13.3</hdop>
        <extensions>
          <osmand:speed>1.1</osmand:speed>
        </extensions>
      </trkpt>
      <trkpt lat="46.511588" lon="9.5955893">
        <ele>1925.9</ele>
        <time>2026-09-12T13:01:32Z</time>
        <hdop>14.3</hdop>
        <extensions>
          <osmand:speed>0.2</osmand:speed>
        </extensions>
      </trkpt>
      <trkpt lat="46.5116037" lon="9.5956838">
        <ele>1925.9</ele>
        <time>2026-09-12T13:01:38Z</time>
        <hdop>13.3</hdop>
        <extensions>
          <osmand:speed>1.3</osmand:speed>
        </extensions>
      </trkpt>
      <trkpt lat="46.5116012" lon="9.5958623">
        <ele>1925.9</ele>
        <time>2026-09-12T13:01:50Z</time>
        <hdop>13.8</hdop>
        <extensions>
          <osmand:speed>1.4</osmand:speed>
        </extensions>
      </trkpt>
      <trkpt lat="46.5116191" lon="9.5959423">
        <ele>1923.9</ele>
        <time>2026-09-12T13:01:59Z</time>
        <hdop>14.3</hdop>
        <extensions>
          <osmand:speed>2.5</osmand:speed>
        </extensions>
      </trkpt>
      <trkpt lat="46.5115931" lon="9.5964418">
        <ele>1920.9</ele>
        <time>2026-09-12T13:02:32Z</time>
        <hdop>14.3</hdop>
        <extensions>
          <osmand:speed>1.4</osmand:speed>
        </extensions>
      </trkpt>
      <trkpt lat="46.5115454" lon="9.5965558">
        <ele>1919.9</ele>
        <time>2026-09-12T13:02:38Z</time>
        <hdop>13.8</hdop>
        <extensions>
          <osmand:speed>1</osmand:speed>
        </extensions>
      </trkpt>
      <trkpt lat="46.5115995" lon="9.5966661">
        <ele>1920.9</ele>
        <time>2026-09-12T13:02:44Z</time>
        <hdop>12.8</hdop>
        <extensions>
          <osmand:speed>1.6</osmand:speed>
        </extensions>
      </trkpt>
      <trkpt lat="46.5116231" lon="9.5967273">
        <ele>1919.9</ele>
        <time>2026-09-12T13:02:50Z</time>
        <hdop>12.8</hdop>
        <extensions>
          <osmand:speed>0.9</osmand:speed>
        </extensions>
      </trkpt>
      <trkpt lat="46.5116091" lon="9.5968061">
        <ele>1919.9</ele>
        <time>2026-09-12T13:02:56Z</time>
        <hdop>11.2</hdop>
        <extensions>
          <osmand:speed>0.9</osmand:speed>
        </extensions>
      </trkpt>
      <trkpt lat="46.5116309" lon="9.5969088">
        <ele>1917.9</ele>
        <time>2026-09-12T13:03:02Z</time>
        <hdop>11.2</hdop>
        <extensions>
          <osmand:speed>2.2</osmand:speed>
        </extensions>
      </trkpt>
      <trkpt lat="46.5116081" lon="9.5969875">
        <ele>1917.9</ele>
        <time>2026-09-12T13:03:08Z</time>
        <hdop>11.7</hdop>
        <extensions>
          <osmand:speed>0.9</osmand:speed>
        </extensions>
      </trkpt>
      <trkpt lat="46.5116197" lon="9.5970762">
        <ele>1917.9</ele>
        <time>2026-09-12T13:03:14Z</time>
        <hdop>11.7</hdop>
        <extensions>
          <osmand:speed>1.5</osmand:speed>
        </extensions>
      </trkpt>
      <trkpt lat="46.5116406" lon="9.5971666">
        <ele>1917.9</ele>
        <time>2026-09-12T13:03:20Z</time>
        <hdop>10.7</hdop>
        <extensions>
          <osmand:speed>1.2</osmand:speed>
        </extensions>
      </trkpt>
      <trkpt lat="46.5116402" lon="9.5972469">
        <ele>1917.9</ele>
        <time>2026-09-12T13:03:26Z</time>
        <hdop>13.8</hdop>
        <extensions>
          <osmand:speed>0.9</osmand:speed>
        </extensions>
      </trkpt>
      <trkpt lat="46.5116318" lon="9.5973099">
        <ele>1917.9</ele>
        <time>2026-09-12T13:03:32Z</time>
        <hdop>8.7</hdop>
        <extensions>
          <osmand:speed>1.1</osmand:speed>
        </extensions>
      </trkpt>
      <trkpt lat="46.5116054" lon="9.5973371">
        <ele>1918.9</ele>
        <time>2026-09-12T13:03:38Z</time>
        <hdop>6.1</hdop>
      </trkpt>
      <trkpt lat="46.5115863" lon="9.5973416">
        <ele>1916.9</ele>
        <time>2026-09-12T13:03:50Z</time>
        <hdop>11.7</hdop>
        <extensions>
          <osmand:speed>1.2</osmand:speed>
        </extensions>
      </trkpt>
      <trkpt lat="46.5115654" lon="9.5974205">
        <ele>1914.9</ele>
        <time>2026-09-12T13:03:56Z</time>
        <hdop>13.8</hdop>
        <extensions>
          <osmand:speed>0.9</osmand:speed>
        </extensions>
      </trkpt>
      <trkpt lat="46.5115652" lon="9.5975223">
        <ele>1913.9</ele>
        <time>2026-09-12T13:04:05Z</time>
        <hdop>12.8</hdop>
        <extensions>
          <osmand:speed>0.4</osmand:speed>
        </extensions>
      </trkpt>
      <trkpt lat="46.5121607" lon="9.599031">
        <ele>1923.9</ele>
        <time>2026-09-12T13:06:48Z</time>
        <hdop>14.8</hdop>
        <extensions>
          <osmand:speed>0.8</osmand:speed>
        </extensions>
      </trkpt>
      <trkpt lat="46.5123095" lon="9.5992581">
        <ele>1927.9</ele>
        <time>2026-09-12T13:07:13Z</time>
        <hdop>14.8</hdop>
        <extensions>
          <osmand:speed>0.4</osmand:speed>
        </extensions>
      </trkpt>
      <trkpt lat="46.5123397" lon="9.5993647">
        <ele>1928.9</ele>
        <time>2026-09-12T13:07:25Z</time>
        <hdop>13.8</hdop>
        <extensions>
          <osmand:speed>1.2</osmand:speed>
        </extensions>
      </trkpt>
      <trkpt lat="46.5123742" lon="9.5994282">
        <ele>1928.9</ele>
        <time>2026-09-12T13:07:31Z</time>
        <hdop>14.3</hdop>
        <extensions>
          <osmand:speed>0.3</osmand:speed>
        </extensions>
      </trkpt>
      <trkpt lat="46.5124488" lon="9.5995648">
        <ele>1928.9</ele>
        <time>2026-09-12T13:07:44Z</time>
        <hdop>14.8</hdop>
        <extensions>
          <osmand:speed>0.5</osmand:speed>
        </extensions>
      </trkpt>
      <trkpt lat="46.5125128" lon="9.5996324">
        <ele>1928.9</ele>
        <time>2026-09-12T13:07:52Z</time>
        <hdop>12.8</hdop>
        <extensions>
          <osmand:speed>0.2</osmand:speed>
        </extensions>
      </trkpt>
      <trkpt lat="46.5125268" lon="9.5996598">
        <ele>1927.9</ele>
        <time>2026-09-12T13:07:59Z</time>
        <hdop>12.2</hdop>
        <extensions>
          <osmand:speed>0.7</osmand:speed>
        </extensions>
      </trkpt>
      <trkpt lat="46.5125343" lon="9.5997389">
        <ele>1927.9</ele>
        <time>2026-09-12T13:08:05Z</time>
        <hdop>13.3</hdop>
        <extensions>
          <osmand:speed>0.8</osmand:speed>
        </extensions>
      </trkpt>
      <trkpt lat="46.5125479" lon="9.5997625">
        <ele>1928.9</ele>
        <time>2026-09-12T13:08:11Z</time>
        <hdop>13.3</hdop>
        <extensions>
          <osmand:speed>0.7</osmand:speed>
        </extensions>
      </trkpt>
      <trkpt lat="46.5125762" lon="9.5997736">
        <ele>1926.9</ele>
        <time>2026-09-12T13:08:17Z</time>
        <hdop>12.2</hdop>
        <extensions>
          <osmand:speed>0.2</osmand:speed>
        </extensions>
      </trkpt>
      <trkpt lat="46.5126076" lon="9.5997907">
        <ele>1925.9</ele>
        <time>2026-09-12T13:08:23Z</time>
        <hdop>10.2</hdop>
        <extensions>
          <osmand:speed>0.6</osmand:speed>
        </extensions>
      </trkpt>
      <trkpt lat="46.5126331" lon="9.599841">
        <ele>1924.9</ele>
        <time>2026-09-12T13:08:29Z</time>
        <hdop>11.2</hdop>
        <extensions>
          <osmand:speed>0.9</osmand:speed>
        </extensions>
      </trkpt>
      <trkpt lat="46.5126611" lon="9.5998925">
        <ele>1922.9</ele>
        <time>2026-09-12T13:08:35Z</time>
        <hdop>10.2</hdop>
        <extensions>
          <osmand:speed>0.8</osmand:speed>
        </extensions>
      </trkpt>
      <trkpt lat="46.5127086" lon="9.5999432">
        <ele>1922.9</ele>
        <time>2026-09-12T13:08:41Z</time>
        <hdop>9.2</hdop>
        <extensions>
          <osmand:speed>0.8</osmand:speed>
        </extensions>
      </trkpt>
      <trkpt lat="46.5127427" lon="9.5999636">
        <ele>1921.9</ele>
        <time>2026-09-12T13:08:47Z</time>
        <hdop>7.1</hdop>
        <extensions>
          <osmand:speed>0.4</osmand:speed>
        </extensions>
      </trkpt>
      <trkpt lat="46.5127602" lon="9.6000463">
        <ele>1920.9</ele>
        <time>2026-09-12T13:08:53Z</time>
        <hdop>11.2</hdop>
        <extensions>
          <osmand:speed>0.8</osmand:speed>
        </extensions>
      </trkpt>
      <trkpt lat="46.512785" lon="9.6001395">
        <ele>1918.9</ele>
        <time>2026-09-12T13:08:59Z</time>
        <hdop>14.8</hdop>
        <extensions>
          <osmand:speed>0.9</osmand:speed>
        </extensions>
      </trkpt>
      <trkpt lat="46.5128091" lon="9.6002421">
        <ele>1916.9</ele>
        <time>2026-09-12T13:09:07Z</time>
        <hdop>12.2</hdop>
        <extensions>
          <osmand:speed>0.7</osmand:speed>
        </extensions>
      </trkpt>
      <trkpt lat="46.5128133" lon="9.6002972">
        <ele>1916.9</ele>
        <time>2026-09-12T13:09:14Z</time>
        <hdop>14.3</hdop>
        <extensions>
          <osmand:speed>0.8</osmand:speed>
        </extensions>
      </trkpt>
      <trkpt lat="46.5128479" lon="9.600343">
        <ele>1914.9</ele>
        <time>2026-09-12T13:09:20Z</time>
        <hdop>12.2</hdop>
        <extensions>
          <osmand:speed>0.9</osmand:speed>
        </extensions>
      </trkpt>
      <trkpt lat="46.5128523" lon="9.6004305">
        <ele>1913.9</ele>
        <time>2026-09-12T13:09:26Z</time>
        <hdop>13.8</hdop>
        <extensions>
          <osmand:speed>0.8</osmand:speed>
        </extensions>
      </trkpt>
      <trkpt lat="46.5128626" lon="9.6004891">
        <ele>1913.9</ele>
        <time>2026-09-12T13:09:32Z</time>
        <hdop>13.3</hdop>
        <extensions>
          <osmand:speed>1</osmand:speed>
        </extensions>
      </trkpt>
      <trkpt lat="46.5129055" lon="9.6005984">
        <ele>1912.9</ele>
        <time>2026-09-12T13:09:38Z</time>
        <hdop>12.2</hdop>
        <extensions>
          <osmand:speed>1.4</osmand:speed>
        </extensions>
      </trkpt>
      <trkpt lat="46.5129116" lon="9.6006585">
        <ele>1912.9</ele>
        <time>2026-09-12T13:09:44Z</time>
        <hdop>12.8</hdop>
        <extensions>
          <osmand:speed>0.4</osmand:speed>
        </extensions>
      </trkpt>
      <trkpt lat="46.5128899" lon="9.6006987">
        <ele>1910.9</ele>
        <time>2026-09-12T13:09:50Z</time>
        <hdop>10.2</hdop>
        <extensions>
          <osmand:speed>0.6</osmand:speed>
        </extensions>
      </trkpt>
      <trkpt lat="46.5128413" lon="9.6007987">
        <ele>1909.9</ele>
        <time>2026-09-12T13:09:56Z</time>
        <hdop>12.8</hdop>
        <extensions>
          <osmand:speed>1.3</osmand:speed>
        </extensions>
      </trkpt>
      <trkpt lat="46.5128456" lon="9.6008739">
        <ele>1909.9</ele>
        <time>2026-09-12T13:10:02Z</time>
        <hdop>12.8</hdop>
        <extensions>
          <osmand:speed>0.7</osmand:speed>
        </extensions>
      </trkpt>
      <trkpt lat="46.5128361" lon="9.6009019">
        <ele>1906.9</ele>
        <time>2026-09-12T13:10:16Z</time>
        <hdop>9.2</hdop>
        <extensions>
          <osmand:speed>0.9</osmand:speed>
        </extensions>
      </trkpt>
      <trkpt lat="46.5128188" lon="9.6009623">
        <ele>1906.9</ele>
        <time>2026-09-12T13:10:22Z</time>
        <hdop>7.7</hdop>
        <extensions>
          <osmand:speed>0.8</osmand:speed>
        </extensions>
      </trkpt>
      <trkpt lat="46.5128188" lon="9.601026">
        <ele>1905.9</ele>
        <time>2026-09-12T13:10:28Z</time>
        <hdop>10.7</hdop>
        <extensions>
          <osmand:speed>1</osmand:speed>
        </extensions>
      </trkpt>
      <trkpt lat="46.5127937" lon="9.6011058">
        <ele>1904.9</ele>
        <time>2026-09-12T13:10:34Z</time>
        <hdop>12.2</hdop>
        <extensions>
          <osmand:speed>0.9</osmand:speed>
        </extensions>
      </trkpt>
      <trkpt lat="46.5127489" lon="9.6011538">
        <ele>1903.9</ele>
        <time>2026-09-12T13:10:40Z</time>
        <hdop>10.7</hdop>
        <extensions>
          <osmand:speed>0.6</osmand:speed>
        </extensions>
      </trkpt>
      <trkpt lat="46.5127317" lon="9.601237">
        <ele>1903.9</ele>
        <time>2026-09-12T13:10:46Z</time>
        <hdop>10.2</hdop>
        <extensions>
          <osmand:speed>1</osmand:speed>
        </extensions>
      </trkpt>
      <trkpt lat="46.5127015" lon="9.601311">
        <ele>1902.9</ele>
        <time>2026-09-12T13:10:52Z</time>
        <hdop>10.2</hdop>
        <extensions>
          <osmand:speed>1</osmand:speed>
        </extensions>
      </trkpt>
      <trkpt lat="46.5127102" lon="9.6013568">
        <ele>1902.9</ele>
        <time>2026-09-12T13:10:58Z</time>
        <hdop>10.7</hdop>
        <extensions>
          <osmand:speed>1.3</osmand:speed>
        </extensions>
      </trkpt>
      <trkpt lat="46.5127226" lon="9.6013826">
        <ele>1902.9</ele>
        <time>2026-09-12T13:11:04Z</time>
        <hdop>8.7</hdop>
        <extensions>
          <osmand:speed>0.4</osmand:speed>
        </extensions>
      </trkpt>
      <trkpt lat="46.5127457" lon="9.60144">
        <ele>1901.9</ele>
        <time>2026-09-12T13:11:10Z</time>
        <hdop>9.2</hdop>
        <extensions>
          <osmand:speed>1.1</osmand:speed>
        </extensions>
      </trkpt>
      <trkpt lat="46.5127622" lon="9.6015163">
        <ele>1900.9</ele>
        <time>2026-09-12T13:11:16Z</time>
        <hdop>8.7</hdop>
        <extensions>
          <osmand:speed>1</osmand:speed>
        </extensions>
      </trkpt>
      <trkpt lat="46.5127656" lon="9.6015453">
        <ele>1899.9</ele>
        <time>2026-09-12T13:11:22Z</time>
        <hdop>10.2</hdop>
        <extensions>
          <osmand:speed>0.4</osmand:speed>
        </extensions>
      </trkpt>
      <trkpt lat="46.512764" lon="9.6016103">
        <ele>1898.9</ele>
        <time>2026-09-12T13:11:28Z</time>
        <hdop>8.7</hdop>
        <extensions>
          <osmand:speed>0.7</osmand:speed>
        </extensions>
      </trkpt>
      <trkpt lat="46.5127724" lon="9.6016743">
        <ele>1897.9</ele>
        <time>2026-09-12T13:11:34Z</time>
        <hdop>11.2</hdop>
        <extensions>
          <osmand:speed>0.9</osmand:speed>
        </extensions>
      </trkpt>
      <trkpt lat="46.5127984" lon="9.6017649">
        <ele>1896.9</ele>
        <time>2026-09-12T13:11:40Z</time>
        <hdop>10.2</hdop>
        <extensions>
          <osmand:speed>1.1</osmand:speed>
        </extensions>
      </trkpt>
      <trkpt lat="46.5127944" lon="9.6018233">
        <ele>1893.9</ele>
        <time>2026-09-12T13:11:46Z</time>
        <hdop>11.2</hdop>
        <extensions>
          <osmand:speed>0.4</osmand:speed>
        </extensions>
      </trkpt>
      <trkpt lat="46.5127989" lon="9.6018516">
        <ele>1892.9</ele>
        <time>2026-09-12T13:11:56Z</time>
        <hdop>10.2</hdop>
        <extensions>
          <osmand:speed>0.7</osmand:speed>
        </extensions>
      </trkpt>
      <trkpt lat="46.5128077" lon="9.6018978">
        <ele>1890.9</ele>
        <time>2026-09-12T13:12:02Z</time>
        <hdop>8.7</hdop>
        <extensions>
          <osmand:speed>0.9</osmand:speed>
        </extensions>
      </trkpt>
      <trkpt lat="46.5128545" lon="9.6019766">
        <ele>1890.9</ele>
        <time>2026-09-12T13:12:08Z</time>
        <hdop>6.6</hdop>
        <extensions>
          <osmand:speed>1.2</osmand:speed>
        </extensions>
      </trkpt>
      <trkpt lat="46.5128777" lon="9.6020274">
        <ele>1890.9</ele>
        <time>2026-09-12T13:12:14Z</time>
        <hdop>8.7</hdop>
        <extensions>
          <osmand:speed>0.6</osmand:speed>
        </extensions>
      </trkpt>
      <trkpt lat="46.5128842" lon="9.602066">
        <ele>1889.9</ele>
        <time>2026-09-12T13:12:20Z</time>
        <hdop>9.2</hdop>
        <extensions>
          <osmand:speed>0.8</osmand:speed>
        </extensions>
      </trkpt>
      <trkpt lat="46.5129178" lon="9.6021118">
        <ele>1887.9</ele>
        <time>2026-09-12T13:12:26Z</time>
        <hdop>8.7</hdop>
        <extensions>
          <osmand:speed>1.2</osmand:speed>
        </extensions>
      </trkpt>
      <trkpt lat="46.5129465" lon="9.6021838">
        <ele>1886.9</ele>
        <time>2026-09-12T13:12:32Z</time>
        <hdop>9.7</hdop>
        <extensions>
          <osmand:speed>0.6</osmand:speed>
        </extensions>
      </trkpt>
      <trkpt lat="46.5129475" lon="9.6022104">
        <ele>1884.9</ele>
        <time>2026-09-12T13:12:38Z</time>
        <hdop>8.7</hdop>
        <extensions>
          <osmand:speed>0.3</osmand:speed>
        </extensions>
      </trkpt>
      <trkpt lat="46.5129682" lon="9.6022077">
        <ele>1883.9</ele>
        <time>2026-09-12T13:12:44Z</time>
        <hdop>9.2</hdop>
        <extensions>
          <osmand:speed>0.6</osmand:speed>
        </extensions>
      </trkpt>
      <trkpt lat="46.513008" lon="9.6022355">
        <ele>1883.9</ele>
        <time>2026-09-12T13:12:50Z</time>
        <hdop>10.7</hdop>
        <extensions>
          <osmand:speed>0.4</osmand:speed>
        </extensions>
      </trkpt>
      <trkpt lat="46.5130598" lon="9.6022333">
        <ele>1882.9</ele>
        <time>2026-09-12T13:12:56Z</time>
        <hdop>9.7</hdop>
        <extensions>
          <osmand:speed>1.2</osmand:speed>
        </extensions>
      </trkpt>
      <trkpt lat="46.5130922" lon="9.6022298">
        <ele>1879.9</ele>
        <time>2026-09-12T13:13:02Z</time>
        <hdop>9.7</hdop>
        <extensions>
          <osmand:speed>1.1</osmand:speed>
        </extensions>
      </trkpt>
      <trkpt lat="46.5131229" lon="9.6022156">
        <ele>1879.9</ele>
        <time>2026-09-12T13:13:08Z</time>
        <hdop>9.2</hdop>
        <extensions>
          <osmand:speed>0.6</osmand:speed>
        </extensions>
      </trkpt>
      <trkpt lat="46.5131404" lon="9.6021926">
        <ele>1878.9</ele>
        <time>2026-09-12T13:13:14Z</time>
        <hdop>8.2</hdop>
        <extensions>
          <osmand:speed>0.4</osmand:speed>
        </extensions>
      </trkpt>
      <trkpt lat="46.5131916" lon="9.6022164">
        <ele>1877.9</ele>
        <time>2026-09-12T13:13:20Z</time>
        <hdop>8.7</hdop>
        <extensions>
          <osmand:speed>0.8</osmand:speed>
        </extensions>
      </trkpt>
      <trkpt lat="46.5132275" lon="9.6022088">
        <ele>1875.9</ele>
        <time>2026-09-12T13:13:26Z</time>
        <hdop>9.7</hdop>
        <extensions>
          <osmand:speed>0.7</osmand:speed>
        </extensions>
      </trkpt>
      <trkpt lat="46.5132633" lon="9.6021751">
        <ele>1874.9</ele>
        <time>2026-09-12T13:13:32Z</time>
        <hdop>8.7</hdop>
        <extensions>
          <osmand:speed>0.4</osmand:speed>
        </extensions>
      </trkpt>
      <trkpt lat="46.5132913" lon="9.6021434">
        <ele>1872.9</ele>
        <time>2026-09-12T13:13:38Z</time>
        <hdop>9.2</hdop>
        <extensions>
          <osmand:speed>0.1</osmand:speed>
        </extensions>
      </trkpt>
      <trkpt lat="46.5132888" lon="9.6021064">
        <ele>1869.9</ele>
        <time>2026-09-12T13:14:14Z</time>
        <hdop>10.2</hdop>
        <extensions>
          <osmand:speed>0.8</osmand:speed>
        </extensions>
      </trkpt>
      <trkpt lat="46.5133215" lon="9.6020781">
        <ele>1867.9</ele>
        <time>2026-09-12T13:14:20Z</time>
        <hdop>9.2</hdop>
        <extensions>
          <osmand:speed>0.4</osmand:speed>
        </extensions>
      </trkpt>
      <trkpt lat="46.5133478" lon="9.6020869">
        <ele>1866.9</ele>
        <time>2026-09-12T13:14:26Z</time>
        <hdop>9.2</hdop>
        <extensions>
          <osmand:speed>0.6</osmand:speed>
        </extensions>
      </trkpt>
      <trkpt lat="46.5133758" lon="9.6020939">
        <ele>1865.9</ele>
        <time>2026-09-12T13:14:32Z</time>
        <hdop>9.2</hdop>
        <extensions>
          <osmand:speed>0.8</osmand:speed>
        </extensions>
      </trkpt>
      <trkpt lat="46.5133875" lon="9.6021234">
        <ele>1862.9</ele>
        <time>2026-09-12T13:14:43Z</time>
        <hdop>9.2</hdop>
        <extensions>
          <osmand:speed>0.9</osmand:speed>
        </extensions>
      </trkpt>
      <trkpt lat="46.5134364" lon="9.6021536">
        <ele>1861.9</ele>
        <time>2026-09-12T13:14:49Z</time>
        <hdop>9.2</hdop>
        <extensions>
          <osmand:speed>0.5</osmand:speed>
        </extensions>
      </trkpt>
      <trkpt lat="46.5134722" lon="9.6021775">
        <ele>1859.9</ele>
        <time>2026-09-12T13:14:55Z</time>
        <hdop>10.2</hdop>
        <extensions>
          <osmand:speed>0.5</osmand:speed>
        </extensions>
      </trkpt>
      <trkpt lat="46.513516" lon="9.602191">
        <ele>1858.9</ele>
        <time>2026-09-12T13:15:01Z</time>
        <hdop>10.2</hdop>
        <extensions>
          <osmand:speed>0.7</osmand:speed>
        </extensions>
      </trkpt>
      <trkpt lat="46.5135384" lon="9.6022148">
        <ele>1856.9</ele>
        <time>2026-09-12T13:15:07Z</time>
        <hdop>9.7</hdop>
        <extensions>
          <osmand:speed>0.3</osmand:speed>
        </extensions>
      </trkpt>
      <trkpt lat="46.5135708" lon="9.6022174">
        <ele>1854.9</ele>
        <time>2026-09-12T13:15:13Z</time>
        <hdop>8.7</hdop>
        <extensions>
          <osmand:speed>1</osmand:speed>
        </extensions>
      </trkpt>
      <trkpt lat="46.5135985" lon="9.6022443">
        <ele>1852.9</ele>
        <time>2026-09-12T13:15:19Z</time>
        <hdop>11.2</hdop>
        <extensions>
          <osmand:speed>1.1</osmand:speed>
        </extensions>
      </trkpt>
      <trkpt lat="46.51362" lon="9.6022665">
        <ele>1852.9</ele>
        <time>2026-09-12T13:15:25Z</time>
        <hdop>9.2</hdop>
        <extensions>
          <osmand:speed>0.4</osmand:speed>
        </extensions>
      </trkpt>
      <trkpt lat="46.5136389" lon="9.6022642">
        <ele>1851.9</ele>
        <time>2026-09-12T13:15:32Z</time>
        <hdop>10.2</hdop>
        <extensions>
          <osmand:speed>0.2</osmand:speed>
        </extensions>
      </trkpt>
      <trkpt lat="46.5136594" lon="9.6022661">
        <ele>1850.9</ele>
        <time>2026-09-12T13:15:39Z</time>
        <hdop>11.2</hdop>
        <extensions>
          <osmand:speed>0.2</osmand:speed>
        </extensions>
      </trkpt>
      <trkpt lat="46.5136636" lon="9.602299">
        <ele>1850.9</ele>
        <time>2026-09-12T13:16:05Z</time>
        <hdop>8.7</hdop>
        <extensions>
          <osmand:speed>0.5</osmand:speed>
        </extensions>
      </trkpt>
      <trkpt lat="46.5137006" lon="9.6023266">
        <ele>1850.9</ele>
        <time>2026-09-12T13:16:11Z</time>
        <hdop>7.1</hdop>
        <extensions>
          <osmand:speed>0.8</osmand:speed>
        </extensions>
      </trkpt>
      <trkpt lat="46.513742" lon="9.6023436">
        <ele>1850.9</ele>
        <time>2026-09-12T13:16:17Z</time>
        <hdop>6.6</hdop>
        <extensions>
          <osmand:speed>0.8</osmand:speed>
        </extensions>
      </trkpt>
      <trkpt lat="46.5137875" lon="9.6023702">
        <ele>1848.9</ele>
        <time>2026-09-12T13:16:23Z</time>
        <hdop>11.7</hdop>
        <extensions>
          <osmand:speed>0.6</osmand:speed>
        </extensions>
      </trkpt>
      <trkpt lat="46.5138195" lon="9.6023677">
        <ele>1847.9</ele>
        <time>2026-09-12T13:16:29Z</time>
        <hdop>8.7</hdop>
        <extensions>
          <osmand:speed>0.9</osmand:speed>
        </extensions>
      </trkpt>
      <trkpt lat="46.5138487" lon="9.6023537">
        <ele>1847.9</ele>
        <time>2026-09-12T13:16:35Z</time>
        <hdop>9.2</hdop>
        <extensions>
          <osmand:speed>0.6</osmand:speed>
        </extensions>
      </trkpt>
      <trkpt lat="46.5138855" lon="9.6023933">
        <ele>1846.9</ele>
        <time>2026-09-12T13:16:41Z</time>
        <hdop>11.2</hdop>
        <extensions>
          <osmand:speed>0.8</osmand:speed>
        </extensions>
      </trkpt>
      <trkpt lat="46.5138833" lon="9.6024641">
        <ele>1844.9</ele>
        <time>2026-09-12T13:16:47Z</time>
        <hdop>10.2</hdop>
        <extensions>
          <osmand:speed>0.6</osmand:speed>
        </extensions>
      </trkpt>
      <trkpt lat="46.513894" lon="9.6025338">
        <ele>1842.9</ele>
        <time>2026-09-12T13:16:53Z</time>
        <hdop>11.2</hdop>
        <extensions>
          <osmand:speed>0.8</osmand:speed>
        </extensions>
      </trkpt>
      <trkpt lat="46.513913" lon="9.6025601">
        <ele>1840.9</ele>
        <time>2026-09-12T13:16:59Z</time>
        <hdop>13.3</hdop>
        <extensions>
          <osmand:speed>0.8</osmand:speed>
        </extensions>
      </trkpt>
      <trkpt lat="46.5139324" lon="9.6025459">
        <ele>1838.9</ele>
        <time>2026-09-12T13:17:12Z</time>
        <hdop>12.8</hdop>
        <extensions>
          <osmand:speed>1.1</osmand:speed>
        </extensions>
      </trkpt>
      <trkpt lat="46.5139804" lon="9.6025838">
        <ele>1837.9</ele>
        <time>2026-09-12T13:17:18Z</time>
        <hdop>9.7</hdop>
        <extensions>
          <osmand:speed>0.1</osmand:speed>
        </extensions>
      </trkpt>
      <trkpt lat="46.5140093" lon="9.6026094">
        <ele>1834.9</ele>
        <time>2026-09-12T13:17:24Z</time>
        <hdop>10.2</hdop>
        <extensions>
          <osmand:speed>0.6</osmand:speed>
        </extensions>
      </trkpt>
      <trkpt lat="46.5140575" lon="9.6026251">
        <ele>1834.9</ele>
        <time>2026-09-12T13:17:30Z</time>
        <hdop>11.2</hdop>
        <extensions>
          <osmand:speed>0.9</osmand:speed>
        </extensions>
      </trkpt>
      <trkpt lat="46.514101" lon="9.6026606">
        <ele>1833.9</ele>
        <time>2026-09-12T13:17:36Z</time>
        <hdop>10.7</hdop>
        <extensions>
          <osmand:speed>0.8</osmand:speed>
        </extensions>
      </trkpt>
      <trkpt lat="46.5141238" lon="9.6026366">
        <ele>1833.9</ele>
        <time>2026-09-12T13:17:42Z</time>
        <hdop>10.7</hdop>
        <extensions>
          <osmand:speed>0.2</osmand:speed>
        </extensions>
      </trkpt>
      <trkpt lat="46.5141501" lon="9.6026452">
        <ele>1832.9</ele>
        <time>2026-09-12T13:17:48Z</time>
        <hdop>11.2</hdop>
        <extensions>
          <osmand:speed>0.7</osmand:speed>
        </extensions>
      </trkpt>
      <trkpt lat="46.5141955" lon="9.6026912">
        <ele>1830.9</ele>
        <time>2026-09-12T13:17:54Z</time>
        <hdop>9.7</hdop>
        <extensions>
          <osmand:speed>0.4</osmand:speed>
        </extensions>
      </trkpt>
      <trkpt lat="46.51423" lon="9.6027338">
        <ele>1829.9</ele>
        <time>2026-09-12T13:18:00Z</time>
        <hdop>9.2</hdop>
        <extensions>
          <osmand:speed>0.8</osmand:speed>
        </extensions>
      </trkpt>
      <trkpt lat="46.5142337" lon="9.6027689">
        <ele>1823.9</ele>
        <time>2026-09-12T13:18:10Z</time>
        <hdop>8.2</hdop>
        <extensions>
          <osmand:speed>0.9</osmand:speed>
        </extensions>
      </trkpt>
      <trkpt lat="46.5142333" lon="9.602826">
        <ele>1822.9</ele>
        <time>2026-09-12T13:18:16Z</time>
        <hdop>11.7</hdop>
        <extensions>
          <osmand:speed>0.7</osmand:speed>
        </extensions>
      </trkpt>
      <trkpt lat="46.5142401" lon="9.602877">
        <ele>1820.9</ele>
        <time>2026-09-12T13:18:22Z</time>
        <hdop>11.7</hdop>
        <extensions>
          <osmand:speed>0.6</osmand:speed>
        </extensions>
      </trkpt>
      <trkpt lat="46.5142319" lon="9.6029036">
        <ele>1819.9</ele>
        <time>2026-09-12T13:18:28Z</time>
        <hdop>10.7</hdop>
        <extensions>
          <osmand:speed>0.2</osmand:speed>
        </extensions>
      </trkpt>
      <trkpt lat="46.5142495" lon="9.6029139">
        <ele>1817.9</ele>
        <time>2026-09-12T13:18:37Z</time>
        <hdop>9.2</hdop>
        <extensions>
          <osmand:speed>0.1</osmand:speed>
        </extensions>
      </trkpt>
      <trkpt lat="46.5142542" lon="9.6029657">
        <ele>1816.9</ele>
        <time>2026-09-12T13:18:43Z</time>
        <hdop>10.2</hdop>
        <extensions>
          <osmand:speed>0.6</osmand:speed>
        </extensions>
      </trkpt>
      <trkpt lat="46.5142525" lon="9.6030501">
        <ele>1815.9</ele>
        <time>2026-09-12T13:18:49Z</time>
        <hdop>9.7</hdop>
        <extensions>
          <osmand:speed>1.1</osmand:speed>
        </extensions>
      </trkpt>
      <trkpt lat="46.5142459" lon="9.6031048">
        <ele>1813.9</ele>
        <time>2026-09-12T13:18:55Z</time>
        <hdop>9.7</hdop>
        <extensions>
          <osmand:speed>0.7</osmand:speed>
        </extensions>
      </trkpt>
      <trkpt lat="46.5142657" lon="9.60316">
        <ele>1813.9</ele>
        <time>2026-09-12T13:19:01Z</time>
        <hdop>10.7</hdop>
        <extensions>
          <osmand:speed>0.7</osmand:speed>
        </extensions>
      </trkpt>
      <trkpt lat="46.5142809" lon="9.6031991">
        <ele>1811.9</ele>
        <time>2026-09-12T13:19:07Z</time>
        <hdop>10.2</hdop>
        <extensions>
          <osmand:speed>0.7</osmand:speed>
        </extensions>
      </trkpt>
      <trkpt lat="46.5143039" lon="9.6032846">
        <ele>1809.9</ele>
        <time>2026-09-12T13:19:13Z</time>
        <hdop>9.7</hdop>
        <extensions>
          <osmand:speed>0.9</osmand:speed>
        </extensions>
      </trkpt>
      <trkpt lat="46.5143121" lon="9.6033707">
        <ele>1808.9</ele>
        <time>2026-09-12T13:19:19Z</time>
        <hdop>11.7</hdop>
        <extensions>
          <osmand:speed>0.7</osmand:speed>
        </extensions>
      </trkpt>
      <trkpt lat="46.5142657" lon="9.6034191">
        <ele>1806.9</ele>
        <time>2026-09-12T13:19:25Z</time>
        <hdop>11.2</hdop>
        <extensions>
          <osmand:speed>0.4</osmand:speed>
        </extensions>
      </trkpt>
      <trkpt lat="46.5142903" lon="9.6034031">
        <ele>1805.9</ele>
        <time>2026-09-12T13:19:40Z</time>
        <hdop>9.2</hdop>
        <extensions>
          <osmand:speed>0.5</osmand:speed>
        </extensions>
      </trkpt>
      <trkpt lat="46.5142965" lon="9.6033697">
        <ele>1803.9</ele>
        <time>2026-09-12T13:19:48Z</time>
        <hdop>11.7</hdop>
        <extensions>
          <osmand:speed>1</osmand:speed>
        </extensions>
      </trkpt>
      <trkpt lat="46.5143617" lon="9.6033778">
        <ele>1802.9</ele>
        <time>2026-09-12T13:19:54Z</time>
        <hdop>8.7</hdop>
        <extensions>
          <osmand:speed>0.6</osmand:speed>
        </extensions>
      </trkpt>
      <trkpt lat="46.5143983" lon="9.6033445">
        <ele>1801.9</ele>
        <time>2026-09-12T13:20:00Z</time>
        <hdop>8.2</hdop>
        <extensions>
          <osmand:speed>0.8</osmand:speed>
        </extensions>
      </trkpt>
      <trkpt lat="46.5144488" lon="9.6033443">
        <ele>1800.9</ele>
        <time>2026-09-12T13:20:06Z</time>
        <hdop>9.2</hdop>
        <extensions>
          <osmand:speed>0.8</osmand:speed>
        </extensions>
      </trkpt>
      <trkpt lat="46.5145125" lon="9.6033319">
        <ele>1798.9</ele>
        <time>2026-09-12T13:20:12Z</time>
        <hdop>8.7</hdop>
        <extensions>
          <osmand:speed>1</osmand:speed>
        </extensions>
      </trkpt>
      <trkpt lat="46.5145604" lon="9.6033387">
        <ele>1796.9</ele>
        <time>2026-09-12T13:20:18Z</time>
        <hdop>7.1</hdop>
        <extensions>
          <osmand:speed>1.3</osmand:speed>
        </extensions>
      </trkpt>
      <trkpt lat="46.5146284" lon="9.6033657">
        <ele>1794.9</ele>
        <time>2026-09-12T13:20:24Z</time>
        <hdop>8.7</hdop>
        <extensions>
          <osmand:speed>0.9</osmand:speed>
        </extensions>
      </trkpt>
      <trkpt lat="46.5146685" lon="9.6034036">
        <ele>1791.9</ele>
        <time>2026-09-12T13:20:30Z</time>
        <hdop>10.2</hdop>
        <extensions>
          <osmand:speed>0.6</osmand:speed>
        </extensions>
      </trkpt>
      <trkpt lat="46.5146879" lon="9.6034159">
        <ele>1790.9</ele>
        <time>2026-09-12T13:20:41Z</time>
        <hdop>7.7</hdop>
        <extensions>
          <osmand:speed>1.2</osmand:speed>
        </extensions>
      </trkpt>
      <trkpt lat="46.5147372" lon="9.6034874">
        <ele>1788.9</ele>
        <time>2026-09-12T13:20:47Z</time>
        <hdop>10.2</hdop>
        <extensions>
          <osmand:speed>0.7</osmand:speed>
        </extensions>
      </trkpt>
      <trkpt lat="46.514776" lon="9.6035825">
        <ele>1787.9</ele>
        <time>2026-09-12T13:20:53Z</time>
        <hdop>10.2</hdop>
        <extensions>
          <osmand:speed>1.2</osmand:speed>
        </extensions>
      </trkpt>
      <trkpt lat="46.514806" lon="9.6036331">
        <ele>1783.9</ele>
        <time>2026-09-12T13:20:59Z</time>
        <hdop>9.7</hdop>
        <extensions>
          <osmand:speed>0.7</osmand:speed>
        </extensions>
      </trkpt>
      <trkpt lat="46.5148468" lon="9.6036759">
        <ele>1783.9</ele>
        <time>2026-09-12T13:21:05Z</time>
        <hdop>9.2</hdop>
        <extensions>
          <osmand:speed>0.9</osmand:speed>
        </extensions>
      </trkpt>
      <trkpt lat="46.5149078" lon="9.6036874">
        <ele>1782.9</ele>
        <time>2026-09-12T13:21:11Z</time>
        <hdop>9.2</hdop>
        <extensions>
          <osmand:speed>0.8</osmand:speed>
        </extensions>
      </trkpt>
      <trkpt lat="46.5149563" lon="9.6037325">
        <ele>1781.9</ele>
        <time>2026-09-12T13:21:17Z</time>
        <hdop>9.2</hdop>
        <extensions>
          <osmand:speed>0.8</osmand:speed>
        </extensions>
      </trkpt>
      <trkpt lat="46.5150083" lon="9.6037876">
        <ele>1782.9</ele>
        <time>2026-09-12T13:21:23Z</time>
        <hdop>8.7</hdop>
        <extensions>
          <osmand:speed>1.1</osmand:speed>
        </extensions>
      </trkpt>
      <trkpt lat="46.5150523" lon="9.6038074">
        <ele>1782.9</ele>
        <time>2026-09-12T13:21:29Z</time>
        <hdop>7.1</hdop>
        <extensions>
          <osmand:speed>0.3</osmand:speed>
        </extensions>
      </trkpt>
      <trkpt lat="46.5150526" lon="9.6038433">
        <ele>1781.9</ele>
        <time>2026-09-12T13:21:39Z</time>
        <hdop>6.1</hdop>
        <extensions>
          <osmand:speed>1.5</osmand:speed>
        </extensions>
      </trkpt>
      <trkpt lat="46.5151308" lon="9.6038964">
        <ele>1781.9</ele>
        <time>2026-09-12T13:21:45Z</time>
        <hdop>8.2</hdop>
        <extensions>
          <osmand:speed>1.8</osmand:speed>
        </extensions>
      </trkpt>
      <trkpt lat="46.5151761" lon="9.6039709">
        <ele>1778.9</ele>
        <time>2026-09-12T13:21:51Z</time>
        <hdop>13.3</hdop>
        <extensions>
          <osmand:speed>1.5</osmand:speed>
        </extensions>
      </trkpt>
      <trkpt lat="46.5152258" lon="9.6040336">
        <ele>1776.9</ele>
        <time>2026-09-12T13:21:57Z</time>
        <hdop>11.7</hdop>
        <extensions>
          <osmand:speed>0.9</osmand:speed>
        </extensions>
      </trkpt>
      <trkpt lat="46.5152623" lon="9.6040984">
        <ele>1775.9</ele>
        <time>2026-09-12T13:22:03Z</time>
        <hdop>10.7</hdop>
        <extensions>
          <osmand:speed>2.5</osmand:speed>
        </extensions>
      </trkpt>
      <trkpt lat="46.5153211" lon="9.6041249">
        <ele>1773.9</ele>
        <time>2026-09-12T13:22:09Z</time>
        <hdop>10.2</hdop>
        <extensions>
          <osmand:speed>1.1</osmand:speed>
        </extensions>
      </trkpt>
      <trkpt lat="46.5153952" lon="9.6041807">
        <ele>1772.9</ele>
        <time>2026-09-12T13:22:15Z</time>
        <hdop>9.7</hdop>
        <extensions>
          <osmand:speed>1.4</osmand:speed>
        </extensions>
      </trkpt>
      <trkpt lat="46.5154691" lon="9.6042621">
        <ele>1771.9</ele>
        <time>2026-09-12T13:22:21Z</time>
        <hdop>9.7</hdop>
        <extensions>
          <osmand:speed>1.2</osmand:speed>
        </extensions>
      </trkpt>
      <trkpt lat="46.5154952" lon="9.6043332">
        <ele>1771.9</ele>
        <time>2026-09-12T13:22:27Z</time>
        <hdop>10.2</hdop>
        <extensions>
          <osmand:speed>1.2</osmand:speed>
        </extensions>
      </trkpt>
      <trkpt lat="46.5155146" lon="9.6044291">
        <ele>1769.9</ele>
        <time>2026-09-12T13:22:33Z</time>
        <hdop>10.7</hdop>
        <extensions>
          <osmand:speed>1.1</osmand:speed>
        </extensions>
      </trkpt>
      <trkpt lat="46.5155612" lon="9.6044878">
        <ele>1767.9</ele>
        <time>2026-09-12T13:22:39Z</time>
        <hdop>10.2</hdop>
        <extensions>
          <osmand:speed>1.3</osmand:speed>
        </extensions>
      </trkpt>
      <trkpt lat="46.51561" lon="9.6045443">
        <ele>1766.9</ele>
        <time>2026-09-12T13:22:45Z</time>
        <hdop>10.2</hdop>
        <extensions>
          <osmand:speed>0.9</osmand:speed>
        </extensions>
      </trkpt>
      <trkpt lat="46.5156767" lon="9.6045245">
        <ele>1765.9</ele>
        <time>2026-09-12T13:22:51Z</time>
        <hdop>10.7</hdop>
        <extensions>
          <osmand:speed>2.1</osmand:speed>
        </extensions>
      </trkpt>
      <trkpt lat="46.5157096" lon="9.6045996">
        <ele>1764.9</ele>
        <time>2026-09-12T13:22:57Z</time>
        <hdop>13.3</hdop>
        <extensions>
          <osmand:speed>1.4</osmand:speed>
        </extensions>
      </trkpt>
      <trkpt lat="46.5158111" lon="9.6045657">
        <ele>1763.9</ele>
        <time>2026-09-12T13:23:03Z</time>
        <hdop>11.2</hdop>
        <extensions>
          <osmand:speed>1.4</osmand:speed>
        </extensions>
      </trkpt>
      <trkpt lat="46.5158736" lon="9.6046448">
        <ele>1762.9</ele>
        <time>2026-09-12T13:23:09Z</time>
        <hdop>12.8</hdop>
        <extensions>
          <osmand:speed>1.8</osmand:speed>
        </extensions>
      </trkpt>
      <trkpt lat="46.5159207" lon="9.6046947">
        <ele>1761.9</ele>
        <time>2026-09-12T13:23:15Z</time>
        <hdop>14.8</hdop>
        <extensions>
          <osmand:speed>1.5</osmand:speed>
        </extensions>
      </trkpt>
      <trkpt lat="46.5159571" lon="9.6047109">
        <ele>1760.9</ele>
        <time>2026-09-12T13:23:21Z</time>
        <hdop>13.8</hdop>
        <extensions>
          <osmand:speed>0.9</osmand:speed>
        </extensions>
      </trkpt>
      <trkpt lat="46.5160146" lon="9.6047901">
        <ele>1759.9</ele>
        <time>2026-09-12T13:23:29Z</time>
        <hdop>13.3</hdop>
        <extensions>
          <osmand:speed>1.2</osmand:speed>
        </extensions>
      </trkpt>
      <trkpt lat="46.5160844" lon="9.60484">
        <ele>1758.9</ele>
        <time>2026-09-12T13:23:35Z</time>
        <hdop>10.2</hdop>
        <extensions>
          <osmand:speed>1</osmand:speed>
        </extensions>
      </trkpt>
      <trkpt lat="46.5161229" lon="9.6049228">
        <ele>1757.9</ele>
        <time>2026-09-12T13:23:41Z</time>
        <hdop>12.2</hdop>
        <extensions>
          <osmand:speed>1.3</osmand:speed>
        </extensions>
      </trkpt>
      <trkpt lat="46.5161749" lon="9.6050311">
        <ele>1755.9</ele>
        <time>2026-09-12T13:23:47Z</time>
        <hdop>13.8</hdop>
        <extensions>
          <osmand:speed>1.4</osmand:speed>
        </extensions>
      </trkpt>
      <trkpt lat="46.5162238" lon="9.6050794">
        <ele>1753.9</ele>
        <time>2026-09-12T13:23:53Z</time>
        <hdop>11.2</hdop>
        <extensions>
          <osmand:speed>0.5</osmand:speed>
        </extensions>
      </trkpt>
      <trkpt lat="46.5162578" lon="9.6051846">
        <ele>1752.9</ele>
        <time>2026-09-12T13:23:59Z</time>
        <hdop>11.2</hdop>
        <extensions>
          <osmand:speed>1.3</osmand:speed>
        </extensions>
      </trkpt>
      <trkpt lat="46.5162982" lon="9.6052802">
        <ele>1753.9</ele>
        <time>2026-09-12T13:24:05Z</time>
        <hdop>10.7</hdop>
        <extensions>
          <osmand:speed>1.5</osmand:speed>
        </extensions>
      </trkpt>
      <trkpt lat="46.5163437" lon="9.6053675">
        <ele>1752.9</ele>
        <time>2026-09-12T13:24:11Z</time>
        <hdop>10.2</hdop>
        <extensions>
          <osmand:speed>1.2</osmand:speed>
        </extensions>
      </trkpt>
      <trkpt lat="46.5164011" lon="9.6054463">
        <ele>1753.9</ele>
        <time>2026-09-12T13:24:17Z</time>
        <hdop>11.2</hdop>
        <extensions>
          <osmand:speed>1.7</osmand:speed>
        </extensions>
      </trkpt>
      <trkpt lat="46.5164597" lon="9.6054963">
        <ele>1753.9</ele>
        <time>2026-09-12T13:24:23Z</time>
        <hdop>10.7</hdop>
        <extensions>
          <osmand:speed>0.8</osmand:speed>
        </extensions>
      </trkpt>
      <trkpt lat="46.5165243" lon="9.6055249">
        <ele>1752.9</ele>
        <time>2026-09-12T13:24:29Z</time>
        <hdop>10.7</hdop>
        <extensions>
          <osmand:speed>1.3</osmand:speed>
        </extensions>
      </trkpt>
      <trkpt lat="46.5165847" lon="9.6055387">
        <ele>1752.9</ele>
        <time>2026-09-12T13:24:35Z</time>
        <hdop>12.2</hdop>
        <extensions>
          <osmand:speed>1.3</osmand:speed>
        </extensions>
      </trkpt>
      <trkpt lat="46.5166201" lon="9.6055235">
        <ele>1753.9</ele>
        <time>2026-09-12T13:25:14Z</time>
        <hdop>14.3</hdop>
      </trkpt>
      <trkpt lat="46.5166463" lon="9.6055138">
        <ele>1751.9</ele>
        <time>2026-09-12T13:25:28Z</time>
        <hdop>12.2</hdop>
      </trkpt>
      <trkpt lat="46.5166282" lon="9.6055116">
        <ele>1751.9</ele>
        <time>2026-09-12T13:25:38Z</time>
        <hdop>12.2</hdop>
      </trkpt>
      <trkpt lat="46.5166563" lon="9.6055517">
        <ele>1751.9</ele>
        <time>2026-09-12T13:25:55Z</time>
        <hdop>14.8</hdop>
        <extensions>
          <osmand:speed>0.4</osmand:speed>
        </extensions>
      </trkpt>
      <trkpt lat="46.5166361" lon="9.6055539">
        <ele>1751.9</ele>
        <time>2026-09-12T13:26:16Z</time>
        <hdop>13.3</hdop>
        <extensions>
          <osmand:speed>0.4</osmand:speed>
        </extensions>
      </trkpt>
      <trkpt lat="46.5166154" lon="9.6055656">
        <ele>1752.9</ele>
        <time>2026-09-12T13:26:22Z</time>
        <hdop>5.6</hdop>
      </trkpt>
      <trkpt lat="46.5166014" lon="9.6055379">
        <ele>1752.9</ele>
        <time>2026-09-12T13:26:55Z</time>
        <hdop>10.2</hdop>
        <extensions>
          <osmand:speed>0</osmand:speed>
        </extensions>
      </trkpt>
      <trkpt lat="46.5165794" lon="9.605523">
        <ele>1752.9</ele>
        <time>2026-09-12T13:27:42Z</time>
        <hdop>13.8</hdop>
        <extensions>
          <osmand:speed>2.2</osmand:speed>
        </extensions>
      </trkpt>
      <trkpt lat="46.5165865" lon="9.6054973">
        <ele>1753.9</ele>
        <time>2026-09-12T13:28:53Z</time>
        <hdop>9.7</hdop>
      </trkpt>
      <trkpt lat="46.5166061" lon="9.6054931">
        <ele>1753.9</ele>
        <time>2026-09-12T13:30:26Z</time>
        <hdop>11.7</hdop>
        <extensions>
          <osmand:speed>0</osmand:speed>
        </extensions>
      </trkpt>
      <trkpt lat="46.5166307" lon="9.6055107">
        <ele>1753.9</ele>
        <time>2026-09-12T13:30:34Z</time>
        <hdop>12.2</hdop>
        <extensions>
          <osmand:speed>1.1</osmand:speed>
        </extensions>
      </trkpt>
      <trkpt lat="46.516616" lon="9.6055379">
        <ele>1753.9</ele>
        <time>2026-09-12T13:30:40Z</time>
        <hdop>4.1</hdop>
      </trkpt>
      <trkpt lat="46.5165918" lon="9.605534">
        <ele>1754.9</ele>
        <time>2026-09-12T13:31:54Z</time>
        <hdop>9.7</hdop>
        <extensions>
          <osmand:speed>0.4</osmand:speed>
        </extensions>
      </trkpt>
      <trkpt lat="46.5166006" lon="9.60556">
        <ele>1753.9</ele>
        <time>2026-09-12T13:33:48Z</time>
        <hdop>4.6</hdop>
        <extensions>
          <osmand:speed>0.4</osmand:speed>
        </extensions>
      </trkpt>
      <trkpt lat="46.5167065" lon="9.6055863">
        <ele>1733.9</ele>
        <time>2026-09-12T13:36:55Z</time>
        <hdop>14.3</hdop>
        <extensions>
          <osmand:speed>0.6</osmand:speed>
        </extensions>
      </trkpt>
      <trkpt lat="46.5166276" lon="9.6055523">
        <ele>1737.9</ele>
        <time>2026-09-12T13:37:01Z</time>
        <hdop>6.6</hdop>
      </trkpt>
      <trkpt lat="46.5166403" lon="9.6055721">
        <ele>1739.9</ele>
        <time>2026-09-12T13:37:48Z</time>
        <hdop>7.7</hdop>
        <extensions>
          <osmand:speed>0.5</osmand:speed>
        </extensions>
      </trkpt>
      <trkpt lat="46.5166616" lon="9.6055762">
        <ele>1742.9</ele>
        <time>2026-09-12T13:38:17Z</time>
        <hdop>14.8</hdop>
      </trkpt>
      <trkpt lat="46.5166456" lon="9.6055993">
        <ele>1743.9</ele>
        <time>2026-09-12T13:38:33Z</time>
        <hdop>13.8</hdop>
      </trkpt>
      <trkpt lat="46.5166696" lon="9.6056161">
        <ele>1743.9</ele>
        <time>2026-09-12T13:38:39Z</time>
        <hdop>12.2</hdop>
      </trkpt>
      <trkpt lat="46.5166385" lon="9.605596">
        <ele>1745.9</ele>
        <time>2026-09-12T13:38:51Z</time>
        <hdop>13.3</hdop>
      </trkpt>
      <trkpt lat="46.5166578" lon="9.605533">
        <ele>1747.9</ele>
        <time>2026-09-12T13:39:07Z</time>
        <hdop>14.8</hdop>
        <extensions>
          <osmand:speed>1.4</osmand:speed>
        </extensions>
      </trkpt>
      <trkpt lat="46.5166868" lon="9.6055192">
        <ele>1748.9</ele>
        <time>2026-09-12T13:39:13Z</time>
        <hdop>13.8</hdop>
        <extensions>
          <osmand:speed>1.1</osmand:speed>
        </extensions>
      </trkpt>
      <trkpt lat="46.5167757" lon="9.605623">
        <ele>1746.9</ele>
        <time>2026-09-12T13:39:24Z</time>
        <hdop>13.8</hdop>
        <extensions>
          <osmand:speed>1.4</osmand:speed>
        </extensions>
      </trkpt>
      <trkpt lat="46.5168159" lon="9.6056945">
        <ele>1746.9</ele>
        <time>2026-09-12T13:39:31Z</time>
        <hdop>14.8</hdop>
        <extensions>
          <osmand:speed>1.2</osmand:speed>
        </extensions>
      </trkpt>
      <trkpt lat="46.5169005" lon="9.6057269">
        <ele>1745.9</ele>
        <time>2026-09-12T13:39:38Z</time>
        <hdop>12.2</hdop>
        <extensions>
          <osmand:speed>1.3</osmand:speed>
        </extensions>
      </trkpt>
      <trkpt lat="46.5169756" lon="9.6057275">
        <ele>1745.9</ele>
        <time>2026-09-12T13:39:44Z</time>
        <hdop>11.2</hdop>
        <extensions>
          <osmand:speed>1.8</osmand:speed>
        </extensions>
      </trkpt>
      <trkpt lat="46.5170241" lon="9.6057728">
        <ele>1746.9</ele>
        <time>2026-09-12T13:39:50Z</time>
        <hdop>13.3</hdop>
        <extensions>
          <osmand:speed>0.9</osmand:speed>
        </extensions>
      </trkpt>
      <trkpt lat="46.5171098" lon="9.6057641">
        <ele>1745.9</ele>
        <time>2026-09-12T13:39:56Z</time>
        <hdop>12.8</hdop>
        <extensions>
          <osmand:speed>1.3</osmand:speed>
        </extensions>
      </trkpt>
      <trkpt lat="46.5171997" lon="9.6057682">
        <ele>1746.9</ele>
        <time>2026-09-12T13:40:02Z</time>
        <hdop>11.2</hdop>
        <extensions>
          <osmand:speed>1.6</osmand:speed>
        </extensions>
      </trkpt>
      <trkpt lat="46.5172707" lon="9.605798">
        <ele>1746.9</ele>
        <time>2026-09-12T13:40:08Z</time>
        <hdop>11.2</hdop>
        <extensions>
          <osmand:speed>1</osmand:speed>
        </extensions>
      </trkpt>
      <trkpt lat="46.5173318" lon="9.6058476">
        <ele>1747.9</ele>
        <time>2026-09-12T13:40:14Z</time>
        <hdop>11.2</hdop>
        <extensions>
          <osmand:speed>0.8</osmand:speed>
        </extensions>
      </trkpt>
      <trkpt lat="46.5173929" lon="9.6058732">
        <ele>1748.9</ele>
        <time>2026-09-12T13:40:20Z</time>
        <hdop>13.8</hdop>
        <extensions>
          <osmand:speed>0.9</osmand:speed>
        </extensions>
      </trkpt>
      <trkpt lat="46.5174332" lon="9.6059238">
        <ele>1748.9</ele>
        <time>2026-09-12T13:40:26Z</time>
        <hdop>11.2</hdop>
        <extensions>
          <osmand:speed>0.8</osmand:speed>
        </extensions>
      </trkpt>
      <trkpt lat="46.5174981" lon="9.6059831">
        <ele>1748.9</ele>
        <time>2026-09-12T13:40:32Z</time>
        <hdop>10.7</hdop>
        <extensions>
          <osmand:speed>1.1</osmand:speed>
        </extensions>
      </trkpt>
      <trkpt lat="46.5175851" lon="9.6061029">
        <ele>1748.9</ele>
        <time>2026-09-12T13:40:42Z</time>
        <hdop>11.7</hdop>
        <extensions>
          <osmand:speed>1.2</osmand:speed>
        </extensions>
      </trkpt>
      <trkpt lat="46.5176537" lon="9.6061851">
        <ele>1748.9</ele>
        <time>2026-09-12T13:40:49Z</time>
        <hdop>13.8</hdop>
        <extensions>
          <osmand:speed>1.4</osmand:speed>
        </extensions>
      </trkpt>
      <trkpt lat="46.5176934" lon="9.6062072">
        <ele>1747.9</ele>
        <time>2026-09-12T13:40:55Z</time>
        <hdop>12.2</hdop>
        <extensions>
          <osmand:speed>1.1</osmand:speed>
        </extensions>
      </trkpt>
      <trkpt lat="46.5177605" lon="9.6062696">
        <ele>1748.9</ele>
        <time>2026-09-12T13:41:01Z</time>
        <hdop>7.7</hdop>
        <extensions>
          <osmand:speed>1.3</osmand:speed>
        </extensions>
      </trkpt>
      <trkpt lat="46.5178393" lon="9.6063177">
        <ele>1749.9</ele>
        <time>2026-09-12T13:41:07Z</time>
        <hdop>7.1</hdop>
        <extensions>
          <osmand:speed>0.6</osmand:speed>
        </extensions>
      </trkpt>
      <trkpt lat="46.5179092" lon="9.6063814">
        <ele>1752.9</ele>
        <time>2026-09-12T13:41:13Z</time>
        <hdop>7.1</hdop>
        <extensions>
          <osmand:speed>1.2</osmand:speed>
        </extensions>
      </trkpt>
      <trkpt lat="46.5178892" lon="9.6064542">
        <ele>1751.9</ele>
        <time>2026-09-12T13:41:19Z</time>
        <hdop>10.2</hdop>
        <extensions>
          <osmand:speed>1.7</osmand:speed>
        </extensions>
      </trkpt>
      <trkpt lat="46.5179363" lon="9.6064934">
        <ele>1749.9</ele>
        <time>2026-09-12T13:41:25Z</time>
        <hdop>13.8</hdop>
        <extensions>
          <osmand:speed>1.1</osmand:speed>
        </extensions>
      </trkpt>
      <trkpt lat="46.5180105" lon="9.6065239">
        <ele>1748.9</ele>
        <time>2026-09-12T13:41:31Z</time>
        <hdop>11.2</hdop>
        <extensions>
          <osmand:speed>1.1</osmand:speed>
        </extensions>
      </trkpt>
      <trkpt lat="46.5180599" lon="9.606531">
        <ele>1748.9</ele>
        <time>2026-09-12T13:41:37Z</time>
        <hdop>12.8</hdop>
        <extensions>
          <osmand:speed>0.6</osmand:speed>
        </extensions>
      </trkpt>
      <trkpt lat="46.5181363" lon="9.6065782">
        <ele>1749.9</ele>
        <time>2026-09-12T13:41:43Z</time>
        <hdop>13.3</hdop>
        <extensions>
          <osmand:speed>1.1</osmand:speed>
        </extensions>
      </trkpt>
      <trkpt lat="46.5181951" lon="9.6065924">
        <ele>1748.9</ele>
        <time>2026-09-12T13:41:49Z</time>
        <hdop>11.2</hdop>
        <extensions>
          <osmand:speed>0.8</osmand:speed>
        </extensions>
      </trkpt>
      <trkpt lat="46.5182519" lon="9.6066553">
        <ele>1747.9</ele>
        <time>2026-09-12T13:41:55Z</time>
        <hdop>13.3</hdop>
        <extensions>
          <osmand:speed>0.8</osmand:speed>
        </extensions>
      </trkpt>
      <trkpt lat="46.5183232" lon="9.6066825">
        <ele>1746.9</ele>
        <time>2026-09-12T13:42:01Z</time>
        <hdop>13.8</hdop>
        <extensions>
          <osmand:speed>1.1</osmand:speed>
        </extensions>
      </trkpt>
      <trkpt lat="46.5183994" lon="9.6067172">
        <ele>1747.9</ele>
        <time>2026-09-12T13:42:07Z</time>
        <hdop>11.7</hdop>
        <extensions>
          <osmand:speed>1</osmand:speed>
        </extensions>
      </trkpt>
      <trkpt lat="46.5184625" lon="9.6067706">
        <ele>1746.9</ele>
        <time>2026-09-12T13:42:13Z</time>
        <hdop>13.8</hdop>
        <extensions>
          <osmand:speed>1.1</osmand:speed>
        </extensions>
      </trkpt>
      <trkpt lat="46.5185124" lon="9.6068177">
        <ele>1746.9</ele>
        <time>2026-09-12T13:42:20Z</time>
        <hdop>13.8</hdop>
        <extensions>
          <osmand:speed>0.5</osmand:speed>
        </extensions>
      </trkpt>
      <trkpt lat="46.5185799" lon="9.6068466">
        <ele>1745.9</ele>
        <time>2026-09-12T13:42:28Z</time>
        <hdop>14.8</hdop>
        <extensions>
          <osmand:speed>0.6</osmand:speed>
        </extensions>
      </trkpt>
      <trkpt lat="46.5186929" lon="9.6068599">
        <ele>1745.9</ele>
        <time>2026-09-12T13:42:36Z</time>
        <hdop>12.8</hdop>
        <extensions>
          <osmand:speed>1.2</osmand:speed>
        </extensions>
      </trkpt>
      <trkpt lat="46.5187688" lon="9.6069307">
        <ele>1744.9</ele>
        <time>2026-09-12T13:42:42Z</time>
        <hdop>13.8</hdop>
        <extensions>
          <osmand:speed>1.2</osmand:speed>
        </extensions>
      </trkpt>
      <trkpt lat="46.5188445" lon="9.6070166">
        <ele>1741.9</ele>
        <time>2026-09-12T13:42:49Z</time>
        <hdop>14.8</hdop>
        <extensions>
          <osmand:speed>0.9</osmand:speed>
        </extensions>
      </trkpt>
      <trkpt lat="46.5189335" lon="9.6070933">
        <ele>1740.9</ele>
        <time>2026-09-12T13:42:55Z</time>
        <hdop>13.8</hdop>
        <extensions>
          <osmand:speed>1.7</osmand:speed>
        </extensions>
      </trkpt>
      <trkpt lat="46.5189865" lon="9.6071134">
        <ele>1738.9</ele>
        <time>2026-09-12T13:43:01Z</time>
        <hdop>11.7</hdop>
        <extensions>
          <osmand:speed>1.1</osmand:speed>
        </extensions>
      </trkpt>
      <trkpt lat="46.5190496" lon="9.6071777">
        <ele>1736.9</ele>
        <time>2026-09-12T13:43:07Z</time>
        <hdop>13.3</hdop>
        <extensions>
          <osmand:speed>0.9</osmand:speed>
        </extensions>
      </trkpt>
      <trkpt lat="46.5191034" lon="9.6072523">
        <ele>1736.9</ele>
        <time>2026-09-12T13:43:13Z</time>
        <hdop>13.8</hdop>
        <extensions>
          <osmand:speed>0.9</osmand:speed>
        </extensions>
      </trkpt>
      <trkpt lat="46.5191539" lon="9.6073354">
        <ele>1733.9</ele>
        <time>2026-09-12T13:43:19Z</time>
        <hdop>12.2</hdop>
        <extensions>
          <osmand:speed>1.3</osmand:speed>
        </extensions>
      </trkpt>
      <trkpt lat="46.5191957" lon="9.6073577">
        <ele>1732.9</ele>
        <time>2026-09-12T13:43:25Z</time>
        <hdop>10.2</hdop>
        <extensions>
          <osmand:speed>1.1</osmand:speed>
        </extensions>
      </trkpt>
      <trkpt lat="46.5192546" lon="9.6073503">
        <ele>1732.9</ele>
        <time>2026-09-12T13:43:31Z</time>
        <hdop>14.3</hdop>
        <extensions>
          <osmand:speed>0.5</osmand:speed>
        </extensions>
      </trkpt>
      <trkpt lat="46.5193064" lon="9.6073217">
        <ele>1731.9</ele>
        <time>2026-09-12T13:43:37Z</time>
        <hdop>13.8</hdop>
        <extensions>
          <osmand:speed>1.4</osmand:speed>
        </extensions>
      </trkpt>
      <trkpt lat="46.5193925" lon="9.6073545">
        <ele>1731.9</ele>
        <time>2026-09-12T13:43:44Z</time>
        <hdop>14.8</hdop>
        <extensions>
          <osmand:speed>1</osmand:speed>
        </extensions>
      </trkpt>
      <trkpt lat="46.5194758" lon="9.6074065">
        <ele>1731.9</ele>
        <time>2026-09-12T13:43:50Z</time>
        <hdop>14.3</hdop>
        <extensions>
          <osmand:speed>0.9</osmand:speed>
        </extensions>
      </trkpt>
      <trkpt lat="46.5195559" lon="9.6074647">
        <ele>1729.9</ele>
        <time>2026-09-12T13:43:56Z</time>
        <hdop>11.2</hdop>
        <extensions>
          <osmand:speed>1.8</osmand:speed>
        </extensions>
      </trkpt>
      <trkpt lat="46.5196089" lon="9.6075362">
        <ele>1728.9</ele>
        <time>2026-09-12T13:44:02Z</time>
        <hdop>12.8</hdop>
        <extensions>
          <osmand:speed>0.9</osmand:speed>
        </extensions>
      </trkpt>
      <trkpt lat="46.5196683" lon="9.6076098">
        <ele>1727.9</ele>
        <time>2026-09-12T13:44:08Z</time>
        <hdop>13.3</hdop>
        <extensions>
          <osmand:speed>1.1</osmand:speed>
        </extensions>
      </trkpt>
      <trkpt lat="46.5197279" lon="9.6076961">
        <ele>1725.9</ele>
        <time>2026-09-12T13:44:14Z</time>
        <hdop>11.7</hdop>
        <extensions>
          <osmand:speed>1.4</osmand:speed>
        </extensions>
      </trkpt>
      <trkpt lat="46.5197577" lon="9.6077801">
        <ele>1724.9</ele>
        <time>2026-09-12T13:44:20Z</time>
        <hdop>12.2</hdop>
        <extensions>
          <osmand:speed>1</osmand:speed>
        </extensions>
      </trkpt>
      <trkpt lat="46.5197807" lon="9.6078715">
        <ele>1722.9</ele>
        <time>2026-09-12T13:44:26Z</time>
        <hdop>13.3</hdop>
        <extensions>
          <osmand:speed>0.5</osmand:speed>
        </extensions>
      </trkpt>
      <trkpt lat="46.5198212" lon="9.607937">
        <ele>1720.9</ele>
        <time>2026-09-12T13:44:32Z</time>
        <hdop>11.7</hdop>
        <extensions>
          <osmand:speed>0.8</osmand:speed>
        </extensions>
      </trkpt>
      <trkpt lat="46.5198477" lon="9.6079946">
        <ele>1720.9</ele>
        <time>2026-09-12T13:44:38Z</time>
        <hdop>13.3</hdop>
        <extensions>
          <osmand:speed>1</osmand:speed>
        </extensions>
      </trkpt>
      <trkpt lat="46.5198756" lon="9.6080583">
        <ele>1719.9</ele>
        <time>2026-09-12T13:44:44Z</time>
        <hdop>13.3</hdop>
        <extensions>
          <osmand:speed>0.6</osmand:speed>
        </extensions>
      </trkpt>
      <trkpt lat="46.5199389" lon="9.608125">
        <ele>1718.9</ele>
        <time>2026-09-12T13:44:51Z</time>
        <hdop>14.3</hdop>
        <extensions>
          <osmand:speed>1.3</osmand:speed>
        </extensions>
      </trkpt>
      <trkpt lat="46.5200091" lon="9.6082163">
        <ele>1716.9</ele>
        <time>2026-09-12T13:44:58Z</time>
        <hdop>13.3</hdop>
        <extensions>
          <osmand:speed>1.1</osmand:speed>
        </extensions>
      </trkpt>
      <trkpt lat="46.5200479" lon="9.6083159">
        <ele>1715.9</ele>
        <time>2026-09-12T13:45:04Z</time>
        <hdop>11.2</hdop>
        <extensions>
          <osmand:speed>1.2</osmand:speed>
        </extensions>
      </trkpt>
      <trkpt lat="46.5200451" lon="9.608427">
        <ele>1713.9</ele>
        <time>2026-09-12T13:45:10Z</time>
        <hdop>11.2</hdop>
        <extensions>
          <osmand:speed>1</osmand:speed>
        </extensions>
      </trkpt>
      <trkpt lat="46.520004" lon="9.608537">
        <ele>1713.9</ele>
        <time>2026-09-12T13:45:16Z</time>
        <hdop>6.6</hdop>
        <extensions>
          <osmand:speed>1</osmand:speed>
        </extensions>
      </trkpt>
      <trkpt lat="46.5199801" lon="9.6086477">
        <ele>1713.9</ele>
        <time>2026-09-12T13:45:22Z</time>
        <hdop>6.1</hdop>
        <extensions>
          <osmand:speed>1</osmand:speed>
        </extensions>
      </trkpt>
      <trkpt lat="46.5199484" lon="9.6086719">
        <ele>1710.9</ele>
        <time>2026-09-12T13:45:28Z</time>
        <hdop>7.1</hdop>
        <extensions>
          <osmand:speed>1.9</osmand:speed>
        </extensions>
      </trkpt>
      <trkpt lat="46.5198884" lon="9.6087469">
        <ele>1708.9</ele>
        <time>2026-09-12T13:45:34Z</time>
        <hdop>12.8</hdop>
        <extensions>
          <osmand:speed>2.1</osmand:speed>
        </extensions>
      </trkpt>
      <trkpt lat="46.5198543" lon="9.6088027">
        <ele>1706.9</ele>
        <time>2026-09-12T13:45:40Z</time>
        <hdop>10.2</hdop>
        <extensions>
          <osmand:speed>0.9</osmand:speed>
        </extensions>
      </trkpt>
      <trkpt lat="46.5197951" lon="9.6088232">
        <ele>1706.9</ele>
        <time>2026-09-12T13:45:46Z</time>
        <hdop>11.2</hdop>
        <extensions>
          <osmand:speed>1.1</osmand:speed>
        </extensions>
      </trkpt>
      <trkpt lat="46.5197675" lon="9.608883">
        <ele>1704.9</ele>
        <time>2026-09-12T13:45:52Z</time>
        <hdop>14.8</hdop>
        <extensions>
          <osmand:speed>0.7</osmand:speed>
        </extensions>
      </trkpt>
      <trkpt lat="46.5197204" lon="9.6089767">
        <ele>1703.9</ele>
        <time>2026-09-12T13:45:58Z</time>
        <hdop>12.8</hdop>
        <extensions>
          <osmand:speed>1.1</osmand:speed>
        </extensions>
      </trkpt>
      <trkpt lat="46.5197274" lon="9.6090524">
        <ele>1703.9</ele>
        <time>2026-09-12T13:46:04Z</time>
        <hdop>12.2</hdop>
        <extensions>
          <osmand:speed>0.9</osmand:speed>
        </extensions>
      </trkpt>
      <trkpt lat="46.5197438" lon="9.6091412">
        <ele>1702.9</ele>
        <time>2026-09-12T13:46:10Z</time>
        <hdop>14.8</hdop>
        <extensions>
          <osmand:speed>1.2</osmand:speed>
        </extensions>
      </trkpt>
      <trkpt lat="46.5198618" lon="9.6093199">
        <ele>1700.9</ele>
        <time>2026-09-12T13:46:27Z</time>
        <hdop>14.8</hdop>
        <extensions>
          <osmand:speed>0.7</osmand:speed>
        </extensions>
      </trkpt>
      <trkpt lat="46.5198874" lon="9.6093882">
        <ele>1698.9</ele>
        <time>2026-09-12T13:46:34Z</time>
        <hdop>14.8</hdop>
        <extensions>
          <osmand:speed>1.1</osmand:speed>
        </extensions>
      </trkpt>
      <trkpt lat="46.5199286" lon="9.6094683">
        <ele>1697.9</ele>
        <time>2026-09-12T13:46:40Z</time>
        <hdop>14.3</hdop>
        <extensions>
          <osmand:speed>1</osmand:speed>
        </extensions>
      </trkpt>
      <trkpt lat="46.5199761" lon="9.6095827">
        <ele>1698.9</ele>
        <time>2026-09-12T13:46:46Z</time>
        <hdop>13.3</hdop>
        <extensions>
          <osmand:speed>0.9</osmand:speed>
        </extensions>
      </trkpt>
      <trkpt lat="46.5199981" lon="9.6096558">
        <ele>1698.9</ele>
        <time>2026-09-12T13:46:52Z</time>
        <hdop>14.3</hdop>
        <extensions>
          <osmand:speed>0.9</osmand:speed>
        </extensions>
      </trkpt>
      <trkpt lat="46.5200122" lon="9.6097396">
        <ele>1697.9</ele>
        <time>2026-09-12T13:46:58Z</time>
        <hdop>13.3</hdop>
        <extensions>
          <osmand:speed>1.1</osmand:speed>
        </extensions>
      </trkpt>
      <trkpt lat="46.5200414" lon="9.6098306">
        <ele>1696.9</ele>
        <time>2026-09-12T13:47:05Z</time>
        <hdop>13.8</hdop>
        <extensions>
          <osmand:speed>1.3</osmand:speed>
        </extensions>
      </trkpt>
      <trkpt lat="46.5200595" lon="9.6098955">
        <ele>1695.9</ele>
        <time>2026-09-12T13:47:11Z</time>
        <hdop>12.8</hdop>
        <extensions>
          <osmand:speed>1</osmand:speed>
        </extensions>
      </trkpt>
      <trkpt lat="46.520095" lon="9.610041">
        <ele>1693.9</ele>
        <time>2026-09-12T13:47:17Z</time>
        <hdop>13.8</hdop>
        <extensions>
          <osmand:speed>2</osmand:speed>
        </extensions>
      </trkpt>
      <trkpt lat="46.5201134" lon="9.6101466">
        <ele>1693.9</ele>
        <time>2026-09-12T13:47:23Z</time>
        <hdop>14.8</hdop>
        <extensions>
          <osmand:speed>1.4</osmand:speed>
        </extensions>
      </trkpt>
      <trkpt lat="46.5201265" lon="9.6102107">
        <ele>1692.9</ele>
        <time>2026-09-12T13:47:29Z</time>
        <hdop>13.3</hdop>
        <extensions>
          <osmand:speed>0.9</osmand:speed>
        </extensions>
      </trkpt>
      <trkpt lat="46.5201438" lon="9.6102264">
        <ele>1692.9</ele>
        <time>2026-09-12T13:47:35Z</time>
        <hdop>12.2</hdop>
        <extensions>
          <osmand:speed>1</osmand:speed>
        </extensions>
      </trkpt>
      <trkpt lat="46.520148" lon="9.6101939">
        <ele>1692.9</ele>
        <time>2026-09-12T13:47:42Z</time>
        <hdop>12.2</hdop>
        <extensions>
          <osmand:speed>0.9</osmand:speed>
        </extensions>
      </trkpt>
      <trkpt lat="46.5201702" lon="9.6101451">
        <ele>1691.9</ele>
        <time>2026-09-12T13:47:48Z</time>
        <hdop>11.7</hdop>
        <extensions>
          <osmand:speed>0.9</osmand:speed>
        </extensions>
      </trkpt>
      <trkpt lat="46.5201734" lon="9.6100795">
        <ele>1691.9</ele>
        <time>2026-09-12T13:47:54Z</time>
        <hdop>12.8</hdop>
        <extensions>
          <osmand:speed>1.2</osmand:speed>
        </extensions>
      </trkpt>
      <trkpt lat="46.5201953" lon="9.6099907">
        <ele>1689.9</ele>
        <time>2026-09-12T13:48:00Z</time>
        <hdop>10.7</hdop>
        <extensions>
          <osmand:speed>1</osmand:speed>
        </extensions>
      </trkpt>
      <trkpt lat="46.5202239" lon="9.6099278">
        <ele>1688.9</ele>
        <time>2026-09-12T13:48:06Z</time>
        <hdop>13.8</hdop>
        <extensions>
          <osmand:speed>1.1</osmand:speed>
        </extensions>
      </trkpt>
      <trkpt lat="46.5202422" lon="9.6098484">
        <ele>1689.9</ele>
        <time>2026-09-12T13:48:12Z</time>
        <hdop>14.3</hdop>
        <extensions>
          <osmand:speed>0.9</osmand:speed>
        </extensions>
      </trkpt>
      <trkpt lat="46.5202358" lon="9.6097786">
        <ele>1690.9</ele>
        <time>2026-09-12T13:48:18Z</time>
        <hdop>13.8</hdop>
        <extensions>
          <osmand:speed>0.8</osmand:speed>
        </extensions>
      </trkpt>
      <trkpt lat="46.5202738" lon="9.6096746">
        <ele>1689.9</ele>
        <time>2026-09-12T13:48:24Z</time>
        <hdop>12.2</hdop>
        <extensions>
          <osmand:speed>1.2</osmand:speed>
        </extensions>
      </trkpt>
      <trkpt lat="46.5202933" lon="9.6095772">
        <ele>1688.9</ele>
        <time>2026-09-12T13:48:30Z</time>
        <hdop>11.7</hdop>
        <extensions>
          <osmand:speed>0.9</osmand:speed>
        </extensions>
      </trkpt>
      <trkpt lat="46.5203246" lon="9.6094571">
        <ele>1684.9</ele>
        <time>2026-09-12T13:48:36Z</time>
        <hdop>11.2</hdop>
        <extensions>
          <osmand:speed>0.9</osmand:speed>
        </extensions>
      </trkpt>
      <trkpt lat="46.5203516" lon="9.6093692">
        <ele>1683.9</ele>
        <time>2026-09-12T13:48:42Z</time>
        <hdop>14.8</hdop>
        <extensions>
          <osmand:speed>0.7</osmand:speed>
        </extensions>
      </trkpt>
      <trkpt lat="46.5203849" lon="9.6092902">
        <ele>1682.9</ele>
        <time>2026-09-12T13:48:48Z</time>
        <hdop>12.2</hdop>
        <extensions>
          <osmand:speed>1.6</osmand:speed>
        </extensions>
      </trkpt>
      <trkpt lat="46.5204314" lon="9.609205">
        <ele>1681.9</ele>
        <time>2026-09-12T13:48:54Z</time>
        <hdop>13.3</hdop>
        <extensions>
          <osmand:speed>1.1</osmand:speed>
        </extensions>
      </trkpt>
      <trkpt lat="46.5204595" lon="9.6091187">
        <ele>1679.9</ele>
        <time>2026-09-12T13:49:00Z</time>
        <hdop>13.8</hdop>
        <extensions>
          <osmand:speed>0.6</osmand:speed>
        </extensions>
      </trkpt>
      <trkpt lat="46.5204895" lon="9.6090371">
        <ele>1680.9</ele>
        <time>2026-09-12T13:49:06Z</time>
        <hdop>12.8</hdop>
        <extensions>
          <osmand:speed>1.1</osmand:speed>
        </extensions>
      </trkpt>
      <trkpt lat="46.5205454" lon="9.6089607">
        <ele>1680.9</ele>
        <time>2026-09-12T13:49:12Z</time>
        <hdop>13.8</hdop>
        <extensions>
          <osmand:speed>1.1</osmand:speed>
        </extensions>
      </trkpt>
      <trkpt lat="46.5206116" lon="9.608955">
        <ele>1679.9</ele>
        <time>2026-09-12T13:49:18Z</time>
        <hdop>13.8</hdop>
        <extensions>
          <osmand:speed>0.7</osmand:speed>
        </extensions>
      </trkpt>
      <trkpt lat="46.520638" lon="9.6090347">
        <ele>1677.9</ele>
        <time>2026-09-12T13:49:24Z</time>
        <hdop>12.2</hdop>
        <extensions>
          <osmand:speed>0.6</osmand:speed>
        </extensions>
      </trkpt>
      <trkpt lat="46.5206501" lon="9.6090917">
        <ele>1676.9</ele>
        <time>2026-09-12T13:49:30Z</time>
        <hdop>14.3</hdop>
        <extensions>
          <osmand:speed>0.9</osmand:speed>
        </extensions>
      </trkpt>
      <trkpt lat="46.5206495" lon="9.6091924">
        <ele>1675.9</ele>
        <time>2026-09-12T13:49:36Z</time>
        <hdop>14.8</hdop>
        <extensions>
          <osmand:speed>1.3</osmand:speed>
        </extensions>
      </trkpt>
      <trkpt lat="46.5206455" lon="9.609319">
        <ele>1673.9</ele>
        <time>2026-09-12T13:49:42Z</time>
        <hdop>14.3</hdop>
        <extensions>
          <osmand:speed>1.4</osmand:speed>
        </extensions>
      </trkpt>
      <trkpt lat="46.5206497" lon="9.6094059">
        <ele>1673.9</ele>
        <time>2026-09-12T13:49:48Z</time>
        <hdop>11.2</hdop>
        <extensions>
          <osmand:speed>1</osmand:speed>
        </extensions>
      </trkpt>
      <trkpt lat="46.5206531" lon="9.6094723">
        <ele>1671.9</ele>
        <time>2026-09-12T13:49:54Z</time>
        <hdop>12.8</hdop>
        <extensions>
          <osmand:speed>1</osmand:speed>
        </extensions>
      </trkpt>
      <trkpt lat="46.5206297" lon="9.6095718">
        <ele>1670.9</ele>
        <time>2026-09-12T13:50:00Z</time>
        <hdop>14.3</hdop>
        <extensions>
          <osmand:speed>0.8</osmand:speed>
        </extensions>
      </trkpt>
      <trkpt lat="46.5206405" lon="9.609648">
        <ele>1669.9</ele>
        <time>2026-09-12T13:50:06Z</time>
        <hdop>12.8</hdop>
        <extensions>
          <osmand:speed>1.3</osmand:speed>
        </extensions>
      </trkpt>
      <trkpt lat="46.5206414" lon="9.609735">
        <ele>1668.9</ele>
        <time>2026-09-12T13:50:12Z</time>
        <hdop>12.8</hdop>
        <extensions>
          <osmand:speed>1.3</osmand:speed>
        </extensions>
      </trkpt>
      <trkpt lat="46.5206311" lon="9.6098387">
        <ele>1668.9</ele>
        <time>2026-09-12T13:50:18Z</time>
        <hdop>11.2</hdop>
        <extensions>
          <osmand:speed>0.5</osmand:speed>
        </extensions>
      </trkpt>
      <trkpt lat="46.5206326" lon="9.6099558">
        <ele>1668.9</ele>
        <time>2026-09-12T13:50:24Z</time>
        <hdop>11.7</hdop>
        <extensions>
          <osmand:speed>0.9</osmand:speed>
        </extensions>
      </trkpt>
      <trkpt lat="46.5206341" lon="9.6100466">
        <ele>1667.9</ele>
        <time>2026-09-12T13:50:30Z</time>
        <hdop>11.7</hdop>
        <extensions>
          <osmand:speed>1</osmand:speed>
        </extensions>
      </trkpt>
      <trkpt lat="46.5206744" lon="9.6101625">
        <ele>1666.9</ele>
        <time>2026-09-12T13:50:36Z</time>
        <hdop>11.2</hdop>
        <extensions>
          <osmand:speed>2</osmand:speed>
        </extensions>
      </trkpt>
      <trkpt lat="46.520703" lon="9.6102116">
        <ele>1666.9</ele>
        <time>2026-09-12T13:50:45Z</time>
        <hdop>13.3</hdop>
        <extensions>
          <osmand:speed>1.1</osmand:speed>
        </extensions>
      </trkpt>
      <trkpt lat="46.520736" lon="9.610207">
        <ele>1666.9</ele>
        <time>2026-09-12T13:50:51Z</time>
        <hdop>14.8</hdop>
        <extensions>
          <osmand:speed>1.2</osmand:speed>
        </extensions>
      </trkpt>
      <trkpt lat="46.5207711" lon="9.6102087">
        <ele>1666.9</ele>
        <time>2026-09-12T13:50:57Z</time>
        <hdop>14.8</hdop>
        <extensions>
          <osmand:speed>1.1</osmand:speed>
        </extensions>
      </trkpt>
      <trkpt lat="46.5207983" lon="9.6102034">
        <ele>1665.9</ele>
        <time>2026-09-12T13:51:03Z</time>
        <hdop>14.3</hdop>
        <extensions>
          <osmand:speed>1</osmand:speed>
        </extensions>
      </trkpt>
      <trkpt lat="46.5209219" lon="9.6103325">
        <ele>1662.9</ele>
        <time>2026-09-12T13:51:31Z</time>
        <hdop>14.3</hdop>
        <extensions>
          <osmand:speed>1.2</osmand:speed>
        </extensions>
      </trkpt>
      <trkpt lat="46.5209966" lon="9.6105124">
        <ele>1662.9</ele>
        <time>2026-09-12T13:51:41Z</time>
        <hdop>14.3</hdop>
        <extensions>
          <osmand:speed>1.1</osmand:speed>
        </extensions>
      </trkpt>
      <trkpt lat="46.5210293" lon="9.6106109">
        <ele>1662.9</ele>
        <time>2026-09-12T13:51:47Z</time>
        <hdop>13.8</hdop>
        <extensions>
          <osmand:speed>1.1</osmand:speed>
        </extensions>
      </trkpt>
      <trkpt lat="46.5210436" lon="9.6107084">
        <ele>1661.9</ele>
        <time>2026-09-12T13:51:53Z</time>
        <hdop>12.2</hdop>
        <extensions>
          <osmand:speed>1.1</osmand:speed>
        </extensions>
      </trkpt>
      <trkpt lat="46.5210426" lon="9.610807">
        <ele>1661.9</ele>
        <time>2026-09-12T13:51:59Z</time>
        <hdop>11.7</hdop>
        <extensions>
          <osmand:speed>0.8</osmand:speed>
        </extensions>
      </trkpt>
      <trkpt lat="46.5210487" lon="9.6109032">
        <ele>1660.9</ele>
        <time>2026-09-12T13:52:05Z</time>
        <hdop>12.8</hdop>
        <extensions>
          <osmand:speed>0.9</osmand:speed>
        </extensions>
      </trkpt>
      <trkpt lat="46.521054" lon="9.6109906">
        <ele>1658.9</ele>
        <time>2026-09-12T13:52:11Z</time>
        <hdop>12.8</hdop>
        <extensions>
          <osmand:speed>1</osmand:speed>
        </extensions>
      </trkpt>
      <trkpt lat="46.5210335" lon="9.611093">
        <ele>1657.9</ele>
        <time>2026-09-12T13:52:18Z</time>
        <hdop>13.8</hdop>
        <extensions>
          <osmand:speed>0.8</osmand:speed>
        </extensions>
      </trkpt>
      <trkpt lat="46.5210393" lon="9.6111699">
        <ele>1656.9</ele>
        <time>2026-09-12T13:52:24Z</time>
        <hdop>11.7</hdop>
        <extensions>
          <osmand:speed>1</osmand:speed>
        </extensions>
      </trkpt>
      <trkpt lat="46.5210539" lon="9.6112562">
        <ele>1656.9</ele>
        <time>2026-09-12T13:52:30Z</time>
        <hdop>13.8</hdop>
        <extensions>
          <osmand:speed>0.8</osmand:speed>
        </extensions>
      </trkpt>
      <trkpt lat="46.5210607" lon="9.6113061">
        <ele>1655.9</ele>
        <time>2026-09-12T13:52:36Z</time>
        <hdop>12.2</hdop>
        <extensions>
          <osmand:speed>0.8</osmand:speed>
        </extensions>
      </trkpt>
      <trkpt lat="46.5211027" lon="9.611376">
        <ele>1654.9</ele>
        <time>2026-09-12T13:52:42Z</time>
        <hdop>14.3</hdop>
        <extensions>
          <osmand:speed>1.6</osmand:speed>
        </extensions>
      </trkpt>
      <trkpt lat="46.5211262" lon="9.6114597">
        <ele>1653.9</ele>
        <time>2026-09-12T13:52:48Z</time>
        <hdop>14.3</hdop>
        <extensions>
          <osmand:speed>1.5</osmand:speed>
        </extensions>
      </trkpt>
      <trkpt lat="46.5211242" lon="9.6115171">
        <ele>1652.9</ele>
        <time>2026-09-12T13:52:54Z</time>
        <hdop>12.8</hdop>
        <extensions>
          <osmand:speed>1.4</osmand:speed>
        </extensions>
      </trkpt>
      <trkpt lat="46.5212009" lon="9.611627">
        <ele>1651.9</ele>
        <time>2026-09-12T13:53:04Z</time>
        <hdop>14.8</hdop>
        <extensions>
          <osmand:speed>0.8</osmand:speed>
        </extensions>
      </trkpt>
      <trkpt lat="46.5212527" lon="9.6116953">
        <ele>1650.9</ele>
        <time>2026-09-12T13:53:11Z</time>
        <hdop>14.8</hdop>
        <extensions>
          <osmand:speed>0.6</osmand:speed>
        </extensions>
      </trkpt>
      <trkpt lat="46.5212909" lon="9.6117519">
        <ele>1648.9</ele>
        <time>2026-09-12T13:53:17Z</time>
        <hdop>12.2</hdop>
        <extensions>
          <osmand:speed>1.1</osmand:speed>
        </extensions>
      </trkpt>
      <trkpt lat="46.5213197" lon="9.6118486">
        <ele>1645.9</ele>
        <time>2026-09-12T13:53:23Z</time>
        <hdop>14.8</hdop>
        <extensions>
          <osmand:speed>1.4</osmand:speed>
        </extensions>
      </trkpt>
      <trkpt lat="46.5213614" lon="9.6119331">
        <ele>1644.9</ele>
        <time>2026-09-12T13:53:29Z</time>
        <hdop>14.8</hdop>
        <extensions>
          <osmand:speed>0.9</osmand:speed>
        </extensions>
      </trkpt>
      <trkpt lat="46.5213992" lon="9.6119667">
        <ele>1645.9</ele>
        <time>2026-09-12T13:53:37Z</time>
        <hdop>14.8</hdop>
        <extensions>
          <osmand:speed>0.6</osmand:speed>
        </extensions>
      </trkpt>
      <trkpt lat="46.5214472" lon="9.6119713">
        <ele>1644.9</ele>
        <time>2026-09-12T13:53:44Z</time>
        <hdop>14.3</hdop>
        <extensions>
          <osmand:speed>0.9</osmand:speed>
        </extensions>
      </trkpt>
      <trkpt lat="46.5214863" lon="9.611994">
        <ele>1644.9</ele>
        <time>2026-09-12T13:53:50Z</time>
        <hdop>14.8</hdop>
        <extensions>
          <osmand:speed>0.5</osmand:speed>
        </extensions>
      </trkpt>
      <trkpt lat="46.5215474" lon="9.612004">
        <ele>1642.9</ele>
        <time>2026-09-12T13:53:58Z</time>
        <hdop>14.8</hdop>
        <extensions>
          <osmand:speed>0.9</osmand:speed>
        </extensions>
      </trkpt>
      <trkpt lat="46.5215822" lon="9.6120336">
        <ele>1641.9</ele>
        <time>2026-09-12T13:54:06Z</time>
        <hdop>11.7</hdop>
        <extensions>
          <osmand:speed>0.4</osmand:speed>
        </extensions>
      </trkpt>
      <trkpt lat="46.5216382" lon="9.6120335">
        <ele>1641.9</ele>
        <time>2026-09-12T13:54:12Z</time>
        <hdop>14.3</hdop>
        <extensions>
          <osmand:speed>0.5</osmand:speed>
        </extensions>
      </trkpt>
      <trkpt lat="46.5216898" lon="9.6120393">
        <ele>1642.9</ele>
        <time>2026-09-12T13:54:18Z</time>
        <hdop>14.3</hdop>
        <extensions>
          <osmand:speed>0.7</osmand:speed>
        </extensions>
      </trkpt>
      <trkpt lat="46.5217728" lon="9.6120376">
        <ele>1642.9</ele>
        <time>2026-09-12T13:54:25Z</time>
        <hdop>14.3</hdop>
        <extensions>
          <osmand:speed>1.3</osmand:speed>
        </extensions>
      </trkpt>
      <trkpt lat="46.5218288" lon="9.6120075">
        <ele>1641.9</ele>
        <time>2026-09-12T13:54:31Z</time>
        <hdop>14.8</hdop>
        <extensions>
          <osmand:speed>0.8</osmand:speed>
        </extensions>
      </trkpt>
      <trkpt lat="46.5218833" lon="9.6119601">
        <ele>1638.9</ele>
        <time>2026-09-12T13:54:37Z</time>
        <hdop>14.3</hdop>
        <extensions>
          <osmand:speed>1.2</osmand:speed>
        </extensions>
      </trkpt>
      <trkpt lat="46.5219486" lon="9.611929">
        <ele>1634.9</ele>
        <time>2026-09-12T13:54:43Z</time>
        <hdop>11.7</hdop>
        <extensions>
          <osmand:speed>0.8</osmand:speed>
        </extensions>
      </trkpt>
      <trkpt lat="46.5220056" lon="9.6118868">
        <ele>1632.9</ele>
        <time>2026-09-12T13:54:49Z</time>
        <hdop>12.2</hdop>
        <extensions>
          <osmand:speed>0.8</osmand:speed>
        </extensions>
      </trkpt>
      <trkpt lat="46.5220307" lon="9.6118376">
        <ele>1632.9</ele>
        <time>2026-09-12T13:54:55Z</time>
        <hdop>11.7</hdop>
        <extensions>
          <osmand:speed>0.5</osmand:speed>
        </extensions>
      </trkpt>
      <trkpt lat="46.5220476" lon="9.6117698">
        <ele>1632.9</ele>
        <time>2026-09-12T13:55:01Z</time>
        <hdop>10.2</hdop>
        <extensions>
          <osmand:speed>0.9</osmand:speed>
        </extensions>
      </trkpt>
      <trkpt lat="46.5220719" lon="9.6116976">
        <ele>1632.9</ele>
        <time>2026-09-12T13:55:07Z</time>
        <hdop>13.8</hdop>
        <extensions>
          <osmand:speed>0.9</osmand:speed>
        </extensions>
      </trkpt>
      <trkpt lat="46.5221027" lon="9.6116932">
        <ele>1631.9</ele>
        <time>2026-09-12T13:55:13Z</time>
        <hdop>5.6</hdop>
      </trkpt>
      <trkpt lat="46.5221143" lon="9.6116678">
        <ele>1630.9</ele>
        <time>2026-09-12T13:55:35Z</time>
        <hdop>10.7</hdop>
        <extensions>
          <osmand:speed>1</osmand:speed>
        </extensions>
      </trkpt>
      <trkpt lat="46.5221656" lon="9.6116463">
        <ele>1629.9</ele>
        <time>2026-09-12T13:55:41Z</time>
        <hdop>13.8</hdop>
        <extensions>
          <osmand:speed>0.7</osmand:speed>
        </extensions>
      </trkpt>
      <trkpt lat="46.5222265" lon="9.6116329">
        <ele>1628.9</ele>
        <time>2026-09-12T13:55:47Z</time>
        <hdop>11.7</hdop>
        <extensions>
          <osmand:speed>0.8</osmand:speed>
        </extensions>
      </trkpt>
      <trkpt lat="46.5222925" lon="9.6116821">
        <ele>1625.9</ele>
        <time>2026-09-12T13:55:53Z</time>
        <hdop>11.7</hdop>
        <extensions>
          <osmand:speed>0.8</osmand:speed>
        </extensions>
      </trkpt>
      <trkpt lat="46.5223438" lon="9.6117703">
        <ele>1624.9</ele>
        <time>2026-09-12T13:55:59Z</time>
        <hdop>12.2</hdop>
        <extensions>
          <osmand:speed>1</osmand:speed>
        </extensions>
      </trkpt>
      <trkpt lat="46.5223397" lon="9.6118531">
        <ele>1623.9</ele>
        <time>2026-09-12T13:56:05Z</time>
        <hdop>11.2</hdop>
        <extensions>
          <osmand:speed>0.6</osmand:speed>
        </extensions>
      </trkpt>
      <trkpt lat="46.5223156" lon="9.6118952">
        <ele>1621.9</ele>
        <time>2026-09-12T13:56:11Z</time>
        <hdop>6.6</hdop>
      </trkpt>
      <trkpt lat="46.5223431" lon="9.6119864">
        <ele>1620.9</ele>
        <time>2026-09-12T13:56:22Z</time>
        <hdop>14.8</hdop>
        <extensions>
          <osmand:speed>0.2</osmand:speed>
        </extensions>
      </trkpt>
      <trkpt lat="46.5223775" lon="9.612051">
        <ele>1618.9</ele>
        <time>2026-09-12T13:56:29Z</time>
        <hdop>12.2</hdop>
        <extensions>
          <osmand:speed>0.9</osmand:speed>
        </extensions>
      </trkpt>
      <trkpt lat="46.5223982" lon="9.6120959">
        <ele>1618.9</ele>
        <time>2026-09-12T13:56:35Z</time>
        <hdop>11.2</hdop>
        <extensions>
          <osmand:speed>1</osmand:speed>
        </extensions>
      </trkpt>
      <trkpt lat="46.5224477" lon="9.6121445">
        <ele>1617.9</ele>
        <time>2026-09-12T13:56:41Z</time>
        <hdop>13.8</hdop>
        <extensions>
          <osmand:speed>0.7</osmand:speed>
        </extensions>
      </trkpt>
      <trkpt lat="46.5224842" lon="9.6122648">
        <ele>1615.9</ele>
        <time>2026-09-12T13:56:47Z</time>
        <hdop>12.8</hdop>
        <extensions>
          <osmand:speed>0.8</osmand:speed>
        </extensions>
      </trkpt>
      <trkpt lat="46.5224741" lon="9.6123934">
        <ele>1614.9</ele>
        <time>2026-09-12T13:56:53Z</time>
        <hdop>11.7</hdop>
        <extensions>
          <osmand:speed>1.3</osmand:speed>
        </extensions>
      </trkpt>
      <trkpt lat="46.5224615" lon="9.6125029">
        <ele>1612.9</ele>
        <time>2026-09-12T13:56:59Z</time>
        <hdop>11.2</hdop>
        <extensions>
          <osmand:speed>1.3</osmand:speed>
        </extensions>
      </trkpt>
      <trkpt lat="46.5224445" lon="9.6125842">
        <ele>1609.9</ele>
        <time>2026-09-12T13:57:05Z</time>
        <hdop>11.7</hdop>
        <extensions>
          <osmand:speed>1.5</osmand:speed>
        </extensions>
      </trkpt>
      <trkpt lat="46.5224008" lon="9.6126511">
        <ele>1606.9</ele>
        <time>2026-09-12T13:57:11Z</time>
        <hdop>10.2</hdop>
        <extensions>
          <osmand:speed>0.9</osmand:speed>
        </extensions>
      </trkpt>
      <trkpt lat="46.522377" lon="9.612746">
        <ele>1604.9</ele>
        <time>2026-09-12T13:57:17Z</time>
        <hdop>14.8</hdop>
        <extensions>
          <osmand:speed>1.3</osmand:speed>
        </extensions>
      </trkpt>
      <trkpt lat="46.5223397" lon="9.6128118">
        <ele>1603.9</ele>
        <time>2026-09-12T13:57:23Z</time>
        <hdop>9.2</hdop>
        <extensions>
          <osmand:speed>1</osmand:speed>
        </extensions>
      </trkpt>
      <trkpt lat="46.5222413" lon="9.6128466">
        <ele>1602.9</ele>
        <time>2026-09-12T13:57:29Z</time>
        <hdop>10.7</hdop>
        <extensions>
          <osmand:speed>1</osmand:speed>
        </extensions>
      </trkpt>
      <trkpt lat="46.5221428" lon="9.6128134">
        <ele>1601.9</ele>
        <time>2026-09-12T13:57:35Z</time>
        <hdop>11.2</hdop>
        <extensions>
          <osmand:speed>1.8</osmand:speed>
        </extensions>
      </trkpt>
      <trkpt lat="46.5220469" lon="9.6127818">
        <ele>1600.9</ele>
        <time>2026-09-12T13:57:41Z</time>
        <hdop>11.7</hdop>
        <extensions>
          <osmand:speed>1.1</osmand:speed>
        </extensions>
      </trkpt>
      <trkpt lat="46.5219522" lon="9.6127501">
        <ele>1599.9</ele>
        <time>2026-09-12T13:57:47Z</time>
        <hdop>10.2</hdop>
        <extensions>
          <osmand:speed>1.4</osmand:speed>
        </extensions>
      </trkpt>
      <trkpt lat="46.521861" lon="9.6127385">
        <ele>1599.9</ele>
        <time>2026-09-12T13:57:53Z</time>
        <hdop>10.2</hdop>
        <extensions>
          <osmand:speed>1.5</osmand:speed>
        </extensions>
      </trkpt>
      <trkpt lat="46.5217844" lon="9.6127393">
        <ele>1600.9</ele>
        <time>2026-09-12T13:57:59Z</time>
        <hdop>12.2</hdop>
        <extensions>
          <osmand:speed>1.1</osmand:speed>
        </extensions>
      </trkpt>
      <trkpt lat="46.5217171" lon="9.6127162">
        <ele>1601.9</ele>
        <time>2026-09-12T13:58:05Z</time>
        <hdop>14.8</hdop>
        <extensions>
          <osmand:speed>1.7</osmand:speed>
        </extensions>
      </trkpt>
      <trkpt lat="46.5216827" lon="9.6126935">
        <ele>1601.9</ele>
        <time>2026-09-12T13:58:11Z</time>
        <hdop>12.8</hdop>
        <extensions>
          <osmand:speed>0.8</osmand:speed>
        </extensions>
      </trkpt>
      <trkpt lat="46.5216606" lon="9.612719">
        <ele>1603.9</ele>
        <time>2026-09-12T13:58:18Z</time>
        <hdop>13.3</hdop>
        <extensions>
          <osmand:speed>0.1</osmand:speed>
        </extensions>
      </trkpt>
      <trkpt lat="46.5216591" lon="9.6126715">
        <ele>1602.9</ele>
        <time>2026-09-12T13:58:25Z</time>
        <hdop>13.3</hdop>
        <extensions>
          <osmand:speed>0.8</osmand:speed>
        </extensions>
      </trkpt>
      <trkpt lat="46.5217992" lon="9.6126343">
        <ele>1605.9</ele>
        <time>2026-09-12T13:58:41Z</time>
        <hdop>13.3</hdop>
        <extensions>
          <osmand:speed>1.2</osmand:speed>
        </extensions>
      </trkpt>
      <trkpt lat="46.5218775" lon="9.6126378">
        <ele>1604.9</ele>
        <time>2026-09-12T13:58:47Z</time>
        <hdop>14.8</hdop>
        <extensions>
          <osmand:speed>0.8</osmand:speed>
        </extensions>
      </trkpt>
      <trkpt lat="46.5219442" lon="9.6126327">
        <ele>1601.9</ele>
        <time>2026-09-12T13:58:53Z</time>
        <hdop>13.8</hdop>
        <extensions>
          <osmand:speed>1.7</osmand:speed>
        </extensions>
      </trkpt>
      <trkpt lat="46.5220202" lon="9.6126859">
        <ele>1601.9</ele>
        <time>2026-09-12T13:58:59Z</time>
        <hdop>11.7</hdop>
        <extensions>
          <osmand:speed>1.3</osmand:speed>
        </extensions>
      </trkpt>
      <trkpt lat="46.5220996" lon="9.612712">
        <ele>1600.9</ele>
        <time>2026-09-12T13:59:05Z</time>
        <hdop>11.2</hdop>
        <extensions>
          <osmand:speed>1.4</osmand:speed>
        </extensions>
      </trkpt>
      <trkpt lat="46.522172" lon="9.6127276">
        <ele>1599.9</ele>
        <time>2026-09-12T13:59:11Z</time>
        <hdop>9.2</hdop>
        <extensions>
          <osmand:speed>1.1</osmand:speed>
        </extensions>
      </trkpt>
      <trkpt lat="46.5222398" lon="9.6127188">
        <ele>1598.9</ele>
        <time>2026-09-12T13:59:17Z</time>
        <hdop>10.7</hdop>
        <extensions>
          <osmand:speed>1.4</osmand:speed>
        </extensions>
      </trkpt>
      <trkpt lat="46.5223083" lon="9.6126841">
        <ele>1598.9</ele>
        <time>2026-09-12T13:59:23Z</time>
        <hdop>10.2</hdop>
        <extensions>
          <osmand:speed>1.4</osmand:speed>
        </extensions>
      </trkpt>
      <trkpt lat="46.5223828" lon="9.612693">
        <ele>1598.9</ele>
        <time>2026-09-12T13:59:29Z</time>
        <hdop>11.2</hdop>
        <extensions>
          <osmand:speed>1</osmand:speed>
        </extensions>
      </trkpt>
      <trkpt lat="46.5224551" lon="9.6127313">
        <ele>1598.9</ele>
        <time>2026-09-12T13:59:35Z</time>
        <hdop>11.7</hdop>
        <extensions>
          <osmand:speed>0.7</osmand:speed>
        </extensions>
      </trkpt>
      <trkpt lat="46.5225043" lon="9.6127914">
        <ele>1597.9</ele>
        <time>2026-09-12T13:59:41Z</time>
        <hdop>11.2</hdop>
        <extensions>
          <osmand:speed>1.3</osmand:speed>
        </extensions>
      </trkpt>
      <trkpt lat="46.5225596" lon="9.6128427">
        <ele>1599.9</ele>
        <time>2026-09-12T13:59:47Z</time>
        <hdop>11.2</hdop>
        <extensions>
          <osmand:speed>0.9</osmand:speed>
        </extensions>
      </trkpt>
      <trkpt lat="46.5225921" lon="9.6129598">
        <ele>1599.9</ele>
        <time>2026-09-12T13:59:53Z</time>
        <hdop>10.2</hdop>
        <extensions>
          <osmand:speed>1.3</osmand:speed>
        </extensions>
      </trkpt>
      <trkpt lat="46.5226373" lon="9.6130402">
        <ele>1596.9</ele>
        <time>2026-09-12T13:59:59Z</time>
        <hdop>11.7</hdop>
        <extensions>
          <osmand:speed>1.7</osmand:speed>
        </extensions>
      </trkpt>
      <trkpt lat="46.5226648" lon="9.6131095">
        <ele>1594.9</ele>
        <time>2026-09-12T14:00:05Z</time>
        <hdop>10.7</hdop>
        <extensions>
          <osmand:speed>1</osmand:speed>
        </extensions>
      </trkpt>
      <trkpt lat="46.5226947" lon="9.6131806">
        <ele>1593.9</ele>
        <time>2026-09-12T14:00:11Z</time>
        <hdop>8.7</hdop>
        <extensions>
          <osmand:speed>0.9</osmand:speed>
        </extensions>
      </trkpt>
      <trkpt lat="46.5227318" lon="9.6132465">
        <ele>1592.9</ele>
        <time>2026-09-12T14:00:17Z</time>
        <hdop>10.2</hdop>
        <extensions>
          <osmand:speed>0.6</osmand:speed>
        </extensions>
      </trkpt>
      <trkpt lat="46.5227481" lon="9.6132918">
        <ele>1592.9</ele>
        <time>2026-09-12T14:00:23Z</time>
        <hdop>9.7</hdop>
        <extensions>
          <osmand:speed>1</osmand:speed>
        </extensions>
      </trkpt>
      <trkpt lat="46.5227688" lon="9.6133771">
        <ele>1592.9</ele>
        <time>2026-09-12T14:00:29Z</time>
        <hdop>8.2</hdop>
        <extensions>
          <osmand:speed>1.3</osmand:speed>
        </extensions>
      </trkpt>
      <trkpt lat="46.5228014" lon="9.6134647">
        <ele>1591.9</ele>
        <time>2026-09-12T14:00:35Z</time>
        <hdop>9.7</hdop>
        <extensions>
          <osmand:speed>1.3</osmand:speed>
        </extensions>
      </trkpt>
      <trkpt lat="46.5228408" lon="9.6135533">
        <ele>1589.9</ele>
        <time>2026-09-12T14:00:41Z</time>
        <hdop>9.7</hdop>
        <extensions>
          <osmand:speed>1.2</osmand:speed>
        </extensions>
      </trkpt>
      <trkpt lat="46.5228505" lon="9.6136725">
        <ele>1587.9</ele>
        <time>2026-09-12T14:00:47Z</time>
        <hdop>8.7</hdop>
        <extensions>
          <osmand:speed>1.6</osmand:speed>
        </extensions>
      </trkpt>
      <trkpt lat="46.5228542" lon="9.6137278">
        <ele>1586.9</ele>
        <time>2026-09-12T14:00:53Z</time>
        <hdop>10.2</hdop>
        <extensions>
          <osmand:speed>0.8</osmand:speed>
        </extensions>
      </trkpt>
      <trkpt lat="46.52283" lon="9.6137937">
        <ele>1585.9</ele>
        <time>2026-09-12T14:00:59Z</time>
        <hdop>9.7</hdop>
        <extensions>
          <osmand:speed>1.3</osmand:speed>
        </extensions>
      </trkpt>
      <trkpt lat="46.5228048" lon="9.6138332">
        <ele>1583.9</ele>
        <time>2026-09-12T14:01:05Z</time>
        <hdop>8.7</hdop>
        <extensions>
          <osmand:speed>0.5</osmand:speed>
        </extensions>
      </trkpt>
      <trkpt lat="46.5227868" lon="9.6139009">
        <ele>1583.9</ele>
        <time>2026-09-12T14:01:11Z</time>
        <hdop>8.7</hdop>
        <extensions>
          <osmand:speed>0.5</osmand:speed>
        </extensions>
      </trkpt>
      <trkpt lat="46.5227663" lon="9.6139484">
        <ele>1584.9</ele>
        <time>2026-09-12T14:01:17Z</time>
        <hdop>9.2</hdop>
        <extensions>
          <osmand:speed>0.6</osmand:speed>
        </extensions>
      </trkpt>
      <trkpt lat="46.5227647" lon="9.6139939">
        <ele>1583.9</ele>
        <time>2026-09-12T14:01:23Z</time>
        <hdop>9.7</hdop>
        <extensions>
          <osmand:speed>0.7</osmand:speed>
        </extensions>
      </trkpt>
      <trkpt lat="46.5227789" lon="9.6140323">
        <ele>1582.9</ele>
        <time>2026-09-12T14:01:29Z</time>
        <hdop>10.2</hdop>
        <extensions>
          <osmand:speed>0.4</osmand:speed>
        </extensions>
      </trkpt>
      <trkpt lat="46.5227615" lon="9.6140875">
        <ele>1581.9</ele>
        <time>2026-09-12T14:01:35Z</time>
        <hdop>11.2</hdop>
        <extensions>
          <osmand:speed>0.6</osmand:speed>
        </extensions>
      </trkpt>
      <trkpt lat="46.5227624" lon="9.6141571">
        <ele>1582.9</ele>
        <time>2026-09-12T14:01:41Z</time>
        <hdop>11.7</hdop>
        <extensions>
          <osmand:speed>1.5</osmand:speed>
        </extensions>
      </trkpt>
      <trkpt lat="46.5227625" lon="9.6142233">
        <ele>1581.9</ele>
        <time>2026-09-12T14:01:47Z</time>
        <hdop>12.8</hdop>
        <extensions>
          <osmand:speed>0.8</osmand:speed>
        </extensions>
      </trkpt>
      <trkpt lat="46.5227881" lon="9.6142784">
        <ele>1581.9</ele>
        <time>2026-09-12T14:01:53Z</time>
        <hdop>14.3</hdop>
        <extensions>
          <osmand:speed>0.8</osmand:speed>
        </extensions>
      </trkpt>
      <trkpt lat="46.5228066" lon="9.6143186">
        <ele>1580.9</ele>
        <time>2026-09-12T14:01:59Z</time>
        <hdop>11.7</hdop>
        <extensions>
          <osmand:speed>0.8</osmand:speed>
        </extensions>
      </trkpt>
      <trkpt lat="46.522821" lon="9.6143443">
        <ele>1579.9</ele>
        <time>2026-09-12T14:02:05Z</time>
        <hdop>10.7</hdop>
        <extensions>
          <osmand:speed>0.7</osmand:speed>
        </extensions>
      </trkpt>
      <trkpt lat="46.5228316" lon="9.614401">
        <ele>1578.9</ele>
        <time>2026-09-12T14:02:11Z</time>
        <hdop>13.3</hdop>
        <extensions>
          <osmand:speed>0.7</osmand:speed>
        </extensions>
      </trkpt>
      <trkpt lat="46.5228411" lon="9.6144858">
        <ele>1577.9</ele>
        <time>2026-09-12T14:02:17Z</time>
        <hdop>11.7</hdop>
        <extensions>
          <osmand:speed>0.8</osmand:speed>
        </extensions>
      </trkpt>
      <trkpt lat="46.5228676" lon="9.614573">
        <ele>1577.9</ele>
        <time>2026-09-12T14:02:23Z</time>
        <hdop>10.7</hdop>
        <extensions>
          <osmand:speed>1</osmand:speed>
        </extensions>
      </trkpt>
      <trkpt lat="46.5228963" lon="9.614634">
        <ele>1576.9</ele>
        <time>2026-09-12T14:02:29Z</time>
        <hdop>12.2</hdop>
        <extensions>
          <osmand:speed>0.9</osmand:speed>
        </extensions>
      </trkpt>
      <trkpt lat="46.5229033" lon="9.6146835">
        <ele>1576.9</ele>
        <time>2026-09-12T14:02:35Z</time>
        <hdop>10.7</hdop>
        <extensions>
          <osmand:speed>0.9</osmand:speed>
        </extensions>
      </trkpt>
      <trkpt lat="46.5229434" lon="9.6147705">
        <ele>1573.9</ele>
        <time>2026-09-12T14:02:41Z</time>
        <hdop>8.2</hdop>
        <extensions>
          <osmand:speed>1.1</osmand:speed>
        </extensions>
      </trkpt>
      <trkpt lat="46.5229453" lon="9.6148546">
        <ele>1571.9</ele>
        <time>2026-09-12T14:02:47Z</time>
        <hdop>9.2</hdop>
        <extensions>
          <osmand:speed>0.7</osmand:speed>
        </extensions>
      </trkpt>
      <trkpt lat="46.5229494" lon="9.6149161">
        <ele>1570.9</ele>
        <time>2026-09-12T14:02:53Z</time>
        <hdop>10.2</hdop>
        <extensions>
          <osmand:speed>0.3</osmand:speed>
        </extensions>
      </trkpt>
      <trkpt lat="46.5229598" lon="9.6149898">
        <ele>1569.9</ele>
        <time>2026-09-12T14:02:59Z</time>
        <hdop>12.2</hdop>
        <extensions>
          <osmand:speed>0.9</osmand:speed>
        </extensions>
      </trkpt>
      <trkpt lat="46.5229685" lon="9.6150695">
        <ele>1565.9</ele>
        <time>2026-09-12T14:03:05Z</time>
        <hdop>9.7</hdop>
        <extensions>
          <osmand:speed>0.2</osmand:speed>
        </extensions>
      </trkpt>
      <trkpt lat="46.5229407" lon="9.6150818">
        <ele>1564.9</ele>
        <time>2026-09-12T14:03:11Z</time>
        <hdop>10.2</hdop>
        <extensions>
          <osmand:speed>0.6</osmand:speed>
        </extensions>
      </trkpt>
      <trkpt lat="46.5229102" lon="9.6151177">
        <ele>1564.9</ele>
        <time>2026-09-12T14:03:17Z</time>
        <hdop>13.8</hdop>
        <extensions>
          <osmand:speed>0.9</osmand:speed>
        </extensions>
      </trkpt>
      <trkpt lat="46.522925" lon="9.6151377">
        <ele>1564.9</ele>
        <time>2026-09-12T14:03:24Z</time>
        <hdop>13.8</hdop>
        <extensions>
          <osmand:speed>0.3</osmand:speed>
        </extensions>
      </trkpt>
      <trkpt lat="46.5229729" lon="9.6152076">
        <ele>1563.9</ele>
        <time>2026-09-12T14:03:38Z</time>
        <hdop>14.8</hdop>
        <extensions>
          <osmand:speed>0.7</osmand:speed>
        </extensions>
      </trkpt>
      <trkpt lat="46.5229851" lon="9.6152352">
        <ele>1562.9</ele>
        <time>2026-09-12T14:03:45Z</time>
        <hdop>11.7</hdop>
        <extensions>
          <osmand:speed>0.8</osmand:speed>
        </extensions>
      </trkpt>
      <trkpt lat="46.5229967" lon="9.6153">
        <ele>1562.9</ele>
        <time>2026-09-12T14:03:51Z</time>
        <hdop>9.7</hdop>
        <extensions>
          <osmand:speed>0.5</osmand:speed>
        </extensions>
      </trkpt>
      <trkpt lat="46.522984" lon="9.6153473">
        <ele>1563.9</ele>
        <time>2026-09-12T14:03:57Z</time>
        <hdop>12.2</hdop>
        <extensions>
          <osmand:speed>0.9</osmand:speed>
        </extensions>
      </trkpt>
      <trkpt lat="46.5229875" lon="9.6154363">
        <ele>1563.9</ele>
        <time>2026-09-12T14:04:03Z</time>
        <hdop>10.7</hdop>
        <extensions>
          <osmand:speed>1.1</osmand:speed>
        </extensions>
      </trkpt>
      <trkpt lat="46.5230142" lon="9.6154944">
        <ele>1562.9</ele>
        <time>2026-09-12T14:04:09Z</time>
        <hdop>9.2</hdop>
        <extensions>
          <osmand:speed>0.8</osmand:speed>
        </extensions>
      </trkpt>
      <trkpt lat="46.5230139" lon="9.6155638">
        <ele>1560.9</ele>
        <time>2026-09-12T14:04:15Z</time>
        <hdop>11.2</hdop>
        <extensions>
          <osmand:speed>0.8</osmand:speed>
        </extensions>
      </trkpt>
      <trkpt lat="46.5230168" lon="9.6156005">
        <ele>1560.9</ele>
        <time>2026-09-12T14:04:21Z</time>
        <hdop>12.2</hdop>
        <extensions>
          <osmand:speed>0.9</osmand:speed>
        </extensions>
      </trkpt>
      <trkpt lat="46.5230229" lon="9.615673">
        <ele>1558.9</ele>
        <time>2026-09-12T14:04:27Z</time>
        <hdop>13.3</hdop>
        <extensions>
          <osmand:speed>1.1</osmand:speed>
        </extensions>
      </trkpt>
      <trkpt lat="46.523033" lon="9.6157373">
        <ele>1557.9</ele>
        <time>2026-09-12T14:04:33Z</time>
        <hdop>11.7</hdop>
        <extensions>
          <osmand:speed>0.7</osmand:speed>
        </extensions>
      </trkpt>
      <trkpt lat="46.523025" lon="9.6158089">
        <ele>1557.9</ele>
        <time>2026-09-12T14:04:39Z</time>
        <hdop>10.7</hdop>
        <extensions>
          <osmand:speed>1.1</osmand:speed>
        </extensions>
      </trkpt>
      <trkpt lat="46.5229988" lon="9.615868">
        <ele>1556.9</ele>
        <time>2026-09-12T14:04:45Z</time>
        <hdop>10.7</hdop>
        <extensions>
          <osmand:speed>0.4</osmand:speed>
        </extensions>
      </trkpt>
      <trkpt lat="46.5229936" lon="9.6159271">
        <ele>1554.9</ele>
        <time>2026-09-12T14:04:51Z</time>
        <hdop>9.7</hdop>
        <extensions>
          <osmand:speed>0.6</osmand:speed>
        </extensions>
      </trkpt>
      <trkpt lat="46.5229675" lon="9.6159776">
        <ele>1554.9</ele>
        <time>2026-09-12T14:04:57Z</time>
        <hdop>10.2</hdop>
        <extensions>
          <osmand:speed>0.4</osmand:speed>
        </extensions>
      </trkpt>
      <trkpt lat="46.5229657" lon="9.6160088">
        <ele>1551.9</ele>
        <time>2026-09-12T14:05:11Z</time>
        <hdop>9.2</hdop>
        <extensions>
          <osmand:speed>0.7</osmand:speed>
        </extensions>
      </trkpt>
      <trkpt lat="46.5229633" lon="9.6160708">
        <ele>1551.9</ele>
        <time>2026-09-12T14:05:17Z</time>
        <hdop>12.8</hdop>
        <extensions>
          <osmand:speed>1.1</osmand:speed>
        </extensions>
      </trkpt>
      <trkpt lat="46.5229682" lon="9.6161526">
        <ele>1550.9</ele>
        <time>2026-09-12T14:05:23Z</time>
        <hdop>12.2</hdop>
        <extensions>
          <osmand:speed>0.6</osmand:speed>
        </extensions>
      </trkpt>
      <trkpt lat="46.5229937" lon="9.61619">
        <ele>1550.9</ele>
        <time>2026-09-12T14:05:29Z</time>
        <hdop>12.2</hdop>
        <extensions>
          <osmand:speed>1.4</osmand:speed>
        </extensions>
      </trkpt>
      <trkpt lat="46.5230084" lon="9.6162195">
        <ele>1550.9</ele>
        <time>2026-09-12T14:05:35Z</time>
        <hdop>12.2</hdop>
        <extensions>
          <osmand:speed>0.3</osmand:speed>
        </extensions>
      </trkpt>
      <trkpt lat="46.5230069" lon="9.6162819">
        <ele>1550.9</ele>
        <time>2026-09-12T14:05:41Z</time>
        <hdop>14.3</hdop>
        <extensions>
          <osmand:speed>1.1</osmand:speed>
        </extensions>
      </trkpt>
      <trkpt lat="46.5230477" lon="9.6163207">
        <ele>1550.9</ele>
        <time>2026-09-12T14:05:47Z</time>
        <hdop>13.3</hdop>
        <extensions>
          <osmand:speed>1</osmand:speed>
        </extensions>
      </trkpt>
      <trkpt lat="46.5230795" lon="9.6163238">
        <ele>1550.9</ele>
        <time>2026-09-12T14:05:53Z</time>
        <hdop>14.3</hdop>
        <extensions>
          <osmand:speed>1.1</osmand:speed>
        </extensions>
      </trkpt>
      <trkpt lat="46.5231095" lon="9.6163506">
        <ele>1550.9</ele>
        <time>2026-09-12T14:06:00Z</time>
        <hdop>14.8</hdop>
        <extensions>
          <osmand:speed>0.4</osmand:speed>
        </extensions>
      </trkpt>
      <trkpt lat="46.5231721" lon="9.6163225">
        <ele>1550.9</ele>
        <time>2026-09-12T14:06:08Z</time>
        <hdop>14.8</hdop>
        <extensions>
          <osmand:speed>0.9</osmand:speed>
        </extensions>
      </trkpt>
      <trkpt lat="46.5232434" lon="9.6163156">
        <ele>1550.9</ele>
        <time>2026-09-12T14:06:17Z</time>
        <hdop>14.8</hdop>
        <extensions>
          <osmand:speed>0.8</osmand:speed>
        </extensions>
      </trkpt>
      <trkpt lat="46.523326" lon="9.616335">
        <ele>1550.9</ele>
        <time>2026-09-12T14:06:26Z</time>
        <hdop>13.8</hdop>
        <extensions>
          <osmand:speed>0.8</osmand:speed>
        </extensions>
      </trkpt>
      <trkpt lat="46.5234014" lon="9.6163324">
        <ele>1548.9</ele>
        <time>2026-09-12T14:06:32Z</time>
        <hdop>12.8</hdop>
        <extensions>
          <osmand:speed>0.5</osmand:speed>
        </extensions>
      </trkpt>
      <trkpt lat="46.5234614" lon="9.6163738">
        <ele>1547.9</ele>
        <time>2026-09-12T14:06:38Z</time>
        <hdop>9.7</hdop>
        <extensions>
          <osmand:speed>1.1</osmand:speed>
        </extensions>
      </trkpt>
      <trkpt lat="46.5234772" lon="9.6164376">
        <ele>1544.9</ele>
        <time>2026-09-12T14:06:44Z</time>
        <hdop>13.3</hdop>
        <extensions>
          <osmand:speed>0.9</osmand:speed>
        </extensions>
      </trkpt>
      <trkpt lat="46.5234738" lon="9.6165335">
        <ele>1542.9</ele>
        <time>2026-09-12T14:06:51Z</time>
        <hdop>14.8</hdop>
        <extensions>
          <osmand:speed>0.8</osmand:speed>
        </extensions>
      </trkpt>
      <trkpt lat="46.5234732" lon="9.6166338">
        <ele>1541.9</ele>
        <time>2026-09-12T14:06:57Z</time>
        <hdop>11.7</hdop>
        <extensions>
          <osmand:speed>0.5</osmand:speed>
        </extensions>
      </trkpt>
      <trkpt lat="46.5234241" lon="9.6166498">
        <ele>1541.9</ele>
        <time>2026-09-12T14:07:03Z</time>
        <hdop>11.2</hdop>
        <extensions>
          <osmand:speed>0.1</osmand:speed>
        </extensions>
      </trkpt>
      <trkpt lat="46.5234705" lon="9.6166272">
        <ele>1540.9</ele>
        <time>2026-09-12T14:07:09Z</time>
        <hdop>11.7</hdop>
        <extensions>
          <osmand:speed>1</osmand:speed>
        </extensions>
      </trkpt>
      <trkpt lat="46.5234675" lon="9.6165742">
        <ele>1539.9</ele>
        <time>2026-09-12T14:07:15Z</time>
        <hdop>9.7</hdop>
        <extensions>
          <osmand:speed>0.8</osmand:speed>
        </extensions>
      </trkpt>
      <trkpt lat="46.5234963" lon="9.6164963">
        <ele>1539.9</ele>
        <time>2026-09-12T14:07:21Z</time>
        <hdop>8.7</hdop>
        <extensions>
          <osmand:speed>0.7</osmand:speed>
        </extensions>
      </trkpt>
      <trkpt lat="46.5235341" lon="9.6164269">
        <ele>1537.9</ele>
        <time>2026-09-12T14:07:27Z</time>
        <hdop>10.7</hdop>
        <extensions>
          <osmand:speed>0.5</osmand:speed>
        </extensions>
      </trkpt>
      <trkpt lat="46.5235979" lon="9.6164428">
        <ele>1538.9</ele>
        <time>2026-09-12T14:07:33Z</time>
        <hdop>10.7</hdop>
        <extensions>
          <osmand:speed>1</osmand:speed>
        </extensions>
      </trkpt>
      <trkpt lat="46.5236635" lon="9.6164329">
        <ele>1539.9</ele>
        <time>2026-09-12T14:07:39Z</time>
        <hdop>9.2</hdop>
        <extensions>
          <osmand:speed>1.3</osmand:speed>
        </extensions>
      </trkpt>
      <trkpt lat="46.5237182" lon="9.6164343">
        <ele>1537.9</ele>
        <time>2026-09-12T14:07:45Z</time>
        <hdop>10.2</hdop>
        <extensions>
          <osmand:speed>1</osmand:speed>
        </extensions>
      </trkpt>
      <trkpt lat="46.5237768" lon="9.616471">
        <ele>1538.9</ele>
        <time>2026-09-12T14:07:51Z</time>
        <hdop>11.7</hdop>
        <extensions>
          <osmand:speed>0.9</osmand:speed>
        </extensions>
      </trkpt>
      <trkpt lat="46.5238425" lon="9.6165189">
        <ele>1538.9</ele>
        <time>2026-09-12T14:07:57Z</time>
        <hdop>10.2</hdop>
        <extensions>
          <osmand:speed>1.2</osmand:speed>
        </extensions>
      </trkpt>
      <trkpt lat="46.5238877" lon="9.6165978">
        <ele>1535.9</ele>
        <time>2026-09-12T14:08:03Z</time>
        <hdop>10.2</hdop>
        <extensions>
          <osmand:speed>1</osmand:speed>
        </extensions>
      </trkpt>
      <trkpt lat="46.5239354" lon="9.6166392">
        <ele>1531.9</ele>
        <time>2026-09-12T14:08:09Z</time>
        <hdop>10.2</hdop>
        <extensions>
          <osmand:speed>0.9</osmand:speed>
        </extensions>
      </trkpt>
      <trkpt lat="46.5239735" lon="9.6167088">
        <ele>1529.9</ele>
        <time>2026-09-12T14:08:15Z</time>
        <hdop>10.2</hdop>
        <extensions>
          <osmand:speed>0.6</osmand:speed>
        </extensions>
      </trkpt>
      <trkpt lat="46.5240128" lon="9.6167764">
        <ele>1528.9</ele>
        <time>2026-09-12T14:08:21Z</time>
        <hdop>9.7</hdop>
        <extensions>
          <osmand:speed>1.2</osmand:speed>
        </extensions>
      </trkpt>
      <trkpt lat="46.5240541" lon="9.6168348">
        <ele>1527.9</ele>
        <time>2026-09-12T14:08:27Z</time>
        <hdop>9.7</hdop>
        <extensions>
          <osmand:speed>0.7</osmand:speed>
        </extensions>
      </trkpt>
      <trkpt lat="46.5240846" lon="9.616892">
        <ele>1526.9</ele>
        <time>2026-09-12T14:08:33Z</time>
        <hdop>9.7</hdop>
        <extensions>
          <osmand:speed>0.7</osmand:speed>
        </extensions>
      </trkpt>
      <trkpt lat="46.5241175" lon="9.6169608">
        <ele>1526.9</ele>
        <time>2026-09-12T14:08:39Z</time>
        <hdop>10.2</hdop>
        <extensions>
          <osmand:speed>0.8</osmand:speed>
        </extensions>
      </trkpt>
      <trkpt lat="46.5241467" lon="9.617064">
        <ele>1525.9</ele>
        <time>2026-09-12T14:08:45Z</time>
        <hdop>9.2</hdop>
        <extensions>
          <osmand:speed>1.1</osmand:speed>
        </extensions>
      </trkpt>
      <trkpt lat="46.5241649" lon="9.6171727">
        <ele>1525.9</ele>
        <time>2026-09-12T14:08:51Z</time>
        <hdop>10.2</hdop>
        <extensions>
          <osmand:speed>0.9</osmand:speed>
        </extensions>
      </trkpt>
      <trkpt lat="46.524168" lon="9.6172797">
        <ele>1524.9</ele>
        <time>2026-09-12T14:08:57Z</time>
        <hdop>9.7</hdop>
        <extensions>
          <osmand:speed>0.8</osmand:speed>
        </extensions>
      </trkpt>
      <trkpt lat="46.524156" lon="9.6173905">
        <ele>1523.9</ele>
        <time>2026-09-12T14:09:03Z</time>
        <hdop>8.2</hdop>
        <extensions>
          <osmand:speed>1.3</osmand:speed>
        </extensions>
      </trkpt>
      <trkpt lat="46.5241546" lon="9.6174908">
        <ele>1522.9</ele>
        <time>2026-09-12T14:09:09Z</time>
        <hdop>9.7</hdop>
        <extensions>
          <osmand:speed>0.8</osmand:speed>
        </extensions>
      </trkpt>
      <trkpt lat="46.5241211" lon="9.6175441">
        <ele>1520.9</ele>
        <time>2026-09-12T14:09:15Z</time>
        <hdop>10.2</hdop>
        <extensions>
          <osmand:speed>0.8</osmand:speed>
        </extensions>
      </trkpt>
      <trkpt lat="46.5241048" lon="9.6175923">
        <ele>1519.9</ele>
        <time>2026-09-12T14:09:21Z</time>
        <hdop>10.7</hdop>
        <extensions>
          <osmand:speed>0.6</osmand:speed>
        </extensions>
      </trkpt>
      <trkpt lat="46.5240621" lon="9.6176837">
        <ele>1517.9</ele>
        <time>2026-09-12T14:09:27Z</time>
        <hdop>5.6</hdop>
        <extensions>
          <osmand:speed>2.8</osmand:speed>
        </extensions>
      </trkpt>
      <trkpt lat="46.5240223" lon="9.6177623">
        <ele>1517.9</ele>
        <time>2026-09-12T14:09:33Z</time>
        <hdop>4.6</hdop>
        <extensions>
          <osmand:speed>1.7</osmand:speed>
        </extensions>
      </trkpt>
      <trkpt lat="46.524037" lon="9.6178364">
        <ele>1514.9</ele>
        <time>2026-09-12T14:09:39Z</time>
        <hdop>3.6</hdop>
        <extensions>
          <osmand:speed>0.5</osmand:speed>
        </extensions>
      </trkpt>
      <trkpt lat="46.5240437" lon="9.6178911">
        <ele>1512.9</ele>
        <time>2026-09-12T14:09:45Z</time>
        <hdop>4.1</hdop>
        <extensions>
          <osmand:speed>0.8</osmand:speed>
        </extensions>
      </trkpt>
      <trkpt lat="46.5240478" lon="9.6179445">
        <ele>1513.9</ele>
        <time>2026-09-12T14:09:51Z</time>
        <hdop>4.6</hdop>
        <extensions>
          <osmand:speed>0.5</osmand:speed>
        </extensions>
      </trkpt>
      <trkpt lat="46.5240367" lon="9.618024">
        <ele>1512.9</ele>
        <time>2026-09-12T14:09:57Z</time>
        <hdop>4.6</hdop>
        <extensions>
          <osmand:speed>0.9</osmand:speed>
        </extensions>
      </trkpt>
      <trkpt lat="46.5240062" lon="9.6180342">
        <ele>1511.9</ele>
        <time>2026-09-12T14:10:03Z</time>
        <hdop>11.2</hdop>
        <extensions>
          <osmand:speed>1.1</osmand:speed>
        </extensions>
      </trkpt>
      <trkpt lat="46.5239978" lon="9.6181395">
        <ele>1510.9</ele>
        <time>2026-09-12T14:10:09Z</time>
        <hdop>11.2</hdop>
        <extensions>
          <osmand:speed>1</osmand:speed>
        </extensions>
      </trkpt>
      <trkpt lat="46.5239916" lon="9.6182103">
        <ele>1509.9</ele>
        <time>2026-09-12T14:10:15Z</time>
        <hdop>9.7</hdop>
        <extensions>
          <osmand:speed>0.8</osmand:speed>
        </extensions>
      </trkpt>
      <trkpt lat="46.5240282" lon="9.6182841">
        <ele>1508.9</ele>
        <time>2026-09-12T14:10:21Z</time>
        <hdop>9.2</hdop>
        <extensions>
          <osmand:speed>0.9</osmand:speed>
        </extensions>
      </trkpt>
      <trkpt lat="46.5240267" lon="9.6183754">
        <ele>1508.9</ele>
        <time>2026-09-12T14:10:27Z</time>
        <hdop>9.7</hdop>
        <extensions>
          <osmand:speed>1.1</osmand:speed>
        </extensions>
      </trkpt>
      <trkpt lat="46.5240071" lon="9.6184444">
        <ele>1506.9</ele>
        <time>2026-09-12T14:10:33Z</time>
        <hdop>10.2</hdop>
        <extensions>
          <osmand:speed>1</osmand:speed>
        </extensions>
      </trkpt>
      <trkpt lat="46.5239889" lon="9.6185014">
        <ele>1506.9</ele>
        <time>2026-09-12T14:10:39Z</time>
        <hdop>9.7</hdop>
        <extensions>
          <osmand:speed>0.8</osmand:speed>
        </extensions>
      </trkpt>
      <trkpt lat="46.5239615" lon="9.6185646">
        <ele>1504.9</ele>
        <time>2026-09-12T14:10:45Z</time>
        <hdop>11.7</hdop>
        <extensions>
          <osmand:speed>0.8</osmand:speed>
        </extensions>
      </trkpt>
      <trkpt lat="46.523933" lon="9.6186314">
        <ele>1502.9</ele>
        <time>2026-09-12T14:10:51Z</time>
        <hdop>9.2</hdop>
        <extensions>
          <osmand:speed>1.1</osmand:speed>
        </extensions>
      </trkpt>
      <trkpt lat="46.52393" lon="9.618704">
        <ele>1501.9</ele>
        <time>2026-09-12T14:10:57Z</time>
        <hdop>10.2</hdop>
        <extensions>
          <osmand:speed>0.6</osmand:speed>
        </extensions>
      </trkpt>
      <trkpt lat="46.5239112" lon="9.6187697">
        <ele>1501.9</ele>
        <time>2026-09-12T14:11:03Z</time>
        <hdop>8.7</hdop>
        <extensions>
          <osmand:speed>0.9</osmand:speed>
        </extensions>
      </trkpt>
      <trkpt lat="46.5239089" lon="9.6188346">
        <ele>1500.9</ele>
        <time>2026-09-12T14:11:09Z</time>
        <hdop>8.2</hdop>
        <extensions>
          <osmand:speed>0.7</osmand:speed>
        </extensions>
      </trkpt>
      <trkpt lat="46.5239051" lon="9.6189064">
        <ele>1499.9</ele>
        <time>2026-09-12T14:11:15Z</time>
        <hdop>7.7</hdop>
        <extensions>
          <osmand:speed>1.3</osmand:speed>
        </extensions>
      </trkpt>
      <trkpt lat="46.5238871" lon="9.6189873">
        <ele>1497.9</ele>
        <time>2026-09-12T14:11:21Z</time>
        <hdop>6.6</hdop>
        <extensions>
          <osmand:speed>1.1</osmand:speed>
        </extensions>
      </trkpt>
      <trkpt lat="46.5238825" lon="9.6190701">
        <ele>1495.9</ele>
        <time>2026-09-12T14:11:27Z</time>
        <hdop>7.1</hdop>
        <extensions>
          <osmand:speed>0.9</osmand:speed>
        </extensions>
      </trkpt>
      <trkpt lat="46.523884" lon="9.6191363">
        <ele>1495.9</ele>
        <time>2026-09-12T14:11:33Z</time>
        <hdop>10.2</hdop>
        <extensions>
          <osmand:speed>0.8</osmand:speed>
        </extensions>
      </trkpt>
      <trkpt lat="46.5238609" lon="9.6191835">
        <ele>1494.9</ele>
        <time>2026-09-12T14:11:39Z</time>
        <hdop>8.7</hdop>
        <extensions>
          <osmand:speed>0.8</osmand:speed>
        </extensions>
      </trkpt>
      <trkpt lat="46.5238438" lon="9.6192545">
        <ele>1492.9</ele>
        <time>2026-09-12T14:11:45Z</time>
        <hdop>7.7</hdop>
        <extensions>
          <osmand:speed>0.8</osmand:speed>
        </extensions>
      </trkpt>
      <trkpt lat="46.5238335" lon="9.6193315">
        <ele>1491.9</ele>
        <time>2026-09-12T14:11:51Z</time>
        <hdop>8.2</hdop>
        <extensions>
          <osmand:speed>0.8</osmand:speed>
        </extensions>
      </trkpt>
      <trkpt lat="46.523856" lon="9.6193912">
        <ele>1489.9</ele>
        <time>2026-09-12T14:11:57Z</time>
        <hdop>8.7</hdop>
        <extensions>
          <osmand:speed>0.5</osmand:speed>
        </extensions>
      </trkpt>
      <trkpt lat="46.5238835" lon="9.6194458">
        <ele>1490.9</ele>
        <time>2026-09-12T14:12:03Z</time>
        <hdop>8.7</hdop>
        <extensions>
          <osmand:speed>1</osmand:speed>
        </extensions>
      </trkpt>
      <trkpt lat="46.5239163" lon="9.6195118">
        <ele>1490.9</ele>
        <time>2026-09-12T14:12:09Z</time>
        <hdop>12.8</hdop>
        <extensions>
          <osmand:speed>1.4</osmand:speed>
        </extensions>
      </trkpt>
      <trkpt lat="46.5239583" lon="9.6195689">
        <ele>1490.9</ele>
        <time>2026-09-12T14:12:15Z</time>
        <hdop>13.3</hdop>
        <extensions>
          <osmand:speed>1.4</osmand:speed>
        </extensions>
      </trkpt>
      <trkpt lat="46.5239926" lon="9.6196262">
        <ele>1489.9</ele>
        <time>2026-09-12T14:12:21Z</time>
        <hdop>10.7</hdop>
        <extensions>
          <osmand:speed>1.3</osmand:speed>
        </extensions>
      </trkpt>
      <trkpt lat="46.5240202" lon="9.6196803">
        <ele>1489.9</ele>
        <time>2026-09-12T14:12:27Z</time>
        <hdop>9.7</hdop>
        <extensions>
          <osmand:speed>1.3</osmand:speed>
        </extensions>
      </trkpt>
      <trkpt lat="46.524057" lon="9.6197569">
        <ele>1487.9</ele>
        <time>2026-09-12T14:12:33Z</time>
        <hdop>10.2</hdop>
        <extensions>
          <osmand:speed>1.1</osmand:speed>
        </extensions>
      </trkpt>
      <trkpt lat="46.5240897" lon="9.6198141">
        <ele>1488.9</ele>
        <time>2026-09-12T14:12:39Z</time>
        <hdop>9.7</hdop>
        <extensions>
          <osmand:speed>0.8</osmand:speed>
        </extensions>
      </trkpt>
      <trkpt lat="46.5241076" lon="9.6198983">
        <ele>1487.9</ele>
        <time>2026-09-12T14:12:45Z</time>
        <hdop>9.7</hdop>
        <extensions>
          <osmand:speed>1</osmand:speed>
        </extensions>
      </trkpt>
      <trkpt lat="46.5241066" lon="9.6200093">
        <ele>1487.9</ele>
        <time>2026-09-12T14:12:51Z</time>
        <hdop>9.7</hdop>
        <extensions>
          <osmand:speed>1.3</osmand:speed>
        </extensions>
      </trkpt>
      <trkpt lat="46.5241123" lon="9.6200906">
        <ele>1486.9</ele>
        <time>2026-09-12T14:12:57Z</time>
        <hdop>9.7</hdop>
        <extensions>
          <osmand:speed>1.1</osmand:speed>
        </extensions>
      </trkpt>
      <trkpt lat="46.524111" lon="9.6201645">
        <ele>1485.9</ele>
        <time>2026-09-12T14:13:03Z</time>
        <hdop>10.7</hdop>
        <extensions>
          <osmand:speed>0.9</osmand:speed>
        </extensions>
      </trkpt>
      <trkpt lat="46.5241178" lon="9.6202451">
        <ele>1484.9</ele>
        <time>2026-09-12T14:13:09Z</time>
        <hdop>11.2</hdop>
        <extensions>
          <osmand:speed>0.9</osmand:speed>
        </extensions>
      </trkpt>
      <trkpt lat="46.5241104" lon="9.6202791">
        <ele>1483.9</ele>
        <time>2026-09-12T14:13:19Z</time>
        <hdop>7.7</hdop>
        <extensions>
          <osmand:speed>0.9</osmand:speed>
        </extensions>
      </trkpt>
      <trkpt lat="46.5241064" lon="9.6203459">
        <ele>1480.9</ele>
        <time>2026-09-12T14:13:25Z</time>
        <hdop>8.7</hdop>
        <extensions>
          <osmand:speed>0.1</osmand:speed>
        </extensions>
      </trkpt>
      <trkpt lat="46.5240933" lon="9.6203673">
        <ele>1479.9</ele>
        <time>2026-09-12T14:13:34Z</time>
        <hdop>7.1</hdop>
        <extensions>
          <osmand:speed>0.5</osmand:speed>
        </extensions>
      </trkpt>
      <trkpt lat="46.5240816" lon="9.620438">
        <ele>1479.9</ele>
        <time>2026-09-12T14:13:40Z</time>
        <hdop>10.7</hdop>
        <extensions>
          <osmand:speed>0.8</osmand:speed>
        </extensions>
      </trkpt>
      <trkpt lat="46.524069" lon="9.6205526">
        <ele>1480.9</ele>
        <time>2026-09-12T14:13:46Z</time>
        <hdop>9.7</hdop>
        <extensions>
          <osmand:speed>1.9</osmand:speed>
        </extensions>
      </trkpt>
      <trkpt lat="46.5239856" lon="9.6205893">
        <ele>1480.9</ele>
        <time>2026-09-12T14:13:52Z</time>
        <hdop>6.6</hdop>
        <extensions>
          <osmand:speed>1.2</osmand:speed>
        </extensions>
      </trkpt>
      <trkpt lat="46.5239305" lon="9.6205713">
        <ele>1479.9</ele>
        <time>2026-09-12T14:13:58Z</time>
        <hdop>10.2</hdop>
        <extensions>
          <osmand:speed>0.9</osmand:speed>
        </extensions>
      </trkpt>
      <trkpt lat="46.5238893" lon="9.6205386">
        <ele>1480.9</ele>
        <time>2026-09-12T14:14:04Z</time>
        <hdop>9.2</hdop>
        <extensions>
          <osmand:speed>0.4</osmand:speed>
        </extensions>
      </trkpt>
      <trkpt lat="46.5238799" lon="9.6205682">
        <ele>1479.9</ele>
        <time>2026-09-12T14:14:13Z</time>
        <hdop>9.2</hdop>
        <extensions>
          <osmand:speed>0.8</osmand:speed>
        </extensions>
      </trkpt>
      <trkpt lat="46.5238608" lon="9.6206198">
        <ele>1480.9</ele>
        <time>2026-09-12T14:14:19Z</time>
        <hdop>9.2</hdop>
        <extensions>
          <osmand:speed>1.4</osmand:speed>
        </extensions>
      </trkpt>
      <trkpt lat="46.5238247" lon="9.6207014">
        <ele>1478.9</ele>
        <time>2026-09-12T14:14:25Z</time>
        <hdop>10.7</hdop>
        <extensions>
          <osmand:speed>1.1</osmand:speed>
        </extensions>
      </trkpt>
      <trkpt lat="46.5238006" lon="9.6207321">
        <ele>1479.9</ele>
        <time>2026-09-12T14:14:31Z</time>
        <hdop>9.2</hdop>
        <extensions>
          <osmand:speed>1.1</osmand:speed>
        </extensions>
      </trkpt>
      <trkpt lat="46.5237815" lon="9.6207171">
        <ele>1480.9</ele>
        <time>2026-09-12T14:14:39Z</time>
        <hdop>9.2</hdop>
        <extensions>
          <osmand:speed>0.7</osmand:speed>
        </extensions>
      </trkpt>
      <trkpt lat="46.5238056" lon="9.620705">
        <ele>1480.9</ele>
        <time>2026-09-12T14:14:45Z</time>
        <hdop>9.2</hdop>
        <extensions>
          <osmand:speed>1</osmand:speed>
        </extensions>
      </trkpt>
      <trkpt lat="46.5238004" lon="9.6207558">
        <ele>1480.9</ele>
        <time>2026-09-12T14:14:51Z</time>
        <hdop>9.2</hdop>
        <extensions>
          <osmand:speed>0.9</osmand:speed>
        </extensions>
      </trkpt>
      <trkpt lat="46.5237593" lon="9.6207976">
        <ele>1481.9</ele>
        <time>2026-09-12T14:14:57Z</time>
        <hdop>9.7</hdop>
        <extensions>
          <osmand:speed>1</osmand:speed>
        </extensions>
      </trkpt>
      <trkpt lat="46.5237169" lon="9.6208203">
        <ele>1481.9</ele>
        <time>2026-09-12T14:15:03Z</time>
        <hdop>8.2</hdop>
        <extensions>
          <osmand:speed>1.1</osmand:speed>
        </extensions>
      </trkpt>
      <trkpt lat="46.5236801" lon="9.6208563">
        <ele>1482.9</ele>
        <time>2026-09-12T14:15:09Z</time>
        <hdop>8.2</hdop>
        <extensions>
          <osmand:speed>0.6</osmand:speed>
        </extensions>
      </trkpt>
      <trkpt lat="46.5236511" lon="9.6209062">
        <ele>1482.9</ele>
        <time>2026-09-12T14:15:15Z</time>
        <hdop>11.7</hdop>
        <extensions>
          <osmand:speed>0.5</osmand:speed>
        </extensions>
      </trkpt>
      <trkpt lat="46.5236243" lon="9.6209735">
        <ele>1481.9</ele>
        <time>2026-09-12T14:15:21Z</time>
        <hdop>11.2</hdop>
        <extensions>
          <osmand:speed>0.5</osmand:speed>
        </extensions>
      </trkpt>
      <trkpt lat="46.5235743" lon="9.6210426">
        <ele>1481.9</ele>
        <time>2026-09-12T14:15:27Z</time>
        <hdop>10.7</hdop>
        <extensions>
          <osmand:speed>0.8</osmand:speed>
        </extensions>
      </trkpt>
      <trkpt lat="46.5235453" lon="9.6210716">
        <ele>1478.9</ele>
        <time>2026-09-12T14:15:33Z</time>
        <hdop>11.7</hdop>
        <extensions>
          <osmand:speed>0.3</osmand:speed>
        </extensions>
      </trkpt>
      <trkpt lat="46.5235472" lon="9.6210348">
        <ele>1478.9</ele>
        <time>2026-09-12T14:15:39Z</time>
        <hdop>9.2</hdop>
        <extensions>
          <osmand:speed>1.1</osmand:speed>
        </extensions>
      </trkpt>
      <trkpt lat="46.5235865" lon="9.6210132">
        <ele>1478.9</ele>
        <time>2026-09-12T14:15:45Z</time>
        <hdop>12.2</hdop>
        <extensions>
          <osmand:speed>1.4</osmand:speed>
        </extensions>
      </trkpt>
      <trkpt lat="46.5236092" lon="9.6209826">
        <ele>1479.9</ele>
        <time>2026-09-12T14:15:51Z</time>
        <hdop>12.8</hdop>
        <extensions>
          <osmand:speed>0.6</osmand:speed>
        </extensions>
      </trkpt>
      <trkpt lat="46.523636" lon="9.6209196">
        <ele>1478.9</ele>
        <time>2026-09-12T14:15:57Z</time>
        <hdop>14.3</hdop>
        <extensions>
          <osmand:speed>1.1</osmand:speed>
        </extensions>
      </trkpt>
      <trkpt lat="46.5236637" lon="9.6208439">
        <ele>1478.9</ele>
        <time>2026-09-12T14:16:03Z</time>
        <hdop>11.2</hdop>
        <extensions>
          <osmand:speed>1.1</osmand:speed>
        </extensions>
      </trkpt>
      <trkpt lat="46.523705" lon="9.6207937">
        <ele>1478.9</ele>
        <time>2026-09-12T14:16:09Z</time>
        <hdop>12.8</hdop>
        <extensions>
          <osmand:speed>0.9</osmand:speed>
        </extensions>
      </trkpt>
      <trkpt lat="46.5237391" lon="9.6207359">
        <ele>1478.9</ele>
        <time>2026-09-12T14:16:15Z</time>
        <hdop>11.7</hdop>
        <extensions>
          <osmand:speed>0.9</osmand:speed>
        </extensions>
      </trkpt>
      <trkpt lat="46.5237593" lon="9.620687">
        <ele>1478.9</ele>
        <time>2026-09-12T14:16:21Z</time>
        <hdop>11.7</hdop>
        <extensions>
          <osmand:speed>0.9</osmand:speed>
        </extensions>
      </trkpt>
      <trkpt lat="46.5237478" lon="9.620663">
        <ele>1478.9</ele>
        <time>2026-09-12T14:16:27Z</time>
        <hdop>9.2</hdop>
        <extensions>
          <osmand:speed>0.8</osmand:speed>
        </extensions>
      </trkpt>
      <trkpt lat="46.5237093" lon="9.6206657">
        <ele>1479.9</ele>
        <time>2026-09-12T14:16:33Z</time>
        <hdop>11.7</hdop>
        <extensions>
          <osmand:speed>0.8</osmand:speed>
        </extensions>
      </trkpt>
      <trkpt lat="46.5236818" lon="9.6207126">
        <ele>1479.9</ele>
        <time>2026-09-12T14:16:39Z</time>
        <hdop>12.2</hdop>
        <extensions>
          <osmand:speed>1.1</osmand:speed>
        </extensions>
      </trkpt>
      <trkpt lat="46.5236583" lon="9.62073">
        <ele>1479.9</ele>
        <time>2026-09-12T14:16:45Z</time>
        <hdop>14.3</hdop>
        <extensions>
          <osmand:speed>0.6</osmand:speed>
        </extensions>
      </trkpt>
      <trkpt lat="46.5236024" lon="9.620714">
        <ele>1478.9</ele>
        <time>2026-09-12T14:16:52Z</time>
        <hdop>14.8</hdop>
        <extensions>
          <osmand:speed>0.9</osmand:speed>
        </extensions>
      </trkpt>
      <trkpt lat="46.5236277" lon="9.6206972">
        <ele>1476.9</ele>
        <time>2026-09-12T14:16:58Z</time>
        <hdop>13.8</hdop>
        <extensions>
          <osmand:speed>0.2</osmand:speed>
        </extensions>
      </trkpt>
    </trkseg>
  </trk>
  <extensions>
    <osmand:show_arrows>false</osmand:show_arrows>
    <osmand:show_start_finish>true</osmand:show_start_finish>
    <osmand:split_interval>0.0</osmand:split_interval>
    <osmand:split_type>no_split</osmand:split_type>
    <osmand:line_3d_visualization_by_type>none</osmand:line_3d_visualization_by_type>
    <osmand:line_3d_visualization_wall_color_type>none</osmand:line_3d_visualization_wall_color_type>
    <osmand:line_3d_visualization_position_type>top</osmand:line_3d_visualization_position_type>
    <osmand:vertical_exaggeration_scale>1.0</osmand:vertical_exaggeration_scale>
    <osmand:elevation_meters>1000.0</osmand:elevation_meters>
    <osmand:width></osmand:width>
    <osmand:coloring_type>solid</osmand:coloring_type>
  </extensions>
</gpx>