<?xml version='1.0' encoding='UTF-8' standalone='yes' ?>
<gpx version="1.1" creator="OsmAnd+ 5.3.10" xmlns="http://www.topografix.com/GPX/1/1" xmlns:osmand="https://osmand.net/docs/technical/osmand-file-formats/osmand-gpx" xmlns:gpxtpx="https://www8.garmin.com/xmlschemas/TrackPointExtensionv1.xsd" xmlns:xsi="http://www.w3.org/2001/XMLSchema-instance" xsi:schemaLocation="http://www.topografix.com/GPX/1/1 https://www.topografix.com/GPX/1/1/gpx.xsd">
  <metadata>
    <name>2026-06-13_07-56_Sat</name>
    <time>2026-06-13T12:35:04Z</time>
  </metadata>
  <trk>
    <trkseg>
      <trkpt lat="46.920216" lon="9.3547803">
        <ele>1339.5</ele>
        <time>2026-06-13T05:56:28Z</time>
        <hdop>10.7</hdop>
        <extensions>
          <osmand:speed>2.2</osmand:speed>
        </extensions>
      </trkpt>
    </trkseg>
    <trkseg>
      <trkpt lat="46.9202422" lon="9.3547653">
        <ele>1339.5</ele>
        <time>2026-06-13T05:56:34Z</time>
        <hdop>11.2</hdop>
        <extensions>
          <osmand:speed>0.1</osmand:speed>
        </extensions>
      </trkpt>
      <trkpt lat="46.9201941" lon="9.3547708">
        <ele>1338.5</ele>
        <time>2026-06-13T05:56:40Z</time>
        <hdop>10.2</hdop>
        <extensions>
          <osmand:speed>0.2</osmand:speed>
        </extensions>
      </trkpt>
      <trkpt lat="46.9202117" lon="9.3547776">
        <ele>1338.5</ele>
        <time>2026-06-13T05:56:49Z</time>
        <hdop>11.7</hdop>
        <extensions>
          <osmand:speed>0.7</osmand:speed>
        </extensions>
      </trkpt>
      <trkpt lat="46.920226" lon="9.354759">
        <ele>1338.5</ele>
        <time>2026-06-13T05:57:09Z</time>
        <hdop>13.8</hdop>
        <extensions>
          <osmand:speed>0.2</osmand:speed>
        </extensions>
      </trkpt>
      <trkpt lat="46.920236" lon="9.3547278">
        <ele>1339.5</ele>
        <time>2026-06-13T05:57:15Z</time>
        <hdop>13.3</hdop>
        <extensions>
          <osmand:speed>0.2</osmand:speed>
        </extensions>
      </trkpt>
      <trkpt lat="46.9202181" lon="9.354746">
        <ele>1339.5</ele>
        <time>2026-06-13T05:57:27Z</time>
        <hdop>12.2</hdop>
        <extensions>
          <osmand:speed>0.3</osmand:speed>
        </extensions>
      </trkpt>
      <trkpt lat="46.9202393" lon="9.3547433">
        <ele>1340.5</ele>
        <time>2026-06-13T05:57:55Z</time>
        <hdop>12.8</hdop>
        <extensions>
          <osmand:speed>0.1</osmand:speed>
        </extensions>
      </trkpt>
      <trkpt lat="46.9202201" lon="9.3547451">
        <ele>1339.5</ele>
        <time>2026-06-13T05:58:01Z</time>
        <hdop>9.7</hdop>
      </trkpt>
      <trkpt lat="46.920205" lon="9.3547693">
        <ele>1341.5</ele>
        <time>2026-06-13T05:58:14Z</time>
        <hdop>14.8</hdop>
        <extensions>
          <osmand:speed>0</osmand:speed>
        </extensions>
      </trkpt>
      <trkpt lat="46.9202119" lon="9.3547395">
        <ele>1341.5</ele>
        <time>2026-06-13T05:58:32Z</time>
        <hdop>12.2</hdop>
        <extensions>
          <osmand:speed>0.2</osmand:speed>
        </extensions>
      </trkpt>
      <trkpt lat="46.9202316" lon="9.3547515">
        <ele>1339.5</ele>
        <time>2026-06-13T05:58:49Z</time>
        <hdop>14.8</hdop>
        <extensions>
          <osmand:speed>0.2</osmand:speed>
        </extensions>
      </trkpt>
      <trkpt lat="46.9202376" lon="9.3547221">
        <ele>1336.5</ele>
        <time>2026-06-13T05:59:24Z</time>
        <hdop>12.2</hdop>
        <extensions>
          <osmand:speed>0</osmand:speed>
        </extensions>
      </trkpt>
      <trkpt lat="46.9202198" lon="9.3547337">
        <ele>1333.5</ele>
        <time>2026-06-13T05:59:37Z</time>
        <hdop>13.8</hdop>
        <extensions>
          <osmand:speed>0</osmand:speed>
        </extensions>
      </trkpt>
      <trkpt lat="46.9202384" lon="9.3547537">
        <ele>1334.5</ele>
        <time>2026-06-13T05:59:47Z</time>
        <hdop>8.2</hdop>
        <extensions>
          <osmand:speed>0.9</osmand:speed>
        </extensions>
      </trkpt>
      <trkpt lat="46.9202302" lon="9.3547187">
        <ele>1335.5</ele>
        <time>2026-06-13T06:00:47Z</time>
        <hdop>11.2</hdop>
        <extensions>
          <osmand:speed>0.1</osmand:speed>
        </extensions>
      </trkpt>
      <trkpt lat="46.9202131" lon="9.3547051">
        <ele>1335.5</ele>
        <time>2026-06-13T06:00:54Z</time>
        <hdop>10.7</hdop>
        <extensions>
          <osmand:speed>0.2</osmand:speed>
        </extensions>
      </trkpt>
      <trkpt lat="46.9202207" lon="9.354753">
        <ele>1335.5</ele>
        <time>2026-06-13T06:01:00Z</time>
        <hdop>13.3</hdop>
        <extensions>
          <osmand:speed>0.6</osmand:speed>
        </extensions>
      </trkpt>
      <trkpt lat="46.9202231" lon="9.3547204">
        <ele>1334.5</ele>
        <time>2026-06-13T06:01:06Z</time>
        <hdop>9.7</hdop>
        <extensions>
          <osmand:speed>0.7</osmand:speed>
        </extensions>
      </trkpt>
      <trkpt lat="46.9202357" lon="9.354639">
        <ele>1334.5</ele>
        <time>2026-06-13T06:01:12Z</time>
        <hdop>13.3</hdop>
        <extensions>
          <osmand:speed>1.2</osmand:speed>
        </extensions>
      </trkpt>
      <trkpt lat="46.9202902" lon="9.354572">
        <ele>1335.5</ele>
        <time>2026-06-13T06:01:18Z</time>
        <hdop>12.2</hdop>
        <extensions>
          <osmand:speed>1.2</osmand:speed>
        </extensions>
      </trkpt>
      <trkpt lat="46.9203208" lon="9.3544926">
        <ele>1337.5</ele>
        <time>2026-06-13T06:01:24Z</time>
        <hdop>12.8</hdop>
        <extensions>
          <osmand:speed>0.9</osmand:speed>
        </extensions>
      </trkpt>
      <trkpt lat="46.9203374" lon="9.3544262">
        <ele>1338.5</ele>
        <time>2026-06-13T06:01:30Z</time>
        <hdop>10.7</hdop>
        <extensions>
          <osmand:speed>0.7</osmand:speed>
        </extensions>
      </trkpt>
      <trkpt lat="46.9203616" lon="9.3543312">
        <ele>1338.5</ele>
        <time>2026-06-13T06:01:36Z</time>
        <hdop>10.2</hdop>
        <extensions>
          <osmand:speed>1.3</osmand:speed>
        </extensions>
      </trkpt>
      <trkpt lat="46.9204063" lon="9.354283">
        <ele>1337.5</ele>
        <time>2026-06-13T06:01:42Z</time>
        <hdop>9.7</hdop>
        <extensions>
          <osmand:speed>1.1</osmand:speed>
        </extensions>
      </trkpt>
      <trkpt lat="46.9204389" lon="9.3542092">
        <ele>1338.5</ele>
        <time>2026-06-13T06:01:48Z</time>
        <hdop>6.1</hdop>
        <extensions>
          <osmand:speed>1.4</osmand:speed>
        </extensions>
      </trkpt>
      <trkpt lat="46.9204143" lon="9.3541293">
        <ele>1337.5</ele>
        <time>2026-06-13T06:01:54Z</time>
        <hdop>8.2</hdop>
        <extensions>
          <osmand:speed>0.8</osmand:speed>
        </extensions>
      </trkpt>
      <trkpt lat="46.9203906" lon="9.3540873">
        <ele>1336.5</ele>
        <time>2026-06-13T06:02:00Z</time>
        <hdop>8.7</hdop>
        <extensions>
          <osmand:speed>0.6</osmand:speed>
        </extensions>
      </trkpt>
      <trkpt lat="46.920359" lon="9.3540443">
        <ele>1337.5</ele>
        <time>2026-06-13T06:02:06Z</time>
        <hdop>8.7</hdop>
        <extensions>
          <osmand:speed>0.6</osmand:speed>
        </extensions>
      </trkpt>
      <trkpt lat="46.9203661" lon="9.3539927">
        <ele>1338.5</ele>
        <time>2026-06-13T06:02:12Z</time>
        <hdop>1.5</hdop>
      </trkpt>
      <trkpt lat="46.9203681" lon="9.3539661">
        <ele>1338.5</ele>
        <time>2026-06-13T06:02:21Z</time>
        <hdop>4.1</hdop>
        <extensions>
          <osmand:speed>0.6</osmand:speed>
        </extensions>
      </trkpt>
      <trkpt lat="46.9203684" lon="9.3539344">
        <ele>1338.5</ele>
        <time>2026-06-13T06:02:27Z</time>
        <hdop>7.7</hdop>
        <extensions>
          <osmand:speed>0.3</osmand:speed>
        </extensions>
      </trkpt>
      <trkpt lat="46.9203832" lon="9.3539113">
        <ele>1338.5</ele>
        <time>2026-06-13T06:02:34Z</time>
        <hdop>9.2</hdop>
        <extensions>
          <osmand:speed>0.5</osmand:speed>
        </extensions>
      </trkpt>
      <trkpt lat="46.9204095" lon="9.3538262">
        <ele>1337.5</ele>
        <time>2026-06-13T06:02:41Z</time>
        <hdop>11.2</hdop>
        <extensions>
          <osmand:speed>0.8</osmand:speed>
        </extensions>
      </trkpt>
      <trkpt lat="46.9204117" lon="9.3537677">
        <ele>1336.5</ele>
        <time>2026-06-13T06:02:47Z</time>
        <hdop>12.8</hdop>
        <extensions>
          <osmand:speed>1.1</osmand:speed>
        </extensions>
      </trkpt>
      <trkpt lat="46.920363" lon="9.3537155">
        <ele>1337.5</ele>
        <time>2026-06-13T06:02:53Z</time>
        <hdop>11.2</hdop>
        <extensions>
          <osmand:speed>1.4</osmand:speed>
        </extensions>
      </trkpt>
      <trkpt lat="46.9203858" lon="9.3536425">
        <ele>1339.5</ele>
        <time>2026-06-13T06:02:59Z</time>
        <hdop>11.7</hdop>
        <extensions>
          <osmand:speed>1.2</osmand:speed>
        </extensions>
      </trkpt>
      <trkpt lat="46.9204136" lon="9.3535781">
        <ele>1340.5</ele>
        <time>2026-06-13T06:03:05Z</time>
        <hdop>7.7</hdop>
        <extensions>
          <osmand:speed>1</osmand:speed>
        </extensions>
      </trkpt>
      <trkpt lat="46.9203906" lon="9.353588">
        <ele>1343.5</ele>
        <time>2026-06-13T06:03:15Z</time>
        <hdop>7.7</hdop>
        <extensions>
          <osmand:speed>0.4</osmand:speed>
        </extensions>
      </trkpt>
      <trkpt lat="46.9203769" lon="9.3535424">
        <ele>1344.5</ele>
        <time>2026-06-13T06:03:21Z</time>
        <hdop>8.2</hdop>
        <extensions>
          <osmand:speed>0.6</osmand:speed>
        </extensions>
      </trkpt>
      <trkpt lat="46.920369" lon="9.3534918">
        <ele>1345.5</ele>
        <time>2026-06-13T06:03:27Z</time>
        <hdop>10.2</hdop>
        <extensions>
          <osmand:speed>0.8</osmand:speed>
        </extensions>
      </trkpt>
      <trkpt lat="46.9203521" lon="9.3534305">
        <ele>1346.5</ele>
        <time>2026-06-13T06:03:33Z</time>
        <hdop>11.7</hdop>
        <extensions>
          <osmand:speed>0.5</osmand:speed>
        </extensions>
      </trkpt>
      <trkpt lat="46.920324" lon="9.3533409">
        <ele>1348.5</ele>
        <time>2026-06-13T06:03:39Z</time>
        <hdop>9.7</hdop>
        <extensions>
          <osmand:speed>1.4</osmand:speed>
        </extensions>
      </trkpt>
      <trkpt lat="46.9203328" lon="9.3532372">
        <ele>1349.5</ele>
        <time>2026-06-13T06:03:45Z</time>
        <hdop>10.2</hdop>
        <extensions>
          <osmand:speed>1.5</osmand:speed>
        </extensions>
      </trkpt>
      <trkpt lat="46.9203193" lon="9.3531377">
        <ele>1347.5</ele>
        <time>2026-06-13T06:03:51Z</time>
        <hdop>9.2</hdop>
        <extensions>
          <osmand:speed>0.8</osmand:speed>
        </extensions>
      </trkpt>
      <trkpt lat="46.920314" lon="9.3530488">
        <ele>1346.5</ele>
        <time>2026-06-13T06:03:57Z</time>
        <hdop>7.1</hdop>
        <extensions>
          <osmand:speed>1</osmand:speed>
        </extensions>
      </trkpt>
      <trkpt lat="46.9203085" lon="9.3529783">
        <ele>1347.5</ele>
        <time>2026-06-13T06:04:03Z</time>
        <hdop>7.7</hdop>
        <extensions>
          <osmand:speed>0.8</osmand:speed>
        </extensions>
      </trkpt>
      <trkpt lat="46.9203116" lon="9.3528754">
        <ele>1346.5</ele>
        <time>2026-06-13T06:04:09Z</time>
        <hdop>8.2</hdop>
        <extensions>
          <osmand:speed>1.3</osmand:speed>
        </extensions>
      </trkpt>
      <trkpt lat="46.9203252" lon="9.352797">
        <ele>1346.5</ele>
        <time>2026-06-13T06:04:15Z</time>
        <hdop>6.6</hdop>
        <extensions>
          <osmand:speed>0.9</osmand:speed>
        </extensions>
      </trkpt>
      <trkpt lat="46.9203405" lon="9.3527157">
        <ele>1346.5</ele>
        <time>2026-06-13T06:04:21Z</time>
        <hdop>9.2</hdop>
        <extensions>
          <osmand:speed>0.4</osmand:speed>
        </extensions>
      </trkpt>
      <trkpt lat="46.920359" lon="9.3526825">
        <ele>1344.5</ele>
        <time>2026-06-13T06:04:27Z</time>
        <hdop>7.7</hdop>
        <extensions>
          <osmand:speed>0.8</osmand:speed>
        </extensions>
      </trkpt>
      <trkpt lat="46.9203662" lon="9.3526069">
        <ele>1345.5</ele>
        <time>2026-06-13T06:04:33Z</time>
        <hdop>6.6</hdop>
        <extensions>
          <osmand:speed>1.5</osmand:speed>
        </extensions>
      </trkpt>
      <trkpt lat="46.9203684" lon="9.3525466">
        <ele>1346.5</ele>
        <time>2026-06-13T06:04:39Z</time>
        <hdop>7.1</hdop>
        <extensions>
          <osmand:speed>0.6</osmand:speed>
        </extensions>
      </trkpt>
      <trkpt lat="46.9203937" lon="9.3524808">
        <ele>1347.5</ele>
        <time>2026-06-13T06:04:45Z</time>
        <hdop>11.7</hdop>
        <extensions>
          <osmand:speed>0.6</osmand:speed>
        </extensions>
      </trkpt>
      <trkpt lat="46.9204136" lon="9.3524432">
        <ele>1348.5</ele>
        <time>2026-06-13T06:04:51Z</time>
        <hdop>7.7</hdop>
        <extensions>
          <osmand:speed>0.7</osmand:speed>
        </extensions>
      </trkpt>
      <trkpt lat="46.9204404" lon="9.3523551">
        <ele>1350.5</ele>
        <time>2026-06-13T06:04:57Z</time>
        <hdop>9.2</hdop>
        <extensions>
          <osmand:speed>1</osmand:speed>
        </extensions>
      </trkpt>
      <trkpt lat="46.9204656" lon="9.3522992">
        <ele>1353.5</ele>
        <time>2026-06-13T06:05:03Z</time>
        <hdop>9.2</hdop>
        <extensions>
          <osmand:speed>0.8</osmand:speed>
        </extensions>
      </trkpt>
      <trkpt lat="46.9204741" lon="9.3522393">
        <ele>1353.5</ele>
        <time>2026-06-13T06:05:09Z</time>
        <hdop>6.1</hdop>
        <extensions>
          <osmand:speed>0.9</osmand:speed>
        </extensions>
      </trkpt>
      <trkpt lat="46.9204725" lon="9.3521821">
        <ele>1355.5</ele>
        <time>2026-06-13T06:05:15Z</time>
        <hdop>6.1</hdop>
        <extensions>
          <osmand:speed>0.6</osmand:speed>
        </extensions>
      </trkpt>
      <trkpt lat="46.9205048" lon="9.3521104">
        <ele>1357.5</ele>
        <time>2026-06-13T06:05:21Z</time>
        <hdop>6.6</hdop>
        <extensions>
          <osmand:speed>0.8</osmand:speed>
        </extensions>
      </trkpt>
      <trkpt lat="46.9205185" lon="9.3520679">
        <ele>1357.5</ele>
        <time>2026-06-13T06:05:27Z</time>
        <hdop>7.7</hdop>
        <extensions>
          <osmand:speed>0.8</osmand:speed>
        </extensions>
      </trkpt>
      <trkpt lat="46.9205317" lon="9.3520041">
        <ele>1358.5</ele>
        <time>2026-06-13T06:05:33Z</time>
        <hdop>7.1</hdop>
        <extensions>
          <osmand:speed>1</osmand:speed>
        </extensions>
      </trkpt>
      <trkpt lat="46.9205271" lon="9.3519227">
        <ele>1359.5</ele>
        <time>2026-06-13T06:05:39Z</time>
        <hdop>7.1</hdop>
        <extensions>
          <osmand:speed>1.2</osmand:speed>
        </extensions>
      </trkpt>
      <trkpt lat="46.9205361" lon="9.3518409">
        <ele>1359.5</ele>
        <time>2026-06-13T06:05:45Z</time>
        <hdop>7.1</hdop>
        <extensions>
          <osmand:speed>0.7</osmand:speed>
        </extensions>
      </trkpt>
      <trkpt lat="46.9205558" lon="9.3518012">
        <ele>1361.5</ele>
        <time>2026-06-13T06:05:51Z</time>
        <hdop>7.1</hdop>
        <extensions>
          <osmand:speed>0.9</osmand:speed>
        </extensions>
      </trkpt>
      <trkpt lat="46.920549" lon="9.3517755">
        <ele>1361.5</ele>
        <time>2026-06-13T06:05:57Z</time>
        <hdop>6.6</hdop>
        <extensions>
          <osmand:speed>1.1</osmand:speed>
        </extensions>
      </trkpt>
      <trkpt lat="46.9205422" lon="9.3517066">
        <ele>1363.5</ele>
        <time>2026-06-13T06:06:03Z</time>
        <hdop>8.2</hdop>
        <extensions>
          <osmand:speed>1</osmand:speed>
        </extensions>
      </trkpt>
      <trkpt lat="46.9205565" lon="9.3516733">
        <ele>1364.5</ele>
        <time>2026-06-13T06:06:09Z</time>
        <hdop>7.1</hdop>
        <extensions>
          <osmand:speed>0.3</osmand:speed>
        </extensions>
      </trkpt>
      <trkpt lat="46.9205878" lon="9.3515532">
        <ele>1364.5</ele>
        <time>2026-06-13T06:06:15Z</time>
        <hdop>8.7</hdop>
        <extensions>
          <osmand:speed>1.1</osmand:speed>
        </extensions>
      </trkpt>
      <trkpt lat="46.9206043" lon="9.3514745">
        <ele>1364.5</ele>
        <time>2026-06-13T06:06:21Z</time>
        <hdop>8.7</hdop>
        <extensions>
          <osmand:speed>0.6</osmand:speed>
        </extensions>
      </trkpt>
      <trkpt lat="46.9206231" lon="9.3514024">
        <ele>1365.5</ele>
        <time>2026-06-13T06:06:27Z</time>
        <hdop>8.2</hdop>
        <extensions>
          <osmand:speed>0.5</osmand:speed>
        </extensions>
      </trkpt>
      <trkpt lat="46.9206339" lon="9.3513453">
        <ele>1367.5</ele>
        <time>2026-06-13T06:06:33Z</time>
        <hdop>7.7</hdop>
        <extensions>
          <osmand:speed>1.2</osmand:speed>
        </extensions>
      </trkpt>
      <trkpt lat="46.9206028" lon="9.3513088">
        <ele>1368.5</ele>
        <time>2026-06-13T06:06:39Z</time>
        <hdop>6.1</hdop>
        <extensions>
          <osmand:speed>0.9</osmand:speed>
        </extensions>
      </trkpt>
      <trkpt lat="46.9206109" lon="9.3512502">
        <ele>1369.5</ele>
        <time>2026-06-13T06:06:45Z</time>
        <hdop>1</hdop>
      </trkpt>
      <trkpt lat="46.9205939" lon="9.35123">
        <ele>1370.5</ele>
        <time>2026-06-13T06:06:53Z</time>
        <hdop>5.1</hdop>
        <extensions>
          <osmand:speed>0.9</osmand:speed>
        </extensions>
      </trkpt>
      <trkpt lat="46.9205571" lon="9.3511788">
        <ele>1371.5</ele>
        <time>2026-06-13T06:06:59Z</time>
        <hdop>8.7</hdop>
        <extensions>
          <osmand:speed>0.9</osmand:speed>
        </extensions>
      </trkpt>
      <trkpt lat="46.920571" lon="9.3511286">
        <ele>1372.5</ele>
        <time>2026-06-13T06:07:05Z</time>
        <hdop>10.7</hdop>
        <extensions>
          <osmand:speed>0.9</osmand:speed>
        </extensions>
      </trkpt>
      <trkpt lat="46.9206129" lon="9.3510223">
        <ele>1372.5</ele>
        <time>2026-06-13T06:07:11Z</time>
        <hdop>7.1</hdop>
        <extensions>
          <osmand:speed>1</osmand:speed>
        </extensions>
      </trkpt>
      <trkpt lat="46.9206263" lon="9.3509188">
        <ele>1372.5</ele>
        <time>2026-06-13T06:07:17Z</time>
        <hdop>7.1</hdop>
        <extensions>
          <osmand:speed>0.8</osmand:speed>
        </extensions>
      </trkpt>
      <trkpt lat="46.9206459" lon="9.3508424">
        <ele>1374.5</ele>
        <time>2026-06-13T06:07:23Z</time>
        <hdop>7.1</hdop>
        <extensions>
          <osmand:speed>0.6</osmand:speed>
        </extensions>
      </trkpt>
      <trkpt lat="46.9206385" lon="9.3507788">
        <ele>1374.5</ele>
        <time>2026-06-13T06:07:29Z</time>
        <hdop>6.6</hdop>
        <extensions>
          <osmand:speed>0.7</osmand:speed>
        </extensions>
      </trkpt>
      <trkpt lat="46.920627" lon="9.3507154">
        <ele>1376.5</ele>
        <time>2026-06-13T06:07:35Z</time>
        <hdop>7.1</hdop>
        <extensions>
          <osmand:speed>0.8</osmand:speed>
        </extensions>
      </trkpt>
      <trkpt lat="46.9206314" lon="9.3506504">
        <ele>1377.5</ele>
        <time>2026-06-13T06:07:41Z</time>
        <hdop>6.6</hdop>
        <extensions>
          <osmand:speed>0.8</osmand:speed>
        </extensions>
      </trkpt>
      <trkpt lat="46.9206277" lon="9.3506109">
        <ele>1378.5</ele>
        <time>2026-06-13T06:07:47Z</time>
        <hdop>9.2</hdop>
        <extensions>
          <osmand:speed>0.9</osmand:speed>
        </extensions>
      </trkpt>
      <trkpt lat="46.9206336" lon="9.350512">
        <ele>1379.5</ele>
        <time>2026-06-13T06:07:53Z</time>
        <hdop>9.2</hdop>
        <extensions>
          <osmand:speed>0.9</osmand:speed>
        </extensions>
      </trkpt>
      <trkpt lat="46.9206401" lon="9.3504547">
        <ele>1380.5</ele>
        <time>2026-06-13T06:07:59Z</time>
        <hdop>6.1</hdop>
        <extensions>
          <osmand:speed>0.8</osmand:speed>
        </extensions>
      </trkpt>
      <trkpt lat="46.92064" lon="9.3503958">
        <ele>1381.5</ele>
        <time>2026-06-13T06:08:05Z</time>
        <hdop>7.7</hdop>
        <extensions>
          <osmand:speed>0.6</osmand:speed>
        </extensions>
      </trkpt>
      <trkpt lat="46.9206703" lon="9.3503336">
        <ele>1381.5</ele>
        <time>2026-06-13T06:08:11Z</time>
        <hdop>8.7</hdop>
        <extensions>
          <osmand:speed>0.7</osmand:speed>
        </extensions>
      </trkpt>
      <trkpt lat="46.9206776" lon="9.3502742">
        <ele>1381.5</ele>
        <time>2026-06-13T06:08:17Z</time>
        <hdop>7.1</hdop>
        <extensions>
          <osmand:speed>0.5</osmand:speed>
        </extensions>
      </trkpt>
      <trkpt lat="46.9206785" lon="9.3502176">
        <ele>1381.5</ele>
        <time>2026-06-13T06:08:23Z</time>
        <hdop>9.7</hdop>
        <extensions>
          <osmand:speed>0.5</osmand:speed>
        </extensions>
      </trkpt>
      <trkpt lat="46.9206896" lon="9.3501736">
        <ele>1380.5</ele>
        <time>2026-06-13T06:08:29Z</time>
        <hdop>9.7</hdop>
        <extensions>
          <osmand:speed>0.4</osmand:speed>
        </extensions>
      </trkpt>
      <trkpt lat="46.9206927" lon="9.3501448">
        <ele>1380.5</ele>
        <time>2026-06-13T06:08:36Z</time>
        <hdop>8.7</hdop>
        <extensions>
          <osmand:speed>1</osmand:speed>
        </extensions>
      </trkpt>
      <trkpt lat="46.9207044" lon="9.3500581">
        <ele>1381.5</ele>
        <time>2026-06-13T06:08:42Z</time>
        <hdop>9.2</hdop>
        <extensions>
          <osmand:speed>0.6</osmand:speed>
        </extensions>
      </trkpt>
      <trkpt lat="46.9207164" lon="9.350011">
        <ele>1381.5</ele>
        <time>2026-06-13T06:08:48Z</time>
        <hdop>7.1</hdop>
        <extensions>
          <osmand:speed>1</osmand:speed>
        </extensions>
      </trkpt>
      <trkpt lat="46.9207555" lon="9.3499526">
        <ele>1381.5</ele>
        <time>2026-06-13T06:08:54Z</time>
        <hdop>6.6</hdop>
        <extensions>
          <osmand:speed>0.4</osmand:speed>
        </extensions>
      </trkpt>
      <trkpt lat="46.9207663" lon="9.3498999">
        <ele>1381.5</ele>
        <time>2026-06-13T06:09:00Z</time>
        <hdop>6.6</hdop>
        <extensions>
          <osmand:speed>0.3</osmand:speed>
        </extensions>
      </trkpt>
      <trkpt lat="46.9207623" lon="9.3498429">
        <ele>1382.5</ele>
        <time>2026-06-13T06:09:06Z</time>
        <hdop>6.1</hdop>
        <extensions>
          <osmand:speed>0.9</osmand:speed>
        </extensions>
      </trkpt>
      <trkpt lat="46.9207769" lon="9.3497928">
        <ele>1381.5</ele>
        <time>2026-06-13T06:09:12Z</time>
        <hdop>6.1</hdop>
        <extensions>
          <osmand:speed>0.4</osmand:speed>
        </extensions>
      </trkpt>
      <trkpt lat="46.9207961" lon="9.34974">
        <ele>1382.5</ele>
        <time>2026-06-13T06:09:18Z</time>
        <hdop>5.6</hdop>
        <extensions>
          <osmand:speed>0.9</osmand:speed>
        </extensions>
      </trkpt>
      <trkpt lat="46.920801" lon="9.3496779">
        <ele>1382.5</ele>
        <time>2026-06-13T06:09:24Z</time>
        <hdop>5.6</hdop>
        <extensions>
          <osmand:speed>0.8</osmand:speed>
        </extensions>
      </trkpt>
      <trkpt lat="46.9207989" lon="9.3496089">
        <ele>1383.5</ele>
        <time>2026-06-13T06:09:30Z</time>
        <hdop>5.6</hdop>
        <extensions>
          <osmand:speed>0.6</osmand:speed>
        </extensions>
      </trkpt>
      <trkpt lat="46.9208205" lon="9.3495294">
        <ele>1384.5</ele>
        <time>2026-06-13T06:09:36Z</time>
        <hdop>5.1</hdop>
        <extensions>
          <osmand:speed>0.9</osmand:speed>
        </extensions>
      </trkpt>
      <trkpt lat="46.9208274" lon="9.3494501">
        <ele>1383.5</ele>
        <time>2026-06-13T06:09:42Z</time>
        <hdop>5.6</hdop>
        <extensions>
          <osmand:speed>0.8</osmand:speed>
        </extensions>
      </trkpt>
      <trkpt lat="46.9208331" lon="9.3494032">
        <ele>1383.5</ele>
        <time>2026-06-13T06:09:48Z</time>
        <hdop>5.1</hdop>
        <extensions>
          <osmand:speed>0.9</osmand:speed>
        </extensions>
      </trkpt>
      <trkpt lat="46.9208296" lon="9.3493011">
        <ele>1384.5</ele>
        <time>2026-06-13T06:09:54Z</time>
        <hdop>5.1</hdop>
        <extensions>
          <osmand:speed>1.2</osmand:speed>
        </extensions>
      </trkpt>
      <trkpt lat="46.9208207" lon="9.3492391">
        <ele>1385.5</ele>
        <time>2026-06-13T06:10:00Z</time>
        <hdop>5.6</hdop>
        <extensions>
          <osmand:speed>0.7</osmand:speed>
        </extensions>
      </trkpt>
      <trkpt lat="46.9208132" lon="9.3491645">
        <ele>1385.5</ele>
        <time>2026-06-13T06:10:06Z</time>
        <hdop>5.1</hdop>
        <extensions>
          <osmand:speed>1.2</osmand:speed>
        </extensions>
      </trkpt>
      <trkpt lat="46.920829" lon="9.3490933">
        <ele>1387.5</ele>
        <time>2026-06-13T06:10:12Z</time>
        <hdop>5.6</hdop>
        <extensions>
          <osmand:speed>1.1</osmand:speed>
        </extensions>
      </trkpt>
      <trkpt lat="46.9208284" lon="9.3490223">
        <ele>1387.5</ele>
        <time>2026-06-13T06:10:18Z</time>
        <hdop>5.6</hdop>
        <extensions>
          <osmand:speed>0.8</osmand:speed>
        </extensions>
      </trkpt>
      <trkpt lat="46.9208304" lon="9.3489804">
        <ele>1389.5</ele>
        <time>2026-06-13T06:10:24Z</time>
        <hdop>5.6</hdop>
        <extensions>
          <osmand:speed>0.8</osmand:speed>
        </extensions>
      </trkpt>
      <trkpt lat="46.920817" lon="9.3489347">
        <ele>1390.5</ele>
        <time>2026-06-13T06:10:30Z</time>
        <hdop>6.1</hdop>
        <extensions>
          <osmand:speed>0.3</osmand:speed>
        </extensions>
      </trkpt>
      <trkpt lat="46.9208167" lon="9.3488702">
        <ele>1390.5</ele>
        <time>2026-06-13T06:10:36Z</time>
        <hdop>5.6</hdop>
        <extensions>
          <osmand:speed>0.3</osmand:speed>
        </extensions>
      </trkpt>
      <trkpt lat="46.9208202" lon="9.3488184">
        <ele>1390.5</ele>
        <time>2026-06-13T06:10:42Z</time>
        <hdop>6.1</hdop>
        <extensions>
          <osmand:speed>0.3</osmand:speed>
        </extensions>
      </trkpt>
      <trkpt lat="46.9208021" lon="9.3487399">
        <ele>1391.5</ele>
        <time>2026-06-13T06:10:48Z</time>
        <hdop>5.1</hdop>
        <extensions>
          <osmand:speed>1.1</osmand:speed>
        </extensions>
      </trkpt>
      <trkpt lat="46.92081" lon="9.3486979">
        <ele>1392.5</ele>
        <time>2026-06-13T06:10:54Z</time>
        <hdop>5.6</hdop>
        <extensions>
          <osmand:speed>0.8</osmand:speed>
        </extensions>
      </trkpt>
      <trkpt lat="46.9207847" lon="9.3486413">
        <ele>1394.5</ele>
        <time>2026-06-13T06:11:00Z</time>
        <hdop>5.1</hdop>
        <extensions>
          <osmand:speed>1.1</osmand:speed>
        </extensions>
      </trkpt>
      <trkpt lat="46.9207708" lon="9.3485685">
        <ele>1395.5</ele>
        <time>2026-06-13T06:11:06Z</time>
        <hdop>5.1</hdop>
        <extensions>
          <osmand:speed>0.4</osmand:speed>
        </extensions>
      </trkpt>
      <trkpt lat="46.920739" lon="9.3485433">
        <ele>1395.5</ele>
        <time>2026-06-13T06:11:12Z</time>
        <hdop>7.1</hdop>
        <extensions>
          <osmand:speed>0.8</osmand:speed>
        </extensions>
      </trkpt>
      <trkpt lat="46.9207153" lon="9.3484835">
        <ele>1396.5</ele>
        <time>2026-06-13T06:11:18Z</time>
        <hdop>6.1</hdop>
        <extensions>
          <osmand:speed>1.2</osmand:speed>
        </extensions>
      </trkpt>
      <trkpt lat="46.9206966" lon="9.3484327">
        <ele>1395.5</ele>
        <time>2026-06-13T06:11:24Z</time>
        <hdop>6.6</hdop>
        <extensions>
          <osmand:speed>0.4</osmand:speed>
        </extensions>
      </trkpt>
      <trkpt lat="46.9207327" lon="9.3484003">
        <ele>1394.5</ele>
        <time>2026-06-13T06:11:30Z</time>
        <hdop>6.1</hdop>
        <extensions>
          <osmand:speed>1.2</osmand:speed>
        </extensions>
      </trkpt>
      <trkpt lat="46.9207587" lon="9.3483372">
        <ele>1394.5</ele>
        <time>2026-06-13T06:11:36Z</time>
        <hdop>5.1</hdop>
        <extensions>
          <osmand:speed>1</osmand:speed>
        </extensions>
      </trkpt>
      <trkpt lat="46.9207614" lon="9.3482761">
        <ele>1395.5</ele>
        <time>2026-06-13T06:11:42Z</time>
        <hdop>4.6</hdop>
        <extensions>
          <osmand:speed>0.5</osmand:speed>
        </extensions>
      </trkpt>
      <trkpt lat="46.9207455" lon="9.3482113">
        <ele>1396.5</ele>
        <time>2026-06-13T06:11:48Z</time>
        <hdop>5.1</hdop>
        <extensions>
          <osmand:speed>0.8</osmand:speed>
        </extensions>
      </trkpt>
      <trkpt lat="46.920734" lon="9.3481193">
        <ele>1397.5</ele>
        <time>2026-06-13T06:11:54Z</time>
        <hdop>5.1</hdop>
        <extensions>
          <osmand:speed>0.8</osmand:speed>
        </extensions>
      </trkpt>
      <trkpt lat="46.9207317" lon="9.3480694">
        <ele>1399.5</ele>
        <time>2026-06-13T06:12:00Z</time>
        <hdop>5.6</hdop>
        <extensions>
          <osmand:speed>0.5</osmand:speed>
        </extensions>
      </trkpt>
      <trkpt lat="46.9207192" lon="9.348037">
        <ele>1399.5</ele>
        <time>2026-06-13T06:12:06Z</time>
        <hdop>5.1</hdop>
        <extensions>
          <osmand:speed>0.7</osmand:speed>
        </extensions>
      </trkpt>
      <trkpt lat="46.9207313" lon="9.34797">
        <ele>1400.5</ele>
        <time>2026-06-13T06:12:12Z</time>
        <hdop>6.6</hdop>
        <extensions>
          <osmand:speed>0.6</osmand:speed>
        </extensions>
      </trkpt>
      <trkpt lat="46.9207363" lon="9.3479054">
        <ele>1401.5</ele>
        <time>2026-06-13T06:12:18Z</time>
        <hdop>5.1</hdop>
        <extensions>
          <osmand:speed>0.5</osmand:speed>
        </extensions>
      </trkpt>
      <trkpt lat="46.9207573" lon="9.3478544">
        <ele>1402.5</ele>
        <time>2026-06-13T06:12:24Z</time>
        <hdop>5.1</hdop>
        <extensions>
          <osmand:speed>1</osmand:speed>
        </extensions>
      </trkpt>
      <trkpt lat="46.9207487" lon="9.3478222">
        <ele>1402.5</ele>
        <time>2026-06-13T06:12:30Z</time>
        <hdop>5.6</hdop>
        <extensions>
          <osmand:speed>0.6</osmand:speed>
        </extensions>
      </trkpt>
      <trkpt lat="46.9207479" lon="9.3477765">
        <ele>1402.5</ele>
        <time>2026-06-13T06:12:36Z</time>
        <hdop>6.1</hdop>
        <extensions>
          <osmand:speed>0.7</osmand:speed>
        </extensions>
      </trkpt>
      <trkpt lat="46.9207436" lon="9.347722">
        <ele>1403.5</ele>
        <time>2026-06-13T06:12:42Z</time>
        <hdop>5.6</hdop>
        <extensions>
          <osmand:speed>0.3</osmand:speed>
        </extensions>
      </trkpt>
      <trkpt lat="46.9207344" lon="9.3476581">
        <ele>1404.5</ele>
        <time>2026-06-13T06:12:48Z</time>
        <hdop>5.1</hdop>
        <extensions>
          <osmand:speed>1.2</osmand:speed>
        </extensions>
      </trkpt>
      <trkpt lat="46.9207315" lon="9.3475839">
        <ele>1405.5</ele>
        <time>2026-06-13T06:12:54Z</time>
        <hdop>5.1</hdop>
        <extensions>
          <osmand:speed>0.6</osmand:speed>
        </extensions>
      </trkpt>
      <trkpt lat="46.9207441" lon="9.3475361">
        <ele>1406.5</ele>
        <time>2026-06-13T06:13:00Z</time>
        <hdop>5.6</hdop>
        <extensions>
          <osmand:speed>0.9</osmand:speed>
        </extensions>
      </trkpt>
      <trkpt lat="46.9207435" lon="9.3474834">
        <ele>1407.5</ele>
        <time>2026-06-13T06:13:06Z</time>
        <hdop>8.2</hdop>
        <extensions>
          <osmand:speed>0.6</osmand:speed>
        </extensions>
      </trkpt>
      <trkpt lat="46.9207527" lon="9.3474405">
        <ele>1409.5</ele>
        <time>2026-06-13T06:13:12Z</time>
        <hdop>6.1</hdop>
        <extensions>
          <osmand:speed>0.6</osmand:speed>
        </extensions>
      </trkpt>
      <trkpt lat="46.9207671" lon="9.3473711">
        <ele>1410.5</ele>
        <time>2026-06-13T06:13:18Z</time>
        <hdop>7.1</hdop>
        <extensions>
          <osmand:speed>0.8</osmand:speed>
        </extensions>
      </trkpt>
      <trkpt lat="46.9207697" lon="9.3473073">
        <ele>1410.5</ele>
        <time>2026-06-13T06:13:24Z</time>
        <hdop>7.7</hdop>
        <extensions>
          <osmand:speed>0.4</osmand:speed>
        </extensions>
      </trkpt>
      <trkpt lat="46.9207544" lon="9.3472674">
        <ele>1409.5</ele>
        <time>2026-06-13T06:13:30Z</time>
        <hdop>8.7</hdop>
        <extensions>
          <osmand:speed>0.1</osmand:speed>
        </extensions>
      </trkpt>
      <trkpt lat="46.920734" lon="9.3472553">
        <ele>1409.5</ele>
        <time>2026-06-13T06:13:39Z</time>
        <hdop>6.1</hdop>
        <extensions>
          <osmand:speed>0.9</osmand:speed>
        </extensions>
      </trkpt>
      <trkpt lat="46.9206954" lon="9.3472147">
        <ele>1410.5</ele>
        <time>2026-06-13T06:13:45Z</time>
        <hdop>9.7</hdop>
        <extensions>
          <osmand:speed>0.8</osmand:speed>
        </extensions>
      </trkpt>
      <trkpt lat="46.9206625" lon="9.3471998">
        <ele>1412.5</ele>
        <time>2026-06-13T06:13:51Z</time>
        <hdop>11.2</hdop>
        <extensions>
          <osmand:speed>0.9</osmand:speed>
        </extensions>
      </trkpt>
      <trkpt lat="46.9206249" lon="9.3471749">
        <ele>1413.5</ele>
        <time>2026-06-13T06:13:57Z</time>
        <hdop>11.2</hdop>
        <extensions>
          <osmand:speed>0.6</osmand:speed>
        </extensions>
      </trkpt>
      <trkpt lat="46.9206526" lon="9.3471304">
        <ele>1414.5</ele>
        <time>2026-06-13T06:14:03Z</time>
        <hdop>8.2</hdop>
        <extensions>
          <osmand:speed>0.9</osmand:speed>
        </extensions>
      </trkpt>
      <trkpt lat="46.9206922" lon="9.3470472">
        <ele>1415.5</ele>
        <time>2026-06-13T06:14:09Z</time>
        <hdop>10.2</hdop>
        <extensions>
          <osmand:speed>0.9</osmand:speed>
        </extensions>
      </trkpt>
      <trkpt lat="46.9207048" lon="9.3469672">
        <ele>1417.5</ele>
        <time>2026-06-13T06:14:15Z</time>
        <hdop>13.3</hdop>
        <extensions>
          <osmand:speed>1.7</osmand:speed>
        </extensions>
      </trkpt>
      <trkpt lat="46.9206977" lon="9.3469372">
        <ele>1418.5</ele>
        <time>2026-06-13T06:14:21Z</time>
        <hdop>12.2</hdop>
        <extensions>
          <osmand:speed>1</osmand:speed>
        </extensions>
      </trkpt>
      <trkpt lat="46.92068" lon="9.3468585">
        <ele>1418.5</ele>
        <time>2026-06-13T06:14:27Z</time>
        <hdop>13.3</hdop>
        <extensions>
          <osmand:speed>1</osmand:speed>
        </extensions>
      </trkpt>
      <trkpt lat="46.9207035" lon="9.3468042">
        <ele>1420.5</ele>
        <time>2026-06-13T06:14:34Z</time>
        <hdop>13.8</hdop>
        <extensions>
          <osmand:speed>0.8</osmand:speed>
        </extensions>
      </trkpt>
      <trkpt lat="46.9207003" lon="9.3467173">
        <ele>1420.5</ele>
        <time>2026-06-13T06:14:40Z</time>
        <hdop>10.7</hdop>
        <extensions>
          <osmand:speed>0.6</osmand:speed>
        </extensions>
      </trkpt>
      <trkpt lat="46.9206982" lon="9.3466651">
        <ele>1420.5</ele>
        <time>2026-06-13T06:14:46Z</time>
        <hdop>12.2</hdop>
        <extensions>
          <osmand:speed>0.3</osmand:speed>
        </extensions>
      </trkpt>
      <trkpt lat="46.9207074" lon="9.3466346">
        <ele>1421.5</ele>
        <time>2026-06-13T06:14:52Z</time>
        <hdop>11.7</hdop>
        <extensions>
          <osmand:speed>0.7</osmand:speed>
        </extensions>
      </trkpt>
      <trkpt lat="46.920716" lon="9.34656">
        <ele>1423.5</ele>
        <time>2026-06-13T06:14:58Z</time>
        <hdop>8.2</hdop>
        <extensions>
          <osmand:speed>0.8</osmand:speed>
        </extensions>
      </trkpt>
      <trkpt lat="46.920698" lon="9.3464899">
        <ele>1425.5</ele>
        <time>2026-06-13T06:15:04Z</time>
        <hdop>11.2</hdop>
        <extensions>
          <osmand:speed>0.7</osmand:speed>
        </extensions>
      </trkpt>
      <trkpt lat="46.9206826" lon="9.3464199">
        <ele>1426.5</ele>
        <time>2026-06-13T06:15:10Z</time>
        <hdop>12.2</hdop>
        <extensions>
          <osmand:speed>0.9</osmand:speed>
        </extensions>
      </trkpt>
      <trkpt lat="46.9206956" lon="9.346342">
        <ele>1426.5</ele>
        <time>2026-06-13T06:15:16Z</time>
        <hdop>12.2</hdop>
        <extensions>
          <osmand:speed>0.7</osmand:speed>
        </extensions>
      </trkpt>
      <trkpt lat="46.9206992" lon="9.3462945">
        <ele>1427.5</ele>
        <time>2026-06-13T06:15:22Z</time>
        <hdop>11.7</hdop>
        <extensions>
          <osmand:speed>0.8</osmand:speed>
        </extensions>
      </trkpt>
      <trkpt lat="46.9207031" lon="9.3462006">
        <ele>1427.5</ele>
        <time>2026-06-13T06:15:28Z</time>
        <hdop>11.7</hdop>
        <extensions>
          <osmand:speed>0.7</osmand:speed>
        </extensions>
      </trkpt>
      <trkpt lat="46.9207063" lon="9.3461149">
        <ele>1429.5</ele>
        <time>2026-06-13T06:15:34Z</time>
        <hdop>10.2</hdop>
        <extensions>
          <osmand:speed>0.8</osmand:speed>
        </extensions>
      </trkpt>
      <trkpt lat="46.9206782" lon="9.346043">
        <ele>1430.5</ele>
        <time>2026-06-13T06:15:40Z</time>
        <hdop>11.7</hdop>
        <extensions>
          <osmand:speed>1.2</osmand:speed>
        </extensions>
      </trkpt>
      <trkpt lat="46.9207122" lon="9.3459688">
        <ele>1432.5</ele>
        <time>2026-06-13T06:15:46Z</time>
        <hdop>12.8</hdop>
        <extensions>
          <osmand:speed>0.7</osmand:speed>
        </extensions>
      </trkpt>
      <trkpt lat="46.9207264" lon="9.345905">
        <ele>1432.5</ele>
        <time>2026-06-13T06:15:52Z</time>
        <hdop>10.7</hdop>
        <extensions>
          <osmand:speed>0.9</osmand:speed>
        </extensions>
      </trkpt>
      <trkpt lat="46.9207115" lon="9.3458321">
        <ele>1433.5</ele>
        <time>2026-06-13T06:15:58Z</time>
        <hdop>12.8</hdop>
        <extensions>
          <osmand:speed>0.2</osmand:speed>
        </extensions>
      </trkpt>
      <trkpt lat="46.9207192" lon="9.3457747">
        <ele>1433.5</ele>
        <time>2026-06-13T06:16:04Z</time>
        <hdop>10.7</hdop>
        <extensions>
          <osmand:speed>0.9</osmand:speed>
        </extensions>
      </trkpt>
      <trkpt lat="46.9207267" lon="9.345749">
        <ele>1433.5</ele>
        <time>2026-06-13T06:16:10Z</time>
        <hdop>12.8</hdop>
        <extensions>
          <osmand:speed>0.1</osmand:speed>
        </extensions>
      </trkpt>
      <trkpt lat="46.9207459" lon="9.3457567">
        <ele>1432.5</ele>
        <time>2026-06-13T06:16:31Z</time>
        <hdop>9.2</hdop>
        <extensions>
          <osmand:speed>0.1</osmand:speed>
        </extensions>
      </trkpt>
      <trkpt lat="46.9207635" lon="9.3457505">
        <ele>1432.5</ele>
        <time>2026-06-13T06:16:43Z</time>
        <hdop>13.3</hdop>
        <extensions>
          <osmand:speed>0.1</osmand:speed>
        </extensions>
      </trkpt>
      <trkpt lat="46.920775" lon="9.3456869">
        <ele>1433.5</ele>
        <time>2026-06-13T06:16:49Z</time>
        <hdop>9.2</hdop>
        <extensions>
          <osmand:speed>0.6</osmand:speed>
        </extensions>
      </trkpt>
      <trkpt lat="46.9207562" lon="9.3456256">
        <ele>1434.5</ele>
        <time>2026-06-13T06:16:55Z</time>
        <hdop>11.7</hdop>
        <extensions>
          <osmand:speed>0.6</osmand:speed>
        </extensions>
      </trkpt>
      <trkpt lat="46.9207369" lon="9.3455526">
        <ele>1434.5</ele>
        <time>2026-06-13T06:17:01Z</time>
        <hdop>12.8</hdop>
        <extensions>
          <osmand:speed>0.7</osmand:speed>
        </extensions>
      </trkpt>
      <trkpt lat="46.9207088" lon="9.3454749">
        <ele>1435.5</ele>
        <time>2026-06-13T06:17:07Z</time>
        <hdop>10.7</hdop>
        <extensions>
          <osmand:speed>0.9</osmand:speed>
        </extensions>
      </trkpt>
      <trkpt lat="46.9206932" lon="9.3454101">
        <ele>1435.5</ele>
        <time>2026-06-13T06:17:13Z</time>
        <hdop>12.2</hdop>
        <extensions>
          <osmand:speed>1</osmand:speed>
        </extensions>
      </trkpt>
      <trkpt lat="46.920724" lon="9.3453483">
        <ele>1437.5</ele>
        <time>2026-06-13T06:17:19Z</time>
        <hdop>13.3</hdop>
        <extensions>
          <osmand:speed>0.2</osmand:speed>
        </extensions>
      </trkpt>
      <trkpt lat="46.9207341" lon="9.3453262">
        <ele>1438.5</ele>
        <time>2026-06-13T06:17:26Z</time>
        <hdop>10.2</hdop>
        <extensions>
          <osmand:speed>0.6</osmand:speed>
        </extensions>
      </trkpt>
      <trkpt lat="46.9207558" lon="9.3453179">
        <ele>1439.5</ele>
        <time>2026-06-13T06:17:34Z</time>
        <hdop>10.2</hdop>
        <extensions>
          <osmand:speed>0.1</osmand:speed>
        </extensions>
      </trkpt>
      <trkpt lat="46.9207629" lon="9.3452735">
        <ele>1440.5</ele>
        <time>2026-06-13T06:17:47Z</time>
        <hdop>8.7</hdop>
        <extensions>
          <osmand:speed>0.1</osmand:speed>
        </extensions>
      </trkpt>
      <trkpt lat="46.9207723" lon="9.3452465">
        <ele>1444.5</ele>
        <time>2026-06-13T06:17:59Z</time>
        <hdop>13.8</hdop>
        <extensions>
          <osmand:speed>0.4</osmand:speed>
        </extensions>
      </trkpt>
      <trkpt lat="46.9207916" lon="9.3452251">
        <ele>1445.5</ele>
        <time>2026-06-13T06:18:05Z</time>
        <hdop>13.8</hdop>
        <extensions>
          <osmand:speed>0.5</osmand:speed>
        </extensions>
      </trkpt>
      <trkpt lat="46.9208134" lon="9.345135">
        <ele>1447.5</ele>
        <time>2026-06-13T06:18:11Z</time>
        <hdop>11.7</hdop>
        <extensions>
          <osmand:speed>0.5</osmand:speed>
        </extensions>
      </trkpt>
      <trkpt lat="46.920817" lon="9.3450701">
        <ele>1446.5</ele>
        <time>2026-06-13T06:18:17Z</time>
        <hdop>11.7</hdop>
        <extensions>
          <osmand:speed>0.6</osmand:speed>
        </extensions>
      </trkpt>
      <trkpt lat="46.9208629" lon="9.3450426">
        <ele>1449.5</ele>
        <time>2026-06-13T06:18:24Z</time>
        <hdop>11.2</hdop>
        <extensions>
          <osmand:speed>0.4</osmand:speed>
        </extensions>
      </trkpt>
      <trkpt lat="46.9208435" lon="9.3450088">
        <ele>1451.5</ele>
        <time>2026-06-13T06:18:30Z</time>
        <hdop>12.2</hdop>
        <extensions>
          <osmand:speed>0.9</osmand:speed>
        </extensions>
      </trkpt>
      <trkpt lat="46.9208352" lon="9.344962">
        <ele>1452.5</ele>
        <time>2026-06-13T06:18:38Z</time>
        <hdop>13.3</hdop>
        <extensions>
          <osmand:speed>0.6</osmand:speed>
        </extensions>
      </trkpt>
      <trkpt lat="46.9208069" lon="9.344926">
        <ele>1453.5</ele>
        <time>2026-06-13T06:18:44Z</time>
        <hdop>11.7</hdop>
        <extensions>
          <osmand:speed>0.8</osmand:speed>
        </extensions>
      </trkpt>
      <trkpt lat="46.9207696" lon="9.3448704">
        <ele>1454.5</ele>
        <time>2026-06-13T06:18:50Z</time>
        <hdop>11.7</hdop>
        <extensions>
          <osmand:speed>1.2</osmand:speed>
        </extensions>
      </trkpt>
      <trkpt lat="46.9207454" lon="9.3448338">
        <ele>1454.5</ele>
        <time>2026-06-13T06:18:56Z</time>
        <hdop>14.3</hdop>
        <extensions>
          <osmand:speed>0.6</osmand:speed>
        </extensions>
      </trkpt>
      <trkpt lat="46.9207497" lon="9.344802">
        <ele>1456.5</ele>
        <time>2026-06-13T06:19:02Z</time>
        <hdop>10.7</hdop>
        <extensions>
          <osmand:speed>0.6</osmand:speed>
        </extensions>
      </trkpt>
      <trkpt lat="46.9207454" lon="9.3447419">
        <ele>1457.5</ele>
        <time>2026-06-13T06:19:08Z</time>
        <hdop>12.2</hdop>
        <extensions>
          <osmand:speed>0.8</osmand:speed>
        </extensions>
      </trkpt>
      <trkpt lat="46.9207635" lon="9.344649">
        <ele>1457.5</ele>
        <time>2026-06-13T06:19:14Z</time>
        <hdop>12.8</hdop>
        <extensions>
          <osmand:speed>0.4</osmand:speed>
        </extensions>
      </trkpt>
      <trkpt lat="46.9207754" lon="9.3445622">
        <ele>1457.5</ele>
        <time>2026-06-13T06:19:20Z</time>
        <hdop>13.3</hdop>
        <extensions>
          <osmand:speed>0.5</osmand:speed>
        </extensions>
      </trkpt>
      <trkpt lat="46.9207621" lon="9.3444901">
        <ele>1458.5</ele>
        <time>2026-06-13T06:19:26Z</time>
        <hdop>11.2</hdop>
        <extensions>
          <osmand:speed>0.9</osmand:speed>
        </extensions>
      </trkpt>
      <trkpt lat="46.9207233" lon="9.3443806">
        <ele>1459.5</ele>
        <time>2026-06-13T06:19:34Z</time>
        <hdop>12.2</hdop>
        <extensions>
          <osmand:speed>0.6</osmand:speed>
        </extensions>
      </trkpt>
      <trkpt lat="46.9207181" lon="9.3443221">
        <ele>1459.5</ele>
        <time>2026-06-13T06:19:40Z</time>
        <hdop>12.2</hdop>
        <extensions>
          <osmand:speed>0.9</osmand:speed>
        </extensions>
      </trkpt>
      <trkpt lat="46.9207194" lon="9.3442424">
        <ele>1460.5</ele>
        <time>2026-06-13T06:19:46Z</time>
        <hdop>10.2</hdop>
        <extensions>
          <osmand:speed>1.1</osmand:speed>
        </extensions>
      </trkpt>
      <trkpt lat="46.9207214" lon="9.3441894">
        <ele>1461.5</ele>
        <time>2026-06-13T06:19:52Z</time>
        <hdop>10.7</hdop>
        <extensions>
          <osmand:speed>0.7</osmand:speed>
        </extensions>
      </trkpt>
      <trkpt lat="46.9207148" lon="9.3441331">
        <ele>1463.5</ele>
        <time>2026-06-13T06:19:58Z</time>
        <hdop>13.3</hdop>
        <extensions>
          <osmand:speed>0.4</osmand:speed>
        </extensions>
      </trkpt>
      <trkpt lat="46.9206947" lon="9.3440454">
        <ele>1462.5</ele>
        <time>2026-06-13T06:20:04Z</time>
        <hdop>10.7</hdop>
        <extensions>
          <osmand:speed>1.2</osmand:speed>
        </extensions>
      </trkpt>
      <trkpt lat="46.9206755" lon="9.3439592">
        <ele>1462.5</ele>
        <time>2026-06-13T06:20:10Z</time>
        <hdop>12.2</hdop>
        <extensions>
          <osmand:speed>0.8</osmand:speed>
        </extensions>
      </trkpt>
      <trkpt lat="46.920655" lon="9.3438853">
        <ele>1462.5</ele>
        <time>2026-06-13T06:20:16Z</time>
        <hdop>11.2</hdop>
        <extensions>
          <osmand:speed>0.3</osmand:speed>
        </extensions>
      </trkpt>
      <trkpt lat="46.9206959" lon="9.3437923">
        <ele>1463.5</ele>
        <time>2026-06-13T06:20:22Z</time>
        <hdop>13.3</hdop>
        <extensions>
          <osmand:speed>1.1</osmand:speed>
        </extensions>
      </trkpt>
      <trkpt lat="46.9207178" lon="9.3437152">
        <ele>1465.5</ele>
        <time>2026-06-13T06:20:28Z</time>
        <hdop>11.7</hdop>
        <extensions>
          <osmand:speed>0.8</osmand:speed>
        </extensions>
      </trkpt>
      <trkpt lat="46.9207115" lon="9.3436562">
        <ele>1465.5</ele>
        <time>2026-06-13T06:20:34Z</time>
        <hdop>12.8</hdop>
        <extensions>
          <osmand:speed>0.9</osmand:speed>
        </extensions>
      </trkpt>
      <trkpt lat="46.9206856" lon="9.3436517">
        <ele>1466.5</ele>
        <time>2026-06-13T06:20:40Z</time>
        <hdop>13.3</hdop>
        <extensions>
          <osmand:speed>0.6</osmand:speed>
        </extensions>
      </trkpt>
      <trkpt lat="46.9206936" lon="9.3435551">
        <ele>1465.5</ele>
        <time>2026-06-13T06:20:46Z</time>
        <hdop>12.2</hdop>
        <extensions>
          <osmand:speed>1.1</osmand:speed>
        </extensions>
      </trkpt>
      <trkpt lat="46.9206777" lon="9.3434566">
        <ele>1467.5</ele>
        <time>2026-06-13T06:20:52Z</time>
        <hdop>12.8</hdop>
        <extensions>
          <osmand:speed>0.8</osmand:speed>
        </extensions>
      </trkpt>
      <trkpt lat="46.9206787" lon="9.3434201">
        <ele>1467.5</ele>
        <time>2026-06-13T06:21:07Z</time>
        <hdop>12.2</hdop>
        <extensions>
          <osmand:speed>1.2</osmand:speed>
        </extensions>
      </trkpt>
      <trkpt lat="46.9206766" lon="9.3433281">
        <ele>1468.5</ele>
        <time>2026-06-13T06:21:13Z</time>
        <hdop>8.7</hdop>
        <extensions>
          <osmand:speed>0.8</osmand:speed>
        </extensions>
      </trkpt>
      <trkpt lat="46.9206398" lon="9.3432879">
        <ele>1470.5</ele>
        <time>2026-06-13T06:21:19Z</time>
        <hdop>9.2</hdop>
        <extensions>
          <osmand:speed>1.1</osmand:speed>
        </extensions>
      </trkpt>
      <trkpt lat="46.9206116" lon="9.3432209">
        <ele>1469.5</ele>
        <time>2026-06-13T06:21:25Z</time>
        <hdop>9.7</hdop>
        <extensions>
          <osmand:speed>1</osmand:speed>
        </extensions>
      </trkpt>
      <trkpt lat="46.9206376" lon="9.3431382">
        <ele>1470.5</ele>
        <time>2026-06-13T06:21:31Z</time>
        <hdop>9.2</hdop>
        <extensions>
          <osmand:speed>0.5</osmand:speed>
        </extensions>
      </trkpt>
      <trkpt lat="46.9206569" lon="9.3431299">
        <ele>1470.5</ele>
        <time>2026-06-13T06:21:37Z</time>
        <hdop>13.3</hdop>
        <extensions>
          <osmand:speed>0.2</osmand:speed>
        </extensions>
      </trkpt>
      <trkpt lat="46.9206759" lon="9.3431227">
        <ele>1472.5</ele>
        <time>2026-06-13T06:21:44Z</time>
        <hdop>12.2</hdop>
        <extensions>
          <osmand:speed>0.4</osmand:speed>
        </extensions>
      </trkpt>
      <trkpt lat="46.9207616" lon="9.3430956">
        <ele>1473.5</ele>
        <time>2026-06-13T06:21:50Z</time>
        <hdop>12.2</hdop>
        <extensions>
          <osmand:speed>0.9</osmand:speed>
        </extensions>
      </trkpt>
      <trkpt lat="46.9208144" lon="9.3430487">
        <ele>1474.5</ele>
        <time>2026-06-13T06:21:56Z</time>
        <hdop>9.7</hdop>
        <extensions>
          <osmand:speed>0.6</osmand:speed>
        </extensions>
      </trkpt>
      <trkpt lat="46.9208371" lon="9.3430075">
        <ele>1475.5</ele>
        <time>2026-06-13T06:22:02Z</time>
        <hdop>11.2</hdop>
        <extensions>
          <osmand:speed>0.7</osmand:speed>
        </extensions>
      </trkpt>
      <trkpt lat="46.9208551" lon="9.3429537">
        <ele>1475.5</ele>
        <time>2026-06-13T06:22:08Z</time>
        <hdop>10.7</hdop>
        <extensions>
          <osmand:speed>0.6</osmand:speed>
        </extensions>
      </trkpt>
      <trkpt lat="46.9208699" lon="9.3428988">
        <ele>1475.5</ele>
        <time>2026-06-13T06:22:14Z</time>
        <hdop>13.3</hdop>
        <extensions>
          <osmand:speed>0.2</osmand:speed>
        </extensions>
      </trkpt>
      <trkpt lat="46.9208658" lon="9.3428713">
        <ele>1477.5</ele>
        <time>2026-06-13T06:22:22Z</time>
        <hdop>7.1</hdop>
        <extensions>
          <osmand:speed>0.9</osmand:speed>
        </extensions>
      </trkpt>
      <trkpt lat="46.9208705" lon="9.3428424">
        <ele>1480.5</ele>
        <time>2026-06-13T06:22:28Z</time>
        <hdop>7.7</hdop>
        <extensions>
          <osmand:speed>0.5</osmand:speed>
        </extensions>
      </trkpt>
      <trkpt lat="46.9208653" lon="9.3428114">
        <ele>1481.5</ele>
        <time>2026-06-13T06:22:35Z</time>
        <hdop>10.7</hdop>
        <extensions>
          <osmand:speed>0.2</osmand:speed>
        </extensions>
      </trkpt>
      <trkpt lat="46.9208679" lon="9.3427327">
        <ele>1481.5</ele>
        <time>2026-06-13T06:22:41Z</time>
        <hdop>8.7</hdop>
        <extensions>
          <osmand:speed>0.5</osmand:speed>
        </extensions>
      </trkpt>
      <trkpt lat="46.9208805" lon="9.3426616">
        <ele>1482.5</ele>
        <time>2026-06-13T06:22:47Z</time>
        <hdop>7.7</hdop>
        <extensions>
          <osmand:speed>0.7</osmand:speed>
        </extensions>
      </trkpt>
      <trkpt lat="46.9208937" lon="9.3425898">
        <ele>1482.5</ele>
        <time>2026-06-13T06:22:53Z</time>
        <hdop>8.2</hdop>
        <extensions>
          <osmand:speed>1.1</osmand:speed>
        </extensions>
      </trkpt>
      <trkpt lat="46.9209188" lon="9.3425271">
        <ele>1484.5</ele>
        <time>2026-06-13T06:22:59Z</time>
        <hdop>7.1</hdop>
        <extensions>
          <osmand:speed>0.6</osmand:speed>
        </extensions>
      </trkpt>
      <trkpt lat="46.9209344" lon="9.3424693">
        <ele>1484.5</ele>
        <time>2026-06-13T06:23:05Z</time>
        <hdop>7.7</hdop>
        <extensions>
          <osmand:speed>0.5</osmand:speed>
        </extensions>
      </trkpt>
      <trkpt lat="46.920942" lon="9.3423854">
        <ele>1485.5</ele>
        <time>2026-06-13T06:23:11Z</time>
        <hdop>7.7</hdop>
        <extensions>
          <osmand:speed>0.8</osmand:speed>
        </extensions>
      </trkpt>
      <trkpt lat="46.9209842" lon="9.3423462">
        <ele>1487.5</ele>
        <time>2026-06-13T06:23:17Z</time>
        <hdop>7.7</hdop>
        <extensions>
          <osmand:speed>0.6</osmand:speed>
        </extensions>
      </trkpt>
      <trkpt lat="46.9209882" lon="9.3422973">
        <ele>1488.5</ele>
        <time>2026-06-13T06:23:23Z</time>
        <hdop>6.6</hdop>
        <extensions>
          <osmand:speed>0.7</osmand:speed>
        </extensions>
      </trkpt>
      <trkpt lat="46.9209831" lon="9.3422626">
        <ele>1489.5</ele>
        <time>2026-06-13T06:23:29Z</time>
        <hdop>6.6</hdop>
        <extensions>
          <osmand:speed>0.2</osmand:speed>
        </extensions>
      </trkpt>
      <trkpt lat="46.9209998" lon="9.342183">
        <ele>1489.5</ele>
        <time>2026-06-13T06:23:35Z</time>
        <hdop>7.1</hdop>
        <extensions>
          <osmand:speed>0.8</osmand:speed>
        </extensions>
      </trkpt>
      <trkpt lat="46.9210147" lon="9.3421464">
        <ele>1489.5</ele>
        <time>2026-06-13T06:23:41Z</time>
        <hdop>6.1</hdop>
        <extensions>
          <osmand:speed>0.3</osmand:speed>
        </extensions>
      </trkpt>
      <trkpt lat="46.9210302" lon="9.3420949">
        <ele>1491.5</ele>
        <time>2026-06-13T06:23:47Z</time>
        <hdop>7.1</hdop>
        <extensions>
          <osmand:speed>0.6</osmand:speed>
        </extensions>
      </trkpt>
      <trkpt lat="46.9210107" lon="9.342044">
        <ele>1492.5</ele>
        <time>2026-06-13T06:23:53Z</time>
        <hdop>5.6</hdop>
        <extensions>
          <osmand:speed>0.8</osmand:speed>
        </extensions>
      </trkpt>
      <trkpt lat="46.9210085" lon="9.3419897">
        <ele>1493.5</ele>
        <time>2026-06-13T06:23:59Z</time>
        <hdop>7.1</hdop>
        <extensions>
          <osmand:speed>0.5</osmand:speed>
        </extensions>
      </trkpt>
      <trkpt lat="46.9210093" lon="9.3419305">
        <ele>1493.5</ele>
        <time>2026-06-13T06:24:05Z</time>
        <hdop>6.6</hdop>
        <extensions>
          <osmand:speed>0.4</osmand:speed>
        </extensions>
      </trkpt>
      <trkpt lat="46.9210053" lon="9.3418813">
        <ele>1494.5</ele>
        <time>2026-06-13T06:24:11Z</time>
        <hdop>8.7</hdop>
        <extensions>
          <osmand:speed>0.6</osmand:speed>
        </extensions>
      </trkpt>
      <trkpt lat="46.9210132" lon="9.3418072">
        <ele>1494.5</ele>
        <time>2026-06-13T06:24:17Z</time>
        <hdop>7.1</hdop>
        <extensions>
          <osmand:speed>0.8</osmand:speed>
        </extensions>
      </trkpt>
      <trkpt lat="46.9210195" lon="9.3417421">
        <ele>1494.5</ele>
        <time>2026-06-13T06:24:23Z</time>
        <hdop>10.2</hdop>
        <extensions>
          <osmand:speed>0.7</osmand:speed>
        </extensions>
      </trkpt>
      <trkpt lat="46.9210254" lon="9.3416784">
        <ele>1494.5</ele>
        <time>2026-06-13T06:24:29Z</time>
        <hdop>10.2</hdop>
        <extensions>
          <osmand:speed>0.9</osmand:speed>
        </extensions>
      </trkpt>
      <trkpt lat="46.9210448" lon="9.3416132">
        <ele>1495.5</ele>
        <time>2026-06-13T06:24:35Z</time>
        <hdop>11.7</hdop>
        <extensions>
          <osmand:speed>0.8</osmand:speed>
        </extensions>
      </trkpt>
      <trkpt lat="46.9210734" lon="9.3415623">
        <ele>1497.5</ele>
        <time>2026-06-13T06:24:41Z</time>
        <hdop>10.7</hdop>
        <extensions>
          <osmand:speed>0.9</osmand:speed>
        </extensions>
      </trkpt>
      <trkpt lat="46.9210845" lon="9.3415014">
        <ele>1497.5</ele>
        <time>2026-06-13T06:24:47Z</time>
        <hdop>10.2</hdop>
        <extensions>
          <osmand:speed>0.3</osmand:speed>
        </extensions>
      </trkpt>
      <trkpt lat="46.9210853" lon="9.3414308">
        <ele>1497.5</ele>
        <time>2026-06-13T06:24:53Z</time>
        <hdop>11.2</hdop>
        <extensions>
          <osmand:speed>0.9</osmand:speed>
        </extensions>
      </trkpt>
      <trkpt lat="46.9210964" lon="9.341355">
        <ele>1496.5</ele>
        <time>2026-06-13T06:24:59Z</time>
        <hdop>11.2</hdop>
        <extensions>
          <osmand:speed>1</osmand:speed>
        </extensions>
      </trkpt>
      <trkpt lat="46.9211067" lon="9.34126">
        <ele>1497.5</ele>
        <time>2026-06-13T06:25:05Z</time>
        <hdop>11.2</hdop>
        <extensions>
          <osmand:speed>1.1</osmand:speed>
        </extensions>
      </trkpt>
      <trkpt lat="46.9211167" lon="9.3411698">
        <ele>1497.5</ele>
        <time>2026-06-13T06:25:11Z</time>
        <hdop>9.2</hdop>
        <extensions>
          <osmand:speed>0.8</osmand:speed>
        </extensions>
      </trkpt>
      <trkpt lat="46.9211185" lon="9.3411044">
        <ele>1497.5</ele>
        <time>2026-06-13T06:25:17Z</time>
        <hdop>9.7</hdop>
        <extensions>
          <osmand:speed>0.7</osmand:speed>
        </extensions>
      </trkpt>
      <trkpt lat="46.9211347" lon="9.3410128">
        <ele>1496.5</ele>
        <time>2026-06-13T06:25:23Z</time>
        <hdop>8.7</hdop>
        <extensions>
          <osmand:speed>0.9</osmand:speed>
        </extensions>
      </trkpt>
      <trkpt lat="46.9211268" lon="9.3409348">
        <ele>1497.5</ele>
        <time>2026-06-13T06:25:29Z</time>
        <hdop>11.2</hdop>
        <extensions>
          <osmand:speed>0.9</osmand:speed>
        </extensions>
      </trkpt>
      <trkpt lat="46.9211405" lon="9.3408439">
        <ele>1497.5</ele>
        <time>2026-06-13T06:25:35Z</time>
        <hdop>10.7</hdop>
        <extensions>
          <osmand:speed>0.8</osmand:speed>
        </extensions>
      </trkpt>
      <trkpt lat="46.9211434" lon="9.3407626">
        <ele>1497.5</ele>
        <time>2026-06-13T06:25:41Z</time>
        <hdop>9.7</hdop>
        <extensions>
          <osmand:speed>0.7</osmand:speed>
        </extensions>
      </trkpt>
      <trkpt lat="46.921105" lon="9.3407167">
        <ele>1497.5</ele>
        <time>2026-06-13T06:25:47Z</time>
        <hdop>7.1</hdop>
        <extensions>
          <osmand:speed>0.8</osmand:speed>
        </extensions>
      </trkpt>
      <trkpt lat="46.9210731" lon="9.3406653">
        <ele>1498.5</ele>
        <time>2026-06-13T06:25:53Z</time>
        <hdop>7.7</hdop>
        <extensions>
          <osmand:speed>0.9</osmand:speed>
        </extensions>
      </trkpt>
      <trkpt lat="46.921054" lon="9.3405802">
        <ele>1497.5</ele>
        <time>2026-06-13T06:25:59Z</time>
        <hdop>6.6</hdop>
        <extensions>
          <osmand:speed>0.8</osmand:speed>
        </extensions>
      </trkpt>
      <trkpt lat="46.9210466" lon="9.3405366">
        <ele>1498.5</ele>
        <time>2026-06-13T06:26:05Z</time>
        <hdop>5.6</hdop>
      </trkpt>
      <trkpt lat="46.9210498" lon="9.3405084">
        <ele>1499.5</ele>
        <time>2026-06-13T06:26:11Z</time>
        <hdop>6.6</hdop>
        <extensions>
          <osmand:speed>1.1</osmand:speed>
        </extensions>
      </trkpt>
      <trkpt lat="46.9210892" lon="9.3404087">
        <ele>1500.5</ele>
        <time>2026-06-13T06:26:17Z</time>
        <hdop>8.2</hdop>
        <extensions>
          <osmand:speed>1</osmand:speed>
        </extensions>
      </trkpt>
      <trkpt lat="46.9211309" lon="9.3403357">
        <ele>1501.5</ele>
        <time>2026-06-13T06:26:23Z</time>
        <hdop>9.2</hdop>
        <extensions>
          <osmand:speed>0.9</osmand:speed>
        </extensions>
      </trkpt>
      <trkpt lat="46.9211367" lon="9.3402881">
        <ele>1503.5</ele>
        <time>2026-06-13T06:26:29Z</time>
        <hdop>8.7</hdop>
        <extensions>
          <osmand:speed>0.4</osmand:speed>
        </extensions>
      </trkpt>
      <trkpt lat="46.9211134" lon="9.340228">
        <ele>1504.5</ele>
        <time>2026-06-13T06:26:35Z</time>
        <hdop>6.1</hdop>
        <extensions>
          <osmand:speed>0.8</osmand:speed>
        </extensions>
      </trkpt>
      <trkpt lat="46.9211336" lon="9.340165">
        <ele>1504.5</ele>
        <time>2026-06-13T06:26:41Z</time>
        <hdop>6.6</hdop>
        <extensions>
          <osmand:speed>0.8</osmand:speed>
        </extensions>
      </trkpt>
      <trkpt lat="46.9211516" lon="9.3401819">
        <ele>1504.5</ele>
        <time>2026-06-13T06:26:47Z</time>
        <hdop>5.6</hdop>
      </trkpt>
      <trkpt lat="46.9211558" lon="9.3402131">
        <ele>1504.5</ele>
        <time>2026-06-13T06:26:58Z</time>
        <hdop>10.7</hdop>
        <extensions>
          <osmand:speed>0.2</osmand:speed>
        </extensions>
      </trkpt>
      <trkpt lat="46.9211701" lon="9.3401899">
        <ele>1503.5</ele>
        <time>2026-06-13T06:27:21Z</time>
        <hdop>7.7</hdop>
        <extensions>
          <osmand:speed>0.4</osmand:speed>
        </extensions>
      </trkpt>
      <trkpt lat="46.9212067" lon="9.3401953">
        <ele>1503.5</ele>
        <time>2026-06-13T06:27:27Z</time>
        <hdop>7.1</hdop>
        <extensions>
          <osmand:speed>0.6</osmand:speed>
        </extensions>
      </trkpt>
      <trkpt lat="46.9212636" lon="9.3402071">
        <ele>1503.5</ele>
        <time>2026-06-13T06:27:33Z</time>
        <hdop>8.2</hdop>
        <extensions>
          <osmand:speed>1.2</osmand:speed>
        </extensions>
      </trkpt>
      <trkpt lat="46.9213198" lon="9.3402323">
        <ele>1504.5</ele>
        <time>2026-06-13T06:27:39Z</time>
        <hdop>9.7</hdop>
        <extensions>
          <osmand:speed>0.6</osmand:speed>
        </extensions>
      </trkpt>
      <trkpt lat="46.9213383" lon="9.3402519">
        <ele>1504.5</ele>
        <time>2026-06-13T06:27:45Z</time>
        <hdop>6.6</hdop>
        <extensions>
          <osmand:speed>0.1</osmand:speed>
        </extensions>
      </trkpt>
      <trkpt lat="46.9213664" lon="9.3402526">
        <ele>1504.5</ele>
        <time>2026-06-13T06:27:51Z</time>
        <hdop>6.6</hdop>
        <extensions>
          <osmand:speed>1.1</osmand:speed>
        </extensions>
      </trkpt>
      <trkpt lat="46.9213828" lon="9.3402393">
        <ele>1506.5</ele>
        <time>2026-06-13T06:28:02Z</time>
        <hdop>5.1</hdop>
        <extensions>
          <osmand:speed>0.9</osmand:speed>
        </extensions>
      </trkpt>
      <trkpt lat="46.921429" lon="9.3401937">
        <ele>1507.5</ele>
        <time>2026-06-13T06:28:08Z</time>
        <hdop>5.6</hdop>
        <extensions>
          <osmand:speed>0.9</osmand:speed>
        </extensions>
      </trkpt>
      <trkpt lat="46.9214775" lon="9.3401401">
        <ele>1508.5</ele>
        <time>2026-06-13T06:28:14Z</time>
        <hdop>5.6</hdop>
        <extensions>
          <osmand:speed>1</osmand:speed>
        </extensions>
      </trkpt>
      <trkpt lat="46.9215177" lon="9.3401062">
        <ele>1508.5</ele>
        <time>2026-06-13T06:28:20Z</time>
        <hdop>5.6</hdop>
        <extensions>
          <osmand:speed>0.8</osmand:speed>
        </extensions>
      </trkpt>
      <trkpt lat="46.9215689" lon="9.3400628">
        <ele>1508.5</ele>
        <time>2026-06-13T06:28:26Z</time>
        <hdop>5.6</hdop>
        <extensions>
          <osmand:speed>1.3</osmand:speed>
        </extensions>
      </trkpt>
      <trkpt lat="46.9216119" lon="9.3399965">
        <ele>1507.5</ele>
        <time>2026-06-13T06:28:32Z</time>
        <hdop>6.1</hdop>
        <extensions>
          <osmand:speed>0.9</osmand:speed>
        </extensions>
      </trkpt>
      <trkpt lat="46.92164" lon="9.3399464">
        <ele>1508.5</ele>
        <time>2026-06-13T06:28:38Z</time>
        <hdop>6.1</hdop>
        <extensions>
          <osmand:speed>1</osmand:speed>
        </extensions>
      </trkpt>
      <trkpt lat="46.9216899" lon="9.3398841">
        <ele>1506.5</ele>
        <time>2026-06-13T06:28:44Z</time>
        <hdop>5.6</hdop>
        <extensions>
          <osmand:speed>0.6</osmand:speed>
        </extensions>
      </trkpt>
      <trkpt lat="46.9217303" lon="9.3398556">
        <ele>1508.5</ele>
        <time>2026-06-13T06:28:50Z</time>
        <hdop>5.1</hdop>
        <extensions>
          <osmand:speed>0.6</osmand:speed>
        </extensions>
      </trkpt>
      <trkpt lat="46.9217353" lon="9.3398057">
        <ele>1508.5</ele>
        <time>2026-06-13T06:28:56Z</time>
        <hdop>6.6</hdop>
        <extensions>
          <osmand:speed>0.7</osmand:speed>
        </extensions>
      </trkpt>
      <trkpt lat="46.921779" lon="9.3397804">
        <ele>1508.5</ele>
        <time>2026-06-13T06:29:02Z</time>
        <hdop>5.6</hdop>
        <extensions>
          <osmand:speed>0.5</osmand:speed>
        </extensions>
      </trkpt>
      <trkpt lat="46.921831" lon="9.3397322">
        <ele>1509.5</ele>
        <time>2026-06-13T06:29:08Z</time>
        <hdop>5.1</hdop>
        <extensions>
          <osmand:speed>1.2</osmand:speed>
        </extensions>
      </trkpt>
      <trkpt lat="46.9218841" lon="9.3396955">
        <ele>1509.5</ele>
        <time>2026-06-13T06:29:14Z</time>
        <hdop>6.1</hdop>
        <extensions>
          <osmand:speed>1.1</osmand:speed>
        </extensions>
      </trkpt>
      <trkpt lat="46.9219304" lon="9.3396528">
        <ele>1509.5</ele>
        <time>2026-06-13T06:29:20Z</time>
        <hdop>5.1</hdop>
        <extensions>
          <osmand:speed>0.5</osmand:speed>
        </extensions>
      </trkpt>
      <trkpt lat="46.9219826" lon="9.3396289">
        <ele>1512.5</ele>
        <time>2026-06-13T06:29:26Z</time>
        <hdop>5.1</hdop>
        <extensions>
          <osmand:speed>1</osmand:speed>
        </extensions>
      </trkpt>
      <trkpt lat="46.9220348" lon="9.3396078">
        <ele>1512.5</ele>
        <time>2026-06-13T06:29:32Z</time>
        <hdop>5.6</hdop>
        <extensions>
          <osmand:speed>1</osmand:speed>
        </extensions>
      </trkpt>
      <trkpt lat="46.92209" lon="9.3395507">
        <ele>1513.5</ele>
        <time>2026-06-13T06:29:38Z</time>
        <hdop>7.1</hdop>
        <extensions>
          <osmand:speed>0.6</osmand:speed>
        </extensions>
      </trkpt>
      <trkpt lat="46.9221082" lon="9.3395487">
        <ele>1514.5</ele>
        <time>2026-06-13T06:29:47Z</time>
        <hdop>5.6</hdop>
        <extensions>
          <osmand:speed>0.8</osmand:speed>
        </extensions>
      </trkpt>
      <trkpt lat="46.922154" lon="9.3395192">
        <ele>1514.5</ele>
        <time>2026-06-13T06:29:53Z</time>
        <hdop>6.6</hdop>
        <extensions>
          <osmand:speed>0.9</osmand:speed>
        </extensions>
      </trkpt>
      <trkpt lat="46.922174" lon="9.3394969">
        <ele>1515.5</ele>
        <time>2026-06-13T06:29:59Z</time>
        <hdop>6.1</hdop>
        <extensions>
          <osmand:speed>0.3</osmand:speed>
        </extensions>
      </trkpt>
      <trkpt lat="46.9221965" lon="9.3395035">
        <ele>1517.5</ele>
        <time>2026-06-13T06:30:05Z</time>
        <hdop>6.6</hdop>
        <extensions>
          <osmand:speed>1.1</osmand:speed>
        </extensions>
      </trkpt>
      <trkpt lat="46.9222287" lon="9.3395059">
        <ele>1518.5</ele>
        <time>2026-06-13T06:30:11Z</time>
        <hdop>6.1</hdop>
        <extensions>
          <osmand:speed>0.2</osmand:speed>
        </extensions>
      </trkpt>
      <trkpt lat="46.9222531" lon="9.3394784">
        <ele>1519.5</ele>
        <time>2026-06-13T06:30:17Z</time>
        <hdop>6.6</hdop>
        <extensions>
          <osmand:speed>0.5</osmand:speed>
        </extensions>
      </trkpt>
      <trkpt lat="46.9223046" lon="9.3394843">
        <ele>1522.5</ele>
        <time>2026-06-13T06:30:23Z</time>
        <hdop>6.1</hdop>
        <extensions>
          <osmand:speed>0.8</osmand:speed>
        </extensions>
      </trkpt>
      <trkpt lat="46.9223416" lon="9.3394934">
        <ele>1524.5</ele>
        <time>2026-06-13T06:30:29Z</time>
        <hdop>5.1</hdop>
        <extensions>
          <osmand:speed>0.6</osmand:speed>
        </extensions>
      </trkpt>
      <trkpt lat="46.9223382" lon="9.339466">
        <ele>1525.5</ele>
        <time>2026-06-13T06:30:36Z</time>
        <hdop>4.6</hdop>
        <extensions>
          <osmand:speed>1</osmand:speed>
        </extensions>
      </trkpt>
      <trkpt lat="46.9223408" lon="9.3393936">
        <ele>1525.5</ele>
        <time>2026-06-13T06:30:42Z</time>
        <hdop>4.6</hdop>
        <extensions>
          <osmand:speed>0.7</osmand:speed>
        </extensions>
      </trkpt>
      <trkpt lat="46.9223421" lon="9.3393157">
        <ele>1526.5</ele>
        <time>2026-06-13T06:30:48Z</time>
        <hdop>4.1</hdop>
        <extensions>
          <osmand:speed>0.8</osmand:speed>
        </extensions>
      </trkpt>
      <trkpt lat="46.9223539" lon="9.3392261">
        <ele>1528.5</ele>
        <time>2026-06-13T06:30:54Z</time>
        <hdop>4.1</hdop>
        <extensions>
          <osmand:speed>1.2</osmand:speed>
        </extensions>
      </trkpt>
      <trkpt lat="46.922387" lon="9.3391259">
        <ele>1527.5</ele>
        <time>2026-06-13T06:31:00Z</time>
        <hdop>4.6</hdop>
        <extensions>
          <osmand:speed>1.6</osmand:speed>
        </extensions>
      </trkpt>
      <trkpt lat="46.9224071" lon="9.3390909">
        <ele>1527.5</ele>
        <time>2026-06-13T06:31:06Z</time>
        <hdop>4.6</hdop>
        <extensions>
          <osmand:speed>1.6</osmand:speed>
        </extensions>
      </trkpt>
      <trkpt lat="46.9224113" lon="9.3389974">
        <ele>1527.5</ele>
        <time>2026-06-13T06:31:12Z</time>
        <hdop>4.6</hdop>
        <extensions>
          <osmand:speed>1.1</osmand:speed>
        </extensions>
      </trkpt>
      <trkpt lat="46.922397" lon="9.338968">
        <ele>1527.5</ele>
        <time>2026-06-13T06:31:30Z</time>
        <hdop>5.1</hdop>
        <extensions>
          <osmand:speed>0.9</osmand:speed>
        </extensions>
      </trkpt>
      <trkpt lat="46.9223888" lon="9.3388683">
        <ele>1528.5</ele>
        <time>2026-06-13T06:31:36Z</time>
        <hdop>5.1</hdop>
        <extensions>
          <osmand:speed>1.1</osmand:speed>
        </extensions>
      </trkpt>
      <trkpt lat="46.9223899" lon="9.3387864">
        <ele>1527.5</ele>
        <time>2026-06-13T06:31:42Z</time>
        <hdop>5.6</hdop>
        <extensions>
          <osmand:speed>1.2</osmand:speed>
        </extensions>
      </trkpt>
      <trkpt lat="46.9223788" lon="9.3386988">
        <ele>1527.5</ele>
        <time>2026-06-13T06:31:48Z</time>
        <hdop>5.6</hdop>
        <extensions>
          <osmand:speed>0.8</osmand:speed>
        </extensions>
      </trkpt>
      <trkpt lat="46.9223807" lon="9.3386527">
        <ele>1527.5</ele>
        <time>2026-06-13T06:31:54Z</time>
        <hdop>7.1</hdop>
        <extensions>
          <osmand:speed>0.7</osmand:speed>
        </extensions>
      </trkpt>
      <trkpt lat="46.9223609" lon="9.3385869">
        <ele>1527.5</ele>
        <time>2026-06-13T06:32:00Z</time>
        <hdop>8.2</hdop>
        <extensions>
          <osmand:speed>1.4</osmand:speed>
        </extensions>
      </trkpt>
      <trkpt lat="46.9223312" lon="9.3384791">
        <ele>1527.5</ele>
        <time>2026-06-13T06:32:06Z</time>
        <hdop>8.7</hdop>
        <extensions>
          <osmand:speed>1.3</osmand:speed>
        </extensions>
      </trkpt>
      <trkpt lat="46.92231" lon="9.3383722">
        <ele>1526.5</ele>
        <time>2026-06-13T06:32:12Z</time>
        <hdop>9.2</hdop>
        <extensions>
          <osmand:speed>0.9</osmand:speed>
        </extensions>
      </trkpt>
      <trkpt lat="46.922315" lon="9.3382774">
        <ele>1528.5</ele>
        <time>2026-06-13T06:32:18Z</time>
        <hdop>9.7</hdop>
        <extensions>
          <osmand:speed>1</osmand:speed>
        </extensions>
      </trkpt>
      <trkpt lat="46.9223046" lon="9.3382159">
        <ele>1529.5</ele>
        <time>2026-06-13T06:32:24Z</time>
        <hdop>8.7</hdop>
        <extensions>
          <osmand:speed>0.8</osmand:speed>
        </extensions>
      </trkpt>
      <trkpt lat="46.9223215" lon="9.3381586">
        <ele>1529.5</ele>
        <time>2026-06-13T06:32:30Z</time>
        <hdop>9.7</hdop>
        <extensions>
          <osmand:speed>0.3</osmand:speed>
        </extensions>
      </trkpt>
      <trkpt lat="46.9223238" lon="9.3380698">
        <ele>1530.5</ele>
        <time>2026-06-13T06:32:36Z</time>
        <hdop>7.7</hdop>
        <extensions>
          <osmand:speed>0.9</osmand:speed>
        </extensions>
      </trkpt>
      <trkpt lat="46.9223036" lon="9.3380026">
        <ele>1530.5</ele>
        <time>2026-06-13T06:32:42Z</time>
        <hdop>8.7</hdop>
        <extensions>
          <osmand:speed>0.9</osmand:speed>
        </extensions>
      </trkpt>
      <trkpt lat="46.9223038" lon="9.3379762">
        <ele>1532.5</ele>
        <time>2026-06-13T06:33:01Z</time>
        <hdop>5.1</hdop>
        <extensions>
          <osmand:speed>0.1</osmand:speed>
        </extensions>
      </trkpt>
      <trkpt lat="46.9222905" lon="9.337912">
        <ele>1532.5</ele>
        <time>2026-06-13T06:33:07Z</time>
        <hdop>4.6</hdop>
        <extensions>
          <osmand:speed>1.4</osmand:speed>
        </extensions>
      </trkpt>
      <trkpt lat="46.9222935" lon="9.3378239">
        <ele>1532.5</ele>
        <time>2026-06-13T06:33:13Z</time>
        <hdop>6.1</hdop>
        <extensions>
          <osmand:speed>1</osmand:speed>
        </extensions>
      </trkpt>
      <trkpt lat="46.9222825" lon="9.3377882">
        <ele>1534.5</ele>
        <time>2026-06-13T06:33:19Z</time>
        <hdop>7.1</hdop>
        <extensions>
          <osmand:speed>0.2</osmand:speed>
        </extensions>
      </trkpt>
      <trkpt lat="46.9222597" lon="9.3377125">
        <ele>1535.5</ele>
        <time>2026-06-13T06:33:25Z</time>
        <hdop>6.1</hdop>
        <extensions>
          <osmand:speed>1</osmand:speed>
        </extensions>
      </trkpt>
      <trkpt lat="46.9222278" lon="9.3376623">
        <ele>1537.5</ele>
        <time>2026-06-13T06:33:31Z</time>
        <hdop>5.6</hdop>
        <extensions>
          <osmand:speed>0.8</osmand:speed>
        </extensions>
      </trkpt>
      <trkpt lat="46.9221797" lon="9.3376078">
        <ele>1537.5</ele>
        <time>2026-06-13T06:33:37Z</time>
        <hdop>6.1</hdop>
        <extensions>
          <osmand:speed>0.9</osmand:speed>
        </extensions>
      </trkpt>
      <trkpt lat="46.9221877" lon="9.3375238">
        <ele>1537.5</ele>
        <time>2026-06-13T06:33:43Z</time>
        <hdop>6.6</hdop>
        <extensions>
          <osmand:speed>0.9</osmand:speed>
        </extensions>
      </trkpt>
      <trkpt lat="46.9221938" lon="9.3374821">
        <ele>1537.5</ele>
        <time>2026-06-13T06:33:49Z</time>
        <hdop>5.6</hdop>
        <extensions>
          <osmand:speed>0.7</osmand:speed>
        </extensions>
      </trkpt>
      <trkpt lat="46.922213" lon="9.3374024">
        <ele>1537.5</ele>
        <time>2026-06-13T06:33:55Z</time>
        <hdop>6.6</hdop>
        <extensions>
          <osmand:speed>0.8</osmand:speed>
        </extensions>
      </trkpt>
      <trkpt lat="46.9222274" lon="9.337296">
        <ele>1536.5</ele>
        <time>2026-06-13T06:34:01Z</time>
        <hdop>6.1</hdop>
        <extensions>
          <osmand:speed>1</osmand:speed>
        </extensions>
      </trkpt>
      <trkpt lat="46.922204" lon="9.3372224">
        <ele>1536.5</ele>
        <time>2026-06-13T06:34:07Z</time>
        <hdop>5.1</hdop>
        <extensions>
          <osmand:speed>0.8</osmand:speed>
        </extensions>
      </trkpt>
      <trkpt lat="46.9221996" lon="9.3371519">
        <ele>1535.5</ele>
        <time>2026-06-13T06:34:13Z</time>
        <hdop>4.6</hdop>
        <extensions>
          <osmand:speed>0.7</osmand:speed>
        </extensions>
      </trkpt>
      <trkpt lat="46.9221641" lon="9.3370899">
        <ele>1535.5</ele>
        <time>2026-06-13T06:34:19Z</time>
        <hdop>4.6</hdop>
        <extensions>
          <osmand:speed>0.4</osmand:speed>
        </extensions>
      </trkpt>
      <trkpt lat="46.9221623" lon="9.3370288">
        <ele>1536.5</ele>
        <time>2026-06-13T06:34:25Z</time>
        <hdop>4.6</hdop>
        <extensions>
          <osmand:speed>0.6</osmand:speed>
        </extensions>
      </trkpt>
      <trkpt lat="46.9221597" lon="9.3369858">
        <ele>1535.5</ele>
        <time>2026-06-13T06:34:31Z</time>
        <hdop>5.6</hdop>
        <extensions>
          <osmand:speed>0.2</osmand:speed>
        </extensions>
      </trkpt>
      <trkpt lat="46.922162" lon="9.3369543">
        <ele>1534.5</ele>
        <time>2026-06-13T06:34:37Z</time>
        <hdop>5.6</hdop>
        <extensions>
          <osmand:speed>1.6</osmand:speed>
        </extensions>
      </trkpt>
      <trkpt lat="46.9222025" lon="9.336849">
        <ele>1533.5</ele>
        <time>2026-06-13T06:34:43Z</time>
        <hdop>6.1</hdop>
        <extensions>
          <osmand:speed>1</osmand:speed>
        </extensions>
      </trkpt>
      <trkpt lat="46.9221995" lon="9.3367737">
        <ele>1533.5</ele>
        <time>2026-06-13T06:34:49Z</time>
        <hdop>5.1</hdop>
        <extensions>
          <osmand:speed>0.9</osmand:speed>
        </extensions>
      </trkpt>
      <trkpt lat="46.9222105" lon="9.3366962">
        <ele>1533.5</ele>
        <time>2026-06-13T06:34:55Z</time>
        <hdop>5.1</hdop>
        <extensions>
          <osmand:speed>0.9</osmand:speed>
        </extensions>
      </trkpt>
      <trkpt lat="46.9222294" lon="9.336623">
        <ele>1533.5</ele>
        <time>2026-06-13T06:35:01Z</time>
        <hdop>5.6</hdop>
        <extensions>
          <osmand:speed>1</osmand:speed>
        </extensions>
      </trkpt>
      <trkpt lat="46.92226" lon="9.3365732">
        <ele>1533.5</ele>
        <time>2026-06-13T06:35:07Z</time>
        <hdop>5.6</hdop>
        <extensions>
          <osmand:speed>0.6</osmand:speed>
        </extensions>
      </trkpt>
      <trkpt lat="46.922298" lon="9.336528">
        <ele>1534.5</ele>
        <time>2026-06-13T06:35:13Z</time>
        <hdop>8.2</hdop>
        <extensions>
          <osmand:speed>0.8</osmand:speed>
        </extensions>
      </trkpt>
      <trkpt lat="46.9222906" lon="9.3364706">
        <ele>1533.5</ele>
        <time>2026-06-13T06:35:19Z</time>
        <hdop>6.1</hdop>
        <extensions>
          <osmand:speed>1</osmand:speed>
        </extensions>
      </trkpt>
      <trkpt lat="46.9222514" lon="9.3364232">
        <ele>1533.5</ele>
        <time>2026-06-13T06:35:25Z</time>
        <hdop>5.6</hdop>
        <extensions>
          <osmand:speed>0.4</osmand:speed>
        </extensions>
      </trkpt>
      <trkpt lat="46.922276" lon="9.3363339">
        <ele>1532.5</ele>
        <time>2026-06-13T06:35:31Z</time>
        <hdop>5.6</hdop>
        <extensions>
          <osmand:speed>0.7</osmand:speed>
        </extensions>
      </trkpt>
      <trkpt lat="46.9222977" lon="9.3362776">
        <ele>1530.5</ele>
        <time>2026-06-13T06:35:37Z</time>
        <hdop>5.6</hdop>
        <extensions>
          <osmand:speed>1.2</osmand:speed>
        </extensions>
      </trkpt>
      <trkpt lat="46.9223351" lon="9.3361824">
        <ele>1529.5</ele>
        <time>2026-06-13T06:35:43Z</time>
        <hdop>6.1</hdop>
        <extensions>
          <osmand:speed>1.3</osmand:speed>
        </extensions>
      </trkpt>
      <trkpt lat="46.9223656" lon="9.3361048">
        <ele>1529.5</ele>
        <time>2026-06-13T06:35:49Z</time>
        <hdop>6.1</hdop>
        <extensions>
          <osmand:speed>0.8</osmand:speed>
        </extensions>
      </trkpt>
      <trkpt lat="46.9223684" lon="9.3360275">
        <ele>1528.5</ele>
        <time>2026-06-13T06:35:55Z</time>
        <hdop>6.1</hdop>
        <extensions>
          <osmand:speed>0.8</osmand:speed>
        </extensions>
      </trkpt>
      <trkpt lat="46.9223773" lon="9.3359378">
        <ele>1528.5</ele>
        <time>2026-06-13T06:36:01Z</time>
        <hdop>5.6</hdop>
        <extensions>
          <osmand:speed>0.9</osmand:speed>
        </extensions>
      </trkpt>
      <trkpt lat="46.9223644" lon="9.3358671">
        <ele>1527.5</ele>
        <time>2026-06-13T06:36:07Z</time>
        <hdop>5.1</hdop>
        <extensions>
          <osmand:speed>0.6</osmand:speed>
        </extensions>
      </trkpt>
      <trkpt lat="46.9223705" lon="9.3357897">
        <ele>1527.5</ele>
        <time>2026-06-13T06:36:13Z</time>
        <hdop>6.1</hdop>
        <extensions>
          <osmand:speed>1</osmand:speed>
        </extensions>
      </trkpt>
      <trkpt lat="46.9223602" lon="9.3357055">
        <ele>1526.5</ele>
        <time>2026-06-13T06:36:19Z</time>
        <hdop>5.1</hdop>
        <extensions>
          <osmand:speed>1</osmand:speed>
        </extensions>
      </trkpt>
      <trkpt lat="46.9223642" lon="9.3356047">
        <ele>1526.5</ele>
        <time>2026-06-13T06:36:25Z</time>
        <hdop>4.6</hdop>
        <extensions>
          <osmand:speed>0.8</osmand:speed>
        </extensions>
      </trkpt>
      <trkpt lat="46.9223468" lon="9.3355375">
        <ele>1528.5</ele>
        <time>2026-06-13T06:36:31Z</time>
        <hdop>5.1</hdop>
        <extensions>
          <osmand:speed>0.3</osmand:speed>
        </extensions>
      </trkpt>
      <trkpt lat="46.9223725" lon="9.3355074">
        <ele>1529.5</ele>
        <time>2026-06-13T06:36:37Z</time>
        <hdop>4.6</hdop>
        <extensions>
          <osmand:speed>0.7</osmand:speed>
        </extensions>
      </trkpt>
      <trkpt lat="46.922356" lon="9.3354943">
        <ele>1528.5</ele>
        <time>2026-06-13T06:36:49Z</time>
        <hdop>4.6</hdop>
        <extensions>
          <osmand:speed>0.3</osmand:speed>
        </extensions>
      </trkpt>
      <trkpt lat="46.9223363" lon="9.3354708">
        <ele>1527.5</ele>
        <time>2026-06-13T06:37:07Z</time>
        <hdop>5.1</hdop>
        <extensions>
          <osmand:speed>0.3</osmand:speed>
        </extensions>
      </trkpt>
      <trkpt lat="46.9223103" lon="9.3354398">
        <ele>1526.5</ele>
        <time>2026-06-13T06:37:13Z</time>
        <hdop>5.1</hdop>
        <extensions>
          <osmand:speed>0.4</osmand:speed>
        </extensions>
      </trkpt>
      <trkpt lat="46.9223426" lon="9.3354208">
        <ele>1526.5</ele>
        <time>2026-06-13T06:37:19Z</time>
        <hdop>6.1</hdop>
        <extensions>
          <osmand:speed>0.5</osmand:speed>
        </extensions>
      </trkpt>
      <trkpt lat="46.9223594" lon="9.335375">
        <ele>1527.5</ele>
        <time>2026-06-13T06:37:25Z</time>
        <hdop>7.1</hdop>
        <extensions>
          <osmand:speed>0.5</osmand:speed>
        </extensions>
      </trkpt>
      <trkpt lat="46.9223683" lon="9.3353394">
        <ele>1527.5</ele>
        <time>2026-06-13T06:37:31Z</time>
        <hdop>6.6</hdop>
        <extensions>
          <osmand:speed>0.5</osmand:speed>
        </extensions>
      </trkpt>
      <trkpt lat="46.9223955" lon="9.3353023">
        <ele>1526.5</ele>
        <time>2026-06-13T06:37:37Z</time>
        <hdop>9.2</hdop>
        <extensions>
          <osmand:speed>0.6</osmand:speed>
        </extensions>
      </trkpt>
      <trkpt lat="46.922443" lon="9.3352405">
        <ele>1525.5</ele>
        <time>2026-06-13T06:37:43Z</time>
        <hdop>7.7</hdop>
        <extensions>
          <osmand:speed>0.4</osmand:speed>
        </extensions>
      </trkpt>
      <trkpt lat="46.9224662" lon="9.3352332">
        <ele>1524.5</ele>
        <time>2026-06-13T06:37:55Z</time>
        <hdop>8.2</hdop>
        <extensions>
          <osmand:speed>0.8</osmand:speed>
        </extensions>
      </trkpt>
      <trkpt lat="46.922488" lon="9.3352134">
        <ele>1523.5</ele>
        <time>2026-06-13T06:38:01Z</time>
        <hdop>5.6</hdop>
        <extensions>
          <osmand:speed>0.4</osmand:speed>
        </extensions>
      </trkpt>
      <trkpt lat="46.922514" lon="9.3351784">
        <ele>1522.5</ele>
        <time>2026-06-13T06:38:07Z</time>
        <hdop>5.6</hdop>
        <extensions>
          <osmand:speed>0.7</osmand:speed>
        </extensions>
      </trkpt>
      <trkpt lat="46.9225201" lon="9.3351133">
        <ele>1522.5</ele>
        <time>2026-06-13T06:38:13Z</time>
        <hdop>6.1</hdop>
        <extensions>
          <osmand:speed>0.6</osmand:speed>
        </extensions>
      </trkpt>
      <trkpt lat="46.9225164" lon="9.3350608">
        <ele>1521.5</ele>
        <time>2026-06-13T06:38:19Z</time>
        <hdop>5.6</hdop>
        <extensions>
          <osmand:speed>0.4</osmand:speed>
        </extensions>
      </trkpt>
      <trkpt lat="46.9225013" lon="9.335044">
        <ele>1521.5</ele>
        <time>2026-06-13T06:38:29Z</time>
        <hdop>7.7</hdop>
        <extensions>
          <osmand:speed>0.1</osmand:speed>
        </extensions>
      </trkpt>
      <trkpt lat="46.9224927" lon="9.3350006">
        <ele>1519.5</ele>
        <time>2026-06-13T06:38:35Z</time>
        <hdop>7.7</hdop>
        <extensions>
          <osmand:speed>1.1</osmand:speed>
        </extensions>
      </trkpt>
      <trkpt lat="46.9224752" lon="9.334931">
        <ele>1519.5</ele>
        <time>2026-06-13T06:38:41Z</time>
        <hdop>7.1</hdop>
        <extensions>
          <osmand:speed>0.6</osmand:speed>
        </extensions>
      </trkpt>
      <trkpt lat="46.9224917" lon="9.3348582">
        <ele>1518.5</ele>
        <time>2026-06-13T06:38:47Z</time>
        <hdop>6.6</hdop>
        <extensions>
          <osmand:speed>0.3</osmand:speed>
        </extensions>
      </trkpt>
      <trkpt lat="46.9224858" lon="9.3348313">
        <ele>1515.5</ele>
        <time>2026-06-13T06:38:55Z</time>
        <hdop>5.6</hdop>
        <extensions>
          <osmand:speed>0.4</osmand:speed>
        </extensions>
      </trkpt>
      <trkpt lat="46.9225059" lon="9.3347983">
        <ele>1515.5</ele>
        <time>2026-06-13T06:39:01Z</time>
        <hdop>6.1</hdop>
        <extensions>
          <osmand:speed>0.9</osmand:speed>
        </extensions>
      </trkpt>
      <trkpt lat="46.922534" lon="9.3347412">
        <ele>1515.5</ele>
        <time>2026-06-13T06:39:07Z</time>
        <hdop>9.7</hdop>
        <extensions>
          <osmand:speed>1.2</osmand:speed>
        </extensions>
      </trkpt>
      <trkpt lat="46.922543" lon="9.3346921">
        <ele>1516.5</ele>
        <time>2026-06-13T06:39:13Z</time>
        <hdop>11.7</hdop>
        <extensions>
          <osmand:speed>0.4</osmand:speed>
        </extensions>
      </trkpt>
      <trkpt lat="46.9225612" lon="9.3346208">
        <ele>1517.5</ele>
        <time>2026-06-13T06:39:19Z</time>
        <hdop>7.7</hdop>
        <extensions>
          <osmand:speed>0.8</osmand:speed>
        </extensions>
      </trkpt>
      <trkpt lat="46.9225945" lon="9.3345583">
        <ele>1515.5</ele>
        <time>2026-06-13T06:39:25Z</time>
        <hdop>5.6</hdop>
        <extensions>
          <osmand:speed>0.9</osmand:speed>
        </extensions>
      </trkpt>
      <trkpt lat="46.9225897" lon="9.3345161">
        <ele>1515.5</ele>
        <time>2026-06-13T06:39:31Z</time>
        <hdop>7.1</hdop>
        <extensions>
          <osmand:speed>0.5</osmand:speed>
        </extensions>
      </trkpt>
      <trkpt lat="46.9225949" lon="9.3344811">
        <ele>1513.5</ele>
        <time>2026-06-13T06:39:41Z</time>
        <hdop>12.8</hdop>
        <extensions>
          <osmand:speed>0.8</osmand:speed>
        </extensions>
      </trkpt>
      <trkpt lat="46.9225934" lon="9.3344404">
        <ele>1511.5</ele>
        <time>2026-06-13T06:39:47Z</time>
        <hdop>9.2</hdop>
        <extensions>
          <osmand:speed>1.2</osmand:speed>
        </extensions>
      </trkpt>
      <trkpt lat="46.9225997" lon="9.3344655">
        <ele>1510.5</ele>
        <time>2026-06-13T06:39:53Z</time>
        <hdop>7.1</hdop>
        <extensions>
          <osmand:speed>0.8</osmand:speed>
        </extensions>
      </trkpt>
      <trkpt lat="46.9225956" lon="9.3344125">
        <ele>1510.5</ele>
        <time>2026-06-13T06:39:59Z</time>
        <hdop>6.1</hdop>
        <extensions>
          <osmand:speed>0.8</osmand:speed>
        </extensions>
      </trkpt>
      <trkpt lat="46.922629" lon="9.3343234">
        <ele>1510.5</ele>
        <time>2026-06-13T06:40:05Z</time>
        <hdop>5.6</hdop>
        <extensions>
          <osmand:speed>0.8</osmand:speed>
        </extensions>
      </trkpt>
      <trkpt lat="46.9226281" lon="9.3342396">
        <ele>1510.5</ele>
        <time>2026-06-13T06:40:11Z</time>
        <hdop>6.1</hdop>
        <extensions>
          <osmand:speed>0.6</osmand:speed>
        </extensions>
      </trkpt>
      <trkpt lat="46.9226253" lon="9.3342095">
        <ele>1510.5</ele>
        <time>2026-06-13T06:40:18Z</time>
        <hdop>5.6</hdop>
        <extensions>
          <osmand:speed>0.5</osmand:speed>
        </extensions>
      </trkpt>
      <trkpt lat="46.9226324" lon="9.3341455">
        <ele>1509.5</ele>
        <time>2026-06-13T06:40:24Z</time>
        <hdop>5.6</hdop>
        <extensions>
          <osmand:speed>0.9</osmand:speed>
        </extensions>
      </trkpt>
      <trkpt lat="46.9226462" lon="9.3340821">
        <ele>1508.5</ele>
        <time>2026-06-13T06:40:30Z</time>
        <hdop>5.6</hdop>
        <extensions>
          <osmand:speed>0.6</osmand:speed>
        </extensions>
      </trkpt>
      <trkpt lat="46.922632" lon="9.3340436">
        <ele>1508.5</ele>
        <time>2026-06-13T06:40:36Z</time>
        <hdop>6.1</hdop>
        <extensions>
          <osmand:speed>0.5</osmand:speed>
        </extensions>
      </trkpt>
      <trkpt lat="46.9226271" lon="9.3339862">
        <ele>1507.5</ele>
        <time>2026-06-13T06:40:42Z</time>
        <hdop>7.7</hdop>
        <extensions>
          <osmand:speed>0.3</osmand:speed>
        </extensions>
      </trkpt>
      <trkpt lat="46.922608" lon="9.3339917">
        <ele>1506.5</ele>
        <time>2026-06-13T06:40:48Z</time>
        <hdop>6.1</hdop>
        <extensions>
          <osmand:speed>0.4</osmand:speed>
        </extensions>
      </trkpt>
      <trkpt lat="46.9226265" lon="9.3339473">
        <ele>1505.5</ele>
        <time>2026-06-13T06:40:54Z</time>
        <hdop>4.6</hdop>
      </trkpt>
      <trkpt lat="46.922658" lon="9.3338818">
        <ele>1504.5</ele>
        <time>2026-06-13T06:41:00Z</time>
        <hdop>5.6</hdop>
        <extensions>
          <osmand:speed>0.7</osmand:speed>
        </extensions>
      </trkpt>
      <trkpt lat="46.9226516" lon="9.3337891">
        <ele>1503.5</ele>
        <time>2026-06-13T06:41:06Z</time>
        <hdop>6.1</hdop>
        <extensions>
          <osmand:speed>1.1</osmand:speed>
        </extensions>
      </trkpt>
      <trkpt lat="46.9226157" lon="9.3337241">
        <ele>1502.5</ele>
        <time>2026-06-13T06:41:12Z</time>
        <hdop>5.6</hdop>
        <extensions>
          <osmand:speed>0.8</osmand:speed>
        </extensions>
      </trkpt>
      <trkpt lat="46.9226015" lon="9.333657">
        <ele>1503.5</ele>
        <time>2026-06-13T06:41:18Z</time>
        <hdop>6.6</hdop>
        <extensions>
          <osmand:speed>0.8</osmand:speed>
        </extensions>
      </trkpt>
      <trkpt lat="46.9225889" lon="9.3335884">
        <ele>1503.5</ele>
        <time>2026-06-13T06:41:24Z</time>
        <hdop>6.1</hdop>
        <extensions>
          <osmand:speed>0.5</osmand:speed>
        </extensions>
      </trkpt>
      <trkpt lat="46.9225885" lon="9.3335546">
        <ele>1501.5</ele>
        <time>2026-06-13T06:41:48Z</time>
        <hdop>8.2</hdop>
        <extensions>
          <osmand:speed>0</osmand:speed>
        </extensions>
      </trkpt>
      <trkpt lat="46.922579" lon="9.3335063">
        <ele>1501.5</ele>
        <time>2026-06-13T06:41:54Z</time>
        <hdop>6.1</hdop>
        <extensions>
          <osmand:speed>0.7</osmand:speed>
        </extensions>
      </trkpt>
      <trkpt lat="46.9226022" lon="9.3334418">
        <ele>1500.5</ele>
        <time>2026-06-13T06:42:00Z</time>
        <hdop>5.1</hdop>
        <extensions>
          <osmand:speed>0.8</osmand:speed>
        </extensions>
      </trkpt>
      <trkpt lat="46.9226352" lon="9.333379">
        <ele>1499.5</ele>
        <time>2026-06-13T06:42:06Z</time>
        <hdop>4.6</hdop>
        <extensions>
          <osmand:speed>0.8</osmand:speed>
        </extensions>
      </trkpt>
      <trkpt lat="46.9226497" lon="9.3333544">
        <ele>1499.5</ele>
        <time>2026-06-13T06:42:12Z</time>
        <hdop>4.6</hdop>
        <extensions>
          <osmand:speed>0.8</osmand:speed>
        </extensions>
      </trkpt>
      <trkpt lat="46.9226495" lon="9.3332939">
        <ele>1498.5</ele>
        <time>2026-06-13T06:42:18Z</time>
        <hdop>5.1</hdop>
        <extensions>
          <osmand:speed>0.2</osmand:speed>
        </extensions>
      </trkpt>
      <trkpt lat="46.9226182" lon="9.3332861">
        <ele>1499.5</ele>
        <time>2026-06-13T06:42:24Z</time>
        <hdop>6.6</hdop>
        <extensions>
          <osmand:speed>0.5</osmand:speed>
        </extensions>
      </trkpt>
      <trkpt lat="46.9225922" lon="9.333301">
        <ele>1500.5</ele>
        <time>2026-06-13T06:42:30Z</time>
        <hdop>5.6</hdop>
        <extensions>
          <osmand:speed>0.8</osmand:speed>
        </extensions>
      </trkpt>
      <trkpt lat="46.9225697" lon="9.3333102">
        <ele>1501.5</ele>
        <time>2026-06-13T06:42:36Z</time>
        <hdop>6.6</hdop>
        <extensions>
          <osmand:speed>0.2</osmand:speed>
        </extensions>
      </trkpt>
      <trkpt lat="46.9225527" lon="9.3333283">
        <ele>1503.5</ele>
        <time>2026-06-13T06:42:50Z</time>
        <hdop>6.6</hdop>
        <extensions>
          <osmand:speed>0.5</osmand:speed>
        </extensions>
      </trkpt>
      <trkpt lat="46.922499" lon="9.3333342">
        <ele>1503.5</ele>
        <time>2026-06-13T06:42:56Z</time>
        <hdop>6.1</hdop>
        <extensions>
          <osmand:speed>0.2</osmand:speed>
        </extensions>
      </trkpt>
      <trkpt lat="46.922504" lon="9.3333745">
        <ele>1504.5</ele>
        <time>2026-06-13T06:43:02Z</time>
        <hdop>6.6</hdop>
        <extensions>
          <osmand:speed>0.1</osmand:speed>
        </extensions>
      </trkpt>
      <trkpt lat="46.9225111" lon="9.333343">
        <ele>1504.5</ele>
        <time>2026-06-13T06:43:11Z</time>
        <hdop>8.2</hdop>
        <extensions>
          <osmand:speed>0</osmand:speed>
        </extensions>
      </trkpt>
      <trkpt lat="46.9225004" lon="9.3333667">
        <ele>1504.5</ele>
        <time>2026-06-13T06:44:24Z</time>
        <hdop>10.7</hdop>
        <extensions>
          <osmand:speed>0</osmand:speed>
        </extensions>
      </trkpt>
      <trkpt lat="46.9224756" lon="9.3333627">
        <ele>1501.5</ele>
        <time>2026-06-13T06:44:30Z</time>
        <hdop>13.3</hdop>
        <extensions>
          <osmand:speed>0.1</osmand:speed>
        </extensions>
      </trkpt>
      <trkpt lat="46.9224752" lon="9.3333281">
        <ele>1501.5</ele>
        <time>2026-06-13T06:44:51Z</time>
        <hdop>7.1</hdop>
        <extensions>
          <osmand:speed>1.4</osmand:speed>
        </extensions>
      </trkpt>
      <trkpt lat="46.9224439" lon="9.3333006">
        <ele>1502.5</ele>
        <time>2026-06-13T06:44:57Z</time>
        <hdop>9.7</hdop>
        <extensions>
          <osmand:speed>0.6</osmand:speed>
        </extensions>
      </trkpt>
      <trkpt lat="46.9224271" lon="9.333348">
        <ele>1502.5</ele>
        <time>2026-06-13T06:45:03Z</time>
        <hdop>7.7</hdop>
        <extensions>
          <osmand:speed>0.2</osmand:speed>
        </extensions>
      </trkpt>
      <trkpt lat="46.9224071" lon="9.3333767">
        <ele>1503.5</ele>
        <time>2026-06-13T06:45:09Z</time>
        <hdop>9.7</hdop>
        <extensions>
          <osmand:speed>0.4</osmand:speed>
        </extensions>
      </trkpt>
      <trkpt lat="46.9224199" lon="9.3334152">
        <ele>1503.5</ele>
        <time>2026-06-13T06:45:15Z</time>
        <hdop>7.7</hdop>
        <extensions>
          <osmand:speed>0.4</osmand:speed>
        </extensions>
      </trkpt>
      <trkpt lat="46.9224089" lon="9.3333944">
        <ele>1502.5</ele>
        <time>2026-06-13T06:45:23Z</time>
        <hdop>10.7</hdop>
        <extensions>
          <osmand:speed>0.2</osmand:speed>
        </extensions>
      </trkpt>
      <trkpt lat="46.9224303" lon="9.3333979">
        <ele>1503.5</ele>
        <time>2026-06-13T06:45:34Z</time>
        <hdop>11.2</hdop>
        <extensions>
          <osmand:speed>0.4</osmand:speed>
        </extensions>
      </trkpt>
      <trkpt lat="46.9224306" lon="9.3333643">
        <ele>1504.5</ele>
        <time>2026-06-13T06:45:40Z</time>
        <hdop>6.6</hdop>
      </trkpt>
      <trkpt lat="46.9224267" lon="9.3333948">
        <ele>1503.5</ele>
        <time>2026-06-13T06:46:12Z</time>
        <hdop>7.7</hdop>
        <extensions>
          <osmand:speed>0</osmand:speed>
        </extensions>
      </trkpt>
      <trkpt lat="46.9224481" lon="9.3333598">
        <ele>1505.5</ele>
        <time>2026-06-13T06:46:46Z</time>
        <hdop>11.2</hdop>
        <extensions>
          <osmand:speed>1.6</osmand:speed>
        </extensions>
      </trkpt>
      <trkpt lat="46.9224943" lon="9.3332463">
        <ele>1504.5</ele>
        <time>2026-06-13T06:46:52Z</time>
        <hdop>11.2</hdop>
        <extensions>
          <osmand:speed>1.6</osmand:speed>
        </extensions>
      </trkpt>
      <trkpt lat="46.9225335" lon="9.333195">
        <ele>1505.5</ele>
        <time>2026-06-13T06:46:58Z</time>
        <hdop>7.7</hdop>
        <extensions>
          <osmand:speed>1</osmand:speed>
        </extensions>
      </trkpt>
      <trkpt lat="46.9225582" lon="9.3332215">
        <ele>1506.5</ele>
        <time>2026-06-13T06:47:04Z</time>
        <hdop>8.7</hdop>
        <extensions>
          <osmand:speed>0.3</osmand:speed>
        </extensions>
      </trkpt>
      <trkpt lat="46.9225995" lon="9.3332065">
        <ele>1503.5</ele>
        <time>2026-06-13T06:47:10Z</time>
        <hdop>6.1</hdop>
        <extensions>
          <osmand:speed>0.7</osmand:speed>
        </extensions>
      </trkpt>
      <trkpt lat="46.9226392" lon="9.3331922">
        <ele>1501.5</ele>
        <time>2026-06-13T06:47:16Z</time>
        <hdop>5.6</hdop>
        <extensions>
          <osmand:speed>1.4</osmand:speed>
        </extensions>
      </trkpt>
      <trkpt lat="46.9226821" lon="9.3331573">
        <ele>1501.5</ele>
        <time>2026-06-13T06:47:22Z</time>
        <hdop>5.6</hdop>
        <extensions>
          <osmand:speed>1.1</osmand:speed>
        </extensions>
      </trkpt>
      <trkpt lat="46.9227145" lon="9.3331101">
        <ele>1500.5</ele>
        <time>2026-06-13T06:47:28Z</time>
        <hdop>8.7</hdop>
        <extensions>
          <osmand:speed>0.7</osmand:speed>
        </extensions>
      </trkpt>
      <trkpt lat="46.9227617" lon="9.3330969">
        <ele>1500.5</ele>
        <time>2026-06-13T06:47:34Z</time>
        <hdop>6.1</hdop>
        <extensions>
          <osmand:speed>1.1</osmand:speed>
        </extensions>
      </trkpt>
      <trkpt lat="46.9228002" lon="9.3330511">
        <ele>1498.5</ele>
        <time>2026-06-13T06:47:40Z</time>
        <hdop>5.6</hdop>
        <extensions>
          <osmand:speed>0.8</osmand:speed>
        </extensions>
      </trkpt>
      <trkpt lat="46.9228014" lon="9.3329951">
        <ele>1498.5</ele>
        <time>2026-06-13T06:47:46Z</time>
        <hdop>5.6</hdop>
        <extensions>
          <osmand:speed>0.9</osmand:speed>
        </extensions>
      </trkpt>
      <trkpt lat="46.9228253" lon="9.33292">
        <ele>1498.5</ele>
        <time>2026-06-13T06:47:52Z</time>
        <hdop>5.6</hdop>
        <extensions>
          <osmand:speed>0.2</osmand:speed>
        </extensions>
      </trkpt>
      <trkpt lat="46.9228341" lon="9.3328933">
        <ele>1498.5</ele>
        <time>2026-06-13T06:48:21Z</time>
        <hdop>7.7</hdop>
        <extensions>
          <osmand:speed>0.3</osmand:speed>
        </extensions>
      </trkpt>
      <trkpt lat="46.9228373" lon="9.3328028">
        <ele>1497.5</ele>
        <time>2026-06-13T06:48:27Z</time>
        <hdop>5.6</hdop>
        <extensions>
          <osmand:speed>1.2</osmand:speed>
        </extensions>
      </trkpt>
      <trkpt lat="46.9228599" lon="9.3327042">
        <ele>1496.5</ele>
        <time>2026-06-13T06:48:33Z</time>
        <hdop>7.1</hdop>
        <extensions>
          <osmand:speed>1.4</osmand:speed>
        </extensions>
      </trkpt>
      <trkpt lat="46.9228522" lon="9.3326259">
        <ele>1495.5</ele>
        <time>2026-06-13T06:48:39Z</time>
        <hdop>5.6</hdop>
        <extensions>
          <osmand:speed>0.7</osmand:speed>
        </extensions>
      </trkpt>
      <trkpt lat="46.9228642" lon="9.3325514">
        <ele>1496.5</ele>
        <time>2026-06-13T06:48:45Z</time>
        <hdop>5.6</hdop>
        <extensions>
          <osmand:speed>0.8</osmand:speed>
        </extensions>
      </trkpt>
      <trkpt lat="46.9228682" lon="9.3324519">
        <ele>1497.5</ele>
        <time>2026-06-13T06:48:51Z</time>
        <hdop>6.1</hdop>
        <extensions>
          <osmand:speed>1.4</osmand:speed>
        </extensions>
      </trkpt>
      <trkpt lat="46.9228702" lon="9.3323651">
        <ele>1497.5</ele>
        <time>2026-06-13T06:48:57Z</time>
        <hdop>7.1</hdop>
        <extensions>
          <osmand:speed>1.4</osmand:speed>
        </extensions>
      </trkpt>
      <trkpt lat="46.9228835" lon="9.332261">
        <ele>1497.5</ele>
        <time>2026-06-13T06:49:03Z</time>
        <hdop>7.1</hdop>
        <extensions>
          <osmand:speed>1.6</osmand:speed>
        </extensions>
      </trkpt>
      <trkpt lat="46.9228927" lon="9.3321852">
        <ele>1497.5</ele>
        <time>2026-06-13T06:49:09Z</time>
        <hdop>9.7</hdop>
        <extensions>
          <osmand:speed>0.5</osmand:speed>
        </extensions>
      </trkpt>
      <trkpt lat="46.9229061" lon="9.3321232">
        <ele>1498.5</ele>
        <time>2026-06-13T06:49:15Z</time>
        <hdop>8.7</hdop>
        <extensions>
          <osmand:speed>0.3</osmand:speed>
        </extensions>
      </trkpt>
      <trkpt lat="46.9229075" lon="9.3320937">
        <ele>1499.5</ele>
        <time>2026-06-13T06:49:21Z</time>
        <hdop>10.2</hdop>
        <extensions>
          <osmand:speed>0.5</osmand:speed>
        </extensions>
      </trkpt>
      <trkpt lat="46.9229003" lon="9.3320686">
        <ele>1498.5</ele>
        <time>2026-06-13T06:49:28Z</time>
        <hdop>7.7</hdop>
        <extensions>
          <osmand:speed>0.4</osmand:speed>
        </extensions>
      </trkpt>
      <trkpt lat="46.9229261" lon="9.3320701">
        <ele>1498.5</ele>
        <time>2026-06-13T06:49:43Z</time>
        <hdop>7.1</hdop>
        <extensions>
          <osmand:speed>0.3</osmand:speed>
        </extensions>
      </trkpt>
      <trkpt lat="46.9229113" lon="9.3320372">
        <ele>1500.5</ele>
        <time>2026-06-13T06:49:49Z</time>
        <hdop>9.2</hdop>
        <extensions>
          <osmand:speed>0.4</osmand:speed>
        </extensions>
      </trkpt>
      <trkpt lat="46.9229139" lon="9.3319958">
        <ele>1501.5</ele>
        <time>2026-06-13T06:49:55Z</time>
        <hdop>10.2</hdop>
        <extensions>
          <osmand:speed>0.4</osmand:speed>
        </extensions>
      </trkpt>
      <trkpt lat="46.9229336" lon="9.3319485">
        <ele>1502.5</ele>
        <time>2026-06-13T06:50:01Z</time>
        <hdop>7.1</hdop>
        <extensions>
          <osmand:speed>1.6</osmand:speed>
        </extensions>
      </trkpt>
      <trkpt lat="46.9229763" lon="9.3318958">
        <ele>1504.5</ele>
        <time>2026-06-13T06:50:07Z</time>
        <hdop>9.2</hdop>
        <extensions>
          <osmand:speed>0.6</osmand:speed>
        </extensions>
      </trkpt>
      <trkpt lat="46.9229503" lon="9.3318369">
        <ele>1504.5</ele>
        <time>2026-06-13T06:50:13Z</time>
        <hdop>9.2</hdop>
        <extensions>
          <osmand:speed>0.5</osmand:speed>
        </extensions>
      </trkpt>
      <trkpt lat="46.9229513" lon="9.3317605">
        <ele>1504.5</ele>
        <time>2026-06-13T06:50:19Z</time>
        <hdop>7.7</hdop>
        <extensions>
          <osmand:speed>1.2</osmand:speed>
        </extensions>
      </trkpt>
      <trkpt lat="46.9229911" lon="9.3317077">
        <ele>1505.5</ele>
        <time>2026-06-13T06:50:25Z</time>
        <hdop>8.7</hdop>
        <extensions>
          <osmand:speed>0.3</osmand:speed>
        </extensions>
      </trkpt>
      <trkpt lat="46.9230341" lon="9.331687">
        <ele>1506.5</ele>
        <time>2026-06-13T06:50:31Z</time>
        <hdop>7.7</hdop>
        <extensions>
          <osmand:speed>0.4</osmand:speed>
        </extensions>
      </trkpt>
      <trkpt lat="46.9230151" lon="9.3316935">
        <ele>1504.5</ele>
        <time>2026-06-13T06:50:40Z</time>
        <hdop>5.6</hdop>
        <extensions>
          <osmand:speed>0.7</osmand:speed>
        </extensions>
      </trkpt>
      <trkpt lat="46.9230004" lon="9.3317215">
        <ele>1504.5</ele>
        <time>2026-06-13T06:50:48Z</time>
        <hdop>5.6</hdop>
        <extensions>
          <osmand:speed>0.1</osmand:speed>
        </extensions>
      </trkpt>
      <trkpt lat="46.9229959" lon="9.3317497">
        <ele>1505.5</ele>
        <time>2026-06-13T06:51:03Z</time>
        <hdop>6.1</hdop>
        <extensions>
          <osmand:speed>0.4</osmand:speed>
        </extensions>
      </trkpt>
      <trkpt lat="46.9230098" lon="9.3317295">
        <ele>1500.5</ele>
        <time>2026-06-13T06:51:14Z</time>
        <hdop>8.7</hdop>
        <extensions>
          <osmand:speed>0.2</osmand:speed>
        </extensions>
      </trkpt>
      <trkpt lat="46.9229989" lon="9.3316824">
        <ele>1500.5</ele>
        <time>2026-06-13T06:51:31Z</time>
        <hdop>8.7</hdop>
        <extensions>
          <osmand:speed>1</osmand:speed>
        </extensions>
      </trkpt>
      <trkpt lat="46.9229887" lon="9.3315631">
        <ele>1500.5</ele>
        <time>2026-06-13T06:51:37Z</time>
        <hdop>8.2</hdop>
        <extensions>
          <osmand:speed>1.2</osmand:speed>
        </extensions>
      </trkpt>
      <trkpt lat="46.9229836" lon="9.3314652">
        <ele>1500.5</ele>
        <time>2026-06-13T06:51:43Z</time>
        <hdop>7.1</hdop>
        <extensions>
          <osmand:speed>1.1</osmand:speed>
        </extensions>
      </trkpt>
      <trkpt lat="46.9229918" lon="9.3314">
        <ele>1501.5</ele>
        <time>2026-06-13T06:51:49Z</time>
        <hdop>7.1</hdop>
        <extensions>
          <osmand:speed>1.2</osmand:speed>
        </extensions>
      </trkpt>
      <trkpt lat="46.9229784" lon="9.3313099">
        <ele>1500.5</ele>
        <time>2026-06-13T06:51:55Z</time>
        <hdop>7.1</hdop>
        <extensions>
          <osmand:speed>0.9</osmand:speed>
        </extensions>
      </trkpt>
      <trkpt lat="46.9229821" lon="9.3312286">
        <ele>1501.5</ele>
        <time>2026-06-13T06:52:01Z</time>
        <hdop>6.1</hdop>
        <extensions>
          <osmand:speed>0.9</osmand:speed>
        </extensions>
      </trkpt>
      <trkpt lat="46.9229948" lon="9.3311525">
        <ele>1502.5</ele>
        <time>2026-06-13T06:52:07Z</time>
        <hdop>9.2</hdop>
        <extensions>
          <osmand:speed>0.7</osmand:speed>
        </extensions>
      </trkpt>
      <trkpt lat="46.9229701" lon="9.3310861">
        <ele>1503.5</ele>
        <time>2026-06-13T06:52:13Z</time>
        <hdop>8.7</hdop>
        <extensions>
          <osmand:speed>1.2</osmand:speed>
        </extensions>
      </trkpt>
      <trkpt lat="46.9229591" lon="9.3310158">
        <ele>1505.5</ele>
        <time>2026-06-13T06:52:19Z</time>
        <hdop>9.7</hdop>
        <extensions>
          <osmand:speed>0.7</osmand:speed>
        </extensions>
      </trkpt>
      <trkpt lat="46.9229455" lon="9.3309433">
        <ele>1507.5</ele>
        <time>2026-06-13T06:52:25Z</time>
        <hdop>9.7</hdop>
        <extensions>
          <osmand:speed>0.8</osmand:speed>
        </extensions>
      </trkpt>
      <trkpt lat="46.9229274" lon="9.3309168">
        <ele>1507.5</ele>
        <time>2026-06-13T06:52:31Z</time>
        <hdop>9.2</hdop>
        <extensions>
          <osmand:speed>0.8</osmand:speed>
        </extensions>
      </trkpt>
      <trkpt lat="46.9229102" lon="9.3308337">
        <ele>1508.5</ele>
        <time>2026-06-13T06:52:37Z</time>
        <hdop>8.7</hdop>
        <extensions>
          <osmand:speed>0.7</osmand:speed>
        </extensions>
      </trkpt>
      <trkpt lat="46.9228752" lon="9.3308023">
        <ele>1507.5</ele>
        <time>2026-06-13T06:52:43Z</time>
        <hdop>7.7</hdop>
        <extensions>
          <osmand:speed>0.9</osmand:speed>
        </extensions>
      </trkpt>
      <trkpt lat="46.9228564" lon="9.3307559">
        <ele>1508.5</ele>
        <time>2026-06-13T06:52:49Z</time>
        <hdop>9.2</hdop>
        <extensions>
          <osmand:speed>0.6</osmand:speed>
        </extensions>
      </trkpt>
      <trkpt lat="46.9228197" lon="9.3307178">
        <ele>1508.5</ele>
        <time>2026-06-13T06:52:55Z</time>
        <hdop>14.8</hdop>
        <extensions>
          <osmand:speed>1.2</osmand:speed>
        </extensions>
      </trkpt>
      <trkpt lat="46.9228079" lon="9.3306852">
        <ele>1509.5</ele>
        <time>2026-06-13T06:53:01Z</time>
        <hdop>11.7</hdop>
        <extensions>
          <osmand:speed>0.6</osmand:speed>
        </extensions>
      </trkpt>
      <trkpt lat="46.9228134" lon="9.3305992">
        <ele>1510.5</ele>
        <time>2026-06-13T06:53:07Z</time>
        <hdop>13.3</hdop>
        <extensions>
          <osmand:speed>0.5</osmand:speed>
        </extensions>
      </trkpt>
      <trkpt lat="46.9227992" lon="9.3305163">
        <ele>1510.5</ele>
        <time>2026-06-13T06:53:13Z</time>
        <hdop>11.2</hdop>
        <extensions>
          <osmand:speed>0.1</osmand:speed>
        </extensions>
      </trkpt>
      <trkpt lat="46.9227728" lon="9.330492">
        <ele>1511.5</ele>
        <time>2026-06-13T06:53:19Z</time>
        <hdop>11.2</hdop>
        <extensions>
          <osmand:speed>0.7</osmand:speed>
        </extensions>
      </trkpt>
      <trkpt lat="46.9227498" lon="9.3304214">
        <ele>1511.5</ele>
        <time>2026-06-13T06:53:25Z</time>
        <hdop>9.2</hdop>
        <extensions>
          <osmand:speed>1.1</osmand:speed>
        </extensions>
      </trkpt>
      <trkpt lat="46.9227435" lon="9.3303839">
        <ele>1512.5</ele>
        <time>2026-06-13T06:53:31Z</time>
        <hdop>11.7</hdop>
        <extensions>
          <osmand:speed>0.5</osmand:speed>
        </extensions>
      </trkpt>
      <trkpt lat="46.9227294" lon="9.3303503">
        <ele>1513.5</ele>
        <time>2026-06-13T06:53:37Z</time>
        <hdop>10.7</hdop>
        <extensions>
          <osmand:speed>0.6</osmand:speed>
        </extensions>
      </trkpt>
      <trkpt lat="46.9227357" lon="9.3303028">
        <ele>1514.5</ele>
        <time>2026-06-13T06:53:43Z</time>
        <hdop>7.7</hdop>
        <extensions>
          <osmand:speed>0.3</osmand:speed>
        </extensions>
      </trkpt>
      <trkpt lat="46.922727" lon="9.3302783">
        <ele>1516.5</ele>
        <time>2026-06-13T06:53:49Z</time>
        <hdop>11.7</hdop>
        <extensions>
          <osmand:speed>0.4</osmand:speed>
        </extensions>
      </trkpt>
      <trkpt lat="46.9227089" lon="9.3302665">
        <ele>1517.5</ele>
        <time>2026-06-13T06:53:57Z</time>
        <hdop>7.1</hdop>
        <extensions>
          <osmand:speed>0.1</osmand:speed>
        </extensions>
      </trkpt>
      <trkpt lat="46.9227125" lon="9.330237">
        <ele>1519.5</ele>
        <time>2026-06-13T06:54:15Z</time>
        <hdop>9.7</hdop>
        <extensions>
          <osmand:speed>0.8</osmand:speed>
        </extensions>
      </trkpt>
      <trkpt lat="46.9227328" lon="9.3301466">
        <ele>1519.5</ele>
        <time>2026-06-13T06:54:21Z</time>
        <hdop>7.1</hdop>
        <extensions>
          <osmand:speed>0.4</osmand:speed>
        </extensions>
      </trkpt>
      <trkpt lat="46.9227483" lon="9.3300843">
        <ele>1519.5</ele>
        <time>2026-06-13T06:54:27Z</time>
        <hdop>6.6</hdop>
        <extensions>
          <osmand:speed>0.4</osmand:speed>
        </extensions>
      </trkpt>
      <trkpt lat="46.9227276" lon="9.3300362">
        <ele>1521.5</ele>
        <time>2026-06-13T06:54:33Z</time>
        <hdop>8.2</hdop>
        <extensions>
          <osmand:speed>0.8</osmand:speed>
        </extensions>
      </trkpt>
      <trkpt lat="46.9227094" lon="9.3300139">
        <ele>1522.5</ele>
        <time>2026-06-13T06:54:39Z</time>
        <hdop>7.7</hdop>
        <extensions>
          <osmand:speed>1.2</osmand:speed>
        </extensions>
      </trkpt>
      <trkpt lat="46.9226946" lon="9.3299617">
        <ele>1524.5</ele>
        <time>2026-06-13T06:54:45Z</time>
        <hdop>6.6</hdop>
        <extensions>
          <osmand:speed>1.5</osmand:speed>
        </extensions>
      </trkpt>
      <trkpt lat="46.9226721" lon="9.3299267">
        <ele>1524.5</ele>
        <time>2026-06-13T06:54:51Z</time>
        <hdop>6.1</hdop>
        <extensions>
          <osmand:speed>1.3</osmand:speed>
        </extensions>
      </trkpt>
      <trkpt lat="46.922641" lon="9.3298915">
        <ele>1526.5</ele>
        <time>2026-06-13T06:54:57Z</time>
        <hdop>6.6</hdop>
        <extensions>
          <osmand:speed>0.6</osmand:speed>
        </extensions>
      </trkpt>
      <trkpt lat="46.9226378" lon="9.3298351">
        <ele>1525.5</ele>
        <time>2026-06-13T06:55:03Z</time>
        <hdop>5.6</hdop>
        <extensions>
          <osmand:speed>0.9</osmand:speed>
        </extensions>
      </trkpt>
      <trkpt lat="46.9226399" lon="9.3297711">
        <ele>1527.5</ele>
        <time>2026-06-13T06:55:09Z</time>
        <hdop>5.6</hdop>
        <extensions>
          <osmand:speed>0.5</osmand:speed>
        </extensions>
      </trkpt>
      <trkpt lat="46.922664" lon="9.3297583">
        <ele>1528.5</ele>
        <time>2026-06-13T06:55:15Z</time>
        <hdop>7.1</hdop>
        <extensions>
          <osmand:speed>0.6</osmand:speed>
        </extensions>
      </trkpt>
      <trkpt lat="46.9226912" lon="9.3297062">
        <ele>1530.5</ele>
        <time>2026-06-13T06:55:21Z</time>
        <hdop>5.6</hdop>
        <extensions>
          <osmand:speed>0.7</osmand:speed>
        </extensions>
      </trkpt>
      <trkpt lat="46.9227277" lon="9.3296216">
        <ele>1531.5</ele>
        <time>2026-06-13T06:55:27Z</time>
        <hdop>5.1</hdop>
        <extensions>
          <osmand:speed>1</osmand:speed>
        </extensions>
      </trkpt>
      <trkpt lat="46.9227366" lon="9.3295861">
        <ele>1533.5</ele>
        <time>2026-06-13T06:55:33Z</time>
        <hdop>4.6</hdop>
      </trkpt>
      <trkpt lat="46.9227572" lon="9.329579">
        <ele>1532.5</ele>
        <time>2026-06-13T06:55:46Z</time>
        <hdop>5.1</hdop>
        <extensions>
          <osmand:speed>0.6</osmand:speed>
        </extensions>
      </trkpt>
      <trkpt lat="46.922797" lon="9.3294776">
        <ele>1532.5</ele>
        <time>2026-06-13T06:55:52Z</time>
        <hdop>5.6</hdop>
        <extensions>
          <osmand:speed>1.3</osmand:speed>
        </extensions>
      </trkpt>
      <trkpt lat="46.9228064" lon="9.3293917">
        <ele>1532.5</ele>
        <time>2026-06-13T06:55:58Z</time>
        <hdop>5.1</hdop>
        <extensions>
          <osmand:speed>1.4</osmand:speed>
        </extensions>
      </trkpt>
      <trkpt lat="46.9227826" lon="9.329329">
        <ele>1531.5</ele>
        <time>2026-06-13T06:56:04Z</time>
        <hdop>5.6</hdop>
        <extensions>
          <osmand:speed>1.1</osmand:speed>
        </extensions>
      </trkpt>
      <trkpt lat="46.9227817" lon="9.3292452">
        <ele>1531.5</ele>
        <time>2026-06-13T06:56:10Z</time>
        <hdop>5.6</hdop>
        <extensions>
          <osmand:speed>0.5</osmand:speed>
        </extensions>
      </trkpt>
      <trkpt lat="46.9228153" lon="9.3291662">
        <ele>1532.5</ele>
        <time>2026-06-13T06:56:16Z</time>
        <hdop>5.6</hdop>
        <extensions>
          <osmand:speed>1.2</osmand:speed>
        </extensions>
      </trkpt>
      <trkpt lat="46.922852" lon="9.3291154">
        <ele>1534.5</ele>
        <time>2026-06-13T06:56:22Z</time>
        <hdop>5.1</hdop>
        <extensions>
          <osmand:speed>0.3</osmand:speed>
        </extensions>
      </trkpt>
      <trkpt lat="46.9228945" lon="9.3290447">
        <ele>1537.5</ele>
        <time>2026-06-13T06:56:28Z</time>
        <hdop>5.1</hdop>
        <extensions>
          <osmand:speed>0.8</osmand:speed>
        </extensions>
      </trkpt>
      <trkpt lat="46.9229142" lon="9.3289871">
        <ele>1538.5</ele>
        <time>2026-06-13T06:56:34Z</time>
        <hdop>6.1</hdop>
        <extensions>
          <osmand:speed>0.9</osmand:speed>
        </extensions>
      </trkpt>
      <trkpt lat="46.9229454" lon="9.3289594">
        <ele>1538.5</ele>
        <time>2026-06-13T06:56:40Z</time>
        <hdop>6.1</hdop>
        <extensions>
          <osmand:speed>1</osmand:speed>
        </extensions>
      </trkpt>
      <trkpt lat="46.9229577" lon="9.3289063">
        <ele>1537.5</ele>
        <time>2026-06-13T06:56:46Z</time>
        <hdop>8.7</hdop>
        <extensions>
          <osmand:speed>0.4</osmand:speed>
        </extensions>
      </trkpt>
      <trkpt lat="46.9229791" lon="9.3288634">
        <ele>1538.5</ele>
        <time>2026-06-13T06:56:52Z</time>
        <hdop>9.7</hdop>
        <extensions>
          <osmand:speed>0.6</osmand:speed>
        </extensions>
      </trkpt>
      <trkpt lat="46.923029" lon="9.3288222">
        <ele>1540.5</ele>
        <time>2026-06-13T06:56:58Z</time>
        <hdop>9.7</hdop>
        <extensions>
          <osmand:speed>0.9</osmand:speed>
        </extensions>
      </trkpt>
      <trkpt lat="46.9230499" lon="9.3287675">
        <ele>1540.5</ele>
        <time>2026-06-13T06:57:04Z</time>
        <hdop>11.2</hdop>
        <extensions>
          <osmand:speed>0.8</osmand:speed>
        </extensions>
      </trkpt>
      <trkpt lat="46.923073" lon="9.3286985">
        <ele>1540.5</ele>
        <time>2026-06-13T06:57:10Z</time>
        <hdop>9.2</hdop>
        <extensions>
          <osmand:speed>0.9</osmand:speed>
        </extensions>
      </trkpt>
      <trkpt lat="46.9231097" lon="9.3286349">
        <ele>1540.5</ele>
        <time>2026-06-13T06:57:16Z</time>
        <hdop>9.7</hdop>
        <extensions>
          <osmand:speed>1.3</osmand:speed>
        </extensions>
      </trkpt>
      <trkpt lat="46.9231449" lon="9.3285732">
        <ele>1542.5</ele>
        <time>2026-06-13T06:57:22Z</time>
        <hdop>10.7</hdop>
        <extensions>
          <osmand:speed>0.2</osmand:speed>
        </extensions>
      </trkpt>
      <trkpt lat="46.9231634" lon="9.3285243">
        <ele>1543.5</ele>
        <time>2026-06-13T06:57:28Z</time>
        <hdop>10.2</hdop>
        <extensions>
          <osmand:speed>1.1</osmand:speed>
        </extensions>
      </trkpt>
      <trkpt lat="46.9231893" lon="9.3284136">
        <ele>1544.5</ele>
        <time>2026-06-13T06:57:34Z</time>
        <hdop>11.2</hdop>
        <extensions>
          <osmand:speed>0.8</osmand:speed>
        </extensions>
      </trkpt>
      <trkpt lat="46.923219" lon="9.3283594">
        <ele>1545.5</ele>
        <time>2026-06-13T06:57:40Z</time>
        <hdop>10.7</hdop>
        <extensions>
          <osmand:speed>1</osmand:speed>
        </extensions>
      </trkpt>
      <trkpt lat="46.9232284" lon="9.3282857">
        <ele>1545.5</ele>
        <time>2026-06-13T06:57:46Z</time>
        <hdop>11.7</hdop>
        <extensions>
          <osmand:speed>0.2</osmand:speed>
        </extensions>
      </trkpt>
      <trkpt lat="46.9232382" lon="9.3282117">
        <ele>1545.5</ele>
        <time>2026-06-13T06:57:52Z</time>
        <hdop>10.7</hdop>
        <extensions>
          <osmand:speed>0.5</osmand:speed>
        </extensions>
      </trkpt>
      <trkpt lat="46.9232675" lon="9.3281293">
        <ele>1546.5</ele>
        <time>2026-06-13T06:57:58Z</time>
        <hdop>11.7</hdop>
        <extensions>
          <osmand:speed>0.9</osmand:speed>
        </extensions>
      </trkpt>
      <trkpt lat="46.9232639" lon="9.3280577">
        <ele>1546.5</ele>
        <time>2026-06-13T06:58:04Z</time>
        <hdop>10.2</hdop>
        <extensions>
          <osmand:speed>0.3</osmand:speed>
        </extensions>
      </trkpt>
      <trkpt lat="46.9232599" lon="9.3280229">
        <ele>1545.5</ele>
        <time>2026-06-13T06:58:11Z</time>
        <hdop>11.2</hdop>
        <extensions>
          <osmand:speed>0.7</osmand:speed>
        </extensions>
      </trkpt>
      <trkpt lat="46.923247" lon="9.3279755">
        <ele>1546.5</ele>
        <time>2026-06-13T06:58:17Z</time>
        <hdop>13.3</hdop>
        <extensions>
          <osmand:speed>0.6</osmand:speed>
        </extensions>
      </trkpt>
      <trkpt lat="46.9232235" lon="9.3279184">
        <ele>1547.5</ele>
        <time>2026-06-13T06:58:23Z</time>
        <hdop>12.2</hdop>
        <extensions>
          <osmand:speed>0.6</osmand:speed>
        </extensions>
      </trkpt>
      <trkpt lat="46.9232128" lon="9.3278819">
        <ele>1546.5</ele>
        <time>2026-06-13T06:58:29Z</time>
        <hdop>12.2</hdop>
        <extensions>
          <osmand:speed>1.1</osmand:speed>
        </extensions>
      </trkpt>
      <trkpt lat="46.9232075" lon="9.3278294">
        <ele>1545.5</ele>
        <time>2026-06-13T06:58:35Z</time>
        <hdop>9.2</hdop>
        <extensions>
          <osmand:speed>1.1</osmand:speed>
        </extensions>
      </trkpt>
      <trkpt lat="46.9232052" lon="9.3277525">
        <ele>1544.5</ele>
        <time>2026-06-13T06:58:41Z</time>
        <hdop>10.2</hdop>
        <extensions>
          <osmand:speed>1.2</osmand:speed>
        </extensions>
      </trkpt>
      <trkpt lat="46.9232056" lon="9.3276797">
        <ele>1544.5</ele>
        <time>2026-06-13T06:58:47Z</time>
        <hdop>8.2</hdop>
        <extensions>
          <osmand:speed>1</osmand:speed>
        </extensions>
      </trkpt>
      <trkpt lat="46.9232014" lon="9.3276287">
        <ele>1546.5</ele>
        <time>2026-06-13T06:58:53Z</time>
        <hdop>10.7</hdop>
        <extensions>
          <osmand:speed>0.6</osmand:speed>
        </extensions>
      </trkpt>
      <trkpt lat="46.9232077" lon="9.3275338">
        <ele>1545.5</ele>
        <time>2026-06-13T06:58:59Z</time>
        <hdop>11.2</hdop>
        <extensions>
          <osmand:speed>0.6</osmand:speed>
        </extensions>
      </trkpt>
      <trkpt lat="46.9232064" lon="9.3274427">
        <ele>1543.5</ele>
        <time>2026-06-13T06:59:05Z</time>
        <hdop>11.2</hdop>
        <extensions>
          <osmand:speed>0.9</osmand:speed>
        </extensions>
      </trkpt>
      <trkpt lat="46.9231914" lon="9.3273658">
        <ele>1543.5</ele>
        <time>2026-06-13T06:59:11Z</time>
        <hdop>12.8</hdop>
        <extensions>
          <osmand:speed>0.9</osmand:speed>
        </extensions>
      </trkpt>
      <trkpt lat="46.9231747" lon="9.3273168">
        <ele>1543.5</ele>
        <time>2026-06-13T06:59:17Z</time>
        <hdop>11.2</hdop>
        <extensions>
          <osmand:speed>0</osmand:speed>
        </extensions>
      </trkpt>
      <trkpt lat="46.9231695" lon="9.3272606">
        <ele>1544.5</ele>
        <time>2026-06-13T06:59:23Z</time>
        <hdop>7.1</hdop>
        <extensions>
          <osmand:speed>1.7</osmand:speed>
        </extensions>
      </trkpt>
      <trkpt lat="46.9231807" lon="9.3271724">
        <ele>1544.5</ele>
        <time>2026-06-13T06:59:29Z</time>
        <hdop>7.1</hdop>
        <extensions>
          <osmand:speed>0.5</osmand:speed>
        </extensions>
      </trkpt>
      <trkpt lat="46.9231699" lon="9.3271456">
        <ele>1545.5</ele>
        <time>2026-06-13T06:59:35Z</time>
        <hdop>7.1</hdop>
        <extensions>
          <osmand:speed>0.6</osmand:speed>
        </extensions>
      </trkpt>
      <trkpt lat="46.9231725" lon="9.3270644">
        <ele>1545.5</ele>
        <time>2026-06-13T06:59:41Z</time>
        <hdop>6.6</hdop>
        <extensions>
          <osmand:speed>1</osmand:speed>
        </extensions>
      </trkpt>
      <trkpt lat="46.923161" lon="9.3270153">
        <ele>1547.5</ele>
        <time>2026-06-13T06:59:47Z</time>
        <hdop>8.2</hdop>
        <extensions>
          <osmand:speed>0.7</osmand:speed>
        </extensions>
      </trkpt>
      <trkpt lat="46.9231535" lon="9.3269453">
        <ele>1548.5</ele>
        <time>2026-06-13T06:59:53Z</time>
        <hdop>7.7</hdop>
        <extensions>
          <osmand:speed>0.9</osmand:speed>
        </extensions>
      </trkpt>
      <trkpt lat="46.9231767" lon="9.3268587">
        <ele>1548.5</ele>
        <time>2026-06-13T06:59:59Z</time>
        <hdop>6.6</hdop>
        <extensions>
          <osmand:speed>1</osmand:speed>
        </extensions>
      </trkpt>
      <trkpt lat="46.9231718" lon="9.3268157">
        <ele>1549.5</ele>
        <time>2026-06-13T07:00:05Z</time>
        <hdop>7.7</hdop>
        <extensions>
          <osmand:speed>0.3</osmand:speed>
        </extensions>
      </trkpt>
      <trkpt lat="46.9231433" lon="9.3267633">
        <ele>1550.5</ele>
        <time>2026-06-13T07:00:11Z</time>
        <hdop>8.7</hdop>
        <extensions>
          <osmand:speed>1</osmand:speed>
        </extensions>
      </trkpt>
      <trkpt lat="46.923132" lon="9.3266981">
        <ele>1552.5</ele>
        <time>2026-06-13T07:00:17Z</time>
        <hdop>11.2</hdop>
        <extensions>
          <osmand:speed>0.7</osmand:speed>
        </extensions>
      </trkpt>
      <trkpt lat="46.9231273" lon="9.3266354">
        <ele>1553.5</ele>
        <time>2026-06-13T07:00:23Z</time>
        <hdop>8.2</hdop>
        <extensions>
          <osmand:speed>0.8</osmand:speed>
        </extensions>
      </trkpt>
      <trkpt lat="46.9231408" lon="9.3266171">
        <ele>1553.5</ele>
        <time>2026-06-13T07:00:41Z</time>
        <hdop>10.7</hdop>
        <extensions>
          <osmand:speed>0.1</osmand:speed>
        </extensions>
      </trkpt>
      <trkpt lat="46.9231408" lon="9.3265874">
        <ele>1554.5</ele>
        <time>2026-06-13T07:00:49Z</time>
        <hdop>7.7</hdop>
        <extensions>
          <osmand:speed>0.4</osmand:speed>
        </extensions>
      </trkpt>
      <trkpt lat="46.9231391" lon="9.3265331">
        <ele>1555.5</ele>
        <time>2026-06-13T07:00:55Z</time>
        <hdop>8.2</hdop>
        <extensions>
          <osmand:speed>0.6</osmand:speed>
        </extensions>
      </trkpt>
      <trkpt lat="46.9231558" lon="9.3264849">
        <ele>1556.5</ele>
        <time>2026-06-13T07:01:01Z</time>
        <hdop>6.6</hdop>
        <extensions>
          <osmand:speed>0.8</osmand:speed>
        </extensions>
      </trkpt>
      <trkpt lat="46.9231785" lon="9.3264252">
        <ele>1556.5</ele>
        <time>2026-06-13T07:01:07Z</time>
        <hdop>7.1</hdop>
        <extensions>
          <osmand:speed>0.6</osmand:speed>
        </extensions>
      </trkpt>
      <trkpt lat="46.9232085" lon="9.3263892">
        <ele>1557.5</ele>
        <time>2026-06-13T07:01:13Z</time>
        <hdop>7.1</hdop>
        <extensions>
          <osmand:speed>0.8</osmand:speed>
        </extensions>
      </trkpt>
      <trkpt lat="46.9232357" lon="9.3263435">
        <ele>1556.5</ele>
        <time>2026-06-13T07:01:19Z</time>
        <hdop>8.7</hdop>
        <extensions>
          <osmand:speed>0.2</osmand:speed>
        </extensions>
      </trkpt>
      <trkpt lat="46.9232463" lon="9.32631">
        <ele>1555.5</ele>
        <time>2026-06-13T07:01:25Z</time>
        <hdop>6.6</hdop>
      </trkpt>
      <trkpt lat="46.9232456" lon="9.3262745">
        <ele>1556.5</ele>
        <time>2026-06-13T07:01:32Z</time>
        <hdop>10.7</hdop>
        <extensions>
          <osmand:speed>0.4</osmand:speed>
        </extensions>
      </trkpt>
      <trkpt lat="46.9232415" lon="9.3262081">
        <ele>1556.5</ele>
        <time>2026-06-13T07:01:38Z</time>
        <hdop>10.2</hdop>
        <extensions>
          <osmand:speed>0.9</osmand:speed>
        </extensions>
      </trkpt>
      <trkpt lat="46.923221" lon="9.3261341">
        <ele>1557.5</ele>
        <time>2026-06-13T07:01:44Z</time>
        <hdop>8.7</hdop>
        <extensions>
          <osmand:speed>0.7</osmand:speed>
        </extensions>
      </trkpt>
      <trkpt lat="46.9232459" lon="9.326062">
        <ele>1558.5</ele>
        <time>2026-06-13T07:01:50Z</time>
        <hdop>8.7</hdop>
        <extensions>
          <osmand:speed>0.9</osmand:speed>
        </extensions>
      </trkpt>
      <trkpt lat="46.9232482" lon="9.3259938">
        <ele>1557.5</ele>
        <time>2026-06-13T07:01:56Z</time>
        <hdop>7.7</hdop>
        <extensions>
          <osmand:speed>1.2</osmand:speed>
        </extensions>
      </trkpt>
      <trkpt lat="46.9232943" lon="9.3259112">
        <ele>1556.5</ele>
        <time>2026-06-13T07:02:02Z</time>
        <hdop>6.6</hdop>
        <extensions>
          <osmand:speed>1.1</osmand:speed>
        </extensions>
      </trkpt>
      <trkpt lat="46.9232911" lon="9.3258381">
        <ele>1556.5</ele>
        <time>2026-06-13T07:02:08Z</time>
        <hdop>9.2</hdop>
        <extensions>
          <osmand:speed>0.3</osmand:speed>
        </extensions>
      </trkpt>
      <trkpt lat="46.9232824" lon="9.3258057">
        <ele>1555.5</ele>
        <time>2026-06-13T07:02:14Z</time>
        <hdop>6.1</hdop>
        <extensions>
          <osmand:speed>0.6</osmand:speed>
        </extensions>
      </trkpt>
      <trkpt lat="46.9232909" lon="9.3257412">
        <ele>1555.5</ele>
        <time>2026-06-13T07:02:20Z</time>
        <hdop>6.6</hdop>
        <extensions>
          <osmand:speed>0.8</osmand:speed>
        </extensions>
      </trkpt>
      <trkpt lat="46.9233293" lon="9.3256813">
        <ele>1556.5</ele>
        <time>2026-06-13T07:02:26Z</time>
        <hdop>8.2</hdop>
        <extensions>
          <osmand:speed>0.4</osmand:speed>
        </extensions>
      </trkpt>
      <trkpt lat="46.9233526" lon="9.3255926">
        <ele>1557.5</ele>
        <time>2026-06-13T07:02:32Z</time>
        <hdop>8.2</hdop>
        <extensions>
          <osmand:speed>0.7</osmand:speed>
        </extensions>
      </trkpt>
      <trkpt lat="46.9233631" lon="9.3255306">
        <ele>1556.5</ele>
        <time>2026-06-13T07:02:38Z</time>
        <hdop>7.7</hdop>
        <extensions>
          <osmand:speed>0.6</osmand:speed>
        </extensions>
      </trkpt>
      <trkpt lat="46.9233445" lon="9.3254789">
        <ele>1557.5</ele>
        <time>2026-06-13T07:02:44Z</time>
        <hdop>8.7</hdop>
        <extensions>
          <osmand:speed>0.7</osmand:speed>
        </extensions>
      </trkpt>
      <trkpt lat="46.9233621" lon="9.3254066">
        <ele>1559.5</ele>
        <time>2026-06-13T07:02:50Z</time>
        <hdop>7.7</hdop>
        <extensions>
          <osmand:speed>1</osmand:speed>
        </extensions>
      </trkpt>
      <trkpt lat="46.9233577" lon="9.3253154">
        <ele>1559.5</ele>
        <time>2026-06-13T07:02:56Z</time>
        <hdop>6.1</hdop>
        <extensions>
          <osmand:speed>0.6</osmand:speed>
        </extensions>
      </trkpt>
      <trkpt lat="46.9233668" lon="9.3252909">
        <ele>1559.5</ele>
        <time>2026-06-13T07:03:10Z</time>
        <hdop>4.6</hdop>
        <extensions>
          <osmand:speed>0.2</osmand:speed>
        </extensions>
      </trkpt>
      <trkpt lat="46.9233535" lon="9.3252255">
        <ele>1561.5</ele>
        <time>2026-06-13T07:03:16Z</time>
        <hdop>6.1</hdop>
        <extensions>
          <osmand:speed>1</osmand:speed>
        </extensions>
      </trkpt>
      <trkpt lat="46.9233648" lon="9.3251903">
        <ele>1564.5</ele>
        <time>2026-06-13T07:03:33Z</time>
        <hdop>9.7</hdop>
        <extensions>
          <osmand:speed>0.1</osmand:speed>
        </extensions>
      </trkpt>
      <trkpt lat="46.9233625" lon="9.3251603">
        <ele>1563.5</ele>
        <time>2026-06-13T07:03:41Z</time>
        <hdop>12.2</hdop>
        <extensions>
          <osmand:speed>0.8</osmand:speed>
        </extensions>
      </trkpt>
      <trkpt lat="46.9233525" lon="9.3251361">
        <ele>1563.5</ele>
        <time>2026-06-13T07:03:47Z</time>
        <hdop>11.2</hdop>
        <extensions>
          <osmand:speed>0.8</osmand:speed>
        </extensions>
      </trkpt>
      <trkpt lat="46.9233996" lon="9.3251052">
        <ele>1562.5</ele>
        <time>2026-06-13T07:03:53Z</time>
        <hdop>10.7</hdop>
        <extensions>
          <osmand:speed>0.9</osmand:speed>
        </extensions>
      </trkpt>
      <trkpt lat="46.9234452" lon="9.3250663">
        <ele>1561.5</ele>
        <time>2026-06-13T07:03:59Z</time>
        <hdop>10.7</hdop>
        <extensions>
          <osmand:speed>0.6</osmand:speed>
        </extensions>
      </trkpt>
      <trkpt lat="46.9234672" lon="9.3250696">
        <ele>1559.5</ele>
        <time>2026-06-13T07:04:07Z</time>
        <hdop>9.7</hdop>
        <extensions>
          <osmand:speed>0.9</osmand:speed>
        </extensions>
      </trkpt>
      <trkpt lat="46.9234737" lon="9.3250342">
        <ele>1557.5</ele>
        <time>2026-06-13T07:04:15Z</time>
        <hdop>9.2</hdop>
        <extensions>
          <osmand:speed>0.8</osmand:speed>
        </extensions>
      </trkpt>
      <trkpt lat="46.9234749" lon="9.3250056">
        <ele>1555.5</ele>
        <time>2026-06-13T07:04:21Z</time>
        <hdop>7.1</hdop>
        <extensions>
          <osmand:speed>0</osmand:speed>
        </extensions>
      </trkpt>
      <trkpt lat="46.9234917" lon="9.3250337">
        <ele>1556.5</ele>
        <time>2026-06-13T07:04:34Z</time>
        <hdop>9.2</hdop>
        <extensions>
          <osmand:speed>0.3</osmand:speed>
        </extensions>
      </trkpt>
      <trkpt lat="46.9234969" lon="9.3250022">
        <ele>1557.5</ele>
        <time>2026-06-13T07:04:40Z</time>
        <hdop>7.1</hdop>
        <extensions>
          <osmand:speed>0.5</osmand:speed>
        </extensions>
      </trkpt>
      <trkpt lat="46.9235" lon="9.3249752">
        <ele>1558.5</ele>
        <time>2026-06-13T07:04:48Z</time>
        <hdop>8.7</hdop>
        <extensions>
          <osmand:speed>0.5</osmand:speed>
        </extensions>
      </trkpt>
      <trkpt lat="46.9235177" lon="9.3249875">
        <ele>1559.5</ele>
        <time>2026-06-13T07:04:54Z</time>
        <hdop>6.6</hdop>
        <extensions>
          <osmand:speed>0.8</osmand:speed>
        </extensions>
      </trkpt>
      <trkpt lat="46.9235749" lon="9.324988">
        <ele>1561.5</ele>
        <time>2026-06-13T07:05:00Z</time>
        <hdop>5.6</hdop>
        <extensions>
          <osmand:speed>0.4</osmand:speed>
        </extensions>
      </trkpt>
      <trkpt lat="46.9236058" lon="9.3249634">
        <ele>1563.5</ele>
        <time>2026-06-13T07:05:06Z</time>
        <hdop>8.2</hdop>
        <extensions>
          <osmand:speed>0.2</osmand:speed>
        </extensions>
      </trkpt>
      <trkpt lat="46.9236402" lon="9.3249393">
        <ele>1567.5</ele>
        <time>2026-06-13T07:05:12Z</time>
        <hdop>5.1</hdop>
        <extensions>
          <osmand:speed>0.8</osmand:speed>
        </extensions>
      </trkpt>
      <trkpt lat="46.9236791" lon="9.3249404">
        <ele>1568.5</ele>
        <time>2026-06-13T07:05:18Z</time>
        <hdop>4.6</hdop>
        <extensions>
          <osmand:speed>0.8</osmand:speed>
        </extensions>
      </trkpt>
      <trkpt lat="46.9237122" lon="9.3249152">
        <ele>1568.5</ele>
        <time>2026-06-13T07:05:24Z</time>
        <hdop>4.6</hdop>
        <extensions>
          <osmand:speed>0.9</osmand:speed>
        </extensions>
      </trkpt>
      <trkpt lat="46.9237345" lon="9.3248815">
        <ele>1569.5</ele>
        <time>2026-06-13T07:05:30Z</time>
        <hdop>4.6</hdop>
        <extensions>
          <osmand:speed>0.6</osmand:speed>
        </extensions>
      </trkpt>
      <trkpt lat="46.9237587" lon="9.3248218">
        <ele>1570.5</ele>
        <time>2026-06-13T07:05:36Z</time>
        <hdop>5.1</hdop>
        <extensions>
          <osmand:speed>0.6</osmand:speed>
        </extensions>
      </trkpt>
      <trkpt lat="46.9237904" lon="9.3247627">
        <ele>1571.5</ele>
        <time>2026-06-13T07:05:42Z</time>
        <hdop>5.1</hdop>
        <extensions>
          <osmand:speed>0.8</osmand:speed>
        </extensions>
      </trkpt>
      <trkpt lat="46.9238057" lon="9.3246943">
        <ele>1573.5</ele>
        <time>2026-06-13T07:05:48Z</time>
        <hdop>4.1</hdop>
        <extensions>
          <osmand:speed>0.9</osmand:speed>
        </extensions>
      </trkpt>
      <trkpt lat="46.9238277" lon="9.3246282">
        <ele>1574.5</ele>
        <time>2026-06-13T07:05:54Z</time>
        <hdop>4.6</hdop>
        <extensions>
          <osmand:speed>1.1</osmand:speed>
        </extensions>
      </trkpt>
      <trkpt lat="46.9238668" lon="9.3245947">
        <ele>1576.5</ele>
        <time>2026-06-13T07:06:00Z</time>
        <hdop>5.1</hdop>
        <extensions>
          <osmand:speed>0.8</osmand:speed>
        </extensions>
      </trkpt>
      <trkpt lat="46.9238809" lon="9.3245664">
        <ele>1579.5</ele>
        <time>2026-06-13T07:06:06Z</time>
        <hdop>7.1</hdop>
        <extensions>
          <osmand:speed>1.1</osmand:speed>
        </extensions>
      </trkpt>
      <trkpt lat="46.9238952" lon="9.3245499">
        <ele>1581.5</ele>
        <time>2026-06-13T07:06:13Z</time>
        <hdop>5.6</hdop>
        <extensions>
          <osmand:speed>1.1</osmand:speed>
        </extensions>
      </trkpt>
      <trkpt lat="46.9239044" lon="9.3245186">
        <ele>1582.5</ele>
        <time>2026-06-13T07:06:19Z</time>
        <hdop>7.1</hdop>
        <extensions>
          <osmand:speed>0.5</osmand:speed>
        </extensions>
      </trkpt>
      <trkpt lat="46.9239252" lon="9.3244734">
        <ele>1582.5</ele>
        <time>2026-06-13T07:06:25Z</time>
        <hdop>5.1</hdop>
        <extensions>
          <osmand:speed>1.2</osmand:speed>
        </extensions>
      </trkpt>
      <trkpt lat="46.923938" lon="9.3243893">
        <ele>1581.5</ele>
        <time>2026-06-13T07:06:31Z</time>
        <hdop>5.1</hdop>
        <extensions>
          <osmand:speed>1</osmand:speed>
        </extensions>
      </trkpt>
      <trkpt lat="46.9239851" lon="9.3243219">
        <ele>1582.5</ele>
        <time>2026-06-13T07:06:37Z</time>
        <hdop>5.6</hdop>
        <extensions>
          <osmand:speed>1.3</osmand:speed>
        </extensions>
      </trkpt>
      <trkpt lat="46.9240131" lon="9.3242752">
        <ele>1582.5</ele>
        <time>2026-06-13T07:06:43Z</time>
        <hdop>6.1</hdop>
        <extensions>
          <osmand:speed>0.7</osmand:speed>
        </extensions>
      </trkpt>
      <trkpt lat="46.9240546" lon="9.3242251">
        <ele>1583.5</ele>
        <time>2026-06-13T07:06:49Z</time>
        <hdop>4.6</hdop>
        <extensions>
          <osmand:speed>0.5</osmand:speed>
        </extensions>
      </trkpt>
      <trkpt lat="46.9240731" lon="9.3242275">
        <ele>1584.5</ele>
        <time>2026-06-13T07:06:58Z</time>
        <hdop>4.6</hdop>
        <extensions>
          <osmand:speed>1</osmand:speed>
        </extensions>
      </trkpt>
      <trkpt lat="46.9241221" lon="9.3242448">
        <ele>1585.5</ele>
        <time>2026-06-13T07:07:04Z</time>
        <hdop>4.6</hdop>
        <extensions>
          <osmand:speed>0.8</osmand:speed>
        </extensions>
      </trkpt>
      <trkpt lat="46.9241814" lon="9.3242789">
        <ele>1587.5</ele>
        <time>2026-06-13T07:07:10Z</time>
        <hdop>5.6</hdop>
        <extensions>
          <osmand:speed>0.6</osmand:speed>
        </extensions>
      </trkpt>
      <trkpt lat="46.9242253" lon="9.3243129">
        <ele>1589.5</ele>
        <time>2026-06-13T07:07:16Z</time>
        <hdop>5.1</hdop>
        <extensions>
          <osmand:speed>0.8</osmand:speed>
        </extensions>
      </trkpt>
      <trkpt lat="46.9242492" lon="9.3243494">
        <ele>1591.5</ele>
        <time>2026-06-13T07:07:22Z</time>
        <hdop>4.6</hdop>
        <extensions>
          <osmand:speed>0.9</osmand:speed>
        </extensions>
      </trkpt>
      <trkpt lat="46.9242809" lon="9.3243699">
        <ele>1593.5</ele>
        <time>2026-06-13T07:07:28Z</time>
        <hdop>5.1</hdop>
        <extensions>
          <osmand:speed>0.8</osmand:speed>
        </extensions>
      </trkpt>
      <trkpt lat="46.924312" lon="9.324374">
        <ele>1595.5</ele>
        <time>2026-06-13T07:07:34Z</time>
        <hdop>4.6</hdop>
        <extensions>
          <osmand:speed>0.6</osmand:speed>
        </extensions>
      </trkpt>
      <trkpt lat="46.924335" lon="9.3244136">
        <ele>1594.5</ele>
        <time>2026-06-13T07:07:40Z</time>
        <hdop>5.1</hdop>
        <extensions>
          <osmand:speed>0.8</osmand:speed>
        </extensions>
      </trkpt>
      <trkpt lat="46.9243643" lon="9.3244458">
        <ele>1595.5</ele>
        <time>2026-06-13T07:07:46Z</time>
        <hdop>4.6</hdop>
        <extensions>
          <osmand:speed>0.3</osmand:speed>
        </extensions>
      </trkpt>
      <trkpt lat="46.9243797" lon="9.3244626">
        <ele>1595.5</ele>
        <time>2026-06-13T07:08:01Z</time>
        <hdop>4.6</hdop>
        <extensions>
          <osmand:speed>0.5</osmand:speed>
        </extensions>
      </trkpt>
      <trkpt lat="46.9243963" lon="9.3245167">
        <ele>1596.5</ele>
        <time>2026-06-13T07:08:07Z</time>
        <hdop>4.1</hdop>
        <extensions>
          <osmand:speed>0.9</osmand:speed>
        </extensions>
      </trkpt>
      <trkpt lat="46.9244422" lon="9.3245543">
        <ele>1596.5</ele>
        <time>2026-06-13T07:08:13Z</time>
        <hdop>4.1</hdop>
        <extensions>
          <osmand:speed>0.7</osmand:speed>
        </extensions>
      </trkpt>
      <trkpt lat="46.9244617" lon="9.3245413">
        <ele>1597.5</ele>
        <time>2026-06-13T07:08:19Z</time>
        <hdop>4.6</hdop>
        <extensions>
          <osmand:speed>0.4</osmand:speed>
        </extensions>
      </trkpt>
      <trkpt lat="46.9244579" lon="9.3244813">
        <ele>1597.5</ele>
        <time>2026-06-13T07:08:25Z</time>
        <hdop>5.6</hdop>
        <extensions>
          <osmand:speed>0.9</osmand:speed>
        </extensions>
      </trkpt>
      <trkpt lat="46.9244413" lon="9.3244134">
        <ele>1597.5</ele>
        <time>2026-06-13T07:08:31Z</time>
        <hdop>4.1</hdop>
        <extensions>
          <osmand:speed>0.3</osmand:speed>
        </extensions>
      </trkpt>
      <trkpt lat="46.9244184" lon="9.3243535">
        <ele>1597.5</ele>
        <time>2026-06-13T07:08:37Z</time>
        <hdop>4.6</hdop>
        <extensions>
          <osmand:speed>1</osmand:speed>
        </extensions>
      </trkpt>
      <trkpt lat="46.9244007" lon="9.3242959">
        <ele>1598.5</ele>
        <time>2026-06-13T07:08:43Z</time>
        <hdop>5.1</hdop>
        <extensions>
          <osmand:speed>0.7</osmand:speed>
        </extensions>
      </trkpt>
      <trkpt lat="46.9243768" lon="9.3242244">
        <ele>1599.5</ele>
        <time>2026-06-13T07:08:49Z</time>
        <hdop>5.6</hdop>
        <extensions>
          <osmand:speed>0.9</osmand:speed>
        </extensions>
      </trkpt>
      <trkpt lat="46.9243602" lon="9.3241426">
        <ele>1598.5</ele>
        <time>2026-06-13T07:08:55Z</time>
        <hdop>4.6</hdop>
        <extensions>
          <osmand:speed>0.8</osmand:speed>
        </extensions>
      </trkpt>
      <trkpt lat="46.9243506" lon="9.324059">
        <ele>1598.5</ele>
        <time>2026-06-13T07:09:01Z</time>
        <hdop>5.6</hdop>
        <extensions>
          <osmand:speed>0.8</osmand:speed>
        </extensions>
      </trkpt>
      <trkpt lat="46.9243181" lon="9.3239941">
        <ele>1599.5</ele>
        <time>2026-06-13T07:09:07Z</time>
        <hdop>4.6</hdop>
        <extensions>
          <osmand:speed>0.6</osmand:speed>
        </extensions>
      </trkpt>
      <trkpt lat="46.9242593" lon="9.3239483">
        <ele>1601.5</ele>
        <time>2026-06-13T07:09:13Z</time>
        <hdop>5.1</hdop>
        <extensions>
          <osmand:speed>1.3</osmand:speed>
        </extensions>
      </trkpt>
      <trkpt lat="46.9242079" lon="9.323877">
        <ele>1603.5</ele>
        <time>2026-06-13T07:09:19Z</time>
        <hdop>4.6</hdop>
        <extensions>
          <osmand:speed>1.5</osmand:speed>
        </extensions>
      </trkpt>
      <trkpt lat="46.9241623" lon="9.3238044">
        <ele>1604.5</ele>
        <time>2026-06-13T07:09:25Z</time>
        <hdop>5.1</hdop>
        <extensions>
          <osmand:speed>1.3</osmand:speed>
        </extensions>
      </trkpt>
      <trkpt lat="46.9241144" lon="9.3236864">
        <ele>1604.5</ele>
        <time>2026-06-13T07:09:31Z</time>
        <hdop>4.6</hdop>
        <extensions>
          <osmand:speed>1.6</osmand:speed>
        </extensions>
      </trkpt>
      <trkpt lat="46.9240977" lon="9.3235932">
        <ele>1604.5</ele>
        <time>2026-06-13T07:09:37Z</time>
        <hdop>5.1</hdop>
        <extensions>
          <osmand:speed>1.3</osmand:speed>
        </extensions>
      </trkpt>
      <trkpt lat="46.924059" lon="9.3234897">
        <ele>1604.5</ele>
        <time>2026-06-13T07:09:43Z</time>
        <hdop>4.6</hdop>
        <extensions>
          <osmand:speed>1.5</osmand:speed>
        </extensions>
      </trkpt>
      <trkpt lat="46.9240242" lon="9.3233827">
        <ele>1605.5</ele>
        <time>2026-06-13T07:09:49Z</time>
        <hdop>4.6</hdop>
        <extensions>
          <osmand:speed>1.4</osmand:speed>
        </extensions>
      </trkpt>
      <trkpt lat="46.9239836" lon="9.323292">
        <ele>1606.5</ele>
        <time>2026-06-13T07:09:55Z</time>
        <hdop>4.6</hdop>
        <extensions>
          <osmand:speed>1.5</osmand:speed>
        </extensions>
      </trkpt>
      <trkpt lat="46.9239611" lon="9.3232286">
        <ele>1607.5</ele>
        <time>2026-06-13T07:10:01Z</time>
        <hdop>4.6</hdop>
        <extensions>
          <osmand:speed>0.1</osmand:speed>
        </extensions>
      </trkpt>
      <trkpt lat="46.9239547" lon="9.3231989">
        <ele>1609.5</ele>
        <time>2026-06-13T07:10:09Z</time>
        <hdop>4.1</hdop>
        <extensions>
          <osmand:speed>0.8</osmand:speed>
        </extensions>
      </trkpt>
      <trkpt lat="46.92393" lon="9.3231268">
        <ele>1609.5</ele>
        <time>2026-06-13T07:10:15Z</time>
        <hdop>4.6</hdop>
        <extensions>
          <osmand:speed>0.9</osmand:speed>
        </extensions>
      </trkpt>
      <trkpt lat="46.9239116" lon="9.3230509">
        <ele>1609.5</ele>
        <time>2026-06-13T07:10:21Z</time>
        <hdop>4.6</hdop>
        <extensions>
          <osmand:speed>0.9</osmand:speed>
        </extensions>
      </trkpt>
      <trkpt lat="46.9238888" lon="9.3229716">
        <ele>1609.5</ele>
        <time>2026-06-13T07:10:27Z</time>
        <hdop>3.6</hdop>
        <extensions>
          <osmand:speed>1.4</osmand:speed>
        </extensions>
      </trkpt>
      <trkpt lat="46.9238736" lon="9.3229159">
        <ele>1611.5</ele>
        <time>2026-06-13T07:10:33Z</time>
        <hdop>3.6</hdop>
        <extensions>
          <osmand:speed>0</osmand:speed>
        </extensions>
      </trkpt>
      <trkpt lat="46.9238584" lon="9.3228987">
        <ele>1611.5</ele>
        <time>2026-06-13T07:10:39Z</time>
        <hdop>3.6</hdop>
        <extensions>
          <osmand:speed>1.4</osmand:speed>
        </extensions>
      </trkpt>
      <trkpt lat="46.9238227" lon="9.3228221">
        <ele>1611.5</ele>
        <time>2026-06-13T07:10:45Z</time>
        <hdop>4.6</hdop>
        <extensions>
          <osmand:speed>1.2</osmand:speed>
        </extensions>
      </trkpt>
      <trkpt lat="46.9238089" lon="9.322728">
        <ele>1611.5</ele>
        <time>2026-06-13T07:10:51Z</time>
        <hdop>4.6</hdop>
        <extensions>
          <osmand:speed>1.2</osmand:speed>
        </extensions>
      </trkpt>
      <trkpt lat="46.9237984" lon="9.3226536">
        <ele>1610.5</ele>
        <time>2026-06-13T07:10:57Z</time>
        <hdop>4.6</hdop>
        <extensions>
          <osmand:speed>1.4</osmand:speed>
        </extensions>
      </trkpt>
      <trkpt lat="46.9238012" lon="9.322541">
        <ele>1610.5</ele>
        <time>2026-06-13T07:11:03Z</time>
        <hdop>4.1</hdop>
        <extensions>
          <osmand:speed>1.2</osmand:speed>
        </extensions>
      </trkpt>
      <trkpt lat="46.923799" lon="9.3224586">
        <ele>1608.5</ele>
        <time>2026-06-13T07:11:09Z</time>
        <hdop>4.1</hdop>
        <extensions>
          <osmand:speed>1</osmand:speed>
        </extensions>
      </trkpt>
      <trkpt lat="46.9237894" lon="9.3223687">
        <ele>1607.5</ele>
        <time>2026-06-13T07:11:15Z</time>
        <hdop>4.6</hdop>
        <extensions>
          <osmand:speed>1.3</osmand:speed>
        </extensions>
      </trkpt>
      <trkpt lat="46.9237883" lon="9.3222622">
        <ele>1607.5</ele>
        <time>2026-06-13T07:11:21Z</time>
        <hdop>4.6</hdop>
        <extensions>
          <osmand:speed>1.2</osmand:speed>
        </extensions>
      </trkpt>
      <trkpt lat="46.9237966" lon="9.3221577">
        <ele>1606.5</ele>
        <time>2026-06-13T07:11:27Z</time>
        <hdop>4.6</hdop>
        <extensions>
          <osmand:speed>1.1</osmand:speed>
        </extensions>
      </trkpt>
      <trkpt lat="46.9238165" lon="9.3220581">
        <ele>1606.5</ele>
        <time>2026-06-13T07:11:33Z</time>
        <hdop>4.6</hdop>
        <extensions>
          <osmand:speed>1.1</osmand:speed>
        </extensions>
      </trkpt>
      <trkpt lat="46.9238202" lon="9.3219643">
        <ele>1605.5</ele>
        <time>2026-06-13T07:11:39Z</time>
        <hdop>4.1</hdop>
        <extensions>
          <osmand:speed>1.1</osmand:speed>
        </extensions>
      </trkpt>
      <trkpt lat="46.9238165" lon="9.3219059">
        <ele>1603.5</ele>
        <time>2026-06-13T07:11:45Z</time>
        <hdop>4.6</hdop>
        <extensions>
          <osmand:speed>0.3</osmand:speed>
        </extensions>
      </trkpt>
      <trkpt lat="46.9238209" lon="9.3218628">
        <ele>1605.5</ele>
        <time>2026-06-13T07:11:52Z</time>
        <hdop>4.1</hdop>
        <extensions>
          <osmand:speed>1.4</osmand:speed>
        </extensions>
      </trkpt>
      <trkpt lat="46.9238047" lon="9.3217693">
        <ele>1604.5</ele>
        <time>2026-06-13T07:11:58Z</time>
        <hdop>4.1</hdop>
        <extensions>
          <osmand:speed>1.4</osmand:speed>
        </extensions>
      </trkpt>
      <trkpt lat="46.923778" lon="9.3216879">
        <ele>1604.5</ele>
        <time>2026-06-13T07:12:04Z</time>
        <hdop>4.1</hdop>
        <extensions>
          <osmand:speed>0.9</osmand:speed>
        </extensions>
      </trkpt>
      <trkpt lat="46.9237516" lon="9.321608">
        <ele>1604.5</ele>
        <time>2026-06-13T07:12:10Z</time>
        <hdop>4.6</hdop>
        <extensions>
          <osmand:speed>0.8</osmand:speed>
        </extensions>
      </trkpt>
      <trkpt lat="46.923736" lon="9.3215625">
        <ele>1604.5</ele>
        <time>2026-06-13T07:12:16Z</time>
        <hdop>4.6</hdop>
        <extensions>
          <osmand:speed>0.8</osmand:speed>
        </extensions>
      </trkpt>
      <trkpt lat="46.9237097" lon="9.3215095">
        <ele>1604.5</ele>
        <time>2026-06-13T07:12:22Z</time>
        <hdop>5.1</hdop>
        <extensions>
          <osmand:speed>0.9</osmand:speed>
        </extensions>
      </trkpt>
      <trkpt lat="46.9236602" lon="9.3214558">
        <ele>1604.5</ele>
        <time>2026-06-13T07:12:28Z</time>
        <hdop>5.1</hdop>
        <extensions>
          <osmand:speed>1.2</osmand:speed>
        </extensions>
      </trkpt>
      <trkpt lat="46.9236482" lon="9.3213743">
        <ele>1603.5</ele>
        <time>2026-06-13T07:12:34Z</time>
        <hdop>5.6</hdop>
        <extensions>
          <osmand:speed>0.9</osmand:speed>
        </extensions>
      </trkpt>
      <trkpt lat="46.9236788" lon="9.3212866">
        <ele>1601.5</ele>
        <time>2026-06-13T07:12:40Z</time>
        <hdop>6.1</hdop>
        <extensions>
          <osmand:speed>1.1</osmand:speed>
        </extensions>
      </trkpt>
      <trkpt lat="46.9237055" lon="9.3211947">
        <ele>1601.5</ele>
        <time>2026-06-13T07:12:46Z</time>
        <hdop>5.1</hdop>
        <extensions>
          <osmand:speed>1</osmand:speed>
        </extensions>
      </trkpt>
      <trkpt lat="46.9237168" lon="9.3211183">
        <ele>1599.5</ele>
        <time>2026-06-13T07:12:52Z</time>
        <hdop>4.6</hdop>
        <extensions>
          <osmand:speed>1</osmand:speed>
        </extensions>
      </trkpt>
      <trkpt lat="46.9237013" lon="9.3210165">
        <ele>1598.5</ele>
        <time>2026-06-13T07:12:58Z</time>
        <hdop>4.6</hdop>
        <extensions>
          <osmand:speed>1.1</osmand:speed>
        </extensions>
      </trkpt>
      <trkpt lat="46.9237012" lon="9.3209159">
        <ele>1597.5</ele>
        <time>2026-06-13T07:13:04Z</time>
        <hdop>5.1</hdop>
        <extensions>
          <osmand:speed>0.9</osmand:speed>
        </extensions>
      </trkpt>
      <trkpt lat="46.9237109" lon="9.3208308">
        <ele>1598.5</ele>
        <time>2026-06-13T07:13:10Z</time>
        <hdop>4.6</hdop>
        <extensions>
          <osmand:speed>0.8</osmand:speed>
        </extensions>
      </trkpt>
      <trkpt lat="46.9236958" lon="9.3207394">
        <ele>1597.5</ele>
        <time>2026-06-13T07:13:16Z</time>
        <hdop>4.6</hdop>
        <extensions>
          <osmand:speed>1.1</osmand:speed>
        </extensions>
      </trkpt>
      <trkpt lat="46.9237045" lon="9.3206353">
        <ele>1595.5</ele>
        <time>2026-06-13T07:13:22Z</time>
        <hdop>4.6</hdop>
        <extensions>
          <osmand:speed>1.1</osmand:speed>
        </extensions>
      </trkpt>
      <trkpt lat="46.9237026" lon="9.320527">
        <ele>1594.5</ele>
        <time>2026-06-13T07:13:28Z</time>
        <hdop>4.6</hdop>
        <extensions>
          <osmand:speed>1.3</osmand:speed>
        </extensions>
      </trkpt>
      <trkpt lat="46.9236789" lon="9.3204264">
        <ele>1593.5</ele>
        <time>2026-06-13T07:13:34Z</time>
        <hdop>4.6</hdop>
        <extensions>
          <osmand:speed>1.1</osmand:speed>
        </extensions>
      </trkpt>
      <trkpt lat="46.9236746" lon="9.3203286">
        <ele>1594.5</ele>
        <time>2026-06-13T07:13:40Z</time>
        <hdop>5.6</hdop>
        <extensions>
          <osmand:speed>1.1</osmand:speed>
        </extensions>
      </trkpt>
      <trkpt lat="46.9236605" lon="9.3202535">
        <ele>1593.5</ele>
        <time>2026-06-13T07:13:46Z</time>
        <hdop>5.6</hdop>
        <extensions>
          <osmand:speed>0.8</osmand:speed>
        </extensions>
      </trkpt>
      <trkpt lat="46.9236479" lon="9.3201552">
        <ele>1593.5</ele>
        <time>2026-06-13T07:13:52Z</time>
        <hdop>6.1</hdop>
        <extensions>
          <osmand:speed>1.1</osmand:speed>
        </extensions>
      </trkpt>
      <trkpt lat="46.9236419" lon="9.3200445">
        <ele>1594.5</ele>
        <time>2026-06-13T07:13:58Z</time>
        <hdop>6.1</hdop>
        <extensions>
          <osmand:speed>0.9</osmand:speed>
        </extensions>
      </trkpt>
      <trkpt lat="46.9236441" lon="9.3199354">
        <ele>1595.5</ele>
        <time>2026-06-13T07:14:04Z</time>
        <hdop>5.6</hdop>
        <extensions>
          <osmand:speed>1</osmand:speed>
        </extensions>
      </trkpt>
      <trkpt lat="46.9236455" lon="9.3198545">
        <ele>1593.5</ele>
        <time>2026-06-13T07:14:10Z</time>
        <hdop>6.1</hdop>
        <extensions>
          <osmand:speed>1</osmand:speed>
        </extensions>
      </trkpt>
      <trkpt lat="46.9236429" lon="9.3197567">
        <ele>1594.5</ele>
        <time>2026-06-13T07:14:16Z</time>
        <hdop>5.6</hdop>
        <extensions>
          <osmand:speed>0.8</osmand:speed>
        </extensions>
      </trkpt>
      <trkpt lat="46.9236635" lon="9.3197262">
        <ele>1593.5</ele>
        <time>2026-06-13T07:14:22Z</time>
        <hdop>9.2</hdop>
        <extensions>
          <osmand:speed>0.1</osmand:speed>
        </extensions>
      </trkpt>
      <trkpt lat="46.9236537" lon="9.3196935">
        <ele>1594.5</ele>
        <time>2026-06-13T07:14:30Z</time>
        <hdop>5.6</hdop>
        <extensions>
          <osmand:speed>1.1</osmand:speed>
        </extensions>
      </trkpt>
      <trkpt lat="46.9236251" lon="9.3196952">
        <ele>1593.5</ele>
        <time>2026-06-13T07:14:36Z</time>
        <hdop>6.6</hdop>
        <extensions>
          <osmand:speed>0.1</osmand:speed>
        </extensions>
      </trkpt>
      <trkpt lat="46.9236438" lon="9.3196899">
        <ele>1594.5</ele>
        <time>2026-06-13T07:14:44Z</time>
        <hdop>10.2</hdop>
        <extensions>
          <osmand:speed>0.4</osmand:speed>
        </extensions>
      </trkpt>
      <trkpt lat="46.9236263" lon="9.3196696">
        <ele>1592.5</ele>
        <time>2026-06-13T07:14:58Z</time>
        <hdop>10.2</hdop>
        <extensions>
          <osmand:speed>0.1</osmand:speed>
        </extensions>
      </trkpt>
      <trkpt lat="46.9236096" lon="9.3196802">
        <ele>1592.5</ele>
        <time>2026-06-13T07:15:19Z</time>
        <hdop>7.7</hdop>
        <extensions>
          <osmand:speed>0.3</osmand:speed>
        </extensions>
      </trkpt>
      <trkpt lat="46.9236304" lon="9.3196707">
        <ele>1593.5</ele>
        <time>2026-06-13T07:15:35Z</time>
        <hdop>8.7</hdop>
        <extensions>
          <osmand:speed>0</osmand:speed>
        </extensions>
      </trkpt>
      <trkpt lat="46.9236375" lon="9.3196461">
        <ele>1594.5</ele>
        <time>2026-06-13T07:16:04Z</time>
        <hdop>6.6</hdop>
        <extensions>
          <osmand:speed>3.3</osmand:speed>
        </extensions>
      </trkpt>
      <trkpt lat="46.92362" lon="9.3196629">
        <ele>1592.5</ele>
        <time>2026-06-13T07:16:51Z</time>
        <hdop>5.6</hdop>
        <extensions>
          <osmand:speed>0</osmand:speed>
        </extensions>
      </trkpt>
      <trkpt lat="46.923626" lon="9.3196321">
        <ele>1595.5</ele>
        <time>2026-06-13T07:17:27Z</time>
        <hdop>4.6</hdop>
        <extensions>
          <osmand:speed>1.2</osmand:speed>
        </extensions>
      </trkpt>
      <trkpt lat="46.9236373" lon="9.319521">
        <ele>1595.5</ele>
        <time>2026-06-13T07:17:33Z</time>
        <hdop>5.6</hdop>
        <extensions>
          <osmand:speed>1.2</osmand:speed>
        </extensions>
      </trkpt>
      <trkpt lat="46.9236512" lon="9.3194477">
        <ele>1594.5</ele>
        <time>2026-06-13T07:17:39Z</time>
        <hdop>5.1</hdop>
        <extensions>
          <osmand:speed>1.1</osmand:speed>
        </extensions>
      </trkpt>
      <trkpt lat="46.9236556" lon="9.3193602">
        <ele>1594.5</ele>
        <time>2026-06-13T07:17:45Z</time>
        <hdop>5.1</hdop>
        <extensions>
          <osmand:speed>0.8</osmand:speed>
        </extensions>
      </trkpt>
      <trkpt lat="46.9236611" lon="9.3192403">
        <ele>1594.5</ele>
        <time>2026-06-13T07:17:51Z</time>
        <hdop>7.7</hdop>
        <extensions>
          <osmand:speed>1.7</osmand:speed>
        </extensions>
      </trkpt>
      <trkpt lat="46.9236724" lon="9.3192051">
        <ele>1595.5</ele>
        <time>2026-06-13T07:18:12Z</time>
        <hdop>5.1</hdop>
        <extensions>
          <osmand:speed>0.8</osmand:speed>
        </extensions>
      </trkpt>
      <trkpt lat="46.9236801" lon="9.3191283">
        <ele>1594.5</ele>
        <time>2026-06-13T07:18:18Z</time>
        <hdop>5.1</hdop>
        <extensions>
          <osmand:speed>2.1</osmand:speed>
        </extensions>
      </trkpt>
      <trkpt lat="46.9236806" lon="9.3190628">
        <ele>1594.5</ele>
        <time>2026-06-13T07:18:25Z</time>
        <hdop>14.3</hdop>
        <extensions>
          <osmand:speed>1</osmand:speed>
        </extensions>
      </trkpt>
      <trkpt lat="46.9236991" lon="9.3189851">
        <ele>1594.5</ele>
        <time>2026-06-13T07:18:31Z</time>
        <hdop>11.7</hdop>
        <extensions>
          <osmand:speed>1.1</osmand:speed>
        </extensions>
      </trkpt>
      <trkpt lat="46.9236926" lon="9.3189159">
        <ele>1594.5</ele>
        <time>2026-06-13T07:18:37Z</time>
        <hdop>9.7</hdop>
        <extensions>
          <osmand:speed>1.3</osmand:speed>
        </extensions>
      </trkpt>
      <trkpt lat="46.9236592" lon="9.3188425">
        <ele>1594.5</ele>
        <time>2026-06-13T07:18:43Z</time>
        <hdop>11.2</hdop>
        <extensions>
          <osmand:speed>0.8</osmand:speed>
        </extensions>
      </trkpt>
      <trkpt lat="46.9236516" lon="9.318748">
        <ele>1593.5</ele>
        <time>2026-06-13T07:18:49Z</time>
        <hdop>10.2</hdop>
        <extensions>
          <osmand:speed>1.1</osmand:speed>
        </extensions>
      </trkpt>
      <trkpt lat="46.9236316" lon="9.3186472">
        <ele>1593.5</ele>
        <time>2026-06-13T07:18:55Z</time>
        <hdop>8.2</hdop>
        <extensions>
          <osmand:speed>1.1</osmand:speed>
        </extensions>
      </trkpt>
      <trkpt lat="46.9236514" lon="9.3185901">
        <ele>1592.5</ele>
        <time>2026-06-13T07:19:01Z</time>
        <hdop>7.7</hdop>
        <extensions>
          <osmand:speed>0.8</osmand:speed>
        </extensions>
      </trkpt>
      <trkpt lat="46.923648" lon="9.3184925">
        <ele>1592.5</ele>
        <time>2026-06-13T07:19:07Z</time>
        <hdop>10.2</hdop>
        <extensions>
          <osmand:speed>1.2</osmand:speed>
        </extensions>
      </trkpt>
      <trkpt lat="46.9236456" lon="9.3184489">
        <ele>1593.5</ele>
        <time>2026-06-13T07:19:13Z</time>
        <hdop>10.2</hdop>
        <extensions>
          <osmand:speed>0.7</osmand:speed>
        </extensions>
      </trkpt>
      <trkpt lat="46.9236497" lon="9.3183547">
        <ele>1593.5</ele>
        <time>2026-06-13T07:19:19Z</time>
        <hdop>9.2</hdop>
        <extensions>
          <osmand:speed>1.1</osmand:speed>
        </extensions>
      </trkpt>
      <trkpt lat="46.9236283" lon="9.3182623">
        <ele>1593.5</ele>
        <time>2026-06-13T07:19:25Z</time>
        <hdop>9.7</hdop>
        <extensions>
          <osmand:speed>1.3</osmand:speed>
        </extensions>
      </trkpt>
      <trkpt lat="46.9236124" lon="9.3181895">
        <ele>1593.5</ele>
        <time>2026-06-13T07:19:31Z</time>
        <hdop>10.2</hdop>
        <extensions>
          <osmand:speed>0.6</osmand:speed>
        </extensions>
      </trkpt>
      <trkpt lat="46.9236063" lon="9.3181175">
        <ele>1593.5</ele>
        <time>2026-06-13T07:19:37Z</time>
        <hdop>10.2</hdop>
        <extensions>
          <osmand:speed>0.8</osmand:speed>
        </extensions>
      </trkpt>
      <trkpt lat="46.9235921" lon="9.3180365">
        <ele>1592.5</ele>
        <time>2026-06-13T07:19:43Z</time>
        <hdop>9.7</hdop>
        <extensions>
          <osmand:speed>0.8</osmand:speed>
        </extensions>
      </trkpt>
      <trkpt lat="46.9236097" lon="9.3179256">
        <ele>1594.5</ele>
        <time>2026-06-13T07:19:49Z</time>
        <hdop>9.2</hdop>
        <extensions>
          <osmand:speed>0.8</osmand:speed>
        </extensions>
      </trkpt>
      <trkpt lat="46.9236279" lon="9.3178126">
        <ele>1595.5</ele>
        <time>2026-06-13T07:19:55Z</time>
        <hdop>10.7</hdop>
        <extensions>
          <osmand:speed>1.4</osmand:speed>
        </extensions>
      </trkpt>
      <trkpt lat="46.9236099" lon="9.3177364">
        <ele>1594.5</ele>
        <time>2026-06-13T07:20:01Z</time>
        <hdop>9.7</hdop>
        <extensions>
          <osmand:speed>1.5</osmand:speed>
        </extensions>
      </trkpt>
      <trkpt lat="46.9235961" lon="9.3176258">
        <ele>1594.5</ele>
        <time>2026-06-13T07:20:07Z</time>
        <hdop>10.7</hdop>
        <extensions>
          <osmand:speed>1</osmand:speed>
        </extensions>
      </trkpt>
      <trkpt lat="46.9235949" lon="9.3175227">
        <ele>1593.5</ele>
        <time>2026-06-13T07:20:13Z</time>
        <hdop>7.1</hdop>
        <extensions>
          <osmand:speed>1.2</osmand:speed>
        </extensions>
      </trkpt>
      <trkpt lat="46.9235907" lon="9.3174085">
        <ele>1594.5</ele>
        <time>2026-06-13T07:20:19Z</time>
        <hdop>8.7</hdop>
        <extensions>
          <osmand:speed>1.2</osmand:speed>
        </extensions>
      </trkpt>
      <trkpt lat="46.9235753" lon="9.3173317">
        <ele>1594.5</ele>
        <time>2026-06-13T07:20:25Z</time>
        <hdop>8.7</hdop>
        <extensions>
          <osmand:speed>1.1</osmand:speed>
        </extensions>
      </trkpt>
      <trkpt lat="46.9235619" lon="9.3172383">
        <ele>1595.5</ele>
        <time>2026-06-13T07:20:31Z</time>
        <hdop>8.7</hdop>
        <extensions>
          <osmand:speed>1.3</osmand:speed>
        </extensions>
      </trkpt>
      <trkpt lat="46.9235586" lon="9.317133">
        <ele>1594.5</ele>
        <time>2026-06-13T07:20:37Z</time>
        <hdop>7.1</hdop>
        <extensions>
          <osmand:speed>1.2</osmand:speed>
        </extensions>
      </trkpt>
      <trkpt lat="46.9235801" lon="9.3170407">
        <ele>1596.5</ele>
        <time>2026-06-13T07:20:43Z</time>
        <hdop>8.2</hdop>
        <extensions>
          <osmand:speed>1.5</osmand:speed>
        </extensions>
      </trkpt>
      <trkpt lat="46.9235846" lon="9.3169631">
        <ele>1596.5</ele>
        <time>2026-06-13T07:20:49Z</time>
        <hdop>6.6</hdop>
        <extensions>
          <osmand:speed>0.8</osmand:speed>
        </extensions>
      </trkpt>
      <trkpt lat="46.923569" lon="9.3169403">
        <ele>1597.5</ele>
        <time>2026-06-13T07:20:56Z</time>
        <hdop>8.2</hdop>
        <extensions>
          <osmand:speed>0.9</osmand:speed>
        </extensions>
      </trkpt>
      <trkpt lat="46.9235809" lon="9.3168492">
        <ele>1597.5</ele>
        <time>2026-06-13T07:21:02Z</time>
        <hdop>6.6</hdop>
        <extensions>
          <osmand:speed>1.2</osmand:speed>
        </extensions>
      </trkpt>
      <trkpt lat="46.9235759" lon="9.316752">
        <ele>1597.5</ele>
        <time>2026-06-13T07:21:08Z</time>
        <hdop>9.2</hdop>
        <extensions>
          <osmand:speed>1.1</osmand:speed>
        </extensions>
      </trkpt>
      <trkpt lat="46.9235664" lon="9.3167005">
        <ele>1597.5</ele>
        <time>2026-06-13T07:21:14Z</time>
        <hdop>8.2</hdop>
        <extensions>
          <osmand:speed>0.7</osmand:speed>
        </extensions>
      </trkpt>
      <trkpt lat="46.923564" lon="9.3166105">
        <ele>1599.5</ele>
        <time>2026-06-13T07:21:20Z</time>
        <hdop>9.7</hdop>
        <extensions>
          <osmand:speed>1.3</osmand:speed>
        </extensions>
      </trkpt>
      <trkpt lat="46.9235534" lon="9.3165319">
        <ele>1600.5</ele>
        <time>2026-06-13T07:21:26Z</time>
        <hdop>7.7</hdop>
        <extensions>
          <osmand:speed>1</osmand:speed>
        </extensions>
      </trkpt>
      <trkpt lat="46.9235429" lon="9.3164709">
        <ele>1601.5</ele>
        <time>2026-06-13T07:21:32Z</time>
        <hdop>10.7</hdop>
        <extensions>
          <osmand:speed>0.3</osmand:speed>
        </extensions>
      </trkpt>
      <trkpt lat="46.9235602" lon="9.3163652">
        <ele>1601.5</ele>
        <time>2026-06-13T07:21:38Z</time>
        <hdop>10.7</hdop>
        <extensions>
          <osmand:speed>1.5</osmand:speed>
        </extensions>
      </trkpt>
      <trkpt lat="46.9235594" lon="9.3162705">
        <ele>1601.5</ele>
        <time>2026-06-13T07:21:44Z</time>
        <hdop>11.2</hdop>
        <extensions>
          <osmand:speed>1.3</osmand:speed>
        </extensions>
      </trkpt>
      <trkpt lat="46.9235583" lon="9.3161644">
        <ele>1602.5</ele>
        <time>2026-06-13T07:21:50Z</time>
        <hdop>13.8</hdop>
        <extensions>
          <osmand:speed>0.9</osmand:speed>
        </extensions>
      </trkpt>
      <trkpt lat="46.9235734" lon="9.3160846">
        <ele>1603.5</ele>
        <time>2026-06-13T07:21:56Z</time>
        <hdop>13.3</hdop>
        <extensions>
          <osmand:speed>1</osmand:speed>
        </extensions>
      </trkpt>
      <trkpt lat="46.9236853" lon="9.3158665">
        <ele>1603.5</ele>
        <time>2026-06-13T07:22:12Z</time>
        <hdop>14.8</hdop>
        <extensions>
          <osmand:speed>0.8</osmand:speed>
        </extensions>
      </trkpt>
      <trkpt lat="46.9236618" lon="9.3157726">
        <ele>1603.5</ele>
        <time>2026-06-13T07:22:18Z</time>
        <hdop>14.3</hdop>
        <extensions>
          <osmand:speed>1.7</osmand:speed>
        </extensions>
      </trkpt>
      <trkpt lat="46.923706" lon="9.3156815">
        <ele>1604.5</ele>
        <time>2026-06-13T07:22:25Z</time>
        <hdop>14.8</hdop>
        <extensions>
          <osmand:speed>0.6</osmand:speed>
        </extensions>
      </trkpt>
      <trkpt lat="46.9237031" lon="9.3155899">
        <ele>1605.5</ele>
        <time>2026-06-13T07:22:39Z</time>
        <hdop>14.8</hdop>
        <extensions>
          <osmand:speed>0.7</osmand:speed>
        </extensions>
      </trkpt>
      <trkpt lat="46.9237415" lon="9.3155495">
        <ele>1606.5</ele>
        <time>2026-06-13T07:22:45Z</time>
        <hdop>11.7</hdop>
        <extensions>
          <osmand:speed>0.8</osmand:speed>
        </extensions>
      </trkpt>
      <trkpt lat="46.9237565" lon="9.315477">
        <ele>1608.5</ele>
        <time>2026-06-13T07:22:51Z</time>
        <hdop>11.7</hdop>
        <extensions>
          <osmand:speed>0.9</osmand:speed>
        </extensions>
      </trkpt>
      <trkpt lat="46.9237353" lon="9.3154296">
        <ele>1608.5</ele>
        <time>2026-06-13T07:22:57Z</time>
        <hdop>9.7</hdop>
        <extensions>
          <osmand:speed>1</osmand:speed>
        </extensions>
      </trkpt>
      <trkpt lat="46.9236923" lon="9.3153408">
        <ele>1609.5</ele>
        <time>2026-06-13T07:23:03Z</time>
        <hdop>10.7</hdop>
        <extensions>
          <osmand:speed>0.7</osmand:speed>
        </extensions>
      </trkpt>
      <trkpt lat="46.9236961" lon="9.3152632">
        <ele>1610.5</ele>
        <time>2026-06-13T07:23:09Z</time>
        <hdop>12.8</hdop>
        <extensions>
          <osmand:speed>0.8</osmand:speed>
        </extensions>
      </trkpt>
      <trkpt lat="46.9236479" lon="9.3151874">
        <ele>1610.5</ele>
        <time>2026-06-13T07:23:15Z</time>
        <hdop>10.2</hdop>
        <extensions>
          <osmand:speed>1.2</osmand:speed>
        </extensions>
      </trkpt>
      <trkpt lat="46.9236219" lon="9.3151448">
        <ele>1610.5</ele>
        <time>2026-06-13T07:23:21Z</time>
        <hdop>10.2</hdop>
        <extensions>
          <osmand:speed>0.7</osmand:speed>
        </extensions>
      </trkpt>
      <trkpt lat="46.9235828" lon="9.3150734">
        <ele>1610.5</ele>
        <time>2026-06-13T07:23:27Z</time>
        <hdop>12.2</hdop>
        <extensions>
          <osmand:speed>0.9</osmand:speed>
        </extensions>
      </trkpt>
      <trkpt lat="46.9235606" lon="9.3150107">
        <ele>1610.5</ele>
        <time>2026-06-13T07:23:33Z</time>
        <hdop>9.7</hdop>
        <extensions>
          <osmand:speed>1.1</osmand:speed>
        </extensions>
      </trkpt>
      <trkpt lat="46.9235325" lon="9.3149448">
        <ele>1611.5</ele>
        <time>2026-06-13T07:23:39Z</time>
        <hdop>9.2</hdop>
        <extensions>
          <osmand:speed>1.1</osmand:speed>
        </extensions>
      </trkpt>
      <trkpt lat="46.9234835" lon="9.3148858">
        <ele>1611.5</ele>
        <time>2026-06-13T07:23:45Z</time>
        <hdop>8.7</hdop>
        <extensions>
          <osmand:speed>1</osmand:speed>
        </extensions>
      </trkpt>
      <trkpt lat="46.9234536" lon="9.3148319">
        <ele>1612.5</ele>
        <time>2026-06-13T07:23:51Z</time>
        <hdop>10.2</hdop>
        <extensions>
          <osmand:speed>0.9</osmand:speed>
        </extensions>
      </trkpt>
      <trkpt lat="46.9234409" lon="9.3147319">
        <ele>1612.5</ele>
        <time>2026-06-13T07:23:57Z</time>
        <hdop>8.7</hdop>
        <extensions>
          <osmand:speed>0.9</osmand:speed>
        </extensions>
      </trkpt>
      <trkpt lat="46.9234142" lon="9.3146372">
        <ele>1612.5</ele>
        <time>2026-06-13T07:24:03Z</time>
        <hdop>8.7</hdop>
        <extensions>
          <osmand:speed>0.7</osmand:speed>
        </extensions>
      </trkpt>
      <trkpt lat="46.9234069" lon="9.3145564">
        <ele>1613.5</ele>
        <time>2026-06-13T07:24:09Z</time>
        <hdop>8.2</hdop>
        <extensions>
          <osmand:speed>1</osmand:speed>
        </extensions>
      </trkpt>
      <trkpt lat="46.9233936" lon="9.3144676">
        <ele>1614.5</ele>
        <time>2026-06-13T07:24:15Z</time>
        <hdop>9.7</hdop>
        <extensions>
          <osmand:speed>1.2</osmand:speed>
        </extensions>
      </trkpt>
      <trkpt lat="46.9233858" lon="9.314393">
        <ele>1614.5</ele>
        <time>2026-06-13T07:24:21Z</time>
        <hdop>8.2</hdop>
        <extensions>
          <osmand:speed>0.8</osmand:speed>
        </extensions>
      </trkpt>
      <trkpt lat="46.9233311" lon="9.3143139">
        <ele>1616.5</ele>
        <time>2026-06-13T07:24:27Z</time>
        <hdop>8.7</hdop>
        <extensions>
          <osmand:speed>1.6</osmand:speed>
        </extensions>
      </trkpt>
      <trkpt lat="46.923301" lon="9.3142417">
        <ele>1617.5</ele>
        <time>2026-06-13T07:24:33Z</time>
        <hdop>8.7</hdop>
        <extensions>
          <osmand:speed>0.9</osmand:speed>
        </extensions>
      </trkpt>
      <trkpt lat="46.923257" lon="9.3141834">
        <ele>1619.5</ele>
        <time>2026-06-13T07:24:39Z</time>
        <hdop>7.1</hdop>
        <extensions>
          <osmand:speed>0.9</osmand:speed>
        </extensions>
      </trkpt>
      <trkpt lat="46.9231942" lon="9.3141343">
        <ele>1619.5</ele>
        <time>2026-06-13T07:24:45Z</time>
        <hdop>8.7</hdop>
        <extensions>
          <osmand:speed>1.3</osmand:speed>
        </extensions>
      </trkpt>
      <trkpt lat="46.9231458" lon="9.3140717">
        <ele>1619.5</ele>
        <time>2026-06-13T07:24:51Z</time>
        <hdop>10.7</hdop>
        <extensions>
          <osmand:speed>0.9</osmand:speed>
        </extensions>
      </trkpt>
      <trkpt lat="46.9231135" lon="9.3140075">
        <ele>1620.5</ele>
        <time>2026-06-13T07:24:57Z</time>
        <hdop>9.7</hdop>
        <extensions>
          <osmand:speed>1.1</osmand:speed>
        </extensions>
      </trkpt>
      <trkpt lat="46.923096" lon="9.3139493">
        <ele>1620.5</ele>
        <time>2026-06-13T07:25:03Z</time>
        <hdop>10.7</hdop>
        <extensions>
          <osmand:speed>0.8</osmand:speed>
        </extensions>
      </trkpt>
      <trkpt lat="46.9230472" lon="9.3138749">
        <ele>1621.5</ele>
        <time>2026-06-13T07:25:09Z</time>
        <hdop>12.2</hdop>
        <extensions>
          <osmand:speed>1</osmand:speed>
        </extensions>
      </trkpt>
      <trkpt lat="46.9230083" lon="9.3137638">
        <ele>1622.5</ele>
        <time>2026-06-13T07:25:15Z</time>
        <hdop>13.8</hdop>
        <extensions>
          <osmand:speed>1.1</osmand:speed>
        </extensions>
      </trkpt>
      <trkpt lat="46.9229995" lon="9.3136693">
        <ele>1623.5</ele>
        <time>2026-06-13T07:25:21Z</time>
        <hdop>12.2</hdop>
        <extensions>
          <osmand:speed>1.3</osmand:speed>
        </extensions>
      </trkpt>
      <trkpt lat="46.9229638" lon="9.3136019">
        <ele>1623.5</ele>
        <time>2026-06-13T07:25:27Z</time>
        <hdop>12.2</hdop>
        <extensions>
          <osmand:speed>0.7</osmand:speed>
        </extensions>
      </trkpt>
      <trkpt lat="46.9229366" lon="9.3135436">
        <ele>1625.5</ele>
        <time>2026-06-13T07:25:33Z</time>
        <hdop>14.8</hdop>
        <extensions>
          <osmand:speed>0.9</osmand:speed>
        </extensions>
      </trkpt>
      <trkpt lat="46.922901" lon="9.313466">
        <ele>1626.5</ele>
        <time>2026-06-13T07:25:39Z</time>
        <hdop>14.3</hdop>
        <extensions>
          <osmand:speed>0.9</osmand:speed>
        </extensions>
      </trkpt>
      <trkpt lat="46.922928" lon="9.3133736">
        <ele>1625.5</ele>
        <time>2026-06-13T07:25:45Z</time>
        <hdop>12.2</hdop>
        <extensions>
          <osmand:speed>0.5</osmand:speed>
        </extensions>
      </trkpt>
      <trkpt lat="46.9229533" lon="9.3133619">
        <ele>1626.5</ele>
        <time>2026-06-13T07:25:53Z</time>
        <hdop>9.7</hdop>
        <extensions>
          <osmand:speed>0.1</osmand:speed>
        </extensions>
      </trkpt>
      <trkpt lat="46.9229683" lon="9.3132786">
        <ele>1627.5</ele>
        <time>2026-06-13T07:25:59Z</time>
        <hdop>10.7</hdop>
        <extensions>
          <osmand:speed>0.9</osmand:speed>
        </extensions>
      </trkpt>
      <trkpt lat="46.9229667" lon="9.3131879">
        <ele>1628.5</ele>
        <time>2026-06-13T07:26:05Z</time>
        <hdop>9.7</hdop>
        <extensions>
          <osmand:speed>1</osmand:speed>
        </extensions>
      </trkpt>
      <trkpt lat="46.9229601" lon="9.3130995">
        <ele>1628.5</ele>
        <time>2026-06-13T07:26:11Z</time>
        <hdop>10.7</hdop>
        <extensions>
          <osmand:speed>0.8</osmand:speed>
        </extensions>
      </trkpt>
      <trkpt lat="46.9229505" lon="9.3130413">
        <ele>1628.5</ele>
        <time>2026-06-13T07:26:17Z</time>
        <hdop>10.7</hdop>
        <extensions>
          <osmand:speed>0.5</osmand:speed>
        </extensions>
      </trkpt>
      <trkpt lat="46.9229435" lon="9.3129667">
        <ele>1628.5</ele>
        <time>2026-06-13T07:26:23Z</time>
        <hdop>10.7</hdop>
        <extensions>
          <osmand:speed>1.1</osmand:speed>
        </extensions>
      </trkpt>
      <trkpt lat="46.9229415" lon="9.3128817">
        <ele>1630.5</ele>
        <time>2026-06-13T07:26:29Z</time>
        <hdop>8.7</hdop>
        <extensions>
          <osmand:speed>0.1</osmand:speed>
        </extensions>
      </trkpt>
      <trkpt lat="46.9229238" lon="9.3128156">
        <ele>1632.5</ele>
        <time>2026-06-13T07:26:35Z</time>
        <hdop>10.7</hdop>
        <extensions>
          <osmand:speed>1.6</osmand:speed>
        </extensions>
      </trkpt>
      <trkpt lat="46.922906" lon="9.3127128">
        <ele>1632.5</ele>
        <time>2026-06-13T07:26:41Z</time>
        <hdop>10.7</hdop>
        <extensions>
          <osmand:speed>1</osmand:speed>
        </extensions>
      </trkpt>
      <trkpt lat="46.922895" lon="9.3126298">
        <ele>1633.5</ele>
        <time>2026-06-13T07:26:47Z</time>
        <hdop>10.2</hdop>
        <extensions>
          <osmand:speed>1.2</osmand:speed>
        </extensions>
      </trkpt>
      <trkpt lat="46.9228886" lon="9.3125497">
        <ele>1633.5</ele>
        <time>2026-06-13T07:26:53Z</time>
        <hdop>9.7</hdop>
        <extensions>
          <osmand:speed>0.6</osmand:speed>
        </extensions>
      </trkpt>
      <trkpt lat="46.9228958" lon="9.3124474">
        <ele>1635.5</ele>
        <time>2026-06-13T07:26:59Z</time>
        <hdop>10.2</hdop>
        <extensions>
          <osmand:speed>0.9</osmand:speed>
        </extensions>
      </trkpt>
      <trkpt lat="46.9228837" lon="9.3123686">
        <ele>1635.5</ele>
        <time>2026-06-13T07:27:05Z</time>
        <hdop>9.2</hdop>
        <extensions>
          <osmand:speed>0.7</osmand:speed>
        </extensions>
      </trkpt>
      <trkpt lat="46.9228342" lon="9.3123182">
        <ele>1634.5</ele>
        <time>2026-06-13T07:27:11Z</time>
        <hdop>11.7</hdop>
        <extensions>
          <osmand:speed>0.9</osmand:speed>
        </extensions>
      </trkpt>
      <trkpt lat="46.9228078" lon="9.3122409">
        <ele>1634.5</ele>
        <time>2026-06-13T07:27:17Z</time>
        <hdop>11.7</hdop>
        <extensions>
          <osmand:speed>1</osmand:speed>
        </extensions>
      </trkpt>
      <trkpt lat="46.9227723" lon="9.3121576">
        <ele>1632.5</ele>
        <time>2026-06-13T07:27:23Z</time>
        <hdop>12.8</hdop>
        <extensions>
          <osmand:speed>1</osmand:speed>
        </extensions>
      </trkpt>
      <trkpt lat="46.9227488" lon="9.3120337">
        <ele>1632.5</ele>
        <time>2026-06-13T07:27:29Z</time>
        <hdop>11.2</hdop>
        <extensions>
          <osmand:speed>1</osmand:speed>
        </extensions>
      </trkpt>
      <trkpt lat="46.9227208" lon="9.3119383">
        <ele>1632.5</ele>
        <time>2026-06-13T07:27:35Z</time>
        <hdop>10.7</hdop>
        <extensions>
          <osmand:speed>1.4</osmand:speed>
        </extensions>
      </trkpt>
      <trkpt lat="46.9226796" lon="9.3118478">
        <ele>1632.5</ele>
        <time>2026-06-13T07:27:41Z</time>
        <hdop>9.7</hdop>
        <extensions>
          <osmand:speed>1.1</osmand:speed>
        </extensions>
      </trkpt>
      <trkpt lat="46.92266" lon="9.3117371">
        <ele>1632.5</ele>
        <time>2026-06-13T07:27:47Z</time>
        <hdop>9.2</hdop>
        <extensions>
          <osmand:speed>1.1</osmand:speed>
        </extensions>
      </trkpt>
      <trkpt lat="46.9226411" lon="9.3116434">
        <ele>1632.5</ele>
        <time>2026-06-13T07:27:53Z</time>
        <hdop>8.2</hdop>
        <extensions>
          <osmand:speed>0.9</osmand:speed>
        </extensions>
      </trkpt>
      <trkpt lat="46.9226177" lon="9.311558">
        <ele>1632.5</ele>
        <time>2026-06-13T07:27:59Z</time>
        <hdop>7.7</hdop>
        <extensions>
          <osmand:speed>0.8</osmand:speed>
        </extensions>
      </trkpt>
      <trkpt lat="46.9226139" lon="9.3114917">
        <ele>1632.5</ele>
        <time>2026-06-13T07:28:05Z</time>
        <hdop>6.1</hdop>
        <extensions>
          <osmand:speed>0.9</osmand:speed>
        </extensions>
      </trkpt>
      <trkpt lat="46.9226166" lon="9.3114183">
        <ele>1630.5</ele>
        <time>2026-06-13T07:28:11Z</time>
        <hdop>6.1</hdop>
        <extensions>
          <osmand:speed>0.6</osmand:speed>
        </extensions>
      </trkpt>
      <trkpt lat="46.9226205" lon="9.3113521">
        <ele>1629.5</ele>
        <time>2026-06-13T07:28:17Z</time>
        <hdop>6.1</hdop>
        <extensions>
          <osmand:speed>0.8</osmand:speed>
        </extensions>
      </trkpt>
      <trkpt lat="46.9226083" lon="9.3112758">
        <ele>1628.5</ele>
        <time>2026-06-13T07:28:23Z</time>
        <hdop>6.1</hdop>
        <extensions>
          <osmand:speed>1.1</osmand:speed>
        </extensions>
      </trkpt>
      <trkpt lat="46.9225946" lon="9.3112004">
        <ele>1626.5</ele>
        <time>2026-06-13T07:28:29Z</time>
        <hdop>6.6</hdop>
        <extensions>
          <osmand:speed>1</osmand:speed>
        </extensions>
      </trkpt>
      <trkpt lat="46.9226059" lon="9.3111313">
        <ele>1624.5</ele>
        <time>2026-06-13T07:28:35Z</time>
        <hdop>7.1</hdop>
        <extensions>
          <osmand:speed>0.6</osmand:speed>
        </extensions>
      </trkpt>
      <trkpt lat="46.9225803" lon="9.3110604">
        <ele>1624.5</ele>
        <time>2026-06-13T07:28:41Z</time>
        <hdop>6.6</hdop>
        <extensions>
          <osmand:speed>0.7</osmand:speed>
        </extensions>
      </trkpt>
      <trkpt lat="46.9225563" lon="9.3109921">
        <ele>1623.5</ele>
        <time>2026-06-13T07:28:47Z</time>
        <hdop>6.6</hdop>
        <extensions>
          <osmand:speed>0.7</osmand:speed>
        </extensions>
      </trkpt>
      <trkpt lat="46.9225403" lon="9.3109488">
        <ele>1622.5</ele>
        <time>2026-06-13T07:28:53Z</time>
        <hdop>7.1</hdop>
        <extensions>
          <osmand:speed>0.3</osmand:speed>
        </extensions>
      </trkpt>
      <trkpt lat="46.9225531" lon="9.3109273">
        <ele>1620.5</ele>
        <time>2026-06-13T07:29:03Z</time>
        <hdop>6.1</hdop>
        <extensions>
          <osmand:speed>0.3</osmand:speed>
        </extensions>
      </trkpt>
      <trkpt lat="46.9225751" lon="9.3109019">
        <ele>1619.5</ele>
        <time>2026-06-13T07:29:09Z</time>
        <hdop>5.6</hdop>
        <extensions>
          <osmand:speed>1.2</osmand:speed>
        </extensions>
      </trkpt>
      <trkpt lat="46.9225725" lon="9.3108282">
        <ele>1618.5</ele>
        <time>2026-06-13T07:29:15Z</time>
        <hdop>10.2</hdop>
        <extensions>
          <osmand:speed>0.6</osmand:speed>
        </extensions>
      </trkpt>
      <trkpt lat="46.9225558" lon="9.3107705">
        <ele>1618.5</ele>
        <time>2026-06-13T07:29:21Z</time>
        <hdop>9.7</hdop>
        <extensions>
          <osmand:speed>0.7</osmand:speed>
        </extensions>
      </trkpt>
      <trkpt lat="46.9225281" lon="9.3107315">
        <ele>1616.5</ele>
        <time>2026-06-13T07:29:27Z</time>
        <hdop>9.7</hdop>
        <extensions>
          <osmand:speed>0.7</osmand:speed>
        </extensions>
      </trkpt>
      <trkpt lat="46.9224971" lon="9.3106791">
        <ele>1617.5</ele>
        <time>2026-06-13T07:29:33Z</time>
        <hdop>9.7</hdop>
        <extensions>
          <osmand:speed>0.6</osmand:speed>
        </extensions>
      </trkpt>
      <trkpt lat="46.9224769" lon="9.3106411">
        <ele>1617.5</ele>
        <time>2026-06-13T07:29:39Z</time>
        <hdop>10.2</hdop>
        <extensions>
          <osmand:speed>0.7</osmand:speed>
        </extensions>
      </trkpt>
      <trkpt lat="46.9224511" lon="9.3106103">
        <ele>1617.5</ele>
        <time>2026-06-13T07:29:45Z</time>
        <hdop>10.7</hdop>
        <extensions>
          <osmand:speed>0.5</osmand:speed>
        </extensions>
      </trkpt>
      <trkpt lat="46.9224645" lon="9.310545">
        <ele>1619.5</ele>
        <time>2026-06-13T07:29:51Z</time>
        <hdop>9.7</hdop>
        <extensions>
          <osmand:speed>0.5</osmand:speed>
        </extensions>
      </trkpt>
      <trkpt lat="46.9225101" lon="9.3105211">
        <ele>1619.5</ele>
        <time>2026-06-13T07:29:57Z</time>
        <hdop>9.7</hdop>
        <extensions>
          <osmand:speed>0.8</osmand:speed>
        </extensions>
      </trkpt>
      <trkpt lat="46.922564" lon="9.310513">
        <ele>1621.5</ele>
        <time>2026-06-13T07:30:03Z</time>
        <hdop>8.7</hdop>
        <extensions>
          <osmand:speed>1.1</osmand:speed>
        </extensions>
      </trkpt>
      <trkpt lat="46.9226127" lon="9.3105181">
        <ele>1622.5</ele>
        <time>2026-06-13T07:30:09Z</time>
        <hdop>9.7</hdop>
        <extensions>
          <osmand:speed>0.5</osmand:speed>
        </extensions>
      </trkpt>
      <trkpt lat="46.9226485" lon="9.3105077">
        <ele>1623.5</ele>
        <time>2026-06-13T07:30:15Z</time>
        <hdop>9.7</hdop>
        <extensions>
          <osmand:speed>0.4</osmand:speed>
        </extensions>
      </trkpt>
      <trkpt lat="46.9226912" lon="9.3104942">
        <ele>1624.5</ele>
        <time>2026-06-13T07:30:21Z</time>
        <hdop>9.7</hdop>
        <extensions>
          <osmand:speed>0.3</osmand:speed>
        </extensions>
      </trkpt>
      <trkpt lat="46.9227113" lon="9.3104838">
        <ele>1625.5</ele>
        <time>2026-06-13T07:30:29Z</time>
        <hdop>12.2</hdop>
        <extensions>
          <osmand:speed>0.4</osmand:speed>
        </extensions>
      </trkpt>
      <trkpt lat="46.9227331" lon="9.3104382">
        <ele>1625.5</ele>
        <time>2026-06-13T07:30:35Z</time>
        <hdop>11.2</hdop>
        <extensions>
          <osmand:speed>0.3</osmand:speed>
        </extensions>
      </trkpt>
      <trkpt lat="46.9227396" lon="9.3103943">
        <ele>1626.5</ele>
        <time>2026-06-13T07:30:41Z</time>
        <hdop>9.7</hdop>
        <extensions>
          <osmand:speed>0.4</osmand:speed>
        </extensions>
      </trkpt>
      <trkpt lat="46.9227468" lon="9.31037">
        <ele>1627.5</ele>
        <time>2026-06-13T07:30:47Z</time>
        <hdop>12.8</hdop>
        <extensions>
          <osmand:speed>0.7</osmand:speed>
        </extensions>
      </trkpt>
      <trkpt lat="46.9227728" lon="9.3103153">
        <ele>1628.5</ele>
        <time>2026-06-13T07:30:53Z</time>
        <hdop>12.8</hdop>
        <extensions>
          <osmand:speed>0.1</osmand:speed>
        </extensions>
      </trkpt>
      <trkpt lat="46.9227544" lon="9.3103072">
        <ele>1633.5</ele>
        <time>2026-06-13T07:31:03Z</time>
        <hdop>10.2</hdop>
        <extensions>
          <osmand:speed>0.3</osmand:speed>
        </extensions>
      </trkpt>
      <trkpt lat="46.9227762" lon="9.310242">
        <ele>1634.5</ele>
        <time>2026-06-13T07:31:09Z</time>
        <hdop>12.2</hdop>
        <extensions>
          <osmand:speed>0.4</osmand:speed>
        </extensions>
      </trkpt>
      <trkpt lat="46.9227835" lon="9.3102008">
        <ele>1635.5</ele>
        <time>2026-06-13T07:31:15Z</time>
        <hdop>10.7</hdop>
        <extensions>
          <osmand:speed>0.6</osmand:speed>
        </extensions>
      </trkpt>
      <trkpt lat="46.9227703" lon="9.3101725">
        <ele>1637.5</ele>
        <time>2026-06-13T07:31:23Z</time>
        <hdop>13.8</hdop>
        <extensions>
          <osmand:speed>0.4</osmand:speed>
        </extensions>
      </trkpt>
      <trkpt lat="46.9227855" lon="9.3101428">
        <ele>1638.5</ele>
        <time>2026-06-13T07:31:29Z</time>
        <hdop>14.8</hdop>
        <extensions>
          <osmand:speed>0.9</osmand:speed>
        </extensions>
      </trkpt>
      <trkpt lat="46.9228016" lon="9.3100643">
        <ele>1640.5</ele>
        <time>2026-06-13T07:31:35Z</time>
        <hdop>12.2</hdop>
        <extensions>
          <osmand:speed>0.1</osmand:speed>
        </extensions>
      </trkpt>
      <trkpt lat="46.9227753" lon="9.3100636">
        <ele>1640.5</ele>
        <time>2026-06-13T07:31:41Z</time>
        <hdop>9.2</hdop>
        <extensions>
          <osmand:speed>0.7</osmand:speed>
        </extensions>
      </trkpt>
      <trkpt lat="46.9227905" lon="9.3100135">
        <ele>1640.5</ele>
        <time>2026-06-13T07:31:47Z</time>
        <hdop>9.7</hdop>
        <extensions>
          <osmand:speed>0</osmand:speed>
        </extensions>
      </trkpt>
      <trkpt lat="46.9227701" lon="9.3099471">
        <ele>1640.5</ele>
        <time>2026-06-13T07:31:53Z</time>
        <hdop>13.3</hdop>
        <extensions>
          <osmand:speed>0.6</osmand:speed>
        </extensions>
      </trkpt>
      <trkpt lat="46.9227295" lon="9.3099065">
        <ele>1639.5</ele>
        <time>2026-06-13T07:31:59Z</time>
        <hdop>11.2</hdop>
        <extensions>
          <osmand:speed>1</osmand:speed>
        </extensions>
      </trkpt>
      <trkpt lat="46.9227061" lon="9.3098422">
        <ele>1640.5</ele>
        <time>2026-06-13T07:32:05Z</time>
        <hdop>9.7</hdop>
        <extensions>
          <osmand:speed>0.9</osmand:speed>
        </extensions>
      </trkpt>
      <trkpt lat="46.9226978" lon="9.3097624">
        <ele>1641.5</ele>
        <time>2026-06-13T07:32:11Z</time>
        <hdop>10.2</hdop>
        <extensions>
          <osmand:speed>1.1</osmand:speed>
        </extensions>
      </trkpt>
      <trkpt lat="46.9226715" lon="9.3097061">
        <ele>1642.5</ele>
        <time>2026-06-13T07:32:17Z</time>
        <hdop>9.7</hdop>
        <extensions>
          <osmand:speed>1.1</osmand:speed>
        </extensions>
      </trkpt>
      <trkpt lat="46.9226293" lon="9.3096328">
        <ele>1645.5</ele>
        <time>2026-06-13T07:32:23Z</time>
        <hdop>9.7</hdop>
        <extensions>
          <osmand:speed>1</osmand:speed>
        </extensions>
      </trkpt>
      <trkpt lat="46.9226088" lon="9.3095413">
        <ele>1645.5</ele>
        <time>2026-06-13T07:32:29Z</time>
        <hdop>9.7</hdop>
        <extensions>
          <osmand:speed>1</osmand:speed>
        </extensions>
      </trkpt>
      <trkpt lat="46.922582" lon="9.3094771">
        <ele>1645.5</ele>
        <time>2026-06-13T07:32:35Z</time>
        <hdop>8.7</hdop>
        <extensions>
          <osmand:speed>0.6</osmand:speed>
        </extensions>
      </trkpt>
      <trkpt lat="46.9225502" lon="9.3094057">
        <ele>1645.5</ele>
        <time>2026-06-13T07:32:41Z</time>
        <hdop>9.7</hdop>
        <extensions>
          <osmand:speed>1.2</osmand:speed>
        </extensions>
      </trkpt>
      <trkpt lat="46.9225254" lon="9.3093437">
        <ele>1646.5</ele>
        <time>2026-06-13T07:32:47Z</time>
        <hdop>8.7</hdop>
        <extensions>
          <osmand:speed>0.5</osmand:speed>
        </extensions>
      </trkpt>
      <trkpt lat="46.9225024" lon="9.3092935">
        <ele>1647.5</ele>
        <time>2026-06-13T07:32:53Z</time>
        <hdop>9.7</hdop>
        <extensions>
          <osmand:speed>0.8</osmand:speed>
        </extensions>
      </trkpt>
      <trkpt lat="46.9224687" lon="9.309238">
        <ele>1649.5</ele>
        <time>2026-06-13T07:32:59Z</time>
        <hdop>7.1</hdop>
        <extensions>
          <osmand:speed>1.3</osmand:speed>
        </extensions>
      </trkpt>
      <trkpt lat="46.9224484" lon="9.3091936">
        <ele>1651.5</ele>
        <time>2026-06-13T07:33:05Z</time>
        <hdop>10.2</hdop>
        <extensions>
          <osmand:speed>0.6</osmand:speed>
        </extensions>
      </trkpt>
      <trkpt lat="46.9224223" lon="9.3091648">
        <ele>1653.5</ele>
        <time>2026-06-13T07:33:11Z</time>
        <hdop>9.7</hdop>
        <extensions>
          <osmand:speed>0.5</osmand:speed>
        </extensions>
      </trkpt>
      <trkpt lat="46.9224214" lon="9.3091261">
        <ele>1655.5</ele>
        <time>2026-06-13T07:33:23Z</time>
        <hdop>8.2</hdop>
        <extensions>
          <osmand:speed>0.7</osmand:speed>
        </extensions>
      </trkpt>
      <trkpt lat="46.9223873" lon="9.3090891">
        <ele>1656.5</ele>
        <time>2026-06-13T07:33:29Z</time>
        <hdop>7.1</hdop>
        <extensions>
          <osmand:speed>0.9</osmand:speed>
        </extensions>
      </trkpt>
      <trkpt lat="46.9223494" lon="9.3090288">
        <ele>1657.5</ele>
        <time>2026-06-13T07:33:35Z</time>
        <hdop>8.2</hdop>
        <extensions>
          <osmand:speed>0.6</osmand:speed>
        </extensions>
      </trkpt>
      <trkpt lat="46.9223084" lon="9.308976">
        <ele>1658.5</ele>
        <time>2026-06-13T07:33:41Z</time>
        <hdop>9.2</hdop>
        <extensions>
          <osmand:speed>0.9</osmand:speed>
        </extensions>
      </trkpt>
      <trkpt lat="46.9222775" lon="9.3089227">
        <ele>1659.5</ele>
        <time>2026-06-13T07:33:47Z</time>
        <hdop>8.7</hdop>
        <extensions>
          <osmand:speed>0.9</osmand:speed>
        </extensions>
      </trkpt>
      <trkpt lat="46.9222483" lon="9.3088683">
        <ele>1659.5</ele>
        <time>2026-06-13T07:33:53Z</time>
        <hdop>8.2</hdop>
        <extensions>
          <osmand:speed>1.1</osmand:speed>
        </extensions>
      </trkpt>
      <trkpt lat="46.9222156" lon="9.3087969">
        <ele>1660.5</ele>
        <time>2026-06-13T07:33:59Z</time>
        <hdop>8.2</hdop>
        <extensions>
          <osmand:speed>1.2</osmand:speed>
        </extensions>
      </trkpt>
      <trkpt lat="46.9221697" lon="9.30873">
        <ele>1660.5</ele>
        <time>2026-06-13T07:34:05Z</time>
        <hdop>7.7</hdop>
        <extensions>
          <osmand:speed>1.2</osmand:speed>
        </extensions>
      </trkpt>
      <trkpt lat="46.9221315" lon="9.3086872">
        <ele>1661.5</ele>
        <time>2026-06-13T07:34:11Z</time>
        <hdop>8.2</hdop>
        <extensions>
          <osmand:speed>1</osmand:speed>
        </extensions>
      </trkpt>
      <trkpt lat="46.9221008" lon="9.3086278">
        <ele>1662.5</ele>
        <time>2026-06-13T07:34:17Z</time>
        <hdop>8.2</hdop>
        <extensions>
          <osmand:speed>1.1</osmand:speed>
        </extensions>
      </trkpt>
      <trkpt lat="46.9220739" lon="9.3085709">
        <ele>1662.5</ele>
        <time>2026-06-13T07:34:23Z</time>
        <hdop>9.2</hdop>
        <extensions>
          <osmand:speed>0.8</osmand:speed>
        </extensions>
      </trkpt>
      <trkpt lat="46.9220507" lon="9.3084869">
        <ele>1663.5</ele>
        <time>2026-06-13T07:34:29Z</time>
        <hdop>8.2</hdop>
        <extensions>
          <osmand:speed>1</osmand:speed>
        </extensions>
      </trkpt>
      <trkpt lat="46.9220338" lon="9.3084287">
        <ele>1663.5</ele>
        <time>2026-06-13T07:34:35Z</time>
        <hdop>9.2</hdop>
        <extensions>
          <osmand:speed>1</osmand:speed>
        </extensions>
      </trkpt>
      <trkpt lat="46.9219973" lon="9.3083561">
        <ele>1664.5</ele>
        <time>2026-06-13T07:34:41Z</time>
        <hdop>8.7</hdop>
        <extensions>
          <osmand:speed>0.9</osmand:speed>
        </extensions>
      </trkpt>
      <trkpt lat="46.9219649" lon="9.3082772">
        <ele>1666.5</ele>
        <time>2026-06-13T07:34:47Z</time>
        <hdop>7.7</hdop>
        <extensions>
          <osmand:speed>1.1</osmand:speed>
        </extensions>
      </trkpt>
      <trkpt lat="46.9219126" lon="9.3082177">
        <ele>1667.5</ele>
        <time>2026-06-13T07:34:53Z</time>
        <hdop>7.7</hdop>
        <extensions>
          <osmand:speed>1</osmand:speed>
        </extensions>
      </trkpt>
      <trkpt lat="46.9218822" lon="9.3081645">
        <ele>1667.5</ele>
        <time>2026-06-13T07:34:59Z</time>
        <hdop>8.7</hdop>
        <extensions>
          <osmand:speed>0.8</osmand:speed>
        </extensions>
      </trkpt>
      <trkpt lat="46.9218671" lon="9.3081394">
        <ele>1668.5</ele>
        <time>2026-06-13T07:35:05Z</time>
        <hdop>9.2</hdop>
        <extensions>
          <osmand:speed>0.1</osmand:speed>
        </extensions>
      </trkpt>
      <trkpt lat="46.9218478" lon="9.3081554">
        <ele>1669.5</ele>
        <time>2026-06-13T07:35:15Z</time>
        <hdop>7.1</hdop>
        <extensions>
          <osmand:speed>0.1</osmand:speed>
        </extensions>
      </trkpt>
      <trkpt lat="46.9218202" lon="9.3081128">
        <ele>1670.5</ele>
        <time>2026-06-13T07:35:21Z</time>
        <hdop>9.2</hdop>
        <extensions>
          <osmand:speed>0.8</osmand:speed>
        </extensions>
      </trkpt>
      <trkpt lat="46.9217964" lon="9.3080644">
        <ele>1671.5</ele>
        <time>2026-06-13T07:35:27Z</time>
        <hdop>7.7</hdop>
        <extensions>
          <osmand:speed>1.1</osmand:speed>
        </extensions>
      </trkpt>
      <trkpt lat="46.92177" lon="9.3080008">
        <ele>1671.5</ele>
        <time>2026-06-13T07:35:33Z</time>
        <hdop>7.1</hdop>
        <extensions>
          <osmand:speed>0.8</osmand:speed>
        </extensions>
      </trkpt>
      <trkpt lat="46.9217326" lon="9.307956">
        <ele>1672.5</ele>
        <time>2026-06-13T07:35:39Z</time>
        <hdop>6.6</hdop>
        <extensions>
          <osmand:speed>0.8</osmand:speed>
        </extensions>
      </trkpt>
      <trkpt lat="46.9217075" lon="9.3078844">
        <ele>1671.5</ele>
        <time>2026-06-13T07:35:45Z</time>
        <hdop>8.7</hdop>
        <extensions>
          <osmand:speed>1</osmand:speed>
        </extensions>
      </trkpt>
      <trkpt lat="46.9216957" lon="9.3077941">
        <ele>1673.5</ele>
        <time>2026-06-13T07:35:51Z</time>
        <hdop>9.2</hdop>
        <extensions>
          <osmand:speed>0.6</osmand:speed>
        </extensions>
      </trkpt>
      <trkpt lat="46.9216837" lon="9.3077173">
        <ele>1674.5</ele>
        <time>2026-06-13T07:35:57Z</time>
        <hdop>7.1</hdop>
        <extensions>
          <osmand:speed>0.9</osmand:speed>
        </extensions>
      </trkpt>
      <trkpt lat="46.9216417" lon="9.3076434">
        <ele>1674.5</ele>
        <time>2026-06-13T07:36:03Z</time>
        <hdop>8.7</hdop>
        <extensions>
          <osmand:speed>1.4</osmand:speed>
        </extensions>
      </trkpt>
      <trkpt lat="46.9216109" lon="9.3075923">
        <ele>1674.5</ele>
        <time>2026-06-13T07:36:09Z</time>
        <hdop>7.1</hdop>
        <extensions>
          <osmand:speed>0.7</osmand:speed>
        </extensions>
      </trkpt>
      <trkpt lat="46.9215815" lon="9.3075483">
        <ele>1675.5</ele>
        <time>2026-06-13T07:36:15Z</time>
        <hdop>7.7</hdop>
        <extensions>
          <osmand:speed>0.8</osmand:speed>
        </extensions>
      </trkpt>
      <trkpt lat="46.9215527" lon="9.3074808">
        <ele>1676.5</ele>
        <time>2026-06-13T07:36:21Z</time>
        <hdop>7.1</hdop>
        <extensions>
          <osmand:speed>0.9</osmand:speed>
        </extensions>
      </trkpt>
      <trkpt lat="46.9215312" lon="9.3074035">
        <ele>1678.5</ele>
        <time>2026-06-13T07:36:27Z</time>
        <hdop>7.1</hdop>
        <extensions>
          <osmand:speed>0.7</osmand:speed>
        </extensions>
      </trkpt>
      <trkpt lat="46.9215166" lon="9.3073488">
        <ele>1679.5</ele>
        <time>2026-06-13T07:36:33Z</time>
        <hdop>8.7</hdop>
        <extensions>
          <osmand:speed>0.8</osmand:speed>
        </extensions>
      </trkpt>
      <trkpt lat="46.9214897" lon="9.3072844">
        <ele>1679.5</ele>
        <time>2026-06-13T07:36:39Z</time>
        <hdop>8.7</hdop>
        <extensions>
          <osmand:speed>0.6</osmand:speed>
        </extensions>
      </trkpt>
      <trkpt lat="46.921475" lon="9.3072304">
        <ele>1679.5</ele>
        <time>2026-06-13T07:36:45Z</time>
        <hdop>7.7</hdop>
        <extensions>
          <osmand:speed>0.8</osmand:speed>
        </extensions>
      </trkpt>
      <trkpt lat="46.9214581" lon="9.3072139">
        <ele>1682.5</ele>
        <time>2026-06-13T07:36:51Z</time>
        <hdop>5.6</hdop>
        <extensions>
          <osmand:speed>0.5</osmand:speed>
        </extensions>
      </trkpt>
      <trkpt lat="46.9214389" lon="9.3072136">
        <ele>1684.5</ele>
        <time>2026-06-13T07:36:58Z</time>
        <hdop>5.6</hdop>
        <extensions>
          <osmand:speed>0.3</osmand:speed>
        </extensions>
      </trkpt>
      <trkpt lat="46.9214302" lon="9.3071813">
        <ele>1683.5</ele>
        <time>2026-06-13T07:37:11Z</time>
        <hdop>7.1</hdop>
        <extensions>
          <osmand:speed>1.2</osmand:speed>
        </extensions>
      </trkpt>
      <trkpt lat="46.9213928" lon="9.3071209">
        <ele>1684.5</ele>
        <time>2026-06-13T07:37:17Z</time>
        <hdop>7.7</hdop>
        <extensions>
          <osmand:speed>0.9</osmand:speed>
        </extensions>
      </trkpt>
      <trkpt lat="46.9213645" lon="9.3070479">
        <ele>1684.5</ele>
        <time>2026-06-13T07:37:23Z</time>
        <hdop>8.7</hdop>
        <extensions>
          <osmand:speed>0.9</osmand:speed>
        </extensions>
      </trkpt>
      <trkpt lat="46.9213477" lon="9.3069902">
        <ele>1683.5</ele>
        <time>2026-06-13T07:37:29Z</time>
        <hdop>9.2</hdop>
        <extensions>
          <osmand:speed>1.1</osmand:speed>
        </extensions>
      </trkpt>
      <trkpt lat="46.9213312" lon="9.3069277">
        <ele>1684.5</ele>
        <time>2026-06-13T07:37:35Z</time>
        <hdop>7.7</hdop>
        <extensions>
          <osmand:speed>0.9</osmand:speed>
        </extensions>
      </trkpt>
      <trkpt lat="46.9212917" lon="9.306846">
        <ele>1686.5</ele>
        <time>2026-06-13T07:37:41Z</time>
        <hdop>7.7</hdop>
        <extensions>
          <osmand:speed>1.2</osmand:speed>
        </extensions>
      </trkpt>
      <trkpt lat="46.9212805" lon="9.306792">
        <ele>1687.5</ele>
        <time>2026-06-13T07:37:47Z</time>
        <hdop>7.7</hdop>
        <extensions>
          <osmand:speed>0.7</osmand:speed>
        </extensions>
      </trkpt>
      <trkpt lat="46.92125" lon="9.3067504">
        <ele>1688.5</ele>
        <time>2026-06-13T07:37:53Z</time>
        <hdop>8.2</hdop>
        <extensions>
          <osmand:speed>0.8</osmand:speed>
        </extensions>
      </trkpt>
      <trkpt lat="46.9212185" lon="9.3066863">
        <ele>1690.5</ele>
        <time>2026-06-13T07:37:59Z</time>
        <hdop>6.6</hdop>
        <extensions>
          <osmand:speed>0.9</osmand:speed>
        </extensions>
      </trkpt>
      <trkpt lat="46.9211936" lon="9.3066433">
        <ele>1690.5</ele>
        <time>2026-06-13T07:38:05Z</time>
        <hdop>7.1</hdop>
        <extensions>
          <osmand:speed>0.9</osmand:speed>
        </extensions>
      </trkpt>
      <trkpt lat="46.9211527" lon="9.3065903">
        <ele>1691.5</ele>
        <time>2026-06-13T07:38:11Z</time>
        <hdop>7.7</hdop>
        <extensions>
          <osmand:speed>0.9</osmand:speed>
        </extensions>
      </trkpt>
      <trkpt lat="46.921109" lon="9.3065307">
        <ele>1692.5</ele>
        <time>2026-06-13T07:38:17Z</time>
        <hdop>8.7</hdop>
        <extensions>
          <osmand:speed>0.8</osmand:speed>
        </extensions>
      </trkpt>
      <trkpt lat="46.9210773" lon="9.3065029">
        <ele>1691.5</ele>
        <time>2026-06-13T07:38:23Z</time>
        <hdop>7.1</hdop>
        <extensions>
          <osmand:speed>0.7</osmand:speed>
        </extensions>
      </trkpt>
      <trkpt lat="46.9210343" lon="9.3064545">
        <ele>1693.5</ele>
        <time>2026-06-13T07:38:29Z</time>
        <hdop>9.7</hdop>
        <extensions>
          <osmand:speed>1.1</osmand:speed>
        </extensions>
      </trkpt>
      <trkpt lat="46.9210213" lon="9.3063877">
        <ele>1692.5</ele>
        <time>2026-06-13T07:38:35Z</time>
        <hdop>8.2</hdop>
        <extensions>
          <osmand:speed>0.8</osmand:speed>
        </extensions>
      </trkpt>
      <trkpt lat="46.9210106" lon="9.3063196">
        <ele>1692.5</ele>
        <time>2026-06-13T07:38:41Z</time>
        <hdop>10.7</hdop>
        <extensions>
          <osmand:speed>0.8</osmand:speed>
        </extensions>
      </trkpt>
      <trkpt lat="46.9210047" lon="9.3062601">
        <ele>1693.5</ele>
        <time>2026-06-13T07:38:47Z</time>
        <hdop>9.7</hdop>
        <extensions>
          <osmand:speed>0.6</osmand:speed>
        </extensions>
      </trkpt>
      <trkpt lat="46.9209926" lon="9.3062235">
        <ele>1694.5</ele>
        <time>2026-06-13T07:38:53Z</time>
        <hdop>8.7</hdop>
        <extensions>
          <osmand:speed>0.3</osmand:speed>
        </extensions>
      </trkpt>
      <trkpt lat="46.9209659" lon="9.3062196">
        <ele>1695.5</ele>
        <time>2026-06-13T07:38:59Z</time>
        <hdop>8.7</hdop>
        <extensions>
          <osmand:speed>0.5</osmand:speed>
        </extensions>
      </trkpt>
      <trkpt lat="46.9209462" lon="9.3062033">
        <ele>1697.5</ele>
        <time>2026-06-13T07:39:15Z</time>
        <hdop>12.2</hdop>
        <extensions>
          <osmand:speed>0.3</osmand:speed>
        </extensions>
      </trkpt>
      <trkpt lat="46.9209223" lon="9.3061922">
        <ele>1697.5</ele>
        <time>2026-06-13T07:39:32Z</time>
        <hdop>12.8</hdop>
        <extensions>
          <osmand:speed>0.1</osmand:speed>
        </extensions>
      </trkpt>
      <trkpt lat="46.9209055" lon="9.3061809">
        <ele>1697.5</ele>
        <time>2026-06-13T07:39:40Z</time>
        <hdop>13.3</hdop>
        <extensions>
          <osmand:speed>0.1</osmand:speed>
        </extensions>
      </trkpt>
      <trkpt lat="46.9209237" lon="9.3062">
        <ele>1696.5</ele>
        <time>2026-06-13T07:39:54Z</time>
        <hdop>11.7</hdop>
      </trkpt>
      <trkpt lat="46.9209022" lon="9.306204">
        <ele>1697.5</ele>
        <time>2026-06-13T07:40:41Z</time>
        <hdop>14.3</hdop>
        <extensions>
          <osmand:speed>0.1</osmand:speed>
        </extensions>
      </trkpt>
      <trkpt lat="46.9208819" lon="9.3062053">
        <ele>1697.5</ele>
        <time>2026-06-13T07:40:47Z</time>
        <hdop>7.7</hdop>
        <extensions>
          <osmand:speed>1.6</osmand:speed>
        </extensions>
      </trkpt>
      <trkpt lat="46.9208689" lon="9.3061662">
        <ele>1696.5</ele>
        <time>2026-06-13T07:40:53Z</time>
        <hdop>5.6</hdop>
      </trkpt>
      <trkpt lat="46.920892" lon="9.3061766">
        <ele>1697.5</ele>
        <time>2026-06-13T07:40:59Z</time>
        <hdop>5.1</hdop>
      </trkpt>
      <trkpt lat="46.9209002" lon="9.3062009">
        <ele>1697.5</ele>
        <time>2026-06-13T07:41:09Z</time>
        <hdop>5.6</hdop>
        <extensions>
          <osmand:speed>0.7</osmand:speed>
        </extensions>
      </trkpt>
      <trkpt lat="46.92092" lon="9.3062112">
        <ele>1701.5</ele>
        <time>2026-06-13T07:41:32Z</time>
        <hdop>5.6</hdop>
        <extensions>
          <osmand:speed>0.3</osmand:speed>
        </extensions>
      </trkpt>
      <trkpt lat="46.9209447" lon="9.306174">
        <ele>1701.5</ele>
        <time>2026-06-13T07:41:38Z</time>
        <hdop>9.2</hdop>
        <extensions>
          <osmand:speed>0</osmand:speed>
        </extensions>
      </trkpt>
      <trkpt lat="46.9209288" lon="9.3061978">
        <ele>1699.5</ele>
        <time>2026-06-13T07:43:11Z</time>
        <hdop>9.2</hdop>
        <extensions>
          <osmand:speed>0.9</osmand:speed>
        </extensions>
      </trkpt>
      <trkpt lat="46.9209117" lon="9.3062064">
        <ele>1697.5</ele>
        <time>2026-06-13T07:45:41Z</time>
        <hdop>10.2</hdop>
        <extensions>
          <osmand:speed>0</osmand:speed>
        </extensions>
      </trkpt>
      <trkpt lat="46.9209032" lon="9.3062314">
        <ele>1697.5</ele>
        <time>2026-06-13T07:46:01Z</time>
        <hdop>11.7</hdop>
        <extensions>
          <osmand:speed>0.2</osmand:speed>
        </extensions>
      </trkpt>
      <trkpt lat="46.920922" lon="9.3062263">
        <ele>1700.5</ele>
        <time>2026-06-13T07:46:26Z</time>
        <hdop>7.1</hdop>
        <extensions>
          <osmand:speed>0.3</osmand:speed>
        </extensions>
      </trkpt>
      <trkpt lat="46.9209352" lon="9.3062082">
        <ele>1700.5</ele>
        <time>2026-06-13T07:46:35Z</time>
        <hdop>10.2</hdop>
        <extensions>
          <osmand:speed>0.1</osmand:speed>
        </extensions>
      </trkpt>
      <trkpt lat="46.9209554" lon="9.3061957">
        <ele>1699.5</ele>
        <time>2026-06-13T07:46:44Z</time>
        <hdop>10.2</hdop>
        <extensions>
          <osmand:speed>0.1</osmand:speed>
        </extensions>
      </trkpt>
      <trkpt lat="46.9209741" lon="9.306174">
        <ele>1701.5</ele>
        <time>2026-06-13T07:46:50Z</time>
        <hdop>10.2</hdop>
        <extensions>
          <osmand:speed>0.8</osmand:speed>
        </extensions>
      </trkpt>
      <trkpt lat="46.9209566" lon="9.3061626">
        <ele>1701.5</ele>
        <time>2026-06-13T07:47:45Z</time>
        <hdop>9.2</hdop>
        <extensions>
          <osmand:speed>0.1</osmand:speed>
        </extensions>
      </trkpt>
      <trkpt lat="46.9209753" lon="9.3061687">
        <ele>1700.5</ele>
        <time>2026-06-13T07:48:10Z</time>
        <hdop>7.1</hdop>
        <extensions>
          <osmand:speed>0.7</osmand:speed>
        </extensions>
      </trkpt>
      <trkpt lat="46.9209596" lon="9.3061528">
        <ele>1699.5</ele>
        <time>2026-06-13T07:48:16Z</time>
        <hdop>7.7</hdop>
        <extensions>
          <osmand:speed>0.5</osmand:speed>
        </extensions>
      </trkpt>
      <trkpt lat="46.9209463" lon="9.306129">
        <ele>1698.5</ele>
        <time>2026-06-13T07:48:22Z</time>
        <hdop>8.7</hdop>
        <extensions>
          <osmand:speed>0.9</osmand:speed>
        </extensions>
      </trkpt>
      <trkpt lat="46.9209261" lon="9.3060642">
        <ele>1698.5</ele>
        <time>2026-06-13T07:48:28Z</time>
        <hdop>8.7</hdop>
        <extensions>
          <osmand:speed>1.1</osmand:speed>
        </extensions>
      </trkpt>
      <trkpt lat="46.9208947" lon="9.3060255">
        <ele>1698.5</ele>
        <time>2026-06-13T07:48:34Z</time>
        <hdop>9.2</hdop>
        <extensions>
          <osmand:speed>0.7</osmand:speed>
        </extensions>
      </trkpt>
      <trkpt lat="46.9208697" lon="9.3059843">
        <ele>1699.5</ele>
        <time>2026-06-13T07:48:40Z</time>
        <hdop>9.2</hdop>
        <extensions>
          <osmand:speed>0.7</osmand:speed>
        </extensions>
      </trkpt>
      <trkpt lat="46.9208496" lon="9.3059005">
        <ele>1698.5</ele>
        <time>2026-06-13T07:48:46Z</time>
        <hdop>8.2</hdop>
        <extensions>
          <osmand:speed>0.6</osmand:speed>
        </extensions>
      </trkpt>
      <trkpt lat="46.9208248" lon="9.305825">
        <ele>1698.5</ele>
        <time>2026-06-13T07:48:52Z</time>
        <hdop>9.7</hdop>
        <extensions>
          <osmand:speed>0.9</osmand:speed>
        </extensions>
      </trkpt>
      <trkpt lat="46.920815" lon="9.3057458">
        <ele>1699.5</ele>
        <time>2026-06-13T07:48:58Z</time>
        <hdop>8.2</hdop>
        <extensions>
          <osmand:speed>0.6</osmand:speed>
        </extensions>
      </trkpt>
      <trkpt lat="46.9207789" lon="9.305706">
        <ele>1700.5</ele>
        <time>2026-06-13T07:49:04Z</time>
        <hdop>8.7</hdop>
        <extensions>
          <osmand:speed>0.6</osmand:speed>
        </extensions>
      </trkpt>
      <trkpt lat="46.9207616" lon="9.3056493">
        <ele>1702.5</ele>
        <time>2026-06-13T07:49:10Z</time>
        <hdop>9.2</hdop>
        <extensions>
          <osmand:speed>0.7</osmand:speed>
        </extensions>
      </trkpt>
      <trkpt lat="46.920762" lon="9.3056101">
        <ele>1703.5</ele>
        <time>2026-06-13T07:49:18Z</time>
        <hdop>9.2</hdop>
        <extensions>
          <osmand:speed>0.8</osmand:speed>
        </extensions>
      </trkpt>
      <trkpt lat="46.9207481" lon="9.3055414">
        <ele>1703.5</ele>
        <time>2026-06-13T07:49:24Z</time>
        <hdop>12.2</hdop>
        <extensions>
          <osmand:speed>0.9</osmand:speed>
        </extensions>
      </trkpt>
      <trkpt lat="46.9207275" lon="9.3054796">
        <ele>1704.5</ele>
        <time>2026-06-13T07:49:30Z</time>
        <hdop>9.2</hdop>
        <extensions>
          <osmand:speed>0.8</osmand:speed>
        </extensions>
      </trkpt>
      <trkpt lat="46.9206967" lon="9.3054227">
        <ele>1704.5</ele>
        <time>2026-06-13T07:49:36Z</time>
        <hdop>9.2</hdop>
        <extensions>
          <osmand:speed>1.1</osmand:speed>
        </extensions>
      </trkpt>
      <trkpt lat="46.9206677" lon="9.305354">
        <ele>1705.5</ele>
        <time>2026-06-13T07:49:42Z</time>
        <hdop>10.7</hdop>
        <extensions>
          <osmand:speed>0.9</osmand:speed>
        </extensions>
      </trkpt>
      <trkpt lat="46.9206339" lon="9.3053199">
        <ele>1705.5</ele>
        <time>2026-06-13T07:49:48Z</time>
        <hdop>10.7</hdop>
        <extensions>
          <osmand:speed>0.7</osmand:speed>
        </extensions>
      </trkpt>
      <trkpt lat="46.9206088" lon="9.3052461">
        <ele>1705.5</ele>
        <time>2026-06-13T07:49:54Z</time>
        <hdop>10.2</hdop>
        <extensions>
          <osmand:speed>1</osmand:speed>
        </extensions>
      </trkpt>
      <trkpt lat="46.9205957" lon="9.3051751">
        <ele>1705.5</ele>
        <time>2026-06-13T07:50:00Z</time>
        <hdop>11.7</hdop>
        <extensions>
          <osmand:speed>0.6</osmand:speed>
        </extensions>
      </trkpt>
      <trkpt lat="46.9205699" lon="9.3051433">
        <ele>1705.5</ele>
        <time>2026-06-13T07:50:06Z</time>
        <hdop>9.7</hdop>
        <extensions>
          <osmand:speed>0.8</osmand:speed>
        </extensions>
      </trkpt>
      <trkpt lat="46.9205649" lon="9.3050849">
        <ele>1706.5</ele>
        <time>2026-06-13T07:50:12Z</time>
        <hdop>9.7</hdop>
        <extensions>
          <osmand:speed>0.6</osmand:speed>
        </extensions>
      </trkpt>
      <trkpt lat="46.9205653" lon="9.3050359">
        <ele>1708.5</ele>
        <time>2026-06-13T07:50:18Z</time>
        <hdop>9.2</hdop>
        <extensions>
          <osmand:speed>0.9</osmand:speed>
        </extensions>
      </trkpt>
      <trkpt lat="46.9205681" lon="9.3049616">
        <ele>1707.5</ele>
        <time>2026-06-13T07:50:24Z</time>
        <hdop>11.2</hdop>
        <extensions>
          <osmand:speed>0.7</osmand:speed>
        </extensions>
      </trkpt>
      <trkpt lat="46.9205616" lon="9.3049031">
        <ele>1708.5</ele>
        <time>2026-06-13T07:50:30Z</time>
        <hdop>9.2</hdop>
        <extensions>
          <osmand:speed>0.7</osmand:speed>
        </extensions>
      </trkpt>
      <trkpt lat="46.9205228" lon="9.3048437">
        <ele>1708.5</ele>
        <time>2026-06-13T07:50:36Z</time>
        <hdop>9.2</hdop>
        <extensions>
          <osmand:speed>1</osmand:speed>
        </extensions>
      </trkpt>
      <trkpt lat="46.9204979" lon="9.3047874">
        <ele>1709.5</ele>
        <time>2026-06-13T07:50:42Z</time>
        <hdop>9.2</hdop>
        <extensions>
          <osmand:speed>0.6</osmand:speed>
        </extensions>
      </trkpt>
      <trkpt lat="46.9204705" lon="9.3047122">
        <ele>1712.5</ele>
        <time>2026-06-13T07:50:48Z</time>
        <hdop>10.2</hdop>
        <extensions>
          <osmand:speed>1</osmand:speed>
        </extensions>
      </trkpt>
      <trkpt lat="46.9204469" lon="9.3046492">
        <ele>1713.5</ele>
        <time>2026-06-13T07:50:54Z</time>
        <hdop>8.2</hdop>
        <extensions>
          <osmand:speed>0.9</osmand:speed>
        </extensions>
      </trkpt>
      <trkpt lat="46.9204251" lon="9.3046253">
        <ele>1715.5</ele>
        <time>2026-06-13T07:51:00Z</time>
        <hdop>9.7</hdop>
        <extensions>
          <osmand:speed>0.7</osmand:speed>
        </extensions>
      </trkpt>
      <trkpt lat="46.9204125" lon="9.3045611">
        <ele>1717.5</ele>
        <time>2026-06-13T07:51:06Z</time>
        <hdop>9.7</hdop>
        <extensions>
          <osmand:speed>0.8</osmand:speed>
        </extensions>
      </trkpt>
      <trkpt lat="46.9203814" lon="9.3045066">
        <ele>1718.5</ele>
        <time>2026-06-13T07:51:12Z</time>
        <hdop>7.7</hdop>
        <extensions>
          <osmand:speed>0.7</osmand:speed>
        </extensions>
      </trkpt>
      <trkpt lat="46.9203726" lon="9.304478">
        <ele>1720.5</ele>
        <time>2026-06-13T07:51:18Z</time>
        <hdop>4.6</hdop>
      </trkpt>
      <trkpt lat="46.920351" lon="9.3044627">
        <ele>1720.5</ele>
        <time>2026-06-13T07:51:36Z</time>
        <hdop>7.1</hdop>
        <extensions>
          <osmand:speed>0.7</osmand:speed>
        </extensions>
      </trkpt>
      <trkpt lat="46.9203247" lon="9.3044205">
        <ele>1721.5</ele>
        <time>2026-06-13T07:51:42Z</time>
        <hdop>7.7</hdop>
        <extensions>
          <osmand:speed>0.8</osmand:speed>
        </extensions>
      </trkpt>
      <trkpt lat="46.9202918" lon="9.3043654">
        <ele>1722.5</ele>
        <time>2026-06-13T07:51:48Z</time>
        <hdop>8.2</hdop>
        <extensions>
          <osmand:speed>0.6</osmand:speed>
        </extensions>
      </trkpt>
      <trkpt lat="46.9202638" lon="9.3043388">
        <ele>1723.5</ele>
        <time>2026-06-13T07:51:54Z</time>
        <hdop>8.2</hdop>
        <extensions>
          <osmand:speed>1</osmand:speed>
        </extensions>
      </trkpt>
      <trkpt lat="46.9202421" lon="9.3042776">
        <ele>1723.5</ele>
        <time>2026-06-13T07:52:00Z</time>
        <hdop>9.7</hdop>
        <extensions>
          <osmand:speed>1</osmand:speed>
        </extensions>
      </trkpt>
      <trkpt lat="46.9202392" lon="9.3042171">
        <ele>1724.5</ele>
        <time>2026-06-13T07:52:06Z</time>
        <hdop>10.2</hdop>
        <extensions>
          <osmand:speed>0.7</osmand:speed>
        </extensions>
      </trkpt>
      <trkpt lat="46.9202343" lon="9.3041556">
        <ele>1724.5</ele>
        <time>2026-06-13T07:52:12Z</time>
        <hdop>8.7</hdop>
        <extensions>
          <osmand:speed>0.8</osmand:speed>
        </extensions>
      </trkpt>
      <trkpt lat="46.9202242" lon="9.304073">
        <ele>1725.5</ele>
        <time>2026-06-13T07:52:18Z</time>
        <hdop>7.7</hdop>
        <extensions>
          <osmand:speed>0.8</osmand:speed>
        </extensions>
      </trkpt>
      <trkpt lat="46.9202017" lon="9.3040108">
        <ele>1726.5</ele>
        <time>2026-06-13T07:52:24Z</time>
        <hdop>9.2</hdop>
        <extensions>
          <osmand:speed>1</osmand:speed>
        </extensions>
      </trkpt>
      <trkpt lat="46.9201661" lon="9.3039465">
        <ele>1726.5</ele>
        <time>2026-06-13T07:52:30Z</time>
        <hdop>9.7</hdop>
        <extensions>
          <osmand:speed>0.6</osmand:speed>
        </extensions>
      </trkpt>
      <trkpt lat="46.9201318" lon="9.3038998">
        <ele>1726.5</ele>
        <time>2026-06-13T07:52:36Z</time>
        <hdop>8.2</hdop>
        <extensions>
          <osmand:speed>0.8</osmand:speed>
        </extensions>
      </trkpt>
      <trkpt lat="46.9200939" lon="9.303835">
        <ele>1727.5</ele>
        <time>2026-06-13T07:52:42Z</time>
        <hdop>9.7</hdop>
        <extensions>
          <osmand:speed>0.9</osmand:speed>
        </extensions>
      </trkpt>
      <trkpt lat="46.9200694" lon="9.3037851">
        <ele>1728.5</ele>
        <time>2026-06-13T07:52:48Z</time>
        <hdop>10.2</hdop>
        <extensions>
          <osmand:speed>0.3</osmand:speed>
        </extensions>
      </trkpt>
      <trkpt lat="46.9200897" lon="9.3037146">
        <ele>1730.5</ele>
        <time>2026-06-13T07:52:54Z</time>
        <hdop>9.7</hdop>
        <extensions>
          <osmand:speed>0.8</osmand:speed>
        </extensions>
      </trkpt>
      <trkpt lat="46.9200856" lon="9.3036494">
        <ele>1731.5</ele>
        <time>2026-06-13T07:53:00Z</time>
        <hdop>9.7</hdop>
        <extensions>
          <osmand:speed>0.7</osmand:speed>
        </extensions>
      </trkpt>
      <trkpt lat="46.9200513" lon="9.3036101">
        <ele>1731.5</ele>
        <time>2026-06-13T07:53:06Z</time>
        <hdop>9.7</hdop>
        <extensions>
          <osmand:speed>0.7</osmand:speed>
        </extensions>
      </trkpt>
      <trkpt lat="46.920007" lon="9.3035692">
        <ele>1731.5</ele>
        <time>2026-06-13T07:53:12Z</time>
        <hdop>9.7</hdop>
        <extensions>
          <osmand:speed>0.8</osmand:speed>
        </extensions>
      </trkpt>
      <trkpt lat="46.9199623" lon="9.3035337">
        <ele>1731.5</ele>
        <time>2026-06-13T07:53:18Z</time>
        <hdop>10.2</hdop>
        <extensions>
          <osmand:speed>0.6</osmand:speed>
        </extensions>
      </trkpt>
      <trkpt lat="46.9199582" lon="9.3034749">
        <ele>1733.5</ele>
        <time>2026-06-13T07:53:24Z</time>
        <hdop>10.2</hdop>
        <extensions>
          <osmand:speed>0.8</osmand:speed>
        </extensions>
      </trkpt>
      <trkpt lat="46.9199196" lon="9.3034212">
        <ele>1734.5</ele>
        <time>2026-06-13T07:53:30Z</time>
        <hdop>9.7</hdop>
        <extensions>
          <osmand:speed>0.8</osmand:speed>
        </extensions>
      </trkpt>
      <trkpt lat="46.9198846" lon="9.3033749">
        <ele>1734.5</ele>
        <time>2026-06-13T07:53:36Z</time>
        <hdop>10.2</hdop>
        <extensions>
          <osmand:speed>0.9</osmand:speed>
        </extensions>
      </trkpt>
      <trkpt lat="46.9198725" lon="9.3032946">
        <ele>1736.5</ele>
        <time>2026-06-13T07:53:42Z</time>
        <hdop>8.7</hdop>
        <extensions>
          <osmand:speed>0.8</osmand:speed>
        </extensions>
      </trkpt>
      <trkpt lat="46.919856" lon="9.3032451">
        <ele>1737.5</ele>
        <time>2026-06-13T07:53:48Z</time>
        <hdop>9.7</hdop>
        <extensions>
          <osmand:speed>0.9</osmand:speed>
        </extensions>
      </trkpt>
      <trkpt lat="46.9198099" lon="9.3032014">
        <ele>1737.5</ele>
        <time>2026-06-13T07:53:54Z</time>
        <hdop>9.7</hdop>
        <extensions>
          <osmand:speed>0.8</osmand:speed>
        </extensions>
      </trkpt>
      <trkpt lat="46.9197729" lon="9.3031684">
        <ele>1738.5</ele>
        <time>2026-06-13T07:54:00Z</time>
        <hdop>9.2</hdop>
        <extensions>
          <osmand:speed>0.9</osmand:speed>
        </extensions>
      </trkpt>
      <trkpt lat="46.9197382" lon="9.3031256">
        <ele>1739.5</ele>
        <time>2026-06-13T07:54:06Z</time>
        <hdop>8.2</hdop>
        <extensions>
          <osmand:speed>0.7</osmand:speed>
        </extensions>
      </trkpt>
      <trkpt lat="46.9197184" lon="9.3030651">
        <ele>1740.5</ele>
        <time>2026-06-13T07:54:12Z</time>
        <hdop>7.7</hdop>
        <extensions>
          <osmand:speed>0.9</osmand:speed>
        </extensions>
      </trkpt>
      <trkpt lat="46.9196893" lon="9.3029967">
        <ele>1741.5</ele>
        <time>2026-06-13T07:54:18Z</time>
        <hdop>10.2</hdop>
        <extensions>
          <osmand:speed>0.7</osmand:speed>
        </extensions>
      </trkpt>
      <trkpt lat="46.9196801" lon="9.3029601">
        <ele>1741.5</ele>
        <time>2026-06-13T07:54:24Z</time>
        <hdop>8.2</hdop>
        <extensions>
          <osmand:speed>1.1</osmand:speed>
        </extensions>
      </trkpt>
      <trkpt lat="46.9196402" lon="9.3028936">
        <ele>1742.5</ele>
        <time>2026-06-13T07:54:30Z</time>
        <hdop>9.2</hdop>
        <extensions>
          <osmand:speed>0.7</osmand:speed>
        </extensions>
      </trkpt>
      <trkpt lat="46.9196207" lon="9.3028452">
        <ele>1743.5</ele>
        <time>2026-06-13T07:54:36Z</time>
        <hdop>8.2</hdop>
        <extensions>
          <osmand:speed>0.6</osmand:speed>
        </extensions>
      </trkpt>
      <trkpt lat="46.9196129" lon="9.3028014">
        <ele>1743.5</ele>
        <time>2026-06-13T07:54:42Z</time>
        <hdop>7.7</hdop>
        <extensions>
          <osmand:speed>0.6</osmand:speed>
        </extensions>
      </trkpt>
      <trkpt lat="46.9195873" lon="9.3027432">
        <ele>1744.5</ele>
        <time>2026-06-13T07:54:48Z</time>
        <hdop>9.7</hdop>
        <extensions>
          <osmand:speed>0.8</osmand:speed>
        </extensions>
      </trkpt>
      <trkpt lat="46.9195627" lon="9.3026741">
        <ele>1745.5</ele>
        <time>2026-06-13T07:54:54Z</time>
        <hdop>9.7</hdop>
        <extensions>
          <osmand:speed>0.3</osmand:speed>
        </extensions>
      </trkpt>
      <trkpt lat="46.9195311" lon="9.3026309">
        <ele>1746.5</ele>
        <time>2026-06-13T07:55:00Z</time>
        <hdop>9.7</hdop>
        <extensions>
          <osmand:speed>0.8</osmand:speed>
        </extensions>
      </trkpt>
      <trkpt lat="46.9194933" lon="9.3025748">
        <ele>1747.5</ele>
        <time>2026-06-13T07:55:06Z</time>
        <hdop>9.7</hdop>
        <extensions>
          <osmand:speed>0.9</osmand:speed>
        </extensions>
      </trkpt>
      <trkpt lat="46.9194715" lon="9.3024982">
        <ele>1750.5</ele>
        <time>2026-06-13T07:55:12Z</time>
        <hdop>8.2</hdop>
        <extensions>
          <osmand:speed>0.8</osmand:speed>
        </extensions>
      </trkpt>
      <trkpt lat="46.9194585" lon="9.3024313">
        <ele>1751.5</ele>
        <time>2026-06-13T07:55:18Z</time>
        <hdop>7.7</hdop>
        <extensions>
          <osmand:speed>0.6</osmand:speed>
        </extensions>
      </trkpt>
      <trkpt lat="46.9194466" lon="9.3023651">
        <ele>1752.5</ele>
        <time>2026-06-13T07:55:24Z</time>
        <hdop>7.7</hdop>
        <extensions>
          <osmand:speed>0.8</osmand:speed>
        </extensions>
      </trkpt>
      <trkpt lat="46.9194559" lon="9.3023018">
        <ele>1753.5</ele>
        <time>2026-06-13T07:55:30Z</time>
        <hdop>7.1</hdop>
        <extensions>
          <osmand:speed>0.6</osmand:speed>
        </extensions>
      </trkpt>
      <trkpt lat="46.9194591" lon="9.3022481">
        <ele>1753.5</ele>
        <time>2026-06-13T07:55:36Z</time>
        <hdop>7.7</hdop>
        <extensions>
          <osmand:speed>1.1</osmand:speed>
        </extensions>
      </trkpt>
      <trkpt lat="46.9194495" lon="9.3021734">
        <ele>1753.5</ele>
        <time>2026-06-13T07:55:42Z</time>
        <hdop>8.2</hdop>
        <extensions>
          <osmand:speed>1.2</osmand:speed>
        </extensions>
      </trkpt>
      <trkpt lat="46.9194504" lon="9.3021023">
        <ele>1754.5</ele>
        <time>2026-06-13T07:55:48Z</time>
        <hdop>9.2</hdop>
        <extensions>
          <osmand:speed>0.8</osmand:speed>
        </extensions>
      </trkpt>
      <trkpt lat="46.9194506" lon="9.3020607">
        <ele>1755.5</ele>
        <time>2026-06-13T07:55:54Z</time>
        <hdop>8.7</hdop>
        <extensions>
          <osmand:speed>0.3</osmand:speed>
        </extensions>
      </trkpt>
      <trkpt lat="46.9194485" lon="9.3020016">
        <ele>1755.5</ele>
        <time>2026-06-13T07:56:00Z</time>
        <hdop>8.7</hdop>
        <extensions>
          <osmand:speed>0.9</osmand:speed>
        </extensions>
      </trkpt>
      <trkpt lat="46.9194501" lon="9.3019305">
        <ele>1755.5</ele>
        <time>2026-06-13T07:56:06Z</time>
        <hdop>8.7</hdop>
        <extensions>
          <osmand:speed>0.7</osmand:speed>
        </extensions>
      </trkpt>
      <trkpt lat="46.9194429" lon="9.3018636">
        <ele>1757.5</ele>
        <time>2026-06-13T07:56:12Z</time>
        <hdop>7.7</hdop>
        <extensions>
          <osmand:speed>0.9</osmand:speed>
        </extensions>
      </trkpt>
      <trkpt lat="46.9194416" lon="9.3017842">
        <ele>1759.5</ele>
        <time>2026-06-13T07:56:18Z</time>
        <hdop>8.7</hdop>
        <extensions>
          <osmand:speed>0.9</osmand:speed>
        </extensions>
      </trkpt>
      <trkpt lat="46.9194634" lon="9.3017409">
        <ele>1760.5</ele>
        <time>2026-06-13T07:56:24Z</time>
        <hdop>8.7</hdop>
        <extensions>
          <osmand:speed>1</osmand:speed>
        </extensions>
      </trkpt>
      <trkpt lat="46.919471" lon="9.3016598">
        <ele>1761.5</ele>
        <time>2026-06-13T07:56:30Z</time>
        <hdop>8.7</hdop>
        <extensions>
          <osmand:speed>1</osmand:speed>
        </extensions>
      </trkpt>
      <trkpt lat="46.9194811" lon="9.3015927">
        <ele>1762.5</ele>
        <time>2026-06-13T07:56:36Z</time>
        <hdop>8.7</hdop>
        <extensions>
          <osmand:speed>0.9</osmand:speed>
        </extensions>
      </trkpt>
      <trkpt lat="46.9194822" lon="9.3015202">
        <ele>1764.5</ele>
        <time>2026-06-13T07:56:42Z</time>
        <hdop>8.2</hdop>
        <extensions>
          <osmand:speed>1</osmand:speed>
        </extensions>
      </trkpt>
      <trkpt lat="46.9194782" lon="9.3014377">
        <ele>1764.5</ele>
        <time>2026-06-13T07:56:48Z</time>
        <hdop>8.7</hdop>
        <extensions>
          <osmand:speed>0.8</osmand:speed>
        </extensions>
      </trkpt>
      <trkpt lat="46.9194574" lon="9.3013971">
        <ele>1764.5</ele>
        <time>2026-06-13T07:56:54Z</time>
        <hdop>9.7</hdop>
        <extensions>
          <osmand:speed>0.8</osmand:speed>
        </extensions>
      </trkpt>
      <trkpt lat="46.9194861" lon="9.3013387">
        <ele>1764.5</ele>
        <time>2026-06-13T07:57:00Z</time>
        <hdop>7.7</hdop>
        <extensions>
          <osmand:speed>1.1</osmand:speed>
        </extensions>
      </trkpt>
      <trkpt lat="46.9195144" lon="9.3012624">
        <ele>1762.5</ele>
        <time>2026-06-13T07:57:06Z</time>
        <hdop>9.2</hdop>
        <extensions>
          <osmand:speed>1.2</osmand:speed>
        </extensions>
      </trkpt>
      <trkpt lat="46.9195046" lon="9.3011835">
        <ele>1763.5</ele>
        <time>2026-06-13T07:57:12Z</time>
        <hdop>5.6</hdop>
        <extensions>
          <osmand:speed>1.5</osmand:speed>
        </extensions>
      </trkpt>
      <trkpt lat="46.919467" lon="9.3010914">
        <ele>1764.5</ele>
        <time>2026-06-13T07:57:18Z</time>
        <hdop>6.1</hdop>
        <extensions>
          <osmand:speed>0.7</osmand:speed>
        </extensions>
      </trkpt>
      <trkpt lat="46.9194278" lon="9.3010368">
        <ele>1765.5</ele>
        <time>2026-06-13T07:57:24Z</time>
        <hdop>6.1</hdop>
        <extensions>
          <osmand:speed>1.1</osmand:speed>
        </extensions>
      </trkpt>
      <trkpt lat="46.9194011" lon="9.3010241">
        <ele>1765.5</ele>
        <time>2026-06-13T07:57:30Z</time>
        <hdop>4.1</hdop>
      </trkpt>
      <trkpt lat="46.9193771" lon="9.3010204">
        <ele>1766.5</ele>
        <time>2026-06-13T07:57:41Z</time>
        <hdop>4.6</hdop>
        <extensions>
          <osmand:speed>0.8</osmand:speed>
        </extensions>
      </trkpt>
      <trkpt lat="46.9193475" lon="9.3009778">
        <ele>1765.5</ele>
        <time>2026-06-13T07:57:47Z</time>
        <hdop>5.1</hdop>
        <extensions>
          <osmand:speed>0.5</osmand:speed>
        </extensions>
      </trkpt>
      <trkpt lat="46.9193366" lon="9.3009525">
        <ele>1765.5</ele>
        <time>2026-06-13T07:57:53Z</time>
        <hdop>4.6</hdop>
        <extensions>
          <osmand:speed>0</osmand:speed>
        </extensions>
      </trkpt>
      <trkpt lat="46.9193371" lon="9.300925">
        <ele>1766.5</ele>
        <time>2026-06-13T07:58:06Z</time>
        <hdop>5.1</hdop>
        <extensions>
          <osmand:speed>0.5</osmand:speed>
        </extensions>
      </trkpt>
      <trkpt lat="46.9193241" lon="9.3008934">
        <ele>1766.5</ele>
        <time>2026-06-13T07:58:13Z</time>
        <hdop>8.7</hdop>
        <extensions>
          <osmand:speed>0.6</osmand:speed>
        </extensions>
      </trkpt>
      <trkpt lat="46.9193386" lon="9.300824">
        <ele>1765.5</ele>
        <time>2026-06-13T07:58:19Z</time>
        <hdop>7.7</hdop>
        <extensions>
          <osmand:speed>0.6</osmand:speed>
        </extensions>
      </trkpt>
      <trkpt lat="46.9193565" lon="9.3007753">
        <ele>1765.5</ele>
        <time>2026-06-13T07:58:25Z</time>
        <hdop>5.6</hdop>
        <extensions>
          <osmand:speed>0.8</osmand:speed>
        </extensions>
      </trkpt>
      <trkpt lat="46.9194135" lon="9.300757">
        <ele>1764.5</ele>
        <time>2026-06-13T07:58:31Z</time>
        <hdop>6.6</hdop>
        <extensions>
          <osmand:speed>1.3</osmand:speed>
        </extensions>
      </trkpt>
      <trkpt lat="46.9194892" lon="9.3007316">
        <ele>1763.5</ele>
        <time>2026-06-13T07:58:37Z</time>
        <hdop>5.6</hdop>
        <extensions>
          <osmand:speed>1.6</osmand:speed>
        </extensions>
      </trkpt>
      <trkpt lat="46.9195604" lon="9.3007076">
        <ele>1762.5</ele>
        <time>2026-06-13T07:58:43Z</time>
        <hdop>5.6</hdop>
        <extensions>
          <osmand:speed>1.5</osmand:speed>
        </extensions>
      </trkpt>
      <trkpt lat="46.9196351" lon="9.300691">
        <ele>1762.5</ele>
        <time>2026-06-13T07:58:49Z</time>
        <hdop>7.1</hdop>
        <extensions>
          <osmand:speed>1.1</osmand:speed>
        </extensions>
      </trkpt>
      <trkpt lat="46.9196682" lon="9.3006805">
        <ele>1762.5</ele>
        <time>2026-06-13T07:58:55Z</time>
        <hdop>5.6</hdop>
        <extensions>
          <osmand:speed>0.3</osmand:speed>
        </extensions>
      </trkpt>
      <trkpt lat="46.9196854" lon="9.3006572">
        <ele>1763.5</ele>
        <time>2026-06-13T07:59:03Z</time>
        <hdop>5.6</hdop>
        <extensions>
          <osmand:speed>1.1</osmand:speed>
        </extensions>
      </trkpt>
      <trkpt lat="46.9197409" lon="9.3006349">
        <ele>1762.5</ele>
        <time>2026-06-13T07:59:09Z</time>
        <hdop>5.6</hdop>
        <extensions>
          <osmand:speed>0.6</osmand:speed>
        </extensions>
      </trkpt>
      <trkpt lat="46.9197992" lon="9.3006358">
        <ele>1762.5</ele>
        <time>2026-06-13T07:59:15Z</time>
        <hdop>5.1</hdop>
        <extensions>
          <osmand:speed>1</osmand:speed>
        </extensions>
      </trkpt>
      <trkpt lat="46.9198605" lon="9.3006256">
        <ele>1761.5</ele>
        <time>2026-06-13T07:59:21Z</time>
        <hdop>5.1</hdop>
        <extensions>
          <osmand:speed>1.5</osmand:speed>
        </extensions>
      </trkpt>
      <trkpt lat="46.9199198" lon="9.3006372">
        <ele>1760.5</ele>
        <time>2026-06-13T07:59:27Z</time>
        <hdop>5.1</hdop>
        <extensions>
          <osmand:speed>1.1</osmand:speed>
        </extensions>
      </trkpt>
      <trkpt lat="46.9199577" lon="9.3006454">
        <ele>1760.5</ele>
        <time>2026-06-13T07:59:33Z</time>
        <hdop>4.6</hdop>
        <extensions>
          <osmand:speed>0.8</osmand:speed>
        </extensions>
      </trkpt>
      <trkpt lat="46.9200264" lon="9.3006538">
        <ele>1759.5</ele>
        <time>2026-06-13T07:59:39Z</time>
        <hdop>5.6</hdop>
        <extensions>
          <osmand:speed>1.2</osmand:speed>
        </extensions>
      </trkpt>
      <trkpt lat="46.9200866" lon="9.3006374">
        <ele>1759.5</ele>
        <time>2026-06-13T07:59:45Z</time>
        <hdop>4.6</hdop>
        <extensions>
          <osmand:speed>0.8</osmand:speed>
        </extensions>
      </trkpt>
      <trkpt lat="46.9201397" lon="9.3006396">
        <ele>1757.5</ele>
        <time>2026-06-13T07:59:51Z</time>
        <hdop>4.6</hdop>
        <extensions>
          <osmand:speed>1</osmand:speed>
        </extensions>
      </trkpt>
      <trkpt lat="46.9202132" lon="9.3006261">
        <ele>1756.5</ele>
        <time>2026-06-13T07:59:57Z</time>
        <hdop>5.1</hdop>
        <extensions>
          <osmand:speed>1.1</osmand:speed>
        </extensions>
      </trkpt>
      <trkpt lat="46.9202814" lon="9.3006203">
        <ele>1755.5</ele>
        <time>2026-06-13T08:00:03Z</time>
        <hdop>5.1</hdop>
        <extensions>
          <osmand:speed>1</osmand:speed>
        </extensions>
      </trkpt>
      <trkpt lat="46.9203279" lon="9.3006563">
        <ele>1754.5</ele>
        <time>2026-06-13T08:00:09Z</time>
        <hdop>5.1</hdop>
        <extensions>
          <osmand:speed>0.9</osmand:speed>
        </extensions>
      </trkpt>
      <trkpt lat="46.9203674" lon="9.3006774">
        <ele>1753.5</ele>
        <time>2026-06-13T08:00:15Z</time>
        <hdop>5.1</hdop>
        <extensions>
          <osmand:speed>0.8</osmand:speed>
        </extensions>
      </trkpt>
      <trkpt lat="46.9204275" lon="9.3006817">
        <ele>1753.5</ele>
        <time>2026-06-13T08:00:21Z</time>
        <hdop>5.1</hdop>
        <extensions>
          <osmand:speed>1</osmand:speed>
        </extensions>
      </trkpt>
      <trkpt lat="46.9204992" lon="9.3006406">
        <ele>1752.5</ele>
        <time>2026-06-13T08:00:27Z</time>
        <hdop>5.1</hdop>
        <extensions>
          <osmand:speed>1.4</osmand:speed>
        </extensions>
      </trkpt>
      <trkpt lat="46.9205588" lon="9.3005522">
        <ele>1751.5</ele>
        <time>2026-06-13T08:00:33Z</time>
        <hdop>6.1</hdop>
        <extensions>
          <osmand:speed>1.4</osmand:speed>
        </extensions>
      </trkpt>
      <trkpt lat="46.9205799" lon="9.3004557">
        <ele>1751.5</ele>
        <time>2026-06-13T08:00:39Z</time>
        <hdop>6.1</hdop>
        <extensions>
          <osmand:speed>1.2</osmand:speed>
        </extensions>
      </trkpt>
      <trkpt lat="46.9205723" lon="9.3003604">
        <ele>1752.5</ele>
        <time>2026-06-13T08:00:45Z</time>
        <hdop>7.1</hdop>
        <extensions>
          <osmand:speed>1.2</osmand:speed>
        </extensions>
      </trkpt>
      <trkpt lat="46.9205611" lon="9.3002488">
        <ele>1752.5</ele>
        <time>2026-06-13T08:00:51Z</time>
        <hdop>7.1</hdop>
        <extensions>
          <osmand:speed>1.1</osmand:speed>
        </extensions>
      </trkpt>
      <trkpt lat="46.9205488" lon="9.3001805">
        <ele>1752.5</ele>
        <time>2026-06-13T08:00:57Z</time>
        <hdop>6.6</hdop>
        <extensions>
          <osmand:speed>0.1</osmand:speed>
        </extensions>
      </trkpt>
      <trkpt lat="46.920538" lon="9.3001416">
        <ele>1752.5</ele>
        <time>2026-06-13T08:01:06Z</time>
        <hdop>5.6</hdop>
        <extensions>
          <osmand:speed>1.3</osmand:speed>
        </extensions>
      </trkpt>
      <trkpt lat="46.920529" lon="9.3000414">
        <ele>1752.5</ele>
        <time>2026-06-13T08:01:12Z</time>
        <hdop>6.6</hdop>
        <extensions>
          <osmand:speed>1.1</osmand:speed>
        </extensions>
      </trkpt>
      <trkpt lat="46.920529" lon="9.2999463">
        <ele>1753.5</ele>
        <time>2026-06-13T08:01:18Z</time>
        <hdop>6.6</hdop>
        <extensions>
          <osmand:speed>1.4</osmand:speed>
        </extensions>
      </trkpt>
      <trkpt lat="46.9205372" lon="9.2998483">
        <ele>1753.5</ele>
        <time>2026-06-13T08:01:24Z</time>
        <hdop>7.1</hdop>
        <extensions>
          <osmand:speed>1.4</osmand:speed>
        </extensions>
      </trkpt>
      <trkpt lat="46.9205225" lon="9.299731">
        <ele>1753.5</ele>
        <time>2026-06-13T08:01:30Z</time>
        <hdop>5.1</hdop>
        <extensions>
          <osmand:speed>1.7</osmand:speed>
        </extensions>
      </trkpt>
      <trkpt lat="46.9205099" lon="9.2996217">
        <ele>1752.5</ele>
        <time>2026-06-13T08:01:36Z</time>
        <hdop>6.1</hdop>
        <extensions>
          <osmand:speed>1.2</osmand:speed>
        </extensions>
      </trkpt>
      <trkpt lat="46.9205021" lon="9.2995327">
        <ele>1751.5</ele>
        <time>2026-06-13T08:01:42Z</time>
        <hdop>7.1</hdop>
        <extensions>
          <osmand:speed>1.1</osmand:speed>
        </extensions>
      </trkpt>
      <trkpt lat="46.9205001" lon="9.2994266">
        <ele>1751.5</ele>
        <time>2026-06-13T08:01:48Z</time>
        <hdop>6.6</hdop>
        <extensions>
          <osmand:speed>1.4</osmand:speed>
        </extensions>
      </trkpt>
      <trkpt lat="46.9204972" lon="9.2993129">
        <ele>1750.5</ele>
        <time>2026-06-13T08:01:54Z</time>
        <hdop>5.6</hdop>
        <extensions>
          <osmand:speed>1.3</osmand:speed>
        </extensions>
      </trkpt>
      <trkpt lat="46.9205031" lon="9.2992134">
        <ele>1750.5</ele>
        <time>2026-06-13T08:02:00Z</time>
        <hdop>6.1</hdop>
        <extensions>
          <osmand:speed>1.2</osmand:speed>
        </extensions>
      </trkpt>
      <trkpt lat="46.9204877" lon="9.2991312">
        <ele>1750.5</ele>
        <time>2026-06-13T08:02:06Z</time>
        <hdop>7.1</hdop>
        <extensions>
          <osmand:speed>1.2</osmand:speed>
        </extensions>
      </trkpt>
      <trkpt lat="46.920493" lon="9.2990938">
        <ele>1749.5</ele>
        <time>2026-06-13T08:02:12Z</time>
        <hdop>4.6</hdop>
      </trkpt>
      <trkpt lat="46.9205025" lon="9.2990625">
        <ele>1748.5</ele>
        <time>2026-06-13T08:02:21Z</time>
        <hdop>4.1</hdop>
        <extensions>
          <osmand:speed>1.3</osmand:speed>
        </extensions>
      </trkpt>
      <trkpt lat="46.9205277" lon="9.2989373">
        <ele>1749.5</ele>
        <time>2026-06-13T08:02:27Z</time>
        <hdop>5.6</hdop>
        <extensions>
          <osmand:speed>1.5</osmand:speed>
        </extensions>
      </trkpt>
      <trkpt lat="46.9205544" lon="9.2988469">
        <ele>1749.5</ele>
        <time>2026-06-13T08:02:33Z</time>
        <hdop>6.1</hdop>
        <extensions>
          <osmand:speed>1.4</osmand:speed>
        </extensions>
      </trkpt>
      <trkpt lat="46.9205989" lon="9.2987614">
        <ele>1748.5</ele>
        <time>2026-06-13T08:02:39Z</time>
        <hdop>6.6</hdop>
        <extensions>
          <osmand:speed>1.4</osmand:speed>
        </extensions>
      </trkpt>
      <trkpt lat="46.920607" lon="9.2986699">
        <ele>1748.5</ele>
        <time>2026-06-13T08:02:45Z</time>
        <hdop>6.1</hdop>
        <extensions>
          <osmand:speed>1.2</osmand:speed>
        </extensions>
      </trkpt>
      <trkpt lat="46.9205936" lon="9.2985663">
        <ele>1747.5</ele>
        <time>2026-06-13T08:02:51Z</time>
        <hdop>5.6</hdop>
        <extensions>
          <osmand:speed>1.1</osmand:speed>
        </extensions>
      </trkpt>
      <trkpt lat="46.9205937" lon="9.2984778">
        <ele>1747.5</ele>
        <time>2026-06-13T08:02:57Z</time>
        <hdop>6.1</hdop>
        <extensions>
          <osmand:speed>1.5</osmand:speed>
        </extensions>
      </trkpt>
      <trkpt lat="46.9206124" lon="9.2983414">
        <ele>1744.5</ele>
        <time>2026-06-13T08:03:03Z</time>
        <hdop>6.1</hdop>
        <extensions>
          <osmand:speed>1.6</osmand:speed>
        </extensions>
      </trkpt>
      <trkpt lat="46.9206133" lon="9.2982318">
        <ele>1745.5</ele>
        <time>2026-06-13T08:03:09Z</time>
        <hdop>6.1</hdop>
        <extensions>
          <osmand:speed>1.1</osmand:speed>
        </extensions>
      </trkpt>
      <trkpt lat="46.9206303" lon="9.2981464">
        <ele>1746.5</ele>
        <time>2026-06-13T08:03:15Z</time>
        <hdop>6.1</hdop>
        <extensions>
          <osmand:speed>1.3</osmand:speed>
        </extensions>
      </trkpt>
      <trkpt lat="46.9206264" lon="9.2980559">
        <ele>1746.5</ele>
        <time>2026-06-13T08:03:21Z</time>
        <hdop>5.6</hdop>
        <extensions>
          <osmand:speed>1.3</osmand:speed>
        </extensions>
      </trkpt>
      <trkpt lat="46.9206446" lon="9.2979539">
        <ele>1746.5</ele>
        <time>2026-06-13T08:03:27Z</time>
        <hdop>6.1</hdop>
        <extensions>
          <osmand:speed>1.3</osmand:speed>
        </extensions>
      </trkpt>
      <trkpt lat="46.9206978" lon="9.2978347">
        <ele>1744.5</ele>
        <time>2026-06-13T08:03:33Z</time>
        <hdop>6.1</hdop>
        <extensions>
          <osmand:speed>1.4</osmand:speed>
        </extensions>
      </trkpt>
      <trkpt lat="46.9207297" lon="9.2977362">
        <ele>1743.5</ele>
        <time>2026-06-13T08:03:39Z</time>
        <hdop>6.1</hdop>
        <extensions>
          <osmand:speed>1.2</osmand:speed>
        </extensions>
      </trkpt>
      <trkpt lat="46.9207603" lon="9.2976641">
        <ele>1741.5</ele>
        <time>2026-06-13T08:03:45Z</time>
        <hdop>6.1</hdop>
        <extensions>
          <osmand:speed>1.3</osmand:speed>
        </extensions>
      </trkpt>
      <trkpt lat="46.9208073" lon="9.2975683">
        <ele>1740.5</ele>
        <time>2026-06-13T08:03:51Z</time>
        <hdop>7.1</hdop>
        <extensions>
          <osmand:speed>1.2</osmand:speed>
        </extensions>
      </trkpt>
      <trkpt lat="46.9208471" lon="9.2974611">
        <ele>1740.5</ele>
        <time>2026-06-13T08:03:57Z</time>
        <hdop>6.1</hdop>
        <extensions>
          <osmand:speed>1.4</osmand:speed>
        </extensions>
      </trkpt>
      <trkpt lat="46.9208602" lon="9.2973728">
        <ele>1741.5</ele>
        <time>2026-06-13T08:04:03Z</time>
        <hdop>5.6</hdop>
        <extensions>
          <osmand:speed>1.1</osmand:speed>
        </extensions>
      </trkpt>
      <trkpt lat="46.9208458" lon="9.2972927">
        <ele>1741.5</ele>
        <time>2026-06-13T08:04:09Z</time>
        <hdop>5.6</hdop>
        <extensions>
          <osmand:speed>0.9</osmand:speed>
        </extensions>
      </trkpt>
      <trkpt lat="46.9208234" lon="9.2972298">
        <ele>1740.5</ele>
        <time>2026-06-13T08:04:15Z</time>
        <hdop>5.1</hdop>
        <extensions>
          <osmand:speed>1.2</osmand:speed>
        </extensions>
      </trkpt>
      <trkpt lat="46.9207823" lon="9.2971725">
        <ele>1739.5</ele>
        <time>2026-06-13T08:04:21Z</time>
        <hdop>7.1</hdop>
        <extensions>
          <osmand:speed>1.3</osmand:speed>
        </extensions>
      </trkpt>
      <trkpt lat="46.9207712" lon="9.2970922">
        <ele>1739.5</ele>
        <time>2026-06-13T08:04:27Z</time>
        <hdop>7.1</hdop>
        <extensions>
          <osmand:speed>0.9</osmand:speed>
        </extensions>
      </trkpt>
      <trkpt lat="46.9207226" lon="9.2970137">
        <ele>1738.5</ele>
        <time>2026-06-13T08:04:33Z</time>
        <hdop>6.6</hdop>
        <extensions>
          <osmand:speed>1.3</osmand:speed>
        </extensions>
      </trkpt>
      <trkpt lat="46.9206645" lon="9.296942">
        <ele>1738.5</ele>
        <time>2026-06-13T08:04:39Z</time>
        <hdop>6.1</hdop>
        <extensions>
          <osmand:speed>1.1</osmand:speed>
        </extensions>
      </trkpt>
      <trkpt lat="46.9206223" lon="9.296883">
        <ele>1738.5</ele>
        <time>2026-06-13T08:04:45Z</time>
        <hdop>6.6</hdop>
        <extensions>
          <osmand:speed>0.9</osmand:speed>
        </extensions>
      </trkpt>
      <trkpt lat="46.9205924" lon="9.2968053">
        <ele>1737.5</ele>
        <time>2026-06-13T08:04:51Z</time>
        <hdop>5.6</hdop>
        <extensions>
          <osmand:speed>1.1</osmand:speed>
        </extensions>
      </trkpt>
      <trkpt lat="46.920552" lon="9.2967386">
        <ele>1738.5</ele>
        <time>2026-06-13T08:04:57Z</time>
        <hdop>6.1</hdop>
        <extensions>
          <osmand:speed>1.3</osmand:speed>
        </extensions>
      </trkpt>
      <trkpt lat="46.9204997" lon="9.2966811">
        <ele>1739.5</ele>
        <time>2026-06-13T08:05:03Z</time>
        <hdop>6.1</hdop>
        <extensions>
          <osmand:speed>1.1</osmand:speed>
        </extensions>
      </trkpt>
      <trkpt lat="46.9204878" lon="9.2966358">
        <ele>1738.5</ele>
        <time>2026-06-13T08:05:09Z</time>
        <hdop>8.7</hdop>
        <extensions>
          <osmand:speed>0.2</osmand:speed>
        </extensions>
      </trkpt>
      <trkpt lat="46.920485" lon="9.2965982">
        <ele>1738.5</ele>
        <time>2026-06-13T08:05:15Z</time>
        <hdop>6.6</hdop>
        <extensions>
          <osmand:speed>0.9</osmand:speed>
        </extensions>
      </trkpt>
      <trkpt lat="46.9204986" lon="9.2965215">
        <ele>1736.5</ele>
        <time>2026-06-13T08:05:21Z</time>
        <hdop>7.1</hdop>
        <extensions>
          <osmand:speed>0.8</osmand:speed>
        </extensions>
      </trkpt>
      <trkpt lat="46.9204622" lon="9.2964559">
        <ele>1736.5</ele>
        <time>2026-06-13T08:05:27Z</time>
        <hdop>6.1</hdop>
        <extensions>
          <osmand:speed>1</osmand:speed>
        </extensions>
      </trkpt>
      <trkpt lat="46.9204438" lon="9.2963761">
        <ele>1735.5</ele>
        <time>2026-06-13T08:05:33Z</time>
        <hdop>7.7</hdop>
        <extensions>
          <osmand:speed>1</osmand:speed>
        </extensions>
      </trkpt>
      <trkpt lat="46.9204544" lon="9.296306">
        <ele>1736.5</ele>
        <time>2026-06-13T08:05:39Z</time>
        <hdop>8.7</hdop>
        <extensions>
          <osmand:speed>0.6</osmand:speed>
        </extensions>
      </trkpt>
      <trkpt lat="46.9204552" lon="9.2962251">
        <ele>1737.5</ele>
        <time>2026-06-13T08:05:45Z</time>
        <hdop>8.7</hdop>
        <extensions>
          <osmand:speed>0.6</osmand:speed>
        </extensions>
      </trkpt>
      <trkpt lat="46.920434" lon="9.2961577">
        <ele>1737.5</ele>
        <time>2026-06-13T08:05:51Z</time>
        <hdop>5.6</hdop>
        <extensions>
          <osmand:speed>0.9</osmand:speed>
        </extensions>
      </trkpt>
      <trkpt lat="46.9204123" lon="9.2960953">
        <ele>1739.5</ele>
        <time>2026-06-13T08:05:57Z</time>
        <hdop>7.1</hdop>
        <extensions>
          <osmand:speed>0.9</osmand:speed>
        </extensions>
      </trkpt>
      <trkpt lat="46.9203909" lon="9.2960329">
        <ele>1739.5</ele>
        <time>2026-06-13T08:06:03Z</time>
        <hdop>6.6</hdop>
        <extensions>
          <osmand:speed>0.8</osmand:speed>
        </extensions>
      </trkpt>
      <trkpt lat="46.9203869" lon="9.2959599">
        <ele>1740.5</ele>
        <time>2026-06-13T08:06:09Z</time>
        <hdop>5.6</hdop>
        <extensions>
          <osmand:speed>0.9</osmand:speed>
        </extensions>
      </trkpt>
      <trkpt lat="46.920371" lon="9.2959231">
        <ele>1741.5</ele>
        <time>2026-06-13T08:06:15Z</time>
        <hdop>6.1</hdop>
        <extensions>
          <osmand:speed>0.7</osmand:speed>
        </extensions>
      </trkpt>
      <trkpt lat="46.9203642" lon="9.2958422">
        <ele>1742.5</ele>
        <time>2026-06-13T08:06:21Z</time>
        <hdop>7.1</hdop>
        <extensions>
          <osmand:speed>1</osmand:speed>
        </extensions>
      </trkpt>
      <trkpt lat="46.9203384" lon="9.2957454">
        <ele>1744.5</ele>
        <time>2026-06-13T08:06:27Z</time>
        <hdop>7.1</hdop>
        <extensions>
          <osmand:speed>0.8</osmand:speed>
        </extensions>
      </trkpt>
      <trkpt lat="46.9203224" lon="9.2956946">
        <ele>1744.5</ele>
        <time>2026-06-13T08:06:33Z</time>
        <hdop>7.1</hdop>
        <extensions>
          <osmand:speed>0.8</osmand:speed>
        </extensions>
      </trkpt>
      <trkpt lat="46.9203241" lon="9.2956063">
        <ele>1745.5</ele>
        <time>2026-06-13T08:06:39Z</time>
        <hdop>7.1</hdop>
        <extensions>
          <osmand:speed>0.8</osmand:speed>
        </extensions>
      </trkpt>
      <trkpt lat="46.9203303" lon="9.2955337">
        <ele>1746.5</ele>
        <time>2026-06-13T08:06:45Z</time>
        <hdop>7.1</hdop>
        <extensions>
          <osmand:speed>0.8</osmand:speed>
        </extensions>
      </trkpt>
      <trkpt lat="46.920308" lon="9.2954681">
        <ele>1745.5</ele>
        <time>2026-06-13T08:06:51Z</time>
        <hdop>8.7</hdop>
        <extensions>
          <osmand:speed>0.9</osmand:speed>
        </extensions>
      </trkpt>
      <trkpt lat="46.9202725" lon="9.2954184">
        <ele>1747.5</ele>
        <time>2026-06-13T08:06:57Z</time>
        <hdop>14.3</hdop>
        <extensions>
          <osmand:speed>0.6</osmand:speed>
        </extensions>
      </trkpt>
      <trkpt lat="46.9202586" lon="9.2953612">
        <ele>1748.5</ele>
        <time>2026-06-13T08:07:03Z</time>
        <hdop>9.7</hdop>
        <extensions>
          <osmand:speed>0.7</osmand:speed>
        </extensions>
      </trkpt>
      <trkpt lat="46.9202496" lon="9.295325">
        <ele>1750.5</ele>
        <time>2026-06-13T08:07:09Z</time>
        <hdop>9.7</hdop>
        <extensions>
          <osmand:speed>0.8</osmand:speed>
        </extensions>
      </trkpt>
      <trkpt lat="46.9202262" lon="9.2952608">
        <ele>1752.5</ele>
        <time>2026-06-13T08:07:15Z</time>
        <hdop>7.7</hdop>
        <extensions>
          <osmand:speed>1.1</osmand:speed>
        </extensions>
      </trkpt>
      <trkpt lat="46.920196" lon="9.2952207">
        <ele>1753.5</ele>
        <time>2026-06-13T08:07:21Z</time>
        <hdop>6.6</hdop>
        <extensions>
          <osmand:speed>0.9</osmand:speed>
        </extensions>
      </trkpt>
      <trkpt lat="46.9202051" lon="9.295148">
        <ele>1752.5</ele>
        <time>2026-06-13T08:07:27Z</time>
        <hdop>7.1</hdop>
        <extensions>
          <osmand:speed>0.7</osmand:speed>
        </extensions>
      </trkpt>
      <trkpt lat="46.9201969" lon="9.2950818">
        <ele>1753.5</ele>
        <time>2026-06-13T08:07:33Z</time>
        <hdop>7.1</hdop>
        <extensions>
          <osmand:speed>0.8</osmand:speed>
        </extensions>
      </trkpt>
      <trkpt lat="46.920196" lon="9.2950378">
        <ele>1753.5</ele>
        <time>2026-06-13T08:07:39Z</time>
        <hdop>4.6</hdop>
        <extensions>
          <osmand:speed>0.7</osmand:speed>
        </extensions>
      </trkpt>
      <trkpt lat="46.9201906" lon="9.2949726">
        <ele>1755.5</ele>
        <time>2026-06-13T08:07:45Z</time>
        <hdop>5.6</hdop>
        <extensions>
          <osmand:speed>0.6</osmand:speed>
        </extensions>
      </trkpt>
      <trkpt lat="46.9201709" lon="9.2949233">
        <ele>1756.5</ele>
        <time>2026-06-13T08:07:51Z</time>
        <hdop>7.1</hdop>
        <extensions>
          <osmand:speed>0.8</osmand:speed>
        </extensions>
      </trkpt>
      <trkpt lat="46.9201656" lon="9.2948524">
        <ele>1757.5</ele>
        <time>2026-06-13T08:07:57Z</time>
        <hdop>7.7</hdop>
        <extensions>
          <osmand:speed>0.9</osmand:speed>
        </extensions>
      </trkpt>
      <trkpt lat="46.9201409" lon="9.2947971">
        <ele>1757.5</ele>
        <time>2026-06-13T08:08:03Z</time>
        <hdop>7.1</hdop>
        <extensions>
          <osmand:speed>0.8</osmand:speed>
        </extensions>
      </trkpt>
      <trkpt lat="46.9201325" lon="9.2947407">
        <ele>1758.5</ele>
        <time>2026-06-13T08:08:09Z</time>
        <hdop>7.1</hdop>
        <extensions>
          <osmand:speed>0.6</osmand:speed>
        </extensions>
      </trkpt>
      <trkpt lat="46.9201388" lon="9.294697">
        <ele>1758.5</ele>
        <time>2026-06-13T08:08:15Z</time>
        <hdop>7.7</hdop>
        <extensions>
          <osmand:speed>0.7</osmand:speed>
        </extensions>
      </trkpt>
      <trkpt lat="46.9201095" lon="9.2946248">
        <ele>1758.5</ele>
        <time>2026-06-13T08:08:21Z</time>
        <hdop>6.6</hdop>
        <extensions>
          <osmand:speed>1.1</osmand:speed>
        </extensions>
      </trkpt>
      <trkpt lat="46.9200888" lon="9.2945618">
        <ele>1760.5</ele>
        <time>2026-06-13T08:08:27Z</time>
        <hdop>7.1</hdop>
        <extensions>
          <osmand:speed>0.8</osmand:speed>
        </extensions>
      </trkpt>
      <trkpt lat="46.9200547" lon="9.2945314">
        <ele>1760.5</ele>
        <time>2026-06-13T08:08:33Z</time>
        <hdop>7.1</hdop>
        <extensions>
          <osmand:speed>0.5</osmand:speed>
        </extensions>
      </trkpt>
      <trkpt lat="46.9200499" lon="9.2944628">
        <ele>1760.5</ele>
        <time>2026-06-13T08:08:39Z</time>
        <hdop>7.1</hdop>
        <extensions>
          <osmand:speed>0.7</osmand:speed>
        </extensions>
      </trkpt>
      <trkpt lat="46.9200341" lon="9.2944069">
        <ele>1762.5</ele>
        <time>2026-06-13T08:08:45Z</time>
        <hdop>8.2</hdop>
        <extensions>
          <osmand:speed>0.7</osmand:speed>
        </extensions>
      </trkpt>
      <trkpt lat="46.9200057" lon="9.2943613">
        <ele>1760.5</ele>
        <time>2026-06-13T08:08:51Z</time>
        <hdop>8.7</hdop>
        <extensions>
          <osmand:speed>0.9</osmand:speed>
        </extensions>
      </trkpt>
      <trkpt lat="46.9199754" lon="9.2943163">
        <ele>1760.5</ele>
        <time>2026-06-13T08:08:57Z</time>
        <hdop>8.7</hdop>
        <extensions>
          <osmand:speed>0.8</osmand:speed>
        </extensions>
      </trkpt>
      <trkpt lat="46.9199524" lon="9.2942687">
        <ele>1761.5</ele>
        <time>2026-06-13T08:09:03Z</time>
        <hdop>7.7</hdop>
        <extensions>
          <osmand:speed>1.2</osmand:speed>
        </extensions>
      </trkpt>
      <trkpt lat="46.9199341" lon="9.2942539">
        <ele>1761.5</ele>
        <time>2026-06-13T08:09:09Z</time>
        <hdop>6.6</hdop>
        <extensions>
          <osmand:speed>0.9</osmand:speed>
        </extensions>
      </trkpt>
      <trkpt lat="46.9199" lon="9.2941955">
        <ele>1763.5</ele>
        <time>2026-06-13T08:09:15Z</time>
        <hdop>7.1</hdop>
        <extensions>
          <osmand:speed>0.4</osmand:speed>
        </extensions>
      </trkpt>
      <trkpt lat="46.9198737" lon="9.2941421">
        <ele>1764.5</ele>
        <time>2026-06-13T08:09:21Z</time>
        <hdop>7.1</hdop>
        <extensions>
          <osmand:speed>0.8</osmand:speed>
        </extensions>
      </trkpt>
      <trkpt lat="46.919868" lon="9.2941007">
        <ele>1764.5</ele>
        <time>2026-06-13T08:09:27Z</time>
        <hdop>7.1</hdop>
        <extensions>
          <osmand:speed>0.6</osmand:speed>
        </extensions>
      </trkpt>
      <trkpt lat="46.9198588" lon="9.29405">
        <ele>1764.5</ele>
        <time>2026-06-13T08:09:33Z</time>
        <hdop>7.1</hdop>
        <extensions>
          <osmand:speed>0.7</osmand:speed>
        </extensions>
      </trkpt>
      <trkpt lat="46.9198406" lon="9.2940029">
        <ele>1766.5</ele>
        <time>2026-06-13T08:09:39Z</time>
        <hdop>7.1</hdop>
        <extensions>
          <osmand:speed>0.9</osmand:speed>
        </extensions>
      </trkpt>
      <trkpt lat="46.9198201" lon="9.2939365">
        <ele>1768.5</ele>
        <time>2026-06-13T08:09:45Z</time>
        <hdop>7.1</hdop>
        <extensions>
          <osmand:speed>0.9</osmand:speed>
        </extensions>
      </trkpt>
      <trkpt lat="46.9198027" lon="9.293884">
        <ele>1769.5</ele>
        <time>2026-06-13T08:09:51Z</time>
        <hdop>7.1</hdop>
        <extensions>
          <osmand:speed>0.8</osmand:speed>
        </extensions>
      </trkpt>
      <trkpt lat="46.9197855" lon="9.2938531">
        <ele>1769.5</ele>
        <time>2026-06-13T08:09:57Z</time>
        <hdop>7.1</hdop>
        <extensions>
          <osmand:speed>0.6</osmand:speed>
        </extensions>
      </trkpt>
      <trkpt lat="46.9197855" lon="9.2937941">
        <ele>1770.5</ele>
        <time>2026-06-13T08:10:03Z</time>
        <hdop>5.6</hdop>
        <extensions>
          <osmand:speed>0.9</osmand:speed>
        </extensions>
      </trkpt>
      <trkpt lat="46.9197676" lon="9.2937443">
        <ele>1771.5</ele>
        <time>2026-06-13T08:10:09Z</time>
        <hdop>7.7</hdop>
        <extensions>
          <osmand:speed>0.7</osmand:speed>
        </extensions>
      </trkpt>
      <trkpt lat="46.9197561" lon="9.2936862">
        <ele>1772.5</ele>
        <time>2026-06-13T08:10:15Z</time>
        <hdop>7.1</hdop>
        <extensions>
          <osmand:speed>1</osmand:speed>
        </extensions>
      </trkpt>
      <trkpt lat="46.9197432" lon="9.2936237">
        <ele>1771.5</ele>
        <time>2026-06-13T08:10:21Z</time>
        <hdop>7.1</hdop>
        <extensions>
          <osmand:speed>0.7</osmand:speed>
        </extensions>
      </trkpt>
      <trkpt lat="46.9197336" lon="9.2935673">
        <ele>1773.5</ele>
        <time>2026-06-13T08:10:27Z</time>
        <hdop>6.6</hdop>
        <extensions>
          <osmand:speed>0.6</osmand:speed>
        </extensions>
      </trkpt>
      <trkpt lat="46.9197244" lon="9.2935008">
        <ele>1774.5</ele>
        <time>2026-06-13T08:10:33Z</time>
        <hdop>5.6</hdop>
        <extensions>
          <osmand:speed>0.6</osmand:speed>
        </extensions>
      </trkpt>
      <trkpt lat="46.9197344" lon="9.2934297">
        <ele>1773.5</ele>
        <time>2026-06-13T08:10:39Z</time>
        <hdop>7.7</hdop>
        <extensions>
          <osmand:speed>0.8</osmand:speed>
        </extensions>
      </trkpt>
      <trkpt lat="46.919715" lon="9.2933548">
        <ele>1773.5</ele>
        <time>2026-06-13T08:10:45Z</time>
        <hdop>6.6</hdop>
        <extensions>
          <osmand:speed>0.9</osmand:speed>
        </extensions>
      </trkpt>
      <trkpt lat="46.9196851" lon="9.293295">
        <ele>1773.5</ele>
        <time>2026-06-13T08:10:51Z</time>
        <hdop>7.1</hdop>
        <extensions>
          <osmand:speed>1</osmand:speed>
        </extensions>
      </trkpt>
      <trkpt lat="46.9196609" lon="9.2932253">
        <ele>1776.5</ele>
        <time>2026-06-13T08:10:57Z</time>
        <hdop>7.7</hdop>
        <extensions>
          <osmand:speed>0.9</osmand:speed>
        </extensions>
      </trkpt>
      <trkpt lat="46.9196345" lon="9.2931861">
        <ele>1776.5</ele>
        <time>2026-06-13T08:11:03Z</time>
        <hdop>6.1</hdop>
        <extensions>
          <osmand:speed>1.2</osmand:speed>
        </extensions>
      </trkpt>
      <trkpt lat="46.9196094" lon="9.2931196">
        <ele>1778.5</ele>
        <time>2026-06-13T08:11:09Z</time>
        <hdop>7.1</hdop>
        <extensions>
          <osmand:speed>0.8</osmand:speed>
        </extensions>
      </trkpt>
      <trkpt lat="46.9195849" lon="9.2930583">
        <ele>1779.5</ele>
        <time>2026-06-13T08:11:15Z</time>
        <hdop>7.1</hdop>
        <extensions>
          <osmand:speed>0.8</osmand:speed>
        </extensions>
      </trkpt>
      <trkpt lat="46.9195824" lon="9.2930279">
        <ele>1779.5</ele>
        <time>2026-06-13T08:11:21Z</time>
        <hdop>5.6</hdop>
        <extensions>
          <osmand:speed>0.4</osmand:speed>
        </extensions>
      </trkpt>
      <trkpt lat="46.9195641" lon="9.2929987">
        <ele>1780.5</ele>
        <time>2026-06-13T08:11:27Z</time>
        <hdop>6.6</hdop>
        <extensions>
          <osmand:speed>1.2</osmand:speed>
        </extensions>
      </trkpt>
      <trkpt lat="46.9195529" lon="9.2929331">
        <ele>1782.5</ele>
        <time>2026-06-13T08:11:33Z</time>
        <hdop>7.7</hdop>
        <extensions>
          <osmand:speed>0.8</osmand:speed>
        </extensions>
      </trkpt>
      <trkpt lat="46.9195402" lon="9.2928746">
        <ele>1783.5</ele>
        <time>2026-06-13T08:11:39Z</time>
        <hdop>8.7</hdop>
        <extensions>
          <osmand:speed>0.8</osmand:speed>
        </extensions>
      </trkpt>
      <trkpt lat="46.9195461" lon="9.292797">
        <ele>1783.5</ele>
        <time>2026-06-13T08:11:45Z</time>
        <hdop>8.2</hdop>
        <extensions>
          <osmand:speed>0.3</osmand:speed>
        </extensions>
      </trkpt>
      <trkpt lat="46.9195318" lon="9.2927311">
        <ele>1784.5</ele>
        <time>2026-06-13T08:11:51Z</time>
        <hdop>7.1</hdop>
        <extensions>
          <osmand:speed>0.6</osmand:speed>
        </extensions>
      </trkpt>
      <trkpt lat="46.9195177" lon="9.2926707">
        <ele>1785.5</ele>
        <time>2026-06-13T08:11:57Z</time>
        <hdop>7.1</hdop>
        <extensions>
          <osmand:speed>0.9</osmand:speed>
        </extensions>
      </trkpt>
      <trkpt lat="46.919498" lon="9.2925848">
        <ele>1786.5</ele>
        <time>2026-06-13T08:12:03Z</time>
        <hdop>8.2</hdop>
        <extensions>
          <osmand:speed>0.8</osmand:speed>
        </extensions>
      </trkpt>
      <trkpt lat="46.9194903" lon="9.2925238">
        <ele>1786.5</ele>
        <time>2026-06-13T08:12:09Z</time>
        <hdop>7.1</hdop>
        <extensions>
          <osmand:speed>1</osmand:speed>
        </extensions>
      </trkpt>
      <trkpt lat="46.9194665" lon="9.2924498">
        <ele>1787.5</ele>
        <time>2026-06-13T08:12:15Z</time>
        <hdop>8.2</hdop>
        <extensions>
          <osmand:speed>0.6</osmand:speed>
        </extensions>
      </trkpt>
      <trkpt lat="46.9194759" lon="9.2923933">
        <ele>1787.5</ele>
        <time>2026-06-13T08:12:21Z</time>
        <hdop>7.1</hdop>
        <extensions>
          <osmand:speed>0.5</osmand:speed>
        </extensions>
      </trkpt>
      <trkpt lat="46.9194697" lon="9.2923152">
        <ele>1787.5</ele>
        <time>2026-06-13T08:12:27Z</time>
        <hdop>7.1</hdop>
        <extensions>
          <osmand:speed>0.7</osmand:speed>
        </extensions>
      </trkpt>
      <trkpt lat="46.9194563" lon="9.2922611">
        <ele>1787.5</ele>
        <time>2026-06-13T08:12:33Z</time>
        <hdop>7.7</hdop>
        <extensions>
          <osmand:speed>0.8</osmand:speed>
        </extensions>
      </trkpt>
      <trkpt lat="46.9194482" lon="9.2921827">
        <ele>1789.5</ele>
        <time>2026-06-13T08:12:39Z</time>
        <hdop>7.1</hdop>
        <extensions>
          <osmand:speed>0.7</osmand:speed>
        </extensions>
      </trkpt>
      <trkpt lat="46.9194224" lon="9.2921016">
        <ele>1790.5</ele>
        <time>2026-06-13T08:12:45Z</time>
        <hdop>7.1</hdop>
        <extensions>
          <osmand:speed>1.1</osmand:speed>
        </extensions>
      </trkpt>
      <trkpt lat="46.9194238" lon="9.2920472">
        <ele>1791.5</ele>
        <time>2026-06-13T08:12:51Z</time>
        <hdop>7.1</hdop>
        <extensions>
          <osmand:speed>0.6</osmand:speed>
        </extensions>
      </trkpt>
      <trkpt lat="46.9193948" lon="9.2919951">
        <ele>1791.5</ele>
        <time>2026-06-13T08:12:57Z</time>
        <hdop>8.7</hdop>
        <extensions>
          <osmand:speed>0.9</osmand:speed>
        </extensions>
      </trkpt>
      <trkpt lat="46.9193878" lon="9.2919202">
        <ele>1792.5</ele>
        <time>2026-06-13T08:13:03Z</time>
        <hdop>6.6</hdop>
        <extensions>
          <osmand:speed>0.5</osmand:speed>
        </extensions>
      </trkpt>
      <trkpt lat="46.9193711" lon="9.2918472">
        <ele>1793.5</ele>
        <time>2026-06-13T08:13:09Z</time>
        <hdop>7.1</hdop>
        <extensions>
          <osmand:speed>0.8</osmand:speed>
        </extensions>
      </trkpt>
      <trkpt lat="46.9193638" lon="9.2917549">
        <ele>1793.5</ele>
        <time>2026-06-13T08:13:15Z</time>
        <hdop>7.1</hdop>
        <extensions>
          <osmand:speed>1.1</osmand:speed>
        </extensions>
      </trkpt>
      <trkpt lat="46.9193615" lon="9.2916775">
        <ele>1794.5</ele>
        <time>2026-06-13T08:13:21Z</time>
        <hdop>7.1</hdop>
        <extensions>
          <osmand:speed>0.7</osmand:speed>
        </extensions>
      </trkpt>
      <trkpt lat="46.9193595" lon="9.2916224">
        <ele>1794.5</ele>
        <time>2026-06-13T08:13:27Z</time>
        <hdop>7.7</hdop>
        <extensions>
          <osmand:speed>0.9</osmand:speed>
        </extensions>
      </trkpt>
      <trkpt lat="46.9193465" lon="9.2915418">
        <ele>1794.5</ele>
        <time>2026-06-13T08:13:33Z</time>
        <hdop>7.1</hdop>
        <extensions>
          <osmand:speed>0.8</osmand:speed>
        </extensions>
      </trkpt>
      <trkpt lat="46.9193298" lon="9.2914821">
        <ele>1795.5</ele>
        <time>2026-06-13T08:13:39Z</time>
        <hdop>8.7</hdop>
        <extensions>
          <osmand:speed>0.8</osmand:speed>
        </extensions>
      </trkpt>
      <trkpt lat="46.9193305" lon="9.2914051">
        <ele>1796.5</ele>
        <time>2026-06-13T08:13:45Z</time>
        <hdop>8.7</hdop>
        <extensions>
          <osmand:speed>0.6</osmand:speed>
        </extensions>
      </trkpt>
      <trkpt lat="46.9193152" lon="9.2913449">
        <ele>1795.5</ele>
        <time>2026-06-13T08:13:51Z</time>
        <hdop>6.6</hdop>
        <extensions>
          <osmand:speed>0.9</osmand:speed>
        </extensions>
      </trkpt>
      <trkpt lat="46.9193061" lon="9.2912667">
        <ele>1797.5</ele>
        <time>2026-06-13T08:13:57Z</time>
        <hdop>6.6</hdop>
        <extensions>
          <osmand:speed>0.8</osmand:speed>
        </extensions>
      </trkpt>
      <trkpt lat="46.9192853" lon="9.2911799">
        <ele>1798.5</ele>
        <time>2026-06-13T08:14:03Z</time>
        <hdop>7.1</hdop>
        <extensions>
          <osmand:speed>0.8</osmand:speed>
        </extensions>
      </trkpt>
      <trkpt lat="46.9192618" lon="9.2911274">
        <ele>1798.5</ele>
        <time>2026-06-13T08:14:09Z</time>
        <hdop>6.1</hdop>
        <extensions>
          <osmand:speed>0.5</osmand:speed>
        </extensions>
      </trkpt>
      <trkpt lat="46.9192481" lon="9.2910543">
        <ele>1799.5</ele>
        <time>2026-06-13T08:14:15Z</time>
        <hdop>6.1</hdop>
        <extensions>
          <osmand:speed>0.8</osmand:speed>
        </extensions>
      </trkpt>
      <trkpt lat="46.9192238" lon="9.2910164">
        <ele>1800.5</ele>
        <time>2026-06-13T08:14:21Z</time>
        <hdop>7.1</hdop>
        <extensions>
          <osmand:speed>0.8</osmand:speed>
        </extensions>
      </trkpt>
      <trkpt lat="46.9192074" lon="9.2909581">
        <ele>1801.5</ele>
        <time>2026-06-13T08:14:27Z</time>
        <hdop>6.1</hdop>
        <extensions>
          <osmand:speed>0.6</osmand:speed>
        </extensions>
      </trkpt>
      <trkpt lat="46.9191749" lon="9.2909237">
        <ele>1804.5</ele>
        <time>2026-06-13T08:14:33Z</time>
        <hdop>6.1</hdop>
        <extensions>
          <osmand:speed>0.9</osmand:speed>
        </extensions>
      </trkpt>
      <trkpt lat="46.9191674" lon="9.2908486">
        <ele>1805.5</ele>
        <time>2026-06-13T08:14:39Z</time>
        <hdop>6.1</hdop>
        <extensions>
          <osmand:speed>1.1</osmand:speed>
        </extensions>
      </trkpt>
      <trkpt lat="46.9191447" lon="9.2908014">
        <ele>1806.5</ele>
        <time>2026-06-13T08:14:45Z</time>
        <hdop>5.6</hdop>
        <extensions>
          <osmand:speed>1.2</osmand:speed>
        </extensions>
      </trkpt>
      <trkpt lat="46.9191257" lon="9.2907394">
        <ele>1806.5</ele>
        <time>2026-06-13T08:14:51Z</time>
        <hdop>5.6</hdop>
        <extensions>
          <osmand:speed>0.9</osmand:speed>
        </extensions>
      </trkpt>
      <trkpt lat="46.919109" lon="9.2906719">
        <ele>1807.5</ele>
        <time>2026-06-13T08:14:57Z</time>
        <hdop>5.6</hdop>
        <extensions>
          <osmand:speed>0.8</osmand:speed>
        </extensions>
      </trkpt>
      <trkpt lat="46.9190946" lon="9.2906048">
        <ele>1807.5</ele>
        <time>2026-06-13T08:15:03Z</time>
        <hdop>6.6</hdop>
        <extensions>
          <osmand:speed>0.6</osmand:speed>
        </extensions>
      </trkpt>
      <trkpt lat="46.9191062" lon="9.2905181">
        <ele>1806.5</ele>
        <time>2026-06-13T08:15:09Z</time>
        <hdop>5.6</hdop>
        <extensions>
          <osmand:speed>0.9</osmand:speed>
        </extensions>
      </trkpt>
      <trkpt lat="46.9190845" lon="9.2904426">
        <ele>1807.5</ele>
        <time>2026-06-13T08:15:15Z</time>
        <hdop>5.1</hdop>
        <extensions>
          <osmand:speed>0.7</osmand:speed>
        </extensions>
      </trkpt>
      <trkpt lat="46.9190729" lon="9.2903768">
        <ele>1808.5</ele>
        <time>2026-06-13T08:15:21Z</time>
        <hdop>5.1</hdop>
        <extensions>
          <osmand:speed>0.8</osmand:speed>
        </extensions>
      </trkpt>
      <trkpt lat="46.9190477" lon="9.2903408">
        <ele>1808.5</ele>
        <time>2026-06-13T08:15:27Z</time>
        <hdop>5.1</hdop>
        <extensions>
          <osmand:speed>0.5</osmand:speed>
        </extensions>
      </trkpt>
      <trkpt lat="46.9190076" lon="9.2902726">
        <ele>1810.5</ele>
        <time>2026-06-13T08:15:33Z</time>
        <hdop>4.6</hdop>
        <extensions>
          <osmand:speed>0.9</osmand:speed>
        </extensions>
      </trkpt>
      <trkpt lat="46.9190004" lon="9.2902164">
        <ele>1812.5</ele>
        <time>2026-06-13T08:15:39Z</time>
        <hdop>4.6</hdop>
        <extensions>
          <osmand:speed>0.7</osmand:speed>
        </extensions>
      </trkpt>
      <trkpt lat="46.9190048" lon="9.2901447">
        <ele>1813.5</ele>
        <time>2026-06-13T08:15:45Z</time>
        <hdop>4.6</hdop>
        <extensions>
          <osmand:speed>0.9</osmand:speed>
        </extensions>
      </trkpt>
      <trkpt lat="46.918969" lon="9.2900775">
        <ele>1814.5</ele>
        <time>2026-06-13T08:15:51Z</time>
        <hdop>4.6</hdop>
        <extensions>
          <osmand:speed>1</osmand:speed>
        </extensions>
      </trkpt>
      <trkpt lat="46.9189256" lon="9.2900258">
        <ele>1816.5</ele>
        <time>2026-06-13T08:15:57Z</time>
        <hdop>4.6</hdop>
        <extensions>
          <osmand:speed>1</osmand:speed>
        </extensions>
      </trkpt>
      <trkpt lat="46.9189023" lon="9.2899382">
        <ele>1815.5</ele>
        <time>2026-06-13T08:16:03Z</time>
        <hdop>4.1</hdop>
        <extensions>
          <osmand:speed>1</osmand:speed>
        </extensions>
      </trkpt>
      <trkpt lat="46.9188709" lon="9.2898799">
        <ele>1816.5</ele>
        <time>2026-06-13T08:16:09Z</time>
        <hdop>4.1</hdop>
        <extensions>
          <osmand:speed>0.7</osmand:speed>
        </extensions>
      </trkpt>
      <trkpt lat="46.9188784" lon="9.2898533">
        <ele>1817.5</ele>
        <time>2026-06-13T08:16:19Z</time>
        <hdop>4.1</hdop>
        <extensions>
          <osmand:speed>0.3</osmand:speed>
        </extensions>
      </trkpt>
      <trkpt lat="46.9188584" lon="9.2898295">
        <ele>1816.5</ele>
        <time>2026-06-13T08:16:29Z</time>
        <hdop>4.1</hdop>
        <extensions>
          <osmand:speed>0.9</osmand:speed>
        </extensions>
      </trkpt>
      <trkpt lat="46.9188328" lon="9.289782">
        <ele>1816.5</ele>
        <time>2026-06-13T08:16:35Z</time>
        <hdop>4.6</hdop>
        <extensions>
          <osmand:speed>1.6</osmand:speed>
        </extensions>
      </trkpt>
      <trkpt lat="46.9188175" lon="9.2897353">
        <ele>1817.5</ele>
        <time>2026-06-13T08:16:41Z</time>
        <hdop>4.6</hdop>
        <extensions>
          <osmand:speed>0.9</osmand:speed>
        </extensions>
      </trkpt>
      <trkpt lat="46.9187932" lon="9.2896851">
        <ele>1819.5</ele>
        <time>2026-06-13T08:16:47Z</time>
        <hdop>5.1</hdop>
        <extensions>
          <osmand:speed>0.6</osmand:speed>
        </extensions>
      </trkpt>
      <trkpt lat="46.9187585" lon="9.2896214">
        <ele>1820.5</ele>
        <time>2026-06-13T08:16:53Z</time>
        <hdop>4.6</hdop>
        <extensions>
          <osmand:speed>1</osmand:speed>
        </extensions>
      </trkpt>
      <trkpt lat="46.9187335" lon="9.2895169">
        <ele>1820.5</ele>
        <time>2026-06-13T08:16:59Z</time>
        <hdop>3.6</hdop>
        <extensions>
          <osmand:speed>1</osmand:speed>
        </extensions>
      </trkpt>
      <trkpt lat="46.9187296" lon="9.2894236">
        <ele>1817.5</ele>
        <time>2026-06-13T08:17:05Z</time>
        <hdop>4.6</hdop>
        <extensions>
          <osmand:speed>0.9</osmand:speed>
        </extensions>
      </trkpt>
      <trkpt lat="46.918724" lon="9.2893536">
        <ele>1816.5</ele>
        <time>2026-06-13T08:17:11Z</time>
        <hdop>4.1</hdop>
        <extensions>
          <osmand:speed>0.7</osmand:speed>
        </extensions>
      </trkpt>
      <trkpt lat="46.9187068" lon="9.2892888">
        <ele>1817.5</ele>
        <time>2026-06-13T08:17:17Z</time>
        <hdop>4.1</hdop>
        <extensions>
          <osmand:speed>1</osmand:speed>
        </extensions>
      </trkpt>
      <trkpt lat="46.9186912" lon="9.2892243">
        <ele>1820.5</ele>
        <time>2026-06-13T08:17:23Z</time>
        <hdop>4.6</hdop>
        <extensions>
          <osmand:speed>0.7</osmand:speed>
        </extensions>
      </trkpt>
      <trkpt lat="46.9186748" lon="9.2891533">
        <ele>1819.5</ele>
        <time>2026-06-13T08:17:29Z</time>
        <hdop>4.1</hdop>
        <extensions>
          <osmand:speed>0.7</osmand:speed>
        </extensions>
      </trkpt>
      <trkpt lat="46.9186502" lon="9.2890985">
        <ele>1820.5</ele>
        <time>2026-06-13T08:17:35Z</time>
        <hdop>4.6</hdop>
        <extensions>
          <osmand:speed>0.5</osmand:speed>
        </extensions>
      </trkpt>
      <trkpt lat="46.918605" lon="9.2890619">
        <ele>1821.5</ele>
        <time>2026-06-13T08:17:41Z</time>
        <hdop>4.1</hdop>
        <extensions>
          <osmand:speed>1.6</osmand:speed>
        </extensions>
      </trkpt>
      <trkpt lat="46.9185888" lon="9.2890174">
        <ele>1823.5</ele>
        <time>2026-06-13T08:17:47Z</time>
        <hdop>4.6</hdop>
        <extensions>
          <osmand:speed>0.8</osmand:speed>
        </extensions>
      </trkpt>
      <trkpt lat="46.9185691" lon="9.2889732">
        <ele>1824.5</ele>
        <time>2026-06-13T08:17:53Z</time>
        <hdop>4.6</hdop>
        <extensions>
          <osmand:speed>1.2</osmand:speed>
        </extensions>
      </trkpt>
      <trkpt lat="46.9185525" lon="9.2889134">
        <ele>1825.5</ele>
        <time>2026-06-13T08:17:59Z</time>
        <hdop>5.1</hdop>
        <extensions>
          <osmand:speed>0.8</osmand:speed>
        </extensions>
      </trkpt>
      <trkpt lat="46.9185358" lon="9.2888472">
        <ele>1825.5</ele>
        <time>2026-06-13T08:18:05Z</time>
        <hdop>4.6</hdop>
        <extensions>
          <osmand:speed>1.2</osmand:speed>
        </extensions>
      </trkpt>
      <trkpt lat="46.9185022" lon="9.2887871">
        <ele>1825.5</ele>
        <time>2026-06-13T08:18:11Z</time>
        <hdop>4.1</hdop>
        <extensions>
          <osmand:speed>1.3</osmand:speed>
        </extensions>
      </trkpt>
      <trkpt lat="46.9184662" lon="9.2887486">
        <ele>1827.5</ele>
        <time>2026-06-13T08:18:17Z</time>
        <hdop>4.6</hdop>
        <extensions>
          <osmand:speed>0.8</osmand:speed>
        </extensions>
      </trkpt>
      <trkpt lat="46.9184342" lon="9.288675">
        <ele>1828.5</ele>
        <time>2026-06-13T08:18:23Z</time>
        <hdop>4.6</hdop>
        <extensions>
          <osmand:speed>1.1</osmand:speed>
        </extensions>
      </trkpt>
      <trkpt lat="46.9184184" lon="9.2885821">
        <ele>1827.5</ele>
        <time>2026-06-13T08:18:29Z</time>
        <hdop>4.1</hdop>
        <extensions>
          <osmand:speed>1</osmand:speed>
        </extensions>
      </trkpt>
      <trkpt lat="46.9183856" lon="9.2885178">
        <ele>1826.5</ele>
        <time>2026-06-13T08:18:35Z</time>
        <hdop>4.1</hdop>
        <extensions>
          <osmand:speed>1.4</osmand:speed>
        </extensions>
      </trkpt>
      <trkpt lat="46.9183452" lon="9.2884575">
        <ele>1826.5</ele>
        <time>2026-06-13T08:18:41Z</time>
        <hdop>4.6</hdop>
        <extensions>
          <osmand:speed>0.7</osmand:speed>
        </extensions>
      </trkpt>
      <trkpt lat="46.9183193" lon="9.2883871">
        <ele>1826.5</ele>
        <time>2026-06-13T08:18:47Z</time>
        <hdop>4.1</hdop>
        <extensions>
          <osmand:speed>0.7</osmand:speed>
        </extensions>
      </trkpt>
      <trkpt lat="46.9183081" lon="9.2883498">
        <ele>1827.5</ele>
        <time>2026-06-13T08:18:53Z</time>
        <hdop>5.1</hdop>
        <extensions>
          <osmand:speed>1.1</osmand:speed>
        </extensions>
      </trkpt>
      <trkpt lat="46.9182645" lon="9.2883286">
        <ele>1829.5</ele>
        <time>2026-06-13T08:18:59Z</time>
        <hdop>4.6</hdop>
        <extensions>
          <osmand:speed>0.9</osmand:speed>
        </extensions>
      </trkpt>
      <trkpt lat="46.918222" lon="9.2883155">
        <ele>1830.5</ele>
        <time>2026-06-13T08:19:05Z</time>
        <hdop>4.1</hdop>
        <extensions>
          <osmand:speed>0.8</osmand:speed>
        </extensions>
      </trkpt>
      <trkpt lat="46.9181784" lon="9.2882607">
        <ele>1829.5</ele>
        <time>2026-06-13T08:19:11Z</time>
        <hdop>5.1</hdop>
        <extensions>
          <osmand:speed>0.9</osmand:speed>
        </extensions>
      </trkpt>
      <trkpt lat="46.9181397" lon="9.2881981">
        <ele>1828.5</ele>
        <time>2026-06-13T08:19:17Z</time>
        <hdop>4.6</hdop>
        <extensions>
          <osmand:speed>1.2</osmand:speed>
        </extensions>
      </trkpt>
      <trkpt lat="46.918095" lon="9.288159">
        <ele>1829.5</ele>
        <time>2026-06-13T08:19:23Z</time>
        <hdop>4.6</hdop>
        <extensions>
          <osmand:speed>0.7</osmand:speed>
        </extensions>
      </trkpt>
      <trkpt lat="46.9180851" lon="9.2880713">
        <ele>1831.5</ele>
        <time>2026-06-13T08:19:29Z</time>
        <hdop>4.1</hdop>
        <extensions>
          <osmand:speed>1.3</osmand:speed>
        </extensions>
      </trkpt>
      <trkpt lat="46.918049" lon="9.2880084">
        <ele>1830.5</ele>
        <time>2026-06-13T08:19:35Z</time>
        <hdop>4.1</hdop>
        <extensions>
          <osmand:speed>1</osmand:speed>
        </extensions>
      </trkpt>
      <trkpt lat="46.9180128" lon="9.2879356">
        <ele>1831.5</ele>
        <time>2026-06-13T08:19:41Z</time>
        <hdop>4.1</hdop>
        <extensions>
          <osmand:speed>0.9</osmand:speed>
        </extensions>
      </trkpt>
      <trkpt lat="46.9179877" lon="9.2878598">
        <ele>1832.5</ele>
        <time>2026-06-13T08:19:47Z</time>
        <hdop>4.6</hdop>
        <extensions>
          <osmand:speed>1.2</osmand:speed>
        </extensions>
      </trkpt>
      <trkpt lat="46.9179489" lon="9.2877864">
        <ele>1832.5</ele>
        <time>2026-06-13T08:19:53Z</time>
        <hdop>4.1</hdop>
        <extensions>
          <osmand:speed>0.9</osmand:speed>
        </extensions>
      </trkpt>
      <trkpt lat="46.9179192" lon="9.2877294">
        <ele>1832.5</ele>
        <time>2026-06-13T08:19:59Z</time>
        <hdop>4.6</hdop>
        <extensions>
          <osmand:speed>0.5</osmand:speed>
        </extensions>
      </trkpt>
      <trkpt lat="46.9178937" lon="9.2876859">
        <ele>1833.5</ele>
        <time>2026-06-13T08:20:05Z</time>
        <hdop>4.6</hdop>
        <extensions>
          <osmand:speed>1.3</osmand:speed>
        </extensions>
      </trkpt>
      <trkpt lat="46.9178853" lon="9.2876118">
        <ele>1833.5</ele>
        <time>2026-06-13T08:20:11Z</time>
        <hdop>4.6</hdop>
        <extensions>
          <osmand:speed>0.4</osmand:speed>
        </extensions>
      </trkpt>
      <trkpt lat="46.9178698" lon="9.2875535">
        <ele>1834.5</ele>
        <time>2026-06-13T08:20:17Z</time>
        <hdop>4.6</hdop>
        <extensions>
          <osmand:speed>0.5</osmand:speed>
        </extensions>
      </trkpt>
      <trkpt lat="46.9178563" lon="9.2874826">
        <ele>1832.5</ele>
        <time>2026-06-13T08:20:23Z</time>
        <hdop>5.1</hdop>
        <extensions>
          <osmand:speed>0.6</osmand:speed>
        </extensions>
      </trkpt>
      <trkpt lat="46.9178385" lon="9.2874064">
        <ele>1830.5</ele>
        <time>2026-06-13T08:20:29Z</time>
        <hdop>4.6</hdop>
        <extensions>
          <osmand:speed>1.2</osmand:speed>
        </extensions>
      </trkpt>
      <trkpt lat="46.9178276" lon="9.2873591">
        <ele>1831.5</ele>
        <time>2026-06-13T08:20:35Z</time>
        <hdop>4.6</hdop>
        <extensions>
          <osmand:speed>0.7</osmand:speed>
        </extensions>
      </trkpt>
      <trkpt lat="46.9178373" lon="9.2873215">
        <ele>1831.5</ele>
        <time>2026-06-13T08:20:41Z</time>
        <hdop>4.6</hdop>
        <extensions>
          <osmand:speed>0.2</osmand:speed>
        </extensions>
      </trkpt>
      <trkpt lat="46.917855" lon="9.2873067">
        <ele>1832.5</ele>
        <time>2026-06-13T08:20:47Z</time>
        <hdop>3.6</hdop>
      </trkpt>
      <trkpt lat="46.9178759" lon="9.2872977">
        <ele>1833.5</ele>
        <time>2026-06-13T08:20:59Z</time>
        <hdop>4.6</hdop>
        <extensions>
          <osmand:speed>0.5</osmand:speed>
        </extensions>
      </trkpt>
      <trkpt lat="46.9178925" lon="9.2872555">
        <ele>1833.5</ele>
        <time>2026-06-13T08:21:05Z</time>
        <hdop>5.1</hdop>
        <extensions>
          <osmand:speed>0.9</osmand:speed>
        </extensions>
      </trkpt>
      <trkpt lat="46.9179139" lon="9.2872231">
        <ele>1832.5</ele>
        <time>2026-06-13T08:21:11Z</time>
        <hdop>5.1</hdop>
        <extensions>
          <osmand:speed>0.9</osmand:speed>
        </extensions>
      </trkpt>
      <trkpt lat="46.9179044" lon="9.2871766">
        <ele>1830.5</ele>
        <time>2026-06-13T08:21:17Z</time>
        <hdop>4.6</hdop>
        <extensions>
          <osmand:speed>0.3</osmand:speed>
        </extensions>
      </trkpt>
      <trkpt lat="46.9178646" lon="9.2871445">
        <ele>1832.5</ele>
        <time>2026-06-13T08:21:23Z</time>
        <hdop>4.6</hdop>
        <extensions>
          <osmand:speed>1.1</osmand:speed>
        </extensions>
      </trkpt>
      <trkpt lat="46.9178227" lon="9.2871079">
        <ele>1835.5</ele>
        <time>2026-06-13T08:21:29Z</time>
        <hdop>4.6</hdop>
        <extensions>
          <osmand:speed>0.7</osmand:speed>
        </extensions>
      </trkpt>
      <trkpt lat="46.9177949" lon="9.2870413">
        <ele>1835.5</ele>
        <time>2026-06-13T08:21:35Z</time>
        <hdop>4.6</hdop>
        <extensions>
          <osmand:speed>0.9</osmand:speed>
        </extensions>
      </trkpt>
      <trkpt lat="46.9177661" lon="9.2869831">
        <ele>1834.5</ele>
        <time>2026-06-13T08:21:41Z</time>
        <hdop>4.6</hdop>
        <extensions>
          <osmand:speed>1</osmand:speed>
        </extensions>
      </trkpt>
      <trkpt lat="46.9177413" lon="9.2869185">
        <ele>1836.5</ele>
        <time>2026-06-13T08:21:47Z</time>
        <hdop>4.6</hdop>
        <extensions>
          <osmand:speed>0.6</osmand:speed>
        </extensions>
      </trkpt>
      <trkpt lat="46.9177002" lon="9.2868866">
        <ele>1838.5</ele>
        <time>2026-06-13T08:21:53Z</time>
        <hdop>5.1</hdop>
        <extensions>
          <osmand:speed>0.8</osmand:speed>
        </extensions>
      </trkpt>
      <trkpt lat="46.9176818" lon="9.2868312">
        <ele>1838.5</ele>
        <time>2026-06-13T08:21:59Z</time>
        <hdop>4.1</hdop>
        <extensions>
          <osmand:speed>0.3</osmand:speed>
        </extensions>
      </trkpt>
      <trkpt lat="46.9176455" lon="9.2867673">
        <ele>1840.5</ele>
        <time>2026-06-13T08:22:05Z</time>
        <hdop>4.6</hdop>
        <extensions>
          <osmand:speed>1.3</osmand:speed>
        </extensions>
      </trkpt>
      <trkpt lat="46.9176142" lon="9.286732">
        <ele>1841.5</ele>
        <time>2026-06-13T08:22:11Z</time>
        <hdop>4.6</hdop>
        <extensions>
          <osmand:speed>0.8</osmand:speed>
        </extensions>
      </trkpt>
      <trkpt lat="46.9176069" lon="9.2866622">
        <ele>1843.5</ele>
        <time>2026-06-13T08:22:17Z</time>
        <hdop>4.6</hdop>
        <extensions>
          <osmand:speed>0.8</osmand:speed>
        </extensions>
      </trkpt>
      <trkpt lat="46.9175572" lon="9.2866085">
        <ele>1844.5</ele>
        <time>2026-06-13T08:22:23Z</time>
        <hdop>4.6</hdop>
        <extensions>
          <osmand:speed>1.2</osmand:speed>
        </extensions>
      </trkpt>
      <trkpt lat="46.9175336" lon="9.2865431">
        <ele>1844.5</ele>
        <time>2026-06-13T08:22:29Z</time>
        <hdop>4.6</hdop>
        <extensions>
          <osmand:speed>0.6</osmand:speed>
        </extensions>
      </trkpt>
      <trkpt lat="46.9175005" lon="9.2864935">
        <ele>1844.5</ele>
        <time>2026-06-13T08:22:35Z</time>
        <hdop>4.1</hdop>
        <extensions>
          <osmand:speed>0.8</osmand:speed>
        </extensions>
      </trkpt>
      <trkpt lat="46.9174916" lon="9.2864356">
        <ele>1845.5</ele>
        <time>2026-06-13T08:22:41Z</time>
        <hdop>4.6</hdop>
        <extensions>
          <osmand:speed>0.6</osmand:speed>
        </extensions>
      </trkpt>
      <trkpt lat="46.9174592" lon="9.2863846">
        <ele>1846.5</ele>
        <time>2026-06-13T08:22:47Z</time>
        <hdop>4.6</hdop>
        <extensions>
          <osmand:speed>0.7</osmand:speed>
        </extensions>
      </trkpt>
      <trkpt lat="46.9174436" lon="9.2863711">
        <ele>1847.5</ele>
        <time>2026-06-13T08:22:53Z</time>
        <hdop>3.6</hdop>
      </trkpt>
      <trkpt lat="46.9174275" lon="9.2863459">
        <ele>1846.5</ele>
        <time>2026-06-13T08:23:08Z</time>
        <hdop>4.1</hdop>
        <extensions>
          <osmand:speed>1.3</osmand:speed>
        </extensions>
      </trkpt>
      <trkpt lat="46.9173979" lon="9.2863068">
        <ele>1846.5</ele>
        <time>2026-06-13T08:23:14Z</time>
        <hdop>4.1</hdop>
        <extensions>
          <osmand:speed>0.6</osmand:speed>
        </extensions>
      </trkpt>
      <trkpt lat="46.9173438" lon="9.286283">
        <ele>1848.5</ele>
        <time>2026-06-13T08:23:20Z</time>
        <hdop>4.6</hdop>
        <extensions>
          <osmand:speed>0.6</osmand:speed>
        </extensions>
      </trkpt>
      <trkpt lat="46.9172945" lon="9.2862177">
        <ele>1847.5</ele>
        <time>2026-06-13T08:23:26Z</time>
        <hdop>4.1</hdop>
        <extensions>
          <osmand:speed>0.9</osmand:speed>
        </extensions>
      </trkpt>
      <trkpt lat="46.9172598" lon="9.2861806">
        <ele>1848.5</ele>
        <time>2026-06-13T08:23:32Z</time>
        <hdop>4.1</hdop>
        <extensions>
          <osmand:speed>1.3</osmand:speed>
        </extensions>
      </trkpt>
      <trkpt lat="46.9172455" lon="9.2861234">
        <ele>1850.5</ele>
        <time>2026-06-13T08:23:38Z</time>
        <hdop>4.6</hdop>
        <extensions>
          <osmand:speed>1.4</osmand:speed>
        </extensions>
      </trkpt>
      <trkpt lat="46.917213" lon="9.2860928">
        <ele>1853.5</ele>
        <time>2026-06-13T08:23:44Z</time>
        <hdop>4.6</hdop>
        <extensions>
          <osmand:speed>0.7</osmand:speed>
        </extensions>
      </trkpt>
      <trkpt lat="46.9171746" lon="9.2860562">
        <ele>1854.5</ele>
        <time>2026-06-13T08:23:50Z</time>
        <hdop>4.1</hdop>
        <extensions>
          <osmand:speed>1.3</osmand:speed>
        </extensions>
      </trkpt>
      <trkpt lat="46.9171417" lon="9.2860159">
        <ele>1854.5</ele>
        <time>2026-06-13T08:23:56Z</time>
        <hdop>4.6</hdop>
        <extensions>
          <osmand:speed>1</osmand:speed>
        </extensions>
      </trkpt>
      <trkpt lat="46.9171215" lon="9.2859735">
        <ele>1857.5</ele>
        <time>2026-06-13T08:24:02Z</time>
        <hdop>4.6</hdop>
        <extensions>
          <osmand:speed>0.9</osmand:speed>
        </extensions>
      </trkpt>
      <trkpt lat="46.9171091" lon="9.2859242">
        <ele>1857.5</ele>
        <time>2026-06-13T08:24:08Z</time>
        <hdop>4.6</hdop>
        <extensions>
          <osmand:speed>0.5</osmand:speed>
        </extensions>
      </trkpt>
      <trkpt lat="46.9170797" lon="9.2858549">
        <ele>1858.5</ele>
        <time>2026-06-13T08:24:14Z</time>
        <hdop>4.6</hdop>
        <extensions>
          <osmand:speed>0.7</osmand:speed>
        </extensions>
      </trkpt>
      <trkpt lat="46.9170597" lon="9.2858065">
        <ele>1858.5</ele>
        <time>2026-06-13T08:24:20Z</time>
        <hdop>4.1</hdop>
        <extensions>
          <osmand:speed>0.2</osmand:speed>
        </extensions>
      </trkpt>
      <trkpt lat="46.9170393" lon="9.2857655">
        <ele>1856.5</ele>
        <time>2026-06-13T08:24:26Z</time>
        <hdop>4.6</hdop>
        <extensions>
          <osmand:speed>1.1</osmand:speed>
        </extensions>
      </trkpt>
      <trkpt lat="46.9170026" lon="9.2857083">
        <ele>1857.5</ele>
        <time>2026-06-13T08:24:32Z</time>
        <hdop>4.6</hdop>
        <extensions>
          <osmand:speed>1.2</osmand:speed>
        </extensions>
      </trkpt>
      <trkpt lat="46.9169755" lon="9.28566">
        <ele>1857.5</ele>
        <time>2026-06-13T08:24:38Z</time>
        <hdop>4.6</hdop>
        <extensions>
          <osmand:speed>0.7</osmand:speed>
        </extensions>
      </trkpt>
      <trkpt lat="46.9169453" lon="9.2856379">
        <ele>1858.5</ele>
        <time>2026-06-13T08:24:44Z</time>
        <hdop>4.1</hdop>
        <extensions>
          <osmand:speed>0.2</osmand:speed>
        </extensions>
      </trkpt>
      <trkpt lat="46.9169052" lon="9.2856095">
        <ele>1859.5</ele>
        <time>2026-06-13T08:24:50Z</time>
        <hdop>4.1</hdop>
        <extensions>
          <osmand:speed>0.5</osmand:speed>
        </extensions>
      </trkpt>
      <trkpt lat="46.9168718" lon="9.2855763">
        <ele>1859.5</ele>
        <time>2026-06-13T08:24:56Z</time>
        <hdop>4.6</hdop>
        <extensions>
          <osmand:speed>0.8</osmand:speed>
        </extensions>
      </trkpt>
      <trkpt lat="46.9168557" lon="9.2855252">
        <ele>1861.5</ele>
        <time>2026-06-13T08:25:02Z</time>
        <hdop>5.6</hdop>
        <extensions>
          <osmand:speed>0.6</osmand:speed>
        </extensions>
      </trkpt>
      <trkpt lat="46.9168239" lon="9.2855062">
        <ele>1862.5</ele>
        <time>2026-06-13T08:25:08Z</time>
        <hdop>4.6</hdop>
        <extensions>
          <osmand:speed>0.8</osmand:speed>
        </extensions>
      </trkpt>
      <trkpt lat="46.9167943" lon="9.2854743">
        <ele>1863.5</ele>
        <time>2026-06-13T08:25:14Z</time>
        <hdop>4.6</hdop>
        <extensions>
          <osmand:speed>0.5</osmand:speed>
        </extensions>
      </trkpt>
      <trkpt lat="46.9167566" lon="9.2854141">
        <ele>1864.5</ele>
        <time>2026-06-13T08:25:20Z</time>
        <hdop>4.1</hdop>
        <extensions>
          <osmand:speed>0.5</osmand:speed>
        </extensions>
      </trkpt>
      <trkpt lat="46.9167234" lon="9.2853816">
        <ele>1863.5</ele>
        <time>2026-06-13T08:25:26Z</time>
        <hdop>4.6</hdop>
        <extensions>
          <osmand:speed>0.7</osmand:speed>
        </extensions>
      </trkpt>
      <trkpt lat="46.9166885" lon="9.2853426">
        <ele>1864.5</ele>
        <time>2026-06-13T08:25:32Z</time>
        <hdop>4.6</hdop>
        <extensions>
          <osmand:speed>1.4</osmand:speed>
        </extensions>
      </trkpt>
      <trkpt lat="46.9166467" lon="9.2853108">
        <ele>1864.5</ele>
        <time>2026-06-13T08:25:38Z</time>
        <hdop>4.1</hdop>
        <extensions>
          <osmand:speed>1.2</osmand:speed>
        </extensions>
      </trkpt>
      <trkpt lat="46.9166146" lon="9.2852905">
        <ele>1865.5</ele>
        <time>2026-06-13T08:25:44Z</time>
        <hdop>5.1</hdop>
        <extensions>
          <osmand:speed>0.9</osmand:speed>
        </extensions>
      </trkpt>
      <trkpt lat="46.9165681" lon="9.2852615">
        <ele>1865.5</ele>
        <time>2026-06-13T08:25:50Z</time>
        <hdop>5.1</hdop>
        <extensions>
          <osmand:speed>0.9</osmand:speed>
        </extensions>
      </trkpt>
      <trkpt lat="46.9165284" lon="9.2852367">
        <ele>1866.5</ele>
        <time>2026-06-13T08:25:56Z</time>
        <hdop>4.6</hdop>
        <extensions>
          <osmand:speed>0.5</osmand:speed>
        </extensions>
      </trkpt>
      <trkpt lat="46.9164747" lon="9.2851802">
        <ele>1868.5</ele>
        <time>2026-06-13T08:26:02Z</time>
        <hdop>5.6</hdop>
        <extensions>
          <osmand:speed>1.7</osmand:speed>
        </extensions>
      </trkpt>
      <trkpt lat="46.9164446" lon="9.2851376">
        <ele>1868.5</ele>
        <time>2026-06-13T08:26:08Z</time>
        <hdop>4.6</hdop>
        <extensions>
          <osmand:speed>1</osmand:speed>
        </extensions>
      </trkpt>
      <trkpt lat="46.9164117" lon="9.2850806">
        <ele>1869.5</ele>
        <time>2026-06-13T08:26:14Z</time>
        <hdop>5.1</hdop>
        <extensions>
          <osmand:speed>0.9</osmand:speed>
        </extensions>
      </trkpt>
      <trkpt lat="46.9163972" lon="9.285055">
        <ele>1870.5</ele>
        <time>2026-06-13T08:26:20Z</time>
        <hdop>5.1</hdop>
        <extensions>
          <osmand:speed>0.7</osmand:speed>
        </extensions>
      </trkpt>
      <trkpt lat="46.9163604" lon="9.2850008">
        <ele>1871.5</ele>
        <time>2026-06-13T08:26:26Z</time>
        <hdop>4.6</hdop>
        <extensions>
          <osmand:speed>0.8</osmand:speed>
        </extensions>
      </trkpt>
      <trkpt lat="46.9163186" lon="9.2849556">
        <ele>1871.5</ele>
        <time>2026-06-13T08:26:32Z</time>
        <hdop>4.1</hdop>
        <extensions>
          <osmand:speed>1</osmand:speed>
        </extensions>
      </trkpt>
      <trkpt lat="46.9162881" lon="9.2848955">
        <ele>1872.5</ele>
        <time>2026-06-13T08:26:38Z</time>
        <hdop>4.6</hdop>
        <extensions>
          <osmand:speed>0.8</osmand:speed>
        </extensions>
      </trkpt>
      <trkpt lat="46.9162737" lon="9.2848671">
        <ele>1873.5</ele>
        <time>2026-06-13T08:26:47Z</time>
        <hdop>3.6</hdop>
        <extensions>
          <osmand:speed>0.7</osmand:speed>
        </extensions>
      </trkpt>
      <trkpt lat="46.9162336" lon="9.2848306">
        <ele>1873.5</ele>
        <time>2026-06-13T08:26:53Z</time>
        <hdop>4.1</hdop>
        <extensions>
          <osmand:speed>1.3</osmand:speed>
        </extensions>
      </trkpt>
      <trkpt lat="46.9162083" lon="9.2848061">
        <ele>1874.5</ele>
        <time>2026-06-13T08:26:59Z</time>
        <hdop>4.6</hdop>
        <extensions>
          <osmand:speed>1.1</osmand:speed>
        </extensions>
      </trkpt>
      <trkpt lat="46.9161764" lon="9.2847674">
        <ele>1875.5</ele>
        <time>2026-06-13T08:27:05Z</time>
        <hdop>4.1</hdop>
        <extensions>
          <osmand:speed>0.9</osmand:speed>
        </extensions>
      </trkpt>
      <trkpt lat="46.9161302" lon="9.2847491">
        <ele>1876.5</ele>
        <time>2026-06-13T08:27:11Z</time>
        <hdop>4.6</hdop>
        <extensions>
          <osmand:speed>1.2</osmand:speed>
        </extensions>
      </trkpt>
      <trkpt lat="46.9161059" lon="9.2846966">
        <ele>1877.5</ele>
        <time>2026-06-13T08:27:17Z</time>
        <hdop>4.6</hdop>
        <extensions>
          <osmand:speed>0.8</osmand:speed>
        </extensions>
      </trkpt>
      <trkpt lat="46.9160723" lon="9.2846483">
        <ele>1878.5</ele>
        <time>2026-06-13T08:27:23Z</time>
        <hdop>4.6</hdop>
        <extensions>
          <osmand:speed>1.3</osmand:speed>
        </extensions>
      </trkpt>
      <trkpt lat="46.9160619" lon="9.28457">
        <ele>1878.5</ele>
        <time>2026-06-13T08:27:29Z</time>
        <hdop>4.1</hdop>
        <extensions>
          <osmand:speed>1.6</osmand:speed>
        </extensions>
      </trkpt>
      <trkpt lat="46.9160376" lon="9.2845243">
        <ele>1879.5</ele>
        <time>2026-06-13T08:27:35Z</time>
        <hdop>5.1</hdop>
        <extensions>
          <osmand:speed>1.2</osmand:speed>
        </extensions>
      </trkpt>
      <trkpt lat="46.9159985" lon="9.2844757">
        <ele>1879.5</ele>
        <time>2026-06-13T08:27:41Z</time>
        <hdop>4.6</hdop>
        <extensions>
          <osmand:speed>0.9</osmand:speed>
        </extensions>
      </trkpt>
      <trkpt lat="46.9159729" lon="9.2844223">
        <ele>1881.5</ele>
        <time>2026-06-13T08:27:47Z</time>
        <hdop>5.1</hdop>
        <extensions>
          <osmand:speed>0.9</osmand:speed>
        </extensions>
      </trkpt>
      <trkpt lat="46.915972" lon="9.2843654">
        <ele>1881.5</ele>
        <time>2026-06-13T08:27:53Z</time>
        <hdop>5.1</hdop>
        <extensions>
          <osmand:speed>0.8</osmand:speed>
        </extensions>
      </trkpt>
      <trkpt lat="46.9159648" lon="9.2842887">
        <ele>1882.5</ele>
        <time>2026-06-13T08:27:59Z</time>
        <hdop>4.6</hdop>
        <extensions>
          <osmand:speed>0.9</osmand:speed>
        </extensions>
      </trkpt>
      <trkpt lat="46.9159453" lon="9.284215">
        <ele>1881.5</ele>
        <time>2026-06-13T08:28:05Z</time>
        <hdop>5.1</hdop>
        <extensions>
          <osmand:speed>1</osmand:speed>
        </extensions>
      </trkpt>
      <trkpt lat="46.9159306" lon="9.284164">
        <ele>1883.5</ele>
        <time>2026-06-13T08:28:11Z</time>
        <hdop>5.1</hdop>
        <extensions>
          <osmand:speed>1</osmand:speed>
        </extensions>
      </trkpt>
      <trkpt lat="46.915902" lon="9.2841232">
        <ele>1884.5</ele>
        <time>2026-06-13T08:28:17Z</time>
        <hdop>5.1</hdop>
        <extensions>
          <osmand:speed>0.5</osmand:speed>
        </extensions>
      </trkpt>
      <trkpt lat="46.9158783" lon="9.2840503">
        <ele>1885.5</ele>
        <time>2026-06-13T08:28:23Z</time>
        <hdop>5.1</hdop>
        <extensions>
          <osmand:speed>1</osmand:speed>
        </extensions>
      </trkpt>
      <trkpt lat="46.9158658" lon="9.2839914">
        <ele>1885.5</ele>
        <time>2026-06-13T08:28:29Z</time>
        <hdop>4.6</hdop>
        <extensions>
          <osmand:speed>0.6</osmand:speed>
        </extensions>
      </trkpt>
      <trkpt lat="46.9158612" lon="9.2839225">
        <ele>1885.5</ele>
        <time>2026-06-13T08:28:35Z</time>
        <hdop>4.6</hdop>
        <extensions>
          <osmand:speed>0.8</osmand:speed>
        </extensions>
      </trkpt>
      <trkpt lat="46.9158395" lon="9.2838815">
        <ele>1884.5</ele>
        <time>2026-06-13T08:28:41Z</time>
        <hdop>3.6</hdop>
      </trkpt>
      <trkpt lat="46.9158485" lon="9.2838549">
        <ele>1887.5</ele>
        <time>2026-06-13T08:28:47Z</time>
        <hdop>4.1</hdop>
        <extensions>
          <osmand:speed>0.8</osmand:speed>
        </extensions>
      </trkpt>
      <trkpt lat="46.915831" lon="9.2838005">
        <ele>1889.5</ele>
        <time>2026-06-13T08:28:53Z</time>
        <hdop>5.1</hdop>
        <extensions>
          <osmand:speed>0.6</osmand:speed>
        </extensions>
      </trkpt>
      <trkpt lat="46.9158142" lon="9.2837542">
        <ele>1890.5</ele>
        <time>2026-06-13T08:28:59Z</time>
        <hdop>5.1</hdop>
        <extensions>
          <osmand:speed>0.8</osmand:speed>
        </extensions>
      </trkpt>
      <trkpt lat="46.9157908" lon="9.2836661">
        <ele>1890.5</ele>
        <time>2026-06-13T08:29:05Z</time>
        <hdop>5.1</hdop>
        <extensions>
          <osmand:speed>0.9</osmand:speed>
        </extensions>
      </trkpt>
      <trkpt lat="46.9157569" lon="9.2835949">
        <ele>1891.5</ele>
        <time>2026-06-13T08:29:11Z</time>
        <hdop>4.6</hdop>
        <extensions>
          <osmand:speed>0.7</osmand:speed>
        </extensions>
      </trkpt>
      <trkpt lat="46.9157304" lon="9.2835341">
        <ele>1892.5</ele>
        <time>2026-06-13T08:29:17Z</time>
        <hdop>4.6</hdop>
        <extensions>
          <osmand:speed>1</osmand:speed>
        </extensions>
      </trkpt>
      <trkpt lat="46.915709" lon="9.2834624">
        <ele>1892.5</ele>
        <time>2026-06-13T08:29:23Z</time>
        <hdop>5.1</hdop>
        <extensions>
          <osmand:speed>0.9</osmand:speed>
        </extensions>
      </trkpt>
      <trkpt lat="46.9156952" lon="9.283383">
        <ele>1893.5</ele>
        <time>2026-06-13T08:29:29Z</time>
        <hdop>4.1</hdop>
        <extensions>
          <osmand:speed>0.7</osmand:speed>
        </extensions>
      </trkpt>
      <trkpt lat="46.9156875" lon="9.2833381">
        <ele>1893.5</ele>
        <time>2026-06-13T08:29:35Z</time>
        <hdop>4.6</hdop>
        <extensions>
          <osmand:speed>0.3</osmand:speed>
        </extensions>
      </trkpt>
      <trkpt lat="46.9156725" lon="9.2832568">
        <ele>1894.5</ele>
        <time>2026-06-13T08:29:41Z</time>
        <hdop>4.1</hdop>
        <extensions>
          <osmand:speed>1.2</osmand:speed>
        </extensions>
      </trkpt>
      <trkpt lat="46.9156571" lon="9.2831851">
        <ele>1895.5</ele>
        <time>2026-06-13T08:29:47Z</time>
        <hdop>5.1</hdop>
        <extensions>
          <osmand:speed>0.9</osmand:speed>
        </extensions>
      </trkpt>
      <trkpt lat="46.9156405" lon="9.2830937">
        <ele>1896.5</ele>
        <time>2026-06-13T08:29:53Z</time>
        <hdop>4.6</hdop>
        <extensions>
          <osmand:speed>1</osmand:speed>
        </extensions>
      </trkpt>
      <trkpt lat="46.9156222" lon="9.2830075">
        <ele>1894.5</ele>
        <time>2026-06-13T08:29:59Z</time>
        <hdop>4.6</hdop>
        <extensions>
          <osmand:speed>1.3</osmand:speed>
        </extensions>
      </trkpt>
      <trkpt lat="46.91561" lon="9.2829503">
        <ele>1895.5</ele>
        <time>2026-06-13T08:30:05Z</time>
        <hdop>4.6</hdop>
        <extensions>
          <osmand:speed>0.8</osmand:speed>
        </extensions>
      </trkpt>
      <trkpt lat="46.9155965" lon="9.2828832">
        <ele>1895.5</ele>
        <time>2026-06-13T08:30:11Z</time>
        <hdop>4.6</hdop>
        <extensions>
          <osmand:speed>0.7</osmand:speed>
        </extensions>
      </trkpt>
      <trkpt lat="46.915589" lon="9.2828145">
        <ele>1896.5</ele>
        <time>2026-06-13T08:30:17Z</time>
        <hdop>4.6</hdop>
        <extensions>
          <osmand:speed>0.7</osmand:speed>
        </extensions>
      </trkpt>
      <trkpt lat="46.9155572" lon="9.2827784">
        <ele>1898.5</ele>
        <time>2026-06-13T08:30:23Z</time>
        <hdop>4.6</hdop>
        <extensions>
          <osmand:speed>1.1</osmand:speed>
        </extensions>
      </trkpt>
      <trkpt lat="46.9155361" lon="9.2827102">
        <ele>1900.5</ele>
        <time>2026-06-13T08:30:29Z</time>
        <hdop>4.1</hdop>
        <extensions>
          <osmand:speed>0.8</osmand:speed>
        </extensions>
      </trkpt>
      <trkpt lat="46.9155168" lon="9.282658">
        <ele>1900.5</ele>
        <time>2026-06-13T08:30:35Z</time>
        <hdop>4.1</hdop>
        <extensions>
          <osmand:speed>0.5</osmand:speed>
        </extensions>
      </trkpt>
      <trkpt lat="46.9155243" lon="9.2826207">
        <ele>1901.5</ele>
        <time>2026-06-13T08:30:46Z</time>
        <hdop>4.1</hdop>
        <extensions>
          <osmand:speed>0.5</osmand:speed>
        </extensions>
      </trkpt>
      <trkpt lat="46.915519" lon="9.2825638">
        <ele>1901.5</ele>
        <time>2026-06-13T08:30:52Z</time>
        <hdop>4.6</hdop>
        <extensions>
          <osmand:speed>0.8</osmand:speed>
        </extensions>
      </trkpt>
      <trkpt lat="46.9154946" lon="9.282494">
        <ele>1901.5</ele>
        <time>2026-06-13T08:30:58Z</time>
        <hdop>4.6</hdop>
        <extensions>
          <osmand:speed>0.9</osmand:speed>
        </extensions>
      </trkpt>
      <trkpt lat="46.9154717" lon="9.2824486">
        <ele>1903.5</ele>
        <time>2026-06-13T08:31:04Z</time>
        <hdop>4.6</hdop>
        <extensions>
          <osmand:speed>1.1</osmand:speed>
        </extensions>
      </trkpt>
      <trkpt lat="46.9154542" lon="9.282388">
        <ele>1904.5</ele>
        <time>2026-06-13T08:31:10Z</time>
        <hdop>5.1</hdop>
        <extensions>
          <osmand:speed>0.6</osmand:speed>
        </extensions>
      </trkpt>
      <trkpt lat="46.9154398" lon="9.2823372">
        <ele>1904.5</ele>
        <time>2026-06-13T08:31:16Z</time>
        <hdop>4.6</hdop>
        <extensions>
          <osmand:speed>0.6</osmand:speed>
        </extensions>
      </trkpt>
      <trkpt lat="46.9154155" lon="9.2823108">
        <ele>1905.5</ele>
        <time>2026-06-13T08:31:22Z</time>
        <hdop>4.1</hdop>
        <extensions>
          <osmand:speed>0.7</osmand:speed>
        </extensions>
      </trkpt>
      <trkpt lat="46.915391" lon="9.2822989">
        <ele>1905.5</ele>
        <time>2026-06-13T08:31:28Z</time>
        <hdop>4.1</hdop>
        <extensions>
          <osmand:speed>0.7</osmand:speed>
        </extensions>
      </trkpt>
      <trkpt lat="46.9153562" lon="9.2822922">
        <ele>1906.5</ele>
        <time>2026-06-13T08:31:34Z</time>
        <hdop>4.6</hdop>
        <extensions>
          <osmand:speed>0.8</osmand:speed>
        </extensions>
      </trkpt>
      <trkpt lat="46.9153162" lon="9.282272">
        <ele>1906.5</ele>
        <time>2026-06-13T08:31:40Z</time>
        <hdop>3.6</hdop>
      </trkpt>
      <trkpt lat="46.9152749" lon="9.2822321">
        <ele>1908.5</ele>
        <time>2026-06-13T08:31:46Z</time>
        <hdop>4.6</hdop>
        <extensions>
          <osmand:speed>0.6</osmand:speed>
        </extensions>
      </trkpt>
      <trkpt lat="46.9152346" lon="9.2822325">
        <ele>1908.5</ele>
        <time>2026-06-13T08:31:52Z</time>
        <hdop>4.6</hdop>
        <extensions>
          <osmand:speed>0.6</osmand:speed>
        </extensions>
      </trkpt>
      <trkpt lat="46.9152016" lon="9.2822403">
        <ele>1909.5</ele>
        <time>2026-06-13T08:31:58Z</time>
        <hdop>4.6</hdop>
        <extensions>
          <osmand:speed>1</osmand:speed>
        </extensions>
      </trkpt>
      <trkpt lat="46.915157" lon="9.2822205">
        <ele>1909.5</ele>
        <time>2026-06-13T08:32:04Z</time>
        <hdop>5.1</hdop>
        <extensions>
          <osmand:speed>0.9</osmand:speed>
        </extensions>
      </trkpt>
      <trkpt lat="46.9151361" lon="9.2821694">
        <ele>1909.5</ele>
        <time>2026-06-13T08:32:10Z</time>
        <hdop>5.6</hdop>
        <extensions>
          <osmand:speed>0.6</osmand:speed>
        </extensions>
      </trkpt>
      <trkpt lat="46.9150977" lon="9.2821641">
        <ele>1910.5</ele>
        <time>2026-06-13T08:32:16Z</time>
        <hdop>5.6</hdop>
        <extensions>
          <osmand:speed>0.7</osmand:speed>
        </extensions>
      </trkpt>
      <trkpt lat="46.9150657" lon="9.2821454">
        <ele>1911.5</ele>
        <time>2026-06-13T08:32:22Z</time>
        <hdop>4.6</hdop>
        <extensions>
          <osmand:speed>0.4</osmand:speed>
        </extensions>
      </trkpt>
      <trkpt lat="46.9150161" lon="9.28213">
        <ele>1913.5</ele>
        <time>2026-06-13T08:32:28Z</time>
        <hdop>6.1</hdop>
        <extensions>
          <osmand:speed>0.6</osmand:speed>
        </extensions>
      </trkpt>
      <trkpt lat="46.914978" lon="9.2820799">
        <ele>1914.5</ele>
        <time>2026-06-13T08:32:34Z</time>
        <hdop>5.6</hdop>
        <extensions>
          <osmand:speed>0.8</osmand:speed>
        </extensions>
      </trkpt>
      <trkpt lat="46.9149523" lon="9.2820233">
        <ele>1914.5</ele>
        <time>2026-06-13T08:32:40Z</time>
        <hdop>7.1</hdop>
        <extensions>
          <osmand:speed>0.7</osmand:speed>
        </extensions>
      </trkpt>
      <trkpt lat="46.9149129" lon="9.2819896">
        <ele>1916.5</ele>
        <time>2026-06-13T08:32:46Z</time>
        <hdop>5.1</hdop>
        <extensions>
          <osmand:speed>0.7</osmand:speed>
        </extensions>
      </trkpt>
      <trkpt lat="46.9148826" lon="9.2819271">
        <ele>1916.5</ele>
        <time>2026-06-13T08:32:52Z</time>
        <hdop>5.6</hdop>
        <extensions>
          <osmand:speed>0.8</osmand:speed>
        </extensions>
      </trkpt>
      <trkpt lat="46.9148522" lon="9.2818796">
        <ele>1916.5</ele>
        <time>2026-06-13T08:32:58Z</time>
        <hdop>5.6</hdop>
        <extensions>
          <osmand:speed>0.8</osmand:speed>
        </extensions>
      </trkpt>
      <trkpt lat="46.9148416" lon="9.2818507">
        <ele>1916.5</ele>
        <time>2026-06-13T08:33:04Z</time>
        <hdop>5.6</hdop>
        <extensions>
          <osmand:speed>0.8</osmand:speed>
        </extensions>
      </trkpt>
      <trkpt lat="46.9148222" lon="9.2818255">
        <ele>1918.5</ele>
        <time>2026-06-13T08:33:10Z</time>
        <hdop>4.6</hdop>
        <extensions>
          <osmand:speed>0.2</osmand:speed>
        </extensions>
      </trkpt>
      <trkpt lat="46.9147938" lon="9.2817849">
        <ele>1919.5</ele>
        <time>2026-06-13T08:33:16Z</time>
        <hdop>4.6</hdop>
        <extensions>
          <osmand:speed>0.6</osmand:speed>
        </extensions>
      </trkpt>
      <trkpt lat="46.9147749" lon="9.2817648">
        <ele>1919.5</ele>
        <time>2026-06-13T08:33:22Z</time>
        <hdop>5.6</hdop>
        <extensions>
          <osmand:speed>0.4</osmand:speed>
        </extensions>
      </trkpt>
      <trkpt lat="46.9147436" lon="9.2817094">
        <ele>1919.5</ele>
        <time>2026-06-13T08:33:28Z</time>
        <hdop>4.6</hdop>
        <extensions>
          <osmand:speed>0.8</osmand:speed>
        </extensions>
      </trkpt>
      <trkpt lat="46.9147098" lon="9.2816893">
        <ele>1920.5</ele>
        <time>2026-06-13T08:33:34Z</time>
        <hdop>5.1</hdop>
        <extensions>
          <osmand:speed>0.4</osmand:speed>
        </extensions>
      </trkpt>
      <trkpt lat="46.9146887" lon="9.2816599">
        <ele>1920.5</ele>
        <time>2026-06-13T08:33:40Z</time>
        <hdop>5.6</hdop>
        <extensions>
          <osmand:speed>0.6</osmand:speed>
        </extensions>
      </trkpt>
      <trkpt lat="46.9146726" lon="9.2816276">
        <ele>1923.5</ele>
        <time>2026-06-13T08:33:46Z</time>
        <hdop>5.1</hdop>
        <extensions>
          <osmand:speed>1.1</osmand:speed>
        </extensions>
      </trkpt>
      <trkpt lat="46.9146845" lon="9.2815433">
        <ele>1923.5</ele>
        <time>2026-06-13T08:33:52Z</time>
        <hdop>6.1</hdop>
        <extensions>
          <osmand:speed>1.1</osmand:speed>
        </extensions>
      </trkpt>
      <trkpt lat="46.9146764" lon="9.2815083">
        <ele>1922.5</ele>
        <time>2026-06-13T08:33:58Z</time>
        <hdop>6.1</hdop>
        <extensions>
          <osmand:speed>0.6</osmand:speed>
        </extensions>
      </trkpt>
      <trkpt lat="46.9146026" lon="9.281501">
        <ele>1939.5</ele>
        <time>2026-06-13T08:34:40Z</time>
        <hdop>1</hdop>
      </trkpt>
      <trkpt lat="46.9146223" lon="9.2815164">
        <ele>1939.5</ele>
        <time>2026-06-13T08:37:57Z</time>
        <hdop>1.5</hdop>
      </trkpt>
      <trkpt lat="46.914644" lon="9.2814987">
        <ele>1939.5</ele>
        <time>2026-06-13T08:40:56Z</time>
        <hdop>6.1</hdop>
        <extensions>
          <osmand:speed>1.2</osmand:speed>
        </extensions>
      </trkpt>
      <trkpt lat="46.9146177" lon="9.2815121">
        <ele>1930.5</ele>
        <time>2026-06-13T08:41:39Z</time>
        <hdop>14.8</hdop>
        <extensions>
          <osmand:speed>0</osmand:speed>
        </extensions>
      </trkpt>
      <trkpt lat="46.9146268" lon="9.2815497">
        <ele>1921.5</ele>
        <time>2026-06-13T08:42:09Z</time>
        <hdop>14.3</hdop>
        <extensions>
          <osmand:speed>0.8</osmand:speed>
        </extensions>
      </trkpt>
      <trkpt lat="46.914625" lon="9.281593">
        <ele>1931.5</ele>
        <time>2026-06-13T08:42:15Z</time>
        <hdop>10.7</hdop>
        <extensions>
          <osmand:speed>0.5</osmand:speed>
        </extensions>
      </trkpt>
      <trkpt lat="46.9145802" lon="9.2815815">
        <ele>1932.5</ele>
        <time>2026-06-13T08:42:21Z</time>
        <hdop>8.7</hdop>
        <extensions>
          <osmand:speed>0.9</osmand:speed>
        </extensions>
      </trkpt>
      <trkpt lat="46.9145507" lon="9.2815405">
        <ele>1936.5</ele>
        <time>2026-06-13T08:42:27Z</time>
        <hdop>7.7</hdop>
        <extensions>
          <osmand:speed>1.1</osmand:speed>
        </extensions>
      </trkpt>
      <trkpt lat="46.9145068" lon="9.2815064">
        <ele>1935.5</ele>
        <time>2026-06-13T08:42:33Z</time>
        <hdop>7.7</hdop>
        <extensions>
          <osmand:speed>1</osmand:speed>
        </extensions>
      </trkpt>
      <trkpt lat="46.9144822" lon="9.2814934">
        <ele>1934.5</ele>
        <time>2026-06-13T08:42:39Z</time>
        <hdop>9.2</hdop>
        <extensions>
          <osmand:speed>0.6</osmand:speed>
        </extensions>
      </trkpt>
      <trkpt lat="46.9144398" lon="9.2814841">
        <ele>1935.5</ele>
        <time>2026-06-13T08:42:45Z</time>
        <hdop>7.1</hdop>
        <extensions>
          <osmand:speed>1.2</osmand:speed>
        </extensions>
      </trkpt>
      <trkpt lat="46.9143944" lon="9.2814769">
        <ele>1935.5</ele>
        <time>2026-06-13T08:42:51Z</time>
        <hdop>7.7</hdop>
        <extensions>
          <osmand:speed>0.7</osmand:speed>
        </extensions>
      </trkpt>
      <trkpt lat="46.9143605" lon="9.2815059">
        <ele>1934.5</ele>
        <time>2026-06-13T08:42:57Z</time>
        <hdop>8.7</hdop>
        <extensions>
          <osmand:speed>0.9</osmand:speed>
        </extensions>
      </trkpt>
      <trkpt lat="46.9143329" lon="9.281547">
        <ele>1936.5</ele>
        <time>2026-06-13T08:43:03Z</time>
        <hdop>8.7</hdop>
        <extensions>
          <osmand:speed>1.1</osmand:speed>
        </extensions>
      </trkpt>
      <trkpt lat="46.9143054" lon="9.281562">
        <ele>1937.5</ele>
        <time>2026-06-13T08:43:09Z</time>
        <hdop>9.2</hdop>
        <extensions>
          <osmand:speed>0.4</osmand:speed>
        </extensions>
      </trkpt>
      <trkpt lat="46.9142496" lon="9.2815924">
        <ele>1939.5</ele>
        <time>2026-06-13T08:43:15Z</time>
        <hdop>8.7</hdop>
        <extensions>
          <osmand:speed>0.5</osmand:speed>
        </extensions>
      </trkpt>
      <trkpt lat="46.914238" lon="9.2815352">
        <ele>1940.5</ele>
        <time>2026-06-13T08:43:21Z</time>
        <hdop>10.7</hdop>
        <extensions>
          <osmand:speed>0.4</osmand:speed>
        </extensions>
      </trkpt>
      <trkpt lat="46.9142279" lon="9.281467">
        <ele>1940.5</ele>
        <time>2026-06-13T08:43:27Z</time>
        <hdop>9.2</hdop>
        <extensions>
          <osmand:speed>0.8</osmand:speed>
        </extensions>
      </trkpt>
      <trkpt lat="46.9141871" lon="9.2814438">
        <ele>1940.5</ele>
        <time>2026-06-13T08:43:33Z</time>
        <hdop>8.2</hdop>
        <extensions>
          <osmand:speed>0.7</osmand:speed>
        </extensions>
      </trkpt>
      <trkpt lat="46.9141806" lon="9.2813905">
        <ele>1939.5</ele>
        <time>2026-06-13T08:43:39Z</time>
        <hdop>10.2</hdop>
        <extensions>
          <osmand:speed>1.1</osmand:speed>
        </extensions>
      </trkpt>
      <trkpt lat="46.9141532" lon="9.2813575">
        <ele>1937.5</ele>
        <time>2026-06-13T08:43:45Z</time>
        <hdop>11.2</hdop>
        <extensions>
          <osmand:speed>0.9</osmand:speed>
        </extensions>
      </trkpt>
      <trkpt lat="46.9141005" lon="9.2813354">
        <ele>1937.5</ele>
        <time>2026-06-13T08:43:51Z</time>
        <hdop>11.7</hdop>
        <extensions>
          <osmand:speed>1</osmand:speed>
        </extensions>
      </trkpt>
      <trkpt lat="46.9140847" lon="9.2812973">
        <ele>1938.5</ele>
        <time>2026-06-13T08:43:57Z</time>
        <hdop>7.1</hdop>
        <extensions>
          <osmand:speed>0.1</osmand:speed>
        </extensions>
      </trkpt>
      <trkpt lat="46.9140609" lon="9.2812879">
        <ele>1935.5</ele>
        <time>2026-06-13T08:44:09Z</time>
        <hdop>5.6</hdop>
        <extensions>
          <osmand:speed>0.9</osmand:speed>
        </extensions>
      </trkpt>
      <trkpt lat="46.9140273" lon="9.2812457">
        <ele>1935.5</ele>
        <time>2026-06-13T08:44:15Z</time>
        <hdop>10.2</hdop>
        <extensions>
          <osmand:speed>0.6</osmand:speed>
        </extensions>
      </trkpt>
      <trkpt lat="46.9140085" lon="9.2812298">
        <ele>1936.5</ele>
        <time>2026-06-13T08:44:21Z</time>
        <hdop>6.6</hdop>
        <extensions>
          <osmand:speed>0.2</osmand:speed>
        </extensions>
      </trkpt>
      <trkpt lat="46.913974" lon="9.2811647">
        <ele>1936.5</ele>
        <time>2026-06-13T08:44:27Z</time>
        <hdop>9.7</hdop>
        <extensions>
          <osmand:speed>0.6</osmand:speed>
        </extensions>
      </trkpt>
      <trkpt lat="46.9139285" lon="9.2811298">
        <ele>1937.5</ele>
        <time>2026-06-13T08:44:33Z</time>
        <hdop>10.2</hdop>
        <extensions>
          <osmand:speed>1.4</osmand:speed>
        </extensions>
      </trkpt>
      <trkpt lat="46.9139103" lon="9.2810962">
        <ele>1938.5</ele>
        <time>2026-06-13T08:44:39Z</time>
        <hdop>12.2</hdop>
        <extensions>
          <osmand:speed>0.5</osmand:speed>
        </extensions>
      </trkpt>
      <trkpt lat="46.9138898" lon="9.2810206">
        <ele>1939.5</ele>
        <time>2026-06-13T08:44:45Z</time>
        <hdop>8.7</hdop>
        <extensions>
          <osmand:speed>1.4</osmand:speed>
        </extensions>
      </trkpt>
      <trkpt lat="46.9138759" lon="9.2809212">
        <ele>1939.5</ele>
        <time>2026-06-13T08:44:51Z</time>
        <hdop>7.1</hdop>
        <extensions>
          <osmand:speed>1.3</osmand:speed>
        </extensions>
      </trkpt>
      <trkpt lat="46.9138697" lon="9.2808451">
        <ele>1938.5</ele>
        <time>2026-06-13T08:44:57Z</time>
        <hdop>8.7</hdop>
        <extensions>
          <osmand:speed>0.8</osmand:speed>
        </extensions>
      </trkpt>
      <trkpt lat="46.9138493" lon="9.2807562">
        <ele>1940.5</ele>
        <time>2026-06-13T08:45:03Z</time>
        <hdop>6.6</hdop>
        <extensions>
          <osmand:speed>0.8</osmand:speed>
        </extensions>
      </trkpt>
      <trkpt lat="46.9138705" lon="9.2807257">
        <ele>1942.5</ele>
        <time>2026-06-13T08:45:09Z</time>
        <hdop>6.6</hdop>
        <extensions>
          <osmand:speed>0.2</osmand:speed>
        </extensions>
      </trkpt>
      <trkpt lat="46.9138787" lon="9.280676">
        <ele>1942.5</ele>
        <time>2026-06-13T08:45:15Z</time>
        <hdop>7.1</hdop>
        <extensions>
          <osmand:speed>0.4</osmand:speed>
        </extensions>
      </trkpt>
      <trkpt lat="46.9138872" lon="9.2806059">
        <ele>1943.5</ele>
        <time>2026-06-13T08:45:21Z</time>
        <hdop>8.2</hdop>
        <extensions>
          <osmand:speed>0.9</osmand:speed>
        </extensions>
      </trkpt>
      <trkpt lat="46.9138857" lon="9.2805513">
        <ele>1945.5</ele>
        <time>2026-06-13T08:45:27Z</time>
        <hdop>8.2</hdop>
        <extensions>
          <osmand:speed>1</osmand:speed>
        </extensions>
      </trkpt>
      <trkpt lat="46.9138873" lon="9.2804854">
        <ele>1947.5</ele>
        <time>2026-06-13T08:45:33Z</time>
        <hdop>5.6</hdop>
        <extensions>
          <osmand:speed>0.9</osmand:speed>
        </extensions>
      </trkpt>
      <trkpt lat="46.913889" lon="9.2804299">
        <ele>1948.5</ele>
        <time>2026-06-13T08:45:39Z</time>
        <hdop>7.1</hdop>
        <extensions>
          <osmand:speed>0</osmand:speed>
        </extensions>
      </trkpt>
      <trkpt lat="46.913886" lon="9.2804034">
        <ele>1950.5</ele>
        <time>2026-06-13T08:46:04Z</time>
        <hdop>5.1</hdop>
        <extensions>
          <osmand:speed>0.1</osmand:speed>
        </extensions>
      </trkpt>
      <trkpt lat="46.9138962" lon="9.2803782">
        <ele>1950.5</ele>
        <time>2026-06-13T08:46:14Z</time>
        <hdop>4.6</hdop>
        <extensions>
          <osmand:speed>0.6</osmand:speed>
        </extensions>
      </trkpt>
      <trkpt lat="46.9138759" lon="9.2803719">
        <ele>1950.5</ele>
        <time>2026-06-13T08:46:26Z</time>
        <hdop>3.6</hdop>
        <extensions>
          <osmand:speed>0.8</osmand:speed>
        </extensions>
      </trkpt>
      <trkpt lat="46.9138403" lon="9.2803341">
        <ele>1950.5</ele>
        <time>2026-06-13T08:46:32Z</time>
        <hdop>4.6</hdop>
        <extensions>
          <osmand:speed>1.1</osmand:speed>
        </extensions>
      </trkpt>
      <trkpt lat="46.9137944" lon="9.2803161">
        <ele>1951.5</ele>
        <time>2026-06-13T08:46:38Z</time>
        <hdop>5.6</hdop>
        <extensions>
          <osmand:speed>1.6</osmand:speed>
        </extensions>
      </trkpt>
      <trkpt lat="46.9137656" lon="9.2803062">
        <ele>1952.5</ele>
        <time>2026-06-13T08:46:44Z</time>
        <hdop>6.1</hdop>
        <extensions>
          <osmand:speed>0</osmand:speed>
        </extensions>
      </trkpt>
      <trkpt lat="46.9137843" lon="9.2802565">
        <ele>1951.5</ele>
        <time>2026-06-13T08:46:50Z</time>
        <hdop>5.6</hdop>
        <extensions>
          <osmand:speed>1</osmand:speed>
        </extensions>
      </trkpt>
      <trkpt lat="46.9137627" lon="9.2802591">
        <ele>1951.5</ele>
        <time>2026-06-13T08:47:06Z</time>
        <hdop>5.1</hdop>
        <extensions>
          <osmand:speed>1</osmand:speed>
        </extensions>
      </trkpt>
      <trkpt lat="46.9137224" lon="9.2802172">
        <ele>1951.5</ele>
        <time>2026-06-13T08:47:12Z</time>
        <hdop>7.1</hdop>
        <extensions>
          <osmand:speed>0.1</osmand:speed>
        </extensions>
      </trkpt>
      <trkpt lat="46.9136954" lon="9.2802199">
        <ele>1952.5</ele>
        <time>2026-06-13T08:47:18Z</time>
        <hdop>5.6</hdop>
        <extensions>
          <osmand:speed>0.8</osmand:speed>
        </extensions>
      </trkpt>
      <trkpt lat="46.9136732" lon="9.2801647">
        <ele>1951.5</ele>
        <time>2026-06-13T08:47:24Z</time>
        <hdop>6.1</hdop>
        <extensions>
          <osmand:speed>0.3</osmand:speed>
        </extensions>
      </trkpt>
      <trkpt lat="46.9136535" lon="9.2801582">
        <ele>1951.5</ele>
        <time>2026-06-13T08:47:31Z</time>
        <hdop>6.6</hdop>
        <extensions>
          <osmand:speed>0.2</osmand:speed>
        </extensions>
      </trkpt>
      <trkpt lat="46.9136653" lon="9.2801143">
        <ele>1951.5</ele>
        <time>2026-06-13T08:47:37Z</time>
        <hdop>8.7</hdop>
        <extensions>
          <osmand:speed>0.1</osmand:speed>
        </extensions>
      </trkpt>
      <trkpt lat="46.9136612" lon="9.2800812">
        <ele>1952.5</ele>
        <time>2026-06-13T08:47:44Z</time>
        <hdop>6.1</hdop>
        <extensions>
          <osmand:speed>0.6</osmand:speed>
        </extensions>
      </trkpt>
      <trkpt lat="46.9136327" lon="9.280037">
        <ele>1954.5</ele>
        <time>2026-06-13T08:47:50Z</time>
        <hdop>7.1</hdop>
        <extensions>
          <osmand:speed>0.4</osmand:speed>
        </extensions>
      </trkpt>
      <trkpt lat="46.9136399" lon="9.2800015">
        <ele>1956.5</ele>
        <time>2026-06-13T08:47:56Z</time>
        <hdop>5.6</hdop>
        <extensions>
          <osmand:speed>0.5</osmand:speed>
        </extensions>
      </trkpt>
      <trkpt lat="46.9136794" lon="9.2799871">
        <ele>1956.5</ele>
        <time>2026-06-13T08:48:02Z</time>
        <hdop>6.1</hdop>
        <extensions>
          <osmand:speed>0.1</osmand:speed>
        </extensions>
      </trkpt>
      <trkpt lat="46.9137048" lon="9.2799662">
        <ele>1958.5</ele>
        <time>2026-06-13T08:48:09Z</time>
        <hdop>6.1</hdop>
        <extensions>
          <osmand:speed>0.6</osmand:speed>
        </extensions>
      </trkpt>
      <trkpt lat="46.9136786" lon="9.2799783">
        <ele>1958.5</ele>
        <time>2026-06-13T08:48:15Z</time>
        <hdop>7.7</hdop>
        <extensions>
          <osmand:speed>0.4</osmand:speed>
        </extensions>
      </trkpt>
      <trkpt lat="46.9136603" lon="9.2799731">
        <ele>1958.5</ele>
        <time>2026-06-13T08:48:21Z</time>
        <hdop>7.1</hdop>
        <extensions>
          <osmand:speed>0.3</osmand:speed>
        </extensions>
      </trkpt>
      <trkpt lat="46.9136482" lon="9.2799374">
        <ele>1959.5</ele>
        <time>2026-06-13T08:48:28Z</time>
        <hdop>5.6</hdop>
        <extensions>
          <osmand:speed>0.6</osmand:speed>
        </extensions>
      </trkpt>
      <trkpt lat="46.9136239" lon="9.2799364">
        <ele>1961.5</ele>
        <time>2026-06-13T08:48:35Z</time>
        <hdop>6.1</hdop>
        <extensions>
          <osmand:speed>0.7</osmand:speed>
        </extensions>
      </trkpt>
      <trkpt lat="46.9135744" lon="9.2799266">
        <ele>1962.5</ele>
        <time>2026-06-13T08:48:41Z</time>
        <hdop>5.1</hdop>
        <extensions>
          <osmand:speed>0.9</osmand:speed>
        </extensions>
      </trkpt>
      <trkpt lat="46.9135388" lon="9.2799318">
        <ele>1965.5</ele>
        <time>2026-06-13T08:48:47Z</time>
        <hdop>6.1</hdop>
        <extensions>
          <osmand:speed>0.3</osmand:speed>
        </extensions>
      </trkpt>
      <trkpt lat="46.9135137" lon="9.2799272">
        <ele>1967.5</ele>
        <time>2026-06-13T08:48:58Z</time>
        <hdop>6.1</hdop>
        <extensions>
          <osmand:speed>0.4</osmand:speed>
        </extensions>
      </trkpt>
      <trkpt lat="46.9135003" lon="9.2799073">
        <ele>1968.5</ele>
        <time>2026-06-13T08:49:05Z</time>
        <hdop>6.6</hdop>
        <extensions>
          <osmand:speed>0.5</osmand:speed>
        </extensions>
      </trkpt>
      <trkpt lat="46.9134623" lon="9.27989">
        <ele>1969.5</ele>
        <time>2026-06-13T08:49:11Z</time>
        <hdop>6.1</hdop>
        <extensions>
          <osmand:speed>1.1</osmand:speed>
        </extensions>
      </trkpt>
      <trkpt lat="46.913453" lon="9.2798575">
        <ele>1970.5</ele>
        <time>2026-06-13T08:49:17Z</time>
        <hdop>6.1</hdop>
        <extensions>
          <osmand:speed>0.5</osmand:speed>
        </extensions>
      </trkpt>
      <trkpt lat="46.9134465" lon="9.2798113">
        <ele>1971.5</ele>
        <time>2026-06-13T08:49:23Z</time>
        <hdop>5.1</hdop>
        <extensions>
          <osmand:speed>0.3</osmand:speed>
        </extensions>
      </trkpt>
      <trkpt lat="46.913444" lon="9.279779">
        <ele>1971.5</ele>
        <time>2026-06-13T08:49:29Z</time>
        <hdop>6.6</hdop>
        <extensions>
          <osmand:speed>0.7</osmand:speed>
        </extensions>
      </trkpt>
      <trkpt lat="46.913433" lon="9.2797203">
        <ele>1972.5</ele>
        <time>2026-06-13T08:49:35Z</time>
        <hdop>5.6</hdop>
        <extensions>
          <osmand:speed>0.6</osmand:speed>
        </extensions>
      </trkpt>
      <trkpt lat="46.913425" lon="9.2796855">
        <ele>1972.5</ele>
        <time>2026-06-13T08:49:41Z</time>
        <hdop>6.1</hdop>
        <extensions>
          <osmand:speed>0.2</osmand:speed>
        </extensions>
      </trkpt>
      <trkpt lat="46.9134064" lon="9.2796524">
        <ele>1973.5</ele>
        <time>2026-06-13T08:49:47Z</time>
        <hdop>5.1</hdop>
        <extensions>
          <osmand:speed>0.9</osmand:speed>
        </extensions>
      </trkpt>
      <trkpt lat="46.9133945" lon="9.2796161">
        <ele>1973.5</ele>
        <time>2026-06-13T08:49:53Z</time>
        <hdop>5.6</hdop>
        <extensions>
          <osmand:speed>0.8</osmand:speed>
        </extensions>
      </trkpt>
      <trkpt lat="46.9134024" lon="9.2795742">
        <ele>1973.5</ele>
        <time>2026-06-13T08:50:04Z</time>
        <hdop>5.1</hdop>
        <extensions>
          <osmand:speed>1</osmand:speed>
        </extensions>
      </trkpt>
      <trkpt lat="46.9134193" lon="9.279517">
        <ele>1974.5</ele>
        <time>2026-06-13T08:50:10Z</time>
        <hdop>6.1</hdop>
        <extensions>
          <osmand:speed>0.6</osmand:speed>
        </extensions>
      </trkpt>
      <trkpt lat="46.9134639" lon="9.2794841">
        <ele>1975.5</ele>
        <time>2026-06-13T08:50:16Z</time>
        <hdop>5.6</hdop>
        <extensions>
          <osmand:speed>0.6</osmand:speed>
        </extensions>
      </trkpt>
      <trkpt lat="46.9134761" lon="9.2794292">
        <ele>1974.5</ele>
        <time>2026-06-13T08:50:22Z</time>
        <hdop>5.6</hdop>
        <extensions>
          <osmand:speed>1.2</osmand:speed>
        </extensions>
      </trkpt>
      <trkpt lat="46.913488" lon="9.2794075">
        <ele>1975.5</ele>
        <time>2026-06-13T08:50:35Z</time>
        <hdop>8.2</hdop>
        <extensions>
          <osmand:speed>0.5</osmand:speed>
        </extensions>
      </trkpt>
      <trkpt lat="46.9135179" lon="9.2793867">
        <ele>1975.5</ele>
        <time>2026-06-13T08:50:41Z</time>
        <hdop>5.6</hdop>
        <extensions>
          <osmand:speed>0.2</osmand:speed>
        </extensions>
      </trkpt>
      <trkpt lat="46.9135512" lon="9.279366">
        <ele>1977.5</ele>
        <time>2026-06-13T08:50:47Z</time>
        <hdop>5.6</hdop>
        <extensions>
          <osmand:speed>0.6</osmand:speed>
        </extensions>
      </trkpt>
      <trkpt lat="46.9135839" lon="9.2793561">
        <ele>1980.5</ele>
        <time>2026-06-13T08:50:53Z</time>
        <hdop>6.1</hdop>
        <extensions>
          <osmand:speed>0.1</osmand:speed>
        </extensions>
      </trkpt>
      <trkpt lat="46.9136076" lon="9.2793514">
        <ele>1981.5</ele>
        <time>2026-06-13T08:51:01Z</time>
        <hdop>9.2</hdop>
        <extensions>
          <osmand:speed>0.6</osmand:speed>
        </extensions>
      </trkpt>
      <trkpt lat="46.9136032" lon="9.2793252">
        <ele>1980.5</ele>
        <time>2026-06-13T08:51:08Z</time>
        <hdop>6.6</hdop>
        <extensions>
          <osmand:speed>0.2</osmand:speed>
        </extensions>
      </trkpt>
      <trkpt lat="46.9136334" lon="9.2793173">
        <ele>1979.5</ele>
        <time>2026-06-13T08:51:14Z</time>
        <hdop>6.6</hdop>
        <extensions>
          <osmand:speed>0.3</osmand:speed>
        </extensions>
      </trkpt>
      <trkpt lat="46.9136428" lon="9.2792883">
        <ele>1980.5</ele>
        <time>2026-06-13T08:51:20Z</time>
        <hdop>6.1</hdop>
        <extensions>
          <osmand:speed>0.2</osmand:speed>
        </extensions>
      </trkpt>
      <trkpt lat="46.9136354" lon="9.279318">
        <ele>1980.5</ele>
        <time>2026-06-13T08:51:26Z</time>
        <hdop>4.6</hdop>
      </trkpt>
      <trkpt lat="46.9136369" lon="9.2792874">
        <ele>1985.5</ele>
        <time>2026-06-13T08:51:45Z</time>
        <hdop>5.6</hdop>
        <extensions>
          <osmand:speed>0.7</osmand:speed>
        </extensions>
      </trkpt>
      <trkpt lat="46.9136531" lon="9.2792501">
        <ele>1986.5</ele>
        <time>2026-06-13T08:51:51Z</time>
        <hdop>7.7</hdop>
        <extensions>
          <osmand:speed>0.4</osmand:speed>
        </extensions>
      </trkpt>
      <trkpt lat="46.9136831" lon="9.27921">
        <ele>1987.5</ele>
        <time>2026-06-13T08:51:57Z</time>
        <hdop>7.1</hdop>
        <extensions>
          <osmand:speed>0.9</osmand:speed>
        </extensions>
      </trkpt>
      <trkpt lat="46.9137032" lon="9.2792011">
        <ele>1987.5</ele>
        <time>2026-06-13T08:52:03Z</time>
        <hdop>6.1</hdop>
        <extensions>
          <osmand:speed>0.7</osmand:speed>
        </extensions>
      </trkpt>
      <trkpt lat="46.9137102" lon="9.279176">
        <ele>1987.5</ele>
        <time>2026-06-13T08:52:10Z</time>
        <hdop>5.6</hdop>
        <extensions>
          <osmand:speed>0.4</osmand:speed>
        </extensions>
      </trkpt>
      <trkpt lat="46.9137255" lon="9.2791496">
        <ele>1990.5</ele>
        <time>2026-06-13T08:52:18Z</time>
        <hdop>8.7</hdop>
        <extensions>
          <osmand:speed>0.9</osmand:speed>
        </extensions>
      </trkpt>
      <trkpt lat="46.9136982" lon="9.2791314">
        <ele>1992.5</ele>
        <time>2026-06-13T08:52:31Z</time>
        <hdop>10.2</hdop>
        <extensions>
          <osmand:speed>0.9</osmand:speed>
        </extensions>
      </trkpt>
      <trkpt lat="46.9136925" lon="9.2790971">
        <ele>1991.5</ele>
        <time>2026-06-13T08:52:37Z</time>
        <hdop>6.1</hdop>
        <extensions>
          <osmand:speed>0.8</osmand:speed>
        </extensions>
      </trkpt>
      <trkpt lat="46.9136762" lon="9.27912">
        <ele>1991.5</ele>
        <time>2026-06-13T08:52:43Z</time>
        <hdop>5.1</hdop>
        <extensions>
          <osmand:speed>0.8</osmand:speed>
        </extensions>
      </trkpt>
      <trkpt lat="46.9136548" lon="9.279138">
        <ele>1992.5</ele>
        <time>2026-06-13T08:52:49Z</time>
        <hdop>4.1</hdop>
      </trkpt>
      <trkpt lat="46.9136289" lon="9.2791269">
        <ele>1990.5</ele>
        <time>2026-06-13T08:52:55Z</time>
        <hdop>5.6</hdop>
        <extensions>
          <osmand:speed>0.4</osmand:speed>
        </extensions>
      </trkpt>
      <trkpt lat="46.9136036" lon="9.2791274">
        <ele>1991.5</ele>
        <time>2026-06-13T08:53:01Z</time>
        <hdop>4.1</hdop>
      </trkpt>
      <trkpt lat="46.9135727" lon="9.2791427">
        <ele>1992.5</ele>
        <time>2026-06-13T08:53:07Z</time>
        <hdop>4.6</hdop>
        <extensions>
          <osmand:speed>0.9</osmand:speed>
        </extensions>
      </trkpt>
      <trkpt lat="46.9135363" lon="9.2791442">
        <ele>1992.5</ele>
        <time>2026-06-13T08:53:13Z</time>
        <hdop>5.1</hdop>
        <extensions>
          <osmand:speed>0.5</osmand:speed>
        </extensions>
      </trkpt>
      <trkpt lat="46.9135132" lon="9.2791182">
        <ele>1993.5</ele>
        <time>2026-06-13T08:53:19Z</time>
        <hdop>7.7</hdop>
        <extensions>
          <osmand:speed>0.9</osmand:speed>
        </extensions>
      </trkpt>
      <trkpt lat="46.9134979" lon="9.2790949">
        <ele>1996.5</ele>
        <time>2026-06-13T08:53:28Z</time>
        <hdop>5.1</hdop>
        <extensions>
          <osmand:speed>0.8</osmand:speed>
        </extensions>
      </trkpt>
      <trkpt lat="46.913461" lon="9.2790738">
        <ele>1997.5</ele>
        <time>2026-06-13T08:53:34Z</time>
        <hdop>5.6</hdop>
        <extensions>
          <osmand:speed>1</osmand:speed>
        </extensions>
      </trkpt>
      <trkpt lat="46.913448" lon="9.2790386">
        <ele>1998.5</ele>
        <time>2026-06-13T08:53:40Z</time>
        <hdop>5.1</hdop>
        <extensions>
          <osmand:speed>0.5</osmand:speed>
        </extensions>
      </trkpt>
      <trkpt lat="46.9134283" lon="9.2790398">
        <ele>2000.5</ele>
        <time>2026-06-13T08:53:49Z</time>
        <hdop>5.1</hdop>
        <extensions>
          <osmand:speed>0.8</osmand:speed>
        </extensions>
      </trkpt>
      <trkpt lat="46.9134003" lon="9.2790222">
        <ele>2001.5</ele>
        <time>2026-06-13T08:53:55Z</time>
        <hdop>5.1</hdop>
        <extensions>
          <osmand:speed>0.4</osmand:speed>
        </extensions>
      </trkpt>
      <trkpt lat="46.9133786" lon="9.2790337">
        <ele>2004.5</ele>
        <time>2026-06-13T08:54:03Z</time>
        <hdop>5.1</hdop>
        <extensions>
          <osmand:speed>0.6</osmand:speed>
        </extensions>
      </trkpt>
      <trkpt lat="46.9133561" lon="9.279023">
        <ele>2004.5</ele>
        <time>2026-06-13T08:54:09Z</time>
        <hdop>5.6</hdop>
        <extensions>
          <osmand:speed>0.1</osmand:speed>
        </extensions>
      </trkpt>
      <trkpt lat="46.913337" lon="9.2790135">
        <ele>2004.5</ele>
        <time>2026-06-13T08:54:15Z</time>
        <hdop>7.1</hdop>
        <extensions>
          <osmand:speed>0.8</osmand:speed>
        </extensions>
      </trkpt>
      <trkpt lat="46.9133032" lon="9.2790049">
        <ele>2005.5</ele>
        <time>2026-06-13T08:54:21Z</time>
        <hdop>5.1</hdop>
        <extensions>
          <osmand:speed>0.5</osmand:speed>
        </extensions>
      </trkpt>
      <trkpt lat="46.9132819" lon="9.2790478">
        <ele>2004.5</ele>
        <time>2026-06-13T08:54:27Z</time>
        <hdop>3.6</hdop>
      </trkpt>
      <trkpt lat="46.9132581" lon="9.2790506">
        <ele>2005.5</ele>
        <time>2026-06-13T08:54:34Z</time>
        <hdop>5.6</hdop>
        <extensions>
          <osmand:speed>0.6</osmand:speed>
        </extensions>
      </trkpt>
      <trkpt lat="46.9132585" lon="9.2790025">
        <ele>2003.5</ele>
        <time>2026-06-13T08:54:40Z</time>
        <hdop>8.2</hdop>
        <extensions>
          <osmand:speed>0.3</osmand:speed>
        </extensions>
      </trkpt>
      <trkpt lat="46.9132824" lon="9.2790088">
        <ele>2005.5</ele>
        <time>2026-06-13T08:54:47Z</time>
        <hdop>9.7</hdop>
        <extensions>
          <osmand:speed>0.1</osmand:speed>
        </extensions>
      </trkpt>
      <trkpt lat="46.9132941" lon="9.2789536">
        <ele>2004.5</ele>
        <time>2026-06-13T08:54:53Z</time>
        <hdop>9.7</hdop>
        <extensions>
          <osmand:speed>0.7</osmand:speed>
        </extensions>
      </trkpt>
      <trkpt lat="46.9132813" lon="9.2789088">
        <ele>2004.5</ele>
        <time>2026-06-13T08:54:59Z</time>
        <hdop>7.1</hdop>
        <extensions>
          <osmand:speed>0.3</osmand:speed>
        </extensions>
      </trkpt>
      <trkpt lat="46.9132913" lon="9.2788608">
        <ele>2004.5</ele>
        <time>2026-06-13T08:55:05Z</time>
        <hdop>9.2</hdop>
        <extensions>
          <osmand:speed>0.4</osmand:speed>
        </extensions>
      </trkpt>
      <trkpt lat="46.9132809" lon="9.2788376">
        <ele>2007.5</ele>
        <time>2026-06-13T08:55:11Z</time>
        <hdop>11.2</hdop>
        <extensions>
          <osmand:speed>0.3</osmand:speed>
        </extensions>
      </trkpt>
      <trkpt lat="46.9132955" lon="9.2787951">
        <ele>2009.5</ele>
        <time>2026-06-13T08:55:17Z</time>
        <hdop>8.7</hdop>
        <extensions>
          <osmand:speed>0.7</osmand:speed>
        </extensions>
      </trkpt>
      <trkpt lat="46.9133012" lon="9.2787531">
        <ele>2010.5</ele>
        <time>2026-06-13T08:55:24Z</time>
        <hdop>6.1</hdop>
        <extensions>
          <osmand:speed>0.4</osmand:speed>
        </extensions>
      </trkpt>
      <trkpt lat="46.913314" lon="9.2787271">
        <ele>2011.5</ele>
        <time>2026-06-13T08:55:39Z</time>
        <hdop>12.2</hdop>
        <extensions>
          <osmand:speed>0.3</osmand:speed>
        </extensions>
      </trkpt>
      <trkpt lat="46.9133076" lon="9.2786819">
        <ele>2012.5</ele>
        <time>2026-06-13T08:55:45Z</time>
        <hdop>7.7</hdop>
        <extensions>
          <osmand:speed>0</osmand:speed>
        </extensions>
      </trkpt>
      <trkpt lat="46.9133222" lon="9.2786634">
        <ele>2013.5</ele>
        <time>2026-06-13T08:55:51Z</time>
        <hdop>5.6</hdop>
        <extensions>
          <osmand:speed>0.6</osmand:speed>
        </extensions>
      </trkpt>
      <trkpt lat="46.9133587" lon="9.2786276">
        <ele>2016.5</ele>
        <time>2026-06-13T08:55:57Z</time>
        <hdop>5.6</hdop>
        <extensions>
          <osmand:speed>0.7</osmand:speed>
        </extensions>
      </trkpt>
      <trkpt lat="46.9134237" lon="9.2786205">
        <ele>2019.5</ele>
        <time>2026-06-13T08:56:03Z</time>
        <hdop>5.6</hdop>
        <extensions>
          <osmand:speed>0.8</osmand:speed>
        </extensions>
      </trkpt>
      <trkpt lat="46.9134574" lon="9.2786392">
        <ele>2019.5</ele>
        <time>2026-06-13T08:56:09Z</time>
        <hdop>5.6</hdop>
        <extensions>
          <osmand:speed>0.5</osmand:speed>
        </extensions>
      </trkpt>
      <trkpt lat="46.913453" lon="9.2786024">
        <ele>2020.5</ele>
        <time>2026-06-13T08:56:15Z</time>
        <hdop>7.7</hdop>
        <extensions>
          <osmand:speed>0.6</osmand:speed>
        </extensions>
      </trkpt>
      <trkpt lat="46.9134406" lon="9.2785604">
        <ele>2020.5</ele>
        <time>2026-06-13T08:56:21Z</time>
        <hdop>6.6</hdop>
        <extensions>
          <osmand:speed>0.9</osmand:speed>
        </extensions>
      </trkpt>
      <trkpt lat="46.9134305" lon="9.2785309">
        <ele>2019.5</ele>
        <time>2026-06-13T08:56:27Z</time>
        <hdop>6.6</hdop>
        <extensions>
          <osmand:speed>0.6</osmand:speed>
        </extensions>
      </trkpt>
      <trkpt lat="46.9134221" lon="9.2785013">
        <ele>2020.5</ele>
        <time>2026-06-13T08:56:33Z</time>
        <hdop>5.6</hdop>
        <extensions>
          <osmand:speed>0.7</osmand:speed>
        </extensions>
      </trkpt>
      <trkpt lat="46.9134546" lon="9.278506">
        <ele>2022.5</ele>
        <time>2026-06-13T08:56:39Z</time>
        <hdop>5.1</hdop>
        <extensions>
          <osmand:speed>0.4</osmand:speed>
        </extensions>
      </trkpt>
      <trkpt lat="46.9134713" lon="9.2784952">
        <ele>2022.5</ele>
        <time>2026-06-13T08:56:48Z</time>
        <hdop>7.1</hdop>
        <extensions>
          <osmand:speed>0.6</osmand:speed>
        </extensions>
      </trkpt>
      <trkpt lat="46.9135125" lon="9.2784696">
        <ele>2023.5</ele>
        <time>2026-06-13T08:56:54Z</time>
        <hdop>9.7</hdop>
        <extensions>
          <osmand:speed>0.8</osmand:speed>
        </extensions>
      </trkpt>
      <trkpt lat="46.9135468" lon="9.2784976">
        <ele>2023.5</ele>
        <time>2026-06-13T08:57:00Z</time>
        <hdop>6.1</hdop>
        <extensions>
          <osmand:speed>0.4</osmand:speed>
        </extensions>
      </trkpt>
      <trkpt lat="46.9135667" lon="9.2785162">
        <ele>2024.5</ele>
        <time>2026-06-13T08:57:07Z</time>
        <hdop>6.6</hdop>
        <extensions>
          <osmand:speed>0.3</osmand:speed>
        </extensions>
      </trkpt>
      <trkpt lat="46.9135902" lon="9.2784909">
        <ele>2024.5</ele>
        <time>2026-06-13T08:57:15Z</time>
        <hdop>7.1</hdop>
        <extensions>
          <osmand:speed>0.7</osmand:speed>
        </extensions>
      </trkpt>
      <trkpt lat="46.9136012" lon="9.2785309">
        <ele>2025.5</ele>
        <time>2026-06-13T08:57:29Z</time>
        <hdop>7.7</hdop>
        <extensions>
          <osmand:speed>0</osmand:speed>
        </extensions>
      </trkpt>
      <trkpt lat="46.9136003" lon="9.2785624">
        <ele>2027.5</ele>
        <time>2026-06-13T08:57:41Z</time>
        <hdop>6.1</hdop>
        <extensions>
          <osmand:speed>0.2</osmand:speed>
        </extensions>
      </trkpt>
      <trkpt lat="46.913583" lon="9.2785265">
        <ele>2029.5</ele>
        <time>2026-06-13T08:57:47Z</time>
        <hdop>8.7</hdop>
        <extensions>
          <osmand:speed>0.5</osmand:speed>
        </extensions>
      </trkpt>
      <trkpt lat="46.9135522" lon="9.2785031">
        <ele>2031.5</ele>
        <time>2026-06-13T08:57:53Z</time>
        <hdop>6.6</hdop>
        <extensions>
          <osmand:speed>1.2</osmand:speed>
        </extensions>
      </trkpt>
      <trkpt lat="46.9134981" lon="9.2784662">
        <ele>2031.5</ele>
        <time>2026-06-13T08:57:59Z</time>
        <hdop>6.6</hdop>
        <extensions>
          <osmand:speed>0.6</osmand:speed>
        </extensions>
      </trkpt>
      <trkpt lat="46.9134612" lon="9.2784223">
        <ele>2030.5</ele>
        <time>2026-06-13T08:58:05Z</time>
        <hdop>8.7</hdop>
        <extensions>
          <osmand:speed>0.7</osmand:speed>
        </extensions>
      </trkpt>
      <trkpt lat="46.9134734" lon="9.2783665">
        <ele>2030.5</ele>
        <time>2026-06-13T08:58:11Z</time>
        <hdop>7.7</hdop>
        <extensions>
          <osmand:speed>0.5</osmand:speed>
        </extensions>
      </trkpt>
      <trkpt lat="46.9134639" lon="9.2783233">
        <ele>2030.5</ele>
        <time>2026-06-13T08:58:17Z</time>
        <hdop>7.1</hdop>
        <extensions>
          <osmand:speed>0.6</osmand:speed>
        </extensions>
      </trkpt>
      <trkpt lat="46.9134612" lon="9.2782649">
        <ele>2030.5</ele>
        <time>2026-06-13T08:58:23Z</time>
        <hdop>7.1</hdop>
        <extensions>
          <osmand:speed>0.8</osmand:speed>
        </extensions>
      </trkpt>
      <trkpt lat="46.9134429" lon="9.2782206">
        <ele>2032.5</ele>
        <time>2026-06-13T08:58:29Z</time>
        <hdop>6.6</hdop>
        <extensions>
          <osmand:speed>0.7</osmand:speed>
        </extensions>
      </trkpt>
      <trkpt lat="46.9134657" lon="9.2782025">
        <ele>2034.5</ele>
        <time>2026-06-13T08:58:35Z</time>
        <hdop>7.1</hdop>
        <extensions>
          <osmand:speed>0.6</osmand:speed>
        </extensions>
      </trkpt>
      <trkpt lat="46.9134889" lon="9.278186">
        <ele>2036.5</ele>
        <time>2026-06-13T08:58:41Z</time>
        <hdop>7.1</hdop>
        <extensions>
          <osmand:speed>0.1</osmand:speed>
        </extensions>
      </trkpt>
      <trkpt lat="46.9135196" lon="9.2781729">
        <ele>2037.5</ele>
        <time>2026-06-13T08:58:47Z</time>
        <hdop>5.6</hdop>
        <extensions>
          <osmand:speed>1</osmand:speed>
        </extensions>
      </trkpt>
      <trkpt lat="46.913545" lon="9.2781983">
        <ele>2036.5</ele>
        <time>2026-06-13T08:58:53Z</time>
        <hdop>6.1</hdop>
        <extensions>
          <osmand:speed>0.3</osmand:speed>
        </extensions>
      </trkpt>
      <trkpt lat="46.9135606" lon="9.2782158">
        <ele>2036.5</ele>
        <time>2026-06-13T08:59:09Z</time>
        <hdop>5.6</hdop>
        <extensions>
          <osmand:speed>0.3</osmand:speed>
        </extensions>
      </trkpt>
      <trkpt lat="46.9135994" lon="9.278247">
        <ele>2036.5</ele>
        <time>2026-06-13T08:59:15Z</time>
        <hdop>6.6</hdop>
        <extensions>
          <osmand:speed>0.5</osmand:speed>
        </extensions>
      </trkpt>
      <trkpt lat="46.9136033" lon="9.2782205">
        <ele>2037.5</ele>
        <time>2026-06-13T08:59:23Z</time>
        <hdop>6.1</hdop>
        <extensions>
          <osmand:speed>0.7</osmand:speed>
        </extensions>
      </trkpt>
      <trkpt lat="46.9135778" lon="9.2782118">
        <ele>2037.5</ele>
        <time>2026-06-13T08:59:29Z</time>
        <hdop>7.7</hdop>
        <extensions>
          <osmand:speed>0.8</osmand:speed>
        </extensions>
      </trkpt>
      <trkpt lat="46.9135425" lon="9.2781432">
        <ele>2036.5</ele>
        <time>2026-06-13T08:59:35Z</time>
        <hdop>7.7</hdop>
        <extensions>
          <osmand:speed>0.6</osmand:speed>
        </extensions>
      </trkpt>
      <trkpt lat="46.9135402" lon="9.2781074">
        <ele>2035.5</ele>
        <time>2026-06-13T08:59:41Z</time>
        <hdop>6.1</hdop>
        <extensions>
          <osmand:speed>0.4</osmand:speed>
        </extensions>
      </trkpt>
      <trkpt lat="46.913538" lon="9.2780743">
        <ele>2035.5</ele>
        <time>2026-06-13T08:59:47Z</time>
        <hdop>9.2</hdop>
        <extensions>
          <osmand:speed>0.6</osmand:speed>
        </extensions>
      </trkpt>
      <trkpt lat="46.9135189" lon="9.2780182">
        <ele>2035.5</ele>
        <time>2026-06-13T08:59:53Z</time>
        <hdop>6.6</hdop>
        <extensions>
          <osmand:speed>0.5</osmand:speed>
        </extensions>
      </trkpt>
      <trkpt lat="46.9135292" lon="9.2779815">
        <ele>2036.5</ele>
        <time>2026-06-13T08:59:59Z</time>
        <hdop>7.7</hdop>
        <extensions>
          <osmand:speed>0.6</osmand:speed>
        </extensions>
      </trkpt>
      <trkpt lat="46.9135152" lon="9.2779245">
        <ele>2037.5</ele>
        <time>2026-06-13T09:00:05Z</time>
        <hdop>9.7</hdop>
        <extensions>
          <osmand:speed>0</osmand:speed>
        </extensions>
      </trkpt>
      <trkpt lat="46.9134976" lon="9.2779179">
        <ele>2041.5</ele>
        <time>2026-06-13T09:00:14Z</time>
        <hdop>6.1</hdop>
        <extensions>
          <osmand:speed>0.9</osmand:speed>
        </extensions>
      </trkpt>
      <trkpt lat="46.9134801" lon="9.277876">
        <ele>2041.5</ele>
        <time>2026-06-13T09:00:20Z</time>
        <hdop>6.1</hdop>
        <extensions>
          <osmand:speed>0.8</osmand:speed>
        </extensions>
      </trkpt>
      <trkpt lat="46.9134972" lon="9.2778591">
        <ele>2044.5</ele>
        <time>2026-06-13T09:00:26Z</time>
        <hdop>5.6</hdop>
        <extensions>
          <osmand:speed>0.5</osmand:speed>
        </extensions>
      </trkpt>
      <trkpt lat="46.9135255" lon="9.2778782">
        <ele>2046.5</ele>
        <time>2026-06-13T09:00:32Z</time>
        <hdop>6.1</hdop>
        <extensions>
          <osmand:speed>0.3</osmand:speed>
        </extensions>
      </trkpt>
      <trkpt lat="46.9135468" lon="9.2778904">
        <ele>2048.5</ele>
        <time>2026-06-13T09:00:49Z</time>
        <hdop>6.1</hdop>
        <extensions>
          <osmand:speed>0.9</osmand:speed>
        </extensions>
      </trkpt>
      <trkpt lat="46.9135775" lon="9.277911">
        <ele>2049.5</ele>
        <time>2026-06-13T09:00:55Z</time>
        <hdop>6.1</hdop>
        <extensions>
          <osmand:speed>0.4</osmand:speed>
        </extensions>
      </trkpt>
      <trkpt lat="46.9135621" lon="9.2778945">
        <ele>2050.5</ele>
        <time>2026-06-13T09:01:10Z</time>
        <hdop>6.1</hdop>
        <extensions>
          <osmand:speed>1</osmand:speed>
        </extensions>
      </trkpt>
      <trkpt lat="46.9135615" lon="9.2778664">
        <ele>2053.5</ele>
        <time>2026-06-13T09:01:16Z</time>
        <hdop>6.6</hdop>
        <extensions>
          <osmand:speed>0.5</osmand:speed>
        </extensions>
      </trkpt>
      <trkpt lat="46.913573" lon="9.2778312">
        <ele>2052.5</ele>
        <time>2026-06-13T09:01:22Z</time>
        <hdop>9.2</hdop>
        <extensions>
          <osmand:speed>0.6</osmand:speed>
        </extensions>
      </trkpt>
      <trkpt lat="46.9135571" lon="9.2777626">
        <ele>2053.5</ele>
        <time>2026-06-13T09:01:28Z</time>
        <hdop>7.1</hdop>
        <extensions>
          <osmand:speed>0.4</osmand:speed>
        </extensions>
      </trkpt>
      <trkpt lat="46.9135341" lon="9.2777373">
        <ele>2054.5</ele>
        <time>2026-06-13T09:01:34Z</time>
        <hdop>7.7</hdop>
        <extensions>
          <osmand:speed>0.6</osmand:speed>
        </extensions>
      </trkpt>
      <trkpt lat="46.9134911" lon="9.277684">
        <ele>2054.5</ele>
        <time>2026-06-13T09:01:40Z</time>
        <hdop>6.6</hdop>
        <extensions>
          <osmand:speed>1.1</osmand:speed>
        </extensions>
      </trkpt>
      <trkpt lat="46.9135077" lon="9.2776261">
        <ele>2054.5</ele>
        <time>2026-06-13T09:01:46Z</time>
        <hdop>8.2</hdop>
        <extensions>
          <osmand:speed>0.1</osmand:speed>
        </extensions>
      </trkpt>
      <trkpt lat="46.9135452" lon="9.2775932">
        <ele>2056.5</ele>
        <time>2026-06-13T09:01:52Z</time>
        <hdop>7.7</hdop>
        <extensions>
          <osmand:speed>0.9</osmand:speed>
        </extensions>
      </trkpt>
      <trkpt lat="46.9135721" lon="9.2775336">
        <ele>2058.5</ele>
        <time>2026-06-13T09:01:58Z</time>
        <hdop>7.1</hdop>
        <extensions>
          <osmand:speed>0.6</osmand:speed>
        </extensions>
      </trkpt>
      <trkpt lat="46.9136203" lon="9.277493">
        <ele>2059.5</ele>
        <time>2026-06-13T09:02:04Z</time>
        <hdop>10.2</hdop>
        <extensions>
          <osmand:speed>0.6</osmand:speed>
        </extensions>
      </trkpt>
      <trkpt lat="46.913658" lon="9.2774516">
        <ele>2059.5</ele>
        <time>2026-06-13T09:02:10Z</time>
        <hdop>8.2</hdop>
        <extensions>
          <osmand:speed>1.2</osmand:speed>
        </extensions>
      </trkpt>
      <trkpt lat="46.9136768" lon="9.2774194">
        <ele>2060.5</ele>
        <time>2026-06-13T09:02:16Z</time>
        <hdop>5.6</hdop>
        <extensions>
          <osmand:speed>0.8</osmand:speed>
        </extensions>
      </trkpt>
      <trkpt lat="46.9136858" lon="9.277374">
        <ele>2059.5</ele>
        <time>2026-06-13T09:02:22Z</time>
        <hdop>7.1</hdop>
        <extensions>
          <osmand:speed>0.7</osmand:speed>
        </extensions>
      </trkpt>
      <trkpt lat="46.9136699" lon="9.2773473">
        <ele>2062.5</ele>
        <time>2026-06-13T09:02:28Z</time>
        <hdop>6.6</hdop>
        <extensions>
          <osmand:speed>1.1</osmand:speed>
        </extensions>
      </trkpt>
      <trkpt lat="46.9136605" lon="9.2773063">
        <ele>2064.5</ele>
        <time>2026-06-13T09:02:34Z</time>
        <hdop>8.2</hdop>
        <extensions>
          <osmand:speed>0.6</osmand:speed>
        </extensions>
      </trkpt>
      <trkpt lat="46.9136393" lon="9.2772676">
        <ele>2062.5</ele>
        <time>2026-06-13T09:02:40Z</time>
        <hdop>7.7</hdop>
        <extensions>
          <osmand:speed>0.6</osmand:speed>
        </extensions>
      </trkpt>
      <trkpt lat="46.9136148" lon="9.2772275">
        <ele>2062.5</ele>
        <time>2026-06-13T09:02:46Z</time>
        <hdop>6.1</hdop>
        <extensions>
          <osmand:speed>0.4</osmand:speed>
        </extensions>
      </trkpt>
      <trkpt lat="46.9135936" lon="9.2772036">
        <ele>2063.5</ele>
        <time>2026-06-13T09:02:52Z</time>
        <hdop>5.6</hdop>
        <extensions>
          <osmand:speed>1</osmand:speed>
        </extensions>
      </trkpt>
      <trkpt lat="46.9135714" lon="9.2771671">
        <ele>2064.5</ele>
        <time>2026-06-13T09:02:58Z</time>
        <hdop>6.1</hdop>
        <extensions>
          <osmand:speed>0.5</osmand:speed>
        </extensions>
      </trkpt>
      <trkpt lat="46.9135502" lon="9.2771711">
        <ele>2065.5</ele>
        <time>2026-06-13T09:03:04Z</time>
        <hdop>5.1</hdop>
        <extensions>
          <osmand:speed>0.8</osmand:speed>
        </extensions>
      </trkpt>
      <trkpt lat="46.913506" lon="9.2771692">
        <ele>2066.5</ele>
        <time>2026-06-13T09:03:10Z</time>
        <hdop>4.6</hdop>
        <extensions>
          <osmand:speed>1</osmand:speed>
        </extensions>
      </trkpt>
      <trkpt lat="46.9134531" lon="9.2771296">
        <ele>2067.5</ele>
        <time>2026-06-13T09:03:16Z</time>
        <hdop>5.1</hdop>
        <extensions>
          <osmand:speed>0.4</osmand:speed>
        </extensions>
      </trkpt>
      <trkpt lat="46.9134349" lon="9.2771105">
        <ele>2067.5</ele>
        <time>2026-06-13T09:03:22Z</time>
        <hdop>6.1</hdop>
        <extensions>
          <osmand:speed>0.5</osmand:speed>
        </extensions>
      </trkpt>
      <trkpt lat="46.9134206" lon="9.2770926">
        <ele>2069.5</ele>
        <time>2026-06-13T09:03:31Z</time>
        <hdop>6.1</hdop>
        <extensions>
          <osmand:speed>0.2</osmand:speed>
        </extensions>
      </trkpt>
      <trkpt lat="46.9133882" lon="9.2770397">
        <ele>2069.5</ele>
        <time>2026-06-13T09:03:37Z</time>
        <hdop>6.6</hdop>
        <extensions>
          <osmand:speed>1.1</osmand:speed>
        </extensions>
      </trkpt>
      <trkpt lat="46.9133587" lon="9.2770264">
        <ele>2070.5</ele>
        <time>2026-06-13T09:03:52Z</time>
        <hdop>4.6</hdop>
        <extensions>
          <osmand:speed>1.3</osmand:speed>
        </extensions>
      </trkpt>
      <trkpt lat="46.9133297" lon="9.2770092">
        <ele>2072.5</ele>
        <time>2026-06-13T09:03:58Z</time>
        <hdop>6.1</hdop>
        <extensions>
          <osmand:speed>1</osmand:speed>
        </extensions>
      </trkpt>
      <trkpt lat="46.913304" lon="9.276983">
        <ele>2074.5</ele>
        <time>2026-06-13T09:04:04Z</time>
        <hdop>5.6</hdop>
        <extensions>
          <osmand:speed>0.6</osmand:speed>
        </extensions>
      </trkpt>
      <trkpt lat="46.9132824" lon="9.2769354">
        <ele>2075.5</ele>
        <time>2026-06-13T09:04:10Z</time>
        <hdop>5.6</hdop>
        <extensions>
          <osmand:speed>0.3</osmand:speed>
        </extensions>
      </trkpt>
      <trkpt lat="46.9132951" lon="9.2769088">
        <ele>2077.5</ele>
        <time>2026-06-13T09:04:16Z</time>
        <hdop>5.6</hdop>
        <extensions>
          <osmand:speed>0.6</osmand:speed>
        </extensions>
      </trkpt>
      <trkpt lat="46.9133424" lon="9.2768971">
        <ele>2078.5</ele>
        <time>2026-06-13T09:04:22Z</time>
        <hdop>5.6</hdop>
        <extensions>
          <osmand:speed>0.4</osmand:speed>
        </extensions>
      </trkpt>
      <trkpt lat="46.913409" lon="9.2768746">
        <ele>2078.5</ele>
        <time>2026-06-13T09:04:28Z</time>
        <hdop>5.1</hdop>
        <extensions>
          <osmand:speed>1.1</osmand:speed>
        </extensions>
      </trkpt>
      <trkpt lat="46.9134498" lon="9.2768671">
        <ele>2078.5</ele>
        <time>2026-06-13T09:04:34Z</time>
        <hdop>5.6</hdop>
        <extensions>
          <osmand:speed>0.6</osmand:speed>
        </extensions>
      </trkpt>
      <trkpt lat="46.9135017" lon="9.2768503">
        <ele>2078.5</ele>
        <time>2026-06-13T09:04:40Z</time>
        <hdop>5.1</hdop>
        <extensions>
          <osmand:speed>1.3</osmand:speed>
        </extensions>
      </trkpt>
      <trkpt lat="46.9135496" lon="9.2768059">
        <ele>2079.5</ele>
        <time>2026-06-13T09:04:46Z</time>
        <hdop>6.1</hdop>
        <extensions>
          <osmand:speed>1.2</osmand:speed>
        </extensions>
      </trkpt>
      <trkpt lat="46.9135636" lon="9.2767846">
        <ele>2081.5</ele>
        <time>2026-06-13T09:04:52Z</time>
        <hdop>5.6</hdop>
        <extensions>
          <osmand:speed>0.8</osmand:speed>
        </extensions>
      </trkpt>
      <trkpt lat="46.913581" lon="9.2767692">
        <ele>2080.5</ele>
        <time>2026-06-13T09:04:58Z</time>
        <hdop>6.6</hdop>
        <extensions>
          <osmand:speed>0.2</osmand:speed>
        </extensions>
      </trkpt>
      <trkpt lat="46.9135808" lon="9.2767994">
        <ele>2080.5</ele>
        <time>2026-06-13T09:05:07Z</time>
        <hdop>9.7</hdop>
        <extensions>
          <osmand:speed>0.2</osmand:speed>
        </extensions>
      </trkpt>
      <trkpt lat="46.9135939" lon="9.2768218">
        <ele>2080.5</ele>
        <time>2026-06-13T09:05:14Z</time>
        <hdop>9.2</hdop>
        <extensions>
          <osmand:speed>0</osmand:speed>
        </extensions>
      </trkpt>
      <trkpt lat="46.9135732" lon="9.2768129">
        <ele>2081.5</ele>
        <time>2026-06-13T09:05:26Z</time>
        <hdop>11.2</hdop>
        <extensions>
          <osmand:speed>0</osmand:speed>
        </extensions>
      </trkpt>
      <trkpt lat="46.9135921" lon="9.2767918">
        <ele>2080.5</ele>
        <time>2026-06-13T09:06:11Z</time>
        <hdop>10.7</hdop>
        <extensions>
          <osmand:speed>0.2</osmand:speed>
        </extensions>
      </trkpt>
      <trkpt lat="46.9135477" lon="9.2768144">
        <ele>2079.5</ele>
        <time>2026-06-13T09:06:17Z</time>
        <hdop>5.6</hdop>
      </trkpt>
      <trkpt lat="46.91353" lon="9.2768206">
        <ele>2081.5</ele>
        <time>2026-06-13T09:06:26Z</time>
        <hdop>7.7</hdop>
        <extensions>
          <osmand:speed>0.1</osmand:speed>
        </extensions>
      </trkpt>
      <trkpt lat="46.9135646" lon="9.2768415">
        <ele>2084.5</ele>
        <time>2026-06-13T09:06:32Z</time>
        <hdop>6.1</hdop>
        <extensions>
          <osmand:speed>1</osmand:speed>
        </extensions>
      </trkpt>
      <trkpt lat="46.9134998" lon="9.2767868">
        <ele>2070.5</ele>
        <time>2026-06-13T09:07:03Z</time>
        <hdop>13.8</hdop>
      </trkpt>
      <trkpt lat="46.9134965" lon="9.2767365">
        <ele>2068.5</ele>
        <time>2026-06-13T09:07:14Z</time>
        <hdop>12.2</hdop>
      </trkpt>
      <trkpt lat="46.9135032" lon="9.2767732">
        <ele>2066.5</ele>
        <time>2026-06-13T09:07:20Z</time>
        <hdop>9.2</hdop>
        <extensions>
          <osmand:speed>0</osmand:speed>
        </extensions>
      </trkpt>
      <trkpt lat="46.9135223" lon="9.2767873">
        <ele>2075.5</ele>
        <time>2026-06-13T09:07:41Z</time>
        <hdop>12.2</hdop>
        <extensions>
          <osmand:speed>0</osmand:speed>
        </extensions>
      </trkpt>
      <trkpt lat="46.9135411" lon="9.2767758">
        <ele>2078.5</ele>
        <time>2026-06-13T09:07:55Z</time>
        <hdop>13.3</hdop>
        <extensions>
          <osmand:speed>0.5</osmand:speed>
        </extensions>
      </trkpt>
      <trkpt lat="46.9135691" lon="9.2767061">
        <ele>2078.5</ele>
        <time>2026-06-13T09:08:01Z</time>
        <hdop>7.1</hdop>
        <extensions>
          <osmand:speed>0.4</osmand:speed>
        </extensions>
      </trkpt>
      <trkpt lat="46.9135993" lon="9.2766678">
        <ele>2077.5</ele>
        <time>2026-06-13T09:08:07Z</time>
        <hdop>5.6</hdop>
        <extensions>
          <osmand:speed>1.1</osmand:speed>
        </extensions>
      </trkpt>
      <trkpt lat="46.9135905" lon="9.2766109">
        <ele>2076.5</ele>
        <time>2026-06-13T09:08:13Z</time>
        <hdop>5.1</hdop>
        <extensions>
          <osmand:speed>0.8</osmand:speed>
        </extensions>
      </trkpt>
      <trkpt lat="46.9135983" lon="9.2765371">
        <ele>2075.5</ele>
        <time>2026-06-13T09:08:19Z</time>
        <hdop>5.1</hdop>
        <extensions>
          <osmand:speed>0.9</osmand:speed>
        </extensions>
      </trkpt>
      <trkpt lat="46.9135845" lon="9.2764658">
        <ele>2074.5</ele>
        <time>2026-06-13T09:08:25Z</time>
        <hdop>5.1</hdop>
        <extensions>
          <osmand:speed>0.9</osmand:speed>
        </extensions>
      </trkpt>
      <trkpt lat="46.9135923" lon="9.2763895">
        <ele>2074.5</ele>
        <time>2026-06-13T09:08:31Z</time>
        <hdop>4.6</hdop>
        <extensions>
          <osmand:speed>1.2</osmand:speed>
        </extensions>
      </trkpt>
      <trkpt lat="46.9135785" lon="9.2763143">
        <ele>2073.5</ele>
        <time>2026-06-13T09:08:37Z</time>
        <hdop>5.1</hdop>
        <extensions>
          <osmand:speed>0.9</osmand:speed>
        </extensions>
      </trkpt>
      <trkpt lat="46.9135887" lon="9.2762247">
        <ele>2072.5</ele>
        <time>2026-06-13T09:08:43Z</time>
        <hdop>4.6</hdop>
        <extensions>
          <osmand:speed>1.2</osmand:speed>
        </extensions>
      </trkpt>
      <trkpt lat="46.9135885" lon="9.2761552">
        <ele>2071.5</ele>
        <time>2026-06-13T09:08:49Z</time>
        <hdop>5.6</hdop>
        <extensions>
          <osmand:speed>0.8</osmand:speed>
        </extensions>
      </trkpt>
      <trkpt lat="46.9135969" lon="9.2761225">
        <ele>2071.5</ele>
        <time>2026-06-13T09:08:55Z</time>
        <hdop>5.6</hdop>
        <extensions>
          <osmand:speed>0.8</osmand:speed>
        </extensions>
      </trkpt>
      <trkpt lat="46.9136302" lon="9.2761136">
        <ele>2069.5</ele>
        <time>2026-06-13T09:09:01Z</time>
        <hdop>5.6</hdop>
        <extensions>
          <osmand:speed>0.8</osmand:speed>
        </extensions>
      </trkpt>
      <trkpt lat="46.9136636" lon="9.2760408">
        <ele>2068.5</ele>
        <time>2026-06-13T09:09:07Z</time>
        <hdop>5.6</hdop>
        <extensions>
          <osmand:speed>0.6</osmand:speed>
        </extensions>
      </trkpt>
      <trkpt lat="46.9137012" lon="9.2759987">
        <ele>2069.5</ele>
        <time>2026-06-13T09:09:13Z</time>
        <hdop>5.6</hdop>
        <extensions>
          <osmand:speed>0.9</osmand:speed>
        </extensions>
      </trkpt>
      <trkpt lat="46.913726" lon="9.2759802">
        <ele>2068.5</ele>
        <time>2026-06-13T09:09:19Z</time>
        <hdop>7.7</hdop>
        <extensions>
          <osmand:speed>0.3</osmand:speed>
        </extensions>
      </trkpt>
      <trkpt lat="46.9137564" lon="9.2759528">
        <ele>2069.5</ele>
        <time>2026-06-13T09:09:25Z</time>
        <hdop>5.6</hdop>
      </trkpt>
      <trkpt lat="46.9138017" lon="9.2759346">
        <ele>2069.5</ele>
        <time>2026-06-13T09:09:31Z</time>
        <hdop>7.1</hdop>
        <extensions>
          <osmand:speed>0.3</osmand:speed>
        </extensions>
      </trkpt>
      <trkpt lat="46.9138398" lon="9.2759045">
        <ele>2069.5</ele>
        <time>2026-06-13T09:09:37Z</time>
        <hdop>7.7</hdop>
        <extensions>
          <osmand:speed>0.3</osmand:speed>
        </extensions>
      </trkpt>
      <trkpt lat="46.9138718" lon="9.2759034">
        <ele>2067.5</ele>
        <time>2026-06-13T09:09:43Z</time>
        <hdop>8.7</hdop>
        <extensions>
          <osmand:speed>0.3</osmand:speed>
        </extensions>
      </trkpt>
      <trkpt lat="46.9138879" lon="9.2759235">
        <ele>2067.5</ele>
        <time>2026-06-13T09:09:50Z</time>
        <hdop>7.1</hdop>
        <extensions>
          <osmand:speed>0.6</osmand:speed>
        </extensions>
      </trkpt>
      <trkpt lat="46.9139063" lon="9.2759683">
        <ele>2067.5</ele>
        <time>2026-06-13T09:09:56Z</time>
        <hdop>8.7</hdop>
        <extensions>
          <osmand:speed>0.6</osmand:speed>
        </extensions>
      </trkpt>
      <trkpt lat="46.9139305" lon="9.276017">
        <ele>2069.5</ele>
        <time>2026-06-13T09:10:02Z</time>
        <hdop>8.7</hdop>
        <extensions>
          <osmand:speed>1.1</osmand:speed>
        </extensions>
      </trkpt>
      <trkpt lat="46.9139842" lon="9.2760781">
        <ele>2070.5</ele>
        <time>2026-06-13T09:10:08Z</time>
        <hdop>8.2</hdop>
        <extensions>
          <osmand:speed>0.5</osmand:speed>
        </extensions>
      </trkpt>
      <trkpt lat="46.9139958" lon="9.2760443">
        <ele>2071.5</ele>
        <time>2026-06-13T09:10:14Z</time>
        <hdop>7.1</hdop>
        <extensions>
          <osmand:speed>0.6</osmand:speed>
        </extensions>
      </trkpt>
      <trkpt lat="46.913984" lon="9.2760005">
        <ele>2067.5</ele>
        <time>2026-06-13T09:10:20Z</time>
        <hdop>11.2</hdop>
        <extensions>
          <osmand:speed>0.7</osmand:speed>
        </extensions>
      </trkpt>
      <trkpt lat="46.9139777" lon="9.2759339">
        <ele>2065.5</ele>
        <time>2026-06-13T09:10:26Z</time>
        <hdop>8.7</hdop>
        <extensions>
          <osmand:speed>0.3</osmand:speed>
        </extensions>
      </trkpt>
      <trkpt lat="46.9139707" lon="9.275873">
        <ele>2063.5</ele>
        <time>2026-06-13T09:10:32Z</time>
        <hdop>10.2</hdop>
        <extensions>
          <osmand:speed>0.5</osmand:speed>
        </extensions>
      </trkpt>
      <trkpt lat="46.9139625" lon="9.2758145">
        <ele>2060.5</ele>
        <time>2026-06-13T09:10:38Z</time>
        <hdop>8.7</hdop>
        <extensions>
          <osmand:speed>0.8</osmand:speed>
        </extensions>
      </trkpt>
      <trkpt lat="46.9139698" lon="9.2757845">
        <ele>2061.5</ele>
        <time>2026-06-13T09:10:44Z</time>
        <hdop>8.7</hdop>
        <extensions>
          <osmand:speed>0.4</osmand:speed>
        </extensions>
      </trkpt>
      <trkpt lat="46.9139679" lon="9.2757448">
        <ele>2062.5</ele>
        <time>2026-06-13T09:10:50Z</time>
        <hdop>9.2</hdop>
        <extensions>
          <osmand:speed>0.9</osmand:speed>
        </extensions>
      </trkpt>
      <trkpt lat="46.9139832" lon="9.2756997">
        <ele>2064.5</ele>
        <time>2026-06-13T09:10:56Z</time>
        <hdop>9.7</hdop>
        <extensions>
          <osmand:speed>0.4</osmand:speed>
        </extensions>
      </trkpt>
      <trkpt lat="46.9140028" lon="9.2757142">
        <ele>2071.5</ele>
        <time>2026-06-13T09:11:07Z</time>
        <hdop>8.7</hdop>
        <extensions>
          <osmand:speed>0.7</osmand:speed>
        </extensions>
      </trkpt>
      <trkpt lat="46.9140202" lon="9.2757661">
        <ele>2073.5</ele>
        <time>2026-06-13T09:11:13Z</time>
        <hdop>6.6</hdop>
        <extensions>
          <osmand:speed>0.6</osmand:speed>
        </extensions>
      </trkpt>
      <trkpt lat="46.9140416" lon="9.2757963">
        <ele>2075.5</ele>
        <time>2026-06-13T09:11:19Z</time>
        <hdop>10.2</hdop>
        <extensions>
          <osmand:speed>0.6</osmand:speed>
        </extensions>
      </trkpt>
      <trkpt lat="46.9140713" lon="9.275842">
        <ele>2077.5</ele>
        <time>2026-06-13T09:11:25Z</time>
        <hdop>9.2</hdop>
        <extensions>
          <osmand:speed>0.7</osmand:speed>
        </extensions>
      </trkpt>
      <trkpt lat="46.9141063" lon="9.2758864">
        <ele>2079.5</ele>
        <time>2026-06-13T09:11:31Z</time>
        <hdop>10.7</hdop>
        <extensions>
          <osmand:speed>1</osmand:speed>
        </extensions>
      </trkpt>
      <trkpt lat="46.9141169" lon="9.2759328">
        <ele>2081.5</ele>
        <time>2026-06-13T09:11:37Z</time>
        <hdop>10.2</hdop>
        <extensions>
          <osmand:speed>0.7</osmand:speed>
        </extensions>
      </trkpt>
      <trkpt lat="46.9141347" lon="9.2759852">
        <ele>2083.5</ele>
        <time>2026-06-13T09:11:43Z</time>
        <hdop>9.2</hdop>
        <extensions>
          <osmand:speed>0.2</osmand:speed>
        </extensions>
      </trkpt>
      <trkpt lat="46.9141397" lon="9.2760187">
        <ele>2083.5</ele>
        <time>2026-06-13T09:11:49Z</time>
        <hdop>9.2</hdop>
        <extensions>
          <osmand:speed>0.6</osmand:speed>
        </extensions>
      </trkpt>
      <trkpt lat="46.9141639" lon="9.2760429">
        <ele>2084.5</ele>
        <time>2026-06-13T09:11:55Z</time>
        <hdop>8.7</hdop>
        <extensions>
          <osmand:speed>0.6</osmand:speed>
        </extensions>
      </trkpt>
      <trkpt lat="46.9142052" lon="9.2760653">
        <ele>2084.5</ele>
        <time>2026-06-13T09:12:01Z</time>
        <hdop>10.2</hdop>
        <extensions>
          <osmand:speed>0.8</osmand:speed>
        </extensions>
      </trkpt>
      <trkpt lat="46.9142417" lon="9.2760944">
        <ele>2085.5</ele>
        <time>2026-06-13T09:12:07Z</time>
        <hdop>8.7</hdop>
        <extensions>
          <osmand:speed>0.9</osmand:speed>
        </extensions>
      </trkpt>
      <trkpt lat="46.9142662" lon="9.2761144">
        <ele>2085.5</ele>
        <time>2026-06-13T09:12:13Z</time>
        <hdop>9.2</hdop>
        <extensions>
          <osmand:speed>0.8</osmand:speed>
        </extensions>
      </trkpt>
      <trkpt lat="46.9142954" lon="9.2761387">
        <ele>2087.5</ele>
        <time>2026-06-13T09:12:19Z</time>
        <hdop>9.7</hdop>
        <extensions>
          <osmand:speed>0.7</osmand:speed>
        </extensions>
      </trkpt>
      <trkpt lat="46.914298" lon="9.2761859">
        <ele>2088.5</ele>
        <time>2026-06-13T09:12:25Z</time>
        <hdop>9.7</hdop>
        <extensions>
          <osmand:speed>0.7</osmand:speed>
        </extensions>
      </trkpt>
      <trkpt lat="46.9143194" lon="9.2761942">
        <ele>2089.5</ele>
        <time>2026-06-13T09:12:31Z</time>
        <hdop>10.2</hdop>
        <extensions>
          <osmand:speed>1.3</osmand:speed>
        </extensions>
      </trkpt>
      <trkpt lat="46.9143464" lon="9.276207">
        <ele>2090.5</ele>
        <time>2026-06-13T09:12:37Z</time>
        <hdop>8.7</hdop>
        <extensions>
          <osmand:speed>0.3</osmand:speed>
        </extensions>
      </trkpt>
      <trkpt lat="46.9143659" lon="9.2762449">
        <ele>2093.5</ele>
        <time>2026-06-13T09:12:43Z</time>
        <hdop>10.2</hdop>
        <extensions>
          <osmand:speed>0.1</osmand:speed>
        </extensions>
      </trkpt>
      <trkpt lat="46.9143865" lon="9.2762139">
        <ele>2097.5</ele>
        <time>2026-06-13T09:12:49Z</time>
        <hdop>9.2</hdop>
        <extensions>
          <osmand:speed>0.6</osmand:speed>
        </extensions>
      </trkpt>
      <trkpt lat="46.9144054" lon="9.2762055">
        <ele>2097.5</ele>
        <time>2026-06-13T09:12:55Z</time>
        <hdop>8.7</hdop>
        <extensions>
          <osmand:speed>0.4</osmand:speed>
        </extensions>
      </trkpt>
      <trkpt lat="46.9144137" lon="9.2762356">
        <ele>2097.5</ele>
        <time>2026-06-13T09:13:02Z</time>
        <hdop>10.2</hdop>
        <extensions>
          <osmand:speed>0.6</osmand:speed>
        </extensions>
      </trkpt>
      <trkpt lat="46.9144385" lon="9.2762716">
        <ele>2098.5</ele>
        <time>2026-06-13T09:13:08Z</time>
        <hdop>9.7</hdop>
        <extensions>
          <osmand:speed>0.5</osmand:speed>
        </extensions>
      </trkpt>
      <trkpt lat="46.9144765" lon="9.2763064">
        <ele>2100.5</ele>
        <time>2026-06-13T09:13:14Z</time>
        <hdop>10.2</hdop>
        <extensions>
          <osmand:speed>0.5</osmand:speed>
        </extensions>
      </trkpt>
      <trkpt lat="46.9145081" lon="9.2763353">
        <ele>2099.5</ele>
        <time>2026-06-13T09:13:20Z</time>
        <hdop>9.7</hdop>
        <extensions>
          <osmand:speed>0.8</osmand:speed>
        </extensions>
      </trkpt>
      <trkpt lat="46.9145134" lon="9.2763659">
        <ele>2101.5</ele>
        <time>2026-06-13T09:13:26Z</time>
        <hdop>10.2</hdop>
        <extensions>
          <osmand:speed>0.3</osmand:speed>
        </extensions>
      </trkpt>
      <trkpt lat="46.914552" lon="9.2763936">
        <ele>2101.5</ele>
        <time>2026-06-13T09:13:32Z</time>
        <hdop>10.7</hdop>
        <extensions>
          <osmand:speed>0.7</osmand:speed>
        </extensions>
      </trkpt>
      <trkpt lat="46.9145656" lon="9.2764203">
        <ele>2103.5</ele>
        <time>2026-06-13T09:13:38Z</time>
        <hdop>9.7</hdop>
        <extensions>
          <osmand:speed>0.2</osmand:speed>
        </extensions>
      </trkpt>
      <trkpt lat="46.9146017" lon="9.2764509">
        <ele>2103.5</ele>
        <time>2026-06-13T09:13:44Z</time>
        <hdop>8.2</hdop>
        <extensions>
          <osmand:speed>0.7</osmand:speed>
        </extensions>
      </trkpt>
      <trkpt lat="46.9146365" lon="9.2764692">
        <ele>2104.5</ele>
        <time>2026-06-13T09:13:50Z</time>
        <hdop>9.7</hdop>
        <extensions>
          <osmand:speed>0.5</osmand:speed>
        </extensions>
      </trkpt>
      <trkpt lat="46.9146722" lon="9.2764975">
        <ele>2104.5</ele>
        <time>2026-06-13T09:13:56Z</time>
        <hdop>9.2</hdop>
        <extensions>
          <osmand:speed>0.5</osmand:speed>
        </extensions>
      </trkpt>
      <trkpt lat="46.9146918" lon="9.276502">
        <ele>2104.5</ele>
        <time>2026-06-13T09:14:02Z</time>
        <hdop>10.7</hdop>
        <extensions>
          <osmand:speed>0.6</osmand:speed>
        </extensions>
      </trkpt>
      <trkpt lat="46.9146906" lon="9.2764725">
        <ele>2107.5</ele>
        <time>2026-06-13T09:14:09Z</time>
        <hdop>7.1</hdop>
        <extensions>
          <osmand:speed>0.5</osmand:speed>
        </extensions>
      </trkpt>
      <trkpt lat="46.9146623" lon="9.2764225">
        <ele>2108.5</ele>
        <time>2026-06-13T09:14:15Z</time>
        <hdop>9.7</hdop>
        <extensions>
          <osmand:speed>0.2</osmand:speed>
        </extensions>
      </trkpt>
      <trkpt lat="46.9146685" lon="9.2763719">
        <ele>2108.5</ele>
        <time>2026-06-13T09:14:21Z</time>
        <hdop>8.2</hdop>
        <extensions>
          <osmand:speed>0.4</osmand:speed>
        </extensions>
      </trkpt>
      <trkpt lat="46.9146562" lon="9.2763268">
        <ele>2110.5</ele>
        <time>2026-06-13T09:14:27Z</time>
        <hdop>8.7</hdop>
        <extensions>
          <osmand:speed>0.9</osmand:speed>
        </extensions>
      </trkpt>
      <trkpt lat="46.9146596" lon="9.2762875">
        <ele>2109.5</ele>
        <time>2026-06-13T09:14:33Z</time>
        <hdop>8.7</hdop>
        <extensions>
          <osmand:speed>0.3</osmand:speed>
        </extensions>
      </trkpt>
      <trkpt lat="46.9146761" lon="9.2762391">
        <ele>2109.5</ele>
        <time>2026-06-13T09:14:39Z</time>
        <hdop>9.7</hdop>
        <extensions>
          <osmand:speed>0.5</osmand:speed>
        </extensions>
      </trkpt>
      <trkpt lat="46.9146957" lon="9.2762053">
        <ele>2111.5</ele>
        <time>2026-06-13T09:14:45Z</time>
        <hdop>8.7</hdop>
        <extensions>
          <osmand:speed>0.5</osmand:speed>
        </extensions>
      </trkpt>
      <trkpt lat="46.9147193" lon="9.2761647">
        <ele>2112.5</ele>
        <time>2026-06-13T09:14:51Z</time>
        <hdop>8.7</hdop>
        <extensions>
          <osmand:speed>0.4</osmand:speed>
        </extensions>
      </trkpt>
      <trkpt lat="46.9147571" lon="9.276143">
        <ele>2113.5</ele>
        <time>2026-06-13T09:14:57Z</time>
        <hdop>9.2</hdop>
        <extensions>
          <osmand:speed>0.6</osmand:speed>
        </extensions>
      </trkpt>
      <trkpt lat="46.9147804" lon="9.2761191">
        <ele>2114.5</ele>
        <time>2026-06-13T09:15:03Z</time>
        <hdop>9.7</hdop>
        <extensions>
          <osmand:speed>0.6</osmand:speed>
        </extensions>
      </trkpt>
      <trkpt lat="46.9148103" lon="9.2760931">
        <ele>2115.5</ele>
        <time>2026-06-13T09:15:09Z</time>
        <hdop>8.7</hdop>
        <extensions>
          <osmand:speed>0.3</osmand:speed>
        </extensions>
      </trkpt>
      <trkpt lat="46.9148303" lon="9.2760889">
        <ele>2118.5</ele>
        <time>2026-06-13T09:15:15Z</time>
        <hdop>6.6</hdop>
        <extensions>
          <osmand:speed>0.7</osmand:speed>
        </extensions>
      </trkpt>
      <trkpt lat="46.9148472" lon="9.2760724">
        <ele>2117.5</ele>
        <time>2026-06-13T09:15:25Z</time>
        <hdop>8.2</hdop>
        <extensions>
          <osmand:speed>1</osmand:speed>
        </extensions>
      </trkpt>
      <trkpt lat="46.91487" lon="9.2760898">
        <ele>2119.5</ele>
        <time>2026-06-13T09:15:32Z</time>
        <hdop>8.2</hdop>
        <extensions>
          <osmand:speed>0.4</osmand:speed>
        </extensions>
      </trkpt>
      <trkpt lat="46.9148923" lon="9.2760787">
        <ele>2120.5</ele>
        <time>2026-06-13T09:15:38Z</time>
        <hdop>9.7</hdop>
        <extensions>
          <osmand:speed>0.4</osmand:speed>
        </extensions>
      </trkpt>
      <trkpt lat="46.9149345" lon="9.2760844">
        <ele>2120.5</ele>
        <time>2026-06-13T09:15:44Z</time>
        <hdop>10.2</hdop>
        <extensions>
          <osmand:speed>0.6</osmand:speed>
        </extensions>
      </trkpt>
      <trkpt lat="46.9149568" lon="9.2760963">
        <ele>2120.5</ele>
        <time>2026-06-13T09:15:50Z</time>
        <hdop>9.2</hdop>
        <extensions>
          <osmand:speed>0.9</osmand:speed>
        </extensions>
      </trkpt>
      <trkpt lat="46.9149982" lon="9.2761403">
        <ele>2122.5</ele>
        <time>2026-06-13T09:15:56Z</time>
        <hdop>10.2</hdop>
        <extensions>
          <osmand:speed>0.7</osmand:speed>
        </extensions>
      </trkpt>
      <trkpt lat="46.9150414" lon="9.2761646">
        <ele>2121.5</ele>
        <time>2026-06-13T09:16:02Z</time>
        <hdop>10.2</hdop>
        <extensions>
          <osmand:speed>0.9</osmand:speed>
        </extensions>
      </trkpt>
      <trkpt lat="46.9150672" lon="9.2761869">
        <ele>2122.5</ele>
        <time>2026-06-13T09:16:08Z</time>
        <hdop>9.2</hdop>
        <extensions>
          <osmand:speed>0.6</osmand:speed>
        </extensions>
      </trkpt>
      <trkpt lat="46.9150839" lon="9.2762009">
        <ele>2125.5</ele>
        <time>2026-06-13T09:16:27Z</time>
        <hdop>10.7</hdop>
        <extensions>
          <osmand:speed>0.6</osmand:speed>
        </extensions>
      </trkpt>
      <trkpt lat="46.9151317" lon="9.2762122">
        <ele>2126.5</ele>
        <time>2026-06-13T09:16:33Z</time>
        <hdop>9.7</hdop>
        <extensions>
          <osmand:speed>0.5</osmand:speed>
        </extensions>
      </trkpt>
      <trkpt lat="46.9151681" lon="9.2762052">
        <ele>2126.5</ele>
        <time>2026-06-13T09:16:39Z</time>
        <hdop>9.7</hdop>
        <extensions>
          <osmand:speed>1</osmand:speed>
        </extensions>
      </trkpt>
      <trkpt lat="46.9152073" lon="9.2762262">
        <ele>2128.5</ele>
        <time>2026-06-13T09:16:45Z</time>
        <hdop>8.7</hdop>
        <extensions>
          <osmand:speed>0.6</osmand:speed>
        </extensions>
      </trkpt>
      <trkpt lat="46.915227" lon="9.2762297">
        <ele>2129.5</ele>
        <time>2026-06-13T09:17:05Z</time>
        <hdop>6.6</hdop>
        <extensions>
          <osmand:speed>0.3</osmand:speed>
        </extensions>
      </trkpt>
      <trkpt lat="46.9152508" lon="9.276233">
        <ele>2130.5</ele>
        <time>2026-06-13T09:17:13Z</time>
        <hdop>9.7</hdop>
        <extensions>
          <osmand:speed>0.4</osmand:speed>
        </extensions>
      </trkpt>
      <trkpt lat="46.9152859" lon="9.2762203">
        <ele>2131.5</ele>
        <time>2026-06-13T09:17:19Z</time>
        <hdop>10.2</hdop>
        <extensions>
          <osmand:speed>0.5</osmand:speed>
        </extensions>
      </trkpt>
      <trkpt lat="46.9153134" lon="9.276218">
        <ele>2132.5</ele>
        <time>2026-06-13T09:17:25Z</time>
        <hdop>9.7</hdop>
        <extensions>
          <osmand:speed>0.7</osmand:speed>
        </extensions>
      </trkpt>
      <trkpt lat="46.9153419" lon="9.2762018">
        <ele>2133.5</ele>
        <time>2026-06-13T09:17:31Z</time>
        <hdop>8.2</hdop>
        <extensions>
          <osmand:speed>0.9</osmand:speed>
        </extensions>
      </trkpt>
      <trkpt lat="46.9153576" lon="9.2761641">
        <ele>2132.5</ele>
        <time>2026-06-13T09:17:37Z</time>
        <hdop>8.7</hdop>
        <extensions>
          <osmand:speed>0.4</osmand:speed>
        </extensions>
      </trkpt>
      <trkpt lat="46.9153412" lon="9.2761355">
        <ele>2134.5</ele>
        <time>2026-06-13T09:17:43Z</time>
        <hdop>8.2</hdop>
        <extensions>
          <osmand:speed>0.7</osmand:speed>
        </extensions>
      </trkpt>
      <trkpt lat="46.9153206" lon="9.2760915">
        <ele>2135.5</ele>
        <time>2026-06-13T09:17:49Z</time>
        <hdop>8.7</hdop>
        <extensions>
          <osmand:speed>0.2</osmand:speed>
        </extensions>
      </trkpt>
      <trkpt lat="46.9153001" lon="9.2760761">
        <ele>2136.5</ele>
        <time>2026-06-13T09:18:07Z</time>
        <hdop>5.6</hdop>
        <extensions>
          <osmand:speed>0</osmand:speed>
        </extensions>
      </trkpt>
      <trkpt lat="46.9152866" lon="9.2760573">
        <ele>2138.5</ele>
        <time>2026-06-13T09:18:14Z</time>
        <hdop>8.2</hdop>
        <extensions>
          <osmand:speed>0.9</osmand:speed>
        </extensions>
      </trkpt>
      <trkpt lat="46.9152512" lon="9.2759958">
        <ele>2138.5</ele>
        <time>2026-06-13T09:18:20Z</time>
        <hdop>8.2</hdop>
        <extensions>
          <osmand:speed>1.1</osmand:speed>
        </extensions>
      </trkpt>
      <trkpt lat="46.9152117" lon="9.2759438">
        <ele>2138.5</ele>
        <time>2026-06-13T09:18:26Z</time>
        <hdop>9.7</hdop>
        <extensions>
          <osmand:speed>0.6</osmand:speed>
        </extensions>
      </trkpt>
      <trkpt lat="46.9151989" lon="9.2759012">
        <ele>2139.5</ele>
        <time>2026-06-13T09:18:32Z</time>
        <hdop>9.7</hdop>
        <extensions>
          <osmand:speed>0.3</osmand:speed>
        </extensions>
      </trkpt>
      <trkpt lat="46.9151919" lon="9.2758686">
        <ele>2141.5</ele>
        <time>2026-06-13T09:18:38Z</time>
        <hdop>10.2</hdop>
        <extensions>
          <osmand:speed>0.5</osmand:speed>
        </extensions>
      </trkpt>
      <trkpt lat="46.9151692" lon="9.275819">
        <ele>2141.5</ele>
        <time>2026-06-13T09:18:44Z</time>
        <hdop>10.2</hdop>
        <extensions>
          <osmand:speed>0.6</osmand:speed>
        </extensions>
      </trkpt>
      <trkpt lat="46.9151448" lon="9.2757606">
        <ele>2142.5</ele>
        <time>2026-06-13T09:18:50Z</time>
        <hdop>10.2</hdop>
        <extensions>
          <osmand:speed>0.4</osmand:speed>
        </extensions>
      </trkpt>
      <trkpt lat="46.9151389" lon="9.2757353">
        <ele>2143.5</ele>
        <time>2026-06-13T09:18:56Z</time>
        <hdop>10.2</hdop>
        <extensions>
          <osmand:speed>0.9</osmand:speed>
        </extensions>
      </trkpt>
      <trkpt lat="46.9151611" lon="9.2757383">
        <ele>2144.5</ele>
        <time>2026-06-13T09:19:06Z</time>
        <hdop>8.2</hdop>
        <extensions>
          <osmand:speed>0.8</osmand:speed>
        </extensions>
      </trkpt>
      <trkpt lat="46.9151821" lon="9.275781">
        <ele>2144.5</ele>
        <time>2026-06-13T09:19:12Z</time>
        <hdop>9.2</hdop>
        <extensions>
          <osmand:speed>0.5</osmand:speed>
        </extensions>
      </trkpt>
      <trkpt lat="46.9152004" lon="9.2757851">
        <ele>2145.5</ele>
        <time>2026-06-13T09:19:18Z</time>
        <hdop>8.7</hdop>
        <extensions>
          <osmand:speed>0.6</osmand:speed>
        </extensions>
      </trkpt>
      <trkpt lat="46.9152293" lon="9.2757858">
        <ele>2146.5</ele>
        <time>2026-06-13T09:19:28Z</time>
        <hdop>9.7</hdop>
        <extensions>
          <osmand:speed>0.4</osmand:speed>
        </extensions>
      </trkpt>
      <trkpt lat="46.9152681" lon="9.2757967">
        <ele>2145.5</ele>
        <time>2026-06-13T09:19:34Z</time>
        <hdop>9.2</hdop>
        <extensions>
          <osmand:speed>0.9</osmand:speed>
        </extensions>
      </trkpt>
      <trkpt lat="46.9153122" lon="9.2757987">
        <ele>2145.5</ele>
        <time>2026-06-13T09:19:40Z</time>
        <hdop>9.2</hdop>
        <extensions>
          <osmand:speed>0.9</osmand:speed>
        </extensions>
      </trkpt>
      <trkpt lat="46.9153539" lon="9.2757668">
        <ele>2147.5</ele>
        <time>2026-06-13T09:19:46Z</time>
        <hdop>10.7</hdop>
        <extensions>
          <osmand:speed>0.9</osmand:speed>
        </extensions>
      </trkpt>
      <trkpt lat="46.9153983" lon="9.275742">
        <ele>2147.5</ele>
        <time>2026-06-13T09:19:52Z</time>
        <hdop>9.2</hdop>
        <extensions>
          <osmand:speed>0.6</osmand:speed>
        </extensions>
      </trkpt>
      <trkpt lat="46.9154415" lon="9.2757203">
        <ele>2149.5</ele>
        <time>2026-06-13T09:19:58Z</time>
        <hdop>8.7</hdop>
        <extensions>
          <osmand:speed>0.7</osmand:speed>
        </extensions>
      </trkpt>
      <trkpt lat="46.9154777" lon="9.2756717">
        <ele>2149.5</ele>
        <time>2026-06-13T09:20:04Z</time>
        <hdop>9.7</hdop>
        <extensions>
          <osmand:speed>0.7</osmand:speed>
        </extensions>
      </trkpt>
      <trkpt lat="46.9154982" lon="9.2756253">
        <ele>2150.5</ele>
        <time>2026-06-13T09:20:10Z</time>
        <hdop>10.7</hdop>
        <extensions>
          <osmand:speed>0.6</osmand:speed>
        </extensions>
      </trkpt>
      <trkpt lat="46.9154648" lon="9.2755886">
        <ele>2153.5</ele>
        <time>2026-06-13T09:20:16Z</time>
        <hdop>7.7</hdop>
        <extensions>
          <osmand:speed>0.4</osmand:speed>
        </extensions>
      </trkpt>
      <trkpt lat="46.9154292" lon="9.2755764">
        <ele>2154.5</ele>
        <time>2026-06-13T09:20:22Z</time>
        <hdop>9.7</hdop>
        <extensions>
          <osmand:speed>0.9</osmand:speed>
        </extensions>
      </trkpt>
      <trkpt lat="46.915411" lon="9.2755533">
        <ele>2156.5</ele>
        <time>2026-06-13T09:20:28Z</time>
        <hdop>10.7</hdop>
        <extensions>
          <osmand:speed>0</osmand:speed>
        </extensions>
      </trkpt>
      <trkpt lat="46.915412" lon="9.2755242">
        <ele>2157.5</ele>
        <time>2026-06-13T09:20:34Z</time>
        <hdop>10.2</hdop>
        <extensions>
          <osmand:speed>0.7</osmand:speed>
        </extensions>
      </trkpt>
      <trkpt lat="46.9153958" lon="9.2754469">
        <ele>2158.5</ele>
        <time>2026-06-13T09:20:40Z</time>
        <hdop>9.2</hdop>
        <extensions>
          <osmand:speed>1.2</osmand:speed>
        </extensions>
      </trkpt>
      <trkpt lat="46.9153923" lon="9.2753627">
        <ele>2159.5</ele>
        <time>2026-06-13T09:20:46Z</time>
        <hdop>8.2</hdop>
        <extensions>
          <osmand:speed>0.8</osmand:speed>
        </extensions>
      </trkpt>
      <trkpt lat="46.9153897" lon="9.2752992">
        <ele>2161.5</ele>
        <time>2026-06-13T09:20:52Z</time>
        <hdop>8.7</hdop>
        <extensions>
          <osmand:speed>0.9</osmand:speed>
        </extensions>
      </trkpt>
      <trkpt lat="46.9153867" lon="9.2752423">
        <ele>2161.5</ele>
        <time>2026-06-13T09:20:58Z</time>
        <hdop>6.1</hdop>
        <extensions>
          <osmand:speed>0.9</osmand:speed>
        </extensions>
      </trkpt>
      <trkpt lat="46.9153547" lon="9.2751825">
        <ele>2161.5</ele>
        <time>2026-06-13T09:21:04Z</time>
        <hdop>6.1</hdop>
        <extensions>
          <osmand:speed>1.1</osmand:speed>
        </extensions>
      </trkpt>
      <trkpt lat="46.9153282" lon="9.2750981">
        <ele>2162.5</ele>
        <time>2026-06-13T09:21:10Z</time>
        <hdop>6.6</hdop>
        <extensions>
          <osmand:speed>0.8</osmand:speed>
        </extensions>
      </trkpt>
      <trkpt lat="46.9153295" lon="9.2750288">
        <ele>2161.5</ele>
        <time>2026-06-13T09:21:16Z</time>
        <hdop>6.6</hdop>
        <extensions>
          <osmand:speed>0.5</osmand:speed>
        </extensions>
      </trkpt>
      <trkpt lat="46.9153181" lon="9.2749507">
        <ele>2161.5</ele>
        <time>2026-06-13T09:21:22Z</time>
        <hdop>6.6</hdop>
        <extensions>
          <osmand:speed>1</osmand:speed>
        </extensions>
      </trkpt>
      <trkpt lat="46.915309" lon="9.2748845">
        <ele>2161.5</ele>
        <time>2026-06-13T09:21:28Z</time>
        <hdop>7.7</hdop>
        <extensions>
          <osmand:speed>0.9</osmand:speed>
        </extensions>
      </trkpt>
      <trkpt lat="46.9153092" lon="9.2748124">
        <ele>2161.5</ele>
        <time>2026-06-13T09:21:34Z</time>
        <hdop>8.2</hdop>
        <extensions>
          <osmand:speed>0.7</osmand:speed>
        </extensions>
      </trkpt>
      <trkpt lat="46.915313" lon="9.2747443">
        <ele>2160.5</ele>
        <time>2026-06-13T09:21:40Z</time>
        <hdop>6.6</hdop>
        <extensions>
          <osmand:speed>0.9</osmand:speed>
        </extensions>
      </trkpt>
      <trkpt lat="46.9153104" lon="9.2746923">
        <ele>2162.5</ele>
        <time>2026-06-13T09:21:46Z</time>
        <hdop>6.1</hdop>
        <extensions>
          <osmand:speed>0.6</osmand:speed>
        </extensions>
      </trkpt>
      <trkpt lat="46.9153231" lon="9.2746458">
        <ele>2163.5</ele>
        <time>2026-06-13T09:21:52Z</time>
        <hdop>6.1</hdop>
        <extensions>
          <osmand:speed>0.5</osmand:speed>
        </extensions>
      </trkpt>
      <trkpt lat="46.9153223" lon="9.2745925">
        <ele>2164.5</ele>
        <time>2026-06-13T09:21:58Z</time>
        <hdop>6.1</hdop>
        <extensions>
          <osmand:speed>1.6</osmand:speed>
        </extensions>
      </trkpt>
      <trkpt lat="46.9153165" lon="9.2745463">
        <ele>2165.5</ele>
        <time>2026-06-13T09:22:04Z</time>
        <hdop>7.7</hdop>
        <extensions>
          <osmand:speed>0.9</osmand:speed>
        </extensions>
      </trkpt>
      <trkpt lat="46.9152955" lon="9.2745102">
        <ele>2167.5</ele>
        <time>2026-06-13T09:22:10Z</time>
        <hdop>7.1</hdop>
        <extensions>
          <osmand:speed>0.6</osmand:speed>
        </extensions>
      </trkpt>
      <trkpt lat="46.9153016" lon="9.2744799">
        <ele>2167.5</ele>
        <time>2026-06-13T09:22:16Z</time>
        <hdop>6.6</hdop>
        <extensions>
          <osmand:speed>0.2</osmand:speed>
        </extensions>
      </trkpt>
      <trkpt lat="46.9153189" lon="9.274461">
        <ele>2168.5</ele>
        <time>2026-06-13T09:22:22Z</time>
        <hdop>6.1</hdop>
        <extensions>
          <osmand:speed>0.6</osmand:speed>
        </extensions>
      </trkpt>
      <trkpt lat="46.915354" lon="9.2744046">
        <ele>2168.5</ele>
        <time>2026-06-13T09:22:28Z</time>
        <hdop>6.6</hdop>
        <extensions>
          <osmand:speed>1.1</osmand:speed>
        </extensions>
      </trkpt>
      <trkpt lat="46.9153497" lon="9.2743631">
        <ele>2169.5</ele>
        <time>2026-06-13T09:22:34Z</time>
        <hdop>7.1</hdop>
        <extensions>
          <osmand:speed>0.7</osmand:speed>
        </extensions>
      </trkpt>
      <trkpt lat="46.9153276" lon="9.2743239">
        <ele>2170.5</ele>
        <time>2026-06-13T09:22:40Z</time>
        <hdop>8.7</hdop>
        <extensions>
          <osmand:speed>0.5</osmand:speed>
        </extensions>
      </trkpt>
      <trkpt lat="46.9152922" lon="9.2743139">
        <ele>2171.5</ele>
        <time>2026-06-13T09:22:46Z</time>
        <hdop>7.1</hdop>
        <extensions>
          <osmand:speed>0.6</osmand:speed>
        </extensions>
      </trkpt>
      <trkpt lat="46.9152523" lon="9.2743214">
        <ele>2172.5</ele>
        <time>2026-06-13T09:22:52Z</time>
        <hdop>7.1</hdop>
        <extensions>
          <osmand:speed>0.9</osmand:speed>
        </extensions>
      </trkpt>
      <trkpt lat="46.9152354" lon="9.2743331">
        <ele>2174.5</ele>
        <time>2026-06-13T09:22:58Z</time>
        <hdop>10.7</hdop>
        <extensions>
          <osmand:speed>0</osmand:speed>
        </extensions>
      </trkpt>
      <trkpt lat="46.9152169" lon="9.2743469">
        <ele>2172.5</ele>
        <time>2026-06-13T09:23:05Z</time>
        <hdop>7.7</hdop>
        <extensions>
          <osmand:speed>0.3</osmand:speed>
        </extensions>
      </trkpt>
      <trkpt lat="46.9152043" lon="9.2743895">
        <ele>2173.5</ele>
        <time>2026-06-13T09:23:11Z</time>
        <hdop>8.7</hdop>
        <extensions>
          <osmand:speed>0.7</osmand:speed>
        </extensions>
      </trkpt>
      <trkpt lat="46.9151781" lon="9.2743728">
        <ele>2174.5</ele>
        <time>2026-06-13T09:23:17Z</time>
        <hdop>7.7</hdop>
        <extensions>
          <osmand:speed>0.6</osmand:speed>
        </extensions>
      </trkpt>
      <trkpt lat="46.9151553" lon="9.2743937">
        <ele>2176.5</ele>
        <time>2026-06-13T09:23:23Z</time>
        <hdop>7.7</hdop>
        <extensions>
          <osmand:speed>0.8</osmand:speed>
        </extensions>
      </trkpt>
      <trkpt lat="46.9151188" lon="9.2744179">
        <ele>2177.5</ele>
        <time>2026-06-13T09:23:29Z</time>
        <hdop>9.2</hdop>
        <extensions>
          <osmand:speed>1.2</osmand:speed>
        </extensions>
      </trkpt>
      <trkpt lat="46.9150974" lon="9.2744848">
        <ele>2176.5</ele>
        <time>2026-06-13T09:23:35Z</time>
        <hdop>9.7</hdop>
        <extensions>
          <osmand:speed>1</osmand:speed>
        </extensions>
      </trkpt>
      <trkpt lat="46.9150759" lon="9.2745868">
        <ele>2176.5</ele>
        <time>2026-06-13T09:23:41Z</time>
        <hdop>9.2</hdop>
        <extensions>
          <osmand:speed>1.7</osmand:speed>
        </extensions>
      </trkpt>
      <trkpt lat="46.9150545" lon="9.2746241">
        <ele>2176.5</ele>
        <time>2026-06-13T09:23:47Z</time>
        <hdop>7.7</hdop>
        <extensions>
          <osmand:speed>0.9</osmand:speed>
        </extensions>
      </trkpt>
      <trkpt lat="46.9150199" lon="9.2746645">
        <ele>2175.5</ele>
        <time>2026-06-13T09:23:53Z</time>
        <hdop>9.2</hdop>
        <extensions>
          <osmand:speed>1.3</osmand:speed>
        </extensions>
      </trkpt>
      <trkpt lat="46.9150057" lon="9.2746851">
        <ele>2175.5</ele>
        <time>2026-06-13T09:24:01Z</time>
        <hdop>7.1</hdop>
        <extensions>
          <osmand:speed>0.2</osmand:speed>
        </extensions>
      </trkpt>
      <trkpt lat="46.9150149" lon="9.2747233">
        <ele>2177.5</ele>
        <time>2026-06-13T09:24:07Z</time>
        <hdop>8.7</hdop>
        <extensions>
          <osmand:speed>0.6</osmand:speed>
        </extensions>
      </trkpt>
      <trkpt lat="46.9150114" lon="9.2747505">
        <ele>2178.5</ele>
        <time>2026-06-13T09:24:41Z</time>
        <hdop>10.7</hdop>
        <extensions>
          <osmand:speed>0</osmand:speed>
        </extensions>
      </trkpt>
      <trkpt lat="46.9149853" lon="9.2747472">
        <ele>2180.5</ele>
        <time>2026-06-13T09:24:49Z</time>
        <hdop>10.2</hdop>
        <extensions>
          <osmand:speed>0.8</osmand:speed>
        </extensions>
      </trkpt>
      <trkpt lat="46.9150249" lon="9.2747187">
        <ele>2180.5</ele>
        <time>2026-06-13T09:24:55Z</time>
        <hdop>9.7</hdop>
        <extensions>
          <osmand:speed>0.6</osmand:speed>
        </extensions>
      </trkpt>
      <trkpt lat="46.9150469" lon="9.2747052">
        <ele>2178.5</ele>
        <time>2026-06-13T09:25:03Z</time>
        <hdop>8.2</hdop>
        <extensions>
          <osmand:speed>0.4</osmand:speed>
        </extensions>
      </trkpt>
      <trkpt lat="46.9150836" lon="9.2746868">
        <ele>2178.5</ele>
        <time>2026-06-13T09:25:09Z</time>
        <hdop>6.6</hdop>
      </trkpt>
      <trkpt lat="46.9150803" lon="9.2747153">
        <ele>2179.5</ele>
        <time>2026-06-13T09:25:22Z</time>
        <hdop>5.6</hdop>
        <extensions>
          <osmand:speed>0</osmand:speed>
        </extensions>
      </trkpt>
      <trkpt lat="46.9150807" lon="9.2747443">
        <ele>2180.5</ele>
        <time>2026-06-13T09:26:21Z</time>
        <hdop>5.6</hdop>
        <extensions>
          <osmand:speed>1.6</osmand:speed>
        </extensions>
      </trkpt>
      <trkpt lat="46.9150726" lon="9.2747181">
        <ele>2181.5</ele>
        <time>2026-06-13T09:26:39Z</time>
        <hdop>6.6</hdop>
        <extensions>
          <osmand:speed>0.3</osmand:speed>
        </extensions>
      </trkpt>
      <trkpt lat="46.9150535" lon="9.2747198">
        <ele>2181.5</ele>
        <time>2026-06-13T09:26:49Z</time>
        <hdop>14.3</hdop>
        <extensions>
          <osmand:speed>0.4</osmand:speed>
        </extensions>
      </trkpt>
      <trkpt lat="46.9150722" lon="9.2747261">
        <ele>2181.5</ele>
        <time>2026-06-13T09:27:49Z</time>
        <hdop>5.1</hdop>
        <extensions>
          <osmand:speed>0.1</osmand:speed>
        </extensions>
      </trkpt>
      <trkpt lat="46.9150508" lon="9.2747256">
        <ele>2181.5</ele>
        <time>2026-06-13T09:29:47Z</time>
        <hdop>5.6</hdop>
        <extensions>
          <osmand:speed>0.3</osmand:speed>
        </extensions>
      </trkpt>
      <trkpt lat="46.9150684" lon="9.2747132">
        <ele>2182.5</ele>
        <time>2026-06-13T09:32:28Z</time>
        <hdop>4.1</hdop>
        <extensions>
          <osmand:speed>0.1</osmand:speed>
        </extensions>
      </trkpt>
      <trkpt lat="46.9150283" lon="9.2746495">
        <ele>2170.5</ele>
        <time>2026-06-13T09:33:05Z</time>
        <hdop>14.8</hdop>
      </trkpt>
      <trkpt lat="46.9149187" lon="9.2747442">
        <ele>2182.5</ele>
        <time>2026-06-13T09:35:40Z</time>
        <hdop>14.8</hdop>
      </trkpt>
      <trkpt lat="46.9149346" lon="9.2747569">
        <ele>2182.5</ele>
        <time>2026-06-13T09:36:48Z</time>
        <hdop>13.3</hdop>
      </trkpt>
      <trkpt lat="46.9149615" lon="9.2747329">
        <ele>2182.5</ele>
        <time>2026-06-13T09:37:08Z</time>
        <hdop>10.7</hdop>
      </trkpt>
      <trkpt lat="46.914996" lon="9.2747147">
        <ele>2183.5</ele>
        <time>2026-06-13T09:38:34Z</time>
        <hdop>10.7</hdop>
        <extensions>
          <osmand:speed>0.3</osmand:speed>
        </extensions>
      </trkpt>
      <trkpt lat="46.9150235" lon="9.2747164">
        <ele>2183.5</ele>
        <time>2026-06-13T09:38:46Z</time>
        <hdop>6.6</hdop>
        <extensions>
          <osmand:speed>0.1</osmand:speed>
        </extensions>
      </trkpt>
      <trkpt lat="46.9150537" lon="9.27472">
        <ele>2183.5</ele>
        <time>2026-06-13T09:38:52Z</time>
        <hdop>3.1</hdop>
      </trkpt>
      <trkpt lat="46.9150588" lon="9.2748007">
        <ele>2180.5</ele>
        <time>2026-06-13T09:40:58Z</time>
        <hdop>14.8</hdop>
      </trkpt>
      <trkpt lat="46.9150331" lon="9.2747661">
        <ele>2176.5</ele>
        <time>2026-06-13T09:41:04Z</time>
        <hdop>11.2</hdop>
      </trkpt>
      <trkpt lat="46.9151197" lon="9.2747681">
        <ele>2176.5</ele>
        <time>2026-06-13T09:41:20Z</time>
        <hdop>10.7</hdop>
      </trkpt>
      <trkpt lat="46.9150998" lon="9.2747692">
        <ele>2177.5</ele>
        <time>2026-06-13T09:41:26Z</time>
        <hdop>7.7</hdop>
      </trkpt>
      <trkpt lat="46.9150842" lon="9.2747533">
        <ele>2179.5</ele>
        <time>2026-06-13T09:41:38Z</time>
        <hdop>7.1</hdop>
      </trkpt>
      <trkpt lat="46.9150658" lon="9.2747531">
        <ele>2179.5</ele>
        <time>2026-06-13T09:41:59Z</time>
        <hdop>6.6</hdop>
      </trkpt>
      <trkpt lat="46.915046" lon="9.2747339">
        <ele>2181.5</ele>
        <time>2026-06-13T09:42:55Z</time>
        <hdop>6.6</hdop>
        <extensions>
          <osmand:speed>0</osmand:speed>
        </extensions>
      </trkpt>
      <trkpt lat="46.9151105" lon="9.2744389">
        <ele>2187.5</ele>
        <time>2026-06-13T09:44:49Z</time>
        <hdop>10.7</hdop>
        <extensions>
          <osmand:speed>1</osmand:speed>
        </extensions>
      </trkpt>
      <trkpt lat="46.9151543" lon="9.2743945">
        <ele>2182.5</ele>
        <time>2026-06-13T09:44:55Z</time>
        <hdop>7.1</hdop>
        <extensions>
          <osmand:speed>0.5</osmand:speed>
        </extensions>
      </trkpt>
      <trkpt lat="46.9151746" lon="9.2744096">
        <ele>2182.5</ele>
        <time>2026-06-13T09:45:02Z</time>
        <hdop>6.6</hdop>
        <extensions>
          <osmand:speed>0.5</osmand:speed>
        </extensions>
      </trkpt>
      <trkpt lat="46.9151976" lon="9.2743901">
        <ele>2181.5</ele>
        <time>2026-06-13T09:45:08Z</time>
        <hdop>10.7</hdop>
        <extensions>
          <osmand:speed>0.7</osmand:speed>
        </extensions>
      </trkpt>
      <trkpt lat="46.9152276" lon="9.2743695">
        <ele>2180.5</ele>
        <time>2026-06-13T09:45:14Z</time>
        <hdop>5.1</hdop>
      </trkpt>
      <trkpt lat="46.9152497" lon="9.2743527">
        <ele>2180.5</ele>
        <time>2026-06-13T09:45:23Z</time>
        <hdop>6.6</hdop>
        <extensions>
          <osmand:speed>0.4</osmand:speed>
        </extensions>
      </trkpt>
      <trkpt lat="46.9152828" lon="9.2743399">
        <ele>2180.5</ele>
        <time>2026-06-13T09:45:29Z</time>
        <hdop>5.6</hdop>
        <extensions>
          <osmand:speed>0.7</osmand:speed>
        </extensions>
      </trkpt>
      <trkpt lat="46.9153191" lon="9.2743521">
        <ele>2179.5</ele>
        <time>2026-06-13T09:45:35Z</time>
        <hdop>6.6</hdop>
        <extensions>
          <osmand:speed>0.4</osmand:speed>
        </extensions>
      </trkpt>
      <trkpt lat="46.9153325" lon="9.2743803">
        <ele>2179.5</ele>
        <time>2026-06-13T09:45:41Z</time>
        <hdop>6.1</hdop>
        <extensions>
          <osmand:speed>1.2</osmand:speed>
        </extensions>
      </trkpt>
      <trkpt lat="46.9153375" lon="9.2744569">
        <ele>2177.5</ele>
        <time>2026-06-13T09:45:47Z</time>
        <hdop>7.1</hdop>
        <extensions>
          <osmand:speed>1.4</osmand:speed>
        </extensions>
      </trkpt>
      <trkpt lat="46.9153001" lon="9.2745099">
        <ele>2175.5</ele>
        <time>2026-06-13T09:45:53Z</time>
        <hdop>8.2</hdop>
        <extensions>
          <osmand:speed>0.8</osmand:speed>
        </extensions>
      </trkpt>
      <trkpt lat="46.9152843" lon="9.2745353">
        <ele>2176.5</ele>
        <time>2026-06-13T09:45:59Z</time>
        <hdop>6.6</hdop>
        <extensions>
          <osmand:speed>0.4</osmand:speed>
        </extensions>
      </trkpt>
      <trkpt lat="46.9152971" lon="9.274577">
        <ele>2176.5</ele>
        <time>2026-06-13T09:46:05Z</time>
        <hdop>8.7</hdop>
        <extensions>
          <osmand:speed>0.7</osmand:speed>
        </extensions>
      </trkpt>
      <trkpt lat="46.9152992" lon="9.2746451">
        <ele>2172.5</ele>
        <time>2026-06-13T09:46:11Z</time>
        <hdop>7.7</hdop>
        <extensions>
          <osmand:speed>0.6</osmand:speed>
        </extensions>
      </trkpt>
      <trkpt lat="46.9153177" lon="9.274666">
        <ele>2170.5</ele>
        <time>2026-06-13T09:46:17Z</time>
        <hdop>7.1</hdop>
        <extensions>
          <osmand:speed>1.2</osmand:speed>
        </extensions>
      </trkpt>
      <trkpt lat="46.9153552" lon="9.2746928">
        <ele>2167.5</ele>
        <time>2026-06-13T09:46:23Z</time>
        <hdop>7.1</hdop>
        <extensions>
          <osmand:speed>0.7</osmand:speed>
        </extensions>
      </trkpt>
      <trkpt lat="46.9153653" lon="9.2747188">
        <ele>2165.5</ele>
        <time>2026-06-13T09:46:29Z</time>
        <hdop>8.7</hdop>
        <extensions>
          <osmand:speed>0.8</osmand:speed>
        </extensions>
      </trkpt>
      <trkpt lat="46.9154014" lon="9.2747091">
        <ele>2165.5</ele>
        <time>2026-06-13T09:46:35Z</time>
        <hdop>10.2</hdop>
        <extensions>
          <osmand:speed>0.2</osmand:speed>
        </extensions>
      </trkpt>
      <trkpt lat="46.9153904" lon="9.2747324">
        <ele>2165.5</ele>
        <time>2026-06-13T09:46:52Z</time>
        <hdop>9.2</hdop>
        <extensions>
          <osmand:speed>1.5</osmand:speed>
        </extensions>
      </trkpt>
      <trkpt lat="46.9153667" lon="9.2747981">
        <ele>2163.5</ele>
        <time>2026-06-13T09:46:58Z</time>
        <hdop>7.1</hdop>
        <extensions>
          <osmand:speed>1.3</osmand:speed>
        </extensions>
      </trkpt>
      <trkpt lat="46.9153233" lon="9.2748531">
        <ele>2163.5</ele>
        <time>2026-06-13T09:47:04Z</time>
        <hdop>7.1</hdop>
        <extensions>
          <osmand:speed>1</osmand:speed>
        </extensions>
      </trkpt>
      <trkpt lat="46.9153125" lon="9.2749543">
        <ele>2161.5</ele>
        <time>2026-06-13T09:47:10Z</time>
        <hdop>7.7</hdop>
        <extensions>
          <osmand:speed>1</osmand:speed>
        </extensions>
      </trkpt>
      <trkpt lat="46.9153166" lon="9.2750178">
        <ele>2159.5</ele>
        <time>2026-06-13T09:47:16Z</time>
        <hdop>8.7</hdop>
        <extensions>
          <osmand:speed>1.1</osmand:speed>
        </extensions>
      </trkpt>
      <trkpt lat="46.9153754" lon="9.2750719">
        <ele>2158.5</ele>
        <time>2026-06-13T09:47:22Z</time>
        <hdop>8.7</hdop>
        <extensions>
          <osmand:speed>1.1</osmand:speed>
        </extensions>
      </trkpt>
      <trkpt lat="46.9153994" lon="9.2751215">
        <ele>2156.5</ele>
        <time>2026-06-13T09:47:28Z</time>
        <hdop>9.2</hdop>
        <extensions>
          <osmand:speed>0.8</osmand:speed>
        </extensions>
      </trkpt>
      <trkpt lat="46.9154135" lon="9.2751664">
        <ele>2157.5</ele>
        <time>2026-06-13T09:47:34Z</time>
        <hdop>9.2</hdop>
        <extensions>
          <osmand:speed>1.7</osmand:speed>
        </extensions>
      </trkpt>
      <trkpt lat="46.9154697" lon="9.2752428">
        <ele>2155.5</ele>
        <time>2026-06-13T09:47:40Z</time>
        <hdop>9.7</hdop>
        <extensions>
          <osmand:speed>1.1</osmand:speed>
        </extensions>
      </trkpt>
      <trkpt lat="46.9155149" lon="9.2752666">
        <ele>2154.5</ele>
        <time>2026-06-13T09:47:46Z</time>
        <hdop>9.2</hdop>
        <extensions>
          <osmand:speed>1.1</osmand:speed>
        </extensions>
      </trkpt>
      <trkpt lat="46.9155732" lon="9.275311">
        <ele>2154.5</ele>
        <time>2026-06-13T09:47:52Z</time>
        <hdop>13.8</hdop>
        <extensions>
          <osmand:speed>1</osmand:speed>
        </extensions>
      </trkpt>
      <trkpt lat="46.915517" lon="9.2753422">
        <ele>2154.5</ele>
        <time>2026-06-13T09:47:58Z</time>
        <hdop>10.7</hdop>
        <extensions>
          <osmand:speed>1</osmand:speed>
        </extensions>
      </trkpt>
      <trkpt lat="46.9155197" lon="9.2753802">
        <ele>2153.5</ele>
        <time>2026-06-13T09:48:12Z</time>
        <hdop>11.7</hdop>
        <extensions>
          <osmand:speed>1</osmand:speed>
        </extensions>
      </trkpt>
      <trkpt lat="46.91554" lon="9.2754385">
        <ele>2152.5</ele>
        <time>2026-06-13T09:48:18Z</time>
        <hdop>13.3</hdop>
        <extensions>
          <osmand:speed>0.5</osmand:speed>
        </extensions>
      </trkpt>
      <trkpt lat="46.9155467" lon="9.2754749">
        <ele>2153.5</ele>
        <time>2026-06-13T09:48:24Z</time>
        <hdop>11.7</hdop>
        <extensions>
          <osmand:speed>0.5</osmand:speed>
        </extensions>
      </trkpt>
      <trkpt lat="46.9155216" lon="9.2755336">
        <ele>2153.5</ele>
        <time>2026-06-13T09:48:30Z</time>
        <hdop>9.2</hdop>
        <extensions>
          <osmand:speed>0.7</osmand:speed>
        </extensions>
      </trkpt>
      <trkpt lat="46.9154972" lon="9.2755687">
        <ele>2154.5</ele>
        <time>2026-06-13T09:48:36Z</time>
        <hdop>8.2</hdop>
        <extensions>
          <osmand:speed>0.5</osmand:speed>
        </extensions>
      </trkpt>
      <trkpt lat="46.9155074" lon="9.2755935">
        <ele>2156.5</ele>
        <time>2026-06-13T09:48:46Z</time>
        <hdop>7.1</hdop>
        <extensions>
          <osmand:speed>0.2</osmand:speed>
        </extensions>
      </trkpt>
      <trkpt lat="46.9154801" lon="9.2756472">
        <ele>2157.5</ele>
        <time>2026-06-13T09:48:52Z</time>
        <hdop>6.6</hdop>
        <extensions>
          <osmand:speed>0.7</osmand:speed>
        </extensions>
      </trkpt>
      <trkpt lat="46.9154561" lon="9.2756775">
        <ele>2157.5</ele>
        <time>2026-06-13T09:48:58Z</time>
        <hdop>6.6</hdop>
        <extensions>
          <osmand:speed>0.6</osmand:speed>
        </extensions>
      </trkpt>
      <trkpt lat="46.915423" lon="9.2757186">
        <ele>2157.5</ele>
        <time>2026-06-13T09:49:04Z</time>
        <hdop>6.1</hdop>
        <extensions>
          <osmand:speed>0.5</osmand:speed>
        </extensions>
      </trkpt>
      <trkpt lat="46.9154122" lon="9.2757437">
        <ele>2157.5</ele>
        <time>2026-06-13T09:49:10Z</time>
        <hdop>6.1</hdop>
        <extensions>
          <osmand:speed>0.2</osmand:speed>
        </extensions>
      </trkpt>
      <trkpt lat="46.9153691" lon="9.2757716">
        <ele>2158.5</ele>
        <time>2026-06-13T09:49:16Z</time>
        <hdop>5.1</hdop>
        <extensions>
          <osmand:speed>0.8</osmand:speed>
        </extensions>
      </trkpt>
      <trkpt lat="46.9153431" lon="9.2758061">
        <ele>2157.5</ele>
        <time>2026-06-13T09:49:22Z</time>
        <hdop>5.6</hdop>
        <extensions>
          <osmand:speed>0.8</osmand:speed>
        </extensions>
      </trkpt>
      <trkpt lat="46.915305" lon="9.2758212">
        <ele>2156.5</ele>
        <time>2026-06-13T09:49:28Z</time>
        <hdop>6.6</hdop>
        <extensions>
          <osmand:speed>0.6</osmand:speed>
        </extensions>
      </trkpt>
      <trkpt lat="46.915253" lon="9.2758119">
        <ele>2155.5</ele>
        <time>2026-06-13T09:49:34Z</time>
        <hdop>6.1</hdop>
        <extensions>
          <osmand:speed>1</osmand:speed>
        </extensions>
      </trkpt>
      <trkpt lat="46.9151964" lon="9.275783">
        <ele>2155.5</ele>
        <time>2026-06-13T09:49:40Z</time>
        <hdop>6.6</hdop>
        <extensions>
          <osmand:speed>0.7</osmand:speed>
        </extensions>
      </trkpt>
      <trkpt lat="46.9151573" lon="9.2757637">
        <ele>2155.5</ele>
        <time>2026-06-13T09:49:46Z</time>
        <hdop>6.6</hdop>
        <extensions>
          <osmand:speed>0.9</osmand:speed>
        </extensions>
      </trkpt>
      <trkpt lat="46.9151619" lon="9.2757983">
        <ele>2151.5</ele>
        <time>2026-06-13T09:49:55Z</time>
        <hdop>7.7</hdop>
        <extensions>
          <osmand:speed>0.9</osmand:speed>
        </extensions>
      </trkpt>
      <trkpt lat="46.9151676" lon="9.275849">
        <ele>2149.5</ele>
        <time>2026-06-13T09:50:01Z</time>
        <hdop>6.1</hdop>
        <extensions>
          <osmand:speed>0.8</osmand:speed>
        </extensions>
      </trkpt>
      <trkpt lat="46.9151635" lon="9.2758809">
        <ele>2148.5</ele>
        <time>2026-06-13T09:50:16Z</time>
        <hdop>13.3</hdop>
        <extensions>
          <osmand:speed>0.9</osmand:speed>
        </extensions>
      </trkpt>
      <trkpt lat="46.9151953" lon="9.2759501">
        <ele>2148.5</ele>
        <time>2026-06-13T09:50:22Z</time>
        <hdop>9.7</hdop>
        <extensions>
          <osmand:speed>0.7</osmand:speed>
        </extensions>
      </trkpt>
      <trkpt lat="46.9152314" lon="9.2760009">
        <ele>2147.5</ele>
        <time>2026-06-13T09:50:28Z</time>
        <hdop>8.2</hdop>
        <extensions>
          <osmand:speed>1</osmand:speed>
        </extensions>
      </trkpt>
      <trkpt lat="46.9152685" lon="9.2760662">
        <ele>2146.5</ele>
        <time>2026-06-13T09:50:34Z</time>
        <hdop>7.1</hdop>
        <extensions>
          <osmand:speed>0.8</osmand:speed>
        </extensions>
      </trkpt>
      <trkpt lat="46.9153161" lon="9.2761178">
        <ele>2144.5</ele>
        <time>2026-06-13T09:50:40Z</time>
        <hdop>6.6</hdop>
        <extensions>
          <osmand:speed>0.8</osmand:speed>
        </extensions>
      </trkpt>
      <trkpt lat="46.9153378" lon="9.2761609">
        <ele>2143.5</ele>
        <time>2026-06-13T09:50:46Z</time>
        <hdop>7.1</hdop>
        <extensions>
          <osmand:speed>1</osmand:speed>
        </extensions>
      </trkpt>
      <trkpt lat="46.9153367" lon="9.2761911">
        <ele>2143.5</ele>
        <time>2026-06-13T09:50:52Z</time>
        <hdop>6.6</hdop>
        <extensions>
          <osmand:speed>0.8</osmand:speed>
        </extensions>
      </trkpt>
      <trkpt lat="46.9153132" lon="9.2762124">
        <ele>2141.5</ele>
        <time>2026-06-13T09:50:58Z</time>
        <hdop>5.6</hdop>
        <extensions>
          <osmand:speed>0.5</osmand:speed>
        </extensions>
      </trkpt>
      <trkpt lat="46.9152621" lon="9.2762258">
        <ele>2139.5</ele>
        <time>2026-06-13T09:51:04Z</time>
        <hdop>6.1</hdop>
        <extensions>
          <osmand:speed>0.8</osmand:speed>
        </extensions>
      </trkpt>
      <trkpt lat="46.9152291" lon="9.2762383">
        <ele>2138.5</ele>
        <time>2026-06-13T09:51:10Z</time>
        <hdop>5.6</hdop>
        <extensions>
          <osmand:speed>1.2</osmand:speed>
        </extensions>
      </trkpt>
      <trkpt lat="46.915182" lon="9.2762382">
        <ele>2138.5</ele>
        <time>2026-06-13T09:51:16Z</time>
        <hdop>6.6</hdop>
        <extensions>
          <osmand:speed>1</osmand:speed>
        </extensions>
      </trkpt>
      <trkpt lat="46.9151407" lon="9.2762426">
        <ele>2137.5</ele>
        <time>2026-06-13T09:51:22Z</time>
        <hdop>6.6</hdop>
        <extensions>
          <osmand:speed>0.2</osmand:speed>
        </extensions>
      </trkpt>
      <trkpt lat="46.9150951" lon="9.2762291">
        <ele>2136.5</ele>
        <time>2026-06-13T09:51:28Z</time>
        <hdop>6.6</hdop>
        <extensions>
          <osmand:speed>0.8</osmand:speed>
        </extensions>
      </trkpt>
      <trkpt lat="46.9150642" lon="9.2761994">
        <ele>2134.5</ele>
        <time>2026-06-13T09:51:34Z</time>
        <hdop>7.1</hdop>
        <extensions>
          <osmand:speed>1.1</osmand:speed>
        </extensions>
      </trkpt>
      <trkpt lat="46.915029" lon="9.2761749">
        <ele>2132.5</ele>
        <time>2026-06-13T09:51:40Z</time>
        <hdop>7.7</hdop>
        <extensions>
          <osmand:speed>0.9</osmand:speed>
        </extensions>
      </trkpt>
      <trkpt lat="46.9149817" lon="9.2761336">
        <ele>2131.5</ele>
        <time>2026-06-13T09:51:46Z</time>
        <hdop>7.7</hdop>
        <extensions>
          <osmand:speed>1</osmand:speed>
        </extensions>
      </trkpt>
      <trkpt lat="46.9149359" lon="9.2760885">
        <ele>2131.5</ele>
        <time>2026-06-13T09:51:52Z</time>
        <hdop>9.2</hdop>
        <extensions>
          <osmand:speed>0.6</osmand:speed>
        </extensions>
      </trkpt>
      <trkpt lat="46.9148852" lon="9.2760683">
        <ele>2129.5</ele>
        <time>2026-06-13T09:51:58Z</time>
        <hdop>7.1</hdop>
        <extensions>
          <osmand:speed>0.7</osmand:speed>
        </extensions>
      </trkpt>
      <trkpt lat="46.9148366" lon="9.2760464">
        <ele>2127.5</ele>
        <time>2026-06-13T09:52:04Z</time>
        <hdop>7.7</hdop>
        <extensions>
          <osmand:speed>0.7</osmand:speed>
        </extensions>
      </trkpt>
      <trkpt lat="46.9147834" lon="9.276052">
        <ele>2127.5</ele>
        <time>2026-06-13T09:52:10Z</time>
        <hdop>6.6</hdop>
        <extensions>
          <osmand:speed>0.9</osmand:speed>
        </extensions>
      </trkpt>
      <trkpt lat="46.9147467" lon="9.2760941">
        <ele>2125.5</ele>
        <time>2026-06-13T09:52:16Z</time>
        <hdop>6.1</hdop>
        <extensions>
          <osmand:speed>1.1</osmand:speed>
        </extensions>
      </trkpt>
      <trkpt lat="46.9147435" lon="9.2761498">
        <ele>2123.5</ele>
        <time>2026-06-13T09:52:22Z</time>
        <hdop>7.1</hdop>
        <extensions>
          <osmand:speed>0.7</osmand:speed>
        </extensions>
      </trkpt>
      <trkpt lat="46.9147312" lon="9.2761968">
        <ele>2122.5</ele>
        <time>2026-06-13T09:52:28Z</time>
        <hdop>6.1</hdop>
        <extensions>
          <osmand:speed>1</osmand:speed>
        </extensions>
      </trkpt>
      <trkpt lat="46.9147215" lon="9.2762371">
        <ele>2119.5</ele>
        <time>2026-06-13T09:52:34Z</time>
        <hdop>6.6</hdop>
        <extensions>
          <osmand:speed>0.8</osmand:speed>
        </extensions>
      </trkpt>
      <trkpt lat="46.9147022" lon="9.2762829">
        <ele>2117.5</ele>
        <time>2026-06-13T09:52:40Z</time>
        <hdop>6.6</hdop>
        <extensions>
          <osmand:speed>0.8</osmand:speed>
        </extensions>
      </trkpt>
      <trkpt lat="46.9146781" lon="9.2763413">
        <ele>2116.5</ele>
        <time>2026-06-13T09:52:46Z</time>
        <hdop>5.6</hdop>
        <extensions>
          <osmand:speed>0.8</osmand:speed>
        </extensions>
      </trkpt>
      <trkpt lat="46.9146797" lon="9.2763908">
        <ele>2116.5</ele>
        <time>2026-06-13T09:52:52Z</time>
        <hdop>6.6</hdop>
        <extensions>
          <osmand:speed>1.1</osmand:speed>
        </extensions>
      </trkpt>
      <trkpt lat="46.9146868" lon="9.2764591">
        <ele>2116.5</ele>
        <time>2026-06-13T09:52:58Z</time>
        <hdop>5.6</hdop>
        <extensions>
          <osmand:speed>1</osmand:speed>
        </extensions>
      </trkpt>
      <trkpt lat="46.9146818" lon="9.2764958">
        <ele>2115.5</ele>
        <time>2026-06-13T09:53:04Z</time>
        <hdop>7.7</hdop>
        <extensions>
          <osmand:speed>0.1</osmand:speed>
        </extensions>
      </trkpt>
      <trkpt lat="46.9146667" lon="9.2764684">
        <ele>2114.5</ele>
        <time>2026-06-13T09:53:19Z</time>
        <hdop>6.6</hdop>
        <extensions>
          <osmand:speed>0.5</osmand:speed>
        </extensions>
      </trkpt>
      <trkpt lat="46.9146369" lon="9.2764545">
        <ele>2113.5</ele>
        <time>2026-06-13T09:53:25Z</time>
        <hdop>7.1</hdop>
        <extensions>
          <osmand:speed>0.8</osmand:speed>
        </extensions>
      </trkpt>
      <trkpt lat="46.9146026" lon="9.2764164">
        <ele>2110.5</ele>
        <time>2026-06-13T09:53:31Z</time>
        <hdop>6.6</hdop>
        <extensions>
          <osmand:speed>0.5</osmand:speed>
        </extensions>
      </trkpt>
      <trkpt lat="46.9145771" lon="9.2763701">
        <ele>2110.5</ele>
        <time>2026-06-13T09:53:37Z</time>
        <hdop>7.7</hdop>
        <extensions>
          <osmand:speed>0.6</osmand:speed>
        </extensions>
      </trkpt>
      <trkpt lat="46.9145482" lon="9.2763483">
        <ele>2107.5</ele>
        <time>2026-06-13T09:53:43Z</time>
        <hdop>8.7</hdop>
        <extensions>
          <osmand:speed>0.2</osmand:speed>
        </extensions>
      </trkpt>
      <trkpt lat="46.9145345" lon="9.2763297">
        <ele>2106.5</ele>
        <time>2026-06-13T09:53:58Z</time>
        <hdop>5.6</hdop>
        <extensions>
          <osmand:speed>1.3</osmand:speed>
        </extensions>
      </trkpt>
      <trkpt lat="46.9144897" lon="9.2762964">
        <ele>2106.5</ele>
        <time>2026-06-13T09:54:04Z</time>
        <hdop>6.6</hdop>
        <extensions>
          <osmand:speed>1</osmand:speed>
        </extensions>
      </trkpt>
      <trkpt lat="46.9144455" lon="9.2762406">
        <ele>2105.5</ele>
        <time>2026-06-13T09:54:10Z</time>
        <hdop>7.7</hdop>
        <extensions>
          <osmand:speed>0.6</osmand:speed>
        </extensions>
      </trkpt>
      <trkpt lat="46.9144132" lon="9.2762359">
        <ele>2103.5</ele>
        <time>2026-06-13T09:54:16Z</time>
        <hdop>6.6</hdop>
        <extensions>
          <osmand:speed>0.5</osmand:speed>
        </extensions>
      </trkpt>
      <trkpt lat="46.914378" lon="9.2762309">
        <ele>2101.5</ele>
        <time>2026-06-13T09:54:22Z</time>
        <hdop>6.6</hdop>
        <extensions>
          <osmand:speed>1</osmand:speed>
        </extensions>
      </trkpt>
      <trkpt lat="46.9143382" lon="9.2762206">
        <ele>2101.5</ele>
        <time>2026-06-13T09:54:28Z</time>
        <hdop>8.7</hdop>
        <extensions>
          <osmand:speed>1.1</osmand:speed>
        </extensions>
      </trkpt>
      <trkpt lat="46.9143007" lon="9.276197">
        <ele>2101.5</ele>
        <time>2026-06-13T09:54:34Z</time>
        <hdop>6.6</hdop>
        <extensions>
          <osmand:speed>0.8</osmand:speed>
        </extensions>
      </trkpt>
      <trkpt lat="46.914259" lon="9.2761707">
        <ele>2100.5</ele>
        <time>2026-06-13T09:54:40Z</time>
        <hdop>7.7</hdop>
        <extensions>
          <osmand:speed>0.9</osmand:speed>
        </extensions>
      </trkpt>
      <trkpt lat="46.9142187" lon="9.2761222">
        <ele>2099.5</ele>
        <time>2026-06-13T09:54:46Z</time>
        <hdop>7.1</hdop>
        <extensions>
          <osmand:speed>0.9</osmand:speed>
        </extensions>
      </trkpt>
      <trkpt lat="46.9141799" lon="9.2760588">
        <ele>2098.5</ele>
        <time>2026-06-13T09:54:52Z</time>
        <hdop>7.1</hdop>
        <extensions>
          <osmand:speed>1.1</osmand:speed>
        </extensions>
      </trkpt>
      <trkpt lat="46.9141466" lon="9.2760222">
        <ele>2096.5</ele>
        <time>2026-06-13T09:54:58Z</time>
        <hdop>6.6</hdop>
        <extensions>
          <osmand:speed>0.8</osmand:speed>
        </extensions>
      </trkpt>
      <trkpt lat="46.9140905" lon="9.2759672">
        <ele>2095.5</ele>
        <time>2026-06-13T09:55:04Z</time>
        <hdop>8.7</hdop>
        <extensions>
          <osmand:speed>0.9</osmand:speed>
        </extensions>
      </trkpt>
      <trkpt lat="46.9140484" lon="9.2759051">
        <ele>2091.5</ele>
        <time>2026-06-13T09:55:10Z</time>
        <hdop>6.6</hdop>
        <extensions>
          <osmand:speed>1.1</osmand:speed>
        </extensions>
      </trkpt>
      <trkpt lat="46.9140439" lon="9.27583">
        <ele>2089.5</ele>
        <time>2026-06-13T09:55:16Z</time>
        <hdop>7.7</hdop>
        <extensions>
          <osmand:speed>0.8</osmand:speed>
        </extensions>
      </trkpt>
      <trkpt lat="46.9140227" lon="9.2757542">
        <ele>2088.5</ele>
        <time>2026-06-13T09:55:22Z</time>
        <hdop>7.1</hdop>
        <extensions>
          <osmand:speed>0.4</osmand:speed>
        </extensions>
      </trkpt>
      <trkpt lat="46.9140245" lon="9.2757889">
        <ele>2088.5</ele>
        <time>2026-06-13T09:55:29Z</time>
        <hdop>6.6</hdop>
        <extensions>
          <osmand:speed>1.2</osmand:speed>
        </extensions>
      </trkpt>
      <trkpt lat="46.9140154" lon="9.2758423">
        <ele>2086.5</ele>
        <time>2026-06-13T09:55:35Z</time>
        <hdop>6.1</hdop>
        <extensions>
          <osmand:speed>0.9</osmand:speed>
        </extensions>
      </trkpt>
      <trkpt lat="46.9139976" lon="9.2758988">
        <ele>2086.5</ele>
        <time>2026-06-13T09:55:41Z</time>
        <hdop>6.1</hdop>
        <extensions>
          <osmand:speed>1</osmand:speed>
        </extensions>
      </trkpt>
      <trkpt lat="46.913992" lon="9.2759541">
        <ele>2085.5</ele>
        <time>2026-06-13T09:55:47Z</time>
        <hdop>7.1</hdop>
        <extensions>
          <osmand:speed>0.7</osmand:speed>
        </extensions>
      </trkpt>
      <trkpt lat="46.9140077" lon="9.2759906">
        <ele>2085.5</ele>
        <time>2026-06-13T09:55:53Z</time>
        <hdop>7.1</hdop>
        <extensions>
          <osmand:speed>1</osmand:speed>
        </extensions>
      </trkpt>
      <trkpt lat="46.9140142" lon="9.2760443">
        <ele>2084.5</ele>
        <time>2026-06-13T09:55:59Z</time>
        <hdop>6.6</hdop>
        <extensions>
          <osmand:speed>0.1</osmand:speed>
        </extensions>
      </trkpt>
      <trkpt lat="46.9140224" lon="9.2760761">
        <ele>2084.5</ele>
        <time>2026-06-13T09:56:12Z</time>
        <hdop>7.7</hdop>
        <extensions>
          <osmand:speed>0.7</osmand:speed>
        </extensions>
      </trkpt>
      <trkpt lat="46.9139898" lon="9.2761128">
        <ele>2083.5</ele>
        <time>2026-06-13T09:56:18Z</time>
        <hdop>8.2</hdop>
        <extensions>
          <osmand:speed>0.5</osmand:speed>
        </extensions>
      </trkpt>
      <trkpt lat="46.9139553" lon="9.2760718">
        <ele>2082.5</ele>
        <time>2026-06-13T09:56:24Z</time>
        <hdop>6.6</hdop>
        <extensions>
          <osmand:speed>1.1</osmand:speed>
        </extensions>
      </trkpt>
      <trkpt lat="46.9139227" lon="9.276012">
        <ele>2080.5</ele>
        <time>2026-06-13T09:56:30Z</time>
        <hdop>7.7</hdop>
        <extensions>
          <osmand:speed>0.8</osmand:speed>
        </extensions>
      </trkpt>
      <trkpt lat="46.9138704" lon="9.2759875">
        <ele>2078.5</ele>
        <time>2026-06-13T09:56:36Z</time>
        <hdop>6.6</hdop>
        <extensions>
          <osmand:speed>1.1</osmand:speed>
        </extensions>
      </trkpt>
      <trkpt lat="46.9138472" lon="9.2759799">
        <ele>2078.5</ele>
        <time>2026-06-13T09:56:42Z</time>
        <hdop>6.1</hdop>
        <extensions>
          <osmand:speed>0.9</osmand:speed>
        </extensions>
      </trkpt>
      <trkpt lat="46.913819" lon="9.2759961">
        <ele>2077.5</ele>
        <time>2026-06-13T09:56:48Z</time>
        <hdop>6.1</hdop>
        <extensions>
          <osmand:speed>0.6</osmand:speed>
        </extensions>
      </trkpt>
      <trkpt lat="46.9137731" lon="9.2759867">
        <ele>2076.5</ele>
        <time>2026-06-13T09:56:54Z</time>
        <hdop>6.1</hdop>
        <extensions>
          <osmand:speed>1</osmand:speed>
        </extensions>
      </trkpt>
      <trkpt lat="46.9137493" lon="9.2760134">
        <ele>2074.5</ele>
        <time>2026-06-13T09:57:00Z</time>
        <hdop>7.1</hdop>
        <extensions>
          <osmand:speed>0.9</osmand:speed>
        </extensions>
      </trkpt>
      <trkpt lat="46.9137093" lon="9.2760471">
        <ele>2074.5</ele>
        <time>2026-06-13T09:57:06Z</time>
        <hdop>7.1</hdop>
        <extensions>
          <osmand:speed>1.6</osmand:speed>
        </extensions>
      </trkpt>
      <trkpt lat="46.9136758" lon="9.2760955">
        <ele>2073.5</ele>
        <time>2026-06-13T09:57:12Z</time>
        <hdop>9.7</hdop>
        <extensions>
          <osmand:speed>1.5</osmand:speed>
        </extensions>
      </trkpt>
      <trkpt lat="46.9136391" lon="9.2760845">
        <ele>2072.5</ele>
        <time>2026-06-13T09:57:18Z</time>
        <hdop>7.7</hdop>
        <extensions>
          <osmand:speed>0.7</osmand:speed>
        </extensions>
      </trkpt>
      <trkpt lat="46.9136481" lon="9.2761201">
        <ele>2069.5</ele>
        <time>2026-06-13T09:57:28Z</time>
        <hdop>11.7</hdop>
        <extensions>
          <osmand:speed>1.1</osmand:speed>
        </extensions>
      </trkpt>
      <trkpt lat="46.9136373" lon="9.2762025">
        <ele>2069.5</ele>
        <time>2026-06-13T09:57:34Z</time>
        <hdop>12.2</hdop>
        <extensions>
          <osmand:speed>0.8</osmand:speed>
        </extensions>
      </trkpt>
      <trkpt lat="46.9136273" lon="9.2762698">
        <ele>2067.5</ele>
        <time>2026-06-13T09:57:40Z</time>
        <hdop>11.7</hdop>
        <extensions>
          <osmand:speed>1</osmand:speed>
        </extensions>
      </trkpt>
      <trkpt lat="46.9136501" lon="9.2763358">
        <ele>2066.5</ele>
        <time>2026-06-13T09:57:46Z</time>
        <hdop>10.7</hdop>
        <extensions>
          <osmand:speed>0.8</osmand:speed>
        </extensions>
      </trkpt>
      <trkpt lat="46.9136379" lon="9.276376">
        <ele>2065.5</ele>
        <time>2026-06-13T09:57:53Z</time>
        <hdop>11.7</hdop>
        <extensions>
          <osmand:speed>0.1</osmand:speed>
        </extensions>
      </trkpt>
      <trkpt lat="46.9136014" lon="9.2764183">
        <ele>2066.5</ele>
        <time>2026-06-13T09:57:59Z</time>
        <hdop>12.2</hdop>
        <extensions>
          <osmand:speed>0.8</osmand:speed>
        </extensions>
      </trkpt>
      <trkpt lat="46.9135979" lon="9.2765019">
        <ele>2067.5</ele>
        <time>2026-06-13T09:58:05Z</time>
        <hdop>12.8</hdop>
        <extensions>
          <osmand:speed>1.4</osmand:speed>
        </extensions>
      </trkpt>
      <trkpt lat="46.9135804" lon="9.2765612">
        <ele>2065.5</ele>
        <time>2026-06-13T09:58:11Z</time>
        <hdop>11.7</hdop>
        <extensions>
          <osmand:speed>0.6</osmand:speed>
        </extensions>
      </trkpt>
      <trkpt lat="46.913579" lon="9.2766457">
        <ele>2066.5</ele>
        <time>2026-06-13T09:58:17Z</time>
        <hdop>13.3</hdop>
        <extensions>
          <osmand:speed>0.6</osmand:speed>
        </extensions>
      </trkpt>
      <trkpt lat="46.913576" lon="9.2767038">
        <ele>2066.5</ele>
        <time>2026-06-13T09:58:23Z</time>
        <hdop>10.7</hdop>
        <extensions>
          <osmand:speed>0.7</osmand:speed>
        </extensions>
      </trkpt>
      <trkpt lat="46.9135405" lon="9.2767951">
        <ele>2067.5</ele>
        <time>2026-06-13T09:58:30Z</time>
        <hdop>12.8</hdop>
        <extensions>
          <osmand:speed>0.5</osmand:speed>
        </extensions>
      </trkpt>
      <trkpt lat="46.913532" lon="9.2768308">
        <ele>2070.5</ele>
        <time>2026-06-13T09:58:38Z</time>
        <hdop>10.2</hdop>
        <extensions>
          <osmand:speed>0.8</osmand:speed>
        </extensions>
      </trkpt>
      <trkpt lat="46.9134944" lon="9.2768578">
        <ele>2072.5</ele>
        <time>2026-06-13T09:58:44Z</time>
        <hdop>8.7</hdop>
        <extensions>
          <osmand:speed>0.5</osmand:speed>
        </extensions>
      </trkpt>
      <trkpt lat="46.9134456" lon="9.2768688">
        <ele>2072.5</ele>
        <time>2026-06-13T09:58:50Z</time>
        <hdop>6.6</hdop>
        <extensions>
          <osmand:speed>0.9</osmand:speed>
        </extensions>
      </trkpt>
      <trkpt lat="46.9134032" lon="9.2768781">
        <ele>2073.5</ele>
        <time>2026-06-13T09:58:56Z</time>
        <hdop>6.1</hdop>
        <extensions>
          <osmand:speed>1.1</osmand:speed>
        </extensions>
      </trkpt>
      <trkpt lat="46.9133309" lon="9.2769007">
        <ele>2074.5</ele>
        <time>2026-06-13T09:59:02Z</time>
        <hdop>6.6</hdop>
        <extensions>
          <osmand:speed>0.9</osmand:speed>
        </extensions>
      </trkpt>
      <trkpt lat="46.9132896" lon="9.2769311">
        <ele>2074.5</ele>
        <time>2026-06-13T09:59:08Z</time>
        <hdop>7.7</hdop>
        <extensions>
          <osmand:speed>0.5</osmand:speed>
        </extensions>
      </trkpt>
      <trkpt lat="46.9133328" lon="9.2769699">
        <ele>2076.5</ele>
        <time>2026-06-13T09:59:14Z</time>
        <hdop>7.1</hdop>
        <extensions>
          <osmand:speed>1.1</osmand:speed>
        </extensions>
      </trkpt>
      <trkpt lat="46.913396" lon="9.2769997">
        <ele>2076.5</ele>
        <time>2026-06-13T09:59:20Z</time>
        <hdop>10.2</hdop>
        <extensions>
          <osmand:speed>0.9</osmand:speed>
        </extensions>
      </trkpt>
      <trkpt lat="46.9134273" lon="9.2770379">
        <ele>2077.5</ele>
        <time>2026-06-13T09:59:26Z</time>
        <hdop>7.7</hdop>
        <extensions>
          <osmand:speed>0.6</osmand:speed>
        </extensions>
      </trkpt>
      <trkpt lat="46.9134668" lon="9.2770691">
        <ele>2077.5</ele>
        <time>2026-06-13T09:59:32Z</time>
        <hdop>8.2</hdop>
        <extensions>
          <osmand:speed>1.2</osmand:speed>
        </extensions>
      </trkpt>
      <trkpt lat="46.9134958" lon="9.2771132">
        <ele>2075.5</ele>
        <time>2026-06-13T09:59:38Z</time>
        <hdop>8.7</hdop>
        <extensions>
          <osmand:speed>1</osmand:speed>
        </extensions>
      </trkpt>
      <trkpt lat="46.9135221" lon="9.2771348">
        <ele>2075.5</ele>
        <time>2026-06-13T09:59:44Z</time>
        <hdop>8.2</hdop>
        <extensions>
          <osmand:speed>1.2</osmand:speed>
        </extensions>
      </trkpt>
      <trkpt lat="46.9135727" lon="9.2771789">
        <ele>2075.5</ele>
        <time>2026-06-13T09:59:50Z</time>
        <hdop>8.2</hdop>
        <extensions>
          <osmand:speed>1.4</osmand:speed>
        </extensions>
      </trkpt>
      <trkpt lat="46.9136153" lon="9.277231">
        <ele>2074.5</ele>
        <time>2026-06-13T09:59:56Z</time>
        <hdop>8.2</hdop>
        <extensions>
          <osmand:speed>0.8</osmand:speed>
        </extensions>
      </trkpt>
      <trkpt lat="46.9136448" lon="9.2772794">
        <ele>2074.5</ele>
        <time>2026-06-13T10:00:02Z</time>
        <hdop>7.7</hdop>
        <extensions>
          <osmand:speed>0.8</osmand:speed>
        </extensions>
      </trkpt>
      <trkpt lat="46.9136761" lon="9.2773314">
        <ele>2072.5</ele>
        <time>2026-06-13T10:00:08Z</time>
        <hdop>8.7</hdop>
        <extensions>
          <osmand:speed>0.9</osmand:speed>
        </extensions>
      </trkpt>
      <trkpt lat="46.9136892" lon="9.2774017">
        <ele>2067.5</ele>
        <time>2026-06-13T10:00:14Z</time>
        <hdop>8.7</hdop>
        <extensions>
          <osmand:speed>0.8</osmand:speed>
        </extensions>
      </trkpt>
      <trkpt lat="46.913681" lon="9.2774402">
        <ele>2064.5</ele>
        <time>2026-06-13T10:00:20Z</time>
        <hdop>8.2</hdop>
        <extensions>
          <osmand:speed>0.7</osmand:speed>
        </extensions>
      </trkpt>
      <trkpt lat="46.9136252" lon="9.2775141">
        <ele>2064.5</ele>
        <time>2026-06-13T10:00:26Z</time>
        <hdop>6.6</hdop>
        <extensions>
          <osmand:speed>0.6</osmand:speed>
        </extensions>
      </trkpt>
      <trkpt lat="46.913597" lon="9.2775645">
        <ele>2063.5</ele>
        <time>2026-06-13T10:00:32Z</time>
        <hdop>7.1</hdop>
        <extensions>
          <osmand:speed>0.7</osmand:speed>
        </extensions>
      </trkpt>
      <trkpt lat="46.9135515" lon="9.2776166">
        <ele>2062.5</ele>
        <time>2026-06-13T10:00:38Z</time>
        <hdop>6.1</hdop>
        <extensions>
          <osmand:speed>1</osmand:speed>
        </extensions>
      </trkpt>
      <trkpt lat="46.9135219" lon="9.2776593">
        <ele>2061.5</ele>
        <time>2026-06-13T10:00:44Z</time>
        <hdop>5.6</hdop>
        <extensions>
          <osmand:speed>0.6</osmand:speed>
        </extensions>
      </trkpt>
      <trkpt lat="46.9135453" lon="9.2777364">
        <ele>2060.5</ele>
        <time>2026-06-13T10:00:50Z</time>
        <hdop>8.2</hdop>
        <extensions>
          <osmand:speed>1.2</osmand:speed>
        </extensions>
      </trkpt>
      <trkpt lat="46.9135748" lon="9.2777648">
        <ele>2060.5</ele>
        <time>2026-06-13T10:00:56Z</time>
        <hdop>9.7</hdop>
        <extensions>
          <osmand:speed>0.9</osmand:speed>
        </extensions>
      </trkpt>
      <trkpt lat="46.91359" lon="9.2778371">
        <ele>2056.5</ele>
        <time>2026-06-13T10:01:02Z</time>
        <hdop>10.2</hdop>
        <extensions>
          <osmand:speed>0.7</osmand:speed>
        </extensions>
      </trkpt>
      <trkpt lat="46.9136144" lon="9.2778911">
        <ele>2057.5</ele>
        <time>2026-06-13T10:01:08Z</time>
        <hdop>7.1</hdop>
        <extensions>
          <osmand:speed>0.3</osmand:speed>
        </extensions>
      </trkpt>
      <trkpt lat="46.9136095" lon="9.2779407">
        <ele>2056.5</ele>
        <time>2026-06-13T10:01:14Z</time>
        <hdop>7.1</hdop>
        <extensions>
          <osmand:speed>0.8</osmand:speed>
        </extensions>
      </trkpt>
      <trkpt lat="46.9136305" lon="9.2779647">
        <ele>2056.5</ele>
        <time>2026-06-13T10:01:20Z</time>
        <hdop>11.7</hdop>
        <extensions>
          <osmand:speed>0.2</osmand:speed>
        </extensions>
      </trkpt>
      <trkpt lat="46.9136133" lon="9.2779815">
        <ele>2058.5</ele>
        <time>2026-06-13T10:01:28Z</time>
        <hdop>9.2</hdop>
        <extensions>
          <osmand:speed>0.6</osmand:speed>
        </extensions>
      </trkpt>
      <trkpt lat="46.9135966" lon="9.2779932">
        <ele>2055.5</ele>
        <time>2026-06-13T10:01:37Z</time>
        <hdop>5.1</hdop>
      </trkpt>
      <trkpt lat="46.9135812" lon="9.2780082">
        <ele>2054.5</ele>
        <time>2026-06-13T10:02:59Z</time>
        <hdop>2.6</hdop>
      </trkpt>
      <trkpt lat="46.9135869" lon="9.2779686">
        <ele>2055.5</ele>
        <time>2026-06-13T10:03:30Z</time>
        <hdop>4.1</hdop>
        <extensions>
          <osmand:speed>3</osmand:speed>
        </extensions>
      </trkpt>
      <trkpt lat="46.9135906" lon="9.2779951">
        <ele>2052.5</ele>
        <time>2026-06-13T10:04:42Z</time>
        <hdop>13.8</hdop>
        <extensions>
          <osmand:speed>0.4</osmand:speed>
        </extensions>
      </trkpt>
      <trkpt lat="46.9135703" lon="9.2779817">
        <ele>2052.5</ele>
        <time>2026-06-13T10:04:50Z</time>
        <hdop>10.2</hdop>
        <extensions>
          <osmand:speed>0.7</osmand:speed>
        </extensions>
      </trkpt>
      <trkpt lat="46.9135069" lon="9.2779372">
        <ele>2053.5</ele>
        <time>2026-06-13T10:04:56Z</time>
        <hdop>9.7</hdop>
        <extensions>
          <osmand:speed>0.8</osmand:speed>
        </extensions>
      </trkpt>
      <trkpt lat="46.913474" lon="9.27789">
        <ele>2054.5</ele>
        <time>2026-06-13T10:05:02Z</time>
        <hdop>9.2</hdop>
        <extensions>
          <osmand:speed>0.8</osmand:speed>
        </extensions>
      </trkpt>
      <trkpt lat="46.9134975" lon="9.2779067">
        <ele>2054.5</ele>
        <time>2026-06-13T10:05:09Z</time>
        <hdop>7.1</hdop>
        <extensions>
          <osmand:speed>0.8</osmand:speed>
        </extensions>
      </trkpt>
      <trkpt lat="46.9135373" lon="9.2779795">
        <ele>2052.5</ele>
        <time>2026-06-13T10:05:15Z</time>
        <hdop>6.6</hdop>
        <extensions>
          <osmand:speed>1.2</osmand:speed>
        </extensions>
      </trkpt>
      <trkpt lat="46.9135631" lon="9.2780587">
        <ele>2052.5</ele>
        <time>2026-06-13T10:05:21Z</time>
        <hdop>6.6</hdop>
        <extensions>
          <osmand:speed>0.9</osmand:speed>
        </extensions>
      </trkpt>
      <trkpt lat="46.9135715" lon="9.2781052">
        <ele>2049.5</ele>
        <time>2026-06-13T10:05:27Z</time>
        <hdop>7.1</hdop>
        <extensions>
          <osmand:speed>1</osmand:speed>
        </extensions>
      </trkpt>
      <trkpt lat="46.9135928" lon="9.2781662">
        <ele>2048.5</ele>
        <time>2026-06-13T10:05:33Z</time>
        <hdop>7.1</hdop>
        <extensions>
          <osmand:speed>1.2</osmand:speed>
        </extensions>
      </trkpt>
      <trkpt lat="46.9136019" lon="9.278204">
        <ele>2047.5</ele>
        <time>2026-06-13T10:05:39Z</time>
        <hdop>8.7</hdop>
        <extensions>
          <osmand:speed>0.9</osmand:speed>
        </extensions>
      </trkpt>
      <trkpt lat="46.9136274" lon="9.2782605">
        <ele>2047.5</ele>
        <time>2026-06-13T10:05:45Z</time>
        <hdop>7.7</hdop>
        <extensions>
          <osmand:speed>0.6</osmand:speed>
        </extensions>
      </trkpt>
      <trkpt lat="46.9135966" lon="9.2783088">
        <ele>2046.5</ele>
        <time>2026-06-13T10:05:51Z</time>
        <hdop>11.7</hdop>
        <extensions>
          <osmand:speed>0.9</osmand:speed>
        </extensions>
      </trkpt>
      <trkpt lat="46.9135411" lon="9.2782783">
        <ele>2045.5</ele>
        <time>2026-06-13T10:05:57Z</time>
        <hdop>7.1</hdop>
        <extensions>
          <osmand:speed>1.1</osmand:speed>
        </extensions>
      </trkpt>
      <trkpt lat="46.913503" lon="9.2782507">
        <ele>2044.5</ele>
        <time>2026-06-13T10:06:03Z</time>
        <hdop>8.2</hdop>
        <extensions>
          <osmand:speed>1.2</osmand:speed>
        </extensions>
      </trkpt>
      <trkpt lat="46.9134646" lon="9.278257">
        <ele>2045.5</ele>
        <time>2026-06-13T10:06:09Z</time>
        <hdop>6.1</hdop>
        <extensions>
          <osmand:speed>0.9</osmand:speed>
        </extensions>
      </trkpt>
      <trkpt lat="46.9134746" lon="9.278287">
        <ele>2043.5</ele>
        <time>2026-06-13T10:06:18Z</time>
        <hdop>6.1</hdop>
        <extensions>
          <osmand:speed>0.9</osmand:speed>
        </extensions>
      </trkpt>
      <trkpt lat="46.9135048" lon="9.2783355">
        <ele>2041.5</ele>
        <time>2026-06-13T10:06:24Z</time>
        <hdop>6.6</hdop>
        <extensions>
          <osmand:speed>0.9</osmand:speed>
        </extensions>
      </trkpt>
      <trkpt lat="46.913523" lon="9.2783939">
        <ele>2039.5</ele>
        <time>2026-06-13T10:06:30Z</time>
        <hdop>7.1</hdop>
        <extensions>
          <osmand:speed>0.9</osmand:speed>
        </extensions>
      </trkpt>
      <trkpt lat="46.9135389" lon="9.2784351">
        <ele>2038.5</ele>
        <time>2026-06-13T10:06:36Z</time>
        <hdop>7.1</hdop>
        <extensions>
          <osmand:speed>1</osmand:speed>
        </extensions>
      </trkpt>
      <trkpt lat="46.9135709" lon="9.2784826">
        <ele>2036.5</ele>
        <time>2026-06-13T10:06:42Z</time>
        <hdop>7.1</hdop>
        <extensions>
          <osmand:speed>0.9</osmand:speed>
        </extensions>
      </trkpt>
      <trkpt lat="46.9135889" lon="9.2785561">
        <ele>2036.5</ele>
        <time>2026-06-13T10:06:48Z</time>
        <hdop>7.1</hdop>
        <extensions>
          <osmand:speed>1</osmand:speed>
        </extensions>
      </trkpt>
      <trkpt lat="46.913557" lon="9.2786122">
        <ele>2035.5</ele>
        <time>2026-06-13T10:06:54Z</time>
        <hdop>7.1</hdop>
        <extensions>
          <osmand:speed>0.5</osmand:speed>
        </extensions>
      </trkpt>
      <trkpt lat="46.9134948" lon="9.2785972">
        <ele>2033.5</ele>
        <time>2026-06-13T10:07:00Z</time>
        <hdop>7.1</hdop>
        <extensions>
          <osmand:speed>1.2</osmand:speed>
        </extensions>
      </trkpt>
      <trkpt lat="46.9134675" lon="9.2785618">
        <ele>2032.5</ele>
        <time>2026-06-13T10:07:06Z</time>
        <hdop>6.6</hdop>
        <extensions>
          <osmand:speed>0.8</osmand:speed>
        </extensions>
      </trkpt>
      <trkpt lat="46.9134217" lon="9.2785439">
        <ele>2031.5</ele>
        <time>2026-06-13T10:07:12Z</time>
        <hdop>7.1</hdop>
        <extensions>
          <osmand:speed>1.3</osmand:speed>
        </extensions>
      </trkpt>
      <trkpt lat="46.9134371" lon="9.2785653">
        <ele>2029.5</ele>
        <time>2026-06-13T10:07:19Z</time>
        <hdop>7.7</hdop>
        <extensions>
          <osmand:speed>1.1</osmand:speed>
        </extensions>
      </trkpt>
      <trkpt lat="46.9134797" lon="9.2786138">
        <ele>2029.5</ele>
        <time>2026-06-13T10:07:25Z</time>
        <hdop>8.7</hdop>
        <extensions>
          <osmand:speed>0.7</osmand:speed>
        </extensions>
      </trkpt>
      <trkpt lat="46.9134666" lon="9.2786755">
        <ele>2028.5</ele>
        <time>2026-06-13T10:07:31Z</time>
        <hdop>7.1</hdop>
        <extensions>
          <osmand:speed>1.4</osmand:speed>
        </extensions>
      </trkpt>
      <trkpt lat="46.9134027" lon="9.2786818">
        <ele>2026.5</ele>
        <time>2026-06-13T10:07:37Z</time>
        <hdop>8.2</hdop>
        <extensions>
          <osmand:speed>1</osmand:speed>
        </extensions>
      </trkpt>
      <trkpt lat="46.9133591" lon="9.2787125">
        <ele>2024.5</ele>
        <time>2026-06-13T10:07:43Z</time>
        <hdop>5.6</hdop>
      </trkpt>
      <trkpt lat="46.9133322" lon="9.2787232">
        <ele>2025.5</ele>
        <time>2026-06-13T10:07:49Z</time>
        <hdop>7.1</hdop>
        <extensions>
          <osmand:speed>1.5</osmand:speed>
        </extensions>
      </trkpt>
      <trkpt lat="46.9132744" lon="9.2787318">
        <ele>2023.5</ele>
        <time>2026-06-13T10:07:55Z</time>
        <hdop>6.1</hdop>
        <extensions>
          <osmand:speed>0.4</osmand:speed>
        </extensions>
      </trkpt>
      <trkpt lat="46.9132595" lon="9.2787763">
        <ele>2019.5</ele>
        <time>2026-06-13T10:08:01Z</time>
        <hdop>8.2</hdop>
        <extensions>
          <osmand:speed>0.9</osmand:speed>
        </extensions>
      </trkpt>
      <trkpt lat="46.9132578" lon="9.2788344">
        <ele>2018.5</ele>
        <time>2026-06-13T10:08:07Z</time>
        <hdop>7.1</hdop>
        <extensions>
          <osmand:speed>0.8</osmand:speed>
        </extensions>
      </trkpt>
      <trkpt lat="46.9132721" lon="9.2788983">
        <ele>2018.5</ele>
        <time>2026-06-13T10:08:13Z</time>
        <hdop>7.1</hdop>
        <extensions>
          <osmand:speed>0.9</osmand:speed>
        </extensions>
      </trkpt>
      <trkpt lat="46.9132611" lon="9.2789416">
        <ele>2017.5</ele>
        <time>2026-06-13T10:08:19Z</time>
        <hdop>6.6</hdop>
        <extensions>
          <osmand:speed>0.8</osmand:speed>
        </extensions>
      </trkpt>
      <trkpt lat="46.9132702" lon="9.278996">
        <ele>2016.5</ele>
        <time>2026-06-13T10:08:25Z</time>
        <hdop>7.1</hdop>
        <extensions>
          <osmand:speed>1.2</osmand:speed>
        </extensions>
      </trkpt>
      <trkpt lat="46.913251" lon="9.2790435">
        <ele>2015.5</ele>
        <time>2026-06-13T10:08:31Z</time>
        <hdop>8.7</hdop>
        <extensions>
          <osmand:speed>0.4</osmand:speed>
        </extensions>
      </trkpt>
      <trkpt lat="46.9132875" lon="9.2790458">
        <ele>2013.5</ele>
        <time>2026-06-13T10:08:37Z</time>
        <hdop>6.1</hdop>
        <extensions>
          <osmand:speed>1</osmand:speed>
        </extensions>
      </trkpt>
      <trkpt lat="46.913318" lon="9.2790303">
        <ele>2013.5</ele>
        <time>2026-06-13T10:08:43Z</time>
        <hdop>7.1</hdop>
        <extensions>
          <osmand:speed>0.4</osmand:speed>
        </extensions>
      </trkpt>
      <trkpt lat="46.9133409" lon="9.279015">
        <ele>2013.5</ele>
        <time>2026-06-13T10:08:51Z</time>
        <hdop>5.1</hdop>
        <extensions>
          <osmand:speed>0.5</osmand:speed>
        </extensions>
      </trkpt>
      <trkpt lat="46.9133878" lon="9.2790276">
        <ele>2011.5</ele>
        <time>2026-06-13T10:08:57Z</time>
        <hdop>6.6</hdop>
        <extensions>
          <osmand:speed>0.8</osmand:speed>
        </extensions>
      </trkpt>
      <trkpt lat="46.9134162" lon="9.2790344">
        <ele>2010.5</ele>
        <time>2026-06-13T10:09:03Z</time>
        <hdop>5.6</hdop>
        <extensions>
          <osmand:speed>0.6</osmand:speed>
        </extensions>
      </trkpt>
      <trkpt lat="46.9134443" lon="9.2790505">
        <ele>2011.5</ele>
        <time>2026-06-13T10:09:09Z</time>
        <hdop>6.1</hdop>
        <extensions>
          <osmand:speed>0.9</osmand:speed>
        </extensions>
      </trkpt>
      <trkpt lat="46.9135103" lon="9.2790915">
        <ele>2009.5</ele>
        <time>2026-06-13T10:09:15Z</time>
        <hdop>9.7</hdop>
        <extensions>
          <osmand:speed>1.1</osmand:speed>
        </extensions>
      </trkpt>
      <trkpt lat="46.9135443" lon="9.2791138">
        <ele>2010.5</ele>
        <time>2026-06-13T10:09:21Z</time>
        <hdop>7.1</hdop>
        <extensions>
          <osmand:speed>0.2</osmand:speed>
        </extensions>
      </trkpt>
      <trkpt lat="46.9135588" lon="9.2791445">
        <ele>2008.5</ele>
        <time>2026-06-13T10:09:27Z</time>
        <hdop>6.6</hdop>
        <extensions>
          <osmand:speed>0.5</osmand:speed>
        </extensions>
      </trkpt>
      <trkpt lat="46.9135959" lon="9.2791494">
        <ele>2006.5</ele>
        <time>2026-06-13T10:09:33Z</time>
        <hdop>6.1</hdop>
        <extensions>
          <osmand:speed>0.7</osmand:speed>
        </extensions>
      </trkpt>
      <trkpt lat="46.913645" lon="9.2791429">
        <ele>2004.5</ele>
        <time>2026-06-13T10:09:39Z</time>
        <hdop>8.7</hdop>
        <extensions>
          <osmand:speed>0.4</osmand:speed>
        </extensions>
      </trkpt>
      <trkpt lat="46.9136747" lon="9.2791304">
        <ele>2003.5</ele>
        <time>2026-06-13T10:09:45Z</time>
        <hdop>6.6</hdop>
        <extensions>
          <osmand:speed>0.6</osmand:speed>
        </extensions>
      </trkpt>
      <trkpt lat="46.913699" lon="9.2791457">
        <ele>2003.5</ele>
        <time>2026-06-13T10:09:51Z</time>
        <hdop>6.6</hdop>
        <extensions>
          <osmand:speed>0.9</osmand:speed>
        </extensions>
      </trkpt>
      <trkpt lat="46.9136963" lon="9.2792051">
        <ele>2002.5</ele>
        <time>2026-06-13T10:09:57Z</time>
        <hdop>6.6</hdop>
        <extensions>
          <osmand:speed>0.5</osmand:speed>
        </extensions>
      </trkpt>
      <trkpt lat="46.9137099" lon="9.2792273">
        <ele>2000.5</ele>
        <time>2026-06-13T10:10:04Z</time>
        <hdop>6.6</hdop>
        <extensions>
          <osmand:speed>1</osmand:speed>
        </extensions>
      </trkpt>
      <trkpt lat="46.9137313" lon="9.2792345">
        <ele>1998.5</ele>
        <time>2026-06-13T10:10:12Z</time>
        <hdop>13.8</hdop>
        <extensions>
          <osmand:speed>0.3</osmand:speed>
        </extensions>
      </trkpt>
      <trkpt lat="46.9137111" lon="9.2792268">
        <ele>1996.5</ele>
        <time>2026-06-13T10:10:37Z</time>
        <hdop>7.1</hdop>
        <extensions>
          <osmand:speed>0.6</osmand:speed>
        </extensions>
      </trkpt>
      <trkpt lat="46.9137097" lon="9.2792546">
        <ele>1995.5</ele>
        <time>2026-06-13T10:10:45Z</time>
        <hdop>5.6</hdop>
        <extensions>
          <osmand:speed>0.7</osmand:speed>
        </extensions>
      </trkpt>
      <trkpt lat="46.9136913" lon="9.2792706">
        <ele>1995.5</ele>
        <time>2026-06-13T10:10:51Z</time>
        <hdop>5.6</hdop>
        <extensions>
          <osmand:speed>0.7</osmand:speed>
        </extensions>
      </trkpt>
      <trkpt lat="46.9136716" lon="9.2793219">
        <ele>1993.5</ele>
        <time>2026-06-13T10:10:57Z</time>
        <hdop>5.6</hdop>
        <extensions>
          <osmand:speed>0.7</osmand:speed>
        </extensions>
      </trkpt>
      <trkpt lat="46.9136563" lon="9.2793463">
        <ele>1992.5</ele>
        <time>2026-06-13T10:11:03Z</time>
        <hdop>5.6</hdop>
        <extensions>
          <osmand:speed>0.9</osmand:speed>
        </extensions>
      </trkpt>
      <trkpt lat="46.913636" lon="9.2793622">
        <ele>1992.5</ele>
        <time>2026-06-13T10:11:10Z</time>
        <hdop>6.1</hdop>
        <extensions>
          <osmand:speed>0.4</osmand:speed>
        </extensions>
      </trkpt>
      <trkpt lat="46.9136145" lon="9.279387">
        <ele>1990.5</ele>
        <time>2026-06-13T10:11:16Z</time>
        <hdop>6.1</hdop>
        <extensions>
          <osmand:speed>0.8</osmand:speed>
        </extensions>
      </trkpt>
      <trkpt lat="46.9135802" lon="9.27946">
        <ele>1989.5</ele>
        <time>2026-06-13T10:11:22Z</time>
        <hdop>9.2</hdop>
        <extensions>
          <osmand:speed>0.8</osmand:speed>
        </extensions>
      </trkpt>
      <trkpt lat="46.913541" lon="9.2794789">
        <ele>1989.5</ele>
        <time>2026-06-13T10:11:28Z</time>
        <hdop>6.1</hdop>
        <extensions>
          <osmand:speed>1.1</osmand:speed>
        </extensions>
      </trkpt>
      <trkpt lat="46.913528" lon="9.279522">
        <ele>1987.5</ele>
        <time>2026-06-13T10:11:34Z</time>
        <hdop>7.1</hdop>
        <extensions>
          <osmand:speed>1</osmand:speed>
        </extensions>
      </trkpt>
      <trkpt lat="46.9134737" lon="9.2795793">
        <ele>1986.5</ele>
        <time>2026-06-13T10:11:40Z</time>
        <hdop>6.1</hdop>
        <extensions>
          <osmand:speed>0.8</osmand:speed>
        </extensions>
      </trkpt>
      <trkpt lat="46.913421" lon="9.279594">
        <ele>1985.5</ele>
        <time>2026-06-13T10:11:46Z</time>
        <hdop>7.7</hdop>
        <extensions>
          <osmand:speed>1.2</osmand:speed>
        </extensions>
      </trkpt>
      <trkpt lat="46.9134128" lon="9.2796576">
        <ele>1983.5</ele>
        <time>2026-06-13T10:11:52Z</time>
        <hdop>6.6</hdop>
        <extensions>
          <osmand:speed>1.4</osmand:speed>
        </extensions>
      </trkpt>
      <trkpt lat="46.9133902" lon="9.2797415">
        <ele>1981.5</ele>
        <time>2026-06-13T10:11:58Z</time>
        <hdop>8.7</hdop>
        <extensions>
          <osmand:speed>1.1</osmand:speed>
        </extensions>
      </trkpt>
      <trkpt lat="46.9133556" lon="9.2797643">
        <ele>1980.5</ele>
        <time>2026-06-13T10:12:04Z</time>
        <hdop>6.1</hdop>
        <extensions>
          <osmand:speed>0.6</osmand:speed>
        </extensions>
      </trkpt>
      <trkpt lat="46.9133533" lon="9.2797347">
        <ele>1977.5</ele>
        <time>2026-06-13T10:12:10Z</time>
        <hdop>7.7</hdop>
        <extensions>
          <osmand:speed>1</osmand:speed>
        </extensions>
      </trkpt>
      <trkpt lat="46.9133857" lon="9.2796694">
        <ele>1977.5</ele>
        <time>2026-06-13T10:12:16Z</time>
        <hdop>7.1</hdop>
        <extensions>
          <osmand:speed>1.2</osmand:speed>
        </extensions>
      </trkpt>
      <trkpt lat="46.9133996" lon="9.279618">
        <ele>1978.5</ele>
        <time>2026-06-13T10:12:22Z</time>
        <hdop>10.2</hdop>
        <extensions>
          <osmand:speed>1.1</osmand:speed>
        </extensions>
      </trkpt>
      <trkpt lat="46.9134055" lon="9.2796739">
        <ele>1976.5</ele>
        <time>2026-06-13T10:12:28Z</time>
        <hdop>8.7</hdop>
        <extensions>
          <osmand:speed>0.7</osmand:speed>
        </extensions>
      </trkpt>
      <trkpt lat="46.9134339" lon="9.2797147">
        <ele>1976.5</ele>
        <time>2026-06-13T10:12:34Z</time>
        <hdop>9.2</hdop>
        <extensions>
          <osmand:speed>0.6</osmand:speed>
        </extensions>
      </trkpt>
      <trkpt lat="46.9134572" lon="9.2797907">
        <ele>1975.5</ele>
        <time>2026-06-13T10:12:40Z</time>
        <hdop>7.7</hdop>
        <extensions>
          <osmand:speed>0.8</osmand:speed>
        </extensions>
      </trkpt>
      <trkpt lat="46.9134762" lon="9.2798354">
        <ele>1973.5</ele>
        <time>2026-06-13T10:12:46Z</time>
        <hdop>9.2</hdop>
        <extensions>
          <osmand:speed>0.5</osmand:speed>
        </extensions>
      </trkpt>
      <trkpt lat="46.9135118" lon="9.2798561">
        <ele>1973.5</ele>
        <time>2026-06-13T10:12:52Z</time>
        <hdop>8.7</hdop>
        <extensions>
          <osmand:speed>0.4</osmand:speed>
        </extensions>
      </trkpt>
      <trkpt lat="46.9135287" lon="9.2798762">
        <ele>1972.5</ele>
        <time>2026-06-13T10:12:58Z</time>
        <hdop>7.7</hdop>
        <extensions>
          <osmand:speed>0.4</osmand:speed>
        </extensions>
      </trkpt>
      <trkpt lat="46.9135528" lon="9.2798708">
        <ele>1972.5</ele>
        <time>2026-06-13T10:13:04Z</time>
        <hdop>7.1</hdop>
        <extensions>
          <osmand:speed>0.5</osmand:speed>
        </extensions>
      </trkpt>
      <trkpt lat="46.91359" lon="9.2798767">
        <ele>1971.5</ele>
        <time>2026-06-13T10:13:10Z</time>
        <hdop>7.7</hdop>
        <extensions>
          <osmand:speed>0.6</osmand:speed>
        </extensions>
      </trkpt>
      <trkpt lat="46.9136022" lon="9.2798964">
        <ele>1970.5</ele>
        <time>2026-06-13T10:13:16Z</time>
        <hdop>6.1</hdop>
        <extensions>
          <osmand:speed>0.6</osmand:speed>
        </extensions>
      </trkpt>
      <trkpt lat="46.9136375" lon="9.279927">
        <ele>1968.5</ele>
        <time>2026-06-13T10:13:22Z</time>
        <hdop>8.2</hdop>
        <extensions>
          <osmand:speed>0.9</osmand:speed>
        </extensions>
      </trkpt>
      <trkpt lat="46.9136772" lon="9.2799461">
        <ele>1968.5</ele>
        <time>2026-06-13T10:13:28Z</time>
        <hdop>7.1</hdop>
        <extensions>
          <osmand:speed>0.6</osmand:speed>
        </extensions>
      </trkpt>
      <trkpt lat="46.9137085" lon="9.2799772">
        <ele>1967.5</ele>
        <time>2026-06-13T10:13:34Z</time>
        <hdop>7.7</hdop>
        <extensions>
          <osmand:speed>0.6</osmand:speed>
        </extensions>
      </trkpt>
      <trkpt lat="46.9136827" lon="9.2800207">
        <ele>1966.5</ele>
        <time>2026-06-13T10:13:40Z</time>
        <hdop>8.2</hdop>
        <extensions>
          <osmand:speed>0.5</osmand:speed>
        </extensions>
      </trkpt>
      <trkpt lat="46.9136406" lon="9.2800464">
        <ele>1965.5</ele>
        <time>2026-06-13T10:13:46Z</time>
        <hdop>5.6</hdop>
        <extensions>
          <osmand:speed>0.2</osmand:speed>
        </extensions>
      </trkpt>
      <trkpt lat="46.9136702" lon="9.2800574">
        <ele>1963.5</ele>
        <time>2026-06-13T10:13:52Z</time>
        <hdop>5.6</hdop>
        <extensions>
          <osmand:speed>0.8</osmand:speed>
        </extensions>
      </trkpt>
      <trkpt lat="46.9136954" lon="9.2800616">
        <ele>1961.5</ele>
        <time>2026-06-13T10:13:58Z</time>
        <hdop>7.7</hdop>
        <extensions>
          <osmand:speed>0.2</osmand:speed>
        </extensions>
      </trkpt>
      <trkpt lat="46.9137151" lon="9.280078">
        <ele>1961.5</ele>
        <time>2026-06-13T10:14:11Z</time>
        <hdop>9.7</hdop>
        <extensions>
          <osmand:speed>0.8</osmand:speed>
        </extensions>
      </trkpt>
      <trkpt lat="46.9137095" lon="9.2801031">
        <ele>1960.5</ele>
        <time>2026-06-13T10:14:17Z</time>
        <hdop>6.1</hdop>
        <extensions>
          <osmand:speed>0.9</osmand:speed>
        </extensions>
      </trkpt>
      <trkpt lat="46.9137025" lon="9.2801701">
        <ele>1958.5</ele>
        <time>2026-06-13T10:14:23Z</time>
        <hdop>11.2</hdop>
        <extensions>
          <osmand:speed>0.9</osmand:speed>
        </extensions>
      </trkpt>
      <trkpt lat="46.913728" lon="9.2802105">
        <ele>1957.5</ele>
        <time>2026-06-13T10:14:30Z</time>
        <hdop>12.8</hdop>
        <extensions>
          <osmand:speed>0.7</osmand:speed>
        </extensions>
      </trkpt>
      <trkpt lat="46.9137475" lon="9.2802165">
        <ele>1954.5</ele>
        <time>2026-06-13T10:14:39Z</time>
        <hdop>8.7</hdop>
        <extensions>
          <osmand:speed>0.2</osmand:speed>
        </extensions>
      </trkpt>
      <trkpt lat="46.9137682" lon="9.2802375">
        <ele>1951.5</ele>
        <time>2026-06-13T10:14:45Z</time>
        <hdop>8.7</hdop>
        <extensions>
          <osmand:speed>0.9</osmand:speed>
        </extensions>
      </trkpt>
      <trkpt lat="46.9137961" lon="9.2803039">
        <ele>1951.5</ele>
        <time>2026-06-13T10:14:51Z</time>
        <hdop>9.2</hdop>
        <extensions>
          <osmand:speed>0.6</osmand:speed>
        </extensions>
      </trkpt>
      <trkpt lat="46.9138285" lon="9.2802991">
        <ele>1949.5</ele>
        <time>2026-06-13T10:14:57Z</time>
        <hdop>10.2</hdop>
        <extensions>
          <osmand:speed>1.2</osmand:speed>
        </extensions>
      </trkpt>
      <trkpt lat="46.9138884" lon="9.2803168">
        <ele>1947.5</ele>
        <time>2026-06-13T10:15:03Z</time>
        <hdop>11.7</hdop>
        <extensions>
          <osmand:speed>0.9</osmand:speed>
        </extensions>
      </trkpt>
      <trkpt lat="46.9138984" lon="9.2803933">
        <ele>1949.5</ele>
        <time>2026-06-13T10:15:09Z</time>
        <hdop>11.2</hdop>
        <extensions>
          <osmand:speed>1.3</osmand:speed>
        </extensions>
      </trkpt>
      <trkpt lat="46.9139184" lon="9.2804737">
        <ele>1947.5</ele>
        <time>2026-06-13T10:15:15Z</time>
        <hdop>11.2</hdop>
        <extensions>
          <osmand:speed>1.6</osmand:speed>
        </extensions>
      </trkpt>
      <trkpt lat="46.9139019" lon="9.280565">
        <ele>1948.5</ele>
        <time>2026-06-13T10:15:21Z</time>
        <hdop>12.2</hdop>
        <extensions>
          <osmand:speed>0.2</osmand:speed>
        </extensions>
      </trkpt>
      <trkpt lat="46.9138951" lon="9.2806501">
        <ele>1947.5</ele>
        <time>2026-06-13T10:15:27Z</time>
        <hdop>8.7</hdop>
        <extensions>
          <osmand:speed>1</osmand:speed>
        </extensions>
      </trkpt>
      <trkpt lat="46.9138707" lon="9.2807402">
        <ele>1947.5</ele>
        <time>2026-06-13T10:15:33Z</time>
        <hdop>8.7</hdop>
        <extensions>
          <osmand:speed>1.5</osmand:speed>
        </extensions>
      </trkpt>
      <trkpt lat="46.9138505" lon="9.280835">
        <ele>1947.5</ele>
        <time>2026-06-13T10:15:39Z</time>
        <hdop>9.7</hdop>
        <extensions>
          <osmand:speed>0.9</osmand:speed>
        </extensions>
      </trkpt>
      <trkpt lat="46.9138438" lon="9.2809238">
        <ele>1946.5</ele>
        <time>2026-06-13T10:15:45Z</time>
        <hdop>10.7</hdop>
        <extensions>
          <osmand:speed>1</osmand:speed>
        </extensions>
      </trkpt>
      <trkpt lat="46.9138611" lon="9.2809889">
        <ele>1946.5</ele>
        <time>2026-06-13T10:15:51Z</time>
        <hdop>11.7</hdop>
        <extensions>
          <osmand:speed>1.1</osmand:speed>
        </extensions>
      </trkpt>
      <trkpt lat="46.9138692" lon="9.2810738">
        <ele>1945.5</ele>
        <time>2026-06-13T10:15:57Z</time>
        <hdop>11.2</hdop>
        <extensions>
          <osmand:speed>1</osmand:speed>
        </extensions>
      </trkpt>
      <trkpt lat="46.913912" lon="9.2811265">
        <ele>1944.5</ele>
        <time>2026-06-13T10:16:03Z</time>
        <hdop>12.8</hdop>
        <extensions>
          <osmand:speed>0.9</osmand:speed>
        </extensions>
      </trkpt>
      <trkpt lat="46.9139524" lon="9.2811868">
        <ele>1946.5</ele>
        <time>2026-06-13T10:16:09Z</time>
        <hdop>14.3</hdop>
        <extensions>
          <osmand:speed>0.1</osmand:speed>
        </extensions>
      </trkpt>
      <trkpt lat="46.9139752" lon="9.281193">
        <ele>1946.5</ele>
        <time>2026-06-13T10:16:15Z</time>
        <hdop>12.2</hdop>
        <extensions>
          <osmand:speed>1.6</osmand:speed>
        </extensions>
      </trkpt>
      <trkpt lat="46.9140372" lon="9.2812423">
        <ele>1946.5</ele>
        <time>2026-06-13T10:16:21Z</time>
        <hdop>13.3</hdop>
        <extensions>
          <osmand:speed>1.1</osmand:speed>
        </extensions>
      </trkpt>
      <trkpt lat="46.914076" lon="9.2812508">
        <ele>1944.5</ele>
        <time>2026-06-13T10:16:27Z</time>
        <hdop>13.8</hdop>
        <extensions>
          <osmand:speed>0.8</osmand:speed>
        </extensions>
      </trkpt>
      <trkpt lat="46.914111" lon="9.2812882">
        <ele>1944.5</ele>
        <time>2026-06-13T10:16:33Z</time>
        <hdop>11.7</hdop>
        <extensions>
          <osmand:speed>1.4</osmand:speed>
        </extensions>
      </trkpt>
      <trkpt lat="46.9141455" lon="9.2813287">
        <ele>1945.5</ele>
        <time>2026-06-13T10:16:39Z</time>
        <hdop>14.8</hdop>
        <extensions>
          <osmand:speed>0.7</osmand:speed>
        </extensions>
      </trkpt>
      <trkpt lat="46.9141591" lon="9.2813922">
        <ele>1944.5</ele>
        <time>2026-06-13T10:16:45Z</time>
        <hdop>13.3</hdop>
        <extensions>
          <osmand:speed>1.4</osmand:speed>
        </extensions>
      </trkpt>
      <trkpt lat="46.9141562" lon="9.281464">
        <ele>1942.5</ele>
        <time>2026-06-13T10:16:51Z</time>
        <hdop>13.3</hdop>
        <extensions>
          <osmand:speed>0.8</osmand:speed>
        </extensions>
      </trkpt>
      <trkpt lat="46.9142466" lon="9.2814846">
        <ele>1940.5</ele>
        <time>2026-06-13T10:16:58Z</time>
        <hdop>10.7</hdop>
        <extensions>
          <osmand:speed>1.4</osmand:speed>
        </extensions>
      </trkpt>
      <trkpt lat="46.9142718" lon="9.2815461">
        <ele>1940.5</ele>
        <time>2026-06-13T10:17:04Z</time>
        <hdop>11.2</hdop>
        <extensions>
          <osmand:speed>1</osmand:speed>
        </extensions>
      </trkpt>
      <trkpt lat="46.9143326" lon="9.2815876">
        <ele>1937.5</ele>
        <time>2026-06-13T10:17:10Z</time>
        <hdop>13.8</hdop>
        <extensions>
          <osmand:speed>1.2</osmand:speed>
        </extensions>
      </trkpt>
      <trkpt lat="46.9143549" lon="9.2815594">
        <ele>1934.5</ele>
        <time>2026-06-13T10:17:16Z</time>
        <hdop>10.2</hdop>
        <extensions>
          <osmand:speed>0.8</osmand:speed>
        </extensions>
      </trkpt>
      <trkpt lat="46.9144109" lon="9.2815223">
        <ele>1935.5</ele>
        <time>2026-06-13T10:17:22Z</time>
        <hdop>9.7</hdop>
        <extensions>
          <osmand:speed>1.4</osmand:speed>
        </extensions>
      </trkpt>
      <trkpt lat="46.9144383" lon="9.2815317">
        <ele>1935.5</ele>
        <time>2026-06-13T10:17:29Z</time>
        <hdop>11.7</hdop>
        <extensions>
          <osmand:speed>1.6</osmand:speed>
        </extensions>
      </trkpt>
      <trkpt lat="46.9145252" lon="9.281552">
        <ele>1932.5</ele>
        <time>2026-06-13T10:17:36Z</time>
        <hdop>12.2</hdop>
        <extensions>
          <osmand:speed>0.9</osmand:speed>
        </extensions>
      </trkpt>
      <trkpt lat="46.9145555" lon="9.2815704">
        <ele>1929.5</ele>
        <time>2026-06-13T10:17:43Z</time>
        <hdop>11.2</hdop>
        <extensions>
          <osmand:speed>0.8</osmand:speed>
        </extensions>
      </trkpt>
      <trkpt lat="46.9146186" lon="9.2815537">
        <ele>1929.5</ele>
        <time>2026-06-13T10:17:49Z</time>
        <hdop>11.7</hdop>
        <extensions>
          <osmand:speed>1.8</osmand:speed>
        </extensions>
      </trkpt>
      <trkpt lat="46.9146372" lon="9.2815113">
        <ele>1930.5</ele>
        <time>2026-06-13T10:17:55Z</time>
        <hdop>13.3</hdop>
        <extensions>
          <osmand:speed>1.7</osmand:speed>
        </extensions>
      </trkpt>
      <trkpt lat="46.9146311" lon="9.2814816">
        <ele>1931.5</ele>
        <time>2026-06-13T10:18:24Z</time>
        <hdop>13.3</hdop>
        <extensions>
          <osmand:speed>0</osmand:speed>
        </extensions>
      </trkpt>
      <trkpt lat="46.9146481" lon="9.2815052">
        <ele>1931.5</ele>
        <time>2026-06-13T10:18:37Z</time>
        <hdop>14.3</hdop>
        <extensions>
          <osmand:speed>0.9</osmand:speed>
        </extensions>
      </trkpt>
      <trkpt lat="46.9146847" lon="9.2815224">
        <ele>1930.5</ele>
        <time>2026-06-13T10:18:43Z</time>
        <hdop>4.6</hdop>
      </trkpt>
      <trkpt lat="46.9146626" lon="9.2815259">
        <ele>1931.5</ele>
        <time>2026-06-13T10:18:54Z</time>
        <hdop>9.7</hdop>
        <extensions>
          <osmand:speed>0</osmand:speed>
        </extensions>
      </trkpt>
      <trkpt lat="46.9145968" lon="9.2815004">
        <ele>1931.5</ele>
        <time>2026-06-13T10:19:03Z</time>
        <hdop>13.3</hdop>
      </trkpt>
      <trkpt lat="46.9145948" lon="9.2815276">
        <ele>1930.5</ele>
        <time>2026-06-13T10:19:36Z</time>
        <hdop>14.8</hdop>
        <extensions>
          <osmand:speed>0.1</osmand:speed>
        </extensions>
      </trkpt>
      <trkpt lat="46.9145973" lon="9.2815642">
        <ele>1930.5</ele>
        <time>2026-06-13T10:20:03Z</time>
        <hdop>12.2</hdop>
        <extensions>
          <osmand:speed>0.8</osmand:speed>
        </extensions>
      </trkpt>
      <trkpt lat="46.9146082" lon="9.2816385">
        <ele>1928.5</ele>
        <time>2026-06-13T10:20:09Z</time>
        <hdop>4.6</hdop>
        <extensions>
          <osmand:speed>0.9</osmand:speed>
        </extensions>
      </trkpt>
      <trkpt lat="46.9146531" lon="9.2816944">
        <ele>1929.5</ele>
        <time>2026-06-13T10:20:15Z</time>
        <hdop>5.6</hdop>
        <extensions>
          <osmand:speed>1.1</osmand:speed>
        </extensions>
      </trkpt>
      <trkpt lat="46.9146827" lon="9.2817236">
        <ele>1928.5</ele>
        <time>2026-06-13T10:20:21Z</time>
        <hdop>4.6</hdop>
      </trkpt>
      <trkpt lat="46.9147101" lon="9.2817762">
        <ele>1928.5</ele>
        <time>2026-06-13T10:20:27Z</time>
        <hdop>7.7</hdop>
        <extensions>
          <osmand:speed>0.4</osmand:speed>
        </extensions>
      </trkpt>
      <trkpt lat="46.9147331" lon="9.2818125">
        <ele>1926.5</ele>
        <time>2026-06-13T10:20:33Z</time>
        <hdop>5.6</hdop>
        <extensions>
          <osmand:speed>0.6</osmand:speed>
        </extensions>
      </trkpt>
      <trkpt lat="46.9147672" lon="9.281873">
        <ele>1924.5</ele>
        <time>2026-06-13T10:20:39Z</time>
        <hdop>5.1</hdop>
        <extensions>
          <osmand:speed>0.7</osmand:speed>
        </extensions>
      </trkpt>
      <trkpt lat="46.9147979" lon="9.281934">
        <ele>1922.5</ele>
        <time>2026-06-13T10:20:45Z</time>
        <hdop>6.1</hdop>
        <extensions>
          <osmand:speed>1.1</osmand:speed>
        </extensions>
      </trkpt>
      <trkpt lat="46.9148245" lon="9.2819667">
        <ele>1921.5</ele>
        <time>2026-06-13T10:20:51Z</time>
        <hdop>4.6</hdop>
        <extensions>
          <osmand:speed>1.1</osmand:speed>
        </extensions>
      </trkpt>
      <trkpt lat="46.9148863" lon="9.2820381">
        <ele>1919.5</ele>
        <time>2026-06-13T10:20:57Z</time>
        <hdop>5.1</hdop>
        <extensions>
          <osmand:speed>1.1</osmand:speed>
        </extensions>
      </trkpt>
      <trkpt lat="46.9149439" lon="9.2821135">
        <ele>1919.5</ele>
        <time>2026-06-13T10:21:03Z</time>
        <hdop>5.1</hdop>
        <extensions>
          <osmand:speed>0.9</osmand:speed>
        </extensions>
      </trkpt>
      <trkpt lat="46.9149818" lon="9.2821704">
        <ele>1919.5</ele>
        <time>2026-06-13T10:21:09Z</time>
        <hdop>5.6</hdop>
        <extensions>
          <osmand:speed>0.9</osmand:speed>
        </extensions>
      </trkpt>
      <trkpt lat="46.9150303" lon="9.2821854">
        <ele>1918.5</ele>
        <time>2026-06-13T10:21:15Z</time>
        <hdop>5.6</hdop>
        <extensions>
          <osmand:speed>1.1</osmand:speed>
        </extensions>
      </trkpt>
      <trkpt lat="46.9150852" lon="9.282192">
        <ele>1917.5</ele>
        <time>2026-06-13T10:21:21Z</time>
        <hdop>5.6</hdop>
        <extensions>
          <osmand:speed>1.1</osmand:speed>
        </extensions>
      </trkpt>
      <trkpt lat="46.9151347" lon="9.2822331">
        <ele>1916.5</ele>
        <time>2026-06-13T10:21:27Z</time>
        <hdop>5.1</hdop>
        <extensions>
          <osmand:speed>0.9</osmand:speed>
        </extensions>
      </trkpt>
      <trkpt lat="46.915189" lon="9.2822316">
        <ele>1916.5</ele>
        <time>2026-06-13T10:21:33Z</time>
        <hdop>5.6</hdop>
        <extensions>
          <osmand:speed>1</osmand:speed>
        </extensions>
      </trkpt>
      <trkpt lat="46.9152467" lon="9.282257">
        <ele>1914.5</ele>
        <time>2026-06-13T10:21:39Z</time>
        <hdop>7.1</hdop>
        <extensions>
          <osmand:speed>1.4</osmand:speed>
        </extensions>
      </trkpt>
      <trkpt lat="46.9152915" lon="9.2822853">
        <ele>1913.5</ele>
        <time>2026-06-13T10:21:45Z</time>
        <hdop>5.6</hdop>
        <extensions>
          <osmand:speed>1.2</osmand:speed>
        </extensions>
      </trkpt>
      <trkpt lat="46.9153327" lon="9.282307">
        <ele>1911.5</ele>
        <time>2026-06-13T10:21:51Z</time>
        <hdop>6.6</hdop>
        <extensions>
          <osmand:speed>0.6</osmand:speed>
        </extensions>
      </trkpt>
      <trkpt lat="46.9153634" lon="9.2823142">
        <ele>1910.5</ele>
        <time>2026-06-13T10:21:57Z</time>
        <hdop>5.1</hdop>
      </trkpt>
      <trkpt lat="46.9153973" lon="9.2823807">
        <ele>1908.5</ele>
        <time>2026-06-13T10:22:03Z</time>
        <hdop>5.1</hdop>
        <extensions>
          <osmand:speed>1.4</osmand:speed>
        </extensions>
      </trkpt>
      <trkpt lat="46.9154137" lon="9.2824508">
        <ele>1908.5</ele>
        <time>2026-06-13T10:22:09Z</time>
        <hdop>4.6</hdop>
        <extensions>
          <osmand:speed>0.6</osmand:speed>
        </extensions>
      </trkpt>
      <trkpt lat="46.91545" lon="9.282525">
        <ele>1907.5</ele>
        <time>2026-06-13T10:22:15Z</time>
        <hdop>4.6</hdop>
        <extensions>
          <osmand:speed>1.1</osmand:speed>
        </extensions>
      </trkpt>
      <trkpt lat="46.9154627" lon="9.2826137">
        <ele>1906.5</ele>
        <time>2026-06-13T10:22:21Z</time>
        <hdop>4.1</hdop>
        <extensions>
          <osmand:speed>1.2</osmand:speed>
        </extensions>
      </trkpt>
      <trkpt lat="46.9154777" lon="9.282675">
        <ele>1905.5</ele>
        <time>2026-06-13T10:22:27Z</time>
        <hdop>5.1</hdop>
        <extensions>
          <osmand:speed>1</osmand:speed>
        </extensions>
      </trkpt>
      <trkpt lat="46.9155149" lon="9.2827444">
        <ele>1905.5</ele>
        <time>2026-06-13T10:22:33Z</time>
        <hdop>5.1</hdop>
        <extensions>
          <osmand:speed>1.5</osmand:speed>
        </extensions>
      </trkpt>
      <trkpt lat="46.9155575" lon="9.2828382">
        <ele>1902.5</ele>
        <time>2026-06-13T10:22:39Z</time>
        <hdop>5.6</hdop>
        <extensions>
          <osmand:speed>1.1</osmand:speed>
        </extensions>
      </trkpt>
      <trkpt lat="46.9156004" lon="9.2829407">
        <ele>1902.5</ele>
        <time>2026-06-13T10:22:45Z</time>
        <hdop>4.6</hdop>
        <extensions>
          <osmand:speed>1.5</osmand:speed>
        </extensions>
      </trkpt>
      <trkpt lat="46.9156092" lon="9.2830287">
        <ele>1902.5</ele>
        <time>2026-06-13T10:22:51Z</time>
        <hdop>4.1</hdop>
        <extensions>
          <osmand:speed>1.1</osmand:speed>
        </extensions>
      </trkpt>
      <trkpt lat="46.9156232" lon="9.2831119">
        <ele>1901.5</ele>
        <time>2026-06-13T10:22:57Z</time>
        <hdop>4.6</hdop>
        <extensions>
          <osmand:speed>1.2</osmand:speed>
        </extensions>
      </trkpt>
      <trkpt lat="46.915631" lon="9.2831929">
        <ele>1901.5</ele>
        <time>2026-06-13T10:23:03Z</time>
        <hdop>4.6</hdop>
        <extensions>
          <osmand:speed>1.4</osmand:speed>
        </extensions>
      </trkpt>
      <trkpt lat="46.9156564" lon="9.2832767">
        <ele>1901.5</ele>
        <time>2026-06-13T10:23:09Z</time>
        <hdop>4.6</hdop>
        <extensions>
          <osmand:speed>1.5</osmand:speed>
        </extensions>
      </trkpt>
      <trkpt lat="46.9156759" lon="9.2833703">
        <ele>1901.5</ele>
        <time>2026-06-13T10:23:15Z</time>
        <hdop>4.6</hdop>
        <extensions>
          <osmand:speed>0.9</osmand:speed>
        </extensions>
      </trkpt>
      <trkpt lat="46.9156629" lon="9.2834252">
        <ele>1899.5</ele>
        <time>2026-06-13T10:23:21Z</time>
        <hdop>4.6</hdop>
        <extensions>
          <osmand:speed>0.8</osmand:speed>
        </extensions>
      </trkpt>
      <trkpt lat="46.9156931" lon="9.2834825">
        <ele>1897.5</ele>
        <time>2026-06-13T10:23:27Z</time>
        <hdop>5.1</hdop>
        <extensions>
          <osmand:speed>1</osmand:speed>
        </extensions>
      </trkpt>
      <trkpt lat="46.915733" lon="9.2835534">
        <ele>1896.5</ele>
        <time>2026-06-13T10:23:33Z</time>
        <hdop>5.1</hdop>
        <extensions>
          <osmand:speed>0.9</osmand:speed>
        </extensions>
      </trkpt>
      <trkpt lat="46.9157638" lon="9.2836255">
        <ele>1896.5</ele>
        <time>2026-06-13T10:23:39Z</time>
        <hdop>5.1</hdop>
        <extensions>
          <osmand:speed>1.2</osmand:speed>
        </extensions>
      </trkpt>
      <trkpt lat="46.9157698" lon="9.2837246">
        <ele>1896.5</ele>
        <time>2026-06-13T10:23:45Z</time>
        <hdop>5.6</hdop>
        <extensions>
          <osmand:speed>1</osmand:speed>
        </extensions>
      </trkpt>
      <trkpt lat="46.9157935" lon="9.283798">
        <ele>1895.5</ele>
        <time>2026-06-13T10:23:51Z</time>
        <hdop>5.6</hdop>
        <extensions>
          <osmand:speed>0.8</osmand:speed>
        </extensions>
      </trkpt>
      <trkpt lat="46.915828" lon="9.2838663">
        <ele>1895.5</ele>
        <time>2026-06-13T10:23:57Z</time>
        <hdop>5.1</hdop>
        <extensions>
          <osmand:speed>0.9</osmand:speed>
        </extensions>
      </trkpt>
      <trkpt lat="46.9158309" lon="9.2839293">
        <ele>1893.5</ele>
        <time>2026-06-13T10:24:03Z</time>
        <hdop>5.1</hdop>
        <extensions>
          <osmand:speed>0.8</osmand:speed>
        </extensions>
      </trkpt>
      <trkpt lat="46.9158424" lon="9.2840025">
        <ele>1893.5</ele>
        <time>2026-06-13T10:24:09Z</time>
        <hdop>5.1</hdop>
        <extensions>
          <osmand:speed>1.4</osmand:speed>
        </extensions>
      </trkpt>
      <trkpt lat="46.9158659" lon="9.2840771">
        <ele>1892.5</ele>
        <time>2026-06-13T10:24:15Z</time>
        <hdop>4.1</hdop>
        <extensions>
          <osmand:speed>1</osmand:speed>
        </extensions>
      </trkpt>
      <trkpt lat="46.9158828" lon="9.2841603">
        <ele>1891.5</ele>
        <time>2026-06-13T10:24:21Z</time>
        <hdop>4.6</hdop>
        <extensions>
          <osmand:speed>1.2</osmand:speed>
        </extensions>
      </trkpt>
      <trkpt lat="46.9159002" lon="9.2842314">
        <ele>1891.5</ele>
        <time>2026-06-13T10:24:27Z</time>
        <hdop>5.1</hdop>
        <extensions>
          <osmand:speed>0.8</osmand:speed>
        </extensions>
      </trkpt>
      <trkpt lat="46.9159355" lon="9.2842984">
        <ele>1891.5</ele>
        <time>2026-06-13T10:24:33Z</time>
        <hdop>4.1</hdop>
        <extensions>
          <osmand:speed>1.1</osmand:speed>
        </extensions>
      </trkpt>
      <trkpt lat="46.9159666" lon="9.2843781">
        <ele>1890.5</ele>
        <time>2026-06-13T10:24:39Z</time>
        <hdop>5.1</hdop>
        <extensions>
          <osmand:speed>0.7</osmand:speed>
        </extensions>
      </trkpt>
      <trkpt lat="46.9159963" lon="9.2844289">
        <ele>1889.5</ele>
        <time>2026-06-13T10:24:45Z</time>
        <hdop>5.6</hdop>
        <extensions>
          <osmand:speed>1.3</osmand:speed>
        </extensions>
      </trkpt>
      <trkpt lat="46.9160336" lon="9.2845107">
        <ele>1888.5</ele>
        <time>2026-06-13T10:24:51Z</time>
        <hdop>4.6</hdop>
        <extensions>
          <osmand:speed>1.4</osmand:speed>
        </extensions>
      </trkpt>
      <trkpt lat="46.9160638" lon="9.2845761">
        <ele>1886.5</ele>
        <time>2026-06-13T10:24:57Z</time>
        <hdop>5.1</hdop>
        <extensions>
          <osmand:speed>1.4</osmand:speed>
        </extensions>
      </trkpt>
      <trkpt lat="46.916075" lon="9.284652">
        <ele>1884.5</ele>
        <time>2026-06-13T10:25:03Z</time>
        <hdop>5.6</hdop>
        <extensions>
          <osmand:speed>0.8</osmand:speed>
        </extensions>
      </trkpt>
      <trkpt lat="46.9160949" lon="9.2847269">
        <ele>1883.5</ele>
        <time>2026-06-13T10:25:09Z</time>
        <hdop>5.1</hdop>
        <extensions>
          <osmand:speed>1.2</osmand:speed>
        </extensions>
      </trkpt>
      <trkpt lat="46.9161284" lon="9.2847783">
        <ele>1882.5</ele>
        <time>2026-06-13T10:25:15Z</time>
        <hdop>4.6</hdop>
        <extensions>
          <osmand:speed>0.9</osmand:speed>
        </extensions>
      </trkpt>
      <trkpt lat="46.9161788" lon="9.2848159">
        <ele>1881.5</ele>
        <time>2026-06-13T10:25:21Z</time>
        <hdop>5.6</hdop>
        <extensions>
          <osmand:speed>0.9</osmand:speed>
        </extensions>
      </trkpt>
      <trkpt lat="46.9161979" lon="9.2848418">
        <ele>1880.5</ele>
        <time>2026-06-13T10:25:27Z</time>
        <hdop>5.1</hdop>
        <extensions>
          <osmand:speed>0.6</osmand:speed>
        </extensions>
      </trkpt>
      <trkpt lat="46.9162187" lon="9.2848512">
        <ele>1878.5</ele>
        <time>2026-06-13T10:25:33Z</time>
        <hdop>5.1</hdop>
        <extensions>
          <osmand:speed>1.2</osmand:speed>
        </extensions>
      </trkpt>
      <trkpt lat="46.9162667" lon="9.2848897">
        <ele>1878.5</ele>
        <time>2026-06-13T10:25:39Z</time>
        <hdop>5.6</hdop>
        <extensions>
          <osmand:speed>0.7</osmand:speed>
        </extensions>
      </trkpt>
      <trkpt lat="46.9163093" lon="9.2849455">
        <ele>1877.5</ele>
        <time>2026-06-13T10:25:45Z</time>
        <hdop>5.1</hdop>
        <extensions>
          <osmand:speed>1.1</osmand:speed>
        </extensions>
      </trkpt>
      <trkpt lat="46.9163619" lon="9.28499">
        <ele>1876.5</ele>
        <time>2026-06-13T10:25:51Z</time>
        <hdop>5.1</hdop>
        <extensions>
          <osmand:speed>0.8</osmand:speed>
        </extensions>
      </trkpt>
      <trkpt lat="46.9163906" lon="9.2850582">
        <ele>1876.5</ele>
        <time>2026-06-13T10:25:57Z</time>
        <hdop>5.1</hdop>
        <extensions>
          <osmand:speed>1</osmand:speed>
        </extensions>
      </trkpt>
      <trkpt lat="46.9164233" lon="9.2851138">
        <ele>1875.5</ele>
        <time>2026-06-13T10:26:03Z</time>
        <hdop>5.1</hdop>
        <extensions>
          <osmand:speed>0.7</osmand:speed>
        </extensions>
      </trkpt>
      <trkpt lat="46.916462" lon="9.2851521">
        <ele>1874.5</ele>
        <time>2026-06-13T10:26:09Z</time>
        <hdop>5.1</hdop>
        <extensions>
          <osmand:speed>0.7</osmand:speed>
        </extensions>
      </trkpt>
      <trkpt lat="46.9165009" lon="9.2852048">
        <ele>1873.5</ele>
        <time>2026-06-13T10:26:15Z</time>
        <hdop>5.1</hdop>
        <extensions>
          <osmand:speed>1</osmand:speed>
        </extensions>
      </trkpt>
      <trkpt lat="46.9165371" lon="9.2852542">
        <ele>1872.5</ele>
        <time>2026-06-13T10:26:21Z</time>
        <hdop>6.1</hdop>
        <extensions>
          <osmand:speed>1.1</osmand:speed>
        </extensions>
      </trkpt>
      <trkpt lat="46.9165923" lon="9.2852684">
        <ele>1871.5</ele>
        <time>2026-06-13T10:26:27Z</time>
        <hdop>5.6</hdop>
        <extensions>
          <osmand:speed>1</osmand:speed>
        </extensions>
      </trkpt>
      <trkpt lat="46.9166486" lon="9.2853081">
        <ele>1871.5</ele>
        <time>2026-06-13T10:26:33Z</time>
        <hdop>5.1</hdop>
        <extensions>
          <osmand:speed>1.2</osmand:speed>
        </extensions>
      </trkpt>
      <trkpt lat="46.9166883" lon="9.285352">
        <ele>1870.5</ele>
        <time>2026-06-13T10:26:39Z</time>
        <hdop>5.1</hdop>
        <extensions>
          <osmand:speed>0.3</osmand:speed>
        </extensions>
      </trkpt>
      <trkpt lat="46.9167312" lon="9.2853893">
        <ele>1868.5</ele>
        <time>2026-06-13T10:26:45Z</time>
        <hdop>5.1</hdop>
        <extensions>
          <osmand:speed>1.3</osmand:speed>
        </extensions>
      </trkpt>
      <trkpt lat="46.9167746" lon="9.2854549">
        <ele>1867.5</ele>
        <time>2026-06-13T10:26:51Z</time>
        <hdop>5.1</hdop>
        <extensions>
          <osmand:speed>0.7</osmand:speed>
        </extensions>
      </trkpt>
      <trkpt lat="46.9167997" lon="9.2855101">
        <ele>1866.5</ele>
        <time>2026-06-13T10:26:57Z</time>
        <hdop>5.6</hdop>
        <extensions>
          <osmand:speed>0.8</osmand:speed>
        </extensions>
      </trkpt>
      <trkpt lat="46.9168382" lon="9.2855668">
        <ele>1865.5</ele>
        <time>2026-06-13T10:27:03Z</time>
        <hdop>5.1</hdop>
        <extensions>
          <osmand:speed>0.8</osmand:speed>
        </extensions>
      </trkpt>
      <trkpt lat="46.9168647" lon="9.2856023">
        <ele>1864.5</ele>
        <time>2026-06-13T10:27:09Z</time>
        <hdop>5.1</hdop>
        <extensions>
          <osmand:speed>0.6</osmand:speed>
        </extensions>
      </trkpt>
      <trkpt lat="46.9169123" lon="9.2856548">
        <ele>1863.5</ele>
        <time>2026-06-13T10:27:15Z</time>
        <hdop>6.6</hdop>
        <extensions>
          <osmand:speed>0.9</osmand:speed>
        </extensions>
      </trkpt>
      <trkpt lat="46.9169594" lon="9.2857121">
        <ele>1863.5</ele>
        <time>2026-06-13T10:27:21Z</time>
        <hdop>6.6</hdop>
        <extensions>
          <osmand:speed>0.6</osmand:speed>
        </extensions>
      </trkpt>
      <trkpt lat="46.9170192" lon="9.2857666">
        <ele>1863.5</ele>
        <time>2026-06-13T10:27:27Z</time>
        <hdop>6.1</hdop>
        <extensions>
          <osmand:speed>1.5</osmand:speed>
        </extensions>
      </trkpt>
      <trkpt lat="46.9170565" lon="9.285846">
        <ele>1862.5</ele>
        <time>2026-06-13T10:27:33Z</time>
        <hdop>5.1</hdop>
        <extensions>
          <osmand:speed>1.1</osmand:speed>
        </extensions>
      </trkpt>
      <trkpt lat="46.917078" lon="9.2859253">
        <ele>1861.5</ele>
        <time>2026-06-13T10:27:39Z</time>
        <hdop>5.1</hdop>
        <extensions>
          <osmand:speed>1.5</osmand:speed>
        </extensions>
      </trkpt>
      <trkpt lat="46.9171237" lon="9.2859724">
        <ele>1860.5</ele>
        <time>2026-06-13T10:27:45Z</time>
        <hdop>5.6</hdop>
        <extensions>
          <osmand:speed>0.4</osmand:speed>
        </extensions>
      </trkpt>
      <trkpt lat="46.9171532" lon="9.2860281">
        <ele>1860.5</ele>
        <time>2026-06-13T10:27:51Z</time>
        <hdop>7.7</hdop>
        <extensions>
          <osmand:speed>0.8</osmand:speed>
        </extensions>
      </trkpt>
      <trkpt lat="46.9172048" lon="9.2860764">
        <ele>1860.5</ele>
        <time>2026-06-13T10:27:57Z</time>
        <hdop>5.1</hdop>
        <extensions>
          <osmand:speed>1.2</osmand:speed>
        </extensions>
      </trkpt>
      <trkpt lat="46.9172384" lon="9.2861663">
        <ele>1859.5</ele>
        <time>2026-06-13T10:28:03Z</time>
        <hdop>5.6</hdop>
        <extensions>
          <osmand:speed>1.3</osmand:speed>
        </extensions>
      </trkpt>
      <trkpt lat="46.9172798" lon="9.2862186">
        <ele>1857.5</ele>
        <time>2026-06-13T10:28:09Z</time>
        <hdop>5.6</hdop>
        <extensions>
          <osmand:speed>0.6</osmand:speed>
        </extensions>
      </trkpt>
      <trkpt lat="46.9173169" lon="9.2862839">
        <ele>1855.5</ele>
        <time>2026-06-13T10:28:15Z</time>
        <hdop>5.6</hdop>
        <extensions>
          <osmand:speed>1.6</osmand:speed>
        </extensions>
      </trkpt>
      <trkpt lat="46.9173606" lon="9.2863327">
        <ele>1854.5</ele>
        <time>2026-06-13T10:28:21Z</time>
        <hdop>5.6</hdop>
        <extensions>
          <osmand:speed>1</osmand:speed>
        </extensions>
      </trkpt>
      <trkpt lat="46.9174186" lon="9.2863772">
        <ele>1853.5</ele>
        <time>2026-06-13T10:28:27Z</time>
        <hdop>5.1</hdop>
        <extensions>
          <osmand:speed>1</osmand:speed>
        </extensions>
      </trkpt>
      <trkpt lat="46.9174559" lon="9.2864242">
        <ele>1851.5</ele>
        <time>2026-06-13T10:28:33Z</time>
        <hdop>5.1</hdop>
        <extensions>
          <osmand:speed>1.1</osmand:speed>
        </extensions>
      </trkpt>
      <trkpt lat="46.917472" lon="9.2864891">
        <ele>1850.5</ele>
        <time>2026-06-13T10:28:39Z</time>
        <hdop>5.1</hdop>
        <extensions>
          <osmand:speed>0.9</osmand:speed>
        </extensions>
      </trkpt>
      <trkpt lat="46.9175" lon="9.2865658">
        <ele>1848.5</ele>
        <time>2026-06-13T10:28:45Z</time>
        <hdop>5.1</hdop>
        <extensions>
          <osmand:speed>1.3</osmand:speed>
        </extensions>
      </trkpt>
      <trkpt lat="46.9175215" lon="9.2866461">
        <ele>1849.5</ele>
        <time>2026-06-13T10:28:51Z</time>
        <hdop>5.1</hdop>
        <extensions>
          <osmand:speed>1</osmand:speed>
        </extensions>
      </trkpt>
      <trkpt lat="46.9175633" lon="9.286733">
        <ele>1848.5</ele>
        <time>2026-06-13T10:28:57Z</time>
        <hdop>4.6</hdop>
        <extensions>
          <osmand:speed>1</osmand:speed>
        </extensions>
      </trkpt>
      <trkpt lat="46.9176076" lon="9.2867849">
        <ele>1847.5</ele>
        <time>2026-06-13T10:29:03Z</time>
        <hdop>5.6</hdop>
        <extensions>
          <osmand:speed>0.6</osmand:speed>
        </extensions>
      </trkpt>
      <trkpt lat="46.9176552" lon="9.2868554">
        <ele>1846.5</ele>
        <time>2026-06-13T10:29:09Z</time>
        <hdop>4.1</hdop>
        <extensions>
          <osmand:speed>1</osmand:speed>
        </extensions>
      </trkpt>
      <trkpt lat="46.9177056" lon="9.2869327">
        <ele>1847.5</ele>
        <time>2026-06-13T10:29:15Z</time>
        <hdop>5.1</hdop>
        <extensions>
          <osmand:speed>1</osmand:speed>
        </extensions>
      </trkpt>
      <trkpt lat="46.917746" lon="9.2870105">
        <ele>1846.5</ele>
        <time>2026-06-13T10:29:21Z</time>
        <hdop>4.6</hdop>
        <extensions>
          <osmand:speed>1.1</osmand:speed>
        </extensions>
      </trkpt>
      <trkpt lat="46.9177844" lon="9.2870725">
        <ele>1845.5</ele>
        <time>2026-06-13T10:29:27Z</time>
        <hdop>5.6</hdop>
        <extensions>
          <osmand:speed>1.1</osmand:speed>
        </extensions>
      </trkpt>
      <trkpt lat="46.9178379" lon="9.2871413">
        <ele>1844.5</ele>
        <time>2026-06-13T10:29:33Z</time>
        <hdop>4.6</hdop>
        <extensions>
          <osmand:speed>1</osmand:speed>
        </extensions>
      </trkpt>
      <trkpt lat="46.9178734" lon="9.2871765">
        <ele>1843.5</ele>
        <time>2026-06-13T10:29:39Z</time>
        <hdop>5.1</hdop>
        <extensions>
          <osmand:speed>0.9</osmand:speed>
        </extensions>
      </trkpt>
      <trkpt lat="46.9178935" lon="9.2872441">
        <ele>1841.5</ele>
        <time>2026-06-13T10:29:45Z</time>
        <hdop>5.1</hdop>
        <extensions>
          <osmand:speed>0.9</osmand:speed>
        </extensions>
      </trkpt>
      <trkpt lat="46.9178621" lon="9.287307">
        <ele>1839.5</ele>
        <time>2026-06-13T10:29:51Z</time>
        <hdop>4.1</hdop>
        <extensions>
          <osmand:speed>0.7</osmand:speed>
        </extensions>
      </trkpt>
      <trkpt lat="46.9178296" lon="9.2873261">
        <ele>1839.5</ele>
        <time>2026-06-13T10:29:57Z</time>
        <hdop>5.1</hdop>
        <extensions>
          <osmand:speed>0.4</osmand:speed>
        </extensions>
      </trkpt>
      <trkpt lat="46.9178202" lon="9.28735">
        <ele>1838.5</ele>
        <time>2026-06-13T10:30:03Z</time>
        <hdop>6.6</hdop>
        <extensions>
          <osmand:speed>0.8</osmand:speed>
        </extensions>
      </trkpt>
      <trkpt lat="46.9178009" lon="9.2873528">
        <ele>1837.5</ele>
        <time>2026-06-13T10:30:10Z</time>
        <hdop>4.6</hdop>
        <extensions>
          <osmand:speed>1.2</osmand:speed>
        </extensions>
      </trkpt>
      <trkpt lat="46.9177969" lon="9.2874061">
        <ele>1837.5</ele>
        <time>2026-06-13T10:30:16Z</time>
        <hdop>5.1</hdop>
        <extensions>
          <osmand:speed>1</osmand:speed>
        </extensions>
      </trkpt>
      <trkpt lat="46.9178237" lon="9.2874474">
        <ele>1837.5</ele>
        <time>2026-06-13T10:30:22Z</time>
        <hdop>5.1</hdop>
        <extensions>
          <osmand:speed>0.5</osmand:speed>
        </extensions>
      </trkpt>
      <trkpt lat="46.9178433" lon="9.2875286">
        <ele>1837.5</ele>
        <time>2026-06-13T10:30:28Z</time>
        <hdop>5.1</hdop>
        <extensions>
          <osmand:speed>1.5</osmand:speed>
        </extensions>
      </trkpt>
      <trkpt lat="46.9178654" lon="9.287609">
        <ele>1837.5</ele>
        <time>2026-06-13T10:30:34Z</time>
        <hdop>5.1</hdop>
        <extensions>
          <osmand:speed>0.8</osmand:speed>
        </extensions>
      </trkpt>
      <trkpt lat="46.9179019" lon="9.2876857">
        <ele>1837.5</ele>
        <time>2026-06-13T10:30:40Z</time>
        <hdop>4.6</hdop>
        <extensions>
          <osmand:speed>1.2</osmand:speed>
        </extensions>
      </trkpt>
      <trkpt lat="46.9179175" lon="9.2877335">
        <ele>1837.5</ele>
        <time>2026-06-13T10:30:46Z</time>
        <hdop>5.1</hdop>
        <extensions>
          <osmand:speed>0.7</osmand:speed>
        </extensions>
      </trkpt>
      <trkpt lat="46.917928" lon="9.2878196">
        <ele>1836.5</ele>
        <time>2026-06-13T10:30:52Z</time>
        <hdop>5.1</hdop>
        <extensions>
          <osmand:speed>1.3</osmand:speed>
        </extensions>
      </trkpt>
      <trkpt lat="46.9179602" lon="9.2878834">
        <ele>1837.5</ele>
        <time>2026-06-13T10:30:58Z</time>
        <hdop>5.1</hdop>
        <extensions>
          <osmand:speed>1.2</osmand:speed>
        </extensions>
      </trkpt>
      <trkpt lat="46.9179944" lon="9.2879768">
        <ele>1837.5</ele>
        <time>2026-06-13T10:31:04Z</time>
        <hdop>5.1</hdop>
        <extensions>
          <osmand:speed>1.1</osmand:speed>
        </extensions>
      </trkpt>
      <trkpt lat="46.9180356" lon="9.288068">
        <ele>1835.5</ele>
        <time>2026-06-13T10:31:10Z</time>
        <hdop>5.1</hdop>
        <extensions>
          <osmand:speed>1.1</osmand:speed>
        </extensions>
      </trkpt>
      <trkpt lat="46.9180566" lon="9.288141">
        <ele>1836.5</ele>
        <time>2026-06-13T10:31:16Z</time>
        <hdop>4.1</hdop>
        <extensions>
          <osmand:speed>1</osmand:speed>
        </extensions>
      </trkpt>
      <trkpt lat="46.918092" lon="9.288213">
        <ele>1836.5</ele>
        <time>2026-06-13T10:31:22Z</time>
        <hdop>5.1</hdop>
        <extensions>
          <osmand:speed>1</osmand:speed>
        </extensions>
      </trkpt>
      <trkpt lat="46.9181117" lon="9.2882219">
        <ele>1835.5</ele>
        <time>2026-06-13T10:31:29Z</time>
        <hdop>5.1</hdop>
        <extensions>
          <osmand:speed>1.2</osmand:speed>
        </extensions>
      </trkpt>
      <trkpt lat="46.918158" lon="9.2882708">
        <ele>1835.5</ele>
        <time>2026-06-13T10:31:35Z</time>
        <hdop>5.6</hdop>
        <extensions>
          <osmand:speed>1</osmand:speed>
        </extensions>
      </trkpt>
      <trkpt lat="46.9181845" lon="9.2883255">
        <ele>1833.5</ele>
        <time>2026-06-13T10:31:41Z</time>
        <hdop>6.1</hdop>
        <extensions>
          <osmand:speed>0.4</osmand:speed>
        </extensions>
      </trkpt>
      <trkpt lat="46.918235" lon="9.2883355">
        <ele>1832.5</ele>
        <time>2026-06-13T10:31:47Z</time>
        <hdop>5.6</hdop>
        <extensions>
          <osmand:speed>1</osmand:speed>
        </extensions>
      </trkpt>
      <trkpt lat="46.9182838" lon="9.2883862">
        <ele>1831.5</ele>
        <time>2026-06-13T10:31:53Z</time>
        <hdop>6.1</hdop>
        <extensions>
          <osmand:speed>1.1</osmand:speed>
        </extensions>
      </trkpt>
      <trkpt lat="46.9183047" lon="9.2884652">
        <ele>1831.5</ele>
        <time>2026-06-13T10:31:59Z</time>
        <hdop>6.1</hdop>
        <extensions>
          <osmand:speed>1.2</osmand:speed>
        </extensions>
      </trkpt>
      <trkpt lat="46.9183417" lon="9.2885299">
        <ele>1830.5</ele>
        <time>2026-06-13T10:32:05Z</time>
        <hdop>5.1</hdop>
        <extensions>
          <osmand:speed>1.2</osmand:speed>
        </extensions>
      </trkpt>
      <trkpt lat="46.9183867" lon="9.2885699">
        <ele>1831.5</ele>
        <time>2026-06-13T10:32:11Z</time>
        <hdop>5.6</hdop>
        <extensions>
          <osmand:speed>0.8</osmand:speed>
        </extensions>
      </trkpt>
      <trkpt lat="46.9184531" lon="9.288634">
        <ele>1830.5</ele>
        <time>2026-06-13T10:32:17Z</time>
        <hdop>4.6</hdop>
        <extensions>
          <osmand:speed>1.2</osmand:speed>
        </extensions>
      </trkpt>
      <trkpt lat="46.9185092" lon="9.288692">
        <ele>1829.5</ele>
        <time>2026-06-13T10:32:23Z</time>
        <hdop>4.6</hdop>
        <extensions>
          <osmand:speed>1.2</osmand:speed>
        </extensions>
      </trkpt>
      <trkpt lat="46.9185547" lon="9.2887544">
        <ele>1829.5</ele>
        <time>2026-06-13T10:32:29Z</time>
        <hdop>4.6</hdop>
        <extensions>
          <osmand:speed>0.9</osmand:speed>
        </extensions>
      </trkpt>
      <trkpt lat="46.9186009" lon="9.2888095">
        <ele>1828.5</ele>
        <time>2026-06-13T10:32:35Z</time>
        <hdop>4.6</hdop>
        <extensions>
          <osmand:speed>1.2</osmand:speed>
        </extensions>
      </trkpt>
      <trkpt lat="46.9186483" lon="9.2888517">
        <ele>1827.5</ele>
        <time>2026-06-13T10:32:41Z</time>
        <hdop>4.6</hdop>
        <extensions>
          <osmand:speed>1.1</osmand:speed>
        </extensions>
      </trkpt>
      <trkpt lat="46.9186934" lon="9.2889186">
        <ele>1827.5</ele>
        <time>2026-06-13T10:32:47Z</time>
        <hdop>4.6</hdop>
        <extensions>
          <osmand:speed>1.3</osmand:speed>
        </extensions>
      </trkpt>
      <trkpt lat="46.9187252" lon="9.2890053">
        <ele>1826.5</ele>
        <time>2026-06-13T10:32:53Z</time>
        <hdop>3.6</hdop>
        <extensions>
          <osmand:speed>1.1</osmand:speed>
        </extensions>
      </trkpt>
      <trkpt lat="46.9187534" lon="9.2890698">
        <ele>1827.5</ele>
        <time>2026-06-13T10:32:59Z</time>
        <hdop>5.1</hdop>
        <extensions>
          <osmand:speed>0.3</osmand:speed>
        </extensions>
      </trkpt>
      <trkpt lat="46.9187927" lon="9.2891541">
        <ele>1825.5</ele>
        <time>2026-06-13T10:33:05Z</time>
        <hdop>4.1</hdop>
        <extensions>
          <osmand:speed>1.4</osmand:speed>
        </extensions>
      </trkpt>
      <trkpt lat="46.9188035" lon="9.2892387">
        <ele>1824.5</ele>
        <time>2026-06-13T10:33:11Z</time>
        <hdop>4.1</hdop>
        <extensions>
          <osmand:speed>1.1</osmand:speed>
        </extensions>
      </trkpt>
      <trkpt lat="46.918832" lon="9.2893122">
        <ele>1823.5</ele>
        <time>2026-06-13T10:33:17Z</time>
        <hdop>3.6</hdop>
        <extensions>
          <osmand:speed>1.7</osmand:speed>
        </extensions>
      </trkpt>
      <trkpt lat="46.9188693" lon="9.289382">
        <ele>1822.5</ele>
        <time>2026-06-13T10:33:23Z</time>
        <hdop>4.6</hdop>
        <extensions>
          <osmand:speed>1.3</osmand:speed>
        </extensions>
      </trkpt>
      <trkpt lat="46.9188772" lon="9.2894505">
        <ele>1822.5</ele>
        <time>2026-06-13T10:33:29Z</time>
        <hdop>4.1</hdop>
        <extensions>
          <osmand:speed>0.5</osmand:speed>
        </extensions>
      </trkpt>
      <trkpt lat="46.9189232" lon="9.2895193">
        <ele>1820.5</ele>
        <time>2026-06-13T10:33:35Z</time>
        <hdop>4.1</hdop>
        <extensions>
          <osmand:speed>0.9</osmand:speed>
        </extensions>
      </trkpt>
      <trkpt lat="46.9189698" lon="9.2895936">
        <ele>1819.5</ele>
        <time>2026-06-13T10:33:41Z</time>
        <hdop>5.6</hdop>
        <extensions>
          <osmand:speed>0.8</osmand:speed>
        </extensions>
      </trkpt>
      <trkpt lat="46.9190436" lon="9.2896194">
        <ele>1819.5</ele>
        <time>2026-06-13T10:33:47Z</time>
        <hdop>5.1</hdop>
        <extensions>
          <osmand:speed>1</osmand:speed>
        </extensions>
      </trkpt>
      <trkpt lat="46.9190548" lon="9.2896961">
        <ele>1819.5</ele>
        <time>2026-06-13T10:33:53Z</time>
        <hdop>4.6</hdop>
        <extensions>
          <osmand:speed>1.1</osmand:speed>
        </extensions>
      </trkpt>
      <trkpt lat="46.9190757" lon="9.2897657">
        <ele>1819.5</ele>
        <time>2026-06-13T10:33:59Z</time>
        <hdop>3.6</hdop>
        <extensions>
          <osmand:speed>1.1</osmand:speed>
        </extensions>
      </trkpt>
      <trkpt lat="46.9191089" lon="9.2898403">
        <ele>1819.5</ele>
        <time>2026-06-13T10:34:05Z</time>
        <hdop>4.1</hdop>
        <extensions>
          <osmand:speed>1.6</osmand:speed>
        </extensions>
      </trkpt>
      <trkpt lat="46.9191538" lon="9.2899282">
        <ele>1817.5</ele>
        <time>2026-06-13T10:34:11Z</time>
        <hdop>4.1</hdop>
        <extensions>
          <osmand:speed>1.2</osmand:speed>
        </extensions>
      </trkpt>
      <trkpt lat="46.919206" lon="9.29001">
        <ele>1817.5</ele>
        <time>2026-06-13T10:34:17Z</time>
        <hdop>4.6</hdop>
        <extensions>
          <osmand:speed>1.5</osmand:speed>
        </extensions>
      </trkpt>
      <trkpt lat="46.919257" lon="9.2900957">
        <ele>1817.5</ele>
        <time>2026-06-13T10:34:23Z</time>
        <hdop>4.1</hdop>
        <extensions>
          <osmand:speed>1.2</osmand:speed>
        </extensions>
      </trkpt>
      <trkpt lat="46.9192804" lon="9.2901699">
        <ele>1816.5</ele>
        <time>2026-06-13T10:34:29Z</time>
        <hdop>4.1</hdop>
        <extensions>
          <osmand:speed>1.1</osmand:speed>
        </extensions>
      </trkpt>
      <trkpt lat="46.9193192" lon="9.2902361">
        <ele>1816.5</ele>
        <time>2026-06-13T10:34:35Z</time>
        <hdop>4.6</hdop>
        <extensions>
          <osmand:speed>1.1</osmand:speed>
        </extensions>
      </trkpt>
      <trkpt lat="46.919343" lon="9.2903377">
        <ele>1815.5</ele>
        <time>2026-06-13T10:34:41Z</time>
        <hdop>4.1</hdop>
        <extensions>
          <osmand:speed>1.1</osmand:speed>
        </extensions>
      </trkpt>
      <trkpt lat="46.91938" lon="9.2904059">
        <ele>1814.5</ele>
        <time>2026-06-13T10:34:47Z</time>
        <hdop>4.1</hdop>
        <extensions>
          <osmand:speed>0.9</osmand:speed>
        </extensions>
      </trkpt>
      <trkpt lat="46.9193993" lon="9.2904758">
        <ele>1814.5</ele>
        <time>2026-06-13T10:34:53Z</time>
        <hdop>4.1</hdop>
        <extensions>
          <osmand:speed>1</osmand:speed>
        </extensions>
      </trkpt>
      <trkpt lat="46.9194271" lon="9.290542">
        <ele>1813.5</ele>
        <time>2026-06-13T10:34:59Z</time>
        <hdop>4.6</hdop>
        <extensions>
          <osmand:speed>0.9</osmand:speed>
        </extensions>
      </trkpt>
      <trkpt lat="46.9194354" lon="9.2905669">
        <ele>1811.5</ele>
        <time>2026-06-13T10:35:10Z</time>
        <hdop>6.1</hdop>
        <extensions>
          <osmand:speed>0.1</osmand:speed>
        </extensions>
      </trkpt>
      <trkpt lat="46.9194386" lon="9.2905995">
        <ele>1810.5</ele>
        <time>2026-06-13T10:35:22Z</time>
        <hdop>3.6</hdop>
        <extensions>
          <osmand:speed>0.7</osmand:speed>
        </extensions>
      </trkpt>
      <trkpt lat="46.9194847" lon="9.2906584">
        <ele>1810.5</ele>
        <time>2026-06-13T10:35:28Z</time>
        <hdop>3.6</hdop>
        <extensions>
          <osmand:speed>1.2</osmand:speed>
        </extensions>
      </trkpt>
      <trkpt lat="46.919536" lon="9.2907071">
        <ele>1809.5</ele>
        <time>2026-06-13T10:35:34Z</time>
        <hdop>4.6</hdop>
        <extensions>
          <osmand:speed>1.3</osmand:speed>
        </extensions>
      </trkpt>
      <trkpt lat="46.9195849" lon="9.2907809">
        <ele>1808.5</ele>
        <time>2026-06-13T10:35:40Z</time>
        <hdop>4.6</hdop>
        <extensions>
          <osmand:speed>1.2</osmand:speed>
        </extensions>
      </trkpt>
      <trkpt lat="46.9196259" lon="9.2908403">
        <ele>1807.5</ele>
        <time>2026-06-13T10:35:46Z</time>
        <hdop>4.6</hdop>
        <extensions>
          <osmand:speed>1.4</osmand:speed>
        </extensions>
      </trkpt>
      <trkpt lat="46.9196688" lon="9.2909063">
        <ele>1806.5</ele>
        <time>2026-06-13T10:35:52Z</time>
        <hdop>5.1</hdop>
        <extensions>
          <osmand:speed>1.2</osmand:speed>
        </extensions>
      </trkpt>
      <trkpt lat="46.9197132" lon="9.2909776">
        <ele>1805.5</ele>
        <time>2026-06-13T10:35:58Z</time>
        <hdop>4.1</hdop>
        <extensions>
          <osmand:speed>1.3</osmand:speed>
        </extensions>
      </trkpt>
      <trkpt lat="46.9197253" lon="9.2910644">
        <ele>1804.5</ele>
        <time>2026-06-13T10:36:04Z</time>
        <hdop>4.1</hdop>
        <extensions>
          <osmand:speed>1.3</osmand:speed>
        </extensions>
      </trkpt>
      <trkpt lat="46.9197133" lon="9.2911294">
        <ele>1804.5</ele>
        <time>2026-06-13T10:36:10Z</time>
        <hdop>4.1</hdop>
        <extensions>
          <osmand:speed>1.1</osmand:speed>
        </extensions>
      </trkpt>
      <trkpt lat="46.9197305" lon="9.2912202">
        <ele>1803.5</ele>
        <time>2026-06-13T10:36:16Z</time>
        <hdop>4.6</hdop>
        <extensions>
          <osmand:speed>1.5</osmand:speed>
        </extensions>
      </trkpt>
      <trkpt lat="46.9197662" lon="9.2913226">
        <ele>1802.5</ele>
        <time>2026-06-13T10:36:22Z</time>
        <hdop>4.1</hdop>
        <extensions>
          <osmand:speed>1.3</osmand:speed>
        </extensions>
      </trkpt>
      <trkpt lat="46.919802" lon="9.2914097">
        <ele>1801.5</ele>
        <time>2026-06-13T10:36:28Z</time>
        <hdop>4.1</hdop>
        <extensions>
          <osmand:speed>1</osmand:speed>
        </extensions>
      </trkpt>
      <trkpt lat="46.9198157" lon="9.2915072">
        <ele>1801.5</ele>
        <time>2026-06-13T10:36:34Z</time>
        <hdop>4.1</hdop>
        <extensions>
          <osmand:speed>1.4</osmand:speed>
        </extensions>
      </trkpt>
      <trkpt lat="46.9198238" lon="9.2916018">
        <ele>1800.5</ele>
        <time>2026-06-13T10:36:40Z</time>
        <hdop>3.6</hdop>
        <extensions>
          <osmand:speed>1</osmand:speed>
        </extensions>
      </trkpt>
      <trkpt lat="46.9198228" lon="9.2916853">
        <ele>1799.5</ele>
        <time>2026-06-13T10:36:46Z</time>
        <hdop>4.1</hdop>
        <extensions>
          <osmand:speed>1.1</osmand:speed>
        </extensions>
      </trkpt>
      <trkpt lat="46.9198351" lon="9.2917603">
        <ele>1798.5</ele>
        <time>2026-06-13T10:36:52Z</time>
        <hdop>4.6</hdop>
        <extensions>
          <osmand:speed>1</osmand:speed>
        </extensions>
      </trkpt>
      <trkpt lat="46.9198469" lon="9.2918491">
        <ele>1796.5</ele>
        <time>2026-06-13T10:36:58Z</time>
        <hdop>3.6</hdop>
        <extensions>
          <osmand:speed>0.8</osmand:speed>
        </extensions>
      </trkpt>
      <trkpt lat="46.9198701" lon="9.2919277">
        <ele>1796.5</ele>
        <time>2026-06-13T10:37:04Z</time>
        <hdop>4.6</hdop>
        <extensions>
          <osmand:speed>0.7</osmand:speed>
        </extensions>
      </trkpt>
      <trkpt lat="46.9198774" lon="9.2920045">
        <ele>1793.5</ele>
        <time>2026-06-13T10:37:10Z</time>
        <hdop>4.1</hdop>
        <extensions>
          <osmand:speed>0.6</osmand:speed>
        </extensions>
      </trkpt>
      <trkpt lat="46.9198953" lon="9.2920204">
        <ele>1792.5</ele>
        <time>2026-06-13T10:37:17Z</time>
        <hdop>3.6</hdop>
        <extensions>
          <osmand:speed>1.2</osmand:speed>
        </extensions>
      </trkpt>
      <trkpt lat="46.9198965" lon="9.2921033">
        <ele>1791.5</ele>
        <time>2026-06-13T10:37:23Z</time>
        <hdop>4.1</hdop>
        <extensions>
          <osmand:speed>1</osmand:speed>
        </extensions>
      </trkpt>
      <trkpt lat="46.9199074" lon="9.2921839">
        <ele>1791.5</ele>
        <time>2026-06-13T10:37:29Z</time>
        <hdop>4.1</hdop>
        <extensions>
          <osmand:speed>1</osmand:speed>
        </extensions>
      </trkpt>
      <trkpt lat="46.9199179" lon="9.2922492">
        <ele>1791.5</ele>
        <time>2026-06-13T10:37:35Z</time>
        <hdop>4.1</hdop>
        <extensions>
          <osmand:speed>1</osmand:speed>
        </extensions>
      </trkpt>
      <trkpt lat="46.9199367" lon="9.2923295">
        <ele>1791.5</ele>
        <time>2026-06-13T10:37:41Z</time>
        <hdop>5.1</hdop>
        <extensions>
          <osmand:speed>1</osmand:speed>
        </extensions>
      </trkpt>
      <trkpt lat="46.9199667" lon="9.2924147">
        <ele>1790.5</ele>
        <time>2026-06-13T10:37:47Z</time>
        <hdop>5.1</hdop>
        <extensions>
          <osmand:speed>1</osmand:speed>
        </extensions>
      </trkpt>
      <trkpt lat="46.9199858" lon="9.292473">
        <ele>1787.5</ele>
        <time>2026-06-13T10:37:53Z</time>
        <hdop>5.1</hdop>
        <extensions>
          <osmand:speed>0.8</osmand:speed>
        </extensions>
      </trkpt>
      <trkpt lat="46.9200102" lon="9.2925439">
        <ele>1786.5</ele>
        <time>2026-06-13T10:37:59Z</time>
        <hdop>3.6</hdop>
        <extensions>
          <osmand:speed>1</osmand:speed>
        </extensions>
      </trkpt>
      <trkpt lat="46.9200372" lon="9.292628">
        <ele>1785.5</ele>
        <time>2026-06-13T10:38:05Z</time>
        <hdop>4.6</hdop>
        <extensions>
          <osmand:speed>1.1</osmand:speed>
        </extensions>
      </trkpt>
      <trkpt lat="46.9200656" lon="9.2926973">
        <ele>1785.5</ele>
        <time>2026-06-13T10:38:11Z</time>
        <hdop>4.6</hdop>
        <extensions>
          <osmand:speed>1.1</osmand:speed>
        </extensions>
      </trkpt>
      <trkpt lat="46.9201025" lon="9.2927889">
        <ele>1784.5</ele>
        <time>2026-06-13T10:38:17Z</time>
        <hdop>5.1</hdop>
        <extensions>
          <osmand:speed>1</osmand:speed>
        </extensions>
      </trkpt>
      <trkpt lat="46.9201366" lon="9.2928653">
        <ele>1782.5</ele>
        <time>2026-06-13T10:38:23Z</time>
        <hdop>4.1</hdop>
        <extensions>
          <osmand:speed>1</osmand:speed>
        </extensions>
      </trkpt>
      <trkpt lat="46.9201642" lon="9.2929502">
        <ele>1782.5</ele>
        <time>2026-06-13T10:38:29Z</time>
        <hdop>4.1</hdop>
        <extensions>
          <osmand:speed>1</osmand:speed>
        </extensions>
      </trkpt>
      <trkpt lat="46.9202011" lon="9.2929984">
        <ele>1781.5</ele>
        <time>2026-06-13T10:38:35Z</time>
        <hdop>4.6</hdop>
        <extensions>
          <osmand:speed>1</osmand:speed>
        </extensions>
      </trkpt>
      <trkpt lat="46.9202439" lon="9.2930426">
        <ele>1780.5</ele>
        <time>2026-06-13T10:38:41Z</time>
        <hdop>5.6</hdop>
        <extensions>
          <osmand:speed>0.8</osmand:speed>
        </extensions>
      </trkpt>
      <trkpt lat="46.9202772" lon="9.2930961">
        <ele>1779.5</ele>
        <time>2026-06-13T10:38:47Z</time>
        <hdop>4.6</hdop>
        <extensions>
          <osmand:speed>0.9</osmand:speed>
        </extensions>
      </trkpt>
      <trkpt lat="46.9203125" lon="9.2931541">
        <ele>1779.5</ele>
        <time>2026-06-13T10:38:53Z</time>
        <hdop>4.6</hdop>
        <extensions>
          <osmand:speed>0.8</osmand:speed>
        </extensions>
      </trkpt>
      <trkpt lat="46.9203408" lon="9.2932375">
        <ele>1777.5</ele>
        <time>2026-06-13T10:38:59Z</time>
        <hdop>4.6</hdop>
        <extensions>
          <osmand:speed>1</osmand:speed>
        </extensions>
      </trkpt>
      <trkpt lat="46.920366" lon="9.2932965">
        <ele>1776.5</ele>
        <time>2026-06-13T10:39:05Z</time>
        <hdop>5.1</hdop>
        <extensions>
          <osmand:speed>0.6</osmand:speed>
        </extensions>
      </trkpt>
      <trkpt lat="46.9203959" lon="9.2933015">
        <ele>1775.5</ele>
        <time>2026-06-13T10:39:11Z</time>
        <hdop>5.6</hdop>
        <extensions>
          <osmand:speed>0.8</osmand:speed>
        </extensions>
      </trkpt>
      <trkpt lat="46.9204157" lon="9.2932835">
        <ele>1775.5</ele>
        <time>2026-06-13T10:39:17Z</time>
        <hdop>4.6</hdop>
        <extensions>
          <osmand:speed>0.1</osmand:speed>
        </extensions>
      </trkpt>
      <trkpt lat="46.9204161" lon="9.2933245">
        <ele>1774.5</ele>
        <time>2026-06-13T10:39:27Z</time>
        <hdop>4.6</hdop>
        <extensions>
          <osmand:speed>1.5</osmand:speed>
        </extensions>
      </trkpt>
      <trkpt lat="46.9204114" lon="9.2934044">
        <ele>1774.5</ele>
        <time>2026-06-13T10:39:33Z</time>
        <hdop>4.6</hdop>
        <extensions>
          <osmand:speed>1</osmand:speed>
        </extensions>
      </trkpt>
      <trkpt lat="46.920449" lon="9.2934335">
        <ele>1773.5</ele>
        <time>2026-06-13T10:39:39Z</time>
        <hdop>5.6</hdop>
        <extensions>
          <osmand:speed>0.7</osmand:speed>
        </extensions>
      </trkpt>
      <trkpt lat="46.9204886" lon="9.2934833">
        <ele>1771.5</ele>
        <time>2026-06-13T10:39:45Z</time>
        <hdop>4.6</hdop>
        <extensions>
          <osmand:speed>0.7</osmand:speed>
        </extensions>
      </trkpt>
      <trkpt lat="46.920502" lon="9.2935466">
        <ele>1769.5</ele>
        <time>2026-06-13T10:39:51Z</time>
        <hdop>5.1</hdop>
        <extensions>
          <osmand:speed>0.8</osmand:speed>
        </extensions>
      </trkpt>
      <trkpt lat="46.9205148" lon="9.2935857">
        <ele>1769.5</ele>
        <time>2026-06-13T10:39:57Z</time>
        <hdop>5.1</hdop>
        <extensions>
          <osmand:speed>0.7</osmand:speed>
        </extensions>
      </trkpt>
      <trkpt lat="46.9205459" lon="9.293618">
        <ele>1767.5</ele>
        <time>2026-06-13T10:40:03Z</time>
        <hdop>5.6</hdop>
        <extensions>
          <osmand:speed>0.4</osmand:speed>
        </extensions>
      </trkpt>
      <trkpt lat="46.9205581" lon="9.293644">
        <ele>1766.5</ele>
        <time>2026-06-13T10:40:09Z</time>
        <hdop>3.6</hdop>
        <extensions>
          <osmand:speed>1.2</osmand:speed>
        </extensions>
      </trkpt>
      <trkpt lat="46.9205746" lon="9.2936931">
        <ele>1766.5</ele>
        <time>2026-06-13T10:40:15Z</time>
        <hdop>4.6</hdop>
        <extensions>
          <osmand:speed>0.9</osmand:speed>
        </extensions>
      </trkpt>
      <trkpt lat="46.920603" lon="9.2937064">
        <ele>1766.5</ele>
        <time>2026-06-13T10:40:21Z</time>
        <hdop>5.1</hdop>
        <extensions>
          <osmand:speed>0.7</osmand:speed>
        </extensions>
      </trkpt>
      <trkpt lat="46.9206398" lon="9.2937404">
        <ele>1766.5</ele>
        <time>2026-06-13T10:40:27Z</time>
        <hdop>5.1</hdop>
        <extensions>
          <osmand:speed>1</osmand:speed>
        </extensions>
      </trkpt>
      <trkpt lat="46.9206809" lon="9.2937505">
        <ele>1765.5</ele>
        <time>2026-06-13T10:40:33Z</time>
        <hdop>4.6</hdop>
        <extensions>
          <osmand:speed>0.3</osmand:speed>
        </extensions>
      </trkpt>
      <trkpt lat="46.920671" lon="9.2937777">
        <ele>1764.5</ele>
        <time>2026-06-13T10:40:41Z</time>
        <hdop>4.6</hdop>
        <extensions>
          <osmand:speed>0.5</osmand:speed>
        </extensions>
      </trkpt>
      <trkpt lat="46.9206873" lon="9.2938417">
        <ele>1764.5</ele>
        <time>2026-06-13T10:40:47Z</time>
        <hdop>4.6</hdop>
        <extensions>
          <osmand:speed>0.6</osmand:speed>
        </extensions>
      </trkpt>
      <trkpt lat="46.9207044" lon="9.2938811">
        <ele>1764.5</ele>
        <time>2026-06-13T10:40:53Z</time>
        <hdop>5.1</hdop>
        <extensions>
          <osmand:speed>1</osmand:speed>
        </extensions>
      </trkpt>
      <trkpt lat="46.9207442" lon="9.2939558">
        <ele>1762.5</ele>
        <time>2026-06-13T10:40:59Z</time>
        <hdop>5.1</hdop>
        <extensions>
          <osmand:speed>1</osmand:speed>
        </extensions>
      </trkpt>
      <trkpt lat="46.920773" lon="9.2940156">
        <ele>1760.5</ele>
        <time>2026-06-13T10:41:05Z</time>
        <hdop>5.1</hdop>
        <extensions>
          <osmand:speed>0.8</osmand:speed>
        </extensions>
      </trkpt>
      <trkpt lat="46.9207953" lon="9.2940926">
        <ele>1759.5</ele>
        <time>2026-06-13T10:41:11Z</time>
        <hdop>4.1</hdop>
        <extensions>
          <osmand:speed>1.1</osmand:speed>
        </extensions>
      </trkpt>
      <trkpt lat="46.9208152" lon="9.2941714">
        <ele>1758.5</ele>
        <time>2026-06-13T10:41:17Z</time>
        <hdop>4.1</hdop>
        <extensions>
          <osmand:speed>1</osmand:speed>
        </extensions>
      </trkpt>
      <trkpt lat="46.9208089" lon="9.2942543">
        <ele>1757.5</ele>
        <time>2026-06-13T10:41:23Z</time>
        <hdop>5.6</hdop>
        <extensions>
          <osmand:speed>0.1</osmand:speed>
        </extensions>
      </trkpt>
      <trkpt lat="46.9207932" lon="9.2942924">
        <ele>1753.5</ele>
        <time>2026-06-13T10:41:30Z</time>
        <hdop>3.6</hdop>
        <extensions>
          <osmand:speed>1.4</osmand:speed>
        </extensions>
      </trkpt>
      <trkpt lat="46.9207945" lon="9.294364">
        <ele>1753.5</ele>
        <time>2026-06-13T10:41:36Z</time>
        <hdop>4.1</hdop>
        <extensions>
          <osmand:speed>0.9</osmand:speed>
        </extensions>
      </trkpt>
      <trkpt lat="46.9207962" lon="9.2944437">
        <ele>1753.5</ele>
        <time>2026-06-13T10:41:42Z</time>
        <hdop>4.1</hdop>
        <extensions>
          <osmand:speed>1.1</osmand:speed>
        </extensions>
      </trkpt>
      <trkpt lat="46.920802" lon="9.2945102">
        <ele>1751.5</ele>
        <time>2026-06-13T10:41:48Z</time>
        <hdop>5.1</hdop>
        <extensions>
          <osmand:speed>0.7</osmand:speed>
        </extensions>
      </trkpt>
      <trkpt lat="46.9208175" lon="9.2945922">
        <ele>1750.5</ele>
        <time>2026-06-13T10:41:54Z</time>
        <hdop>4.1</hdop>
        <extensions>
          <osmand:speed>0.5</osmand:speed>
        </extensions>
      </trkpt>
      <trkpt lat="46.920838" lon="9.2946277">
        <ele>1749.5</ele>
        <time>2026-06-13T10:42:00Z</time>
        <hdop>4.1</hdop>
        <extensions>
          <osmand:speed>0.6</osmand:speed>
        </extensions>
      </trkpt>
      <trkpt lat="46.9208461" lon="9.2947006">
        <ele>1748.5</ele>
        <time>2026-06-13T10:42:06Z</time>
        <hdop>5.6</hdop>
        <extensions>
          <osmand:speed>1.1</osmand:speed>
        </extensions>
      </trkpt>
      <trkpt lat="46.9208615" lon="9.2947641">
        <ele>1747.5</ele>
        <time>2026-06-13T10:42:12Z</time>
        <hdop>3.6</hdop>
        <extensions>
          <osmand:speed>1.1</osmand:speed>
        </extensions>
      </trkpt>
      <trkpt lat="46.9208743" lon="9.2948698">
        <ele>1747.5</ele>
        <time>2026-06-13T10:42:18Z</time>
        <hdop>4.1</hdop>
        <extensions>
          <osmand:speed>1.2</osmand:speed>
        </extensions>
      </trkpt>
      <trkpt lat="46.9208848" lon="9.2949566">
        <ele>1746.5</ele>
        <time>2026-06-13T10:42:24Z</time>
        <hdop>4.1</hdop>
        <extensions>
          <osmand:speed>0.8</osmand:speed>
        </extensions>
      </trkpt>
      <trkpt lat="46.9208951" lon="9.2950365">
        <ele>1747.5</ele>
        <time>2026-06-13T10:42:30Z</time>
        <hdop>4.1</hdop>
        <extensions>
          <osmand:speed>1</osmand:speed>
        </extensions>
      </trkpt>
      <trkpt lat="46.9209004" lon="9.2951114">
        <ele>1746.5</ele>
        <time>2026-06-13T10:42:36Z</time>
        <hdop>5.1</hdop>
        <extensions>
          <osmand:speed>1.1</osmand:speed>
        </extensions>
      </trkpt>
      <trkpt lat="46.9209132" lon="9.2951873">
        <ele>1745.5</ele>
        <time>2026-06-13T10:42:42Z</time>
        <hdop>4.6</hdop>
        <extensions>
          <osmand:speed>0.9</osmand:speed>
        </extensions>
      </trkpt>
      <trkpt lat="46.920914" lon="9.2952528">
        <ele>1744.5</ele>
        <time>2026-06-13T10:42:48Z</time>
        <hdop>5.1</hdop>
        <extensions>
          <osmand:speed>0.9</osmand:speed>
        </extensions>
      </trkpt>
      <trkpt lat="46.9209335" lon="9.2953011">
        <ele>1742.5</ele>
        <time>2026-06-13T10:42:54Z</time>
        <hdop>5.1</hdop>
        <extensions>
          <osmand:speed>0.5</osmand:speed>
        </extensions>
      </trkpt>
      <trkpt lat="46.9209344" lon="9.2953539">
        <ele>1741.5</ele>
        <time>2026-06-13T10:43:00Z</time>
        <hdop>5.1</hdop>
        <extensions>
          <osmand:speed>0.7</osmand:speed>
        </extensions>
      </trkpt>
      <trkpt lat="46.9209652" lon="9.2954315">
        <ele>1740.5</ele>
        <time>2026-06-13T10:43:06Z</time>
        <hdop>6.1</hdop>
        <extensions>
          <osmand:speed>1.2</osmand:speed>
        </extensions>
      </trkpt>
      <trkpt lat="46.9209846" lon="9.2955237">
        <ele>1739.5</ele>
        <time>2026-06-13T10:43:12Z</time>
        <hdop>4.1</hdop>
        <extensions>
          <osmand:speed>1.1</osmand:speed>
        </extensions>
      </trkpt>
      <trkpt lat="46.9209874" lon="9.2956077">
        <ele>1739.5</ele>
        <time>2026-06-13T10:43:18Z</time>
        <hdop>5.1</hdop>
        <extensions>
          <osmand:speed>1.1</osmand:speed>
        </extensions>
      </trkpt>
      <trkpt lat="46.9209654" lon="9.2957022">
        <ele>1739.5</ele>
        <time>2026-06-13T10:43:24Z</time>
        <hdop>5.1</hdop>
        <extensions>
          <osmand:speed>1</osmand:speed>
        </extensions>
      </trkpt>
      <trkpt lat="46.9209361" lon="9.2957774">
        <ele>1738.5</ele>
        <time>2026-06-13T10:43:30Z</time>
        <hdop>4.6</hdop>
        <extensions>
          <osmand:speed>1.2</osmand:speed>
        </extensions>
      </trkpt>
      <trkpt lat="46.9209258" lon="9.2958295">
        <ele>1736.5</ele>
        <time>2026-06-13T10:43:36Z</time>
        <hdop>8.7</hdop>
        <extensions>
          <osmand:speed>0.2</osmand:speed>
        </extensions>
      </trkpt>
      <trkpt lat="46.920909" lon="9.2958133">
        <ele>1735.5</ele>
        <time>2026-06-13T10:43:42Z</time>
        <hdop>4.6</hdop>
      </trkpt>
      <trkpt lat="46.9208942" lon="9.2958354">
        <ele>1734.5</ele>
        <time>2026-06-13T10:46:45Z</time>
        <hdop>13.8</hdop>
        <extensions>
          <osmand:speed>0</osmand:speed>
        </extensions>
      </trkpt>
      <trkpt lat="46.9208872" lon="9.2958681">
        <ele>1734.5</ele>
        <time>2026-06-13T10:48:06Z</time>
        <hdop>8.2</hdop>
        <extensions>
          <osmand:speed>0.1</osmand:speed>
        </extensions>
      </trkpt>
      <trkpt lat="46.9208997" lon="9.295836">
        <ele>1735.5</ele>
        <time>2026-06-13T10:48:13Z</time>
        <hdop>6.6</hdop>
        <extensions>
          <osmand:speed>0.9</osmand:speed>
        </extensions>
      </trkpt>
      <trkpt lat="46.9209374" lon="9.2958004">
        <ele>1734.5</ele>
        <time>2026-06-13T10:48:19Z</time>
        <hdop>5.1</hdop>
        <extensions>
          <osmand:speed>0.7</osmand:speed>
        </extensions>
      </trkpt>
      <trkpt lat="46.9209596" lon="9.2958195">
        <ele>1734.5</ele>
        <time>2026-06-13T10:48:25Z</time>
        <hdop>5.1</hdop>
        <extensions>
          <osmand:speed>0.7</osmand:speed>
        </extensions>
      </trkpt>
      <trkpt lat="46.9209466" lon="9.2959254">
        <ele>1734.5</ele>
        <time>2026-06-13T10:48:31Z</time>
        <hdop>4.6</hdop>
        <extensions>
          <osmand:speed>1.4</osmand:speed>
        </extensions>
      </trkpt>
      <trkpt lat="46.9209411" lon="9.2960131">
        <ele>1735.5</ele>
        <time>2026-06-13T10:48:37Z</time>
        <hdop>5.1</hdop>
        <extensions>
          <osmand:speed>1</osmand:speed>
        </extensions>
      </trkpt>
      <trkpt lat="46.9209236" lon="9.2961018">
        <ele>1735.5</ele>
        <time>2026-06-13T10:48:43Z</time>
        <hdop>4.1</hdop>
        <extensions>
          <osmand:speed>1</osmand:speed>
        </extensions>
      </trkpt>
      <trkpt lat="46.9209436" lon="9.2961898">
        <ele>1734.5</ele>
        <time>2026-06-13T10:48:49Z</time>
        <hdop>4.1</hdop>
        <extensions>
          <osmand:speed>1.2</osmand:speed>
        </extensions>
      </trkpt>
      <trkpt lat="46.9209578" lon="9.2962773">
        <ele>1733.5</ele>
        <time>2026-06-13T10:48:55Z</time>
        <hdop>4.1</hdop>
        <extensions>
          <osmand:speed>0.9</osmand:speed>
        </extensions>
      </trkpt>
      <trkpt lat="46.9209766" lon="9.2962745">
        <ele>1732.5</ele>
        <time>2026-06-13T10:49:06Z</time>
        <hdop>4.6</hdop>
        <extensions>
          <osmand:speed>1.8</osmand:speed>
        </extensions>
      </trkpt>
      <trkpt lat="46.921035" lon="9.2962883">
        <ele>1732.5</ele>
        <time>2026-06-13T10:49:12Z</time>
        <hdop>7.1</hdop>
        <extensions>
          <osmand:speed>1.1</osmand:speed>
        </extensions>
      </trkpt>
      <trkpt lat="46.9210868" lon="9.2962937">
        <ele>1732.5</ele>
        <time>2026-06-13T10:49:18Z</time>
        <hdop>7.1</hdop>
        <extensions>
          <osmand:speed>1.2</osmand:speed>
        </extensions>
      </trkpt>
      <trkpt lat="46.9211156" lon="9.2962852">
        <ele>1731.5</ele>
        <time>2026-06-13T10:49:24Z</time>
        <hdop>5.1</hdop>
      </trkpt>
      <trkpt lat="46.9211331" lon="9.2963049">
        <ele>1731.5</ele>
        <time>2026-06-13T10:49:35Z</time>
        <hdop>5.6</hdop>
        <extensions>
          <osmand:speed>1.4</osmand:speed>
        </extensions>
      </trkpt>
      <trkpt lat="46.9211902" lon="9.2963007">
        <ele>1732.5</ele>
        <time>2026-06-13T10:49:41Z</time>
        <hdop>5.1</hdop>
        <extensions>
          <osmand:speed>1.1</osmand:speed>
        </extensions>
      </trkpt>
      <trkpt lat="46.9212198" lon="9.2963363">
        <ele>1732.5</ele>
        <time>2026-06-13T10:49:47Z</time>
        <hdop>5.6</hdop>
        <extensions>
          <osmand:speed>0.5</osmand:speed>
        </extensions>
      </trkpt>
      <trkpt lat="46.9212421" lon="9.2963917">
        <ele>1731.5</ele>
        <time>2026-06-13T10:49:53Z</time>
        <hdop>7.7</hdop>
        <extensions>
          <osmand:speed>0.4</osmand:speed>
        </extensions>
      </trkpt>
      <trkpt lat="46.9212866" lon="9.2963845">
        <ele>1732.5</ele>
        <time>2026-06-13T10:49:59Z</time>
        <hdop>6.1</hdop>
        <extensions>
          <osmand:speed>1.5</osmand:speed>
        </extensions>
      </trkpt>
      <trkpt lat="46.9213447" lon="9.2964423">
        <ele>1732.5</ele>
        <time>2026-06-13T10:50:05Z</time>
        <hdop>5.6</hdop>
        <extensions>
          <osmand:speed>0.7</osmand:speed>
        </extensions>
      </trkpt>
      <trkpt lat="46.9213846" lon="9.2964946">
        <ele>1732.5</ele>
        <time>2026-06-13T10:50:11Z</time>
        <hdop>5.6</hdop>
        <extensions>
          <osmand:speed>0.9</osmand:speed>
        </extensions>
      </trkpt>
      <trkpt lat="46.9214157" lon="9.2965413">
        <ele>1732.5</ele>
        <time>2026-06-13T10:50:17Z</time>
        <hdop>5.6</hdop>
        <extensions>
          <osmand:speed>0.4</osmand:speed>
        </extensions>
      </trkpt>
      <trkpt lat="46.9214469" lon="9.2965495">
        <ele>1731.5</ele>
        <time>2026-06-13T10:50:23Z</time>
        <hdop>4.1</hdop>
      </trkpt>
      <trkpt lat="46.9214873" lon="9.2965585">
        <ele>1733.5</ele>
        <time>2026-06-13T10:50:29Z</time>
        <hdop>6.1</hdop>
        <extensions>
          <osmand:speed>0.7</osmand:speed>
        </extensions>
      </trkpt>
      <trkpt lat="46.9215279" lon="9.2965003">
        <ele>1734.5</ele>
        <time>2026-06-13T10:50:35Z</time>
        <hdop>5.6</hdop>
        <extensions>
          <osmand:speed>1.2</osmand:speed>
        </extensions>
      </trkpt>
      <trkpt lat="46.9215949" lon="9.2964392">
        <ele>1735.5</ele>
        <time>2026-06-13T10:50:41Z</time>
        <hdop>6.1</hdop>
        <extensions>
          <osmand:speed>1.4</osmand:speed>
        </extensions>
      </trkpt>
      <trkpt lat="46.9216299" lon="9.2963807">
        <ele>1737.5</ele>
        <time>2026-06-13T10:50:47Z</time>
        <hdop>6.1</hdop>
        <extensions>
          <osmand:speed>1.7</osmand:speed>
        </extensions>
      </trkpt>
      <trkpt lat="46.9216689" lon="9.2963237">
        <ele>1740.5</ele>
        <time>2026-06-13T10:50:53Z</time>
        <hdop>5.6</hdop>
        <extensions>
          <osmand:speed>0.6</osmand:speed>
        </extensions>
      </trkpt>
      <trkpt lat="46.9216922" lon="9.2962826">
        <ele>1740.5</ele>
        <time>2026-06-13T10:50:59Z</time>
        <hdop>5.6</hdop>
        <extensions>
          <osmand:speed>0.9</osmand:speed>
        </extensions>
      </trkpt>
      <trkpt lat="46.9217044" lon="9.2962304">
        <ele>1741.5</ele>
        <time>2026-06-13T10:51:05Z</time>
        <hdop>5.6</hdop>
        <extensions>
          <osmand:speed>0.9</osmand:speed>
        </extensions>
      </trkpt>
      <trkpt lat="46.9217202" lon="9.2961521">
        <ele>1740.5</ele>
        <time>2026-06-13T10:51:11Z</time>
        <hdop>5.6</hdop>
        <extensions>
          <osmand:speed>1.1</osmand:speed>
        </extensions>
      </trkpt>
      <trkpt lat="46.9217386" lon="9.2961205">
        <ele>1740.5</ele>
        <time>2026-06-13T10:51:17Z</time>
        <hdop>6.6</hdop>
        <extensions>
          <osmand:speed>0.4</osmand:speed>
        </extensions>
      </trkpt>
      <trkpt lat="46.9217718" lon="9.2960921">
        <ele>1740.5</ele>
        <time>2026-06-13T10:51:23Z</time>
        <hdop>8.7</hdop>
        <extensions>
          <osmand:speed>0.6</osmand:speed>
        </extensions>
      </trkpt>
      <trkpt lat="46.9218279" lon="9.2961299">
        <ele>1740.5</ele>
        <time>2026-06-13T10:51:29Z</time>
        <hdop>4.6</hdop>
        <extensions>
          <osmand:speed>1.7</osmand:speed>
        </extensions>
      </trkpt>
      <trkpt lat="46.9218561" lon="9.2961956">
        <ele>1740.5</ele>
        <time>2026-06-13T10:51:35Z</time>
        <hdop>4.6</hdop>
        <extensions>
          <osmand:speed>0.5</osmand:speed>
        </extensions>
      </trkpt>
      <trkpt lat="46.9218758" lon="9.2962751">
        <ele>1741.5</ele>
        <time>2026-06-13T10:51:41Z</time>
        <hdop>4.6</hdop>
        <extensions>
          <osmand:speed>1</osmand:speed>
        </extensions>
      </trkpt>
      <trkpt lat="46.921889" lon="9.2963709">
        <ele>1741.5</ele>
        <time>2026-06-13T10:51:47Z</time>
        <hdop>5.6</hdop>
        <extensions>
          <osmand:speed>1.1</osmand:speed>
        </extensions>
      </trkpt>
      <trkpt lat="46.9219085" lon="9.29645">
        <ele>1742.5</ele>
        <time>2026-06-13T10:51:53Z</time>
        <hdop>5.6</hdop>
        <extensions>
          <osmand:speed>1</osmand:speed>
        </extensions>
      </trkpt>
      <trkpt lat="46.921938" lon="9.2965335">
        <ele>1740.5</ele>
        <time>2026-06-13T10:51:59Z</time>
        <hdop>5.6</hdop>
        <extensions>
          <osmand:speed>1.4</osmand:speed>
        </extensions>
      </trkpt>
      <trkpt lat="46.9220007" lon="9.2965881">
        <ele>1740.5</ele>
        <time>2026-06-13T10:52:05Z</time>
        <hdop>5.1</hdop>
        <extensions>
          <osmand:speed>1.6</osmand:speed>
        </extensions>
      </trkpt>
      <trkpt lat="46.9220622" lon="9.2966536">
        <ele>1740.5</ele>
        <time>2026-06-13T10:52:11Z</time>
        <hdop>5.6</hdop>
        <extensions>
          <osmand:speed>1</osmand:speed>
        </extensions>
      </trkpt>
      <trkpt lat="46.9221053" lon="9.2967221">
        <ele>1740.5</ele>
        <time>2026-06-13T10:52:17Z</time>
        <hdop>5.6</hdop>
        <extensions>
          <osmand:speed>1.2</osmand:speed>
        </extensions>
      </trkpt>
      <trkpt lat="46.9221348" lon="9.2968147">
        <ele>1741.5</ele>
        <time>2026-06-13T10:52:23Z</time>
        <hdop>5.6</hdop>
        <extensions>
          <osmand:speed>1</osmand:speed>
        </extensions>
      </trkpt>
      <trkpt lat="46.9221587" lon="9.2969006">
        <ele>1742.5</ele>
        <time>2026-06-13T10:52:29Z</time>
        <hdop>6.1</hdop>
        <extensions>
          <osmand:speed>0.9</osmand:speed>
        </extensions>
      </trkpt>
      <trkpt lat="46.9222112" lon="9.2969835">
        <ele>1742.5</ele>
        <time>2026-06-13T10:52:35Z</time>
        <hdop>6.1</hdop>
        <extensions>
          <osmand:speed>1.3</osmand:speed>
        </extensions>
      </trkpt>
      <trkpt lat="46.9222809" lon="9.297056">
        <ele>1742.5</ele>
        <time>2026-06-13T10:52:41Z</time>
        <hdop>8.2</hdop>
        <extensions>
          <osmand:speed>0.8</osmand:speed>
        </extensions>
      </trkpt>
      <trkpt lat="46.922305" lon="9.2971561">
        <ele>1742.5</ele>
        <time>2026-06-13T10:52:47Z</time>
        <hdop>7.1</hdop>
        <extensions>
          <osmand:speed>1</osmand:speed>
        </extensions>
      </trkpt>
      <trkpt lat="46.9223268" lon="9.297269">
        <ele>1742.5</ele>
        <time>2026-06-13T10:52:53Z</time>
        <hdop>9.7</hdop>
        <extensions>
          <osmand:speed>1</osmand:speed>
        </extensions>
      </trkpt>
      <trkpt lat="46.9223299" lon="9.2973783">
        <ele>1742.5</ele>
        <time>2026-06-13T10:52:59Z</time>
        <hdop>8.7</hdop>
        <extensions>
          <osmand:speed>1.1</osmand:speed>
        </extensions>
      </trkpt>
      <trkpt lat="46.9223481" lon="9.2974736">
        <ele>1742.5</ele>
        <time>2026-06-13T10:53:05Z</time>
        <hdop>11.2</hdop>
        <extensions>
          <osmand:speed>0.8</osmand:speed>
        </extensions>
      </trkpt>
      <trkpt lat="46.9223663" lon="9.2975818">
        <ele>1743.5</ele>
        <time>2026-06-13T10:53:11Z</time>
        <hdop>12.8</hdop>
        <extensions>
          <osmand:speed>1</osmand:speed>
        </extensions>
      </trkpt>
      <trkpt lat="46.9223639" lon="9.2976952">
        <ele>1744.5</ele>
        <time>2026-06-13T10:53:17Z</time>
        <hdop>13.3</hdop>
        <extensions>
          <osmand:speed>1.2</osmand:speed>
        </extensions>
      </trkpt>
      <trkpt lat="46.9223639" lon="9.2977917">
        <ele>1746.5</ele>
        <time>2026-06-13T10:53:23Z</time>
        <hdop>12.2</hdop>
        <extensions>
          <osmand:speed>0.3</osmand:speed>
        </extensions>
      </trkpt>
      <trkpt lat="46.9223856" lon="9.2978978">
        <ele>1746.5</ele>
        <time>2026-06-13T10:53:30Z</time>
        <hdop>12.2</hdop>
        <extensions>
          <osmand:speed>1.5</osmand:speed>
        </extensions>
      </trkpt>
      <trkpt lat="46.9224099" lon="9.2980186">
        <ele>1746.5</ele>
        <time>2026-06-13T10:53:36Z</time>
        <hdop>9.2</hdop>
        <extensions>
          <osmand:speed>0.9</osmand:speed>
        </extensions>
      </trkpt>
      <trkpt lat="46.9224186" lon="9.298127">
        <ele>1745.5</ele>
        <time>2026-06-13T10:53:42Z</time>
        <hdop>9.7</hdop>
        <extensions>
          <osmand:speed>1</osmand:speed>
        </extensions>
      </trkpt>
      <trkpt lat="46.9224623" lon="9.2982139">
        <ele>1745.5</ele>
        <time>2026-06-13T10:53:48Z</time>
        <hdop>11.2</hdop>
        <extensions>
          <osmand:speed>1.3</osmand:speed>
        </extensions>
      </trkpt>
      <trkpt lat="46.9224966" lon="9.2983029">
        <ele>1744.5</ele>
        <time>2026-06-13T10:53:54Z</time>
        <hdop>8.7</hdop>
        <extensions>
          <osmand:speed>0.7</osmand:speed>
        </extensions>
      </trkpt>
      <trkpt lat="46.9225067" lon="9.2984139">
        <ele>1744.5</ele>
        <time>2026-06-13T10:54:00Z</time>
        <hdop>8.2</hdop>
        <extensions>
          <osmand:speed>1</osmand:speed>
        </extensions>
      </trkpt>
      <trkpt lat="46.9225364" lon="9.2985129">
        <ele>1745.5</ele>
        <time>2026-06-13T10:54:06Z</time>
        <hdop>8.7</hdop>
        <extensions>
          <osmand:speed>1.5</osmand:speed>
        </extensions>
      </trkpt>
      <trkpt lat="46.9225536" lon="9.2986168">
        <ele>1745.5</ele>
        <time>2026-06-13T10:54:12Z</time>
        <hdop>8.7</hdop>
        <extensions>
          <osmand:speed>1</osmand:speed>
        </extensions>
      </trkpt>
      <trkpt lat="46.922565" lon="9.2987031">
        <ele>1745.5</ele>
        <time>2026-06-13T10:54:18Z</time>
        <hdop>8.7</hdop>
        <extensions>
          <osmand:speed>0.4</osmand:speed>
        </extensions>
      </trkpt>
      <trkpt lat="46.922585" lon="9.2987871">
        <ele>1742.5</ele>
        <time>2026-06-13T10:54:24Z</time>
        <hdop>7.7</hdop>
        <extensions>
          <osmand:speed>0.5</osmand:speed>
        </extensions>
      </trkpt>
      <trkpt lat="46.9226347" lon="9.298891">
        <ele>1740.5</ele>
        <time>2026-06-13T10:54:30Z</time>
        <hdop>6.6</hdop>
        <extensions>
          <osmand:speed>1</osmand:speed>
        </extensions>
      </trkpt>
      <trkpt lat="46.9226704" lon="9.2990214">
        <ele>1740.5</ele>
        <time>2026-06-13T10:54:36Z</time>
        <hdop>6.1</hdop>
        <extensions>
          <osmand:speed>1.7</osmand:speed>
        </extensions>
      </trkpt>
      <trkpt lat="46.9227105" lon="9.2991118">
        <ele>1741.5</ele>
        <time>2026-06-13T10:54:42Z</time>
        <hdop>4.6</hdop>
        <extensions>
          <osmand:speed>1.1</osmand:speed>
        </extensions>
      </trkpt>
      <trkpt lat="46.9227582" lon="9.2992005">
        <ele>1739.5</ele>
        <time>2026-06-13T10:54:48Z</time>
        <hdop>4.1</hdop>
        <extensions>
          <osmand:speed>1.5</osmand:speed>
        </extensions>
      </trkpt>
      <trkpt lat="46.9228048" lon="9.2992909">
        <ele>1739.5</ele>
        <time>2026-06-13T10:54:54Z</time>
        <hdop>5.1</hdop>
        <extensions>
          <osmand:speed>1.4</osmand:speed>
        </extensions>
      </trkpt>
      <trkpt lat="46.922829" lon="9.2993698">
        <ele>1737.5</ele>
        <time>2026-06-13T10:55:00Z</time>
        <hdop>5.1</hdop>
        <extensions>
          <osmand:speed>1.2</osmand:speed>
        </extensions>
      </trkpt>
      <trkpt lat="46.9228515" lon="9.2994757">
        <ele>1736.5</ele>
        <time>2026-06-13T10:55:06Z</time>
        <hdop>5.1</hdop>
        <extensions>
          <osmand:speed>1.3</osmand:speed>
        </extensions>
      </trkpt>
      <trkpt lat="46.9228567" lon="9.2995378">
        <ele>1735.5</ele>
        <time>2026-06-13T10:55:12Z</time>
        <hdop>6.1</hdop>
        <extensions>
          <osmand:speed>0.2</osmand:speed>
        </extensions>
      </trkpt>
      <trkpt lat="46.9228599" lon="9.2995696">
        <ele>1735.5</ele>
        <time>2026-06-13T10:55:23Z</time>
        <hdop>4.1</hdop>
        <extensions>
          <osmand:speed>1.4</osmand:speed>
        </extensions>
      </trkpt>
      <trkpt lat="46.9228845" lon="9.2996353">
        <ele>1735.5</ele>
        <time>2026-06-13T10:55:29Z</time>
        <hdop>5.1</hdop>
        <extensions>
          <osmand:speed>0.8</osmand:speed>
        </extensions>
      </trkpt>
      <trkpt lat="46.9229207" lon="9.2996818">
        <ele>1736.5</ele>
        <time>2026-06-13T10:55:35Z</time>
        <hdop>6.1</hdop>
        <extensions>
          <osmand:speed>0.9</osmand:speed>
        </extensions>
      </trkpt>
      <trkpt lat="46.9229918" lon="9.2997356">
        <ele>1735.5</ele>
        <time>2026-06-13T10:55:41Z</time>
        <hdop>7.7</hdop>
        <extensions>
          <osmand:speed>1</osmand:speed>
        </extensions>
      </trkpt>
      <trkpt lat="46.9230485" lon="9.2997792">
        <ele>1735.5</ele>
        <time>2026-06-13T10:55:47Z</time>
        <hdop>8.7</hdop>
        <extensions>
          <osmand:speed>0.9</osmand:speed>
        </extensions>
      </trkpt>
      <trkpt lat="46.9231136" lon="9.2998047">
        <ele>1736.5</ele>
        <time>2026-06-13T10:55:53Z</time>
        <hdop>7.1</hdop>
        <extensions>
          <osmand:speed>1</osmand:speed>
        </extensions>
      </trkpt>
      <trkpt lat="46.9231604" lon="9.2998856">
        <ele>1737.5</ele>
        <time>2026-06-13T10:55:59Z</time>
        <hdop>7.1</hdop>
        <extensions>
          <osmand:speed>1.2</osmand:speed>
        </extensions>
      </trkpt>
      <trkpt lat="46.9231972" lon="9.2999578">
        <ele>1737.5</ele>
        <time>2026-06-13T10:56:05Z</time>
        <hdop>8.2</hdop>
        <extensions>
          <osmand:speed>1.2</osmand:speed>
        </extensions>
      </trkpt>
      <trkpt lat="46.9232266" lon="9.3000922">
        <ele>1737.5</ele>
        <time>2026-06-13T10:56:11Z</time>
        <hdop>7.1</hdop>
        <extensions>
          <osmand:speed>0.9</osmand:speed>
        </extensions>
      </trkpt>
      <trkpt lat="46.9232322" lon="9.3001766">
        <ele>1736.5</ele>
        <time>2026-06-13T10:56:17Z</time>
        <hdop>5.6</hdop>
      </trkpt>
      <trkpt lat="46.9232148" lon="9.3001615">
        <ele>1736.5</ele>
        <time>2026-06-13T10:56:30Z</time>
        <hdop>7.1</hdop>
        <extensions>
          <osmand:speed>0</osmand:speed>
        </extensions>
      </trkpt>
      <trkpt lat="46.9232074" lon="9.3001904">
        <ele>1737.5</ele>
        <time>2026-06-13T10:57:06Z</time>
        <hdop>7.7</hdop>
        <extensions>
          <osmand:speed>0.2</osmand:speed>
        </extensions>
      </trkpt>
      <trkpt lat="46.9232143" lon="9.3002153">
        <ele>1735.5</ele>
        <time>2026-06-13T10:57:35Z</time>
        <hdop>10.7</hdop>
        <extensions>
          <osmand:speed>0</osmand:speed>
        </extensions>
      </trkpt>
      <trkpt lat="46.9231948" lon="9.3002234">
        <ele>1736.5</ele>
        <time>2026-06-13T10:58:05Z</time>
        <hdop>7.7</hdop>
        <extensions>
          <osmand:speed>0.1</osmand:speed>
        </extensions>
      </trkpt>
      <trkpt lat="46.9231063" lon="9.3001918">
        <ele>1741.5</ele>
        <time>2026-06-13T10:58:11Z</time>
        <hdop>9.7</hdop>
        <extensions>
          <osmand:speed>2.2</osmand:speed>
        </extensions>
      </trkpt>
      <trkpt lat="46.9231546" lon="9.3001991">
        <ele>1743.5</ele>
        <time>2026-06-13T10:58:17Z</time>
        <hdop>5.1</hdop>
      </trkpt>
      <trkpt lat="46.9231641" lon="9.3002252">
        <ele>1741.5</ele>
        <time>2026-06-13T10:58:24Z</time>
        <hdop>9.2</hdop>
        <extensions>
          <osmand:speed>0.3</osmand:speed>
        </extensions>
      </trkpt>
      <trkpt lat="46.9231802" lon="9.3002581">
        <ele>1738.5</ele>
        <time>2026-06-13T10:58:30Z</time>
        <hdop>11.2</hdop>
        <extensions>
          <osmand:speed>1.1</osmand:speed>
        </extensions>
      </trkpt>
      <trkpt lat="46.9231879" lon="9.3002342">
        <ele>1741.5</ele>
        <time>2026-06-13T10:58:42Z</time>
        <hdop>5.6</hdop>
        <extensions>
          <osmand:speed>0.4</osmand:speed>
        </extensions>
      </trkpt>
      <trkpt lat="46.9232084" lon="9.3002381">
        <ele>1740.5</ele>
        <time>2026-06-13T10:58:48Z</time>
        <hdop>6.6</hdop>
        <extensions>
          <osmand:speed>0.6</osmand:speed>
        </extensions>
      </trkpt>
      <trkpt lat="46.9232184" lon="9.300212">
        <ele>1739.5</ele>
        <time>2026-06-13T10:58:55Z</time>
        <hdop>7.7</hdop>
        <extensions>
          <osmand:speed>0.6</osmand:speed>
        </extensions>
      </trkpt>
      <trkpt lat="46.9232214" lon="9.300239">
        <ele>1738.5</ele>
        <time>2026-06-13T10:59:08Z</time>
        <hdop>12.8</hdop>
        <extensions>
          <osmand:speed>0.1</osmand:speed>
        </extensions>
      </trkpt>
      <trkpt lat="46.9232278" lon="9.3002648">
        <ele>1736.5</ele>
        <time>2026-06-13T10:59:28Z</time>
        <hdop>9.2</hdop>
        <extensions>
          <osmand:speed>0</osmand:speed>
        </extensions>
      </trkpt>
      <trkpt lat="46.9232489" lon="9.3002767">
        <ele>1737.5</ele>
        <time>2026-06-13T10:59:35Z</time>
        <hdop>12.2</hdop>
        <extensions>
          <osmand:speed>0.1</osmand:speed>
        </extensions>
      </trkpt>
      <trkpt lat="46.9232757" lon="9.3002406">
        <ele>1739.5</ele>
        <time>2026-06-13T10:59:41Z</time>
        <hdop>8.2</hdop>
        <extensions>
          <osmand:speed>0.1</osmand:speed>
        </extensions>
      </trkpt>
      <trkpt lat="46.9232522" lon="9.3002513">
        <ele>1738.5</ele>
        <time>2026-06-13T10:59:49Z</time>
        <hdop>10.2</hdop>
        <extensions>
          <osmand:speed>0.1</osmand:speed>
        </extensions>
      </trkpt>
      <trkpt lat="46.9232493" lon="9.3002932">
        <ele>1738.5</ele>
        <time>2026-06-13T11:00:00Z</time>
        <hdop>6.1</hdop>
        <extensions>
          <osmand:speed>1.4</osmand:speed>
        </extensions>
      </trkpt>
      <trkpt lat="46.9232646" lon="9.3003812">
        <ele>1738.5</ele>
        <time>2026-06-13T11:00:06Z</time>
        <hdop>10.2</hdop>
        <extensions>
          <osmand:speed>1</osmand:speed>
        </extensions>
      </trkpt>
      <trkpt lat="46.9232519" lon="9.3004332">
        <ele>1748.5</ele>
        <time>2026-06-13T11:00:18Z</time>
        <hdop>11.7</hdop>
      </trkpt>
      <trkpt lat="46.9232317" lon="9.3015109">
        <ele>1747.5</ele>
        <time>2026-06-13T11:01:40Z</time>
        <hdop>13.8</hdop>
        <extensions>
          <osmand:speed>0.1</osmand:speed>
        </extensions>
      </trkpt>
      <trkpt lat="46.92324" lon="9.3015606">
        <ele>1747.5</ele>
        <time>2026-06-13T11:01:46Z</time>
        <hdop>14.3</hdop>
        <extensions>
          <osmand:speed>0.6</osmand:speed>
        </extensions>
      </trkpt>
      <trkpt lat="46.9232674" lon="9.3016013">
        <ele>1748.5</ele>
        <time>2026-06-13T11:01:52Z</time>
        <hdop>14.3</hdop>
        <extensions>
          <osmand:speed>1.1</osmand:speed>
        </extensions>
      </trkpt>
      <trkpt lat="46.9233283" lon="9.3016504">
        <ele>1744.5</ele>
        <time>2026-06-13T11:01:59Z</time>
        <hdop>13.8</hdop>
        <extensions>
          <osmand:speed>0</osmand:speed>
        </extensions>
      </trkpt>
      <trkpt lat="46.9233579" lon="9.3016797">
        <ele>1743.5</ele>
        <time>2026-06-13T11:02:06Z</time>
        <hdop>13.8</hdop>
        <extensions>
          <osmand:speed>0</osmand:speed>
        </extensions>
      </trkpt>
      <trkpt lat="46.9233886" lon="9.3017102">
        <ele>1741.5</ele>
        <time>2026-06-13T11:02:12Z</time>
        <hdop>12.2</hdop>
        <extensions>
          <osmand:speed>1.3</osmand:speed>
        </extensions>
      </trkpt>
      <trkpt lat="46.9234133" lon="9.3018279">
        <ele>1741.5</ele>
        <time>2026-06-13T11:02:21Z</time>
        <hdop>12.2</hdop>
        <extensions>
          <osmand:speed>1</osmand:speed>
        </extensions>
      </trkpt>
      <trkpt lat="46.9233223" lon="9.3019766">
        <ele>1742.5</ele>
        <time>2026-06-13T11:02:32Z</time>
        <hdop>14.8</hdop>
        <extensions>
          <osmand:speed>1.2</osmand:speed>
        </extensions>
      </trkpt>
      <trkpt lat="46.9232773" lon="9.3020549">
        <ele>1741.5</ele>
        <time>2026-06-13T11:02:38Z</time>
        <hdop>14.3</hdop>
        <extensions>
          <osmand:speed>0.8</osmand:speed>
        </extensions>
      </trkpt>
      <trkpt lat="46.9232611" lon="9.3021448">
        <ele>1740.5</ele>
        <time>2026-06-13T11:02:44Z</time>
        <hdop>14.3</hdop>
        <extensions>
          <osmand:speed>1.2</osmand:speed>
        </extensions>
      </trkpt>
      <trkpt lat="46.923305" lon="9.302236">
        <ele>1738.5</ele>
        <time>2026-06-13T11:02:50Z</time>
        <hdop>12.8</hdop>
        <extensions>
          <osmand:speed>1.6</osmand:speed>
        </extensions>
      </trkpt>
      <trkpt lat="46.92334" lon="9.3023524">
        <ele>1736.5</ele>
        <time>2026-06-13T11:02:56Z</time>
        <hdop>8.7</hdop>
        <extensions>
          <osmand:speed>0.8</osmand:speed>
        </extensions>
      </trkpt>
      <trkpt lat="46.9233316" lon="9.3024193">
        <ele>1737.5</ele>
        <time>2026-06-13T11:03:02Z</time>
        <hdop>11.2</hdop>
        <extensions>
          <osmand:speed>1.7</osmand:speed>
        </extensions>
      </trkpt>
      <trkpt lat="46.9233184" lon="9.3025396">
        <ele>1738.5</ele>
        <time>2026-06-13T11:03:08Z</time>
        <hdop>13.3</hdop>
        <extensions>
          <osmand:speed>1.6</osmand:speed>
        </extensions>
      </trkpt>
      <trkpt lat="46.9233545" lon="9.3026499">
        <ele>1736.5</ele>
        <time>2026-06-13T11:03:14Z</time>
        <hdop>10.7</hdop>
        <extensions>
          <osmand:speed>1.2</osmand:speed>
        </extensions>
      </trkpt>
      <trkpt lat="46.9233562" lon="9.3027886">
        <ele>1737.5</ele>
        <time>2026-06-13T11:03:21Z</time>
        <hdop>13.8</hdop>
        <extensions>
          <osmand:speed>1.5</osmand:speed>
        </extensions>
      </trkpt>
      <trkpt lat="46.9233749" lon="9.3035985">
        <ele>1736.5</ele>
        <time>2026-06-13T11:04:10Z</time>
        <hdop>10.2</hdop>
      </trkpt>
      <trkpt lat="46.923353" lon="9.3035926">
        <ele>1734.5</ele>
        <time>2026-06-13T11:04:17Z</time>
        <hdop>11.7</hdop>
        <extensions>
          <osmand:speed>0.2</osmand:speed>
        </extensions>
      </trkpt>
      <trkpt lat="46.9233407" lon="9.3036182">
        <ele>1732.5</ele>
        <time>2026-06-13T11:04:33Z</time>
        <hdop>12.2</hdop>
        <extensions>
          <osmand:speed>0.1</osmand:speed>
        </extensions>
      </trkpt>
      <trkpt lat="46.9233751" lon="9.3038196">
        <ele>1733.5</ele>
        <time>2026-06-13T11:04:50Z</time>
        <hdop>12.2</hdop>
        <extensions>
          <osmand:speed>1</osmand:speed>
        </extensions>
      </trkpt>
      <trkpt lat="46.9233804" lon="9.3039623">
        <ele>1731.5</ele>
        <time>2026-06-13T11:04:58Z</time>
        <hdop>12.8</hdop>
        <extensions>
          <osmand:speed>1.1</osmand:speed>
        </extensions>
      </trkpt>
      <trkpt lat="46.9233897" lon="9.3042806">
        <ele>1730.5</ele>
        <time>2026-06-13T11:05:16Z</time>
        <hdop>14.8</hdop>
        <extensions>
          <osmand:speed>0.4</osmand:speed>
        </extensions>
      </trkpt>
      <trkpt lat="46.9233807" lon="9.3043517">
        <ele>1729.5</ele>
        <time>2026-06-13T11:05:22Z</time>
        <hdop>14.8</hdop>
        <extensions>
          <osmand:speed>0.5</osmand:speed>
        </extensions>
      </trkpt>
      <trkpt lat="46.9233864" lon="9.304377">
        <ele>1728.5</ele>
        <time>2026-06-13T11:05:28Z</time>
        <hdop>12.8</hdop>
        <extensions>
          <osmand:speed>0.7</osmand:speed>
        </extensions>
      </trkpt>
      <trkpt lat="46.9233631" lon="9.3045236">
        <ele>1728.5</ele>
        <time>2026-06-13T11:05:34Z</time>
        <hdop>5.6</hdop>
        <extensions>
          <osmand:speed>0.5</osmand:speed>
        </extensions>
      </trkpt>
      <trkpt lat="46.9233724" lon="9.3045572">
        <ele>1731.5</ele>
        <time>2026-06-13T11:05:40Z</time>
        <hdop>5.6</hdop>
        <extensions>
          <osmand:speed>0.1</osmand:speed>
        </extensions>
      </trkpt>
      <trkpt lat="46.9233833" lon="9.3045325">
        <ele>1730.5</ele>
        <time>2026-06-13T11:05:46Z</time>
        <hdop>5.6</hdop>
      </trkpt>
      <trkpt lat="46.9233987" lon="9.3045143">
        <ele>1730.5</ele>
        <time>2026-06-13T11:05:56Z</time>
        <hdop>5.1</hdop>
        <extensions>
          <osmand:speed>0</osmand:speed>
        </extensions>
      </trkpt>
      <trkpt lat="46.923389" lon="9.3045384">
        <ele>1729.5</ele>
        <time>2026-06-13T11:06:06Z</time>
        <hdop>4.1</hdop>
        <extensions>
          <osmand:speed>0.8</osmand:speed>
        </extensions>
      </trkpt>
      <trkpt lat="46.9233859" lon="9.3045662">
        <ele>1728.5</ele>
        <time>2026-06-13T11:06:12Z</time>
        <hdop>7.7</hdop>
        <extensions>
          <osmand:speed>0.6</osmand:speed>
        </extensions>
      </trkpt>
      <trkpt lat="46.9233935" lon="9.3046367">
        <ele>1728.5</ele>
        <time>2026-06-13T11:06:18Z</time>
        <hdop>10.7</hdop>
        <extensions>
          <osmand:speed>1.2</osmand:speed>
        </extensions>
      </trkpt>
      <trkpt lat="46.9233617" lon="9.3047574">
        <ele>1728.5</ele>
        <time>2026-06-13T11:06:24Z</time>
        <hdop>10.2</hdop>
        <extensions>
          <osmand:speed>1</osmand:speed>
        </extensions>
      </trkpt>
      <trkpt lat="46.923379" lon="9.3048548">
        <ele>1728.5</ele>
        <time>2026-06-13T11:06:30Z</time>
        <hdop>9.7</hdop>
        <extensions>
          <osmand:speed>0.9</osmand:speed>
        </extensions>
      </trkpt>
      <trkpt lat="46.9233808" lon="9.3049724">
        <ele>1727.5</ele>
        <time>2026-06-13T11:06:36Z</time>
        <hdop>10.2</hdop>
        <extensions>
          <osmand:speed>1.7</osmand:speed>
        </extensions>
      </trkpt>
      <trkpt lat="46.9233989" lon="9.3050549">
        <ele>1726.5</ele>
        <time>2026-06-13T11:06:42Z</time>
        <hdop>11.2</hdop>
        <extensions>
          <osmand:speed>1.3</osmand:speed>
        </extensions>
      </trkpt>
      <trkpt lat="46.9234044" lon="9.3051666">
        <ele>1725.5</ele>
        <time>2026-06-13T11:06:48Z</time>
        <hdop>10.7</hdop>
        <extensions>
          <osmand:speed>0.7</osmand:speed>
        </extensions>
      </trkpt>
      <trkpt lat="46.9234307" lon="9.3052283">
        <ele>1725.5</ele>
        <time>2026-06-13T11:06:54Z</time>
        <hdop>10.2</hdop>
        <extensions>
          <osmand:speed>1.2</osmand:speed>
        </extensions>
      </trkpt>
      <trkpt lat="46.9234687" lon="9.3053202">
        <ele>1725.5</ele>
        <time>2026-06-13T11:07:00Z</time>
        <hdop>11.7</hdop>
        <extensions>
          <osmand:speed>1.1</osmand:speed>
        </extensions>
      </trkpt>
      <trkpt lat="46.9235102" lon="9.3053954">
        <ele>1722.5</ele>
        <time>2026-06-13T11:07:06Z</time>
        <hdop>8.2</hdop>
        <extensions>
          <osmand:speed>1.2</osmand:speed>
        </extensions>
      </trkpt>
      <trkpt lat="46.9235831" lon="9.3054752">
        <ele>1721.5</ele>
        <time>2026-06-13T11:07:12Z</time>
        <hdop>11.2</hdop>
        <extensions>
          <osmand:speed>1.6</osmand:speed>
        </extensions>
      </trkpt>
      <trkpt lat="46.9236208" lon="9.3055704">
        <ele>1718.5</ele>
        <time>2026-06-13T11:07:18Z</time>
        <hdop>10.2</hdop>
        <extensions>
          <osmand:speed>1.1</osmand:speed>
        </extensions>
      </trkpt>
      <trkpt lat="46.9236356" lon="9.3056728">
        <ele>1717.5</ele>
        <time>2026-06-13T11:07:24Z</time>
        <hdop>9.2</hdop>
        <extensions>
          <osmand:speed>1</osmand:speed>
        </extensions>
      </trkpt>
      <trkpt lat="46.9236519" lon="9.3057763">
        <ele>1716.5</ele>
        <time>2026-06-13T11:07:30Z</time>
        <hdop>11.2</hdop>
        <extensions>
          <osmand:speed>1.1</osmand:speed>
        </extensions>
      </trkpt>
      <trkpt lat="46.92369" lon="9.3058622">
        <ele>1716.5</ele>
        <time>2026-06-13T11:07:36Z</time>
        <hdop>9.7</hdop>
        <extensions>
          <osmand:speed>0.9</osmand:speed>
        </extensions>
      </trkpt>
      <trkpt lat="46.9237287" lon="9.305965">
        <ele>1716.5</ele>
        <time>2026-06-13T11:07:42Z</time>
        <hdop>10.7</hdop>
        <extensions>
          <osmand:speed>1.2</osmand:speed>
        </extensions>
      </trkpt>
      <trkpt lat="46.9237505" lon="9.3060663">
        <ele>1716.5</ele>
        <time>2026-06-13T11:07:48Z</time>
        <hdop>9.2</hdop>
        <extensions>
          <osmand:speed>1.2</osmand:speed>
        </extensions>
      </trkpt>
      <trkpt lat="46.9237589" lon="9.3061672">
        <ele>1715.5</ele>
        <time>2026-06-13T11:07:54Z</time>
        <hdop>12.2</hdop>
        <extensions>
          <osmand:speed>1</osmand:speed>
        </extensions>
      </trkpt>
      <trkpt lat="46.9237774" lon="9.3062407">
        <ele>1715.5</ele>
        <time>2026-06-13T11:08:00Z</time>
        <hdop>11.7</hdop>
        <extensions>
          <osmand:speed>0.5</osmand:speed>
        </extensions>
      </trkpt>
      <trkpt lat="46.9237832" lon="9.306333">
        <ele>1714.5</ele>
        <time>2026-06-13T11:08:06Z</time>
        <hdop>12.2</hdop>
        <extensions>
          <osmand:speed>0.5</osmand:speed>
        </extensions>
      </trkpt>
      <trkpt lat="46.9238048" lon="9.3064463">
        <ele>1714.5</ele>
        <time>2026-06-13T11:08:12Z</time>
        <hdop>12.8</hdop>
        <extensions>
          <osmand:speed>0.7</osmand:speed>
        </extensions>
      </trkpt>
      <trkpt lat="46.9238539" lon="9.3065615">
        <ele>1711.5</ele>
        <time>2026-06-13T11:08:18Z</time>
        <hdop>10.7</hdop>
        <extensions>
          <osmand:speed>1.5</osmand:speed>
        </extensions>
      </trkpt>
      <trkpt lat="46.9239356" lon="9.3067881">
        <ele>1702.5</ele>
        <time>2026-06-13T11:08:34Z</time>
        <hdop>12.8</hdop>
        <extensions>
          <osmand:speed>1</osmand:speed>
        </extensions>
      </trkpt>
      <trkpt lat="46.9239355" lon="9.3068239">
        <ele>1692.5</ele>
        <time>2026-06-13T11:08:40Z</time>
        <hdop>10.7</hdop>
      </trkpt>
      <trkpt lat="46.9239138" lon="9.3069295">
        <ele>1709.5</ele>
        <time>2026-06-13T11:08:53Z</time>
        <hdop>14.3</hdop>
        <extensions>
          <osmand:speed>0</osmand:speed>
        </extensions>
      </trkpt>
      <trkpt lat="46.9238816" lon="9.3069165">
        <ele>1709.5</ele>
        <time>2026-06-13T11:08:59Z</time>
        <hdop>14.8</hdop>
        <extensions>
          <osmand:speed>0.1</osmand:speed>
        </extensions>
      </trkpt>
      <trkpt lat="46.9238672" lon="9.3068951">
        <ele>1706.5</ele>
        <time>2026-06-13T11:09:05Z</time>
        <hdop>13.3</hdop>
        <extensions>
          <osmand:speed>0</osmand:speed>
        </extensions>
      </trkpt>
      <trkpt lat="46.9238594" lon="9.3069199">
        <ele>1707.5</ele>
        <time>2026-06-13T11:09:14Z</time>
        <hdop>12.2</hdop>
        <extensions>
          <osmand:speed>0.1</osmand:speed>
        </extensions>
      </trkpt>
      <trkpt lat="46.9238754" lon="9.3069349">
        <ele>1707.5</ele>
        <time>2026-06-13T11:09:53Z</time>
        <hdop>9.2</hdop>
        <extensions>
          <osmand:speed>0.7</osmand:speed>
        </extensions>
      </trkpt>
      <trkpt lat="46.9239104" lon="9.3069991">
        <ele>1707.5</ele>
        <time>2026-06-13T11:09:59Z</time>
        <hdop>9.7</hdop>
        <extensions>
          <osmand:speed>1.1</osmand:speed>
        </extensions>
      </trkpt>
      <trkpt lat="46.9239431" lon="9.3070763">
        <ele>1707.5</ele>
        <time>2026-06-13T11:10:05Z</time>
        <hdop>9.2</hdop>
        <extensions>
          <osmand:speed>0.7</osmand:speed>
        </extensions>
      </trkpt>
      <trkpt lat="46.9240023" lon="9.3071639">
        <ele>1707.5</ele>
        <time>2026-06-13T11:10:11Z</time>
        <hdop>13.8</hdop>
        <extensions>
          <osmand:speed>1.2</osmand:speed>
        </extensions>
      </trkpt>
      <trkpt lat="46.924053" lon="9.3072199">
        <ele>1707.5</ele>
        <time>2026-06-13T11:10:17Z</time>
        <hdop>10.7</hdop>
        <extensions>
          <osmand:speed>0.6</osmand:speed>
        </extensions>
      </trkpt>
      <trkpt lat="46.9241079" lon="9.3073154">
        <ele>1705.5</ele>
        <time>2026-06-13T11:10:23Z</time>
        <hdop>10.7</hdop>
        <extensions>
          <osmand:speed>1.3</osmand:speed>
        </extensions>
      </trkpt>
      <trkpt lat="46.924152" lon="9.3074157">
        <ele>1703.5</ele>
        <time>2026-06-13T11:10:29Z</time>
        <hdop>8.7</hdop>
        <extensions>
          <osmand:speed>1</osmand:speed>
        </extensions>
      </trkpt>
      <trkpt lat="46.9241894" lon="9.3074958">
        <ele>1703.5</ele>
        <time>2026-06-13T11:10:35Z</time>
        <hdop>10.2</hdop>
        <extensions>
          <osmand:speed>1.2</osmand:speed>
        </extensions>
      </trkpt>
      <trkpt lat="46.9242122" lon="9.3075474">
        <ele>1703.5</ele>
        <time>2026-06-13T11:10:41Z</time>
        <hdop>13.3</hdop>
        <extensions>
          <osmand:speed>0.7</osmand:speed>
        </extensions>
      </trkpt>
      <trkpt lat="46.9242453" lon="9.3076132">
        <ele>1702.5</ele>
        <time>2026-06-13T11:10:47Z</time>
        <hdop>13.3</hdop>
        <extensions>
          <osmand:speed>0.6</osmand:speed>
        </extensions>
      </trkpt>
      <trkpt lat="46.9242778" lon="9.3077282">
        <ele>1702.5</ele>
        <time>2026-06-13T11:10:53Z</time>
        <hdop>11.2</hdop>
        <extensions>
          <osmand:speed>0.8</osmand:speed>
        </extensions>
      </trkpt>
      <trkpt lat="46.9243085" lon="9.3078197">
        <ele>1701.5</ele>
        <time>2026-06-13T11:10:59Z</time>
        <hdop>12.8</hdop>
        <extensions>
          <osmand:speed>0.8</osmand:speed>
        </extensions>
      </trkpt>
      <trkpt lat="46.9243316" lon="9.3079048">
        <ele>1701.5</ele>
        <time>2026-06-13T11:11:06Z</time>
        <hdop>14.3</hdop>
        <extensions>
          <osmand:speed>0.9</osmand:speed>
        </extensions>
      </trkpt>
      <trkpt lat="46.9243522" lon="9.3080238">
        <ele>1701.5</ele>
        <time>2026-06-13T11:11:12Z</time>
        <hdop>14.8</hdop>
        <extensions>
          <osmand:speed>1.5</osmand:speed>
        </extensions>
      </trkpt>
      <trkpt lat="46.9243674" lon="9.3082706">
        <ele>1700.5</ele>
        <time>2026-06-13T11:11:24Z</time>
        <hdop>14.3</hdop>
        <extensions>
          <osmand:speed>1.2</osmand:speed>
        </extensions>
      </trkpt>
      <trkpt lat="46.9243594" lon="9.3084148">
        <ele>1699.5</ele>
        <time>2026-06-13T11:11:30Z</time>
        <hdop>14.8</hdop>
        <extensions>
          <osmand:speed>1.1</osmand:speed>
        </extensions>
      </trkpt>
      <trkpt lat="46.9243404" lon="9.3085201">
        <ele>1698.5</ele>
        <time>2026-06-13T11:11:37Z</time>
        <hdop>14.8</hdop>
        <extensions>
          <osmand:speed>0.9</osmand:speed>
        </extensions>
      </trkpt>
      <trkpt lat="46.9242849" lon="9.3086558">
        <ele>1699.5</ele>
        <time>2026-06-13T11:11:44Z</time>
        <hdop>13.3</hdop>
        <extensions>
          <osmand:speed>1.5</osmand:speed>
        </extensions>
      </trkpt>
      <trkpt lat="46.9242703" lon="9.3087656">
        <ele>1697.5</ele>
        <time>2026-06-13T11:11:50Z</time>
        <hdop>14.3</hdop>
        <extensions>
          <osmand:speed>1.6</osmand:speed>
        </extensions>
      </trkpt>
      <trkpt lat="46.9242659" lon="9.3088616">
        <ele>1696.5</ele>
        <time>2026-06-13T11:11:56Z</time>
        <hdop>13.3</hdop>
        <extensions>
          <osmand:speed>0.8</osmand:speed>
        </extensions>
      </trkpt>
      <trkpt lat="46.9242651" lon="9.3089687">
        <ele>1695.5</ele>
        <time>2026-06-13T11:12:02Z</time>
        <hdop>13.3</hdop>
        <extensions>
          <osmand:speed>1</osmand:speed>
        </extensions>
      </trkpt>
      <trkpt lat="46.924252" lon="9.3090612">
        <ele>1695.5</ele>
        <time>2026-06-13T11:12:08Z</time>
        <hdop>14.3</hdop>
        <extensions>
          <osmand:speed>1.5</osmand:speed>
        </extensions>
      </trkpt>
      <trkpt lat="46.9242559" lon="9.309204">
        <ele>1695.5</ele>
        <time>2026-06-13T11:12:14Z</time>
        <hdop>13.3</hdop>
        <extensions>
          <osmand:speed>1.7</osmand:speed>
        </extensions>
      </trkpt>
      <trkpt lat="46.9242788" lon="9.3092823">
        <ele>1693.5</ele>
        <time>2026-06-13T11:12:20Z</time>
        <hdop>12.8</hdop>
        <extensions>
          <osmand:speed>1.1</osmand:speed>
        </extensions>
      </trkpt>
      <trkpt lat="46.9242604" lon="9.3094026">
        <ele>1693.5</ele>
        <time>2026-06-13T11:12:26Z</time>
        <hdop>13.3</hdop>
        <extensions>
          <osmand:speed>0.9</osmand:speed>
        </extensions>
      </trkpt>
      <trkpt lat="46.9242689" lon="9.3098193">
        <ele>1693.5</ele>
        <time>2026-06-13T11:12:47Z</time>
        <hdop>13.3</hdop>
        <extensions>
          <osmand:speed>1.5</osmand:speed>
        </extensions>
      </trkpt>
      <trkpt lat="46.9242462" lon="9.309886">
        <ele>1692.5</ele>
        <time>2026-06-13T11:12:53Z</time>
        <hdop>11.2</hdop>
        <extensions>
          <osmand:speed>1.3</osmand:speed>
        </extensions>
      </trkpt>
      <trkpt lat="46.9242432" lon="9.3099917">
        <ele>1693.5</ele>
        <time>2026-06-13T11:12:59Z</time>
        <hdop>12.2</hdop>
        <extensions>
          <osmand:speed>1</osmand:speed>
        </extensions>
      </trkpt>
      <trkpt lat="46.9242544" lon="9.3100915">
        <ele>1690.5</ele>
        <time>2026-06-13T11:13:05Z</time>
        <hdop>11.7</hdop>
        <extensions>
          <osmand:speed>1.8</osmand:speed>
        </extensions>
      </trkpt>
      <trkpt lat="46.9242625" lon="9.3102118">
        <ele>1689.5</ele>
        <time>2026-06-13T11:13:12Z</time>
        <hdop>14.8</hdop>
        <extensions>
          <osmand:speed>0.8</osmand:speed>
        </extensions>
      </trkpt>
      <trkpt lat="46.9242861" lon="9.310281">
        <ele>1688.5</ele>
        <time>2026-06-13T11:13:18Z</time>
        <hdop>14.3</hdop>
        <extensions>
          <osmand:speed>1.1</osmand:speed>
        </extensions>
      </trkpt>
      <trkpt lat="46.9242638" lon="9.3104133">
        <ele>1686.5</ele>
        <time>2026-06-13T11:13:27Z</time>
        <hdop>14.8</hdop>
        <extensions>
          <osmand:speed>1.7</osmand:speed>
        </extensions>
      </trkpt>
      <trkpt lat="46.9241596" lon="9.3105006">
        <ele>1686.5</ele>
        <time>2026-06-13T11:13:34Z</time>
        <hdop>14.8</hdop>
        <extensions>
          <osmand:speed>1.1</osmand:speed>
        </extensions>
      </trkpt>
      <trkpt lat="46.9241202" lon="9.3105526">
        <ele>1686.5</ele>
        <time>2026-06-13T11:13:40Z</time>
        <hdop>12.2</hdop>
        <extensions>
          <osmand:speed>0.9</osmand:speed>
        </extensions>
      </trkpt>
      <trkpt lat="46.9240197" lon="9.3107367">
        <ele>1684.5</ele>
        <time>2026-06-13T11:13:52Z</time>
        <hdop>13.8</hdop>
        <extensions>
          <osmand:speed>1</osmand:speed>
        </extensions>
      </trkpt>
      <trkpt lat="46.923972" lon="9.3108116">
        <ele>1684.5</ele>
        <time>2026-06-13T11:13:58Z</time>
        <hdop>13.3</hdop>
        <extensions>
          <osmand:speed>0.2</osmand:speed>
        </extensions>
      </trkpt>
      <trkpt lat="46.923936" lon="9.310856">
        <ele>1683.5</ele>
        <time>2026-06-13T11:14:04Z</time>
        <hdop>12.8</hdop>
        <extensions>
          <osmand:speed>1.1</osmand:speed>
        </extensions>
      </trkpt>
      <trkpt lat="46.9239031" lon="9.310918">
        <ele>1683.5</ele>
        <time>2026-06-13T11:14:10Z</time>
        <hdop>12.8</hdop>
        <extensions>
          <osmand:speed>0.9</osmand:speed>
        </extensions>
      </trkpt>
      <trkpt lat="46.9238757" lon="9.31102">
        <ele>1680.5</ele>
        <time>2026-06-13T11:14:18Z</time>
        <hdop>14.3</hdop>
        <extensions>
          <osmand:speed>0.9</osmand:speed>
        </extensions>
      </trkpt>
      <trkpt lat="46.923977" lon="9.3116966">
        <ele>1674.5</ele>
        <time>2026-06-13T11:15:01Z</time>
        <hdop>14.3</hdop>
        <extensions>
          <osmand:speed>0.9</osmand:speed>
        </extensions>
      </trkpt>
      <trkpt lat="46.924018" lon="9.3118106">
        <ele>1673.5</ele>
        <time>2026-06-13T11:15:08Z</time>
        <hdop>14.8</hdop>
        <extensions>
          <osmand:speed>0.8</osmand:speed>
        </extensions>
      </trkpt>
      <trkpt lat="46.9240348" lon="9.3119521">
        <ele>1673.5</ele>
        <time>2026-06-13T11:15:15Z</time>
        <hdop>13.8</hdop>
        <extensions>
          <osmand:speed>1.5</osmand:speed>
        </extensions>
      </trkpt>
      <trkpt lat="46.9240406" lon="9.3120665">
        <ele>1672.5</ele>
        <time>2026-06-13T11:15:21Z</time>
        <hdop>11.7</hdop>
        <extensions>
          <osmand:speed>1</osmand:speed>
        </extensions>
      </trkpt>
      <trkpt lat="46.9240148" lon="9.3121151">
        <ele>1670.5</ele>
        <time>2026-06-13T11:15:27Z</time>
        <hdop>12.8</hdop>
        <extensions>
          <osmand:speed>0.2</osmand:speed>
        </extensions>
      </trkpt>
      <trkpt lat="46.9240352" lon="9.3121119">
        <ele>1669.5</ele>
        <time>2026-06-13T11:15:33Z</time>
        <hdop>14.8</hdop>
        <extensions>
          <osmand:speed>0.1</osmand:speed>
        </extensions>
      </trkpt>
      <trkpt lat="46.9239939" lon="9.3120994">
        <ele>1667.5</ele>
        <time>2026-06-13T11:15:39Z</time>
        <hdop>12.2</hdop>
        <extensions>
          <osmand:speed>0.1</osmand:speed>
        </extensions>
      </trkpt>
      <trkpt lat="46.923991" lon="9.312152">
        <ele>1665.5</ele>
        <time>2026-06-13T11:16:17Z</time>
        <hdop>11.2</hdop>
      </trkpt>
      <trkpt lat="46.9239789" lon="9.3121066">
        <ele>1661.5</ele>
        <time>2026-06-13T11:16:27Z</time>
        <hdop>10.7</hdop>
        <extensions>
          <osmand:speed>0</osmand:speed>
        </extensions>
      </trkpt>
      <trkpt lat="46.923977" lon="9.3120774">
        <ele>1658.5</ele>
        <time>2026-06-13T11:16:33Z</time>
        <hdop>13.8</hdop>
        <extensions>
          <osmand:speed>0</osmand:speed>
        </extensions>
      </trkpt>
      <trkpt lat="46.9240033" lon="9.3121345">
        <ele>1657.5</ele>
        <time>2026-06-13T11:16:45Z</time>
        <hdop>14.8</hdop>
        <extensions>
          <osmand:speed>0.8</osmand:speed>
        </extensions>
      </trkpt>
      <trkpt lat="46.9240608" lon="9.3122437">
        <ele>1657.5</ele>
        <time>2026-06-13T11:16:51Z</time>
        <hdop>14.8</hdop>
        <extensions>
          <osmand:speed>0.9</osmand:speed>
        </extensions>
      </trkpt>
      <trkpt lat="46.9240344" lon="9.3123337">
        <ele>1658.5</ele>
        <time>2026-06-13T11:16:58Z</time>
        <hdop>14.3</hdop>
        <extensions>
          <osmand:speed>1.1</osmand:speed>
        </extensions>
      </trkpt>
      <trkpt lat="46.9241705" lon="9.312746">
        <ele>1657.5</ele>
        <time>2026-06-13T11:17:25Z</time>
        <hdop>12.8</hdop>
        <extensions>
          <osmand:speed>1</osmand:speed>
        </extensions>
      </trkpt>
      <trkpt lat="46.9241825" lon="9.3128071">
        <ele>1656.5</ele>
        <time>2026-06-13T11:17:31Z</time>
        <hdop>14.8</hdop>
        <extensions>
          <osmand:speed>0.8</osmand:speed>
        </extensions>
      </trkpt>
      <trkpt lat="46.9242455" lon="9.3128745">
        <ele>1656.5</ele>
        <time>2026-06-13T11:17:37Z</time>
        <hdop>14.8</hdop>
        <extensions>
          <osmand:speed>1.1</osmand:speed>
        </extensions>
      </trkpt>
      <trkpt lat="46.9243096" lon="9.3129485">
        <ele>1653.5</ele>
        <time>2026-06-13T11:17:43Z</time>
        <hdop>14.8</hdop>
        <extensions>
          <osmand:speed>1.2</osmand:speed>
        </extensions>
      </trkpt>
      <trkpt lat="46.9244567" lon="9.3131223">
        <ele>1649.5</ele>
        <time>2026-06-13T11:18:00Z</time>
        <hdop>14.8</hdop>
        <extensions>
          <osmand:speed>1.3</osmand:speed>
        </extensions>
      </trkpt>
      <trkpt lat="46.9246078" lon="9.3133508">
        <ele>1647.5</ele>
        <time>2026-06-13T11:18:20Z</time>
        <hdop>14.3</hdop>
        <extensions>
          <osmand:speed>0.9</osmand:speed>
        </extensions>
      </trkpt>
      <trkpt lat="46.9246384" lon="9.3135499">
        <ele>1649.5</ele>
        <time>2026-06-13T11:18:28Z</time>
        <hdop>13.3</hdop>
        <extensions>
          <osmand:speed>1</osmand:speed>
        </extensions>
      </trkpt>
      <trkpt lat="46.9246835" lon="9.3136711">
        <ele>1648.5</ele>
        <time>2026-06-13T11:18:34Z</time>
        <hdop>12.8</hdop>
        <extensions>
          <osmand:speed>1.1</osmand:speed>
        </extensions>
      </trkpt>
      <trkpt lat="46.9247274" lon="9.3138581">
        <ele>1650.5</ele>
        <time>2026-06-13T11:18:43Z</time>
        <hdop>12.2</hdop>
        <extensions>
          <osmand:speed>0.4</osmand:speed>
        </extensions>
      </trkpt>
      <trkpt lat="46.9247406" lon="9.3139693">
        <ele>1648.5</ele>
        <time>2026-06-13T11:18:50Z</time>
        <hdop>14.3</hdop>
        <extensions>
          <osmand:speed>1</osmand:speed>
        </extensions>
      </trkpt>
      <trkpt lat="46.9247528" lon="9.3140729">
        <ele>1647.5</ele>
        <time>2026-06-13T11:18:56Z</time>
        <hdop>11.7</hdop>
        <extensions>
          <osmand:speed>1</osmand:speed>
        </extensions>
      </trkpt>
      <trkpt lat="46.9247488" lon="9.3141827">
        <ele>1645.5</ele>
        <time>2026-06-13T11:19:02Z</time>
        <hdop>13.3</hdop>
        <extensions>
          <osmand:speed>0.9</osmand:speed>
        </extensions>
      </trkpt>
      <trkpt lat="46.9247653" lon="9.3142253">
        <ele>1643.5</ele>
        <time>2026-06-13T11:19:08Z</time>
        <hdop>11.7</hdop>
        <extensions>
          <osmand:speed>0.9</osmand:speed>
        </extensions>
      </trkpt>
      <trkpt lat="46.9247991" lon="9.3142905">
        <ele>1643.5</ele>
        <time>2026-06-13T11:19:14Z</time>
        <hdop>14.3</hdop>
        <extensions>
          <osmand:speed>0.2</osmand:speed>
        </extensions>
      </trkpt>
      <trkpt lat="46.9248756" lon="9.3144352">
        <ele>1643.5</ele>
        <time>2026-06-13T11:19:28Z</time>
        <hdop>13.8</hdop>
        <extensions>
          <osmand:speed>1.2</osmand:speed>
        </extensions>
      </trkpt>
      <trkpt lat="46.9248294" lon="9.3144929">
        <ele>1642.5</ele>
        <time>2026-06-13T11:19:34Z</time>
        <hdop>11.2</hdop>
        <extensions>
          <osmand:speed>0.6</osmand:speed>
        </extensions>
      </trkpt>
      <trkpt lat="46.9247911" lon="9.3144764">
        <ele>1642.5</ele>
        <time>2026-06-13T11:19:40Z</time>
        <hdop>14.3</hdop>
        <extensions>
          <osmand:speed>1.2</osmand:speed>
        </extensions>
      </trkpt>
      <trkpt lat="46.9247379" lon="9.3144007">
        <ele>1641.5</ele>
        <time>2026-06-13T11:19:46Z</time>
        <hdop>11.7</hdop>
        <extensions>
          <osmand:speed>1.2</osmand:speed>
        </extensions>
      </trkpt>
      <trkpt lat="46.9246889" lon="9.3143297">
        <ele>1641.5</ele>
        <time>2026-06-13T11:19:52Z</time>
        <hdop>10.7</hdop>
        <extensions>
          <osmand:speed>1</osmand:speed>
        </extensions>
      </trkpt>
      <trkpt lat="46.9246234" lon="9.314238">
        <ele>1640.5</ele>
        <time>2026-06-13T11:19:58Z</time>
        <hdop>10.2</hdop>
        <extensions>
          <osmand:speed>1.2</osmand:speed>
        </extensions>
      </trkpt>
      <trkpt lat="46.924578" lon="9.3141462">
        <ele>1640.5</ele>
        <time>2026-06-13T11:20:04Z</time>
        <hdop>10.7</hdop>
        <extensions>
          <osmand:speed>1.6</osmand:speed>
        </extensions>
      </trkpt>
      <trkpt lat="46.9245553" lon="9.3140552">
        <ele>1642.5</ele>
        <time>2026-06-13T11:20:10Z</time>
        <hdop>11.7</hdop>
        <extensions>
          <osmand:speed>1</osmand:speed>
        </extensions>
      </trkpt>
      <trkpt lat="46.9245218" lon="9.3139561">
        <ele>1641.5</ele>
        <time>2026-06-13T11:20:16Z</time>
        <hdop>9.2</hdop>
        <extensions>
          <osmand:speed>1.2</osmand:speed>
        </extensions>
      </trkpt>
      <trkpt lat="46.9244683" lon="9.3138988">
        <ele>1640.5</ele>
        <time>2026-06-13T11:20:22Z</time>
        <hdop>9.2</hdop>
        <extensions>
          <osmand:speed>1.5</osmand:speed>
        </extensions>
      </trkpt>
      <trkpt lat="46.9244224" lon="9.3137986">
        <ele>1639.5</ele>
        <time>2026-06-13T11:20:28Z</time>
        <hdop>13.8</hdop>
        <extensions>
          <osmand:speed>1.4</osmand:speed>
        </extensions>
      </trkpt>
      <trkpt lat="46.9243832" lon="9.3137317">
        <ele>1639.5</ele>
        <time>2026-06-13T11:20:34Z</time>
        <hdop>8.7</hdop>
        <extensions>
          <osmand:speed>0.9</osmand:speed>
        </extensions>
      </trkpt>
      <trkpt lat="46.924347" lon="9.3137193">
        <ele>1636.5</ele>
        <time>2026-06-13T11:20:40Z</time>
        <hdop>8.7</hdop>
        <extensions>
          <osmand:speed>1.6</osmand:speed>
        </extensions>
      </trkpt>
      <trkpt lat="46.9243728" lon="9.3137493">
        <ele>1636.5</ele>
        <time>2026-06-13T11:20:46Z</time>
        <hdop>10.2</hdop>
        <extensions>
          <osmand:speed>0.9</osmand:speed>
        </extensions>
      </trkpt>
      <trkpt lat="46.9244181" lon="9.3137911">
        <ele>1635.5</ele>
        <time>2026-06-13T11:20:52Z</time>
        <hdop>10.2</hdop>
        <extensions>
          <osmand:speed>1.8</osmand:speed>
        </extensions>
      </trkpt>
      <trkpt lat="46.9244656" lon="9.3138631">
        <ele>1634.5</ele>
        <time>2026-06-13T11:20:58Z</time>
        <hdop>11.7</hdop>
        <extensions>
          <osmand:speed>1.6</osmand:speed>
        </extensions>
      </trkpt>
      <trkpt lat="46.9244755" lon="9.3139676">
        <ele>1635.5</ele>
        <time>2026-06-13T11:21:04Z</time>
        <hdop>12.2</hdop>
        <extensions>
          <osmand:speed>1.1</osmand:speed>
        </extensions>
      </trkpt>
      <trkpt lat="46.9244913" lon="9.3140602">
        <ele>1636.5</ele>
        <time>2026-06-13T11:21:10Z</time>
        <hdop>11.2</hdop>
        <extensions>
          <osmand:speed>1.1</osmand:speed>
        </extensions>
      </trkpt>
      <trkpt lat="46.9245088" lon="9.3141528">
        <ele>1636.5</ele>
        <time>2026-06-13T11:21:16Z</time>
        <hdop>12.8</hdop>
        <extensions>
          <osmand:speed>0.5</osmand:speed>
        </extensions>
      </trkpt>
      <trkpt lat="46.9245324" lon="9.3142489">
        <ele>1634.5</ele>
        <time>2026-06-13T11:21:22Z</time>
        <hdop>13.3</hdop>
        <extensions>
          <osmand:speed>0.8</osmand:speed>
        </extensions>
      </trkpt>
      <trkpt lat="46.9245634" lon="9.3143615">
        <ele>1632.5</ele>
        <time>2026-06-13T11:21:28Z</time>
        <hdop>13.8</hdop>
        <extensions>
          <osmand:speed>1.2</osmand:speed>
        </extensions>
      </trkpt>
      <trkpt lat="46.9245941" lon="9.3144523">
        <ele>1631.5</ele>
        <time>2026-06-13T11:21:34Z</time>
        <hdop>11.2</hdop>
        <extensions>
          <osmand:speed>1.3</osmand:speed>
        </extensions>
      </trkpt>
      <trkpt lat="46.9246496" lon="9.3145434">
        <ele>1629.5</ele>
        <time>2026-06-13T11:21:40Z</time>
        <hdop>11.2</hdop>
        <extensions>
          <osmand:speed>0.8</osmand:speed>
        </extensions>
      </trkpt>
      <trkpt lat="46.9246917" lon="9.3146349">
        <ele>1628.5</ele>
        <time>2026-06-13T11:21:46Z</time>
        <hdop>10.7</hdop>
        <extensions>
          <osmand:speed>1</osmand:speed>
        </extensions>
      </trkpt>
      <trkpt lat="46.9247055" lon="9.3147412">
        <ele>1628.5</ele>
        <time>2026-06-13T11:21:52Z</time>
        <hdop>12.2</hdop>
        <extensions>
          <osmand:speed>1.4</osmand:speed>
        </extensions>
      </trkpt>
      <trkpt lat="46.9247384" lon="9.3148807">
        <ele>1627.5</ele>
        <time>2026-06-13T11:21:58Z</time>
        <hdop>12.8</hdop>
        <extensions>
          <osmand:speed>1.3</osmand:speed>
        </extensions>
      </trkpt>
      <trkpt lat="46.9247561" lon="9.3149629">
        <ele>1626.5</ele>
        <time>2026-06-13T11:22:04Z</time>
        <hdop>11.2</hdop>
        <extensions>
          <osmand:speed>0.9</osmand:speed>
        </extensions>
      </trkpt>
      <trkpt lat="46.9247711" lon="9.3150548">
        <ele>1624.5</ele>
        <time>2026-06-13T11:22:10Z</time>
        <hdop>12.2</hdop>
        <extensions>
          <osmand:speed>1</osmand:speed>
        </extensions>
      </trkpt>
      <trkpt lat="46.92482" lon="9.3151593">
        <ele>1621.5</ele>
        <time>2026-06-13T11:22:16Z</time>
        <hdop>11.2</hdop>
        <extensions>
          <osmand:speed>1.4</osmand:speed>
        </extensions>
      </trkpt>
      <trkpt lat="46.9248632" lon="9.3152248">
        <ele>1618.5</ele>
        <time>2026-06-13T11:22:22Z</time>
        <hdop>10.7</hdop>
        <extensions>
          <osmand:speed>1.2</osmand:speed>
        </extensions>
      </trkpt>
      <trkpt lat="46.9249141" lon="9.3152769">
        <ele>1617.5</ele>
        <time>2026-06-13T11:22:28Z</time>
        <hdop>13.3</hdop>
        <extensions>
          <osmand:speed>2.9</osmand:speed>
        </extensions>
      </trkpt>
      <trkpt lat="46.9249953" lon="9.3153358">
        <ele>1617.5</ele>
        <time>2026-06-13T11:22:34Z</time>
        <hdop>12.2</hdop>
        <extensions>
          <osmand:speed>1.6</osmand:speed>
        </extensions>
      </trkpt>
      <trkpt lat="46.92505" lon="9.3153459">
        <ele>1616.5</ele>
        <time>2026-06-13T11:22:40Z</time>
        <hdop>10.7</hdop>
        <extensions>
          <osmand:speed>1.5</osmand:speed>
        </extensions>
      </trkpt>
      <trkpt lat="46.9251015" lon="9.3153681">
        <ele>1616.5</ele>
        <time>2026-06-13T11:22:46Z</time>
        <hdop>8.7</hdop>
        <extensions>
          <osmand:speed>1.1</osmand:speed>
        </extensions>
      </trkpt>
      <trkpt lat="46.9251386" lon="9.315479">
        <ele>1612.5</ele>
        <time>2026-06-13T11:22:52Z</time>
        <hdop>10.2</hdop>
        <extensions>
          <osmand:speed>1.6</osmand:speed>
        </extensions>
      </trkpt>
      <trkpt lat="46.9251313" lon="9.3155261">
        <ele>1609.5</ele>
        <time>2026-06-13T11:22:58Z</time>
        <hdop>12.8</hdop>
        <extensions>
          <osmand:speed>0.5</osmand:speed>
        </extensions>
      </trkpt>
      <trkpt lat="46.9251014" lon="9.3155422">
        <ele>1608.5</ele>
        <time>2026-06-13T11:23:04Z</time>
        <hdop>11.7</hdop>
        <extensions>
          <osmand:speed>0</osmand:speed>
        </extensions>
      </trkpt>
      <trkpt lat="46.9251337" lon="9.3155734">
        <ele>1609.5</ele>
        <time>2026-06-13T11:23:10Z</time>
        <hdop>11.2</hdop>
        <extensions>
          <osmand:speed>1.1</osmand:speed>
        </extensions>
      </trkpt>
      <trkpt lat="46.9251478" lon="9.3156626">
        <ele>1609.5</ele>
        <time>2026-06-13T11:23:16Z</time>
        <hdop>9.2</hdop>
        <extensions>
          <osmand:speed>1.4</osmand:speed>
        </extensions>
      </trkpt>
      <trkpt lat="46.9251384" lon="9.3157755">
        <ele>1609.5</ele>
        <time>2026-06-13T11:23:22Z</time>
        <hdop>9.2</hdop>
        <extensions>
          <osmand:speed>1.5</osmand:speed>
        </extensions>
      </trkpt>
      <trkpt lat="46.9251076" lon="9.3158901">
        <ele>1608.5</ele>
        <time>2026-06-13T11:23:28Z</time>
        <hdop>8.2</hdop>
        <extensions>
          <osmand:speed>1.3</osmand:speed>
        </extensions>
      </trkpt>
      <trkpt lat="46.9250855" lon="9.3160032">
        <ele>1607.5</ele>
        <time>2026-06-13T11:23:34Z</time>
        <hdop>11.2</hdop>
        <extensions>
          <osmand:speed>1.2</osmand:speed>
        </extensions>
      </trkpt>
      <trkpt lat="46.9251099" lon="9.3160936">
        <ele>1605.5</ele>
        <time>2026-06-13T11:23:40Z</time>
        <hdop>12.2</hdop>
        <extensions>
          <osmand:speed>1</osmand:speed>
        </extensions>
      </trkpt>
      <trkpt lat="46.9251483" lon="9.3161331">
        <ele>1605.5</ele>
        <time>2026-06-13T11:23:46Z</time>
        <hdop>11.7</hdop>
        <extensions>
          <osmand:speed>0.8</osmand:speed>
        </extensions>
      </trkpt>
      <trkpt lat="46.9251515" lon="9.3162425">
        <ele>1604.5</ele>
        <time>2026-06-13T11:23:52Z</time>
        <hdop>10.2</hdop>
        <extensions>
          <osmand:speed>0.9</osmand:speed>
        </extensions>
      </trkpt>
      <trkpt lat="46.9251633" lon="9.316342">
        <ele>1603.5</ele>
        <time>2026-06-13T11:23:58Z</time>
        <hdop>7.7</hdop>
        <extensions>
          <osmand:speed>1.1</osmand:speed>
        </extensions>
      </trkpt>
      <trkpt lat="46.9251383" lon="9.3164197">
        <ele>1602.5</ele>
        <time>2026-06-13T11:24:04Z</time>
        <hdop>8.7</hdop>
        <extensions>
          <osmand:speed>1.1</osmand:speed>
        </extensions>
      </trkpt>
      <trkpt lat="46.925117" lon="9.3165164">
        <ele>1600.5</ele>
        <time>2026-06-13T11:24:10Z</time>
        <hdop>8.2</hdop>
        <extensions>
          <osmand:speed>1</osmand:speed>
        </extensions>
      </trkpt>
      <trkpt lat="46.9251071" lon="9.3166017">
        <ele>1600.5</ele>
        <time>2026-06-13T11:24:16Z</time>
        <hdop>8.2</hdop>
        <extensions>
          <osmand:speed>1.3</osmand:speed>
        </extensions>
      </trkpt>
      <trkpt lat="46.9250755" lon="9.3166894">
        <ele>1599.5</ele>
        <time>2026-06-13T11:24:22Z</time>
        <hdop>11.2</hdop>
        <extensions>
          <osmand:speed>0.7</osmand:speed>
        </extensions>
      </trkpt>
      <trkpt lat="46.9250559" lon="9.3167897">
        <ele>1597.5</ele>
        <time>2026-06-13T11:24:28Z</time>
        <hdop>8.7</hdop>
        <extensions>
          <osmand:speed>1.1</osmand:speed>
        </extensions>
      </trkpt>
      <trkpt lat="46.92504" lon="9.3168856">
        <ele>1597.5</ele>
        <time>2026-06-13T11:24:34Z</time>
        <hdop>9.2</hdop>
        <extensions>
          <osmand:speed>1</osmand:speed>
        </extensions>
      </trkpt>
      <trkpt lat="46.9250265" lon="9.3169909">
        <ele>1595.5</ele>
        <time>2026-06-13T11:24:40Z</time>
        <hdop>9.7</hdop>
        <extensions>
          <osmand:speed>1.4</osmand:speed>
        </extensions>
      </trkpt>
      <trkpt lat="46.9250163" lon="9.3170806">
        <ele>1594.5</ele>
        <time>2026-06-13T11:24:46Z</time>
        <hdop>9.7</hdop>
        <extensions>
          <osmand:speed>1.3</osmand:speed>
        </extensions>
      </trkpt>
      <trkpt lat="46.9249888" lon="9.3171906">
        <ele>1594.5</ele>
        <time>2026-06-13T11:24:52Z</time>
        <hdop>9.7</hdop>
        <extensions>
          <osmand:speed>1.4</osmand:speed>
        </extensions>
      </trkpt>
      <trkpt lat="46.9249495" lon="9.3173035">
        <ele>1593.5</ele>
        <time>2026-06-13T11:24:58Z</time>
        <hdop>9.2</hdop>
        <extensions>
          <osmand:speed>1.3</osmand:speed>
        </extensions>
      </trkpt>
      <trkpt lat="46.9249727" lon="9.3173878">
        <ele>1592.5</ele>
        <time>2026-06-13T11:25:04Z</time>
        <hdop>8.7</hdop>
        <extensions>
          <osmand:speed>1.1</osmand:speed>
        </extensions>
      </trkpt>
      <trkpt lat="46.924998" lon="9.3174698">
        <ele>1591.5</ele>
        <time>2026-06-13T11:25:10Z</time>
        <hdop>10.7</hdop>
        <extensions>
          <osmand:speed>1.6</osmand:speed>
        </extensions>
      </trkpt>
      <trkpt lat="46.9250235" lon="9.3175876">
        <ele>1591.5</ele>
        <time>2026-06-13T11:25:16Z</time>
        <hdop>10.2</hdop>
        <extensions>
          <osmand:speed>1.4</osmand:speed>
        </extensions>
      </trkpt>
      <trkpt lat="46.9250492" lon="9.3176849">
        <ele>1590.5</ele>
        <time>2026-06-13T11:25:22Z</time>
        <hdop>9.2</hdop>
        <extensions>
          <osmand:speed>1</osmand:speed>
        </extensions>
      </trkpt>
      <trkpt lat="46.9250658" lon="9.317737">
        <ele>1590.5</ele>
        <time>2026-06-13T11:25:28Z</time>
        <hdop>12.2</hdop>
        <extensions>
          <osmand:speed>0.8</osmand:speed>
        </extensions>
      </trkpt>
      <trkpt lat="46.9250972" lon="9.3178204">
        <ele>1591.5</ele>
        <time>2026-06-13T11:25:34Z</time>
        <hdop>14.8</hdop>
        <extensions>
          <osmand:speed>1.3</osmand:speed>
        </extensions>
      </trkpt>
      <trkpt lat="46.9251321" lon="9.317893">
        <ele>1591.5</ele>
        <time>2026-06-13T11:25:40Z</time>
        <hdop>12.8</hdop>
        <extensions>
          <osmand:speed>1.3</osmand:speed>
        </extensions>
      </trkpt>
      <trkpt lat="46.9251905" lon="9.3180221">
        <ele>1592.5</ele>
        <time>2026-06-13T11:25:46Z</time>
        <hdop>12.2</hdop>
        <extensions>
          <osmand:speed>1.6</osmand:speed>
        </extensions>
      </trkpt>
      <trkpt lat="46.9251848" lon="9.3181136">
        <ele>1592.5</ele>
        <time>2026-06-13T11:25:52Z</time>
        <hdop>12.8</hdop>
        <extensions>
          <osmand:speed>1</osmand:speed>
        </extensions>
      </trkpt>
      <trkpt lat="46.9252188" lon="9.3182107">
        <ele>1592.5</ele>
        <time>2026-06-13T11:25:58Z</time>
        <hdop>14.3</hdop>
        <extensions>
          <osmand:speed>1.3</osmand:speed>
        </extensions>
      </trkpt>
      <trkpt lat="46.9252271" lon="9.3183084">
        <ele>1592.5</ele>
        <time>2026-06-13T11:26:04Z</time>
        <hdop>12.2</hdop>
        <extensions>
          <osmand:speed>1.2</osmand:speed>
        </extensions>
      </trkpt>
      <trkpt lat="46.9252404" lon="9.3184216">
        <ele>1591.5</ele>
        <time>2026-06-13T11:26:10Z</time>
        <hdop>12.2</hdop>
        <extensions>
          <osmand:speed>1.4</osmand:speed>
        </extensions>
      </trkpt>
      <trkpt lat="46.9252408" lon="9.3185001">
        <ele>1590.5</ele>
        <time>2026-06-13T11:26:16Z</time>
        <hdop>11.7</hdop>
        <extensions>
          <osmand:speed>0.7</osmand:speed>
        </extensions>
      </trkpt>
      <trkpt lat="46.9252873" lon="9.3185802">
        <ele>1587.5</ele>
        <time>2026-06-13T11:26:22Z</time>
        <hdop>11.2</hdop>
        <extensions>
          <osmand:speed>1.5</osmand:speed>
        </extensions>
      </trkpt>
      <trkpt lat="46.9253587" lon="9.3186446">
        <ele>1586.5</ele>
        <time>2026-06-13T11:26:28Z</time>
        <hdop>11.7</hdop>
        <extensions>
          <osmand:speed>1.6</osmand:speed>
        </extensions>
      </trkpt>
      <trkpt lat="46.9253987" lon="9.3187337">
        <ele>1585.5</ele>
        <time>2026-06-13T11:26:34Z</time>
        <hdop>9.2</hdop>
        <extensions>
          <osmand:speed>0.8</osmand:speed>
        </extensions>
      </trkpt>
      <trkpt lat="46.9253991" lon="9.3188538">
        <ele>1584.5</ele>
        <time>2026-06-13T11:26:40Z</time>
        <hdop>11.7</hdop>
        <extensions>
          <osmand:speed>1.1</osmand:speed>
        </extensions>
      </trkpt>
      <trkpt lat="46.9254565" lon="9.3189196">
        <ele>1584.5</ele>
        <time>2026-06-13T11:26:46Z</time>
        <hdop>10.2</hdop>
        <extensions>
          <osmand:speed>1.1</osmand:speed>
        </extensions>
      </trkpt>
      <trkpt lat="46.925478" lon="9.3189992">
        <ele>1584.5</ele>
        <time>2026-06-13T11:26:52Z</time>
        <hdop>11.7</hdop>
        <extensions>
          <osmand:speed>0.9</osmand:speed>
        </extensions>
      </trkpt>
      <trkpt lat="46.9254929" lon="9.3190585">
        <ele>1585.5</ele>
        <time>2026-06-13T11:26:58Z</time>
        <hdop>12.2</hdop>
        <extensions>
          <osmand:speed>0.2</osmand:speed>
        </extensions>
      </trkpt>
      <trkpt lat="46.9255013" lon="9.319088">
        <ele>1584.5</ele>
        <time>2026-06-13T11:27:05Z</time>
        <hdop>12.2</hdop>
        <extensions>
          <osmand:speed>0.5</osmand:speed>
        </extensions>
      </trkpt>
      <trkpt lat="46.9255117" lon="9.3191597">
        <ele>1584.5</ele>
        <time>2026-06-13T11:27:11Z</time>
        <hdop>11.2</hdop>
        <extensions>
          <osmand:speed>0.2</osmand:speed>
        </extensions>
      </trkpt>
      <trkpt lat="46.9255311" lon="9.3191541">
        <ele>1581.5</ele>
        <time>2026-06-13T11:27:22Z</time>
        <hdop>8.7</hdop>
        <extensions>
          <osmand:speed>0.1</osmand:speed>
        </extensions>
      </trkpt>
      <trkpt lat="46.925543" lon="9.3191817">
        <ele>1580.5</ele>
        <time>2026-06-13T11:27:53Z</time>
        <hdop>7.7</hdop>
        <extensions>
          <osmand:speed>0</osmand:speed>
        </extensions>
      </trkpt>
      <trkpt lat="46.9255654" lon="9.3191856">
        <ele>1581.5</ele>
        <time>2026-06-13T11:28:16Z</time>
        <hdop>13.3</hdop>
        <extensions>
          <osmand:speed>0</osmand:speed>
        </extensions>
      </trkpt>
      <trkpt lat="46.9255845" lon="9.3192102">
        <ele>1581.5</ele>
        <time>2026-06-13T11:28:23Z</time>
        <hdop>12.8</hdop>
        <extensions>
          <osmand:speed>0.8</osmand:speed>
        </extensions>
      </trkpt>
      <trkpt lat="46.9256171" lon="9.319276">
        <ele>1580.5</ele>
        <time>2026-06-13T11:28:29Z</time>
        <hdop>12.8</hdop>
        <extensions>
          <osmand:speed>1.2</osmand:speed>
        </extensions>
      </trkpt>
      <trkpt lat="46.9256537" lon="9.3193365">
        <ele>1580.5</ele>
        <time>2026-06-13T11:28:35Z</time>
        <hdop>11.2</hdop>
        <extensions>
          <osmand:speed>1.3</osmand:speed>
        </extensions>
      </trkpt>
      <trkpt lat="46.9256806" lon="9.3194238">
        <ele>1580.5</ele>
        <time>2026-06-13T11:28:41Z</time>
        <hdop>11.2</hdop>
        <extensions>
          <osmand:speed>0.8</osmand:speed>
        </extensions>
      </trkpt>
      <trkpt lat="46.925719" lon="9.3195243">
        <ele>1580.5</ele>
        <time>2026-06-13T11:28:47Z</time>
        <hdop>11.7</hdop>
        <extensions>
          <osmand:speed>0.6</osmand:speed>
        </extensions>
      </trkpt>
      <trkpt lat="46.9257329" lon="9.3196239">
        <ele>1580.5</ele>
        <time>2026-06-13T11:28:53Z</time>
        <hdop>13.3</hdop>
        <extensions>
          <osmand:speed>1.1</osmand:speed>
        </extensions>
      </trkpt>
      <trkpt lat="46.9257625" lon="9.3197386">
        <ele>1579.5</ele>
        <time>2026-06-13T11:28:59Z</time>
        <hdop>13.8</hdop>
        <extensions>
          <osmand:speed>1.1</osmand:speed>
        </extensions>
      </trkpt>
      <trkpt lat="46.925805" lon="9.3199445">
        <ele>1579.5</ele>
        <time>2026-06-13T11:29:08Z</time>
        <hdop>13.8</hdop>
        <extensions>
          <osmand:speed>1.8</osmand:speed>
        </extensions>
      </trkpt>
      <trkpt lat="46.9258344" lon="9.3200649">
        <ele>1579.5</ele>
        <time>2026-06-13T11:29:14Z</time>
        <hdop>14.3</hdop>
        <extensions>
          <osmand:speed>1.5</osmand:speed>
        </extensions>
      </trkpt>
      <trkpt lat="46.925853" lon="9.3201794">
        <ele>1578.5</ele>
        <time>2026-06-13T11:29:20Z</time>
        <hdop>12.2</hdop>
        <extensions>
          <osmand:speed>1.4</osmand:speed>
        </extensions>
      </trkpt>
      <trkpt lat="46.9258744" lon="9.3202805">
        <ele>1577.5</ele>
        <time>2026-06-13T11:29:26Z</time>
        <hdop>13.3</hdop>
        <extensions>
          <osmand:speed>1.4</osmand:speed>
        </extensions>
      </trkpt>
      <trkpt lat="46.9258841" lon="9.3203421">
        <ele>1577.5</ele>
        <time>2026-06-13T11:29:32Z</time>
        <hdop>12.2</hdop>
        <extensions>
          <osmand:speed>1</osmand:speed>
        </extensions>
      </trkpt>
      <trkpt lat="46.9259078" lon="9.3204713">
        <ele>1576.5</ele>
        <time>2026-06-13T11:29:38Z</time>
        <hdop>13.3</hdop>
        <extensions>
          <osmand:speed>1.2</osmand:speed>
        </extensions>
      </trkpt>
      <trkpt lat="46.9259163" lon="9.3205717">
        <ele>1576.5</ele>
        <time>2026-06-13T11:29:44Z</time>
        <hdop>12.8</hdop>
        <extensions>
          <osmand:speed>0.9</osmand:speed>
        </extensions>
      </trkpt>
      <trkpt lat="46.9259448" lon="9.3206897">
        <ele>1575.5</ele>
        <time>2026-06-13T11:29:50Z</time>
        <hdop>12.2</hdop>
        <extensions>
          <osmand:speed>1.4</osmand:speed>
        </extensions>
      </trkpt>
      <trkpt lat="46.9259879" lon="9.3207774">
        <ele>1575.5</ele>
        <time>2026-06-13T11:29:56Z</time>
        <hdop>12.8</hdop>
        <extensions>
          <osmand:speed>1.4</osmand:speed>
        </extensions>
      </trkpt>
      <trkpt lat="46.9260123" lon="9.3209069">
        <ele>1575.5</ele>
        <time>2026-06-13T11:30:02Z</time>
        <hdop>10.7</hdop>
        <extensions>
          <osmand:speed>1.3</osmand:speed>
        </extensions>
      </trkpt>
      <trkpt lat="46.9260595" lon="9.3210025">
        <ele>1574.5</ele>
        <time>2026-06-13T11:30:08Z</time>
        <hdop>11.7</hdop>
        <extensions>
          <osmand:speed>1.2</osmand:speed>
        </extensions>
      </trkpt>
      <trkpt lat="46.9260836" lon="9.3211005">
        <ele>1575.5</ele>
        <time>2026-06-13T11:30:14Z</time>
        <hdop>12.2</hdop>
        <extensions>
          <osmand:speed>1.4</osmand:speed>
        </extensions>
      </trkpt>
      <trkpt lat="46.9260878" lon="9.3211735">
        <ele>1573.5</ele>
        <time>2026-06-13T11:30:21Z</time>
        <hdop>11.7</hdop>
      </trkpt>
      <trkpt lat="46.9260812" lon="9.3212496">
        <ele>1571.5</ele>
        <time>2026-06-13T11:30:27Z</time>
        <hdop>9.2</hdop>
        <extensions>
          <osmand:speed>0.9</osmand:speed>
        </extensions>
      </trkpt>
      <trkpt lat="46.9261096" lon="9.3213427">
        <ele>1570.5</ele>
        <time>2026-06-13T11:30:33Z</time>
        <hdop>10.2</hdop>
        <extensions>
          <osmand:speed>0.9</osmand:speed>
        </extensions>
      </trkpt>
      <trkpt lat="46.9261402" lon="9.3214247">
        <ele>1571.5</ele>
        <time>2026-06-13T11:30:39Z</time>
        <hdop>10.7</hdop>
        <extensions>
          <osmand:speed>1.4</osmand:speed>
        </extensions>
      </trkpt>
      <trkpt lat="46.9261644" lon="9.3215383">
        <ele>1570.5</ele>
        <time>2026-06-13T11:30:45Z</time>
        <hdop>11.2</hdop>
        <extensions>
          <osmand:speed>1.1</osmand:speed>
        </extensions>
      </trkpt>
      <trkpt lat="46.9262158" lon="9.3216372">
        <ele>1570.5</ele>
        <time>2026-06-13T11:30:51Z</time>
        <hdop>10.7</hdop>
        <extensions>
          <osmand:speed>1.2</osmand:speed>
        </extensions>
      </trkpt>
      <trkpt lat="46.9262526" lon="9.3217505">
        <ele>1569.5</ele>
        <time>2026-06-13T11:30:57Z</time>
        <hdop>8.7</hdop>
        <extensions>
          <osmand:speed>1.5</osmand:speed>
        </extensions>
      </trkpt>
      <trkpt lat="46.9262671" lon="9.3218439">
        <ele>1568.5</ele>
        <time>2026-06-13T11:31:03Z</time>
        <hdop>9.2</hdop>
        <extensions>
          <osmand:speed>0.9</osmand:speed>
        </extensions>
      </trkpt>
      <trkpt lat="46.9262595" lon="9.321949">
        <ele>1568.5</ele>
        <time>2026-06-13T11:31:09Z</time>
        <hdop>11.7</hdop>
        <extensions>
          <osmand:speed>1.1</osmand:speed>
        </extensions>
      </trkpt>
      <trkpt lat="46.9262778" lon="9.3220708">
        <ele>1568.5</ele>
        <time>2026-06-13T11:31:15Z</time>
        <hdop>9.7</hdop>
        <extensions>
          <osmand:speed>1.4</osmand:speed>
        </extensions>
      </trkpt>
      <trkpt lat="46.9262944" lon="9.3222058">
        <ele>1568.5</ele>
        <time>2026-06-13T11:31:21Z</time>
        <hdop>10.2</hdop>
        <extensions>
          <osmand:speed>1.7</osmand:speed>
        </extensions>
      </trkpt>
      <trkpt lat="46.9262986" lon="9.3223104">
        <ele>1567.5</ele>
        <time>2026-06-13T11:31:27Z</time>
        <hdop>11.7</hdop>
        <extensions>
          <osmand:speed>1.3</osmand:speed>
        </extensions>
      </trkpt>
      <trkpt lat="46.9263328" lon="9.3223965">
        <ele>1565.5</ele>
        <time>2026-06-13T11:31:33Z</time>
        <hdop>8.7</hdop>
        <extensions>
          <osmand:speed>1.2</osmand:speed>
        </extensions>
      </trkpt>
      <trkpt lat="46.926324" lon="9.3225245">
        <ele>1564.5</ele>
        <time>2026-06-13T11:31:39Z</time>
        <hdop>11.2</hdop>
        <extensions>
          <osmand:speed>1.2</osmand:speed>
        </extensions>
      </trkpt>
      <trkpt lat="46.926314" lon="9.3226317">
        <ele>1563.5</ele>
        <time>2026-06-13T11:31:45Z</time>
        <hdop>10.2</hdop>
        <extensions>
          <osmand:speed>1.2</osmand:speed>
        </extensions>
      </trkpt>
      <trkpt lat="46.926298" lon="9.3227401">
        <ele>1563.5</ele>
        <time>2026-06-13T11:31:51Z</time>
        <hdop>10.2</hdop>
        <extensions>
          <osmand:speed>1.2</osmand:speed>
        </extensions>
      </trkpt>
      <trkpt lat="46.9262848" lon="9.3228367">
        <ele>1562.5</ele>
        <time>2026-06-13T11:31:57Z</time>
        <hdop>9.2</hdop>
        <extensions>
          <osmand:speed>1.2</osmand:speed>
        </extensions>
      </trkpt>
      <trkpt lat="46.9262778" lon="9.3229443">
        <ele>1561.5</ele>
        <time>2026-06-13T11:32:03Z</time>
        <hdop>10.7</hdop>
        <extensions>
          <osmand:speed>1.1</osmand:speed>
        </extensions>
      </trkpt>
      <trkpt lat="46.9262846" lon="9.323087">
        <ele>1561.5</ele>
        <time>2026-06-13T11:32:09Z</time>
        <hdop>12.2</hdop>
        <extensions>
          <osmand:speed>1.6</osmand:speed>
        </extensions>
      </trkpt>
      <trkpt lat="46.926272" lon="9.3232134">
        <ele>1560.5</ele>
        <time>2026-06-13T11:32:15Z</time>
        <hdop>11.7</hdop>
        <extensions>
          <osmand:speed>1.1</osmand:speed>
        </extensions>
      </trkpt>
      <trkpt lat="46.9262858" lon="9.3232787">
        <ele>1560.5</ele>
        <time>2026-06-13T11:32:21Z</time>
        <hdop>10.2</hdop>
        <extensions>
          <osmand:speed>1.2</osmand:speed>
        </extensions>
      </trkpt>
      <trkpt lat="46.9263252" lon="9.323413">
        <ele>1559.5</ele>
        <time>2026-06-13T11:32:27Z</time>
        <hdop>11.7</hdop>
        <extensions>
          <osmand:speed>1.4</osmand:speed>
        </extensions>
      </trkpt>
      <trkpt lat="46.9263589" lon="9.3235048">
        <ele>1559.5</ele>
        <time>2026-06-13T11:32:33Z</time>
        <hdop>13.8</hdop>
        <extensions>
          <osmand:speed>1.2</osmand:speed>
        </extensions>
      </trkpt>
      <trkpt lat="46.9263853" lon="9.3236103">
        <ele>1558.5</ele>
        <time>2026-06-13T11:32:39Z</time>
        <hdop>12.8</hdop>
        <extensions>
          <osmand:speed>1.5</osmand:speed>
        </extensions>
      </trkpt>
      <trkpt lat="46.9263957" lon="9.3237251">
        <ele>1558.5</ele>
        <time>2026-06-13T11:32:45Z</time>
        <hdop>11.7</hdop>
        <extensions>
          <osmand:speed>1.5</osmand:speed>
        </extensions>
      </trkpt>
      <trkpt lat="46.9264277" lon="9.3238574">
        <ele>1557.5</ele>
        <time>2026-06-13T11:32:51Z</time>
        <hdop>10.2</hdop>
        <extensions>
          <osmand:speed>1</osmand:speed>
        </extensions>
      </trkpt>
      <trkpt lat="46.926483" lon="9.3239246">
        <ele>1556.5</ele>
        <time>2026-06-13T11:32:57Z</time>
        <hdop>10.2</hdop>
        <extensions>
          <osmand:speed>1.5</osmand:speed>
        </extensions>
      </trkpt>
      <trkpt lat="46.9265146" lon="9.324031">
        <ele>1555.5</ele>
        <time>2026-06-13T11:33:03Z</time>
        <hdop>9.7</hdop>
        <extensions>
          <osmand:speed>1.4</osmand:speed>
        </extensions>
      </trkpt>
      <trkpt lat="46.9265144" lon="9.324164">
        <ele>1554.5</ele>
        <time>2026-06-13T11:33:09Z</time>
        <hdop>10.7</hdop>
        <extensions>
          <osmand:speed>1.5</osmand:speed>
        </extensions>
      </trkpt>
      <trkpt lat="46.926506" lon="9.3242781">
        <ele>1553.5</ele>
        <time>2026-06-13T11:33:15Z</time>
        <hdop>10.7</hdop>
        <extensions>
          <osmand:speed>1.2</osmand:speed>
        </extensions>
      </trkpt>
      <trkpt lat="46.9265114" lon="9.3243905">
        <ele>1553.5</ele>
        <time>2026-06-13T11:33:21Z</time>
        <hdop>9.2</hdop>
        <extensions>
          <osmand:speed>1</osmand:speed>
        </extensions>
      </trkpt>
      <trkpt lat="46.9265188" lon="9.3245147">
        <ele>1553.5</ele>
        <time>2026-06-13T11:33:27Z</time>
        <hdop>10.2</hdop>
        <extensions>
          <osmand:speed>0.9</osmand:speed>
        </extensions>
      </trkpt>
      <trkpt lat="46.9265221" lon="9.3246261">
        <ele>1552.5</ele>
        <time>2026-06-13T11:33:33Z</time>
        <hdop>9.7</hdop>
        <extensions>
          <osmand:speed>1.5</osmand:speed>
        </extensions>
      </trkpt>
      <trkpt lat="46.9265215" lon="9.3247364">
        <ele>1552.5</ele>
        <time>2026-06-13T11:33:39Z</time>
        <hdop>10.2</hdop>
        <extensions>
          <osmand:speed>0.8</osmand:speed>
        </extensions>
      </trkpt>
      <trkpt lat="46.926529" lon="9.3248394">
        <ele>1552.5</ele>
        <time>2026-06-13T11:33:45Z</time>
        <hdop>10.2</hdop>
        <extensions>
          <osmand:speed>1.5</osmand:speed>
        </extensions>
      </trkpt>
      <trkpt lat="46.9265571" lon="9.324933">
        <ele>1551.5</ele>
        <time>2026-06-13T11:33:51Z</time>
        <hdop>13.3</hdop>
        <extensions>
          <osmand:speed>1</osmand:speed>
        </extensions>
      </trkpt>
      <trkpt lat="46.9265804" lon="9.325029">
        <ele>1550.5</ele>
        <time>2026-06-13T11:33:57Z</time>
        <hdop>14.8</hdop>
        <extensions>
          <osmand:speed>1.5</osmand:speed>
        </extensions>
      </trkpt>
      <trkpt lat="46.9266025" lon="9.3251123">
        <ele>1551.5</ele>
        <time>2026-06-13T11:34:03Z</time>
        <hdop>11.2</hdop>
        <extensions>
          <osmand:speed>1.4</osmand:speed>
        </extensions>
      </trkpt>
      <trkpt lat="46.9266117" lon="9.325228">
        <ele>1551.5</ele>
        <time>2026-06-13T11:34:09Z</time>
        <hdop>10.7</hdop>
        <extensions>
          <osmand:speed>0.9</osmand:speed>
        </extensions>
      </trkpt>
      <trkpt lat="46.9266232" lon="9.3253489">
        <ele>1551.5</ele>
        <time>2026-06-13T11:34:15Z</time>
        <hdop>10.7</hdop>
        <extensions>
          <osmand:speed>1.5</osmand:speed>
        </extensions>
      </trkpt>
      <trkpt lat="46.9266309" lon="9.3254772">
        <ele>1551.5</ele>
        <time>2026-06-13T11:34:21Z</time>
        <hdop>10.7</hdop>
        <extensions>
          <osmand:speed>1</osmand:speed>
        </extensions>
      </trkpt>
      <trkpt lat="46.9266454" lon="9.3255811">
        <ele>1551.5</ele>
        <time>2026-06-13T11:34:27Z</time>
        <hdop>10.7</hdop>
        <extensions>
          <osmand:speed>1.3</osmand:speed>
        </extensions>
      </trkpt>
      <trkpt lat="46.9266614" lon="9.3257346">
        <ele>1551.5</ele>
        <time>2026-06-13T11:34:33Z</time>
        <hdop>10.7</hdop>
        <extensions>
          <osmand:speed>1.5</osmand:speed>
        </extensions>
      </trkpt>
      <trkpt lat="46.926664" lon="9.3258337">
        <ele>1550.5</ele>
        <time>2026-06-13T11:34:39Z</time>
        <hdop>10.7</hdop>
        <extensions>
          <osmand:speed>0.9</osmand:speed>
        </extensions>
      </trkpt>
      <trkpt lat="46.926661" lon="9.3259598">
        <ele>1549.5</ele>
        <time>2026-06-13T11:34:45Z</time>
        <hdop>9.2</hdop>
        <extensions>
          <osmand:speed>1.6</osmand:speed>
        </extensions>
      </trkpt>
      <trkpt lat="46.9266591" lon="9.3260651">
        <ele>1549.5</ele>
        <time>2026-06-13T11:34:51Z</time>
        <hdop>10.2</hdop>
        <extensions>
          <osmand:speed>1.3</osmand:speed>
        </extensions>
      </trkpt>
      <trkpt lat="46.9266582" lon="9.3261799">
        <ele>1549.5</ele>
        <time>2026-06-13T11:34:57Z</time>
        <hdop>9.2</hdop>
        <extensions>
          <osmand:speed>1.2</osmand:speed>
        </extensions>
      </trkpt>
      <trkpt lat="46.9266657" lon="9.3262787">
        <ele>1549.5</ele>
        <time>2026-06-13T11:35:03Z</time>
        <hdop>10.7</hdop>
        <extensions>
          <osmand:speed>1.2</osmand:speed>
        </extensions>
      </trkpt>
      <trkpt lat="46.9267053" lon="9.3263979">
        <ele>1550.5</ele>
        <time>2026-06-13T11:35:09Z</time>
        <hdop>9.7</hdop>
        <extensions>
          <osmand:speed>1.4</osmand:speed>
        </extensions>
      </trkpt>
      <trkpt lat="46.9267392" lon="9.3264882">
        <ele>1549.5</ele>
        <time>2026-06-13T11:35:15Z</time>
        <hdop>10.2</hdop>
        <extensions>
          <osmand:speed>1.5</osmand:speed>
        </extensions>
      </trkpt>
      <trkpt lat="46.9267385" lon="9.3266085">
        <ele>1550.5</ele>
        <time>2026-06-13T11:35:21Z</time>
        <hdop>10.2</hdop>
        <extensions>
          <osmand:speed>1.4</osmand:speed>
        </extensions>
      </trkpt>
      <trkpt lat="46.9267189" lon="9.3267008">
        <ele>1550.5</ele>
        <time>2026-06-13T11:35:27Z</time>
        <hdop>10.2</hdop>
        <extensions>
          <osmand:speed>1.2</osmand:speed>
        </extensions>
      </trkpt>
      <trkpt lat="46.9266373" lon="9.3267696">
        <ele>1550.5</ele>
        <time>2026-06-13T11:35:33Z</time>
        <hdop>7.1</hdop>
        <extensions>
          <osmand:speed>1.3</osmand:speed>
        </extensions>
      </trkpt>
      <trkpt lat="46.9265644" lon="9.3268307">
        <ele>1549.5</ele>
        <time>2026-06-13T11:35:39Z</time>
        <hdop>6.1</hdop>
        <extensions>
          <osmand:speed>0.8</osmand:speed>
        </extensions>
      </trkpt>
      <trkpt lat="46.9264803" lon="9.3268695">
        <ele>1548.5</ele>
        <time>2026-06-13T11:35:45Z</time>
        <hdop>6.1</hdop>
        <extensions>
          <osmand:speed>1.3</osmand:speed>
        </extensions>
      </trkpt>
      <trkpt lat="46.9264077" lon="9.3269105">
        <ele>1548.5</ele>
        <time>2026-06-13T11:35:51Z</time>
        <hdop>6.1</hdop>
        <extensions>
          <osmand:speed>1.1</osmand:speed>
        </extensions>
      </trkpt>
      <trkpt lat="46.9263705" lon="9.3269187">
        <ele>1549.5</ele>
        <time>2026-06-13T11:35:57Z</time>
        <hdop>4.1</hdop>
      </trkpt>
      <trkpt lat="46.9263396" lon="9.3269125">
        <ele>1550.5</ele>
        <time>2026-06-13T11:36:03Z</time>
        <hdop>5.1</hdop>
        <extensions>
          <osmand:speed>1.3</osmand:speed>
        </extensions>
      </trkpt>
      <trkpt lat="46.9262742" lon="9.3269539">
        <ele>1550.5</ele>
        <time>2026-06-13T11:36:09Z</time>
        <hdop>5.6</hdop>
        <extensions>
          <osmand:speed>1.1</osmand:speed>
        </extensions>
      </trkpt>
      <trkpt lat="46.9261997" lon="9.3269788">
        <ele>1550.5</ele>
        <time>2026-06-13T11:36:15Z</time>
        <hdop>6.6</hdop>
        <extensions>
          <osmand:speed>1.3</osmand:speed>
        </extensions>
      </trkpt>
      <trkpt lat="46.926158" lon="9.3269995">
        <ele>1549.5</ele>
        <time>2026-06-13T11:36:21Z</time>
        <hdop>6.1</hdop>
        <extensions>
          <osmand:speed>0.4</osmand:speed>
        </extensions>
      </trkpt>
      <trkpt lat="46.9261093" lon="9.3270589">
        <ele>1550.5</ele>
        <time>2026-06-13T11:36:27Z</time>
        <hdop>5.6</hdop>
        <extensions>
          <osmand:speed>1.5</osmand:speed>
        </extensions>
      </trkpt>
      <trkpt lat="46.9260568" lon="9.3271342">
        <ele>1550.5</ele>
        <time>2026-06-13T11:36:33Z</time>
        <hdop>6.1</hdop>
        <extensions>
          <osmand:speed>1.4</osmand:speed>
        </extensions>
      </trkpt>
      <trkpt lat="46.9260018" lon="9.3271945">
        <ele>1548.5</ele>
        <time>2026-06-13T11:36:39Z</time>
        <hdop>6.1</hdop>
        <extensions>
          <osmand:speed>1.4</osmand:speed>
        </extensions>
      </trkpt>
      <trkpt lat="46.9259558" lon="9.3272886">
        <ele>1548.5</ele>
        <time>2026-06-13T11:36:45Z</time>
        <hdop>7.7</hdop>
        <extensions>
          <osmand:speed>1.2</osmand:speed>
        </extensions>
      </trkpt>
      <trkpt lat="46.9259358" lon="9.3273769">
        <ele>1548.5</ele>
        <time>2026-06-13T11:36:51Z</time>
        <hdop>8.2</hdop>
        <extensions>
          <osmand:speed>0.9</osmand:speed>
        </extensions>
      </trkpt>
      <trkpt lat="46.9259213" lon="9.3274853">
        <ele>1547.5</ele>
        <time>2026-06-13T11:36:57Z</time>
        <hdop>8.2</hdop>
        <extensions>
          <osmand:speed>1.4</osmand:speed>
        </extensions>
      </trkpt>
      <trkpt lat="46.9258998" lon="9.3276159">
        <ele>1547.5</ele>
        <time>2026-06-13T11:37:03Z</time>
        <hdop>8.7</hdop>
        <extensions>
          <osmand:speed>1.3</osmand:speed>
        </extensions>
      </trkpt>
      <trkpt lat="46.9258541" lon="9.3276935">
        <ele>1547.5</ele>
        <time>2026-06-13T11:37:09Z</time>
        <hdop>9.7</hdop>
        <extensions>
          <osmand:speed>1.3</osmand:speed>
        </extensions>
      </trkpt>
      <trkpt lat="46.9258007" lon="9.3277994">
        <ele>1547.5</ele>
        <time>2026-06-13T11:37:15Z</time>
        <hdop>8.2</hdop>
        <extensions>
          <osmand:speed>1.3</osmand:speed>
        </extensions>
      </trkpt>
      <trkpt lat="46.9257102" lon="9.3278636">
        <ele>1547.5</ele>
        <time>2026-06-13T11:37:21Z</time>
        <hdop>8.2</hdop>
        <extensions>
          <osmand:speed>1.5</osmand:speed>
        </extensions>
      </trkpt>
      <trkpt lat="46.9256355" lon="9.3278871">
        <ele>1548.5</ele>
        <time>2026-06-13T11:37:27Z</time>
        <hdop>7.7</hdop>
        <extensions>
          <osmand:speed>1.1</osmand:speed>
        </extensions>
      </trkpt>
      <trkpt lat="46.9255955" lon="9.327939">
        <ele>1548.5</ele>
        <time>2026-06-13T11:37:33Z</time>
        <hdop>8.2</hdop>
        <extensions>
          <osmand:speed>0.7</osmand:speed>
        </extensions>
      </trkpt>
      <trkpt lat="46.9255138" lon="9.3280053">
        <ele>1548.5</ele>
        <time>2026-06-13T11:37:39Z</time>
        <hdop>9.7</hdop>
        <extensions>
          <osmand:speed>1.2</osmand:speed>
        </extensions>
      </trkpt>
      <trkpt lat="46.92543" lon="9.3280571">
        <ele>1547.5</ele>
        <time>2026-06-13T11:37:45Z</time>
        <hdop>8.2</hdop>
        <extensions>
          <osmand:speed>1.7</osmand:speed>
        </extensions>
      </trkpt>
      <trkpt lat="46.9253866" lon="9.3281314">
        <ele>1547.5</ele>
        <time>2026-06-13T11:37:51Z</time>
        <hdop>7.7</hdop>
        <extensions>
          <osmand:speed>1.1</osmand:speed>
        </extensions>
      </trkpt>
      <trkpt lat="46.92534" lon="9.3282034">
        <ele>1547.5</ele>
        <time>2026-06-13T11:37:57Z</time>
        <hdop>8.7</hdop>
        <extensions>
          <osmand:speed>1</osmand:speed>
        </extensions>
      </trkpt>
      <trkpt lat="46.9253007" lon="9.32828">
        <ele>1548.5</ele>
        <time>2026-06-13T11:38:03Z</time>
        <hdop>9.7</hdop>
        <extensions>
          <osmand:speed>0.6</osmand:speed>
        </extensions>
      </trkpt>
      <trkpt lat="46.9252906" lon="9.3282262">
        <ele>1551.5</ele>
        <time>2026-06-13T11:38:25Z</time>
        <hdop>8.2</hdop>
      </trkpt>
      <trkpt lat="46.9252844" lon="9.32818">
        <ele>1551.5</ele>
        <time>2026-06-13T11:38:31Z</time>
        <hdop>11.7</hdop>
        <extensions>
          <osmand:speed>0.3</osmand:speed>
        </extensions>
      </trkpt>
      <trkpt lat="46.9252789" lon="9.3282162">
        <ele>1551.5</ele>
        <time>2026-06-13T11:38:42Z</time>
        <hdop>7.7</hdop>
        <extensions>
          <osmand:speed>1.1</osmand:speed>
        </extensions>
      </trkpt>
      <trkpt lat="46.9252969" lon="9.3282119">
        <ele>1553.5</ele>
        <time>2026-06-13T11:38:49Z</time>
        <hdop>4.6</hdop>
      </trkpt>
      <trkpt lat="46.9252787" lon="9.3281964">
        <ele>1554.5</ele>
        <time>2026-06-13T11:40:55Z</time>
        <hdop>6.6</hdop>
        <extensions>
          <osmand:speed>0.7</osmand:speed>
        </extensions>
      </trkpt>
      <trkpt lat="46.9251951" lon="9.3281437">
        <ele>1556.5</ele>
        <time>2026-06-13T11:42:11Z</time>
        <hdop>10.2</hdop>
      </trkpt>
      <trkpt lat="46.9252102" lon="9.3281589">
        <ele>1556.5</ele>
        <time>2026-06-13T11:42:20Z</time>
        <hdop>11.7</hdop>
      </trkpt>
      <trkpt lat="46.9252212" lon="9.3281889">
        <ele>1554.5</ele>
        <time>2026-06-13T11:42:26Z</time>
        <hdop>9.2</hdop>
        <extensions>
          <osmand:speed>1</osmand:speed>
        </extensions>
      </trkpt>
      <trkpt lat="46.9252503" lon="9.3281997">
        <ele>1552.5</ele>
        <time>2026-06-13T11:42:35Z</time>
        <hdop>13.3</hdop>
      </trkpt>
      <trkpt lat="46.925263" lon="9.328227">
        <ele>1552.5</ele>
        <time>2026-06-13T11:43:00Z</time>
        <hdop>10.2</hdop>
      </trkpt>
      <trkpt lat="46.9252453" lon="9.3282544">
        <ele>1553.5</ele>
        <time>2026-06-13T11:44:24Z</time>
        <hdop>14.8</hdop>
        <extensions>
          <osmand:speed>0.8</osmand:speed>
        </extensions>
      </trkpt>
      <trkpt lat="46.9252626" lon="9.3283558">
        <ele>1551.5</ele>
        <time>2026-06-13T11:44:30Z</time>
        <hdop>11.7</hdop>
        <extensions>
          <osmand:speed>1.2</osmand:speed>
        </extensions>
      </trkpt>
      <trkpt lat="46.9252601" lon="9.3284681">
        <ele>1550.5</ele>
        <time>2026-06-13T11:44:36Z</time>
        <hdop>8.7</hdop>
        <extensions>
          <osmand:speed>0.7</osmand:speed>
        </extensions>
      </trkpt>
      <trkpt lat="46.9252845" lon="9.3285608">
        <ele>1550.5</ele>
        <time>2026-06-13T11:44:42Z</time>
        <hdop>7.1</hdop>
        <extensions>
          <osmand:speed>1</osmand:speed>
        </extensions>
      </trkpt>
      <trkpt lat="46.9252638" lon="9.3287322">
        <ele>1549.5</ele>
        <time>2026-06-13T11:44:51Z</time>
        <hdop>14.8</hdop>
        <extensions>
          <osmand:speed>0.7</osmand:speed>
        </extensions>
      </trkpt>
      <trkpt lat="46.9251371" lon="9.3288401">
        <ele>1548.5</ele>
        <time>2026-06-13T11:44:57Z</time>
        <hdop>8.7</hdop>
        <extensions>
          <osmand:speed>1</osmand:speed>
        </extensions>
      </trkpt>
      <trkpt lat="46.9250694" lon="9.3289186">
        <ele>1549.5</ele>
        <time>2026-06-13T11:45:03Z</time>
        <hdop>8.2</hdop>
        <extensions>
          <osmand:speed>1.2</osmand:speed>
        </extensions>
      </trkpt>
      <trkpt lat="46.9250285" lon="9.328997">
        <ele>1549.5</ele>
        <time>2026-06-13T11:45:09Z</time>
        <hdop>8.7</hdop>
        <extensions>
          <osmand:speed>1.2</osmand:speed>
        </extensions>
      </trkpt>
      <trkpt lat="46.9249981" lon="9.3290919">
        <ele>1548.5</ele>
        <time>2026-06-13T11:45:15Z</time>
        <hdop>9.7</hdop>
        <extensions>
          <osmand:speed>1</osmand:speed>
        </extensions>
      </trkpt>
      <trkpt lat="46.9249728" lon="9.3292123">
        <ele>1549.5</ele>
        <time>2026-06-13T11:45:21Z</time>
        <hdop>11.7</hdop>
        <extensions>
          <osmand:speed>1.5</osmand:speed>
        </extensions>
      </trkpt>
      <trkpt lat="46.9249161" lon="9.3293325">
        <ele>1549.5</ele>
        <time>2026-06-13T11:45:27Z</time>
        <hdop>6.1</hdop>
        <extensions>
          <osmand:speed>1.2</osmand:speed>
        </extensions>
      </trkpt>
      <trkpt lat="46.9249213" lon="9.3294509">
        <ele>1549.5</ele>
        <time>2026-06-13T11:45:33Z</time>
        <hdop>6.1</hdop>
        <extensions>
          <osmand:speed>1.1</osmand:speed>
        </extensions>
      </trkpt>
      <trkpt lat="46.9248852" lon="9.3295409">
        <ele>1549.5</ele>
        <time>2026-06-13T11:45:39Z</time>
        <hdop>6.1</hdop>
        <extensions>
          <osmand:speed>0.9</osmand:speed>
        </extensions>
      </trkpt>
      <trkpt lat="46.9248163" lon="9.3296296">
        <ele>1549.5</ele>
        <time>2026-06-13T11:45:45Z</time>
        <hdop>6.1</hdop>
        <extensions>
          <osmand:speed>1.5</osmand:speed>
        </extensions>
      </trkpt>
      <trkpt lat="46.924765" lon="9.3296963">
        <ele>1549.5</ele>
        <time>2026-06-13T11:45:51Z</time>
        <hdop>7.1</hdop>
        <extensions>
          <osmand:speed>1.1</osmand:speed>
        </extensions>
      </trkpt>
      <trkpt lat="46.9247278" lon="9.329801">
        <ele>1549.5</ele>
        <time>2026-06-13T11:45:57Z</time>
        <hdop>7.1</hdop>
        <extensions>
          <osmand:speed>1</osmand:speed>
        </extensions>
      </trkpt>
      <trkpt lat="46.9246981" lon="9.3299051">
        <ele>1549.5</ele>
        <time>2026-06-13T11:46:03Z</time>
        <hdop>7.1</hdop>
        <extensions>
          <osmand:speed>0.8</osmand:speed>
        </extensions>
      </trkpt>
      <trkpt lat="46.9246829" lon="9.3300508">
        <ele>1550.5</ele>
        <time>2026-06-13T11:46:09Z</time>
        <hdop>7.7</hdop>
        <extensions>
          <osmand:speed>1.6</osmand:speed>
        </extensions>
      </trkpt>
      <trkpt lat="46.924683" lon="9.3301647">
        <ele>1549.5</ele>
        <time>2026-06-13T11:46:15Z</time>
        <hdop>7.7</hdop>
        <extensions>
          <osmand:speed>1.5</osmand:speed>
        </extensions>
      </trkpt>
      <trkpt lat="46.9246891" lon="9.3302975">
        <ele>1550.5</ele>
        <time>2026-06-13T11:46:21Z</time>
        <hdop>7.1</hdop>
        <extensions>
          <osmand:speed>1.5</osmand:speed>
        </extensions>
      </trkpt>
      <trkpt lat="46.9246774" lon="9.3304059">
        <ele>1550.5</ele>
        <time>2026-06-13T11:46:27Z</time>
        <hdop>7.1</hdop>
        <extensions>
          <osmand:speed>1.1</osmand:speed>
        </extensions>
      </trkpt>
      <trkpt lat="46.9246644" lon="9.3305163">
        <ele>1550.5</ele>
        <time>2026-06-13T11:46:33Z</time>
        <hdop>6.1</hdop>
        <extensions>
          <osmand:speed>1.4</osmand:speed>
        </extensions>
      </trkpt>
      <trkpt lat="46.9247258" lon="9.3306015">
        <ele>1551.5</ele>
        <time>2026-06-13T11:46:39Z</time>
        <hdop>6.1</hdop>
        <extensions>
          <osmand:speed>1.8</osmand:speed>
        </extensions>
      </trkpt>
      <trkpt lat="46.9247395" lon="9.330678">
        <ele>1551.5</ele>
        <time>2026-06-13T11:46:45Z</time>
        <hdop>6.6</hdop>
        <extensions>
          <osmand:speed>0.8</osmand:speed>
        </extensions>
      </trkpt>
      <trkpt lat="46.9247901" lon="9.3307825">
        <ele>1552.5</ele>
        <time>2026-06-13T11:46:51Z</time>
        <hdop>9.7</hdop>
        <extensions>
          <osmand:speed>2</osmand:speed>
        </extensions>
      </trkpt>
      <trkpt lat="46.9248238" lon="9.3308751">
        <ele>1552.5</ele>
        <time>2026-06-13T11:46:57Z</time>
        <hdop>6.1</hdop>
        <extensions>
          <osmand:speed>0.9</osmand:speed>
        </extensions>
      </trkpt>
      <trkpt lat="46.9248513" lon="9.3309931">
        <ele>1552.5</ele>
        <time>2026-06-13T11:47:03Z</time>
        <hdop>6.1</hdop>
        <extensions>
          <osmand:speed>1.5</osmand:speed>
        </extensions>
      </trkpt>
      <trkpt lat="46.9248067" lon="9.3310751">
        <ele>1551.5</ele>
        <time>2026-06-13T11:47:09Z</time>
        <hdop>7.1</hdop>
        <extensions>
          <osmand:speed>0.9</osmand:speed>
        </extensions>
      </trkpt>
      <trkpt lat="46.9247488" lon="9.3311274">
        <ele>1550.5</ele>
        <time>2026-06-13T11:47:15Z</time>
        <hdop>9.2</hdop>
        <extensions>
          <osmand:speed>1</osmand:speed>
        </extensions>
      </trkpt>
      <trkpt lat="46.9246568" lon="9.3311558">
        <ele>1549.5</ele>
        <time>2026-06-13T11:47:21Z</time>
        <hdop>12.2</hdop>
        <extensions>
          <osmand:speed>1.1</osmand:speed>
        </extensions>
      </trkpt>
      <trkpt lat="46.9245915" lon="9.3311921">
        <ele>1549.5</ele>
        <time>2026-06-13T11:47:27Z</time>
        <hdop>10.7</hdop>
        <extensions>
          <osmand:speed>1</osmand:speed>
        </extensions>
      </trkpt>
      <trkpt lat="46.9245358" lon="9.3312794">
        <ele>1549.5</ele>
        <time>2026-06-13T11:47:33Z</time>
        <hdop>9.7</hdop>
        <extensions>
          <osmand:speed>0.3</osmand:speed>
        </extensions>
      </trkpt>
      <trkpt lat="46.924497" lon="9.3313903">
        <ele>1548.5</ele>
        <time>2026-06-13T11:47:39Z</time>
        <hdop>8.2</hdop>
        <extensions>
          <osmand:speed>0.9</osmand:speed>
        </extensions>
      </trkpt>
      <trkpt lat="46.9244635" lon="9.3314792">
        <ele>1547.5</ele>
        <time>2026-06-13T11:47:45Z</time>
        <hdop>11.2</hdop>
        <extensions>
          <osmand:speed>1.1</osmand:speed>
        </extensions>
      </trkpt>
      <trkpt lat="46.9244125" lon="9.3315695">
        <ele>1547.5</ele>
        <time>2026-06-13T11:47:51Z</time>
        <hdop>10.2</hdop>
        <extensions>
          <osmand:speed>1.3</osmand:speed>
        </extensions>
      </trkpt>
      <trkpt lat="46.9243771" lon="9.3316644">
        <ele>1547.5</ele>
        <time>2026-06-13T11:47:57Z</time>
        <hdop>8.2</hdop>
        <extensions>
          <osmand:speed>0.7</osmand:speed>
        </extensions>
      </trkpt>
      <trkpt lat="46.9243217" lon="9.3318006">
        <ele>1547.5</ele>
        <time>2026-06-13T11:48:03Z</time>
        <hdop>7.7</hdop>
        <extensions>
          <osmand:speed>1.1</osmand:speed>
        </extensions>
      </trkpt>
      <trkpt lat="46.9242797" lon="9.3318714">
        <ele>1547.5</ele>
        <time>2026-06-13T11:48:09Z</time>
        <hdop>8.2</hdop>
        <extensions>
          <osmand:speed>0.8</osmand:speed>
        </extensions>
      </trkpt>
      <trkpt lat="46.9242681" lon="9.3319651">
        <ele>1546.5</ele>
        <time>2026-06-13T11:48:15Z</time>
        <hdop>6.1</hdop>
        <extensions>
          <osmand:speed>0.9</osmand:speed>
        </extensions>
      </trkpt>
      <trkpt lat="46.924236" lon="9.3320275">
        <ele>1547.5</ele>
        <time>2026-06-13T11:48:21Z</time>
        <hdop>5.6</hdop>
        <extensions>
          <osmand:speed>0.1</osmand:speed>
        </extensions>
      </trkpt>
      <trkpt lat="46.9242199" lon="9.3320414">
        <ele>1548.5</ele>
        <time>2026-06-13T11:48:27Z</time>
        <hdop>6.1</hdop>
        <extensions>
          <osmand:speed>0.3</osmand:speed>
        </extensions>
      </trkpt>
      <trkpt lat="46.9242515" lon="9.3321393">
        <ele>1548.5</ele>
        <time>2026-06-13T11:48:33Z</time>
        <hdop>8.2</hdop>
        <extensions>
          <osmand:speed>1</osmand:speed>
        </extensions>
      </trkpt>
      <trkpt lat="46.9242263" lon="9.3322291">
        <ele>1550.5</ele>
        <time>2026-06-13T11:48:39Z</time>
        <hdop>10.2</hdop>
        <extensions>
          <osmand:speed>1.5</osmand:speed>
        </extensions>
      </trkpt>
      <trkpt lat="46.9242466" lon="9.3323515">
        <ele>1551.5</ele>
        <time>2026-06-13T11:48:45Z</time>
        <hdop>10.7</hdop>
        <extensions>
          <osmand:speed>0.9</osmand:speed>
        </extensions>
      </trkpt>
      <trkpt lat="46.9242294" lon="9.3324755">
        <ele>1550.5</ele>
        <time>2026-06-13T11:48:51Z</time>
        <hdop>12.2</hdop>
        <extensions>
          <osmand:speed>1.3</osmand:speed>
        </extensions>
      </trkpt>
      <trkpt lat="46.924234" lon="9.3325783">
        <ele>1550.5</ele>
        <time>2026-06-13T11:48:57Z</time>
        <hdop>11.7</hdop>
        <extensions>
          <osmand:speed>1.1</osmand:speed>
        </extensions>
      </trkpt>
      <trkpt lat="46.9242175" lon="9.3326811">
        <ele>1549.5</ele>
        <time>2026-06-13T11:49:03Z</time>
        <hdop>9.2</hdop>
        <extensions>
          <osmand:speed>1.4</osmand:speed>
        </extensions>
      </trkpt>
      <trkpt lat="46.9242074" lon="9.3328266">
        <ele>1548.5</ele>
        <time>2026-06-13T11:49:09Z</time>
        <hdop>9.2</hdop>
        <extensions>
          <osmand:speed>0.8</osmand:speed>
        </extensions>
      </trkpt>
      <trkpt lat="46.924179" lon="9.3329137">
        <ele>1548.5</ele>
        <time>2026-06-13T11:49:15Z</time>
        <hdop>8.2</hdop>
        <extensions>
          <osmand:speed>0.8</osmand:speed>
        </extensions>
      </trkpt>
      <trkpt lat="46.9241698" lon="9.3330305">
        <ele>1548.5</ele>
        <time>2026-06-13T11:49:21Z</time>
        <hdop>7.7</hdop>
        <extensions>
          <osmand:speed>1</osmand:speed>
        </extensions>
      </trkpt>
      <trkpt lat="46.9241408" lon="9.3331263">
        <ele>1549.5</ele>
        <time>2026-06-13T11:49:27Z</time>
        <hdop>8.2</hdop>
        <extensions>
          <osmand:speed>1.2</osmand:speed>
        </extensions>
      </trkpt>
      <trkpt lat="46.9240541" lon="9.3332045">
        <ele>1550.5</ele>
        <time>2026-06-13T11:49:33Z</time>
        <hdop>8.7</hdop>
        <extensions>
          <osmand:speed>1</osmand:speed>
        </extensions>
      </trkpt>
      <trkpt lat="46.9240089" lon="9.3332981">
        <ele>1550.5</ele>
        <time>2026-06-13T11:49:39Z</time>
        <hdop>7.7</hdop>
        <extensions>
          <osmand:speed>1</osmand:speed>
        </extensions>
      </trkpt>
      <trkpt lat="46.9239555" lon="9.3334008">
        <ele>1550.5</ele>
        <time>2026-06-13T11:49:45Z</time>
        <hdop>8.2</hdop>
        <extensions>
          <osmand:speed>1.6</osmand:speed>
        </extensions>
      </trkpt>
      <trkpt lat="46.9239666" lon="9.3335074">
        <ele>1549.5</ele>
        <time>2026-06-13T11:49:51Z</time>
        <hdop>6.6</hdop>
        <extensions>
          <osmand:speed>1.4</osmand:speed>
        </extensions>
      </trkpt>
      <trkpt lat="46.9239335" lon="9.3335466">
        <ele>1549.5</ele>
        <time>2026-06-13T11:49:57Z</time>
        <hdop>6.1</hdop>
        <extensions>
          <osmand:speed>0.1</osmand:speed>
        </extensions>
      </trkpt>
      <trkpt lat="46.9239305" lon="9.3335833">
        <ele>1550.5</ele>
        <time>2026-06-13T11:50:06Z</time>
        <hdop>6.1</hdop>
        <extensions>
          <osmand:speed>0.9</osmand:speed>
        </extensions>
      </trkpt>
      <trkpt lat="46.9239146" lon="9.3336763">
        <ele>1550.5</ele>
        <time>2026-06-13T11:50:12Z</time>
        <hdop>6.6</hdop>
        <extensions>
          <osmand:speed>1.2</osmand:speed>
        </extensions>
      </trkpt>
      <trkpt lat="46.9238531" lon="9.3337601">
        <ele>1550.5</ele>
        <time>2026-06-13T11:50:18Z</time>
        <hdop>5.6</hdop>
        <extensions>
          <osmand:speed>1.5</osmand:speed>
        </extensions>
      </trkpt>
      <trkpt lat="46.9238025" lon="9.3338248">
        <ele>1550.5</ele>
        <time>2026-06-13T11:50:24Z</time>
        <hdop>8.7</hdop>
        <extensions>
          <osmand:speed>1</osmand:speed>
        </extensions>
      </trkpt>
      <trkpt lat="46.9237592" lon="9.3338699">
        <ele>1550.5</ele>
        <time>2026-06-13T11:50:30Z</time>
        <hdop>7.7</hdop>
        <extensions>
          <osmand:speed>0.4</osmand:speed>
        </extensions>
      </trkpt>
      <trkpt lat="46.9237857" lon="9.3339102">
        <ele>1549.5</ele>
        <time>2026-06-13T11:50:36Z</time>
        <hdop>7.1</hdop>
        <extensions>
          <osmand:speed>0.4</osmand:speed>
        </extensions>
      </trkpt>
      <trkpt lat="46.9237791" lon="9.3339813">
        <ele>1550.5</ele>
        <time>2026-06-13T11:50:42Z</time>
        <hdop>7.1</hdop>
        <extensions>
          <osmand:speed>1.2</osmand:speed>
        </extensions>
      </trkpt>
      <trkpt lat="46.9237903" lon="9.3340689">
        <ele>1549.5</ele>
        <time>2026-06-13T11:50:48Z</time>
        <hdop>11.7</hdop>
        <extensions>
          <osmand:speed>0.5</osmand:speed>
        </extensions>
      </trkpt>
      <trkpt lat="46.9237632" lon="9.3340816">
        <ele>1550.5</ele>
        <time>2026-06-13T11:50:54Z</time>
        <hdop>6.6</hdop>
      </trkpt>
      <trkpt lat="46.9237742" lon="9.3341158">
        <ele>1549.5</ele>
        <time>2026-06-13T11:51:01Z</time>
        <hdop>9.7</hdop>
        <extensions>
          <osmand:speed>0.9</osmand:speed>
        </extensions>
      </trkpt>
      <trkpt lat="46.9237754" lon="9.3341884">
        <ele>1549.5</ele>
        <time>2026-06-13T11:51:07Z</time>
        <hdop>10.2</hdop>
        <extensions>
          <osmand:speed>1.2</osmand:speed>
        </extensions>
      </trkpt>
      <trkpt lat="46.9237736" lon="9.334269">
        <ele>1549.5</ele>
        <time>2026-06-13T11:51:13Z</time>
        <hdop>11.7</hdop>
        <extensions>
          <osmand:speed>0.2</osmand:speed>
        </extensions>
      </trkpt>
      <trkpt lat="46.9237925" lon="9.3343309">
        <ele>1549.5</ele>
        <time>2026-06-13T11:51:19Z</time>
        <hdop>9.7</hdop>
        <extensions>
          <osmand:speed>0.8</osmand:speed>
        </extensions>
      </trkpt>
      <trkpt lat="46.9238296" lon="9.3344336">
        <ele>1549.5</ele>
        <time>2026-06-13T11:51:25Z</time>
        <hdop>9.2</hdop>
        <extensions>
          <osmand:speed>1.3</osmand:speed>
        </extensions>
      </trkpt>
      <trkpt lat="46.9238608" lon="9.3345517">
        <ele>1549.5</ele>
        <time>2026-06-13T11:51:31Z</time>
        <hdop>10.2</hdop>
        <extensions>
          <osmand:speed>1.1</osmand:speed>
        </extensions>
      </trkpt>
      <trkpt lat="46.9238551" lon="9.3346341">
        <ele>1548.5</ele>
        <time>2026-06-13T11:51:37Z</time>
        <hdop>8.2</hdop>
        <extensions>
          <osmand:speed>1.8</osmand:speed>
        </extensions>
      </trkpt>
      <trkpt lat="46.9238732" lon="9.334634">
        <ele>1546.5</ele>
        <time>2026-06-13T11:51:45Z</time>
        <hdop>6.1</hdop>
        <extensions>
          <osmand:speed>0.6</osmand:speed>
        </extensions>
      </trkpt>
      <trkpt lat="46.9238987" lon="9.3347071">
        <ele>1546.5</ele>
        <time>2026-06-13T11:51:51Z</time>
        <hdop>7.7</hdop>
        <extensions>
          <osmand:speed>1.1</osmand:speed>
        </extensions>
      </trkpt>
      <trkpt lat="46.9238821" lon="9.3347935">
        <ele>1546.5</ele>
        <time>2026-06-13T11:51:57Z</time>
        <hdop>6.1</hdop>
        <extensions>
          <osmand:speed>1.1</osmand:speed>
        </extensions>
      </trkpt>
      <trkpt lat="46.9238737" lon="9.3348631">
        <ele>1545.5</ele>
        <time>2026-06-13T11:52:03Z</time>
        <hdop>9.7</hdop>
        <extensions>
          <osmand:speed>1.1</osmand:speed>
        </extensions>
      </trkpt>
      <trkpt lat="46.9238655" lon="9.3349816">
        <ele>1545.5</ele>
        <time>2026-06-13T11:52:09Z</time>
        <hdop>11.2</hdop>
        <extensions>
          <osmand:speed>1</osmand:speed>
        </extensions>
      </trkpt>
      <trkpt lat="46.9238506" lon="9.3350902">
        <ele>1544.5</ele>
        <time>2026-06-13T11:52:15Z</time>
        <hdop>10.2</hdop>
        <extensions>
          <osmand:speed>1.3</osmand:speed>
        </extensions>
      </trkpt>
      <trkpt lat="46.9238789" lon="9.3352187">
        <ele>1544.5</ele>
        <time>2026-06-13T11:52:21Z</time>
        <hdop>10.7</hdop>
        <extensions>
          <osmand:speed>0.6</osmand:speed>
        </extensions>
      </trkpt>
      <trkpt lat="46.9238707" lon="9.3353358">
        <ele>1544.5</ele>
        <time>2026-06-13T11:52:27Z</time>
        <hdop>8.7</hdop>
        <extensions>
          <osmand:speed>1.4</osmand:speed>
        </extensions>
      </trkpt>
      <trkpt lat="46.9238236" lon="9.335459">
        <ele>1545.5</ele>
        <time>2026-06-13T11:52:33Z</time>
        <hdop>8.7</hdop>
        <extensions>
          <osmand:speed>1</osmand:speed>
        </extensions>
      </trkpt>
      <trkpt lat="46.9238018" lon="9.335568">
        <ele>1545.5</ele>
        <time>2026-06-13T11:52:39Z</time>
        <hdop>9.2</hdop>
        <extensions>
          <osmand:speed>0.6</osmand:speed>
        </extensions>
      </trkpt>
      <trkpt lat="46.9237504" lon="9.3356521">
        <ele>1546.5</ele>
        <time>2026-06-13T11:52:45Z</time>
        <hdop>11.2</hdop>
        <extensions>
          <osmand:speed>1.5</osmand:speed>
        </extensions>
      </trkpt>
      <trkpt lat="46.9237153" lon="9.3357527">
        <ele>1546.5</ele>
        <time>2026-06-13T11:52:51Z</time>
        <hdop>8.7</hdop>
        <extensions>
          <osmand:speed>1</osmand:speed>
        </extensions>
      </trkpt>
      <trkpt lat="46.9237223" lon="9.3358466">
        <ele>1545.5</ele>
        <time>2026-06-13T11:52:57Z</time>
        <hdop>10.2</hdop>
        <extensions>
          <osmand:speed>0.8</osmand:speed>
        </extensions>
      </trkpt>
      <trkpt lat="46.9236915" lon="9.3359535">
        <ele>1545.5</ele>
        <time>2026-06-13T11:53:03Z</time>
        <hdop>10.7</hdop>
        <extensions>
          <osmand:speed>1.2</osmand:speed>
        </extensions>
      </trkpt>
      <trkpt lat="46.9236788" lon="9.336068">
        <ele>1544.5</ele>
        <time>2026-06-13T11:53:09Z</time>
        <hdop>8.2</hdop>
        <extensions>
          <osmand:speed>0.8</osmand:speed>
        </extensions>
      </trkpt>
      <trkpt lat="46.9236521" lon="9.3361708">
        <ele>1543.5</ele>
        <time>2026-06-13T11:53:15Z</time>
        <hdop>10.7</hdop>
        <extensions>
          <osmand:speed>0.8</osmand:speed>
        </extensions>
      </trkpt>
      <trkpt lat="46.9236497" lon="9.3362836">
        <ele>1543.5</ele>
        <time>2026-06-13T11:53:21Z</time>
        <hdop>9.2</hdop>
        <extensions>
          <osmand:speed>0.8</osmand:speed>
        </extensions>
      </trkpt>
      <trkpt lat="46.9236353" lon="9.3363833">
        <ele>1542.5</ele>
        <time>2026-06-13T11:53:27Z</time>
        <hdop>9.7</hdop>
        <extensions>
          <osmand:speed>0.7</osmand:speed>
        </extensions>
      </trkpt>
      <trkpt lat="46.9236153" lon="9.3365024">
        <ele>1542.5</ele>
        <time>2026-06-13T11:53:33Z</time>
        <hdop>7.1</hdop>
        <extensions>
          <osmand:speed>1</osmand:speed>
        </extensions>
      </trkpt>
      <trkpt lat="46.923577" lon="9.3366288">
        <ele>1543.5</ele>
        <time>2026-06-13T11:53:39Z</time>
        <hdop>7.7</hdop>
        <extensions>
          <osmand:speed>2</osmand:speed>
        </extensions>
      </trkpt>
      <trkpt lat="46.9235301" lon="9.3367672">
        <ele>1544.5</ele>
        <time>2026-06-13T11:53:45Z</time>
        <hdop>7.1</hdop>
        <extensions>
          <osmand:speed>1.9</osmand:speed>
        </extensions>
      </trkpt>
      <trkpt lat="46.9235271" lon="9.3368912">
        <ele>1546.5</ele>
        <time>2026-06-13T11:53:51Z</time>
        <hdop>7.7</hdop>
        <extensions>
          <osmand:speed>1.1</osmand:speed>
        </extensions>
      </trkpt>
      <trkpt lat="46.9235323" lon="9.3370015">
        <ele>1547.5</ele>
        <time>2026-06-13T11:53:57Z</time>
        <hdop>9.7</hdop>
        <extensions>
          <osmand:speed>0.4</osmand:speed>
        </extensions>
      </trkpt>
      <trkpt lat="46.9235194" lon="9.3370996">
        <ele>1547.5</ele>
        <time>2026-06-13T11:54:03Z</time>
        <hdop>8.7</hdop>
        <extensions>
          <osmand:speed>1</osmand:speed>
        </extensions>
      </trkpt>
      <trkpt lat="46.9235542" lon="9.3371872">
        <ele>1548.5</ele>
        <time>2026-06-13T11:54:09Z</time>
        <hdop>7.7</hdop>
        <extensions>
          <osmand:speed>1.4</osmand:speed>
        </extensions>
      </trkpt>
      <trkpt lat="46.9236112" lon="9.3372837">
        <ele>1547.5</ele>
        <time>2026-06-13T11:54:15Z</time>
        <hdop>7.7</hdop>
        <extensions>
          <osmand:speed>0.9</osmand:speed>
        </extensions>
      </trkpt>
      <trkpt lat="46.9236669" lon="9.3373786">
        <ele>1546.5</ele>
        <time>2026-06-13T11:54:21Z</time>
        <hdop>7.1</hdop>
        <extensions>
          <osmand:speed>1.4</osmand:speed>
        </extensions>
      </trkpt>
      <trkpt lat="46.923705" lon="9.3374857">
        <ele>1546.5</ele>
        <time>2026-06-13T11:54:27Z</time>
        <hdop>6.1</hdop>
        <extensions>
          <osmand:speed>1.3</osmand:speed>
        </extensions>
      </trkpt>
      <trkpt lat="46.9237547" lon="9.3375975">
        <ele>1546.5</ele>
        <time>2026-06-13T11:54:33Z</time>
        <hdop>7.1</hdop>
        <extensions>
          <osmand:speed>1.3</osmand:speed>
        </extensions>
      </trkpt>
      <trkpt lat="46.9238275" lon="9.3376991">
        <ele>1547.5</ele>
        <time>2026-06-13T11:54:39Z</time>
        <hdop>8.2</hdop>
        <extensions>
          <osmand:speed>1.2</osmand:speed>
        </extensions>
      </trkpt>
      <trkpt lat="46.9238591" lon="9.3378103">
        <ele>1547.5</ele>
        <time>2026-06-13T11:54:45Z</time>
        <hdop>7.1</hdop>
        <extensions>
          <osmand:speed>1.5</osmand:speed>
        </extensions>
      </trkpt>
      <trkpt lat="46.9239124" lon="9.3379198">
        <ele>1548.5</ele>
        <time>2026-06-13T11:54:51Z</time>
        <hdop>6.6</hdop>
        <extensions>
          <osmand:speed>1.6</osmand:speed>
        </extensions>
      </trkpt>
      <trkpt lat="46.9239563" lon="9.3380361">
        <ele>1548.5</ele>
        <time>2026-06-13T11:54:57Z</time>
        <hdop>7.1</hdop>
        <extensions>
          <osmand:speed>1.5</osmand:speed>
        </extensions>
      </trkpt>
      <trkpt lat="46.9240125" lon="9.3381224">
        <ele>1549.5</ele>
        <time>2026-06-13T11:55:03Z</time>
        <hdop>7.7</hdop>
        <extensions>
          <osmand:speed>1.5</osmand:speed>
        </extensions>
      </trkpt>
      <trkpt lat="46.9240854" lon="9.3381917">
        <ele>1547.5</ele>
        <time>2026-06-13T11:55:09Z</time>
        <hdop>9.7</hdop>
        <extensions>
          <osmand:speed>1.7</osmand:speed>
        </extensions>
      </trkpt>
      <trkpt lat="46.9241341" lon="9.3382636">
        <ele>1546.5</ele>
        <time>2026-06-13T11:55:15Z</time>
        <hdop>7.7</hdop>
        <extensions>
          <osmand:speed>0.9</osmand:speed>
        </extensions>
      </trkpt>
      <trkpt lat="46.9241691" lon="9.3383279">
        <ele>1545.5</ele>
        <time>2026-06-13T11:55:21Z</time>
        <hdop>7.7</hdop>
        <extensions>
          <osmand:speed>0.7</osmand:speed>
        </extensions>
      </trkpt>
      <trkpt lat="46.9241592" lon="9.3383617">
        <ele>1546.5</ele>
        <time>2026-06-13T11:55:32Z</time>
        <hdop>8.2</hdop>
        <extensions>
          <osmand:speed>0.3</osmand:speed>
        </extensions>
      </trkpt>
      <trkpt lat="46.9241592" lon="9.3383881">
        <ele>1546.5</ele>
        <time>2026-06-13T11:55:54Z</time>
        <hdop>5.1</hdop>
        <extensions>
          <osmand:speed>0</osmand:speed>
        </extensions>
      </trkpt>
      <trkpt lat="46.9241749" lon="9.3384036">
        <ele>1550.5</ele>
        <time>2026-06-13T11:56:12Z</time>
        <hdop>6.6</hdop>
        <extensions>
          <osmand:speed>0.8</osmand:speed>
        </extensions>
      </trkpt>
      <trkpt lat="46.9242103" lon="9.3384479">
        <ele>1550.5</ele>
        <time>2026-06-13T11:56:18Z</time>
        <hdop>8.2</hdop>
        <extensions>
          <osmand:speed>1.2</osmand:speed>
        </extensions>
      </trkpt>
      <trkpt lat="46.9242618" lon="9.3385087">
        <ele>1550.5</ele>
        <time>2026-06-13T11:56:24Z</time>
        <hdop>11.7</hdop>
        <extensions>
          <osmand:speed>0.6</osmand:speed>
        </extensions>
      </trkpt>
      <trkpt lat="46.9242837" lon="9.3385366">
        <ele>1548.5</ele>
        <time>2026-06-13T11:56:32Z</time>
        <hdop>8.2</hdop>
        <extensions>
          <osmand:speed>1.4</osmand:speed>
        </extensions>
      </trkpt>
      <trkpt lat="46.9243236" lon="9.3385898">
        <ele>1548.5</ele>
        <time>2026-06-13T11:56:38Z</time>
        <hdop>7.1</hdop>
        <extensions>
          <osmand:speed>1</osmand:speed>
        </extensions>
      </trkpt>
      <trkpt lat="46.9243742" lon="9.3386395">
        <ele>1549.5</ele>
        <time>2026-06-13T11:56:44Z</time>
        <hdop>12.2</hdop>
        <extensions>
          <osmand:speed>1</osmand:speed>
        </extensions>
      </trkpt>
      <trkpt lat="46.92441" lon="9.3387081">
        <ele>1549.5</ele>
        <time>2026-06-13T11:56:50Z</time>
        <hdop>8.2</hdop>
        <extensions>
          <osmand:speed>0.7</osmand:speed>
        </extensions>
      </trkpt>
      <trkpt lat="46.9244716" lon="9.3387345">
        <ele>1551.5</ele>
        <time>2026-06-13T11:56:56Z</time>
        <hdop>10.7</hdop>
        <extensions>
          <osmand:speed>0.2</osmand:speed>
        </extensions>
      </trkpt>
      <trkpt lat="46.924504" lon="9.3387494">
        <ele>1552.5</ele>
        <time>2026-06-13T11:57:02Z</time>
        <hdop>8.2</hdop>
        <extensions>
          <osmand:speed>0.9</osmand:speed>
        </extensions>
      </trkpt>
      <trkpt lat="46.9245334" lon="9.3387963">
        <ele>1552.5</ele>
        <time>2026-06-13T11:57:08Z</time>
        <hdop>11.2</hdop>
        <extensions>
          <osmand:speed>0.5</osmand:speed>
        </extensions>
      </trkpt>
      <trkpt lat="46.9250381" lon="9.339162">
        <ele>1557.5</ele>
        <time>2026-06-13T11:57:58Z</time>
        <hdop>14.3</hdop>
        <extensions>
          <osmand:speed>0.4</osmand:speed>
        </extensions>
      </trkpt>
      <trkpt lat="46.9250633" lon="9.339277">
        <ele>1563.5</ele>
        <time>2026-06-13T11:58:05Z</time>
        <hdop>12.8</hdop>
        <extensions>
          <osmand:speed>0.5</osmand:speed>
        </extensions>
      </trkpt>
      <trkpt lat="46.9251019" lon="9.3393282">
        <ele>1563.5</ele>
        <time>2026-06-13T11:58:11Z</time>
        <hdop>13.8</hdop>
        <extensions>
          <osmand:speed>0.5</osmand:speed>
        </extensions>
      </trkpt>
      <trkpt lat="46.9251211" lon="9.3394199">
        <ele>1563.5</ele>
        <time>2026-06-13T11:58:17Z</time>
        <hdop>9.2</hdop>
        <extensions>
          <osmand:speed>0.3</osmand:speed>
        </extensions>
      </trkpt>
      <trkpt lat="46.9251032" lon="9.3394867">
        <ele>1563.5</ele>
        <time>2026-06-13T11:58:23Z</time>
        <hdop>13.8</hdop>
        <extensions>
          <osmand:speed>1.3</osmand:speed>
        </extensions>
      </trkpt>
      <trkpt lat="46.9251349" lon="9.339618">
        <ele>1564.5</ele>
        <time>2026-06-13T11:58:29Z</time>
        <hdop>13.3</hdop>
        <extensions>
          <osmand:speed>0.7</osmand:speed>
        </extensions>
      </trkpt>
      <trkpt lat="46.9251729" lon="9.3396822">
        <ele>1566.5</ele>
        <time>2026-06-13T11:58:35Z</time>
        <hdop>11.7</hdop>
        <extensions>
          <osmand:speed>1</osmand:speed>
        </extensions>
      </trkpt>
      <trkpt lat="46.9251668" lon="9.3397793">
        <ele>1566.5</ele>
        <time>2026-06-13T11:58:41Z</time>
        <hdop>11.2</hdop>
        <extensions>
          <osmand:speed>0.9</osmand:speed>
        </extensions>
      </trkpt>
      <trkpt lat="46.9251695" lon="9.3398889">
        <ele>1566.5</ele>
        <time>2026-06-13T11:58:47Z</time>
        <hdop>10.2</hdop>
        <extensions>
          <osmand:speed>1.3</osmand:speed>
        </extensions>
      </trkpt>
      <trkpt lat="46.9251589" lon="9.3399606">
        <ele>1566.5</ele>
        <time>2026-06-13T11:58:53Z</time>
        <hdop>13.8</hdop>
        <extensions>
          <osmand:speed>0.4</osmand:speed>
        </extensions>
      </trkpt>
      <trkpt lat="46.9251741" lon="9.3400332">
        <ele>1565.5</ele>
        <time>2026-06-13T11:58:59Z</time>
        <hdop>11.7</hdop>
        <extensions>
          <osmand:speed>0.8</osmand:speed>
        </extensions>
      </trkpt>
      <trkpt lat="46.9252111" lon="9.3401297">
        <ele>1566.5</ele>
        <time>2026-06-13T11:59:05Z</time>
        <hdop>8.7</hdop>
        <extensions>
          <osmand:speed>1.6</osmand:speed>
        </extensions>
      </trkpt>
      <trkpt lat="46.9252436" lon="9.3402546">
        <ele>1567.5</ele>
        <time>2026-06-13T11:59:11Z</time>
        <hdop>8.2</hdop>
        <extensions>
          <osmand:speed>1.3</osmand:speed>
        </extensions>
      </trkpt>
      <trkpt lat="46.9252478" lon="9.3403727">
        <ele>1568.5</ele>
        <time>2026-06-13T11:59:17Z</time>
        <hdop>8.2</hdop>
        <extensions>
          <osmand:speed>1</osmand:speed>
        </extensions>
      </trkpt>
      <trkpt lat="46.9251897" lon="9.3404551">
        <ele>1567.5</ele>
        <time>2026-06-13T11:59:23Z</time>
        <hdop>12.2</hdop>
        <extensions>
          <osmand:speed>1.1</osmand:speed>
        </extensions>
      </trkpt>
      <trkpt lat="46.9251461" lon="9.3405742">
        <ele>1566.5</ele>
        <time>2026-06-13T11:59:29Z</time>
        <hdop>8.2</hdop>
        <extensions>
          <osmand:speed>1.6</osmand:speed>
        </extensions>
      </trkpt>
      <trkpt lat="46.9251471" lon="9.3406953">
        <ele>1566.5</ele>
        <time>2026-06-13T11:59:35Z</time>
        <hdop>8.2</hdop>
        <extensions>
          <osmand:speed>1.6</osmand:speed>
        </extensions>
      </trkpt>
      <trkpt lat="46.9251334" lon="9.3408142">
        <ele>1565.5</ele>
        <time>2026-06-13T11:59:41Z</time>
        <hdop>7.7</hdop>
        <extensions>
          <osmand:speed>1.1</osmand:speed>
        </extensions>
      </trkpt>
      <trkpt lat="46.9251528" lon="9.3408957">
        <ele>1566.5</ele>
        <time>2026-06-13T11:59:47Z</time>
        <hdop>9.7</hdop>
        <extensions>
          <osmand:speed>1</osmand:speed>
        </extensions>
      </trkpt>
      <trkpt lat="46.9251904" lon="9.3409896">
        <ele>1566.5</ele>
        <time>2026-06-13T11:59:53Z</time>
        <hdop>11.2</hdop>
        <extensions>
          <osmand:speed>1.1</osmand:speed>
        </extensions>
      </trkpt>
      <trkpt lat="46.9252312" lon="9.3410481">
        <ele>1566.5</ele>
        <time>2026-06-13T11:59:59Z</time>
        <hdop>12.2</hdop>
        <extensions>
          <osmand:speed>1.4</osmand:speed>
        </extensions>
      </trkpt>
      <trkpt lat="46.9252483" lon="9.34117">
        <ele>1566.5</ele>
        <time>2026-06-13T12:00:05Z</time>
        <hdop>10.7</hdop>
        <extensions>
          <osmand:speed>1</osmand:speed>
        </extensions>
      </trkpt>
      <trkpt lat="46.9252732" lon="9.3412883">
        <ele>1566.5</ele>
        <time>2026-06-13T12:00:11Z</time>
        <hdop>12.2</hdop>
        <extensions>
          <osmand:speed>1.4</osmand:speed>
        </extensions>
      </trkpt>
      <trkpt lat="46.9252442" lon="9.3414195">
        <ele>1566.5</ele>
        <time>2026-06-13T12:00:17Z</time>
        <hdop>10.7</hdop>
        <extensions>
          <osmand:speed>1.1</osmand:speed>
        </extensions>
      </trkpt>
      <trkpt lat="46.9252234" lon="9.3415595">
        <ele>1566.5</ele>
        <time>2026-06-13T12:00:23Z</time>
        <hdop>10.2</hdop>
        <extensions>
          <osmand:speed>0.9</osmand:speed>
        </extensions>
      </trkpt>
      <trkpt lat="46.9251975" lon="9.3416645">
        <ele>1567.5</ele>
        <time>2026-06-13T12:00:29Z</time>
        <hdop>13.3</hdop>
        <extensions>
          <osmand:speed>0.8</osmand:speed>
        </extensions>
      </trkpt>
      <trkpt lat="46.9251757" lon="9.3417661">
        <ele>1565.5</ele>
        <time>2026-06-13T12:00:35Z</time>
        <hdop>12.2</hdop>
        <extensions>
          <osmand:speed>1.5</osmand:speed>
        </extensions>
      </trkpt>
      <trkpt lat="46.9251717" lon="9.3419061">
        <ele>1566.5</ele>
        <time>2026-06-13T12:00:41Z</time>
        <hdop>9.7</hdop>
        <extensions>
          <osmand:speed>1.2</osmand:speed>
        </extensions>
      </trkpt>
      <trkpt lat="46.9251999" lon="9.3420203">
        <ele>1565.5</ele>
        <time>2026-06-13T12:00:47Z</time>
        <hdop>11.2</hdop>
        <extensions>
          <osmand:speed>1.6</osmand:speed>
        </extensions>
      </trkpt>
      <trkpt lat="46.9252193" lon="9.3421447">
        <ele>1563.5</ele>
        <time>2026-06-13T12:00:53Z</time>
        <hdop>9.2</hdop>
        <extensions>
          <osmand:speed>0.8</osmand:speed>
        </extensions>
      </trkpt>
      <trkpt lat="46.9252244" lon="9.3422454">
        <ele>1561.5</ele>
        <time>2026-06-13T12:00:59Z</time>
        <hdop>14.8</hdop>
        <extensions>
          <osmand:speed>0.7</osmand:speed>
        </extensions>
      </trkpt>
      <trkpt lat="46.9251688" lon="9.3423762">
        <ele>1559.5</ele>
        <time>2026-06-13T12:01:05Z</time>
        <hdop>11.2</hdop>
        <extensions>
          <osmand:speed>1.3</osmand:speed>
        </extensions>
      </trkpt>
      <trkpt lat="46.9252064" lon="9.3424716">
        <ele>1558.5</ele>
        <time>2026-06-13T12:01:11Z</time>
        <hdop>9.7</hdop>
        <extensions>
          <osmand:speed>0.7</osmand:speed>
        </extensions>
      </trkpt>
      <trkpt lat="46.9251989" lon="9.3425849">
        <ele>1556.5</ele>
        <time>2026-06-13T12:01:17Z</time>
        <hdop>11.2</hdop>
        <extensions>
          <osmand:speed>0.6</osmand:speed>
        </extensions>
      </trkpt>
      <trkpt lat="46.9251769" lon="9.3426898">
        <ele>1553.5</ele>
        <time>2026-06-13T12:01:23Z</time>
        <hdop>9.2</hdop>
        <extensions>
          <osmand:speed>1</osmand:speed>
        </extensions>
      </trkpt>
      <trkpt lat="46.9251916" lon="9.3427891">
        <ele>1553.5</ele>
        <time>2026-06-13T12:01:29Z</time>
        <hdop>8.7</hdop>
        <extensions>
          <osmand:speed>1.1</osmand:speed>
        </extensions>
      </trkpt>
      <trkpt lat="46.9251901" lon="9.3428664">
        <ele>1551.5</ele>
        <time>2026-06-13T12:01:35Z</time>
        <hdop>8.2</hdop>
        <extensions>
          <osmand:speed>0.9</osmand:speed>
        </extensions>
      </trkpt>
      <trkpt lat="46.925151" lon="9.3429993">
        <ele>1551.5</ele>
        <time>2026-06-13T12:01:41Z</time>
        <hdop>6.1</hdop>
        <extensions>
          <osmand:speed>1.2</osmand:speed>
        </extensions>
      </trkpt>
      <trkpt lat="46.9250504" lon="9.3429822">
        <ele>1550.5</ele>
        <time>2026-06-13T12:01:47Z</time>
        <hdop>5.1</hdop>
        <extensions>
          <osmand:speed>1.6</osmand:speed>
        </extensions>
      </trkpt>
      <trkpt lat="46.925004" lon="9.3429118">
        <ele>1549.5</ele>
        <time>2026-06-13T12:01:53Z</time>
        <hdop>7.1</hdop>
        <extensions>
          <osmand:speed>1.2</osmand:speed>
        </extensions>
      </trkpt>
      <trkpt lat="46.9249671" lon="9.3428397">
        <ele>1547.5</ele>
        <time>2026-06-13T12:01:59Z</time>
        <hdop>11.7</hdop>
        <extensions>
          <osmand:speed>1</osmand:speed>
        </extensions>
      </trkpt>
      <trkpt lat="46.9249339" lon="9.3427335">
        <ele>1546.5</ele>
        <time>2026-06-13T12:02:05Z</time>
        <hdop>9.2</hdop>
        <extensions>
          <osmand:speed>1.2</osmand:speed>
        </extensions>
      </trkpt>
      <trkpt lat="46.924899" lon="9.3426641">
        <ele>1546.5</ele>
        <time>2026-06-13T12:02:11Z</time>
        <hdop>8.7</hdop>
        <extensions>
          <osmand:speed>0.7</osmand:speed>
        </extensions>
      </trkpt>
      <trkpt lat="46.9248401" lon="9.3425484">
        <ele>1544.5</ele>
        <time>2026-06-13T12:02:17Z</time>
        <hdop>10.7</hdop>
        <extensions>
          <osmand:speed>1.1</osmand:speed>
        </extensions>
      </trkpt>
      <trkpt lat="46.9248174" lon="9.3424613">
        <ele>1541.5</ele>
        <time>2026-06-13T12:02:23Z</time>
        <hdop>12.2</hdop>
        <extensions>
          <osmand:speed>1.3</osmand:speed>
        </extensions>
      </trkpt>
      <trkpt lat="46.9247816" lon="9.3423216">
        <ele>1540.5</ele>
        <time>2026-06-13T12:02:29Z</time>
        <hdop>10.2</hdop>
        <extensions>
          <osmand:speed>1.4</osmand:speed>
        </extensions>
      </trkpt>
      <trkpt lat="46.9247484" lon="9.3421861">
        <ele>1537.5</ele>
        <time>2026-06-13T12:02:35Z</time>
        <hdop>10.2</hdop>
        <extensions>
          <osmand:speed>1</osmand:speed>
        </extensions>
      </trkpt>
      <trkpt lat="46.9247853" lon="9.3420917">
        <ele>1535.5</ele>
        <time>2026-06-13T12:02:41Z</time>
        <hdop>9.2</hdop>
        <extensions>
          <osmand:speed>1</osmand:speed>
        </extensions>
      </trkpt>
      <trkpt lat="46.9247884" lon="9.342012">
        <ele>1534.5</ele>
        <time>2026-06-13T12:02:47Z</time>
        <hdop>8.7</hdop>
        <extensions>
          <osmand:speed>1.4</osmand:speed>
        </extensions>
      </trkpt>
      <trkpt lat="46.9247649" lon="9.3419">
        <ele>1532.5</ele>
        <time>2026-06-13T12:02:53Z</time>
        <hdop>9.7</hdop>
        <extensions>
          <osmand:speed>1.6</osmand:speed>
        </extensions>
      </trkpt>
      <trkpt lat="46.9247173" lon="9.3417597">
        <ele>1530.5</ele>
        <time>2026-06-13T12:02:59Z</time>
        <hdop>7.7</hdop>
        <extensions>
          <osmand:speed>1.3</osmand:speed>
        </extensions>
      </trkpt>
      <trkpt lat="46.9246759" lon="9.3416673">
        <ele>1529.5</ele>
        <time>2026-06-13T12:03:05Z</time>
        <hdop>7.7</hdop>
        <extensions>
          <osmand:speed>1.1</osmand:speed>
        </extensions>
      </trkpt>
      <trkpt lat="46.9246178" lon="9.3416919">
        <ele>1527.5</ele>
        <time>2026-06-13T12:03:11Z</time>
        <hdop>6.1</hdop>
        <extensions>
          <osmand:speed>1.1</osmand:speed>
        </extensions>
      </trkpt>
      <trkpt lat="46.9246306" lon="9.341767">
        <ele>1527.5</ele>
        <time>2026-06-13T12:03:17Z</time>
        <hdop>11.7</hdop>
        <extensions>
          <osmand:speed>0.8</osmand:speed>
        </extensions>
      </trkpt>
      <trkpt lat="46.9246375" lon="9.3418567">
        <ele>1527.5</ele>
        <time>2026-06-13T12:03:23Z</time>
        <hdop>9.2</hdop>
        <extensions>
          <osmand:speed>0.8</osmand:speed>
        </extensions>
      </trkpt>
      <trkpt lat="46.92465" lon="9.3419254">
        <ele>1528.5</ele>
        <time>2026-06-13T12:03:29Z</time>
        <hdop>10.2</hdop>
        <extensions>
          <osmand:speed>1.1</osmand:speed>
        </extensions>
      </trkpt>
      <trkpt lat="46.9246284" lon="9.3420326">
        <ele>1526.5</ele>
        <time>2026-06-13T12:03:35Z</time>
        <hdop>7.7</hdop>
        <extensions>
          <osmand:speed>0.8</osmand:speed>
        </extensions>
      </trkpt>
      <trkpt lat="46.924585" lon="9.3421292">
        <ele>1524.5</ele>
        <time>2026-06-13T12:03:41Z</time>
        <hdop>7.1</hdop>
        <extensions>
          <osmand:speed>1.3</osmand:speed>
        </extensions>
      </trkpt>
      <trkpt lat="46.9245528" lon="9.3422495">
        <ele>1523.5</ele>
        <time>2026-06-13T12:03:47Z</time>
        <hdop>5.6</hdop>
        <extensions>
          <osmand:speed>0.6</osmand:speed>
        </extensions>
      </trkpt>
      <trkpt lat="46.9245295" lon="9.3423324">
        <ele>1521.5</ele>
        <time>2026-06-13T12:03:53Z</time>
        <hdop>5.6</hdop>
        <extensions>
          <osmand:speed>1.2</osmand:speed>
        </extensions>
      </trkpt>
      <trkpt lat="46.9245153" lon="9.3424508">
        <ele>1521.5</ele>
        <time>2026-06-13T12:03:59Z</time>
        <hdop>6.6</hdop>
        <extensions>
          <osmand:speed>1</osmand:speed>
        </extensions>
      </trkpt>
      <trkpt lat="46.9244583" lon="9.3425496">
        <ele>1519.5</ele>
        <time>2026-06-13T12:04:05Z</time>
        <hdop>6.1</hdop>
        <extensions>
          <osmand:speed>1.2</osmand:speed>
        </extensions>
      </trkpt>
      <trkpt lat="46.9244089" lon="9.3426362">
        <ele>1517.5</ele>
        <time>2026-06-13T12:04:11Z</time>
        <hdop>5.6</hdop>
        <extensions>
          <osmand:speed>1.2</osmand:speed>
        </extensions>
      </trkpt>
      <trkpt lat="46.9243882" lon="9.3427487">
        <ele>1517.5</ele>
        <time>2026-06-13T12:04:17Z</time>
        <hdop>6.1</hdop>
        <extensions>
          <osmand:speed>1</osmand:speed>
        </extensions>
      </trkpt>
      <trkpt lat="46.9243503" lon="9.3428371">
        <ele>1514.5</ele>
        <time>2026-06-13T12:04:23Z</time>
        <hdop>6.1</hdop>
        <extensions>
          <osmand:speed>1.2</osmand:speed>
        </extensions>
      </trkpt>
      <trkpt lat="46.9243397" lon="9.3429264">
        <ele>1514.5</ele>
        <time>2026-06-13T12:04:29Z</time>
        <hdop>6.6</hdop>
        <extensions>
          <osmand:speed>1</osmand:speed>
        </extensions>
      </trkpt>
      <trkpt lat="46.9243185" lon="9.3430185">
        <ele>1513.5</ele>
        <time>2026-06-13T12:04:35Z</time>
        <hdop>6.1</hdop>
        <extensions>
          <osmand:speed>1.1</osmand:speed>
        </extensions>
      </trkpt>
      <trkpt lat="46.9242978" lon="9.3431173">
        <ele>1512.5</ele>
        <time>2026-06-13T12:04:41Z</time>
        <hdop>5.6</hdop>
        <extensions>
          <osmand:speed>1.3</osmand:speed>
        </extensions>
      </trkpt>
      <trkpt lat="46.9242843" lon="9.3432525">
        <ele>1511.5</ele>
        <time>2026-06-13T12:04:47Z</time>
        <hdop>5.6</hdop>
        <extensions>
          <osmand:speed>1.2</osmand:speed>
        </extensions>
      </trkpt>
      <trkpt lat="46.9242943" lon="9.3433469">
        <ele>1510.5</ele>
        <time>2026-06-13T12:04:53Z</time>
        <hdop>4.6</hdop>
        <extensions>
          <osmand:speed>1.1</osmand:speed>
        </extensions>
      </trkpt>
      <trkpt lat="46.9243517" lon="9.343436">
        <ele>1509.5</ele>
        <time>2026-06-13T12:04:59Z</time>
        <hdop>5.6</hdop>
        <extensions>
          <osmand:speed>1.3</osmand:speed>
        </extensions>
      </trkpt>
      <trkpt lat="46.9243534" lon="9.343542">
        <ele>1508.5</ele>
        <time>2026-06-13T12:05:05Z</time>
        <hdop>5.6</hdop>
        <extensions>
          <osmand:speed>1.2</osmand:speed>
        </extensions>
      </trkpt>
      <trkpt lat="46.9243032" lon="9.3436379">
        <ele>1508.5</ele>
        <time>2026-06-13T12:05:11Z</time>
        <hdop>4.6</hdop>
        <extensions>
          <osmand:speed>1.1</osmand:speed>
        </extensions>
      </trkpt>
      <trkpt lat="46.9242257" lon="9.3436737">
        <ele>1506.5</ele>
        <time>2026-06-13T12:05:17Z</time>
        <hdop>5.1</hdop>
        <extensions>
          <osmand:speed>1</osmand:speed>
        </extensions>
      </trkpt>
      <trkpt lat="46.9241447" lon="9.3436642">
        <ele>1504.5</ele>
        <time>2026-06-13T12:05:23Z</time>
        <hdop>5.6</hdop>
        <extensions>
          <osmand:speed>0.9</osmand:speed>
        </extensions>
      </trkpt>
      <trkpt lat="46.9240758" lon="9.3436912">
        <ele>1502.5</ele>
        <time>2026-06-13T12:05:29Z</time>
        <hdop>4.6</hdop>
        <extensions>
          <osmand:speed>1.3</osmand:speed>
        </extensions>
      </trkpt>
      <trkpt lat="46.9240211" lon="9.3437341">
        <ele>1500.5</ele>
        <time>2026-06-13T12:05:35Z</time>
        <hdop>5.1</hdop>
        <extensions>
          <osmand:speed>1.2</osmand:speed>
        </extensions>
      </trkpt>
      <trkpt lat="46.9239652" lon="9.3437727">
        <ele>1499.5</ele>
        <time>2026-06-13T12:05:41Z</time>
        <hdop>6.1</hdop>
        <extensions>
          <osmand:speed>0.9</osmand:speed>
        </extensions>
      </trkpt>
      <trkpt lat="46.9238991" lon="9.3438124">
        <ele>1498.5</ele>
        <time>2026-06-13T12:05:47Z</time>
        <hdop>5.6</hdop>
        <extensions>
          <osmand:speed>1.3</osmand:speed>
        </extensions>
      </trkpt>
      <trkpt lat="46.9238168" lon="9.3438412">
        <ele>1498.5</ele>
        <time>2026-06-13T12:05:53Z</time>
        <hdop>5.1</hdop>
        <extensions>
          <osmand:speed>1.7</osmand:speed>
        </extensions>
      </trkpt>
      <trkpt lat="46.9237566" lon="9.3438882">
        <ele>1498.5</ele>
        <time>2026-06-13T12:05:59Z</time>
        <hdop>5.6</hdop>
        <extensions>
          <osmand:speed>0.7</osmand:speed>
        </extensions>
      </trkpt>
      <trkpt lat="46.9237025" lon="9.3439346">
        <ele>1497.5</ele>
        <time>2026-06-13T12:06:05Z</time>
        <hdop>6.1</hdop>
        <extensions>
          <osmand:speed>1.5</osmand:speed>
        </extensions>
      </trkpt>
      <trkpt lat="46.923616" lon="9.3439887">
        <ele>1496.5</ele>
        <time>2026-06-13T12:06:11Z</time>
        <hdop>5.6</hdop>
        <extensions>
          <osmand:speed>1.6</osmand:speed>
        </extensions>
      </trkpt>
      <trkpt lat="46.9235689" lon="9.3440749">
        <ele>1495.5</ele>
        <time>2026-06-13T12:06:17Z</time>
        <hdop>6.1</hdop>
        <extensions>
          <osmand:speed>1.2</osmand:speed>
        </extensions>
      </trkpt>
      <trkpt lat="46.9235099" lon="9.3441246">
        <ele>1493.5</ele>
        <time>2026-06-13T12:06:23Z</time>
        <hdop>4.6</hdop>
        <extensions>
          <osmand:speed>1.3</osmand:speed>
        </extensions>
      </trkpt>
      <trkpt lat="46.9234415" lon="9.3442241">
        <ele>1491.5</ele>
        <time>2026-06-13T12:06:29Z</time>
        <hdop>5.6</hdop>
        <extensions>
          <osmand:speed>1.8</osmand:speed>
        </extensions>
      </trkpt>
      <trkpt lat="46.9233736" lon="9.3443028">
        <ele>1490.5</ele>
        <time>2026-06-13T12:06:35Z</time>
        <hdop>6.1</hdop>
        <extensions>
          <osmand:speed>1.2</osmand:speed>
        </extensions>
      </trkpt>
      <trkpt lat="46.9233225" lon="9.3443532">
        <ele>1490.5</ele>
        <time>2026-06-13T12:06:41Z</time>
        <hdop>7.1</hdop>
        <extensions>
          <osmand:speed>1</osmand:speed>
        </extensions>
      </trkpt>
      <trkpt lat="46.9232555" lon="9.3443797">
        <ele>1490.5</ele>
        <time>2026-06-13T12:06:47Z</time>
        <hdop>6.1</hdop>
        <extensions>
          <osmand:speed>1.6</osmand:speed>
        </extensions>
      </trkpt>
      <trkpt lat="46.9231946" lon="9.3443354">
        <ele>1491.5</ele>
        <time>2026-06-13T12:06:53Z</time>
        <hdop>6.1</hdop>
        <extensions>
          <osmand:speed>0.8</osmand:speed>
        </extensions>
      </trkpt>
      <trkpt lat="46.9231641" lon="9.3442543">
        <ele>1492.5</ele>
        <time>2026-06-13T12:06:59Z</time>
        <hdop>5.1</hdop>
        <extensions>
          <osmand:speed>0.7</osmand:speed>
        </extensions>
      </trkpt>
      <trkpt lat="46.9231625" lon="9.3442255">
        <ele>1492.5</ele>
        <time>2026-06-13T12:07:05Z</time>
        <hdop>4.1</hdop>
      </trkpt>
      <trkpt lat="46.9231719" lon="9.3442514">
        <ele>1491.5</ele>
        <time>2026-06-13T12:07:59Z</time>
        <hdop>4.6</hdop>
        <extensions>
          <osmand:speed>1</osmand:speed>
        </extensions>
      </trkpt>
      <trkpt lat="46.923191" lon="9.3443674">
        <ele>1492.5</ele>
        <time>2026-06-13T12:08:05Z</time>
        <hdop>5.6</hdop>
        <extensions>
          <osmand:speed>1.4</osmand:speed>
        </extensions>
      </trkpt>
      <trkpt lat="46.9231999" lon="9.344427">
        <ele>1491.5</ele>
        <time>2026-06-13T12:08:11Z</time>
        <hdop>6.6</hdop>
        <extensions>
          <osmand:speed>0.1</osmand:speed>
        </extensions>
      </trkpt>
      <trkpt lat="46.923189" lon="9.3444865">
        <ele>1492.5</ele>
        <time>2026-06-13T12:08:17Z</time>
        <hdop>9.7</hdop>
      </trkpt>
      <trkpt lat="46.9232065" lon="9.3444641">
        <ele>1491.5</ele>
        <time>2026-06-13T12:08:23Z</time>
        <hdop>6.6</hdop>
      </trkpt>
      <trkpt lat="46.9232317" lon="9.3444935">
        <ele>1489.5</ele>
        <time>2026-06-13T12:08:36Z</time>
        <hdop>7.7</hdop>
        <extensions>
          <osmand:speed>2.8</osmand:speed>
        </extensions>
      </trkpt>
      <trkpt lat="46.9232162" lon="9.3445553">
        <ele>1490.5</ele>
        <time>2026-06-13T12:08:42Z</time>
        <hdop>13.3</hdop>
        <extensions>
          <osmand:speed>1</osmand:speed>
        </extensions>
      </trkpt>
      <trkpt lat="46.9231742" lon="9.3445979">
        <ele>1491.5</ele>
        <time>2026-06-13T12:08:48Z</time>
        <hdop>10.7</hdop>
        <extensions>
          <osmand:speed>1.3</osmand:speed>
        </extensions>
      </trkpt>
      <trkpt lat="46.9231445" lon="9.3446762">
        <ele>1490.5</ele>
        <time>2026-06-13T12:08:54Z</time>
        <hdop>11.2</hdop>
        <extensions>
          <osmand:speed>0.9</osmand:speed>
        </extensions>
      </trkpt>
      <trkpt lat="46.9230971" lon="9.3447601">
        <ele>1490.5</ele>
        <time>2026-06-13T12:09:00Z</time>
        <hdop>11.2</hdop>
        <extensions>
          <osmand:speed>1</osmand:speed>
        </extensions>
      </trkpt>
      <trkpt lat="46.923058" lon="9.3448377">
        <ele>1490.5</ele>
        <time>2026-06-13T12:09:06Z</time>
        <hdop>10.2</hdop>
        <extensions>
          <osmand:speed>1</osmand:speed>
        </extensions>
      </trkpt>
      <trkpt lat="46.9230183" lon="9.3449287">
        <ele>1491.5</ele>
        <time>2026-06-13T12:09:12Z</time>
        <hdop>11.2</hdop>
        <extensions>
          <osmand:speed>0.9</osmand:speed>
        </extensions>
      </trkpt>
      <trkpt lat="46.9230238" lon="9.3450429">
        <ele>1491.5</ele>
        <time>2026-06-13T12:09:18Z</time>
        <hdop>12.8</hdop>
        <extensions>
          <osmand:speed>1.8</osmand:speed>
        </extensions>
      </trkpt>
      <trkpt lat="46.923022" lon="9.345148">
        <ele>1491.5</ele>
        <time>2026-06-13T12:09:24Z</time>
        <hdop>11.7</hdop>
        <extensions>
          <osmand:speed>1.2</osmand:speed>
        </extensions>
      </trkpt>
      <trkpt lat="46.9230325" lon="9.345254">
        <ele>1490.5</ele>
        <time>2026-06-13T12:09:30Z</time>
        <hdop>11.2</hdop>
        <extensions>
          <osmand:speed>1</osmand:speed>
        </extensions>
      </trkpt>
      <trkpt lat="46.923043" lon="9.3453524">
        <ele>1489.5</ele>
        <time>2026-06-13T12:09:36Z</time>
        <hdop>14.8</hdop>
        <extensions>
          <osmand:speed>0.8</osmand:speed>
        </extensions>
      </trkpt>
      <trkpt lat="46.9230251" lon="9.3454617">
        <ele>1489.5</ele>
        <time>2026-06-13T12:09:42Z</time>
        <hdop>14.8</hdop>
        <extensions>
          <osmand:speed>2</osmand:speed>
        </extensions>
      </trkpt>
      <trkpt lat="46.923007" lon="9.3455803">
        <ele>1488.5</ele>
        <time>2026-06-13T12:09:48Z</time>
        <hdop>14.3</hdop>
        <extensions>
          <osmand:speed>1.1</osmand:speed>
        </extensions>
      </trkpt>
      <trkpt lat="46.922999" lon="9.3456994">
        <ele>1487.5</ele>
        <time>2026-06-13T12:09:54Z</time>
        <hdop>13.3</hdop>
        <extensions>
          <osmand:speed>0.6</osmand:speed>
        </extensions>
      </trkpt>
      <trkpt lat="46.9229356" lon="9.3458156">
        <ele>1483.5</ele>
        <time>2026-06-13T12:10:00Z</time>
        <hdop>9.2</hdop>
        <extensions>
          <osmand:speed>1.1</osmand:speed>
        </extensions>
      </trkpt>
      <trkpt lat="46.9228658" lon="9.34579">
        <ele>1481.5</ele>
        <time>2026-06-13T12:10:06Z</time>
        <hdop>8.2</hdop>
        <extensions>
          <osmand:speed>0.9</osmand:speed>
        </extensions>
      </trkpt>
      <trkpt lat="46.9228266" lon="9.3456829">
        <ele>1478.5</ele>
        <time>2026-06-13T12:10:12Z</time>
        <hdop>11.7</hdop>
        <extensions>
          <osmand:speed>0.7</osmand:speed>
        </extensions>
      </trkpt>
      <trkpt lat="46.9228467" lon="9.3457525">
        <ele>1478.5</ele>
        <time>2026-06-13T12:10:18Z</time>
        <hdop>7.7</hdop>
        <extensions>
          <osmand:speed>0.5</osmand:speed>
        </extensions>
      </trkpt>
      <trkpt lat="46.922865" lon="9.3458121">
        <ele>1476.5</ele>
        <time>2026-06-13T12:10:24Z</time>
        <hdop>6.6</hdop>
        <extensions>
          <osmand:speed>0.4</osmand:speed>
        </extensions>
      </trkpt>
      <trkpt lat="46.9228466" lon="9.3457375">
        <ele>1476.5</ele>
        <time>2026-06-13T12:10:30Z</time>
        <hdop>5.6</hdop>
        <extensions>
          <osmand:speed>1.4</osmand:speed>
        </extensions>
      </trkpt>
      <trkpt lat="46.9228531" lon="9.3456109">
        <ele>1476.5</ele>
        <time>2026-06-13T12:10:36Z</time>
        <hdop>7.1</hdop>
        <extensions>
          <osmand:speed>1.6</osmand:speed>
        </extensions>
      </trkpt>
      <trkpt lat="46.9228676" lon="9.3455591">
        <ele>1475.5</ele>
        <time>2026-06-13T12:10:42Z</time>
        <hdop>14.3</hdop>
        <extensions>
          <osmand:speed>1.3</osmand:speed>
        </extensions>
      </trkpt>
      <trkpt lat="46.9228523" lon="9.3454563">
        <ele>1476.5</ele>
        <time>2026-06-13T12:10:48Z</time>
        <hdop>12.8</hdop>
        <extensions>
          <osmand:speed>0.9</osmand:speed>
        </extensions>
      </trkpt>
      <trkpt lat="46.9228286" lon="9.3453631">
        <ele>1475.5</ele>
        <time>2026-06-13T12:10:54Z</time>
        <hdop>13.8</hdop>
        <extensions>
          <osmand:speed>0.5</osmand:speed>
        </extensions>
      </trkpt>
      <trkpt lat="46.922819" lon="9.3452598">
        <ele>1475.5</ele>
        <time>2026-06-13T12:11:00Z</time>
        <hdop>14.3</hdop>
        <extensions>
          <osmand:speed>1</osmand:speed>
        </extensions>
      </trkpt>
      <trkpt lat="46.9227955" lon="9.3451511">
        <ele>1477.5</ele>
        <time>2026-06-13T12:11:06Z</time>
        <hdop>12.8</hdop>
        <extensions>
          <osmand:speed>0.4</osmand:speed>
        </extensions>
      </trkpt>
      <trkpt lat="46.9227863" lon="9.3450593">
        <ele>1478.5</ele>
        <time>2026-06-13T12:11:12Z</time>
        <hdop>13.3</hdop>
        <extensions>
          <osmand:speed>0.5</osmand:speed>
        </extensions>
      </trkpt>
      <trkpt lat="46.9227861" lon="9.3449546">
        <ele>1480.5</ele>
        <time>2026-06-13T12:11:19Z</time>
        <hdop>12.8</hdop>
        <extensions>
          <osmand:speed>0.6</osmand:speed>
        </extensions>
      </trkpt>
      <trkpt lat="46.9227987" lon="9.3448252">
        <ele>1479.5</ele>
        <time>2026-06-13T12:11:25Z</time>
        <hdop>12.8</hdop>
        <extensions>
          <osmand:speed>0.1</osmand:speed>
        </extensions>
      </trkpt>
      <trkpt lat="46.9228222" lon="9.3446822">
        <ele>1477.5</ele>
        <time>2026-06-13T12:11:31Z</time>
        <hdop>14.3</hdop>
        <extensions>
          <osmand:speed>0.6</osmand:speed>
        </extensions>
      </trkpt>
      <trkpt lat="46.922795" lon="9.3445232">
        <ele>1477.5</ele>
        <time>2026-06-13T12:11:37Z</time>
        <hdop>13.3</hdop>
        <extensions>
          <osmand:speed>1.1</osmand:speed>
        </extensions>
      </trkpt>
      <trkpt lat="46.9227728" lon="9.344417">
        <ele>1479.5</ele>
        <time>2026-06-13T12:11:43Z</time>
        <hdop>10.2</hdop>
        <extensions>
          <osmand:speed>1.2</osmand:speed>
        </extensions>
      </trkpt>
      <trkpt lat="46.9227498" lon="9.3442833">
        <ele>1479.5</ele>
        <time>2026-06-13T12:11:49Z</time>
        <hdop>8.2</hdop>
        <extensions>
          <osmand:speed>1.4</osmand:speed>
        </extensions>
      </trkpt>
      <trkpt lat="46.922733" lon="9.3441452">
        <ele>1476.5</ele>
        <time>2026-06-13T12:11:55Z</time>
        <hdop>7.1</hdop>
        <extensions>
          <osmand:speed>1</osmand:speed>
        </extensions>
      </trkpt>
      <trkpt lat="46.9227249" lon="9.3440148">
        <ele>1474.5</ele>
        <time>2026-06-13T12:12:01Z</time>
        <hdop>7.7</hdop>
        <extensions>
          <osmand:speed>0.9</osmand:speed>
        </extensions>
      </trkpt>
      <trkpt lat="46.9227487" lon="9.3439116">
        <ele>1471.5</ele>
        <time>2026-06-13T12:12:07Z</time>
        <hdop>7.1</hdop>
        <extensions>
          <osmand:speed>1.5</osmand:speed>
        </extensions>
      </trkpt>
      <trkpt lat="46.922787" lon="9.3438152">
        <ele>1470.5</ele>
        <time>2026-06-13T12:12:13Z</time>
        <hdop>7.1</hdop>
        <extensions>
          <osmand:speed>1</osmand:speed>
        </extensions>
      </trkpt>
      <trkpt lat="46.9228063" lon="9.343695">
        <ele>1469.5</ele>
        <time>2026-06-13T12:12:19Z</time>
        <hdop>6.6</hdop>
        <extensions>
          <osmand:speed>1.2</osmand:speed>
        </extensions>
      </trkpt>
      <trkpt lat="46.9228649" lon="9.3436095">
        <ele>1466.5</ele>
        <time>2026-06-13T12:12:25Z</time>
        <hdop>6.6</hdop>
        <extensions>
          <osmand:speed>1</osmand:speed>
        </extensions>
      </trkpt>
      <trkpt lat="46.9229228" lon="9.3435593">
        <ele>1466.5</ele>
        <time>2026-06-13T12:12:31Z</time>
        <hdop>6.1</hdop>
        <extensions>
          <osmand:speed>1.3</osmand:speed>
        </extensions>
      </trkpt>
      <trkpt lat="46.923001" lon="9.3435209">
        <ele>1464.5</ele>
        <time>2026-06-13T12:12:37Z</time>
        <hdop>6.1</hdop>
        <extensions>
          <osmand:speed>1.1</osmand:speed>
        </extensions>
      </trkpt>
      <trkpt lat="46.9230465" lon="9.3434718">
        <ele>1464.5</ele>
        <time>2026-06-13T12:12:43Z</time>
        <hdop>6.6</hdop>
        <extensions>
          <osmand:speed>1.2</osmand:speed>
        </extensions>
      </trkpt>
      <trkpt lat="46.9230219" lon="9.3434191">
        <ele>1463.5</ele>
        <time>2026-06-13T12:12:49Z</time>
        <hdop>5.1</hdop>
        <extensions>
          <osmand:speed>1.3</osmand:speed>
        </extensions>
      </trkpt>
      <trkpt lat="46.9229711" lon="9.3434045">
        <ele>1462.5</ele>
        <time>2026-06-13T12:12:55Z</time>
        <hdop>4.6</hdop>
        <extensions>
          <osmand:speed>1.4</osmand:speed>
        </extensions>
      </trkpt>
      <trkpt lat="46.9228947" lon="9.3434363">
        <ele>1460.5</ele>
        <time>2026-06-13T12:13:01Z</time>
        <hdop>6.1</hdop>
        <extensions>
          <osmand:speed>1</osmand:speed>
        </extensions>
      </trkpt>
      <trkpt lat="46.9228268" lon="9.3434583">
        <ele>1460.5</ele>
        <time>2026-06-13T12:13:07Z</time>
        <hdop>7.7</hdop>
        <extensions>
          <osmand:speed>1.2</osmand:speed>
        </extensions>
      </trkpt>
      <trkpt lat="46.922738" lon="9.3435317">
        <ele>1459.5</ele>
        <time>2026-06-13T12:13:13Z</time>
        <hdop>6.1</hdop>
        <extensions>
          <osmand:speed>1.6</osmand:speed>
        </extensions>
      </trkpt>
      <trkpt lat="46.9226777" lon="9.3436212">
        <ele>1458.5</ele>
        <time>2026-06-13T12:13:19Z</time>
        <hdop>6.6</hdop>
        <extensions>
          <osmand:speed>0.8</osmand:speed>
        </extensions>
      </trkpt>
      <trkpt lat="46.9226581" lon="9.3437447">
        <ele>1457.5</ele>
        <time>2026-06-13T12:13:25Z</time>
        <hdop>6.1</hdop>
        <extensions>
          <osmand:speed>1.5</osmand:speed>
        </extensions>
      </trkpt>
      <trkpt lat="46.9226555" lon="9.3438495">
        <ele>1457.5</ele>
        <time>2026-06-13T12:13:31Z</time>
        <hdop>8.2</hdop>
        <extensions>
          <osmand:speed>1.2</osmand:speed>
        </extensions>
      </trkpt>
      <trkpt lat="46.9226586" lon="9.3439504">
        <ele>1456.5</ele>
        <time>2026-06-13T12:13:37Z</time>
        <hdop>7.1</hdop>
        <extensions>
          <osmand:speed>1.1</osmand:speed>
        </extensions>
      </trkpt>
      <trkpt lat="46.9226492" lon="9.3440567">
        <ele>1456.5</ele>
        <time>2026-06-13T12:13:43Z</time>
        <hdop>6.6</hdop>
        <extensions>
          <osmand:speed>1</osmand:speed>
        </extensions>
      </trkpt>
      <trkpt lat="46.9226197" lon="9.3441751">
        <ele>1455.5</ele>
        <time>2026-06-13T12:13:49Z</time>
        <hdop>6.6</hdop>
        <extensions>
          <osmand:speed>1.3</osmand:speed>
        </extensions>
      </trkpt>
      <trkpt lat="46.9225683" lon="9.3442805">
        <ele>1454.5</ele>
        <time>2026-06-13T12:13:55Z</time>
        <hdop>7.1</hdop>
        <extensions>
          <osmand:speed>1.4</osmand:speed>
        </extensions>
      </trkpt>
      <trkpt lat="46.9225341" lon="9.3443876">
        <ele>1455.5</ele>
        <time>2026-06-13T12:14:01Z</time>
        <hdop>9.7</hdop>
        <extensions>
          <osmand:speed>0.8</osmand:speed>
        </extensions>
      </trkpt>
      <trkpt lat="46.9224814" lon="9.3444714">
        <ele>1454.5</ele>
        <time>2026-06-13T12:14:07Z</time>
        <hdop>8.7</hdop>
        <extensions>
          <osmand:speed>1.4</osmand:speed>
        </extensions>
      </trkpt>
      <trkpt lat="46.9224807" lon="9.3445667">
        <ele>1454.5</ele>
        <time>2026-06-13T12:14:13Z</time>
        <hdop>8.7</hdop>
        <extensions>
          <osmand:speed>1.9</osmand:speed>
        </extensions>
      </trkpt>
      <trkpt lat="46.9224387" lon="9.3446437">
        <ele>1453.5</ele>
        <time>2026-06-13T12:14:19Z</time>
        <hdop>10.2</hdop>
        <extensions>
          <osmand:speed>1</osmand:speed>
        </extensions>
      </trkpt>
      <trkpt lat="46.9224124" lon="9.3447441">
        <ele>1451.5</ele>
        <time>2026-06-13T12:14:25Z</time>
        <hdop>9.7</hdop>
        <extensions>
          <osmand:speed>1.3</osmand:speed>
        </extensions>
      </trkpt>
      <trkpt lat="46.922407" lon="9.3448699">
        <ele>1450.5</ele>
        <time>2026-06-13T12:14:31Z</time>
        <hdop>8.7</hdop>
        <extensions>
          <osmand:speed>0.7</osmand:speed>
        </extensions>
      </trkpt>
      <trkpt lat="46.9223797" lon="9.3449649">
        <ele>1449.5</ele>
        <time>2026-06-13T12:14:37Z</time>
        <hdop>9.2</hdop>
        <extensions>
          <osmand:speed>1.3</osmand:speed>
        </extensions>
      </trkpt>
      <trkpt lat="46.9223364" lon="9.3450602">
        <ele>1447.5</ele>
        <time>2026-06-13T12:14:43Z</time>
        <hdop>10.7</hdop>
        <extensions>
          <osmand:speed>1.4</osmand:speed>
        </extensions>
      </trkpt>
      <trkpt lat="46.9222705" lon="9.3451714">
        <ele>1446.5</ele>
        <time>2026-06-13T12:14:49Z</time>
        <hdop>10.2</hdop>
        <extensions>
          <osmand:speed>0.7</osmand:speed>
        </extensions>
      </trkpt>
      <trkpt lat="46.9222335" lon="9.3452708">
        <ele>1445.5</ele>
        <time>2026-06-13T12:14:55Z</time>
        <hdop>7.7</hdop>
        <extensions>
          <osmand:speed>0.8</osmand:speed>
        </extensions>
      </trkpt>
      <trkpt lat="46.9222067" lon="9.345394">
        <ele>1443.5</ele>
        <time>2026-06-13T12:15:01Z</time>
        <hdop>7.1</hdop>
        <extensions>
          <osmand:speed>1.3</osmand:speed>
        </extensions>
      </trkpt>
      <trkpt lat="46.9221523" lon="9.345503">
        <ele>1442.5</ele>
        <time>2026-06-13T12:15:07Z</time>
        <hdop>7.7</hdop>
        <extensions>
          <osmand:speed>1.7</osmand:speed>
        </extensions>
      </trkpt>
      <trkpt lat="46.9220903" lon="9.3455952">
        <ele>1441.5</ele>
        <time>2026-06-13T12:15:13Z</time>
        <hdop>6.6</hdop>
        <extensions>
          <osmand:speed>1.5</osmand:speed>
        </extensions>
      </trkpt>
      <trkpt lat="46.9220494" lon="9.3457121">
        <ele>1439.5</ele>
        <time>2026-06-13T12:15:19Z</time>
        <hdop>6.6</hdop>
        <extensions>
          <osmand:speed>1.3</osmand:speed>
        </extensions>
      </trkpt>
      <trkpt lat="46.922045" lon="9.3457965">
        <ele>1437.5</ele>
        <time>2026-06-13T12:15:25Z</time>
        <hdop>6.1</hdop>
        <extensions>
          <osmand:speed>0.8</osmand:speed>
        </extensions>
      </trkpt>
      <trkpt lat="46.9220139" lon="9.3458914">
        <ele>1435.5</ele>
        <time>2026-06-13T12:15:31Z</time>
        <hdop>6.1</hdop>
        <extensions>
          <osmand:speed>1.1</osmand:speed>
        </extensions>
      </trkpt>
      <trkpt lat="46.9219924" lon="9.3460192">
        <ele>1435.5</ele>
        <time>2026-06-13T12:15:37Z</time>
        <hdop>5.1</hdop>
        <extensions>
          <osmand:speed>1.2</osmand:speed>
        </extensions>
      </trkpt>
      <trkpt lat="46.9219568" lon="9.3461224">
        <ele>1434.5</ele>
        <time>2026-06-13T12:15:43Z</time>
        <hdop>5.6</hdop>
        <extensions>
          <osmand:speed>0.9</osmand:speed>
        </extensions>
      </trkpt>
      <trkpt lat="46.9219499" lon="9.346248">
        <ele>1434.5</ele>
        <time>2026-06-13T12:15:49Z</time>
        <hdop>6.1</hdop>
        <extensions>
          <osmand:speed>1.6</osmand:speed>
        </extensions>
      </trkpt>
      <trkpt lat="46.9219109" lon="9.3463595">
        <ele>1433.5</ele>
        <time>2026-06-13T12:15:55Z</time>
        <hdop>6.1</hdop>
        <extensions>
          <osmand:speed>1.1</osmand:speed>
        </extensions>
      </trkpt>
      <trkpt lat="46.9218849" lon="9.3464661">
        <ele>1431.5</ele>
        <time>2026-06-13T12:16:01Z</time>
        <hdop>5.6</hdop>
        <extensions>
          <osmand:speed>1</osmand:speed>
        </extensions>
      </trkpt>
      <trkpt lat="46.9218759" lon="9.3465887">
        <ele>1431.5</ele>
        <time>2026-06-13T12:16:07Z</time>
        <hdop>6.1</hdop>
        <extensions>
          <osmand:speed>1.4</osmand:speed>
        </extensions>
      </trkpt>
      <trkpt lat="46.9218638" lon="9.3467077">
        <ele>1430.5</ele>
        <time>2026-06-13T12:16:13Z</time>
        <hdop>6.1</hdop>
        <extensions>
          <osmand:speed>1.1</osmand:speed>
        </extensions>
      </trkpt>
      <trkpt lat="46.921862" lon="9.3468272">
        <ele>1431.5</ele>
        <time>2026-06-13T12:16:19Z</time>
        <hdop>6.6</hdop>
        <extensions>
          <osmand:speed>1</osmand:speed>
        </extensions>
      </trkpt>
      <trkpt lat="46.9218512" lon="9.346966">
        <ele>1428.5</ele>
        <time>2026-06-13T12:16:25Z</time>
        <hdop>7.1</hdop>
        <extensions>
          <osmand:speed>1.4</osmand:speed>
        </extensions>
      </trkpt>
      <trkpt lat="46.9218368" lon="9.3470626">
        <ele>1429.5</ele>
        <time>2026-06-13T12:16:31Z</time>
        <hdop>7.1</hdop>
        <extensions>
          <osmand:speed>0.7</osmand:speed>
        </extensions>
      </trkpt>
      <trkpt lat="46.9218465" lon="9.3471975">
        <ele>1428.5</ele>
        <time>2026-06-13T12:16:37Z</time>
        <hdop>6.6</hdop>
        <extensions>
          <osmand:speed>0.9</osmand:speed>
        </extensions>
      </trkpt>
      <trkpt lat="46.9218668" lon="9.3472622">
        <ele>1427.5</ele>
        <time>2026-06-13T12:16:43Z</time>
        <hdop>6.6</hdop>
        <extensions>
          <osmand:speed>0.1</osmand:speed>
        </extensions>
      </trkpt>
      <trkpt lat="46.9218523" lon="9.3472422">
        <ele>1426.5</ele>
        <time>2026-06-13T12:17:02Z</time>
        <hdop>5.1</hdop>
        <extensions>
          <osmand:speed>0.1</osmand:speed>
        </extensions>
      </trkpt>
      <trkpt lat="46.921866" lon="9.3472612">
        <ele>1426.5</ele>
        <time>2026-06-13T12:17:08Z</time>
        <hdop>7.7</hdop>
        <extensions>
          <osmand:speed>1.5</osmand:speed>
        </extensions>
      </trkpt>
      <trkpt lat="46.9218875" lon="9.3473678">
        <ele>1426.5</ele>
        <time>2026-06-13T12:17:14Z</time>
        <hdop>7.7</hdop>
        <extensions>
          <osmand:speed>0.8</osmand:speed>
        </extensions>
      </trkpt>
      <trkpt lat="46.9219194" lon="9.3474903">
        <ele>1425.5</ele>
        <time>2026-06-13T12:17:20Z</time>
        <hdop>8.2</hdop>
        <extensions>
          <osmand:speed>1.1</osmand:speed>
        </extensions>
      </trkpt>
      <trkpt lat="46.9219291" lon="9.3476371">
        <ele>1425.5</ele>
        <time>2026-06-13T12:17:26Z</time>
        <hdop>8.2</hdop>
        <extensions>
          <osmand:speed>0.9</osmand:speed>
        </extensions>
      </trkpt>
      <trkpt lat="46.9219205" lon="9.3477282">
        <ele>1426.5</ele>
        <time>2026-06-13T12:17:32Z</time>
        <hdop>9.2</hdop>
        <extensions>
          <osmand:speed>1.7</osmand:speed>
        </extensions>
      </trkpt>
      <trkpt lat="46.92193" lon="9.3478434">
        <ele>1427.5</ele>
        <time>2026-06-13T12:17:38Z</time>
        <hdop>8.2</hdop>
        <extensions>
          <osmand:speed>0.9</osmand:speed>
        </extensions>
      </trkpt>
      <trkpt lat="46.9219127" lon="9.3479657">
        <ele>1425.5</ele>
        <time>2026-06-13T12:17:44Z</time>
        <hdop>9.2</hdop>
        <extensions>
          <osmand:speed>0.9</osmand:speed>
        </extensions>
      </trkpt>
      <trkpt lat="46.921917" lon="9.3480846">
        <ele>1423.5</ele>
        <time>2026-06-13T12:17:50Z</time>
        <hdop>7.7</hdop>
        <extensions>
          <osmand:speed>1.2</osmand:speed>
        </extensions>
      </trkpt>
      <trkpt lat="46.921914" lon="9.3482286">
        <ele>1421.5</ele>
        <time>2026-06-13T12:17:56Z</time>
        <hdop>7.7</hdop>
        <extensions>
          <osmand:speed>1.4</osmand:speed>
        </extensions>
      </trkpt>
      <trkpt lat="46.9219261" lon="9.348354">
        <ele>1420.5</ele>
        <time>2026-06-13T12:18:02Z</time>
        <hdop>9.2</hdop>
        <extensions>
          <osmand:speed>0.8</osmand:speed>
        </extensions>
      </trkpt>
      <trkpt lat="46.9219487" lon="9.3484664">
        <ele>1418.5</ele>
        <time>2026-06-13T12:18:08Z</time>
        <hdop>8.2</hdop>
        <extensions>
          <osmand:speed>0.6</osmand:speed>
        </extensions>
      </trkpt>
      <trkpt lat="46.9219704" lon="9.3485773">
        <ele>1417.5</ele>
        <time>2026-06-13T12:18:14Z</time>
        <hdop>9.7</hdop>
        <extensions>
          <osmand:speed>1.5</osmand:speed>
        </extensions>
      </trkpt>
      <trkpt lat="46.9220097" lon="9.3486942">
        <ele>1415.5</ele>
        <time>2026-06-13T12:18:20Z</time>
        <hdop>8.2</hdop>
        <extensions>
          <osmand:speed>1.5</osmand:speed>
        </extensions>
      </trkpt>
      <trkpt lat="46.9220152" lon="9.3487631">
        <ele>1413.5</ele>
        <time>2026-06-13T12:18:26Z</time>
        <hdop>8.2</hdop>
        <extensions>
          <osmand:speed>0.8</osmand:speed>
        </extensions>
      </trkpt>
      <trkpt lat="46.9220078" lon="9.3488322">
        <ele>1411.5</ele>
        <time>2026-06-13T12:18:32Z</time>
        <hdop>6.1</hdop>
        <extensions>
          <osmand:speed>0.1</osmand:speed>
        </extensions>
      </trkpt>
      <trkpt lat="46.9220192" lon="9.3488072">
        <ele>1412.5</ele>
        <time>2026-06-13T12:18:40Z</time>
        <hdop>7.1</hdop>
        <extensions>
          <osmand:speed>0</osmand:speed>
        </extensions>
      </trkpt>
      <trkpt lat="46.9220573" lon="9.3488889">
        <ele>1412.5</ele>
        <time>2026-06-13T12:18:46Z</time>
        <hdop>9.7</hdop>
        <extensions>
          <osmand:speed>1.1</osmand:speed>
        </extensions>
      </trkpt>
      <trkpt lat="46.9220509" lon="9.349072">
        <ele>1412.5</ele>
        <time>2026-06-13T12:18:52Z</time>
        <hdop>14.8</hdop>
        <extensions>
          <osmand:speed>1.9</osmand:speed>
        </extensions>
      </trkpt>
      <trkpt lat="46.9220786" lon="9.349177">
        <ele>1413.5</ele>
        <time>2026-06-13T12:18:58Z</time>
        <hdop>8.7</hdop>
        <extensions>
          <osmand:speed>1.4</osmand:speed>
        </extensions>
      </trkpt>
      <trkpt lat="46.9220861" lon="9.3493059">
        <ele>1411.5</ele>
        <time>2026-06-13T12:19:04Z</time>
        <hdop>7.1</hdop>
        <extensions>
          <osmand:speed>1.3</osmand:speed>
        </extensions>
      </trkpt>
      <trkpt lat="46.9220939" lon="9.3494113">
        <ele>1410.5</ele>
        <time>2026-06-13T12:19:10Z</time>
        <hdop>7.1</hdop>
        <extensions>
          <osmand:speed>1.8</osmand:speed>
        </extensions>
      </trkpt>
      <trkpt lat="46.9221061" lon="9.3495296">
        <ele>1410.5</ele>
        <time>2026-06-13T12:19:16Z</time>
        <hdop>6.6</hdop>
        <extensions>
          <osmand:speed>1.8</osmand:speed>
        </extensions>
      </trkpt>
      <trkpt lat="46.9221472" lon="9.3496231">
        <ele>1409.5</ele>
        <time>2026-06-13T12:19:22Z</time>
        <hdop>8.2</hdop>
        <extensions>
          <osmand:speed>1</osmand:speed>
        </extensions>
      </trkpt>
      <trkpt lat="46.922204" lon="9.3497129">
        <ele>1408.5</ele>
        <time>2026-06-13T12:19:28Z</time>
        <hdop>8.7</hdop>
        <extensions>
          <osmand:speed>1.2</osmand:speed>
        </extensions>
      </trkpt>
      <trkpt lat="46.9222408" lon="9.3498506">
        <ele>1408.5</ele>
        <time>2026-06-13T12:19:34Z</time>
        <hdop>8.2</hdop>
        <extensions>
          <osmand:speed>0.8</osmand:speed>
        </extensions>
      </trkpt>
      <trkpt lat="46.9222879" lon="9.3499476">
        <ele>1409.5</ele>
        <time>2026-06-13T12:19:40Z</time>
        <hdop>9.2</hdop>
        <extensions>
          <osmand:speed>1.4</osmand:speed>
        </extensions>
      </trkpt>
      <trkpt lat="46.922296" lon="9.3500845">
        <ele>1409.5</ele>
        <time>2026-06-13T12:19:46Z</time>
        <hdop>9.2</hdop>
        <extensions>
          <osmand:speed>1.1</osmand:speed>
        </extensions>
      </trkpt>
      <trkpt lat="46.9222483" lon="9.3501841">
        <ele>1408.5</ele>
        <time>2026-06-13T12:19:52Z</time>
        <hdop>8.7</hdop>
        <extensions>
          <osmand:speed>0.9</osmand:speed>
        </extensions>
      </trkpt>
      <trkpt lat="46.9221906" lon="9.3503121">
        <ele>1408.5</ele>
        <time>2026-06-13T12:19:58Z</time>
        <hdop>9.2</hdop>
        <extensions>
          <osmand:speed>0.5</osmand:speed>
        </extensions>
      </trkpt>
      <trkpt lat="46.9221655" lon="9.3503938">
        <ele>1407.5</ele>
        <time>2026-06-13T12:20:04Z</time>
        <hdop>8.7</hdop>
        <extensions>
          <osmand:speed>0.9</osmand:speed>
        </extensions>
      </trkpt>
      <trkpt lat="46.9221584" lon="9.3505218">
        <ele>1406.5</ele>
        <time>2026-06-13T12:20:10Z</time>
        <hdop>9.7</hdop>
        <extensions>
          <osmand:speed>1.1</osmand:speed>
        </extensions>
      </trkpt>
      <trkpt lat="46.922169" lon="9.3506544">
        <ele>1406.5</ele>
        <time>2026-06-13T12:20:16Z</time>
        <hdop>8.7</hdop>
        <extensions>
          <osmand:speed>0.8</osmand:speed>
        </extensions>
      </trkpt>
      <trkpt lat="46.9221297" lon="9.3507412">
        <ele>1405.5</ele>
        <time>2026-06-13T12:20:22Z</time>
        <hdop>9.2</hdop>
        <extensions>
          <osmand:speed>0.8</osmand:speed>
        </extensions>
      </trkpt>
      <trkpt lat="46.9220692" lon="9.3508409">
        <ele>1403.5</ele>
        <time>2026-06-13T12:20:29Z</time>
        <hdop>9.2</hdop>
        <extensions>
          <osmand:speed>1.6</osmand:speed>
        </extensions>
      </trkpt>
      <trkpt lat="46.9220328" lon="9.3509618">
        <ele>1401.5</ele>
        <time>2026-06-13T12:20:35Z</time>
        <hdop>8.2</hdop>
        <extensions>
          <osmand:speed>1.1</osmand:speed>
        </extensions>
      </trkpt>
      <trkpt lat="46.9219779" lon="9.3510406">
        <ele>1400.5</ele>
        <time>2026-06-13T12:20:41Z</time>
        <hdop>10.2</hdop>
        <extensions>
          <osmand:speed>1</osmand:speed>
        </extensions>
      </trkpt>
      <trkpt lat="46.9219083" lon="9.3511461">
        <ele>1399.5</ele>
        <time>2026-06-13T12:20:47Z</time>
        <hdop>9.2</hdop>
        <extensions>
          <osmand:speed>1.5</osmand:speed>
        </extensions>
      </trkpt>
      <trkpt lat="46.9218591" lon="9.3512424">
        <ele>1397.5</ele>
        <time>2026-06-13T12:20:53Z</time>
        <hdop>9.7</hdop>
        <extensions>
          <osmand:speed>1.5</osmand:speed>
        </extensions>
      </trkpt>
      <trkpt lat="46.9218371" lon="9.3513305">
        <ele>1394.5</ele>
        <time>2026-06-13T12:20:59Z</time>
        <hdop>8.7</hdop>
        <extensions>
          <osmand:speed>0.9</osmand:speed>
        </extensions>
      </trkpt>
      <trkpt lat="46.9217952" lon="9.3514116">
        <ele>1392.5</ele>
        <time>2026-06-13T12:21:05Z</time>
        <hdop>8.2</hdop>
        <extensions>
          <osmand:speed>1.1</osmand:speed>
        </extensions>
      </trkpt>
      <trkpt lat="46.9217888" lon="9.3515242">
        <ele>1390.5</ele>
        <time>2026-06-13T12:21:11Z</time>
        <hdop>7.1</hdop>
        <extensions>
          <osmand:speed>1.4</osmand:speed>
        </extensions>
      </trkpt>
      <trkpt lat="46.9218029" lon="9.3516479">
        <ele>1390.5</ele>
        <time>2026-06-13T12:21:17Z</time>
        <hdop>7.1</hdop>
        <extensions>
          <osmand:speed>1.3</osmand:speed>
        </extensions>
      </trkpt>
      <trkpt lat="46.9217492" lon="9.3517661">
        <ele>1389.5</ele>
        <time>2026-06-13T12:21:23Z</time>
        <hdop>7.1</hdop>
        <extensions>
          <osmand:speed>0.8</osmand:speed>
        </extensions>
      </trkpt>
      <trkpt lat="46.9217172" lon="9.3518827">
        <ele>1387.5</ele>
        <time>2026-06-13T12:21:29Z</time>
        <hdop>7.7</hdop>
        <extensions>
          <osmand:speed>1.1</osmand:speed>
        </extensions>
      </trkpt>
      <trkpt lat="46.9216822" lon="9.3519571">
        <ele>1386.5</ele>
        <time>2026-06-13T12:21:35Z</time>
        <hdop>9.2</hdop>
        <extensions>
          <osmand:speed>1</osmand:speed>
        </extensions>
      </trkpt>
      <trkpt lat="46.9216884" lon="9.3520861">
        <ele>1385.5</ele>
        <time>2026-06-13T12:21:41Z</time>
        <hdop>10.2</hdop>
        <extensions>
          <osmand:speed>0.8</osmand:speed>
        </extensions>
      </trkpt>
      <trkpt lat="46.9216606" lon="9.35218">
        <ele>1384.5</ele>
        <time>2026-06-13T12:21:47Z</time>
        <hdop>9.7</hdop>
        <extensions>
          <osmand:speed>1.1</osmand:speed>
        </extensions>
      </trkpt>
      <trkpt lat="46.9216173" lon="9.3522805">
        <ele>1383.5</ele>
        <time>2026-06-13T12:21:53Z</time>
        <hdop>11.7</hdop>
        <extensions>
          <osmand:speed>1.3</osmand:speed>
        </extensions>
      </trkpt>
      <trkpt lat="46.9215499" lon="9.3523798">
        <ele>1382.5</ele>
        <time>2026-06-13T12:21:59Z</time>
        <hdop>10.2</hdop>
        <extensions>
          <osmand:speed>2.4</osmand:speed>
        </extensions>
      </trkpt>
      <trkpt lat="46.9215151" lon="9.3525023">
        <ele>1380.5</ele>
        <time>2026-06-13T12:22:05Z</time>
        <hdop>12.8</hdop>
        <extensions>
          <osmand:speed>1.4</osmand:speed>
        </extensions>
      </trkpt>
      <trkpt lat="46.9214914" lon="9.3525969">
        <ele>1381.5</ele>
        <time>2026-06-13T12:22:11Z</time>
        <hdop>11.7</hdop>
        <extensions>
          <osmand:speed>1.6</osmand:speed>
        </extensions>
      </trkpt>
      <trkpt lat="46.9215106" lon="9.3526664">
        <ele>1381.5</ele>
        <time>2026-06-13T12:22:17Z</time>
        <hdop>13.3</hdop>
        <extensions>
          <osmand:speed>1.4</osmand:speed>
        </extensions>
      </trkpt>
      <trkpt lat="46.9214679" lon="9.3527735">
        <ele>1381.5</ele>
        <time>2026-06-13T12:22:23Z</time>
        <hdop>9.7</hdop>
        <extensions>
          <osmand:speed>1.1</osmand:speed>
        </extensions>
      </trkpt>
      <trkpt lat="46.921412" lon="9.3528868">
        <ele>1380.5</ele>
        <time>2026-06-13T12:22:29Z</time>
        <hdop>12.2</hdop>
        <extensions>
          <osmand:speed>1</osmand:speed>
        </extensions>
      </trkpt>
      <trkpt lat="46.9213581" lon="9.3530235">
        <ele>1380.5</ele>
        <time>2026-06-13T12:22:35Z</time>
        <hdop>14.3</hdop>
        <extensions>
          <osmand:speed>1.2</osmand:speed>
        </extensions>
      </trkpt>
      <trkpt lat="46.9213119" lon="9.3531075">
        <ele>1377.5</ele>
        <time>2026-06-13T12:22:41Z</time>
        <hdop>9.2</hdop>
        <extensions>
          <osmand:speed>1.1</osmand:speed>
        </extensions>
      </trkpt>
      <trkpt lat="46.9212476" lon="9.3531804">
        <ele>1375.5</ele>
        <time>2026-06-13T12:22:47Z</time>
        <hdop>9.2</hdop>
        <extensions>
          <osmand:speed>1.1</osmand:speed>
        </extensions>
      </trkpt>
      <trkpt lat="46.9212401" lon="9.3533121">
        <ele>1374.5</ele>
        <time>2026-06-13T12:22:53Z</time>
        <hdop>9.2</hdop>
        <extensions>
          <osmand:speed>1</osmand:speed>
        </extensions>
      </trkpt>
      <trkpt lat="46.921233" lon="9.3534295">
        <ele>1374.5</ele>
        <time>2026-06-13T12:22:59Z</time>
        <hdop>8.7</hdop>
        <extensions>
          <osmand:speed>1.2</osmand:speed>
        </extensions>
      </trkpt>
      <trkpt lat="46.9211867" lon="9.3535386">
        <ele>1374.5</ele>
        <time>2026-06-13T12:23:05Z</time>
        <hdop>8.7</hdop>
        <extensions>
          <osmand:speed>1.1</osmand:speed>
        </extensions>
      </trkpt>
      <trkpt lat="46.9211331" lon="9.3536239">
        <ele>1373.5</ele>
        <time>2026-06-13T12:23:11Z</time>
        <hdop>8.7</hdop>
        <extensions>
          <osmand:speed>0.9</osmand:speed>
        </extensions>
      </trkpt>
      <trkpt lat="46.9211249" lon="9.3537318">
        <ele>1371.5</ele>
        <time>2026-06-13T12:23:17Z</time>
        <hdop>8.7</hdop>
        <extensions>
          <osmand:speed>1.1</osmand:speed>
        </extensions>
      </trkpt>
      <trkpt lat="46.9210901" lon="9.3538399">
        <ele>1371.5</ele>
        <time>2026-06-13T12:23:23Z</time>
        <hdop>8.7</hdop>
        <extensions>
          <osmand:speed>1</osmand:speed>
        </extensions>
      </trkpt>
      <trkpt lat="46.9210574" lon="9.3539715">
        <ele>1368.5</ele>
        <time>2026-06-13T12:23:29Z</time>
        <hdop>7.7</hdop>
        <extensions>
          <osmand:speed>1.7</osmand:speed>
        </extensions>
      </trkpt>
      <trkpt lat="46.9210214" lon="9.354078">
        <ele>1367.5</ele>
        <time>2026-06-13T12:23:35Z</time>
        <hdop>7.7</hdop>
        <extensions>
          <osmand:speed>1</osmand:speed>
        </extensions>
      </trkpt>
      <trkpt lat="46.9209903" lon="9.3541876">
        <ele>1366.5</ele>
        <time>2026-06-13T12:23:41Z</time>
        <hdop>8.2</hdop>
        <extensions>
          <osmand:speed>1.4</osmand:speed>
        </extensions>
      </trkpt>
      <trkpt lat="46.920934" lon="9.3543021">
        <ele>1365.5</ele>
        <time>2026-06-13T12:23:47Z</time>
        <hdop>7.7</hdop>
        <extensions>
          <osmand:speed>1.6</osmand:speed>
        </extensions>
      </trkpt>
      <trkpt lat="46.9209123" lon="9.3543961">
        <ele>1363.5</ele>
        <time>2026-06-13T12:23:53Z</time>
        <hdop>7.7</hdop>
        <extensions>
          <osmand:speed>1.4</osmand:speed>
        </extensions>
      </trkpt>
      <trkpt lat="46.9208995" lon="9.3545026">
        <ele>1361.5</ele>
        <time>2026-06-13T12:23:59Z</time>
        <hdop>7.7</hdop>
        <extensions>
          <osmand:speed>1</osmand:speed>
        </extensions>
      </trkpt>
      <trkpt lat="46.9208422" lon="9.3545916">
        <ele>1361.5</ele>
        <time>2026-06-13T12:24:05Z</time>
        <hdop>7.1</hdop>
        <extensions>
          <osmand:speed>0.9</osmand:speed>
        </extensions>
      </trkpt>
      <trkpt lat="46.9207837" lon="9.3546798">
        <ele>1360.5</ele>
        <time>2026-06-13T12:24:11Z</time>
        <hdop>6.6</hdop>
        <extensions>
          <osmand:speed>1.4</osmand:speed>
        </extensions>
      </trkpt>
      <trkpt lat="46.9207413" lon="9.3547726">
        <ele>1358.5</ele>
        <time>2026-06-13T12:24:17Z</time>
        <hdop>7.1</hdop>
        <extensions>
          <osmand:speed>0.9</osmand:speed>
        </extensions>
      </trkpt>
      <trkpt lat="46.9207184" lon="9.3548874">
        <ele>1357.5</ele>
        <time>2026-06-13T12:24:23Z</time>
        <hdop>7.7</hdop>
        <extensions>
          <osmand:speed>1.2</osmand:speed>
        </extensions>
      </trkpt>
      <trkpt lat="46.9206942" lon="9.3549938">
        <ele>1355.5</ele>
        <time>2026-06-13T12:24:29Z</time>
        <hdop>6.6</hdop>
        <extensions>
          <osmand:speed>1.1</osmand:speed>
        </extensions>
      </trkpt>
      <trkpt lat="46.9206669" lon="9.3550829">
        <ele>1354.5</ele>
        <time>2026-06-13T12:24:35Z</time>
        <hdop>7.1</hdop>
        <extensions>
          <osmand:speed>0.8</osmand:speed>
        </extensions>
      </trkpt>
      <trkpt lat="46.9206568" lon="9.3551078">
        <ele>1352.5</ele>
        <time>2026-06-13T12:24:51Z</time>
        <hdop>8.2</hdop>
        <extensions>
          <osmand:speed>0.2</osmand:speed>
        </extensions>
      </trkpt>
      <trkpt lat="46.9206383" lon="9.3551286">
        <ele>1352.5</ele>
        <time>2026-06-13T12:24:57Z</time>
        <hdop>6.1</hdop>
        <extensions>
          <osmand:speed>1.1</osmand:speed>
        </extensions>
      </trkpt>
      <trkpt lat="46.9206114" lon="9.3552248">
        <ele>1352.5</ele>
        <time>2026-06-13T12:25:03Z</time>
        <hdop>6.6</hdop>
        <extensions>
          <osmand:speed>1.6</osmand:speed>
        </extensions>
      </trkpt>
      <trkpt lat="46.9206054" lon="9.3553431">
        <ele>1352.5</ele>
        <time>2026-06-13T12:25:09Z</time>
        <hdop>6.6</hdop>
        <extensions>
          <osmand:speed>1.5</osmand:speed>
        </extensions>
      </trkpt>
      <trkpt lat="46.920634" lon="9.3554687">
        <ele>1351.5</ele>
        <time>2026-06-13T12:25:15Z</time>
        <hdop>6.1</hdop>
        <extensions>
          <osmand:speed>1.4</osmand:speed>
        </extensions>
      </trkpt>
      <trkpt lat="46.9206306" lon="9.3555702">
        <ele>1351.5</ele>
        <time>2026-06-13T12:25:21Z</time>
        <hdop>6.1</hdop>
        <extensions>
          <osmand:speed>1.1</osmand:speed>
        </extensions>
      </trkpt>
      <trkpt lat="46.9206161" lon="9.3557044">
        <ele>1351.5</ele>
        <time>2026-06-13T12:25:27Z</time>
        <hdop>6.6</hdop>
        <extensions>
          <osmand:speed>1.5</osmand:speed>
        </extensions>
      </trkpt>
      <trkpt lat="46.9206374" lon="9.3558234">
        <ele>1351.5</ele>
        <time>2026-06-13T12:25:33Z</time>
        <hdop>5.6</hdop>
        <extensions>
          <osmand:speed>1.5</osmand:speed>
        </extensions>
      </trkpt>
      <trkpt lat="46.9206414" lon="9.3559575">
        <ele>1351.5</ele>
        <time>2026-06-13T12:25:39Z</time>
        <hdop>5.6</hdop>
        <extensions>
          <osmand:speed>1.7</osmand:speed>
        </extensions>
      </trkpt>
      <trkpt lat="46.9206465" lon="9.3560374">
        <ele>1350.5</ele>
        <time>2026-06-13T12:25:45Z</time>
        <hdop>6.1</hdop>
        <extensions>
          <osmand:speed>1</osmand:speed>
        </extensions>
      </trkpt>
      <trkpt lat="46.9206831" lon="9.3561249">
        <ele>1351.5</ele>
        <time>2026-06-13T12:25:51Z</time>
        <hdop>5.6</hdop>
        <extensions>
          <osmand:speed>1.2</osmand:speed>
        </extensions>
      </trkpt>
      <trkpt lat="46.9207367" lon="9.3562116">
        <ele>1352.5</ele>
        <time>2026-06-13T12:25:57Z</time>
        <hdop>5.6</hdop>
        <extensions>
          <osmand:speed>1.3</osmand:speed>
        </extensions>
      </trkpt>
      <trkpt lat="46.9207648" lon="9.3563463">
        <ele>1352.5</ele>
        <time>2026-06-13T12:26:03Z</time>
        <hdop>5.1</hdop>
        <extensions>
          <osmand:speed>1.5</osmand:speed>
        </extensions>
      </trkpt>
      <trkpt lat="46.9207807" lon="9.3564686">
        <ele>1351.5</ele>
        <time>2026-06-13T12:26:09Z</time>
        <hdop>6.6</hdop>
        <extensions>
          <osmand:speed>1.5</osmand:speed>
        </extensions>
      </trkpt>
      <trkpt lat="46.9207762" lon="9.3565983">
        <ele>1350.5</ele>
        <time>2026-06-13T12:26:15Z</time>
        <hdop>5.1</hdop>
        <extensions>
          <osmand:speed>1.7</osmand:speed>
        </extensions>
      </trkpt>
      <trkpt lat="46.9207585" lon="9.3567123">
        <ele>1350.5</ele>
        <time>2026-06-13T12:26:21Z</time>
        <hdop>5.1</hdop>
        <extensions>
          <osmand:speed>1.4</osmand:speed>
        </extensions>
      </trkpt>
      <trkpt lat="46.9207275" lon="9.3568145">
        <ele>1350.5</ele>
        <time>2026-06-13T12:26:27Z</time>
        <hdop>6.1</hdop>
        <extensions>
          <osmand:speed>1.8</osmand:speed>
        </extensions>
      </trkpt>
      <trkpt lat="46.9207242" lon="9.3569188">
        <ele>1350.5</ele>
        <time>2026-06-13T12:26:33Z</time>
        <hdop>5.6</hdop>
        <extensions>
          <osmand:speed>1.4</osmand:speed>
        </extensions>
      </trkpt>
      <trkpt lat="46.9207173" lon="9.3570347">
        <ele>1351.5</ele>
        <time>2026-06-13T12:26:39Z</time>
        <hdop>5.6</hdop>
        <extensions>
          <osmand:speed>1.3</osmand:speed>
        </extensions>
      </trkpt>
      <trkpt lat="46.9207117" lon="9.3571201">
        <ele>1352.5</ele>
        <time>2026-06-13T12:26:45Z</time>
        <hdop>5.1</hdop>
        <extensions>
          <osmand:speed>0.7</osmand:speed>
        </extensions>
      </trkpt>
      <trkpt lat="46.9206879" lon="9.3572011">
        <ele>1353.5</ele>
        <time>2026-06-13T12:26:51Z</time>
        <hdop>4.6</hdop>
        <extensions>
          <osmand:speed>1.2</osmand:speed>
        </extensions>
      </trkpt>
      <trkpt lat="46.9206655" lon="9.3572794">
        <ele>1354.5</ele>
        <time>2026-06-13T12:26:57Z</time>
        <hdop>5.6</hdop>
        <extensions>
          <osmand:speed>0.8</osmand:speed>
        </extensions>
      </trkpt>
      <trkpt lat="46.9206516" lon="9.357312">
        <ele>1352.5</ele>
        <time>2026-06-13T12:27:12Z</time>
        <hdop>5.6</hdop>
        <extensions>
          <osmand:speed>1</osmand:speed>
        </extensions>
      </trkpt>
      <trkpt lat="46.9206299" lon="9.3574172">
        <ele>1353.5</ele>
        <time>2026-06-13T12:27:18Z</time>
        <hdop>6.1</hdop>
        <extensions>
          <osmand:speed>1.4</osmand:speed>
        </extensions>
      </trkpt>
      <trkpt lat="46.9206378" lon="9.3575123">
        <ele>1353.5</ele>
        <time>2026-06-13T12:27:24Z</time>
        <hdop>6.1</hdop>
        <extensions>
          <osmand:speed>1.3</osmand:speed>
        </extensions>
      </trkpt>
      <trkpt lat="46.9206096" lon="9.3576062">
        <ele>1353.5</ele>
        <time>2026-06-13T12:27:30Z</time>
        <hdop>7.1</hdop>
        <extensions>
          <osmand:speed>1</osmand:speed>
        </extensions>
      </trkpt>
      <trkpt lat="46.920596" lon="9.3576963">
        <ele>1353.5</ele>
        <time>2026-06-13T12:27:36Z</time>
        <hdop>7.1</hdop>
        <extensions>
          <osmand:speed>1.1</osmand:speed>
        </extensions>
      </trkpt>
      <trkpt lat="46.9205777" lon="9.3577828">
        <ele>1353.5</ele>
        <time>2026-06-13T12:27:42Z</time>
        <hdop>7.7</hdop>
        <extensions>
          <osmand:speed>0.8</osmand:speed>
        </extensions>
      </trkpt>
      <trkpt lat="46.9205595" lon="9.3578009">
        <ele>1353.5</ele>
        <time>2026-06-13T12:27:48Z</time>
        <hdop>5.6</hdop>
      </trkpt>
      <trkpt lat="46.9205533" lon="9.3578268">
        <ele>1353.5</ele>
        <time>2026-06-13T12:27:55Z</time>
        <hdop>5.1</hdop>
        <extensions>
          <osmand:speed>0</osmand:speed>
        </extensions>
      </trkpt>
      <trkpt lat="46.9205323" lon="9.3578261">
        <ele>1356.5</ele>
        <time>2026-06-13T12:28:02Z</time>
        <hdop>4.6</hdop>
        <extensions>
          <osmand:speed>0</osmand:speed>
        </extensions>
      </trkpt>
      <trkpt lat="46.920535" lon="9.3577975">
        <ele>1355.5</ele>
        <time>2026-06-13T12:28:09Z</time>
        <hdop>4.6</hdop>
        <extensions>
          <osmand:speed>0.4</osmand:speed>
        </extensions>
      </trkpt>
      <trkpt lat="46.9204793" lon="9.3577973">
        <ele>1355.5</ele>
        <time>2026-06-13T12:28:15Z</time>
        <hdop>5.1</hdop>
        <extensions>
          <osmand:speed>0.9</osmand:speed>
        </extensions>
      </trkpt>
      <trkpt lat="46.9204569" lon="9.3578296">
        <ele>1355.5</ele>
        <time>2026-06-13T12:28:21Z</time>
        <hdop>8.2</hdop>
        <extensions>
          <osmand:speed>0.4</osmand:speed>
        </extensions>
      </trkpt>
      <trkpt lat="46.9204722" lon="9.3578149">
        <ele>1356.5</ele>
        <time>2026-06-13T12:28:37Z</time>
        <hdop>8.2</hdop>
        <extensions>
          <osmand:speed>0.9</osmand:speed>
        </extensions>
      </trkpt>
      <trkpt lat="46.9204539" lon="9.3577968">
        <ele>1356.5</ele>
        <time>2026-06-13T12:28:52Z</time>
        <hdop>6.1</hdop>
        <extensions>
          <osmand:speed>0.7</osmand:speed>
        </extensions>
      </trkpt>
      <trkpt lat="46.9204401" lon="9.3577768">
        <ele>1358.5</ele>
        <time>2026-06-13T12:29:02Z</time>
        <hdop>4.6</hdop>
        <extensions>
          <osmand:speed>0.2</osmand:speed>
        </extensions>
      </trkpt>
      <trkpt lat="46.9204591" lon="9.3577667">
        <ele>1358.5</ele>
        <time>2026-06-13T12:29:09Z</time>
        <hdop>9.2</hdop>
        <extensions>
          <osmand:speed>0.9</osmand:speed>
        </extensions>
      </trkpt>
      <trkpt lat="46.9204941" lon="9.3578732">
        <ele>1356.5</ele>
        <time>2026-06-13T12:29:15Z</time>
        <hdop>6.1</hdop>
        <extensions>
          <osmand:speed>0.5</osmand:speed>
        </extensions>
      </trkpt>
      <trkpt lat="46.9204754" lon="9.3578761">
        <ele>1355.5</ele>
        <time>2026-06-13T12:29:33Z</time>
        <hdop>10.7</hdop>
      </trkpt>
      <trkpt lat="46.9204894" lon="9.3578521">
        <ele>1354.5</ele>
        <time>2026-06-13T12:29:49Z</time>
        <hdop>14.3</hdop>
        <extensions>
          <osmand:speed>0.7</osmand:speed>
        </extensions>
      </trkpt>
      <trkpt lat="46.9205275" lon="9.3577935">
        <ele>1353.5</ele>
        <time>2026-06-13T12:29:55Z</time>
        <hdop>12.8</hdop>
        <extensions>
          <osmand:speed>1</osmand:speed>
        </extensions>
      </trkpt>
      <trkpt lat="46.9205227" lon="9.3577181">
        <ele>1353.5</ele>
        <time>2026-06-13T12:30:01Z</time>
        <hdop>12.8</hdop>
        <extensions>
          <osmand:speed>1</osmand:speed>
        </extensions>
      </trkpt>
      <trkpt lat="46.9205562" lon="9.3574824">
        <ele>1346.5</ele>
        <time>2026-06-13T12:30:44Z</time>
        <hdop>12.2</hdop>
        <extensions>
          <osmand:speed>0.3</osmand:speed>
        </extensions>
      </trkpt>
      <trkpt lat="46.9205345" lon="9.3574023">
        <ele>1346.5</ele>
        <time>2026-06-13T12:30:50Z</time>
        <hdop>10.7</hdop>
        <extensions>
          <osmand:speed>2.3</osmand:speed>
        </extensions>
      </trkpt>
      <trkpt lat="46.9204929" lon="9.3572877">
        <ele>1346.5</ele>
        <time>2026-06-13T12:30:56Z</time>
        <hdop>10.7</hdop>
        <extensions>
          <osmand:speed>1.2</osmand:speed>
        </extensions>
      </trkpt>
      <trkpt lat="46.9204596" lon="9.3572033">
        <ele>1349.5</ele>
        <time>2026-06-13T12:31:02Z</time>
        <hdop>12.8</hdop>
        <extensions>
          <osmand:speed>1.5</osmand:speed>
        </extensions>
      </trkpt>
      <trkpt lat="46.9204285" lon="9.3571203">
        <ele>1348.5</ele>
        <time>2026-06-13T12:31:08Z</time>
        <hdop>12.8</hdop>
        <extensions>
          <osmand:speed>0.9</osmand:speed>
        </extensions>
      </trkpt>
      <trkpt lat="46.9204035" lon="9.3570338">
        <ele>1346.5</ele>
        <time>2026-06-13T12:31:14Z</time>
        <hdop>10.7</hdop>
        <extensions>
          <osmand:speed>1.6</osmand:speed>
        </extensions>
      </trkpt>
      <trkpt lat="46.9203886" lon="9.3569589">
        <ele>1345.5</ele>
        <time>2026-06-13T12:31:20Z</time>
        <hdop>14.8</hdop>
        <extensions>
          <osmand:speed>0.4</osmand:speed>
        </extensions>
      </trkpt>
      <trkpt lat="46.9203902" lon="9.3569285">
        <ele>1346.5</ele>
        <time>2026-06-13T12:31:32Z</time>
        <hdop>8.2</hdop>
        <extensions>
          <osmand:speed>0.7</osmand:speed>
        </extensions>
      </trkpt>
      <trkpt lat="46.9204112" lon="9.3568414">
        <ele>1345.5</ele>
        <time>2026-06-13T12:31:38Z</time>
        <hdop>13.3</hdop>
        <extensions>
          <osmand:speed>1.4</osmand:speed>
        </extensions>
      </trkpt>
      <trkpt lat="46.9204443" lon="9.3567441">
        <ele>1346.5</ele>
        <time>2026-06-13T12:31:44Z</time>
        <hdop>13.8</hdop>
        <extensions>
          <osmand:speed>1.1</osmand:speed>
        </extensions>
      </trkpt>
      <trkpt lat="46.920467" lon="9.3566469">
        <ele>1344.5</ele>
        <time>2026-06-13T12:31:53Z</time>
        <hdop>13.3</hdop>
        <extensions>
          <osmand:speed>0.5</osmand:speed>
        </extensions>
      </trkpt>
      <trkpt lat="46.9206047" lon="9.3566239">
        <ele>1340.5</ele>
        <time>2026-06-13T12:31:59Z</time>
        <hdop>10.2</hdop>
        <extensions>
          <osmand:speed>0.9</osmand:speed>
        </extensions>
      </trkpt>
      <trkpt lat="46.9206645" lon="9.3566002">
        <ele>1340.5</ele>
        <time>2026-06-13T12:32:05Z</time>
        <hdop>9.7</hdop>
        <extensions>
          <osmand:speed>1.4</osmand:speed>
        </extensions>
      </trkpt>
      <trkpt lat="46.9207267" lon="9.3565425">
        <ele>1342.5</ele>
        <time>2026-06-13T12:32:11Z</time>
        <hdop>7.1</hdop>
        <extensions>
          <osmand:speed>1.4</osmand:speed>
        </extensions>
      </trkpt>
      <trkpt lat="46.9207388" lon="9.3564797">
        <ele>1341.5</ele>
        <time>2026-06-13T12:32:17Z</time>
        <hdop>9.7</hdop>
        <extensions>
          <osmand:speed>1.3</osmand:speed>
        </extensions>
      </trkpt>
      <trkpt lat="46.9207461" lon="9.356371">
        <ele>1342.5</ele>
        <time>2026-06-13T12:32:23Z</time>
        <hdop>11.7</hdop>
        <extensions>
          <osmand:speed>1.1</osmand:speed>
        </extensions>
      </trkpt>
      <trkpt lat="46.9207192" lon="9.3562885">
        <ele>1343.5</ele>
        <time>2026-06-13T12:32:29Z</time>
        <hdop>10.2</hdop>
        <extensions>
          <osmand:speed>1.1</osmand:speed>
        </extensions>
      </trkpt>
      <trkpt lat="46.92068" lon="9.3562109">
        <ele>1343.5</ele>
        <time>2026-06-13T12:32:35Z</time>
        <hdop>9.2</hdop>
        <extensions>
          <osmand:speed>0.9</osmand:speed>
        </extensions>
      </trkpt>
      <trkpt lat="46.920632" lon="9.3561226">
        <ele>1344.5</ele>
        <time>2026-06-13T12:32:41Z</time>
        <hdop>8.7</hdop>
        <extensions>
          <osmand:speed>1.3</osmand:speed>
        </extensions>
      </trkpt>
      <trkpt lat="46.9206288" lon="9.3560677">
        <ele>1343.5</ele>
        <time>2026-06-13T12:32:47Z</time>
        <hdop>7.7</hdop>
        <extensions>
          <osmand:speed>0.8</osmand:speed>
        </extensions>
      </trkpt>
      <trkpt lat="46.9206098" lon="9.3559848">
        <ele>1342.5</ele>
        <time>2026-06-13T12:32:53Z</time>
        <hdop>6.1</hdop>
        <extensions>
          <osmand:speed>1.2</osmand:speed>
        </extensions>
      </trkpt>
      <trkpt lat="46.920583" lon="9.3559237">
        <ele>1340.5</ele>
        <time>2026-06-13T12:32:59Z</time>
        <hdop>11.2</hdop>
        <extensions>
          <osmand:speed>0.8</osmand:speed>
        </extensions>
      </trkpt>
      <trkpt lat="46.9205801" lon="9.3558805">
        <ele>1341.5</ele>
        <time>2026-06-13T12:33:05Z</time>
        <hdop>10.2</hdop>
        <extensions>
          <osmand:speed>0.3</osmand:speed>
        </extensions>
      </trkpt>
      <trkpt lat="46.9205832" lon="9.3558407">
        <ele>1342.5</ele>
        <time>2026-06-13T12:33:11Z</time>
        <hdop>8.2</hdop>
        <extensions>
          <osmand:speed>0.6</osmand:speed>
        </extensions>
      </trkpt>
      <trkpt lat="46.9205759" lon="9.3557802">
        <ele>1344.5</ele>
        <time>2026-06-13T12:33:17Z</time>
        <hdop>9.7</hdop>
        <extensions>
          <osmand:speed>0.6</osmand:speed>
        </extensions>
      </trkpt>
      <trkpt lat="46.9205764" lon="9.3557322">
        <ele>1345.5</ele>
        <time>2026-06-13T12:33:23Z</time>
        <hdop>9.7</hdop>
        <extensions>
          <osmand:speed>0.5</osmand:speed>
        </extensions>
      </trkpt>
      <trkpt lat="46.9205733" lon="9.355673">
        <ele>1345.5</ele>
        <time>2026-06-13T12:33:29Z</time>
        <hdop>9.2</hdop>
        <extensions>
          <osmand:speed>0.3</osmand:speed>
        </extensions>
      </trkpt>
      <trkpt lat="46.9205554" lon="9.3556181">
        <ele>1346.5</ele>
        <time>2026-06-13T12:33:35Z</time>
        <hdop>8.2</hdop>
        <extensions>
          <osmand:speed>0.5</osmand:speed>
        </extensions>
      </trkpt>
      <trkpt lat="46.9205476" lon="9.3555576">
        <ele>1345.5</ele>
        <time>2026-06-13T12:33:41Z</time>
        <hdop>8.7</hdop>
        <extensions>
          <osmand:speed>0.5</osmand:speed>
        </extensions>
      </trkpt>
      <trkpt lat="46.9205363" lon="9.3554883">
        <ele>1346.5</ele>
        <time>2026-06-13T12:33:47Z</time>
        <hdop>7.1</hdop>
        <extensions>
          <osmand:speed>0.5</osmand:speed>
        </extensions>
      </trkpt>
      <trkpt lat="46.9205345" lon="9.3554497">
        <ele>1346.5</ele>
        <time>2026-06-13T12:33:53Z</time>
        <hdop>9.7</hdop>
        <extensions>
          <osmand:speed>0.6</osmand:speed>
        </extensions>
      </trkpt>
      <trkpt lat="46.9205173" lon="9.3554306">
        <ele>1345.5</ele>
        <time>2026-06-13T12:34:34Z</time>
        <hdop>7.7</hdop>
        <extensions>
          <osmand:speed>0.8</osmand:speed>
        </extensions>
      </trkpt>
      <trkpt lat="46.9204827" lon="9.3553697">
        <ele>1345.5</ele>
        <time>2026-06-13T12:34:40Z</time>
        <hdop>8.7</hdop>
        <extensions>
          <osmand:speed>1.5</osmand:speed>
        </extensions>
      </trkpt>
      <trkpt lat="46.9204299" lon="9.3552601">
        <ele>1345.5</ele>
        <time>2026-06-13T12:34:46Z</time>
        <hdop>11.2</hdop>
        <extensions>
          <osmand:speed>1</osmand:speed>
        </extensions>
      </trkpt>
      <trkpt lat="46.920358" lon="9.3551762">
        <ele>1344.5</ele>
        <time>2026-06-13T12:34:52Z</time>
        <hdop>7.7</hdop>
        <extensions>
          <osmand:speed>1.5</osmand:speed>
        </extensions>
      </trkpt>
      <trkpt lat="46.9203128" lon="9.355053">
        <ele>1342.5</ele>
        <time>2026-06-13T12:34:58Z</time>
        <hdop>8.2</hdop>
        <extensions>
          <osmand:speed>0.4</osmand:speed>
        </extensions>
      </trkpt>
      <trkpt lat="46.9203213" lon="9.3549716">
        <ele>1340.5</ele>
        <time>2026-06-13T12:35:04Z</time>
        <hdop>8.7</hdop>
        <extensions>
          <osmand:speed>0.8</osmand:speed>
        </extensions>
      </trkpt>
    </trkseg>
  </trk>
  <extensions>
    <osmand:show_arrows>false</osmand:show_arrows>
    <osmand:show_start_finish>true</osmand:show_start_finish>
    <osmand:split_interval>0.0</osmand:split_interval>
    <osmand:split_type>no_split</osmand:split_type>
    <osmand:line_3d_visualization_by_type>none</osmand:line_3d_visualization_by_type>
    <osmand:line_3d_visualization_wall_color_type>none</osmand:line_3d_visualization_wall_color_type>
    <osmand:line_3d_visualization_position_type>top</osmand:line_3d_visualization_position_type>
    <osmand:vertical_exaggeration_scale>1.0</osmand:vertical_exaggeration_scale>
    <osmand:elevation_meters>1000.0</osmand:elevation_meters>
    <osmand:width></osmand:width>
    <osmand:coloring_type>solid</osmand:coloring_type>
  </extensions>
</gpx>