<?xml version='1.0' encoding='UTF-8' standalone='yes' ?>
<gpx version="1.1" creator="OsmAnd+ 5.4.6" xmlns="http://www.topografix.com/GPX/1/1" xmlns:osmand="https://osmand.net/docs/technical/osmand-file-formats/osmand-gpx" xmlns:gpxtpx="https://www8.garmin.com/xmlschemas/TrackPointExtensionv1.xsd" xmlns:xsi="http://www.w3.org/2001/XMLSchema-instance" xsi:schemaLocation="http://www.topografix.com/GPX/1/1 https://www.topografix.com/GPX/1/1/gpx.xsd">
  <metadata>
    <name>2026-09-21_08-20_Mon</name>
    <time>2026-09-21T12:37:44Z</time>
  </metadata>
  <trk>
    <trkseg>
      <trkpt lat="46.9173293" lon="10.0926181">
        <ele>2038.3</ele>
        <time>2026-09-21T06:20:23Z</time>
        <hdop>4.1</hdop>
        <extensions>
          <osmand:speed>1.1</osmand:speed>
        </extensions>
      </trkpt>
      <trkpt lat="46.9173589" lon="10.0927069">
        <ele>2037.3</ele>
        <time>2026-09-21T06:20:29Z</time>
        <hdop>3.6</hdop>
        <extensions>
          <osmand:speed>1.7</osmand:speed>
        </extensions>
      </trkpt>
      <trkpt lat="46.917379" lon="10.0928103">
        <ele>2037.3</ele>
        <time>2026-09-21T06:20:35Z</time>
        <hdop>3.6</hdop>
        <extensions>
          <osmand:speed>1.3</osmand:speed>
        </extensions>
      </trkpt>
      <trkpt lat="46.9174278" lon="10.0928664">
        <ele>2036.3</ele>
        <time>2026-09-21T06:20:41Z</time>
        <hdop>3.6</hdop>
        <extensions>
          <osmand:speed>1.1</osmand:speed>
        </extensions>
      </trkpt>
      <trkpt lat="46.9174816" lon="10.0929433">
        <ele>2037.3</ele>
        <time>2026-09-21T06:20:47Z</time>
        <hdop>4.1</hdop>
        <extensions>
          <osmand:speed>1.3</osmand:speed>
        </extensions>
      </trkpt>
      <trkpt lat="46.9175294" lon="10.0930367">
        <ele>2037.3</ele>
        <time>2026-09-21T06:20:53Z</time>
        <hdop>4.1</hdop>
        <extensions>
          <osmand:speed>1.3</osmand:speed>
        </extensions>
      </trkpt>
      <trkpt lat="46.9175489" lon="10.0931142">
        <ele>2037.3</ele>
        <time>2026-09-21T06:20:59Z</time>
        <hdop>4.1</hdop>
        <extensions>
          <osmand:speed>1.2</osmand:speed>
        </extensions>
      </trkpt>
      <trkpt lat="46.9175743" lon="10.0932179">
        <ele>2037.3</ele>
        <time>2026-09-21T06:21:05Z</time>
        <hdop>7.7</hdop>
        <extensions>
          <osmand:speed>1.8</osmand:speed>
        </extensions>
      </trkpt>
      <trkpt lat="46.9175594" lon="10.0933375">
        <ele>2037.3</ele>
        <time>2026-09-21T06:21:11Z</time>
        <hdop>9.7</hdop>
        <extensions>
          <osmand:speed>1.4</osmand:speed>
        </extensions>
      </trkpt>
      <trkpt lat="46.9175613" lon="10.093449">
        <ele>2036.3</ele>
        <time>2026-09-21T06:21:17Z</time>
        <hdop>10.2</hdop>
        <extensions>
          <osmand:speed>1.2</osmand:speed>
        </extensions>
      </trkpt>
      <trkpt lat="46.9175727" lon="10.0935488">
        <ele>2036.3</ele>
        <time>2026-09-21T06:21:23Z</time>
        <hdop>9.2</hdop>
        <extensions>
          <osmand:speed>1.1</osmand:speed>
        </extensions>
      </trkpt>
      <trkpt lat="46.9175736" lon="10.0936657">
        <ele>2037.3</ele>
        <time>2026-09-21T06:21:29Z</time>
        <hdop>7.1</hdop>
        <extensions>
          <osmand:speed>1.3</osmand:speed>
        </extensions>
      </trkpt>
      <trkpt lat="46.9175955" lon="10.0937751">
        <ele>2036.3</ele>
        <time>2026-09-21T06:21:35Z</time>
        <hdop>7.7</hdop>
        <extensions>
          <osmand:speed>1.4</osmand:speed>
        </extensions>
      </trkpt>
      <trkpt lat="46.9176119" lon="10.0938776">
        <ele>2037.3</ele>
        <time>2026-09-21T06:21:41Z</time>
        <hdop>9.2</hdop>
        <extensions>
          <osmand:speed>1.1</osmand:speed>
        </extensions>
      </trkpt>
      <trkpt lat="46.9176531" lon="10.093969">
        <ele>2038.3</ele>
        <time>2026-09-21T06:21:47Z</time>
        <hdop>8.2</hdop>
        <extensions>
          <osmand:speed>1.3</osmand:speed>
        </extensions>
      </trkpt>
      <trkpt lat="46.9176869" lon="10.0940738">
        <ele>2038.3</ele>
        <time>2026-09-21T06:21:53Z</time>
        <hdop>7.7</hdop>
        <extensions>
          <osmand:speed>1.2</osmand:speed>
        </extensions>
      </trkpt>
      <trkpt lat="46.9176987" lon="10.0941712">
        <ele>2038.3</ele>
        <time>2026-09-21T06:21:59Z</time>
        <hdop>6.6</hdop>
        <extensions>
          <osmand:speed>1.1</osmand:speed>
        </extensions>
      </trkpt>
      <trkpt lat="46.9177226" lon="10.0942635">
        <ele>2038.3</ele>
        <time>2026-09-21T06:22:05Z</time>
        <hdop>8.2</hdop>
        <extensions>
          <osmand:speed>0.2</osmand:speed>
        </extensions>
      </trkpt>
      <trkpt lat="46.9177373" lon="10.0942852">
        <ele>2038.3</ele>
        <time>2026-09-21T06:22:12Z</time>
        <hdop>4.6</hdop>
        <extensions>
          <osmand:speed>1.7</osmand:speed>
        </extensions>
      </trkpt>
      <trkpt lat="46.9177693" lon="10.0943775">
        <ele>2038.3</ele>
        <time>2026-09-21T06:22:18Z</time>
        <hdop>7.1</hdop>
        <extensions>
          <osmand:speed>1.2</osmand:speed>
        </extensions>
      </trkpt>
      <trkpt lat="46.9177855" lon="10.0944809">
        <ele>2037.3</ele>
        <time>2026-09-21T06:22:24Z</time>
        <hdop>7.7</hdop>
        <extensions>
          <osmand:speed>1.2</osmand:speed>
        </extensions>
      </trkpt>
      <trkpt lat="46.9178201" lon="10.0945582">
        <ele>2037.3</ele>
        <time>2026-09-21T06:22:30Z</time>
        <hdop>6.6</hdop>
        <extensions>
          <osmand:speed>1</osmand:speed>
        </extensions>
      </trkpt>
      <trkpt lat="46.9178506" lon="10.0946541">
        <ele>2036.3</ele>
        <time>2026-09-21T06:22:36Z</time>
        <hdop>8.2</hdop>
        <extensions>
          <osmand:speed>1.3</osmand:speed>
        </extensions>
      </trkpt>
      <trkpt lat="46.917872" lon="10.0947734">
        <ele>2035.3</ele>
        <time>2026-09-21T06:22:42Z</time>
        <hdop>8.2</hdop>
        <extensions>
          <osmand:speed>1.2</osmand:speed>
        </extensions>
      </trkpt>
      <trkpt lat="46.9178862" lon="10.0948908">
        <ele>2034.3</ele>
        <time>2026-09-21T06:22:48Z</time>
        <hdop>8.2</hdop>
        <extensions>
          <osmand:speed>1.6</osmand:speed>
        </extensions>
      </trkpt>
      <trkpt lat="46.9178898" lon="10.0950113">
        <ele>2035.3</ele>
        <time>2026-09-21T06:22:54Z</time>
        <hdop>8.7</hdop>
        <extensions>
          <osmand:speed>1.4</osmand:speed>
        </extensions>
      </trkpt>
      <trkpt lat="46.9179008" lon="10.0951054">
        <ele>2035.3</ele>
        <time>2026-09-21T06:23:00Z</time>
        <hdop>8.7</hdop>
        <extensions>
          <osmand:speed>1.4</osmand:speed>
        </extensions>
      </trkpt>
      <trkpt lat="46.9179002" lon="10.0952218">
        <ele>2036.3</ele>
        <time>2026-09-21T06:23:06Z</time>
        <hdop>8.7</hdop>
        <extensions>
          <osmand:speed>1.2</osmand:speed>
        </extensions>
      </trkpt>
      <trkpt lat="46.9179045" lon="10.0953322">
        <ele>2037.3</ele>
        <time>2026-09-21T06:23:12Z</time>
        <hdop>8.7</hdop>
        <extensions>
          <osmand:speed>1.3</osmand:speed>
        </extensions>
      </trkpt>
      <trkpt lat="46.9179212" lon="10.0954388">
        <ele>2036.3</ele>
        <time>2026-09-21T06:23:18Z</time>
        <hdop>8.7</hdop>
        <extensions>
          <osmand:speed>1.1</osmand:speed>
        </extensions>
      </trkpt>
      <trkpt lat="46.917933" lon="10.0955425">
        <ele>2037.3</ele>
        <time>2026-09-21T06:23:24Z</time>
        <hdop>8.7</hdop>
        <extensions>
          <osmand:speed>1</osmand:speed>
        </extensions>
      </trkpt>
      <trkpt lat="46.9179438" lon="10.0956563">
        <ele>2038.3</ele>
        <time>2026-09-21T06:23:30Z</time>
        <hdop>8.2</hdop>
        <extensions>
          <osmand:speed>1.3</osmand:speed>
        </extensions>
      </trkpt>
      <trkpt lat="46.9179576" lon="10.0957735">
        <ele>2038.3</ele>
        <time>2026-09-21T06:23:36Z</time>
        <hdop>8.7</hdop>
        <extensions>
          <osmand:speed>1</osmand:speed>
        </extensions>
      </trkpt>
      <trkpt lat="46.9179618" lon="10.0958816">
        <ele>2038.3</ele>
        <time>2026-09-21T06:23:42Z</time>
        <hdop>8.2</hdop>
        <extensions>
          <osmand:speed>1.3</osmand:speed>
        </extensions>
      </trkpt>
      <trkpt lat="46.9179628" lon="10.0960008">
        <ele>2038.3</ele>
        <time>2026-09-21T06:23:48Z</time>
        <hdop>8.7</hdop>
        <extensions>
          <osmand:speed>1.3</osmand:speed>
        </extensions>
      </trkpt>
      <trkpt lat="46.9179827" lon="10.0961081">
        <ele>2038.3</ele>
        <time>2026-09-21T06:23:54Z</time>
        <hdop>8.7</hdop>
        <extensions>
          <osmand:speed>1.3</osmand:speed>
        </extensions>
      </trkpt>
      <trkpt lat="46.9180087" lon="10.0962146">
        <ele>2039.3</ele>
        <time>2026-09-21T06:24:00Z</time>
        <hdop>8.7</hdop>
        <extensions>
          <osmand:speed>1.4</osmand:speed>
        </extensions>
      </trkpt>
      <trkpt lat="46.9180377" lon="10.0963297">
        <ele>2039.3</ele>
        <time>2026-09-21T06:24:06Z</time>
        <hdop>7.1</hdop>
        <extensions>
          <osmand:speed>1.4</osmand:speed>
        </extensions>
      </trkpt>
      <trkpt lat="46.9180436" lon="10.0964428">
        <ele>2039.3</ele>
        <time>2026-09-21T06:24:12Z</time>
        <hdop>8.7</hdop>
        <extensions>
          <osmand:speed>1.3</osmand:speed>
        </extensions>
      </trkpt>
      <trkpt lat="46.918054" lon="10.0965547">
        <ele>2039.3</ele>
        <time>2026-09-21T06:24:18Z</time>
        <hdop>9.2</hdop>
        <extensions>
          <osmand:speed>1.3</osmand:speed>
        </extensions>
      </trkpt>
      <trkpt lat="46.9180553" lon="10.0966594">
        <ele>2038.3</ele>
        <time>2026-09-21T06:24:24Z</time>
        <hdop>9.2</hdop>
        <extensions>
          <osmand:speed>1</osmand:speed>
        </extensions>
      </trkpt>
      <trkpt lat="46.9180746" lon="10.0967704">
        <ele>2038.3</ele>
        <time>2026-09-21T06:24:30Z</time>
        <hdop>7.1</hdop>
        <extensions>
          <osmand:speed>1.5</osmand:speed>
        </extensions>
      </trkpt>
      <trkpt lat="46.9180926" lon="10.0968701">
        <ele>2038.3</ele>
        <time>2026-09-21T06:24:36Z</time>
        <hdop>8.7</hdop>
        <extensions>
          <osmand:speed>1.3</osmand:speed>
        </extensions>
      </trkpt>
      <trkpt lat="46.918092" lon="10.0969789">
        <ele>2039.3</ele>
        <time>2026-09-21T06:24:42Z</time>
        <hdop>7.1</hdop>
        <extensions>
          <osmand:speed>1.2</osmand:speed>
        </extensions>
      </trkpt>
      <trkpt lat="46.9180912" lon="10.097097">
        <ele>2037.3</ele>
        <time>2026-09-21T06:24:48Z</time>
        <hdop>7.1</hdop>
        <extensions>
          <osmand:speed>1.1</osmand:speed>
        </extensions>
      </trkpt>
      <trkpt lat="46.9181047" lon="10.0971982">
        <ele>2036.3</ele>
        <time>2026-09-21T06:24:54Z</time>
        <hdop>8.2</hdop>
        <extensions>
          <osmand:speed>1</osmand:speed>
        </extensions>
      </trkpt>
      <trkpt lat="46.9181572" lon="10.0972819">
        <ele>2036.3</ele>
        <time>2026-09-21T06:25:00Z</time>
        <hdop>7.1</hdop>
        <extensions>
          <osmand:speed>1</osmand:speed>
        </extensions>
      </trkpt>
      <trkpt lat="46.9181716" lon="10.0973616">
        <ele>2036.3</ele>
        <time>2026-09-21T06:25:06Z</time>
        <hdop>7.1</hdop>
        <extensions>
          <osmand:speed>1.3</osmand:speed>
        </extensions>
      </trkpt>
      <trkpt lat="46.9181309" lon="10.0974121">
        <ele>2036.3</ele>
        <time>2026-09-21T06:25:12Z</time>
        <hdop>7.1</hdop>
        <extensions>
          <osmand:speed>1.1</osmand:speed>
        </extensions>
      </trkpt>
      <trkpt lat="46.9180839" lon="10.0974778">
        <ele>2035.3</ele>
        <time>2026-09-21T06:25:18Z</time>
        <hdop>8.2</hdop>
        <extensions>
          <osmand:speed>1.1</osmand:speed>
        </extensions>
      </trkpt>
      <trkpt lat="46.918013" lon="10.0975308">
        <ele>2036.3</ele>
        <time>2026-09-21T06:25:24Z</time>
        <hdop>7.7</hdop>
        <extensions>
          <osmand:speed>1.6</osmand:speed>
        </extensions>
      </trkpt>
      <trkpt lat="46.9179476" lon="10.0975819">
        <ele>2035.3</ele>
        <time>2026-09-21T06:25:30Z</time>
        <hdop>8.2</hdop>
        <extensions>
          <osmand:speed>1</osmand:speed>
        </extensions>
      </trkpt>
      <trkpt lat="46.9178846" lon="10.0976432">
        <ele>2036.3</ele>
        <time>2026-09-21T06:25:36Z</time>
        <hdop>7.7</hdop>
        <extensions>
          <osmand:speed>1</osmand:speed>
        </extensions>
      </trkpt>
      <trkpt lat="46.9178211" lon="10.0976641">
        <ele>2036.3</ele>
        <time>2026-09-21T06:25:42Z</time>
        <hdop>8.7</hdop>
        <extensions>
          <osmand:speed>1</osmand:speed>
        </extensions>
      </trkpt>
      <trkpt lat="46.9177593" lon="10.0977268">
        <ele>2035.3</ele>
        <time>2026-09-21T06:25:48Z</time>
        <hdop>8.2</hdop>
        <extensions>
          <osmand:speed>1.2</osmand:speed>
        </extensions>
      </trkpt>
      <trkpt lat="46.9177051" lon="10.0977933">
        <ele>2035.3</ele>
        <time>2026-09-21T06:25:54Z</time>
        <hdop>9.2</hdop>
        <extensions>
          <osmand:speed>1.1</osmand:speed>
        </extensions>
      </trkpt>
      <trkpt lat="46.917645" lon="10.0978699">
        <ele>2035.3</ele>
        <time>2026-09-21T06:26:00Z</time>
        <hdop>8.2</hdop>
        <extensions>
          <osmand:speed>1.5</osmand:speed>
        </extensions>
      </trkpt>
      <trkpt lat="46.9175844" lon="10.0979533">
        <ele>2035.3</ele>
        <time>2026-09-21T06:26:06Z</time>
        <hdop>8.2</hdop>
        <extensions>
          <osmand:speed>1.6</osmand:speed>
        </extensions>
      </trkpt>
      <trkpt lat="46.9175263" lon="10.0980068">
        <ele>2036.3</ele>
        <time>2026-09-21T06:26:12Z</time>
        <hdop>8.7</hdop>
        <extensions>
          <osmand:speed>1.1</osmand:speed>
        </extensions>
      </trkpt>
      <trkpt lat="46.9174765" lon="10.0980767">
        <ele>2035.3</ele>
        <time>2026-09-21T06:26:18Z</time>
        <hdop>9.2</hdop>
        <extensions>
          <osmand:speed>1.5</osmand:speed>
        </extensions>
      </trkpt>
      <trkpt lat="46.9174197" lon="10.0981558">
        <ele>2034.3</ele>
        <time>2026-09-21T06:26:24Z</time>
        <hdop>9.2</hdop>
        <extensions>
          <osmand:speed>1.6</osmand:speed>
        </extensions>
      </trkpt>
      <trkpt lat="46.9173536" lon="10.0982352">
        <ele>2034.3</ele>
        <time>2026-09-21T06:26:30Z</time>
        <hdop>9.2</hdop>
        <extensions>
          <osmand:speed>1.4</osmand:speed>
        </extensions>
      </trkpt>
      <trkpt lat="46.917322" lon="10.0983081">
        <ele>2034.3</ele>
        <time>2026-09-21T06:26:36Z</time>
        <hdop>7.7</hdop>
        <extensions>
          <osmand:speed>1</osmand:speed>
        </extensions>
      </trkpt>
      <trkpt lat="46.9172841" lon="10.0983813">
        <ele>2034.3</ele>
        <time>2026-09-21T06:26:42Z</time>
        <hdop>9.2</hdop>
        <extensions>
          <osmand:speed>1.1</osmand:speed>
        </extensions>
      </trkpt>
      <trkpt lat="46.917248" lon="10.0984858">
        <ele>2034.3</ele>
        <time>2026-09-21T06:26:48Z</time>
        <hdop>8.7</hdop>
        <extensions>
          <osmand:speed>1.2</osmand:speed>
        </extensions>
      </trkpt>
      <trkpt lat="46.9171935" lon="10.0985517">
        <ele>2032.3</ele>
        <time>2026-09-21T06:26:54Z</time>
        <hdop>9.2</hdop>
        <extensions>
          <osmand:speed>0.9</osmand:speed>
        </extensions>
      </trkpt>
      <trkpt lat="46.9171661" lon="10.0985811">
        <ele>2033.3</ele>
        <time>2026-09-21T06:27:00Z</time>
        <hdop>7.7</hdop>
        <extensions>
          <osmand:speed>0.1</osmand:speed>
        </extensions>
      </trkpt>
      <trkpt lat="46.9171605" lon="10.0986161">
        <ele>2033.3</ele>
        <time>2026-09-21T06:27:08Z</time>
        <hdop>4.6</hdop>
        <extensions>
          <osmand:speed>1.4</osmand:speed>
        </extensions>
      </trkpt>
      <trkpt lat="46.9171265" lon="10.0987055">
        <ele>2032.3</ele>
        <time>2026-09-21T06:27:14Z</time>
        <hdop>6.1</hdop>
        <extensions>
          <osmand:speed>1.5</osmand:speed>
        </extensions>
      </trkpt>
      <trkpt lat="46.9170633" lon="10.0987868">
        <ele>2032.3</ele>
        <time>2026-09-21T06:27:20Z</time>
        <hdop>8.2</hdop>
        <extensions>
          <osmand:speed>1.9</osmand:speed>
        </extensions>
      </trkpt>
      <trkpt lat="46.9170129" lon="10.0988728">
        <ele>2032.3</ele>
        <time>2026-09-21T06:27:26Z</time>
        <hdop>9.2</hdop>
        <extensions>
          <osmand:speed>1.5</osmand:speed>
        </extensions>
      </trkpt>
      <trkpt lat="46.9169501" lon="10.098961">
        <ele>2032.3</ele>
        <time>2026-09-21T06:27:32Z</time>
        <hdop>8.7</hdop>
        <extensions>
          <osmand:speed>1.2</osmand:speed>
        </extensions>
      </trkpt>
      <trkpt lat="46.9169056" lon="10.0990345">
        <ele>2033.3</ele>
        <time>2026-09-21T06:27:38Z</time>
        <hdop>8.7</hdop>
        <extensions>
          <osmand:speed>1.4</osmand:speed>
        </extensions>
      </trkpt>
      <trkpt lat="46.9168549" lon="10.099081">
        <ele>2033.3</ele>
        <time>2026-09-21T06:27:44Z</time>
        <hdop>9.2</hdop>
        <extensions>
          <osmand:speed>1.3</osmand:speed>
        </extensions>
      </trkpt>
      <trkpt lat="46.916799" lon="10.0991596">
        <ele>2033.3</ele>
        <time>2026-09-21T06:27:50Z</time>
        <hdop>8.7</hdop>
        <extensions>
          <osmand:speed>1.1</osmand:speed>
        </extensions>
      </trkpt>
      <trkpt lat="46.9167336" lon="10.0992148">
        <ele>2032.3</ele>
        <time>2026-09-21T06:27:56Z</time>
        <hdop>7.1</hdop>
        <extensions>
          <osmand:speed>1.4</osmand:speed>
        </extensions>
      </trkpt>
      <trkpt lat="46.9166688" lon="10.0992692">
        <ele>2032.3</ele>
        <time>2026-09-21T06:28:02Z</time>
        <hdop>7.1</hdop>
        <extensions>
          <osmand:speed>1.1</osmand:speed>
        </extensions>
      </trkpt>
      <trkpt lat="46.9166167" lon="10.0993391">
        <ele>2032.3</ele>
        <time>2026-09-21T06:28:08Z</time>
        <hdop>7.1</hdop>
        <extensions>
          <osmand:speed>1</osmand:speed>
        </extensions>
      </trkpt>
      <trkpt lat="46.9165603" lon="10.0993842">
        <ele>2031.3</ele>
        <time>2026-09-21T06:28:14Z</time>
        <hdop>7.7</hdop>
        <extensions>
          <osmand:speed>1.1</osmand:speed>
        </extensions>
      </trkpt>
      <trkpt lat="46.9164889" lon="10.0994588">
        <ele>2032.3</ele>
        <time>2026-09-21T06:28:20Z</time>
        <hdop>7.7</hdop>
        <extensions>
          <osmand:speed>1.1</osmand:speed>
        </extensions>
      </trkpt>
      <trkpt lat="46.9164218" lon="10.099512">
        <ele>2032.3</ele>
        <time>2026-09-21T06:28:26Z</time>
        <hdop>7.1</hdop>
        <extensions>
          <osmand:speed>1.2</osmand:speed>
        </extensions>
      </trkpt>
      <trkpt lat="46.9163555" lon="10.0995792">
        <ele>2031.3</ele>
        <time>2026-09-21T06:28:32Z</time>
        <hdop>8.7</hdop>
        <extensions>
          <osmand:speed>1.5</osmand:speed>
        </extensions>
      </trkpt>
      <trkpt lat="46.9163081" lon="10.099595">
        <ele>2030.3</ele>
        <time>2026-09-21T06:28:38Z</time>
        <hdop>7.7</hdop>
        <extensions>
          <osmand:speed>1.2</osmand:speed>
        </extensions>
      </trkpt>
      <trkpt lat="46.9162449" lon="10.0996692">
        <ele>2031.3</ele>
        <time>2026-09-21T06:28:44Z</time>
        <hdop>6.6</hdop>
        <extensions>
          <osmand:speed>1.3</osmand:speed>
        </extensions>
      </trkpt>
      <trkpt lat="46.9161759" lon="10.0997546">
        <ele>2031.3</ele>
        <time>2026-09-21T06:28:50Z</time>
        <hdop>7.7</hdop>
        <extensions>
          <osmand:speed>1.2</osmand:speed>
        </extensions>
      </trkpt>
      <trkpt lat="46.9161182" lon="10.099828">
        <ele>2031.3</ele>
        <time>2026-09-21T06:28:56Z</time>
        <hdop>7.1</hdop>
        <extensions>
          <osmand:speed>1.4</osmand:speed>
        </extensions>
      </trkpt>
      <trkpt lat="46.9160509" lon="10.0998915">
        <ele>2032.3</ele>
        <time>2026-09-21T06:29:02Z</time>
        <hdop>7.7</hdop>
        <extensions>
          <osmand:speed>1.2</osmand:speed>
        </extensions>
      </trkpt>
      <trkpt lat="46.9159927" lon="10.0999621">
        <ele>2031.3</ele>
        <time>2026-09-21T06:29:08Z</time>
        <hdop>8.2</hdop>
        <extensions>
          <osmand:speed>1.2</osmand:speed>
        </extensions>
      </trkpt>
      <trkpt lat="46.915934" lon="10.1000119">
        <ele>2032.3</ele>
        <time>2026-09-21T06:29:14Z</time>
        <hdop>7.7</hdop>
        <extensions>
          <osmand:speed>1.1</osmand:speed>
        </extensions>
      </trkpt>
      <trkpt lat="46.9158794" lon="10.1000677">
        <ele>2033.3</ele>
        <time>2026-09-21T06:29:20Z</time>
        <hdop>9.2</hdop>
        <extensions>
          <osmand:speed>1.1</osmand:speed>
        </extensions>
      </trkpt>
      <trkpt lat="46.9158222" lon="10.100144">
        <ele>2032.3</ele>
        <time>2026-09-21T06:29:26Z</time>
        <hdop>7.7</hdop>
        <extensions>
          <osmand:speed>1.3</osmand:speed>
        </extensions>
      </trkpt>
      <trkpt lat="46.9157572" lon="10.1002173">
        <ele>2032.3</ele>
        <time>2026-09-21T06:29:32Z</time>
        <hdop>7.7</hdop>
        <extensions>
          <osmand:speed>1.6</osmand:speed>
        </extensions>
      </trkpt>
      <trkpt lat="46.9156907" lon="10.1002796">
        <ele>2032.3</ele>
        <time>2026-09-21T06:29:38Z</time>
        <hdop>8.2</hdop>
        <extensions>
          <osmand:speed>1.2</osmand:speed>
        </extensions>
      </trkpt>
      <trkpt lat="46.9156299" lon="10.1003335">
        <ele>2031.3</ele>
        <time>2026-09-21T06:29:44Z</time>
        <hdop>7.7</hdop>
        <extensions>
          <osmand:speed>1.5</osmand:speed>
        </extensions>
      </trkpt>
      <trkpt lat="46.9155685" lon="10.100379">
        <ele>2032.3</ele>
        <time>2026-09-21T06:29:50Z</time>
        <hdop>9.7</hdop>
        <extensions>
          <osmand:speed>1.4</osmand:speed>
        </extensions>
      </trkpt>
      <trkpt lat="46.9155176" lon="10.1004339">
        <ele>2032.3</ele>
        <time>2026-09-21T06:29:56Z</time>
        <hdop>7.7</hdop>
        <extensions>
          <osmand:speed>0.8</osmand:speed>
        </extensions>
      </trkpt>
      <trkpt lat="46.91545" lon="10.100489">
        <ele>2031.3</ele>
        <time>2026-09-21T06:30:02Z</time>
        <hdop>8.2</hdop>
        <extensions>
          <osmand:speed>1.4</osmand:speed>
        </extensions>
      </trkpt>
      <trkpt lat="46.9153898" lon="10.1005631">
        <ele>2030.3</ele>
        <time>2026-09-21T06:30:08Z</time>
        <hdop>8.2</hdop>
        <extensions>
          <osmand:speed>1.3</osmand:speed>
        </extensions>
      </trkpt>
      <trkpt lat="46.9153308" lon="10.1006312">
        <ele>2031.3</ele>
        <time>2026-09-21T06:30:14Z</time>
        <hdop>8.2</hdop>
        <extensions>
          <osmand:speed>1.3</osmand:speed>
        </extensions>
      </trkpt>
      <trkpt lat="46.9152649" lon="10.1006777">
        <ele>2031.3</ele>
        <time>2026-09-21T06:30:20Z</time>
        <hdop>8.7</hdop>
        <extensions>
          <osmand:speed>1</osmand:speed>
        </extensions>
      </trkpt>
      <trkpt lat="46.9152054" lon="10.1007254">
        <ele>2031.3</ele>
        <time>2026-09-21T06:30:26Z</time>
        <hdop>7.7</hdop>
        <extensions>
          <osmand:speed>1.4</osmand:speed>
        </extensions>
      </trkpt>
      <trkpt lat="46.9151482" lon="10.100771">
        <ele>2030.3</ele>
        <time>2026-09-21T06:30:32Z</time>
        <hdop>7.7</hdop>
        <extensions>
          <osmand:speed>1.1</osmand:speed>
        </extensions>
      </trkpt>
      <trkpt lat="46.9150842" lon="10.1008328">
        <ele>2030.3</ele>
        <time>2026-09-21T06:30:38Z</time>
        <hdop>7.1</hdop>
        <extensions>
          <osmand:speed>1.3</osmand:speed>
        </extensions>
      </trkpt>
      <trkpt lat="46.9150231" lon="10.1009198">
        <ele>2031.3</ele>
        <time>2026-09-21T06:30:44Z</time>
        <hdop>8.7</hdop>
        <extensions>
          <osmand:speed>1.3</osmand:speed>
        </extensions>
      </trkpt>
      <trkpt lat="46.9149569" lon="10.1009842">
        <ele>2031.3</ele>
        <time>2026-09-21T06:30:50Z</time>
        <hdop>8.7</hdop>
        <extensions>
          <osmand:speed>1.5</osmand:speed>
        </extensions>
      </trkpt>
      <trkpt lat="46.9149144" lon="10.1010403">
        <ele>2031.3</ele>
        <time>2026-09-21T06:30:56Z</time>
        <hdop>8.2</hdop>
        <extensions>
          <osmand:speed>1</osmand:speed>
        </extensions>
      </trkpt>
      <trkpt lat="46.9148624" lon="10.1011006">
        <ele>2031.3</ele>
        <time>2026-09-21T06:31:02Z</time>
        <hdop>8.7</hdop>
        <extensions>
          <osmand:speed>1.2</osmand:speed>
        </extensions>
      </trkpt>
      <trkpt lat="46.9148002" lon="10.1011782">
        <ele>2032.3</ele>
        <time>2026-09-21T06:31:08Z</time>
        <hdop>6.1</hdop>
        <extensions>
          <osmand:speed>1.3</osmand:speed>
        </extensions>
      </trkpt>
      <trkpt lat="46.9147456" lon="10.1012507">
        <ele>2032.3</ele>
        <time>2026-09-21T06:31:14Z</time>
        <hdop>8.7</hdop>
        <extensions>
          <osmand:speed>1</osmand:speed>
        </extensions>
      </trkpt>
      <trkpt lat="46.9147217" lon="10.1012732">
        <ele>2032.3</ele>
        <time>2026-09-21T06:31:20Z</time>
        <hdop>7.1</hdop>
        <extensions>
          <osmand:speed>0.5</osmand:speed>
        </extensions>
      </trkpt>
      <trkpt lat="46.9147074" lon="10.1012912">
        <ele>2032.3</ele>
        <time>2026-09-21T06:31:26Z</time>
        <hdop>5.6</hdop>
      </trkpt>
      <trkpt lat="46.9146865" lon="10.1013235">
        <ele>2032.3</ele>
        <time>2026-09-21T06:31:32Z</time>
        <hdop>4.6</hdop>
        <extensions>
          <osmand:speed>1.2</osmand:speed>
        </extensions>
      </trkpt>
      <trkpt lat="46.9146567" lon="10.1013749">
        <ele>2031.3</ele>
        <time>2026-09-21T06:31:38Z</time>
        <hdop>7.7</hdop>
        <extensions>
          <osmand:speed>0.9</osmand:speed>
        </extensions>
      </trkpt>
      <trkpt lat="46.9146051" lon="10.1014388">
        <ele>2031.3</ele>
        <time>2026-09-21T06:31:44Z</time>
        <hdop>7.1</hdop>
        <extensions>
          <osmand:speed>1.1</osmand:speed>
        </extensions>
      </trkpt>
      <trkpt lat="46.9145354" lon="10.101497">
        <ele>2030.3</ele>
        <time>2026-09-21T06:31:50Z</time>
        <hdop>7.1</hdop>
        <extensions>
          <osmand:speed>1.2</osmand:speed>
        </extensions>
      </trkpt>
      <trkpt lat="46.9144735" lon="10.1015446">
        <ele>2029.3</ele>
        <time>2026-09-21T06:31:56Z</time>
        <hdop>8.7</hdop>
        <extensions>
          <osmand:speed>1.1</osmand:speed>
        </extensions>
      </trkpt>
      <trkpt lat="46.9144106" lon="10.1016028">
        <ele>2028.3</ele>
        <time>2026-09-21T06:32:02Z</time>
        <hdop>7.7</hdop>
        <extensions>
          <osmand:speed>1.2</osmand:speed>
        </extensions>
      </trkpt>
      <trkpt lat="46.9143702" lon="10.101681">
        <ele>2027.3</ele>
        <time>2026-09-21T06:32:08Z</time>
        <hdop>7.1</hdop>
        <extensions>
          <osmand:speed>1.1</osmand:speed>
        </extensions>
      </trkpt>
      <trkpt lat="46.914332" lon="10.1017682">
        <ele>2026.3</ele>
        <time>2026-09-21T06:32:14Z</time>
        <hdop>7.1</hdop>
        <extensions>
          <osmand:speed>1.3</osmand:speed>
        </extensions>
      </trkpt>
      <trkpt lat="46.9142864" lon="10.1018647">
        <ele>2025.3</ele>
        <time>2026-09-21T06:32:20Z</time>
        <hdop>7.1</hdop>
        <extensions>
          <osmand:speed>1.3</osmand:speed>
        </extensions>
      </trkpt>
      <trkpt lat="46.9142316" lon="10.1019429">
        <ele>2026.3</ele>
        <time>2026-09-21T06:32:26Z</time>
        <hdop>8.2</hdop>
        <extensions>
          <osmand:speed>1.4</osmand:speed>
        </extensions>
      </trkpt>
      <trkpt lat="46.9141668" lon="10.1020104">
        <ele>2026.3</ele>
        <time>2026-09-21T06:32:32Z</time>
        <hdop>8.7</hdop>
        <extensions>
          <osmand:speed>1.3</osmand:speed>
        </extensions>
      </trkpt>
      <trkpt lat="46.9141098" lon="10.1020618">
        <ele>2027.3</ele>
        <time>2026-09-21T06:32:38Z</time>
        <hdop>9.2</hdop>
        <extensions>
          <osmand:speed>1.4</osmand:speed>
        </extensions>
      </trkpt>
      <trkpt lat="46.9140436" lon="10.1021348">
        <ele>2027.3</ele>
        <time>2026-09-21T06:32:44Z</time>
        <hdop>8.2</hdop>
        <extensions>
          <osmand:speed>1.1</osmand:speed>
        </extensions>
      </trkpt>
      <trkpt lat="46.9139928" lon="10.1022293">
        <ele>2026.3</ele>
        <time>2026-09-21T06:32:50Z</time>
        <hdop>8.2</hdop>
        <extensions>
          <osmand:speed>1.1</osmand:speed>
        </extensions>
      </trkpt>
      <trkpt lat="46.9139665" lon="10.1023331">
        <ele>2026.3</ele>
        <time>2026-09-21T06:32:56Z</time>
        <hdop>7.7</hdop>
        <extensions>
          <osmand:speed>1.3</osmand:speed>
        </extensions>
      </trkpt>
      <trkpt lat="46.9139661" lon="10.1024496">
        <ele>2027.3</ele>
        <time>2026-09-21T06:33:02Z</time>
        <hdop>8.2</hdop>
        <extensions>
          <osmand:speed>1.4</osmand:speed>
        </extensions>
      </trkpt>
      <trkpt lat="46.9139737" lon="10.1025553">
        <ele>2027.3</ele>
        <time>2026-09-21T06:33:08Z</time>
        <hdop>8.2</hdop>
        <extensions>
          <osmand:speed>1.2</osmand:speed>
        </extensions>
      </trkpt>
      <trkpt lat="46.9139919" lon="10.102669">
        <ele>2027.3</ele>
        <time>2026-09-21T06:33:14Z</time>
        <hdop>7.7</hdop>
        <extensions>
          <osmand:speed>1.4</osmand:speed>
        </extensions>
      </trkpt>
      <trkpt lat="46.9140158" lon="10.1027804">
        <ele>2026.3</ele>
        <time>2026-09-21T06:33:20Z</time>
        <hdop>7.7</hdop>
        <extensions>
          <osmand:speed>1.2</osmand:speed>
        </extensions>
      </trkpt>
      <trkpt lat="46.9140277" lon="10.1028861">
        <ele>2026.3</ele>
        <time>2026-09-21T06:33:26Z</time>
        <hdop>7.7</hdop>
        <extensions>
          <osmand:speed>1.3</osmand:speed>
        </extensions>
      </trkpt>
      <trkpt lat="46.9140548" lon="10.1029952">
        <ele>2026.3</ele>
        <time>2026-09-21T06:33:32Z</time>
        <hdop>7.7</hdop>
        <extensions>
          <osmand:speed>1.2</osmand:speed>
        </extensions>
      </trkpt>
      <trkpt lat="46.9140589" lon="10.1030999">
        <ele>2026.3</ele>
        <time>2026-09-21T06:33:38Z</time>
        <hdop>8.2</hdop>
        <extensions>
          <osmand:speed>1.4</osmand:speed>
        </extensions>
      </trkpt>
      <trkpt lat="46.9140703" lon="10.1032031">
        <ele>2027.3</ele>
        <time>2026-09-21T06:33:44Z</time>
        <hdop>8.2</hdop>
        <extensions>
          <osmand:speed>1.4</osmand:speed>
        </extensions>
      </trkpt>
      <trkpt lat="46.9140474" lon="10.1033079">
        <ele>2027.3</ele>
        <time>2026-09-21T06:33:50Z</time>
        <hdop>8.7</hdop>
        <extensions>
          <osmand:speed>1.4</osmand:speed>
        </extensions>
      </trkpt>
      <trkpt lat="46.9140166" lon="10.1033818">
        <ele>2028.3</ele>
        <time>2026-09-21T06:33:56Z</time>
        <hdop>7.7</hdop>
        <extensions>
          <osmand:speed>1.1</osmand:speed>
        </extensions>
      </trkpt>
      <trkpt lat="46.9139751" lon="10.1034366">
        <ele>2028.3</ele>
        <time>2026-09-21T06:34:02Z</time>
        <hdop>9.2</hdop>
        <extensions>
          <osmand:speed>1.4</osmand:speed>
        </extensions>
      </trkpt>
      <trkpt lat="46.9139082" lon="10.1034683">
        <ele>2028.3</ele>
        <time>2026-09-21T06:34:08Z</time>
        <hdop>8.7</hdop>
        <extensions>
          <osmand:speed>1.4</osmand:speed>
        </extensions>
      </trkpt>
      <trkpt lat="46.9138402" lon="10.1034716">
        <ele>2028.3</ele>
        <time>2026-09-21T06:34:14Z</time>
        <hdop>6.6</hdop>
        <extensions>
          <osmand:speed>1.2</osmand:speed>
        </extensions>
      </trkpt>
      <trkpt lat="46.9137793" lon="10.1034273">
        <ele>2027.3</ele>
        <time>2026-09-21T06:34:20Z</time>
        <hdop>5.6</hdop>
        <extensions>
          <osmand:speed>1.1</osmand:speed>
        </extensions>
      </trkpt>
      <trkpt lat="46.9137107" lon="10.1033665">
        <ele>2026.3</ele>
        <time>2026-09-21T06:34:26Z</time>
        <hdop>5.6</hdop>
        <extensions>
          <osmand:speed>1.3</osmand:speed>
        </extensions>
      </trkpt>
      <trkpt lat="46.9136609" lon="10.1032961">
        <ele>2026.3</ele>
        <time>2026-09-21T06:34:32Z</time>
        <hdop>5.6</hdop>
        <extensions>
          <osmand:speed>1.2</osmand:speed>
        </extensions>
      </trkpt>
      <trkpt lat="46.9136009" lon="10.1032208">
        <ele>2024.3</ele>
        <time>2026-09-21T06:34:38Z</time>
        <hdop>5.6</hdop>
        <extensions>
          <osmand:speed>1.2</osmand:speed>
        </extensions>
      </trkpt>
      <trkpt lat="46.9135473" lon="10.1031821">
        <ele>2024.3</ele>
        <time>2026-09-21T06:34:44Z</time>
        <hdop>5.6</hdop>
        <extensions>
          <osmand:speed>1.4</osmand:speed>
        </extensions>
      </trkpt>
      <trkpt lat="46.9134802" lon="10.1031386">
        <ele>2024.3</ele>
        <time>2026-09-21T06:34:50Z</time>
        <hdop>7.1</hdop>
        <extensions>
          <osmand:speed>1.3</osmand:speed>
        </extensions>
      </trkpt>
      <trkpt lat="46.9134173" lon="10.10311">
        <ele>2025.3</ele>
        <time>2026-09-21T06:34:56Z</time>
        <hdop>6.1</hdop>
        <extensions>
          <osmand:speed>1.4</osmand:speed>
        </extensions>
      </trkpt>
      <trkpt lat="46.913337" lon="10.1031106">
        <ele>2025.3</ele>
        <time>2026-09-21T06:35:02Z</time>
        <hdop>6.1</hdop>
        <extensions>
          <osmand:speed>1.2</osmand:speed>
        </extensions>
      </trkpt>
      <trkpt lat="46.913278" lon="10.1031087">
        <ele>2025.3</ele>
        <time>2026-09-21T06:35:08Z</time>
        <hdop>7.7</hdop>
        <extensions>
          <osmand:speed>0.7</osmand:speed>
        </extensions>
      </trkpt>
      <trkpt lat="46.9132282" lon="10.1031404">
        <ele>2024.3</ele>
        <time>2026-09-21T06:35:14Z</time>
        <hdop>7.1</hdop>
        <extensions>
          <osmand:speed>0.1</osmand:speed>
        </extensions>
      </trkpt>
      <trkpt lat="46.913216" lon="10.1031668">
        <ele>2025.3</ele>
        <time>2026-09-21T06:35:32Z</time>
        <hdop>7.7</hdop>
        <extensions>
          <osmand:speed>0.4</osmand:speed>
        </extensions>
      </trkpt>
      <trkpt lat="46.9132043" lon="10.1032271">
        <ele>2025.3</ele>
        <time>2026-09-21T06:35:38Z</time>
        <hdop>7.7</hdop>
        <extensions>
          <osmand:speed>1.1</osmand:speed>
        </extensions>
      </trkpt>
      <trkpt lat="46.9132017" lon="10.1033253">
        <ele>2025.3</ele>
        <time>2026-09-21T06:35:44Z</time>
        <hdop>6.6</hdop>
        <extensions>
          <osmand:speed>1</osmand:speed>
        </extensions>
      </trkpt>
      <trkpt lat="46.9132072" lon="10.1034178">
        <ele>2025.3</ele>
        <time>2026-09-21T06:35:50Z</time>
        <hdop>8.7</hdop>
        <extensions>
          <osmand:speed>1.2</osmand:speed>
        </extensions>
      </trkpt>
      <trkpt lat="46.9132023" lon="10.1035144">
        <ele>2024.3</ele>
        <time>2026-09-21T06:35:56Z</time>
        <hdop>6.1</hdop>
        <extensions>
          <osmand:speed>1.2</osmand:speed>
        </extensions>
      </trkpt>
      <trkpt lat="46.9131918" lon="10.1036063">
        <ele>2023.3</ele>
        <time>2026-09-21T06:36:02Z</time>
        <hdop>8.7</hdop>
        <extensions>
          <osmand:speed>1.1</osmand:speed>
        </extensions>
      </trkpt>
      <trkpt lat="46.9131869" lon="10.1036389">
        <ele>2023.3</ele>
        <time>2026-09-21T06:36:08Z</time>
        <hdop>5.6</hdop>
      </trkpt>
      <trkpt lat="46.9131829" lon="10.1036975">
        <ele>2023.3</ele>
        <time>2026-09-21T06:36:14Z</time>
        <hdop>7.7</hdop>
        <extensions>
          <osmand:speed>1</osmand:speed>
        </extensions>
      </trkpt>
      <trkpt lat="46.9131815" lon="10.1038113">
        <ele>2023.3</ele>
        <time>2026-09-21T06:36:20Z</time>
        <hdop>8.2</hdop>
        <extensions>
          <osmand:speed>1.3</osmand:speed>
        </extensions>
      </trkpt>
      <trkpt lat="46.9131785" lon="10.1039226">
        <ele>2023.3</ele>
        <time>2026-09-21T06:36:26Z</time>
        <hdop>9.2</hdop>
        <extensions>
          <osmand:speed>1.1</osmand:speed>
        </extensions>
      </trkpt>
      <trkpt lat="46.9132049" lon="10.1040192">
        <ele>2025.3</ele>
        <time>2026-09-21T06:36:32Z</time>
        <hdop>8.7</hdop>
        <extensions>
          <osmand:speed>1.1</osmand:speed>
        </extensions>
      </trkpt>
      <trkpt lat="46.9132187" lon="10.1041192">
        <ele>2026.3</ele>
        <time>2026-09-21T06:36:38Z</time>
        <hdop>9.7</hdop>
        <extensions>
          <osmand:speed>1.3</osmand:speed>
        </extensions>
      </trkpt>
      <trkpt lat="46.913236" lon="10.1042171">
        <ele>2027.3</ele>
        <time>2026-09-21T06:36:44Z</time>
        <hdop>10.7</hdop>
        <extensions>
          <osmand:speed>1.2</osmand:speed>
        </extensions>
      </trkpt>
      <trkpt lat="46.913262" lon="10.1042964">
        <ele>2027.3</ele>
        <time>2026-09-21T06:36:50Z</time>
        <hdop>8.7</hdop>
        <extensions>
          <osmand:speed>1.1</osmand:speed>
        </extensions>
      </trkpt>
      <trkpt lat="46.9132889" lon="10.1043891">
        <ele>2028.3</ele>
        <time>2026-09-21T06:36:56Z</time>
        <hdop>10.2</hdop>
        <extensions>
          <osmand:speed>1</osmand:speed>
        </extensions>
      </trkpt>
      <trkpt lat="46.9133148" lon="10.104495">
        <ele>2030.3</ele>
        <time>2026-09-21T06:37:02Z</time>
        <hdop>9.2</hdop>
        <extensions>
          <osmand:speed>1.2</osmand:speed>
        </extensions>
      </trkpt>
      <trkpt lat="46.913313" lon="10.1045882">
        <ele>2030.3</ele>
        <time>2026-09-21T06:37:08Z</time>
        <hdop>7.1</hdop>
        <extensions>
          <osmand:speed>1.3</osmand:speed>
        </extensions>
      </trkpt>
      <trkpt lat="46.913324" lon="10.1046925">
        <ele>2031.3</ele>
        <time>2026-09-21T06:37:14Z</time>
        <hdop>9.2</hdop>
        <extensions>
          <osmand:speed>1.1</osmand:speed>
        </extensions>
      </trkpt>
      <trkpt lat="46.9133525" lon="10.1047988">
        <ele>2031.3</ele>
        <time>2026-09-21T06:37:20Z</time>
        <hdop>8.2</hdop>
        <extensions>
          <osmand:speed>1.2</osmand:speed>
        </extensions>
      </trkpt>
      <trkpt lat="46.913385" lon="10.1048827">
        <ele>2032.3</ele>
        <time>2026-09-21T06:37:26Z</time>
        <hdop>9.2</hdop>
        <extensions>
          <osmand:speed>1.1</osmand:speed>
        </extensions>
      </trkpt>
      <trkpt lat="46.9134123" lon="10.1049879">
        <ele>2034.3</ele>
        <time>2026-09-21T06:37:32Z</time>
        <hdop>8.2</hdop>
        <extensions>
          <osmand:speed>1.1</osmand:speed>
        </extensions>
      </trkpt>
      <trkpt lat="46.9134199" lon="10.1050868">
        <ele>2034.3</ele>
        <time>2026-09-21T06:37:38Z</time>
        <hdop>9.2</hdop>
        <extensions>
          <osmand:speed>1</osmand:speed>
        </extensions>
      </trkpt>
      <trkpt lat="46.9134237" lon="10.1051881">
        <ele>2035.3</ele>
        <time>2026-09-21T06:37:44Z</time>
        <hdop>8.2</hdop>
        <extensions>
          <osmand:speed>1.4</osmand:speed>
        </extensions>
      </trkpt>
      <trkpt lat="46.9134333" lon="10.1053054">
        <ele>2036.3</ele>
        <time>2026-09-21T06:37:50Z</time>
        <hdop>10.2</hdop>
        <extensions>
          <osmand:speed>1.4</osmand:speed>
        </extensions>
      </trkpt>
      <trkpt lat="46.913456" lon="10.1054013">
        <ele>2036.3</ele>
        <time>2026-09-21T06:37:56Z</time>
        <hdop>8.7</hdop>
        <extensions>
          <osmand:speed>1.2</osmand:speed>
        </extensions>
      </trkpt>
      <trkpt lat="46.9134844" lon="10.1054956">
        <ele>2037.3</ele>
        <time>2026-09-21T06:38:02Z</time>
        <hdop>8.7</hdop>
        <extensions>
          <osmand:speed>1.1</osmand:speed>
        </extensions>
      </trkpt>
      <trkpt lat="46.9134947" lon="10.1056038">
        <ele>2038.3</ele>
        <time>2026-09-21T06:38:08Z</time>
        <hdop>8.2</hdop>
        <extensions>
          <osmand:speed>1.1</osmand:speed>
        </extensions>
      </trkpt>
      <trkpt lat="46.9134863" lon="10.1056959">
        <ele>2039.3</ele>
        <time>2026-09-21T06:38:14Z</time>
        <hdop>9.2</hdop>
        <extensions>
          <osmand:speed>1</osmand:speed>
        </extensions>
      </trkpt>
      <trkpt lat="46.9134767" lon="10.1057864">
        <ele>2040.3</ele>
        <time>2026-09-21T06:38:20Z</time>
        <hdop>9.2</hdop>
        <extensions>
          <osmand:speed>1.4</osmand:speed>
        </extensions>
      </trkpt>
      <trkpt lat="46.9134574" lon="10.1058722">
        <ele>2041.3</ele>
        <time>2026-09-21T06:38:26Z</time>
        <hdop>7.7</hdop>
        <extensions>
          <osmand:speed>1.2</osmand:speed>
        </extensions>
      </trkpt>
      <trkpt lat="46.9134257" lon="10.1059727">
        <ele>2042.3</ele>
        <time>2026-09-21T06:38:32Z</time>
        <hdop>7.1</hdop>
        <extensions>
          <osmand:speed>1.3</osmand:speed>
        </extensions>
      </trkpt>
      <trkpt lat="46.9134083" lon="10.1060778">
        <ele>2043.3</ele>
        <time>2026-09-21T06:38:38Z</time>
        <hdop>8.2</hdop>
        <extensions>
          <osmand:speed>1</osmand:speed>
        </extensions>
      </trkpt>
      <trkpt lat="46.9133756" lon="10.1061665">
        <ele>2044.3</ele>
        <time>2026-09-21T06:38:44Z</time>
        <hdop>8.7</hdop>
        <extensions>
          <osmand:speed>1.2</osmand:speed>
        </extensions>
      </trkpt>
      <trkpt lat="46.913361" lon="10.1062321">
        <ele>2046.3</ele>
        <time>2026-09-21T06:38:50Z</time>
        <hdop>6.6</hdop>
        <extensions>
          <osmand:speed>1.3</osmand:speed>
        </extensions>
      </trkpt>
      <trkpt lat="46.9133253" lon="10.1062936">
        <ele>2046.3</ele>
        <time>2026-09-21T06:38:56Z</time>
        <hdop>8.2</hdop>
        <extensions>
          <osmand:speed>0.9</osmand:speed>
        </extensions>
      </trkpt>
      <trkpt lat="46.9132828" lon="10.1063726">
        <ele>2047.3</ele>
        <time>2026-09-21T06:39:02Z</time>
        <hdop>8.2</hdop>
        <extensions>
          <osmand:speed>1.1</osmand:speed>
        </extensions>
      </trkpt>
      <trkpt lat="46.9132839" lon="10.1064326">
        <ele>2048.3</ele>
        <time>2026-09-21T06:39:08Z</time>
        <hdop>9.2</hdop>
        <extensions>
          <osmand:speed>0.8</osmand:speed>
        </extensions>
      </trkpt>
      <trkpt lat="46.913243" lon="10.1065298">
        <ele>2049.3</ele>
        <time>2026-09-21T06:39:14Z</time>
        <hdop>8.2</hdop>
        <extensions>
          <osmand:speed>1.1</osmand:speed>
        </extensions>
      </trkpt>
      <trkpt lat="46.9132283" lon="10.1066192">
        <ele>2049.3</ele>
        <time>2026-09-21T06:39:20Z</time>
        <hdop>6.6</hdop>
        <extensions>
          <osmand:speed>1.1</osmand:speed>
        </extensions>
      </trkpt>
      <trkpt lat="46.9132559" lon="10.1066976">
        <ele>2048.3</ele>
        <time>2026-09-21T06:39:26Z</time>
        <hdop>7.7</hdop>
        <extensions>
          <osmand:speed>1.1</osmand:speed>
        </extensions>
      </trkpt>
      <trkpt lat="46.9132847" lon="10.1067599">
        <ele>2048.3</ele>
        <time>2026-09-21T06:39:32Z</time>
        <hdop>8.2</hdop>
        <extensions>
          <osmand:speed>0.8</osmand:speed>
        </extensions>
      </trkpt>
      <trkpt lat="46.9132998" lon="10.1067771">
        <ele>2048.3</ele>
        <time>2026-09-21T06:39:38Z</time>
        <hdop>7.1</hdop>
      </trkpt>
      <trkpt lat="46.9133121" lon="10.1068035">
        <ele>2047.3</ele>
        <time>2026-09-21T06:39:47Z</time>
        <hdop>7.7</hdop>
        <extensions>
          <osmand:speed>0.9</osmand:speed>
        </extensions>
      </trkpt>
      <trkpt lat="46.9132928" lon="10.1068977">
        <ele>2048.3</ele>
        <time>2026-09-21T06:39:53Z</time>
        <hdop>9.7</hdop>
        <extensions>
          <osmand:speed>1.1</osmand:speed>
        </extensions>
      </trkpt>
      <trkpt lat="46.9132885" lon="10.1070045">
        <ele>2049.3</ele>
        <time>2026-09-21T06:39:59Z</time>
        <hdop>9.7</hdop>
        <extensions>
          <osmand:speed>1.1</osmand:speed>
        </extensions>
      </trkpt>
      <trkpt lat="46.9132874" lon="10.1071014">
        <ele>2050.3</ele>
        <time>2026-09-21T06:40:05Z</time>
        <hdop>8.7</hdop>
        <extensions>
          <osmand:speed>1.1</osmand:speed>
        </extensions>
      </trkpt>
      <trkpt lat="46.9132876" lon="10.1072085">
        <ele>2050.3</ele>
        <time>2026-09-21T06:40:11Z</time>
        <hdop>9.2</hdop>
        <extensions>
          <osmand:speed>1.1</osmand:speed>
        </extensions>
      </trkpt>
      <trkpt lat="46.9132929" lon="10.1073147">
        <ele>2052.3</ele>
        <time>2026-09-21T06:40:17Z</time>
        <hdop>7.7</hdop>
        <extensions>
          <osmand:speed>1.3</osmand:speed>
        </extensions>
      </trkpt>
      <trkpt lat="46.9132994" lon="10.1074079">
        <ele>2052.3</ele>
        <time>2026-09-21T06:40:23Z</time>
        <hdop>9.7</hdop>
        <extensions>
          <osmand:speed>1.4</osmand:speed>
        </extensions>
      </trkpt>
      <trkpt lat="46.9132853" lon="10.1075013">
        <ele>2052.3</ele>
        <time>2026-09-21T06:40:29Z</time>
        <hdop>9.7</hdop>
        <extensions>
          <osmand:speed>1.2</osmand:speed>
        </extensions>
      </trkpt>
      <trkpt lat="46.9132931" lon="10.1075924">
        <ele>2053.3</ele>
        <time>2026-09-21T06:40:35Z</time>
        <hdop>9.2</hdop>
        <extensions>
          <osmand:speed>1.3</osmand:speed>
        </extensions>
      </trkpt>
      <trkpt lat="46.9132996" lon="10.1076766">
        <ele>2053.3</ele>
        <time>2026-09-21T06:40:41Z</time>
        <hdop>10.7</hdop>
        <extensions>
          <osmand:speed>1.2</osmand:speed>
        </extensions>
      </trkpt>
      <trkpt lat="46.9133058" lon="10.1077882">
        <ele>2055.3</ele>
        <time>2026-09-21T06:40:47Z</time>
        <hdop>10.2</hdop>
        <extensions>
          <osmand:speed>1.2</osmand:speed>
        </extensions>
      </trkpt>
      <trkpt lat="46.9133114" lon="10.1078684">
        <ele>2056.3</ele>
        <time>2026-09-21T06:40:53Z</time>
        <hdop>9.2</hdop>
        <extensions>
          <osmand:speed>1.2</osmand:speed>
        </extensions>
      </trkpt>
      <trkpt lat="46.9132848" lon="10.1079167">
        <ele>2058.3</ele>
        <time>2026-09-21T06:40:59Z</time>
        <hdop>10.2</hdop>
        <extensions>
          <osmand:speed>1.2</osmand:speed>
        </extensions>
      </trkpt>
      <trkpt lat="46.9132626" lon="10.1079732">
        <ele>2060.3</ele>
        <time>2026-09-21T06:41:05Z</time>
        <hdop>7.7</hdop>
        <extensions>
          <osmand:speed>1</osmand:speed>
        </extensions>
      </trkpt>
      <trkpt lat="46.9132313" lon="10.1080367">
        <ele>2061.3</ele>
        <time>2026-09-21T06:41:11Z</time>
        <hdop>9.2</hdop>
        <extensions>
          <osmand:speed>1.2</osmand:speed>
        </extensions>
      </trkpt>
      <trkpt lat="46.9131986" lon="10.1081163">
        <ele>2062.3</ele>
        <time>2026-09-21T06:41:17Z</time>
        <hdop>7.7</hdop>
        <extensions>
          <osmand:speed>1.3</osmand:speed>
        </extensions>
      </trkpt>
      <trkpt lat="46.9131541" lon="10.1081871">
        <ele>2064.3</ele>
        <time>2026-09-21T06:41:23Z</time>
        <hdop>7.7</hdop>
        <extensions>
          <osmand:speed>0.9</osmand:speed>
        </extensions>
      </trkpt>
      <trkpt lat="46.9130941" lon="10.1082378">
        <ele>2063.3</ele>
        <time>2026-09-21T06:41:29Z</time>
        <hdop>7.7</hdop>
        <extensions>
          <osmand:speed>1.3</osmand:speed>
        </extensions>
      </trkpt>
      <trkpt lat="46.9130493" lon="10.1082782">
        <ele>2063.3</ele>
        <time>2026-09-21T06:41:35Z</time>
        <hdop>9.2</hdop>
        <extensions>
          <osmand:speed>1.2</osmand:speed>
        </extensions>
      </trkpt>
      <trkpt lat="46.9129802" lon="10.1083333">
        <ele>2063.3</ele>
        <time>2026-09-21T06:41:41Z</time>
        <hdop>7.7</hdop>
        <extensions>
          <osmand:speed>1.2</osmand:speed>
        </extensions>
      </trkpt>
      <trkpt lat="46.912949" lon="10.1083682">
        <ele>2064.2</ele>
        <time>2026-09-21T06:41:47Z</time>
        <hdop>8.2</hdop>
        <extensions>
          <osmand:speed>1.1</osmand:speed>
        </extensions>
      </trkpt>
      <trkpt lat="46.912895" lon="10.1084238">
        <ele>2065.2</ele>
        <time>2026-09-21T06:41:53Z</time>
        <hdop>7.7</hdop>
        <extensions>
          <osmand:speed>1.1</osmand:speed>
        </extensions>
      </trkpt>
      <trkpt lat="46.912849" lon="10.1084976">
        <ele>2066.2</ele>
        <time>2026-09-21T06:41:59Z</time>
        <hdop>9.2</hdop>
        <extensions>
          <osmand:speed>0.8</osmand:speed>
        </extensions>
      </trkpt>
      <trkpt lat="46.9128014" lon="10.1085652">
        <ele>2067.2</ele>
        <time>2026-09-21T06:42:05Z</time>
        <hdop>9.7</hdop>
        <extensions>
          <osmand:speed>1.2</osmand:speed>
        </extensions>
      </trkpt>
      <trkpt lat="46.912764" lon="10.1086327">
        <ele>2068.2</ele>
        <time>2026-09-21T06:42:11Z</time>
        <hdop>9.2</hdop>
        <extensions>
          <osmand:speed>1.2</osmand:speed>
        </extensions>
      </trkpt>
      <trkpt lat="46.9127238" lon="10.1086772">
        <ele>2069.2</ele>
        <time>2026-09-21T06:42:17Z</time>
        <hdop>7.7</hdop>
        <extensions>
          <osmand:speed>1.4</osmand:speed>
        </extensions>
      </trkpt>
      <trkpt lat="46.9126809" lon="10.1087093">
        <ele>2068.2</ele>
        <time>2026-09-21T06:42:23Z</time>
        <hdop>9.7</hdop>
        <extensions>
          <osmand:speed>1</osmand:speed>
        </extensions>
      </trkpt>
      <trkpt lat="46.9126302" lon="10.1087538">
        <ele>2068.2</ele>
        <time>2026-09-21T06:42:29Z</time>
        <hdop>9.2</hdop>
        <extensions>
          <osmand:speed>1.1</osmand:speed>
        </extensions>
      </trkpt>
      <trkpt lat="46.9125739" lon="10.1088029">
        <ele>2068.2</ele>
        <time>2026-09-21T06:42:35Z</time>
        <hdop>8.7</hdop>
        <extensions>
          <osmand:speed>1.1</osmand:speed>
        </extensions>
      </trkpt>
      <trkpt lat="46.9125232" lon="10.108831">
        <ele>2069.2</ele>
        <time>2026-09-21T06:42:41Z</time>
        <hdop>9.2</hdop>
        <extensions>
          <osmand:speed>1</osmand:speed>
        </extensions>
      </trkpt>
      <trkpt lat="46.9125001" lon="10.1088608">
        <ele>2069.2</ele>
        <time>2026-09-21T06:42:47Z</time>
        <hdop>8.2</hdop>
        <extensions>
          <osmand:speed>0.6</osmand:speed>
        </extensions>
      </trkpt>
      <trkpt lat="46.9124575" lon="10.1089352">
        <ele>2070.2</ele>
        <time>2026-09-21T06:42:53Z</time>
        <hdop>9.2</hdop>
        <extensions>
          <osmand:speed>0.9</osmand:speed>
        </extensions>
      </trkpt>
      <trkpt lat="46.9124064" lon="10.1090055">
        <ele>2071.2</ele>
        <time>2026-09-21T06:42:59Z</time>
        <hdop>8.2</hdop>
        <extensions>
          <osmand:speed>1.1</osmand:speed>
        </extensions>
      </trkpt>
      <trkpt lat="46.9123506" lon="10.1090697">
        <ele>2070.2</ele>
        <time>2026-09-21T06:43:05Z</time>
        <hdop>9.7</hdop>
        <extensions>
          <osmand:speed>0.9</osmand:speed>
        </extensions>
      </trkpt>
      <trkpt lat="46.9122974" lon="10.109112">
        <ele>2072.2</ele>
        <time>2026-09-21T06:43:11Z</time>
        <hdop>9.2</hdop>
        <extensions>
          <osmand:speed>1.1</osmand:speed>
        </extensions>
      </trkpt>
      <trkpt lat="46.9122539" lon="10.1091579">
        <ele>2073.2</ele>
        <time>2026-09-21T06:43:17Z</time>
        <hdop>9.2</hdop>
        <extensions>
          <osmand:speed>1.1</osmand:speed>
        </extensions>
      </trkpt>
      <trkpt lat="46.9122106" lon="10.1092157">
        <ele>2075.2</ele>
        <time>2026-09-21T06:43:23Z</time>
        <hdop>7.7</hdop>
        <extensions>
          <osmand:speed>1.4</osmand:speed>
        </extensions>
      </trkpt>
      <trkpt lat="46.912175" lon="10.1093086">
        <ele>2077.2</ele>
        <time>2026-09-21T06:43:29Z</time>
        <hdop>7.7</hdop>
        <extensions>
          <osmand:speed>1.2</osmand:speed>
        </extensions>
      </trkpt>
      <trkpt lat="46.9121463" lon="10.1094104">
        <ele>2078.2</ele>
        <time>2026-09-21T06:43:35Z</time>
        <hdop>7.7</hdop>
        <extensions>
          <osmand:speed>1</osmand:speed>
        </extensions>
      </trkpt>
      <trkpt lat="46.9121106" lon="10.1095141">
        <ele>2079.2</ele>
        <time>2026-09-21T06:43:41Z</time>
        <hdop>7.1</hdop>
        <extensions>
          <osmand:speed>1.5</osmand:speed>
        </extensions>
      </trkpt>
      <trkpt lat="46.9121218" lon="10.109613">
        <ele>2080.2</ele>
        <time>2026-09-21T06:43:47Z</time>
        <hdop>9.2</hdop>
        <extensions>
          <osmand:speed>0.8</osmand:speed>
        </extensions>
      </trkpt>
      <trkpt lat="46.9121577" lon="10.1096869">
        <ele>2080.2</ele>
        <time>2026-09-21T06:43:53Z</time>
        <hdop>9.7</hdop>
        <extensions>
          <osmand:speed>0.9</osmand:speed>
        </extensions>
      </trkpt>
      <trkpt lat="46.9121923" lon="10.109748">
        <ele>2080.2</ele>
        <time>2026-09-21T06:43:59Z</time>
        <hdop>9.2</hdop>
        <extensions>
          <osmand:speed>1.2</osmand:speed>
        </extensions>
      </trkpt>
      <trkpt lat="46.9122605" lon="10.1097874">
        <ele>2081.2</ele>
        <time>2026-09-21T06:44:05Z</time>
        <hdop>7.7</hdop>
        <extensions>
          <osmand:speed>1.1</osmand:speed>
        </extensions>
      </trkpt>
      <trkpt lat="46.9123235" lon="10.1098221">
        <ele>2080.2</ele>
        <time>2026-09-21T06:44:11Z</time>
        <hdop>8.7</hdop>
        <extensions>
          <osmand:speed>0.8</osmand:speed>
        </extensions>
      </trkpt>
      <trkpt lat="46.9123846" lon="10.1098592">
        <ele>2080.2</ele>
        <time>2026-09-21T06:44:17Z</time>
        <hdop>7.1</hdop>
        <extensions>
          <osmand:speed>1.1</osmand:speed>
        </extensions>
      </trkpt>
      <trkpt lat="46.912432" lon="10.1099026">
        <ele>2079.2</ele>
        <time>2026-09-21T06:44:23Z</time>
        <hdop>11.7</hdop>
        <extensions>
          <osmand:speed>0.8</osmand:speed>
        </extensions>
      </trkpt>
      <trkpt lat="46.9124584" lon="10.1099759">
        <ele>2079.2</ele>
        <time>2026-09-21T06:44:29Z</time>
        <hdop>7.7</hdop>
        <extensions>
          <osmand:speed>1.1</osmand:speed>
        </extensions>
      </trkpt>
      <trkpt lat="46.9124606" lon="10.1100385">
        <ele>2081.2</ele>
        <time>2026-09-21T06:44:35Z</time>
        <hdop>7.7</hdop>
        <extensions>
          <osmand:speed>0.8</osmand:speed>
        </extensions>
      </trkpt>
      <trkpt lat="46.9124557" lon="10.1101125">
        <ele>2083.2</ele>
        <time>2026-09-21T06:44:41Z</time>
        <hdop>7.7</hdop>
        <extensions>
          <osmand:speed>1.6</osmand:speed>
        </extensions>
      </trkpt>
      <trkpt lat="46.9124401" lon="10.1101604">
        <ele>2085.2</ele>
        <time>2026-09-21T06:44:47Z</time>
        <hdop>8.2</hdop>
        <extensions>
          <osmand:speed>0.8</osmand:speed>
        </extensions>
      </trkpt>
      <trkpt lat="46.9124119" lon="10.1102366">
        <ele>2087.2</ele>
        <time>2026-09-21T06:44:53Z</time>
        <hdop>9.7</hdop>
        <extensions>
          <osmand:speed>1.2</osmand:speed>
        </extensions>
      </trkpt>
      <trkpt lat="46.9123922" lon="10.1103415">
        <ele>2087.2</ele>
        <time>2026-09-21T06:44:59Z</time>
        <hdop>7.7</hdop>
        <extensions>
          <osmand:speed>1.2</osmand:speed>
        </extensions>
      </trkpt>
      <trkpt lat="46.9124509" lon="10.1103961">
        <ele>2088.2</ele>
        <time>2026-09-21T06:45:05Z</time>
        <hdop>9.2</hdop>
        <extensions>
          <osmand:speed>1</osmand:speed>
        </extensions>
      </trkpt>
      <trkpt lat="46.9125106" lon="10.1104221">
        <ele>2089.2</ele>
        <time>2026-09-21T06:45:11Z</time>
        <hdop>8.2</hdop>
        <extensions>
          <osmand:speed>1</osmand:speed>
        </extensions>
      </trkpt>
      <trkpt lat="46.9125634" lon="10.1104752">
        <ele>2088.2</ele>
        <time>2026-09-21T06:45:17Z</time>
        <hdop>8.2</hdop>
        <extensions>
          <osmand:speed>1.3</osmand:speed>
        </extensions>
      </trkpt>
      <trkpt lat="46.9126348" lon="10.1105163">
        <ele>2088.2</ele>
        <time>2026-09-21T06:45:23Z</time>
        <hdop>9.7</hdop>
        <extensions>
          <osmand:speed>1.4</osmand:speed>
        </extensions>
      </trkpt>
      <trkpt lat="46.9126965" lon="10.1105617">
        <ele>2090.2</ele>
        <time>2026-09-21T06:45:29Z</time>
        <hdop>8.2</hdop>
        <extensions>
          <osmand:speed>1</osmand:speed>
        </extensions>
      </trkpt>
      <trkpt lat="46.9127342" lon="10.1106091">
        <ele>2091.2</ele>
        <time>2026-09-21T06:45:35Z</time>
        <hdop>7.7</hdop>
        <extensions>
          <osmand:speed>0.2</osmand:speed>
        </extensions>
      </trkpt>
      <trkpt lat="46.9127199" lon="10.110641">
        <ele>2091.2</ele>
        <time>2026-09-21T06:45:54Z</time>
        <hdop>7.7</hdop>
        <extensions>
          <osmand:speed>0.9</osmand:speed>
        </extensions>
      </trkpt>
      <trkpt lat="46.9126812" lon="10.1106814">
        <ele>2092.2</ele>
        <time>2026-09-21T06:46:00Z</time>
        <hdop>7.7</hdop>
        <extensions>
          <osmand:speed>0.9</osmand:speed>
        </extensions>
      </trkpt>
      <trkpt lat="46.9126416" lon="10.1107057">
        <ele>2091.2</ele>
        <time>2026-09-21T06:46:06Z</time>
        <hdop>8.2</hdop>
        <extensions>
          <osmand:speed>0.7</osmand:speed>
        </extensions>
      </trkpt>
      <trkpt lat="46.9125944" lon="10.1107642">
        <ele>2091.2</ele>
        <time>2026-09-21T06:46:12Z</time>
        <hdop>7.1</hdop>
        <extensions>
          <osmand:speed>1.2</osmand:speed>
        </extensions>
      </trkpt>
      <trkpt lat="46.9125551" lon="10.1107922">
        <ele>2091.2</ele>
        <time>2026-09-21T06:46:18Z</time>
        <hdop>8.2</hdop>
        <extensions>
          <osmand:speed>0.9</osmand:speed>
        </extensions>
      </trkpt>
      <trkpt lat="46.9125011" lon="10.1108315">
        <ele>2091.2</ele>
        <time>2026-09-21T06:46:24Z</time>
        <hdop>7.7</hdop>
        <extensions>
          <osmand:speed>1.1</osmand:speed>
        </extensions>
      </trkpt>
      <trkpt lat="46.912459" lon="10.1108843">
        <ele>2092.2</ele>
        <time>2026-09-21T06:46:30Z</time>
        <hdop>8.7</hdop>
        <extensions>
          <osmand:speed>1.4</osmand:speed>
        </extensions>
      </trkpt>
      <trkpt lat="46.912398" lon="10.110936">
        <ele>2092.2</ele>
        <time>2026-09-21T06:46:36Z</time>
        <hdop>8.7</hdop>
        <extensions>
          <osmand:speed>1.2</osmand:speed>
        </extensions>
      </trkpt>
      <trkpt lat="46.9123463" lon="10.1109865">
        <ele>2093.2</ele>
        <time>2026-09-21T06:46:42Z</time>
        <hdop>6.6</hdop>
        <extensions>
          <osmand:speed>1</osmand:speed>
        </extensions>
      </trkpt>
      <trkpt lat="46.9122821" lon="10.1110408">
        <ele>2093.2</ele>
        <time>2026-09-21T06:46:48Z</time>
        <hdop>6.1</hdop>
        <extensions>
          <osmand:speed>1.3</osmand:speed>
        </extensions>
      </trkpt>
      <trkpt lat="46.9122326" lon="10.1110926">
        <ele>2093.2</ele>
        <time>2026-09-21T06:46:54Z</time>
        <hdop>9.7</hdop>
        <extensions>
          <osmand:speed>1</osmand:speed>
        </extensions>
      </trkpt>
      <trkpt lat="46.9121796" lon="10.1111456">
        <ele>2094.2</ele>
        <time>2026-09-21T06:47:00Z</time>
        <hdop>9.7</hdop>
        <extensions>
          <osmand:speed>0.9</osmand:speed>
        </extensions>
      </trkpt>
      <trkpt lat="46.9121323" lon="10.1111969">
        <ele>2094.2</ele>
        <time>2026-09-21T06:47:06Z</time>
        <hdop>7.7</hdop>
        <extensions>
          <osmand:speed>1.4</osmand:speed>
        </extensions>
      </trkpt>
      <trkpt lat="46.9120811" lon="10.1112665">
        <ele>2095.2</ele>
        <time>2026-09-21T06:47:12Z</time>
        <hdop>9.2</hdop>
        <extensions>
          <osmand:speed>0.8</osmand:speed>
        </extensions>
      </trkpt>
      <trkpt lat="46.9120325" lon="10.1113209">
        <ele>2096.2</ele>
        <time>2026-09-21T06:47:18Z</time>
        <hdop>9.2</hdop>
        <extensions>
          <osmand:speed>1.3</osmand:speed>
        </extensions>
      </trkpt>
      <trkpt lat="46.9120208" lon="10.1114069">
        <ele>2098.2</ele>
        <time>2026-09-21T06:47:24Z</time>
        <hdop>7.1</hdop>
        <extensions>
          <osmand:speed>0.6</osmand:speed>
        </extensions>
      </trkpt>
      <trkpt lat="46.9120096" lon="10.1114344">
        <ele>2100.2</ele>
        <time>2026-09-21T06:47:31Z</time>
        <hdop>6.6</hdop>
        <extensions>
          <osmand:speed>0.5</osmand:speed>
        </extensions>
      </trkpt>
      <trkpt lat="46.9119912" lon="10.1113999">
        <ele>2101.2</ele>
        <time>2026-09-21T06:47:37Z</time>
        <hdop>4.1</hdop>
        <extensions>
          <osmand:speed>0.2</osmand:speed>
        </extensions>
      </trkpt>
      <trkpt lat="46.9119609" lon="10.1114011">
        <ele>2101.2</ele>
        <time>2026-09-21T06:47:57Z</time>
        <hdop>4.1</hdop>
        <extensions>
          <osmand:speed>1</osmand:speed>
        </extensions>
      </trkpt>
      <trkpt lat="46.911907" lon="10.1114519">
        <ele>2102.2</ele>
        <time>2026-09-21T06:48:03Z</time>
        <hdop>3.1</hdop>
        <extensions>
          <osmand:speed>1.1</osmand:speed>
        </extensions>
      </trkpt>
      <trkpt lat="46.9118667" lon="10.1115007">
        <ele>2101.2</ele>
        <time>2026-09-21T06:48:09Z</time>
        <hdop>8.2</hdop>
        <extensions>
          <osmand:speed>0.9</osmand:speed>
        </extensions>
      </trkpt>
      <trkpt lat="46.9118217" lon="10.1115568">
        <ele>2101.2</ele>
        <time>2026-09-21T06:48:15Z</time>
        <hdop>5.6</hdop>
        <extensions>
          <osmand:speed>1.5</osmand:speed>
        </extensions>
      </trkpt>
      <trkpt lat="46.9117493" lon="10.1115797">
        <ele>2101.2</ele>
        <time>2026-09-21T06:48:21Z</time>
        <hdop>8.2</hdop>
        <extensions>
          <osmand:speed>0.8</osmand:speed>
        </extensions>
      </trkpt>
      <trkpt lat="46.9116835" lon="10.1116259">
        <ele>2101.2</ele>
        <time>2026-09-21T06:48:27Z</time>
        <hdop>9.2</hdop>
        <extensions>
          <osmand:speed>1.1</osmand:speed>
        </extensions>
      </trkpt>
      <trkpt lat="46.9116397" lon="10.1117122">
        <ele>2102.2</ele>
        <time>2026-09-21T06:48:33Z</time>
        <hdop>8.7</hdop>
        <extensions>
          <osmand:speed>1.5</osmand:speed>
        </extensions>
      </trkpt>
      <trkpt lat="46.9116082" lon="10.1117811">
        <ele>2102.2</ele>
        <time>2026-09-21T06:48:39Z</time>
        <hdop>8.2</hdop>
        <extensions>
          <osmand:speed>1.3</osmand:speed>
        </extensions>
      </trkpt>
      <trkpt lat="46.9115557" lon="10.111861">
        <ele>2104.2</ele>
        <time>2026-09-21T06:48:45Z</time>
        <hdop>9.7</hdop>
        <extensions>
          <osmand:speed>1.3</osmand:speed>
        </extensions>
      </trkpt>
      <trkpt lat="46.9114929" lon="10.1119479">
        <ele>2105.2</ele>
        <time>2026-09-21T06:48:51Z</time>
        <hdop>9.7</hdop>
        <extensions>
          <osmand:speed>1.3</osmand:speed>
        </extensions>
      </trkpt>
      <trkpt lat="46.9114605" lon="10.1120301">
        <ele>2105.2</ele>
        <time>2026-09-21T06:48:57Z</time>
        <hdop>9.2</hdop>
        <extensions>
          <osmand:speed>1.6</osmand:speed>
        </extensions>
      </trkpt>
      <trkpt lat="46.911419" lon="10.1120834">
        <ele>2104.2</ele>
        <time>2026-09-21T06:49:03Z</time>
        <hdop>8.7</hdop>
        <extensions>
          <osmand:speed>0.8</osmand:speed>
        </extensions>
      </trkpt>
      <trkpt lat="46.911363" lon="10.1121043">
        <ele>2104.2</ele>
        <time>2026-09-21T06:49:09Z</time>
        <hdop>9.2</hdop>
        <extensions>
          <osmand:speed>0.9</osmand:speed>
        </extensions>
      </trkpt>
      <trkpt lat="46.9113426" lon="10.1121247">
        <ele>2104.2</ele>
        <time>2026-09-21T06:49:15Z</time>
        <hdop>8.7</hdop>
        <extensions>
          <osmand:speed>0.5</osmand:speed>
        </extensions>
      </trkpt>
      <trkpt lat="46.9113186" lon="10.1121047">
        <ele>2105.2</ele>
        <time>2026-09-21T06:49:30Z</time>
        <hdop>9.7</hdop>
        <extensions>
          <osmand:speed>0.6</osmand:speed>
        </extensions>
      </trkpt>
      <trkpt lat="46.9112536" lon="10.1120822">
        <ele>2105.2</ele>
        <time>2026-09-21T06:49:36Z</time>
        <hdop>8.7</hdop>
        <extensions>
          <osmand:speed>1.4</osmand:speed>
        </extensions>
      </trkpt>
      <trkpt lat="46.9111905" lon="10.1120478">
        <ele>2105.2</ele>
        <time>2026-09-21T06:49:42Z</time>
        <hdop>9.7</hdop>
        <extensions>
          <osmand:speed>0.9</osmand:speed>
        </extensions>
      </trkpt>
      <trkpt lat="46.9111466" lon="10.1120471">
        <ele>2106.2</ele>
        <time>2026-09-21T06:49:48Z</time>
        <hdop>8.2</hdop>
        <extensions>
          <osmand:speed>0.9</osmand:speed>
        </extensions>
      </trkpt>
      <trkpt lat="46.9110863" lon="10.1121008">
        <ele>2107.2</ele>
        <time>2026-09-21T06:49:54Z</time>
        <hdop>8.2</hdop>
        <extensions>
          <osmand:speed>1</osmand:speed>
        </extensions>
      </trkpt>
      <trkpt lat="46.9110574" lon="10.1121822">
        <ele>2107.2</ele>
        <time>2026-09-21T06:50:00Z</time>
        <hdop>7.7</hdop>
        <extensions>
          <osmand:speed>1.2</osmand:speed>
        </extensions>
      </trkpt>
      <trkpt lat="46.9110395" lon="10.1122637">
        <ele>2108.2</ele>
        <time>2026-09-21T06:50:06Z</time>
        <hdop>7.7</hdop>
        <extensions>
          <osmand:speed>1.2</osmand:speed>
        </extensions>
      </trkpt>
      <trkpt lat="46.9109799" lon="10.1122894">
        <ele>2108.2</ele>
        <time>2026-09-21T06:50:12Z</time>
        <hdop>8.2</hdop>
        <extensions>
          <osmand:speed>1</osmand:speed>
        </extensions>
      </trkpt>
      <trkpt lat="46.9109462" lon="10.1122913">
        <ele>2109.2</ele>
        <time>2026-09-21T06:50:18Z</time>
        <hdop>8.7</hdop>
        <extensions>
          <osmand:speed>0.5</osmand:speed>
        </extensions>
      </trkpt>
      <trkpt lat="46.9109235" lon="10.1123147">
        <ele>2109.2</ele>
        <time>2026-09-21T06:50:24Z</time>
        <hdop>11.2</hdop>
        <extensions>
          <osmand:speed>1.4</osmand:speed>
        </extensions>
      </trkpt>
      <trkpt lat="46.9108924" lon="10.1123528">
        <ele>2110.2</ele>
        <time>2026-09-21T06:50:30Z</time>
        <hdop>10.2</hdop>
        <extensions>
          <osmand:speed>0.9</osmand:speed>
        </extensions>
      </trkpt>
      <trkpt lat="46.9108535" lon="10.1123604">
        <ele>2110.2</ele>
        <time>2026-09-21T06:50:36Z</time>
        <hdop>9.7</hdop>
        <extensions>
          <osmand:speed>0.6</osmand:speed>
        </extensions>
      </trkpt>
      <trkpt lat="46.9108157" lon="10.1123652">
        <ele>2112.2</ele>
        <time>2026-09-21T06:50:42Z</time>
        <hdop>9.2</hdop>
        <extensions>
          <osmand:speed>0.7</osmand:speed>
        </extensions>
      </trkpt>
      <trkpt lat="46.9107814" lon="10.1124073">
        <ele>2114.2</ele>
        <time>2026-09-21T06:50:48Z</time>
        <hdop>8.7</hdop>
        <extensions>
          <osmand:speed>0.9</osmand:speed>
        </extensions>
      </trkpt>
      <trkpt lat="46.9107537" lon="10.1124821">
        <ele>2115.2</ele>
        <time>2026-09-21T06:50:54Z</time>
        <hdop>8.7</hdop>
        <extensions>
          <osmand:speed>1.1</osmand:speed>
        </extensions>
      </trkpt>
      <trkpt lat="46.9107377" lon="10.1125714">
        <ele>2115.2</ele>
        <time>2026-09-21T06:51:00Z</time>
        <hdop>10.2</hdop>
        <extensions>
          <osmand:speed>1</osmand:speed>
        </extensions>
      </trkpt>
      <trkpt lat="46.9107422" lon="10.1126642">
        <ele>2115.2</ele>
        <time>2026-09-21T06:51:06Z</time>
        <hdop>9.7</hdop>
        <extensions>
          <osmand:speed>1.1</osmand:speed>
        </extensions>
      </trkpt>
      <trkpt lat="46.9107164" lon="10.1127344">
        <ele>2115.2</ele>
        <time>2026-09-21T06:51:12Z</time>
        <hdop>8.7</hdop>
        <extensions>
          <osmand:speed>1.3</osmand:speed>
        </extensions>
      </trkpt>
      <trkpt lat="46.9107047" lon="10.1128132">
        <ele>2117.2</ele>
        <time>2026-09-21T06:51:18Z</time>
        <hdop>8.7</hdop>
        <extensions>
          <osmand:speed>1</osmand:speed>
        </extensions>
      </trkpt>
      <trkpt lat="46.9106872" lon="10.1128826">
        <ele>2117.2</ele>
        <time>2026-09-21T06:51:24Z</time>
        <hdop>8.7</hdop>
        <extensions>
          <osmand:speed>0.8</osmand:speed>
        </extensions>
      </trkpt>
      <trkpt lat="46.9106614" lon="10.1129554">
        <ele>2117.2</ele>
        <time>2026-09-21T06:51:30Z</time>
        <hdop>8.7</hdop>
        <extensions>
          <osmand:speed>1</osmand:speed>
        </extensions>
      </trkpt>
      <trkpt lat="46.9106094" lon="10.1130084">
        <ele>2116.2</ele>
        <time>2026-09-21T06:51:36Z</time>
        <hdop>9.7</hdop>
        <extensions>
          <osmand:speed>0.9</osmand:speed>
        </extensions>
      </trkpt>
      <trkpt lat="46.9105757" lon="10.1130148">
        <ele>2117.2</ele>
        <time>2026-09-21T06:51:42Z</time>
        <hdop>8.2</hdop>
        <extensions>
          <osmand:speed>0.7</osmand:speed>
        </extensions>
      </trkpt>
      <trkpt lat="46.9105514" lon="10.1130587">
        <ele>2119.2</ele>
        <time>2026-09-21T06:51:48Z</time>
        <hdop>9.7</hdop>
        <extensions>
          <osmand:speed>1.3</osmand:speed>
        </extensions>
      </trkpt>
      <trkpt lat="46.9105462" lon="10.1131507">
        <ele>2120.2</ele>
        <time>2026-09-21T06:51:54Z</time>
        <hdop>10.2</hdop>
        <extensions>
          <osmand:speed>1.2</osmand:speed>
        </extensions>
      </trkpt>
      <trkpt lat="46.9105391" lon="10.113219">
        <ele>2121.2</ele>
        <time>2026-09-21T06:52:00Z</time>
        <hdop>9.2</hdop>
        <extensions>
          <osmand:speed>0.7</osmand:speed>
        </extensions>
      </trkpt>
      <trkpt lat="46.9105503" lon="10.1132638">
        <ele>2121.2</ele>
        <time>2026-09-21T06:52:06Z</time>
        <hdop>10.7</hdop>
        <extensions>
          <osmand:speed>0.4</osmand:speed>
        </extensions>
      </trkpt>
      <trkpt lat="46.9105344" lon="10.1132846">
        <ele>2123.2</ele>
        <time>2026-09-21T06:52:12Z</time>
        <hdop>9.7</hdop>
        <extensions>
          <osmand:speed>0.7</osmand:speed>
        </extensions>
      </trkpt>
      <trkpt lat="46.910509" lon="10.1133441">
        <ele>2123.2</ele>
        <time>2026-09-21T06:52:18Z</time>
        <hdop>11.2</hdop>
        <extensions>
          <osmand:speed>0.9</osmand:speed>
        </extensions>
      </trkpt>
      <trkpt lat="46.9104831" lon="10.113409">
        <ele>2123.2</ele>
        <time>2026-09-21T06:52:24Z</time>
        <hdop>10.7</hdop>
        <extensions>
          <osmand:speed>1.3</osmand:speed>
        </extensions>
      </trkpt>
      <trkpt lat="46.9104475" lon="10.1134916">
        <ele>2123.2</ele>
        <time>2026-09-21T06:52:30Z</time>
        <hdop>10.7</hdop>
        <extensions>
          <osmand:speed>0.8</osmand:speed>
        </extensions>
      </trkpt>
      <trkpt lat="46.9104039" lon="10.1135206">
        <ele>2124.2</ele>
        <time>2026-09-21T06:52:36Z</time>
        <hdop>10.7</hdop>
        <extensions>
          <osmand:speed>1</osmand:speed>
        </extensions>
      </trkpt>
      <trkpt lat="46.9103688" lon="10.1135335">
        <ele>2126.2</ele>
        <time>2026-09-21T06:52:42Z</time>
        <hdop>10.7</hdop>
        <extensions>
          <osmand:speed>0.8</osmand:speed>
        </extensions>
      </trkpt>
      <trkpt lat="46.9103538" lon="10.1135775">
        <ele>2128.2</ele>
        <time>2026-09-21T06:52:48Z</time>
        <hdop>10.2</hdop>
        <extensions>
          <osmand:speed>0.6</osmand:speed>
        </extensions>
      </trkpt>
      <trkpt lat="46.9103542" lon="10.1136737">
        <ele>2128.2</ele>
        <time>2026-09-21T06:52:54Z</time>
        <hdop>10.2</hdop>
        <extensions>
          <osmand:speed>1</osmand:speed>
        </extensions>
      </trkpt>
      <trkpt lat="46.9103332" lon="10.113731">
        <ele>2130.2</ele>
        <time>2026-09-21T06:53:00Z</time>
        <hdop>10.2</hdop>
        <extensions>
          <osmand:speed>0.3</osmand:speed>
        </extensions>
      </trkpt>
      <trkpt lat="46.9103025" lon="10.1137817">
        <ele>2130.2</ele>
        <time>2026-09-21T06:53:06Z</time>
        <hdop>6.6</hdop>
        <extensions>
          <osmand:speed>1.4</osmand:speed>
        </extensions>
      </trkpt>
      <trkpt lat="46.9102536" lon="10.1138569">
        <ele>2130.2</ele>
        <time>2026-09-21T06:53:12Z</time>
        <hdop>9.7</hdop>
        <extensions>
          <osmand:speed>1</osmand:speed>
        </extensions>
      </trkpt>
      <trkpt lat="46.9102092" lon="10.1139187">
        <ele>2131.2</ele>
        <time>2026-09-21T06:53:18Z</time>
        <hdop>11.2</hdop>
        <extensions>
          <osmand:speed>1.4</osmand:speed>
        </extensions>
      </trkpt>
      <trkpt lat="46.9101674" lon="10.1139664">
        <ele>2132.2</ele>
        <time>2026-09-21T06:53:24Z</time>
        <hdop>10.2</hdop>
        <extensions>
          <osmand:speed>1</osmand:speed>
        </extensions>
      </trkpt>
      <trkpt lat="46.9101528" lon="10.1140607">
        <ele>2133.2</ele>
        <time>2026-09-21T06:53:30Z</time>
        <hdop>10.2</hdop>
        <extensions>
          <osmand:speed>1</osmand:speed>
        </extensions>
      </trkpt>
      <trkpt lat="46.9101261" lon="10.1141333">
        <ele>2132.2</ele>
        <time>2026-09-21T06:53:36Z</time>
        <hdop>9.2</hdop>
        <extensions>
          <osmand:speed>1.3</osmand:speed>
        </extensions>
      </trkpt>
      <trkpt lat="46.9100924" lon="10.1142214">
        <ele>2133.2</ele>
        <time>2026-09-21T06:53:42Z</time>
        <hdop>10.2</hdop>
        <extensions>
          <osmand:speed>0.9</osmand:speed>
        </extensions>
      </trkpt>
      <trkpt lat="46.9100606" lon="10.1142702">
        <ele>2133.2</ele>
        <time>2026-09-21T06:53:48Z</time>
        <hdop>11.2</hdop>
        <extensions>
          <osmand:speed>0.7</osmand:speed>
        </extensions>
      </trkpt>
      <trkpt lat="46.9100156" lon="10.1143046">
        <ele>2133.2</ele>
        <time>2026-09-21T06:53:54Z</time>
        <hdop>10.2</hdop>
        <extensions>
          <osmand:speed>0.9</osmand:speed>
        </extensions>
      </trkpt>
      <trkpt lat="46.9099917" lon="10.1143829">
        <ele>2133.2</ele>
        <time>2026-09-21T06:54:00Z</time>
        <hdop>11.2</hdop>
        <extensions>
          <osmand:speed>1.1</osmand:speed>
        </extensions>
      </trkpt>
      <trkpt lat="46.9099531" lon="10.1144316">
        <ele>2134.2</ele>
        <time>2026-09-21T06:54:06Z</time>
        <hdop>10.2</hdop>
        <extensions>
          <osmand:speed>1</osmand:speed>
        </extensions>
      </trkpt>
      <trkpt lat="46.9099726" lon="10.1144166">
        <ele>2135.2</ele>
        <time>2026-09-21T06:55:03Z</time>
        <hdop>10.7</hdop>
        <extensions>
          <osmand:speed>0.7</osmand:speed>
        </extensions>
      </trkpt>
      <trkpt lat="46.9099556" lon="10.1144277">
        <ele>2133.2</ele>
        <time>2026-09-21T06:55:57Z</time>
        <hdop>7.7</hdop>
        <extensions>
          <osmand:speed>0.7</osmand:speed>
        </extensions>
      </trkpt>
      <trkpt lat="46.9099246" lon="10.1144964">
        <ele>2132.2</ele>
        <time>2026-09-21T06:56:03Z</time>
        <hdop>9.7</hdop>
        <extensions>
          <osmand:speed>1.1</osmand:speed>
        </extensions>
      </trkpt>
      <trkpt lat="46.9098839" lon="10.1145597">
        <ele>2132.2</ele>
        <time>2026-09-21T06:56:09Z</time>
        <hdop>9.7</hdop>
        <extensions>
          <osmand:speed>0.9</osmand:speed>
        </extensions>
      </trkpt>
      <trkpt lat="46.9098478" lon="10.1146164">
        <ele>2132.2</ele>
        <time>2026-09-21T06:56:15Z</time>
        <hdop>9.7</hdop>
        <extensions>
          <osmand:speed>0.9</osmand:speed>
        </extensions>
      </trkpt>
      <trkpt lat="46.9097811" lon="10.114629">
        <ele>2133.2</ele>
        <time>2026-09-21T06:56:21Z</time>
        <hdop>10.7</hdop>
        <extensions>
          <osmand:speed>1.1</osmand:speed>
        </extensions>
      </trkpt>
      <trkpt lat="46.9097375" lon="10.1146451">
        <ele>2132.2</ele>
        <time>2026-09-21T06:56:27Z</time>
        <hdop>11.2</hdop>
        <extensions>
          <osmand:speed>0.5</osmand:speed>
        </extensions>
      </trkpt>
      <trkpt lat="46.9097075" lon="10.1147073">
        <ele>2133.2</ele>
        <time>2026-09-21T06:56:33Z</time>
        <hdop>9.7</hdop>
        <extensions>
          <osmand:speed>1.3</osmand:speed>
        </extensions>
      </trkpt>
      <trkpt lat="46.9096837" lon="10.1147774">
        <ele>2133.2</ele>
        <time>2026-09-21T06:56:39Z</time>
        <hdop>10.7</hdop>
        <extensions>
          <osmand:speed>0.6</osmand:speed>
        </extensions>
      </trkpt>
      <trkpt lat="46.9096453" lon="10.1148213">
        <ele>2132.2</ele>
        <time>2026-09-21T06:56:45Z</time>
        <hdop>8.7</hdop>
        <extensions>
          <osmand:speed>1.3</osmand:speed>
        </extensions>
      </trkpt>
      <trkpt lat="46.9095828" lon="10.1148831">
        <ele>2133.2</ele>
        <time>2026-09-21T06:56:51Z</time>
        <hdop>9.7</hdop>
        <extensions>
          <osmand:speed>1.5</osmand:speed>
        </extensions>
      </trkpt>
      <trkpt lat="46.9095128" lon="10.1149068">
        <ele>2135.2</ele>
        <time>2026-09-21T06:56:57Z</time>
        <hdop>9.2</hdop>
        <extensions>
          <osmand:speed>0.9</osmand:speed>
        </extensions>
      </trkpt>
      <trkpt lat="46.9094659" lon="10.1149801">
        <ele>2136.2</ele>
        <time>2026-09-21T06:57:03Z</time>
        <hdop>8.7</hdop>
        <extensions>
          <osmand:speed>1.2</osmand:speed>
        </extensions>
      </trkpt>
      <trkpt lat="46.9094108" lon="10.1150149">
        <ele>2136.2</ele>
        <time>2026-09-21T06:57:09Z</time>
        <hdop>8.7</hdop>
        <extensions>
          <osmand:speed>1.6</osmand:speed>
        </extensions>
      </trkpt>
      <trkpt lat="46.909361" lon="10.115053">
        <ele>2137.2</ele>
        <time>2026-09-21T06:57:15Z</time>
        <hdop>8.7</hdop>
        <extensions>
          <osmand:speed>1.2</osmand:speed>
        </extensions>
      </trkpt>
      <trkpt lat="46.9093004" lon="10.1150793">
        <ele>2136.2</ele>
        <time>2026-09-21T06:57:21Z</time>
        <hdop>9.7</hdop>
        <extensions>
          <osmand:speed>0.9</osmand:speed>
        </extensions>
      </trkpt>
      <trkpt lat="46.9092486" lon="10.1150898">
        <ele>2136.2</ele>
        <time>2026-09-21T06:57:27Z</time>
        <hdop>10.2</hdop>
        <extensions>
          <osmand:speed>0.6</osmand:speed>
        </extensions>
      </trkpt>
      <trkpt lat="46.9091919" lon="10.1151051">
        <ele>2138.2</ele>
        <time>2026-09-21T06:57:33Z</time>
        <hdop>8.7</hdop>
        <extensions>
          <osmand:speed>1</osmand:speed>
        </extensions>
      </trkpt>
      <trkpt lat="46.9091382" lon="10.1151081">
        <ele>2139.2</ele>
        <time>2026-09-21T06:57:39Z</time>
        <hdop>9.7</hdop>
        <extensions>
          <osmand:speed>1</osmand:speed>
        </extensions>
      </trkpt>
      <trkpt lat="46.9090967" lon="10.1151794">
        <ele>2140.2</ele>
        <time>2026-09-21T06:57:45Z</time>
        <hdop>8.7</hdop>
        <extensions>
          <osmand:speed>1.1</osmand:speed>
        </extensions>
      </trkpt>
      <trkpt lat="46.9090512" lon="10.115233">
        <ele>2141.2</ele>
        <time>2026-09-21T06:57:51Z</time>
        <hdop>8.7</hdop>
        <extensions>
          <osmand:speed>0.7</osmand:speed>
        </extensions>
      </trkpt>
      <trkpt lat="46.9089946" lon="10.1152356">
        <ele>2141.2</ele>
        <time>2026-09-21T06:57:57Z</time>
        <hdop>9.2</hdop>
        <extensions>
          <osmand:speed>1.1</osmand:speed>
        </extensions>
      </trkpt>
      <trkpt lat="46.9089505" lon="10.1153016">
        <ele>2142.2</ele>
        <time>2026-09-21T06:58:03Z</time>
        <hdop>10.2</hdop>
        <extensions>
          <osmand:speed>1.2</osmand:speed>
        </extensions>
      </trkpt>
      <trkpt lat="46.9089028" lon="10.1153291">
        <ele>2141.2</ele>
        <time>2026-09-21T06:58:09Z</time>
        <hdop>8.7</hdop>
        <extensions>
          <osmand:speed>1</osmand:speed>
        </extensions>
      </trkpt>
      <trkpt lat="46.9088779" lon="10.1153652">
        <ele>2144.2</ele>
        <time>2026-09-21T06:58:15Z</time>
        <hdop>11.2</hdop>
        <extensions>
          <osmand:speed>1.1</osmand:speed>
        </extensions>
      </trkpt>
      <trkpt lat="46.9088466" lon="10.1154111">
        <ele>2144.2</ele>
        <time>2026-09-21T06:58:21Z</time>
        <hdop>11.2</hdop>
        <extensions>
          <osmand:speed>0.8</osmand:speed>
        </extensions>
      </trkpt>
      <trkpt lat="46.9088104" lon="10.1154489">
        <ele>2145.2</ele>
        <time>2026-09-21T06:58:27Z</time>
        <hdop>10.7</hdop>
        <extensions>
          <osmand:speed>0.6</osmand:speed>
        </extensions>
      </trkpt>
      <trkpt lat="46.9087615" lon="10.1155191">
        <ele>2145.2</ele>
        <time>2026-09-21T06:58:33Z</time>
        <hdop>10.2</hdop>
        <extensions>
          <osmand:speed>1.2</osmand:speed>
        </extensions>
      </trkpt>
      <trkpt lat="46.9087194" lon="10.1155726">
        <ele>2147.2</ele>
        <time>2026-09-21T06:58:39Z</time>
        <hdop>10.2</hdop>
        <extensions>
          <osmand:speed>0.7</osmand:speed>
        </extensions>
      </trkpt>
      <trkpt lat="46.9086735" lon="10.1156138">
        <ele>2149.2</ele>
        <time>2026-09-21T06:58:45Z</time>
        <hdop>10.7</hdop>
        <extensions>
          <osmand:speed>1.2</osmand:speed>
        </extensions>
      </trkpt>
      <trkpt lat="46.9086161" lon="10.1156527">
        <ele>2150.2</ele>
        <time>2026-09-21T06:58:51Z</time>
        <hdop>9.7</hdop>
        <extensions>
          <osmand:speed>0.9</osmand:speed>
        </extensions>
      </trkpt>
      <trkpt lat="46.9085674" lon="10.1156677">
        <ele>2149.2</ele>
        <time>2026-09-21T06:58:57Z</time>
        <hdop>9.7</hdop>
        <extensions>
          <osmand:speed>1</osmand:speed>
        </extensions>
      </trkpt>
      <trkpt lat="46.9085288" lon="10.1156704">
        <ele>2149.2</ele>
        <time>2026-09-21T06:59:03Z</time>
        <hdop>10.2</hdop>
        <extensions>
          <osmand:speed>0.7</osmand:speed>
        </extensions>
      </trkpt>
      <trkpt lat="46.9084793" lon="10.1157078">
        <ele>2150.2</ele>
        <time>2026-09-21T06:59:09Z</time>
        <hdop>10.7</hdop>
        <extensions>
          <osmand:speed>1.1</osmand:speed>
        </extensions>
      </trkpt>
      <trkpt lat="46.9084384" lon="10.1157597">
        <ele>2151.2</ele>
        <time>2026-09-21T06:59:15Z</time>
        <hdop>10.2</hdop>
        <extensions>
          <osmand:speed>1</osmand:speed>
        </extensions>
      </trkpt>
      <trkpt lat="46.9083987" lon="10.1157806">
        <ele>2154.2</ele>
        <time>2026-09-21T06:59:21Z</time>
        <hdop>10.2</hdop>
        <extensions>
          <osmand:speed>0.7</osmand:speed>
        </extensions>
      </trkpt>
      <trkpt lat="46.9083632" lon="10.1158219">
        <ele>2155.2</ele>
        <time>2026-09-21T06:59:27Z</time>
        <hdop>10.2</hdop>
        <extensions>
          <osmand:speed>0.9</osmand:speed>
        </extensions>
      </trkpt>
      <trkpt lat="46.9083165" lon="10.1158775">
        <ele>2156.2</ele>
        <time>2026-09-21T06:59:33Z</time>
        <hdop>9.7</hdop>
        <extensions>
          <osmand:speed>1</osmand:speed>
        </extensions>
      </trkpt>
      <trkpt lat="46.9082675" lon="10.1159307">
        <ele>2157.2</ele>
        <time>2026-09-21T06:59:39Z</time>
        <hdop>9.7</hdop>
        <extensions>
          <osmand:speed>0.9</osmand:speed>
        </extensions>
      </trkpt>
      <trkpt lat="46.9082353" lon="10.1160015">
        <ele>2157.2</ele>
        <time>2026-09-21T06:59:45Z</time>
        <hdop>8.2</hdop>
        <extensions>
          <osmand:speed>0.9</osmand:speed>
        </extensions>
      </trkpt>
      <trkpt lat="46.9081914" lon="10.1160521">
        <ele>2156.2</ele>
        <time>2026-09-21T06:59:51Z</time>
        <hdop>7.7</hdop>
        <extensions>
          <osmand:speed>1.2</osmand:speed>
        </extensions>
      </trkpt>
      <trkpt lat="46.9081177" lon="10.1160445">
        <ele>2156.2</ele>
        <time>2026-09-21T06:59:57Z</time>
        <hdop>9.2</hdop>
        <extensions>
          <osmand:speed>1.3</osmand:speed>
        </extensions>
      </trkpt>
      <trkpt lat="46.9080538" lon="10.1160556">
        <ele>2157.2</ele>
        <time>2026-09-21T07:00:03Z</time>
        <hdop>9.2</hdop>
        <extensions>
          <osmand:speed>1.4</osmand:speed>
        </extensions>
      </trkpt>
      <trkpt lat="46.9080026" lon="10.1161064">
        <ele>2157.2</ele>
        <time>2026-09-21T07:00:09Z</time>
        <hdop>8.7</hdop>
        <extensions>
          <osmand:speed>1</osmand:speed>
        </extensions>
      </trkpt>
      <trkpt lat="46.9079476" lon="10.1161541">
        <ele>2157.2</ele>
        <time>2026-09-21T07:00:15Z</time>
        <hdop>8.7</hdop>
        <extensions>
          <osmand:speed>1.1</osmand:speed>
        </extensions>
      </trkpt>
      <trkpt lat="46.9078985" lon="10.1162227">
        <ele>2158.2</ele>
        <time>2026-09-21T07:00:21Z</time>
        <hdop>9.7</hdop>
        <extensions>
          <osmand:speed>1</osmand:speed>
        </extensions>
      </trkpt>
      <trkpt lat="46.9078452" lon="10.1163018">
        <ele>2157.2</ele>
        <time>2026-09-21T07:00:27Z</time>
        <hdop>8.7</hdop>
        <extensions>
          <osmand:speed>1.1</osmand:speed>
        </extensions>
      </trkpt>
      <trkpt lat="46.9077872" lon="10.116311">
        <ele>2157.2</ele>
        <time>2026-09-21T07:00:33Z</time>
        <hdop>9.7</hdop>
        <extensions>
          <osmand:speed>0.9</osmand:speed>
        </extensions>
      </trkpt>
      <trkpt lat="46.9077285" lon="10.1163418">
        <ele>2158.2</ele>
        <time>2026-09-21T07:00:39Z</time>
        <hdop>9.7</hdop>
        <extensions>
          <osmand:speed>1.2</osmand:speed>
        </extensions>
      </trkpt>
      <trkpt lat="46.9076557" lon="10.1163618">
        <ele>2157.2</ele>
        <time>2026-09-21T07:00:45Z</time>
        <hdop>9.7</hdop>
        <extensions>
          <osmand:speed>1</osmand:speed>
        </extensions>
      </trkpt>
      <trkpt lat="46.9076579" lon="10.1163962">
        <ele>2159.2</ele>
        <time>2026-09-21T07:00:51Z</time>
        <hdop>7.1</hdop>
      </trkpt>
      <trkpt lat="46.9076358" lon="10.1164064">
        <ele>2158.2</ele>
        <time>2026-09-21T07:01:00Z</time>
        <hdop>8.7</hdop>
        <extensions>
          <osmand:speed>0.8</osmand:speed>
        </extensions>
      </trkpt>
      <trkpt lat="46.9075968" lon="10.116453">
        <ele>2158.2</ele>
        <time>2026-09-21T07:01:06Z</time>
        <hdop>8.7</hdop>
        <extensions>
          <osmand:speed>1.1</osmand:speed>
        </extensions>
      </trkpt>
      <trkpt lat="46.9075435" lon="10.1165045">
        <ele>2157.2</ele>
        <time>2026-09-21T07:01:12Z</time>
        <hdop>9.2</hdop>
        <extensions>
          <osmand:speed>1.4</osmand:speed>
        </extensions>
      </trkpt>
      <trkpt lat="46.9074941" lon="10.1165876">
        <ele>2157.2</ele>
        <time>2026-09-21T07:01:18Z</time>
        <hdop>9.7</hdop>
        <extensions>
          <osmand:speed>1.4</osmand:speed>
        </extensions>
      </trkpt>
      <trkpt lat="46.9074551" lon="10.1166454">
        <ele>2157.2</ele>
        <time>2026-09-21T07:01:24Z</time>
        <hdop>9.7</hdop>
        <extensions>
          <osmand:speed>1</osmand:speed>
        </extensions>
      </trkpt>
      <trkpt lat="46.907405" lon="10.1167069">
        <ele>2157.2</ele>
        <time>2026-09-21T07:01:30Z</time>
        <hdop>9.7</hdop>
        <extensions>
          <osmand:speed>1.4</osmand:speed>
        </extensions>
      </trkpt>
      <trkpt lat="46.9073598" lon="10.1167835">
        <ele>2156.2</ele>
        <time>2026-09-21T07:01:36Z</time>
        <hdop>8.2</hdop>
        <extensions>
          <osmand:speed>1.3</osmand:speed>
        </extensions>
      </trkpt>
      <trkpt lat="46.9073249" lon="10.1168344">
        <ele>2157.2</ele>
        <time>2026-09-21T07:01:42Z</time>
        <hdop>10.2</hdop>
        <extensions>
          <osmand:speed>0.9</osmand:speed>
        </extensions>
      </trkpt>
      <trkpt lat="46.9072827" lon="10.116832">
        <ele>2158.2</ele>
        <time>2026-09-21T07:01:48Z</time>
        <hdop>9.7</hdop>
        <extensions>
          <osmand:speed>1.6</osmand:speed>
        </extensions>
      </trkpt>
      <trkpt lat="46.9072374" lon="10.1168194">
        <ele>2158.2</ele>
        <time>2026-09-21T07:01:54Z</time>
        <hdop>9.7</hdop>
        <extensions>
          <osmand:speed>1.2</osmand:speed>
        </extensions>
      </trkpt>
      <trkpt lat="46.907175" lon="10.116861">
        <ele>2157.2</ele>
        <time>2026-09-21T07:02:00Z</time>
        <hdop>9.2</hdop>
        <extensions>
          <osmand:speed>0.9</osmand:speed>
        </extensions>
      </trkpt>
      <trkpt lat="46.9071373" lon="10.1168766">
        <ele>2158.2</ele>
        <time>2026-09-21T07:02:06Z</time>
        <hdop>9.7</hdop>
        <extensions>
          <osmand:speed>0.7</osmand:speed>
        </extensions>
      </trkpt>
      <trkpt lat="46.9071124" lon="10.1169156">
        <ele>2159.2</ele>
        <time>2026-09-21T07:02:12Z</time>
        <hdop>8.7</hdop>
        <extensions>
          <osmand:speed>1.4</osmand:speed>
        </extensions>
      </trkpt>
      <trkpt lat="46.9070732" lon="10.1169621">
        <ele>2159.2</ele>
        <time>2026-09-21T07:02:18Z</time>
        <hdop>9.2</hdop>
        <extensions>
          <osmand:speed>0.6</osmand:speed>
        </extensions>
      </trkpt>
      <trkpt lat="46.9070334" lon="10.1170185">
        <ele>2159.2</ele>
        <time>2026-09-21T07:02:24Z</time>
        <hdop>8.7</hdop>
        <extensions>
          <osmand:speed>1.2</osmand:speed>
        </extensions>
      </trkpt>
      <trkpt lat="46.9070029" lon="10.1170908">
        <ele>2159.2</ele>
        <time>2026-09-21T07:02:30Z</time>
        <hdop>10.2</hdop>
        <extensions>
          <osmand:speed>1.2</osmand:speed>
        </extensions>
      </trkpt>
      <trkpt lat="46.9069317" lon="10.1170992">
        <ele>2159.2</ele>
        <time>2026-09-21T07:02:36Z</time>
        <hdop>10.2</hdop>
        <extensions>
          <osmand:speed>0.7</osmand:speed>
        </extensions>
      </trkpt>
      <trkpt lat="46.9069061" lon="10.1171338">
        <ele>2160.2</ele>
        <time>2026-09-21T07:02:42Z</time>
        <hdop>10.7</hdop>
        <extensions>
          <osmand:speed>0.9</osmand:speed>
        </extensions>
      </trkpt>
      <trkpt lat="46.906851" lon="10.1171613">
        <ele>2160.2</ele>
        <time>2026-09-21T07:02:48Z</time>
        <hdop>10.7</hdop>
        <extensions>
          <osmand:speed>1.4</osmand:speed>
        </extensions>
      </trkpt>
      <trkpt lat="46.9068131" lon="10.1172322">
        <ele>2161.2</ele>
        <time>2026-09-21T07:02:54Z</time>
        <hdop>9.7</hdop>
        <extensions>
          <osmand:speed>1</osmand:speed>
        </extensions>
      </trkpt>
      <trkpt lat="46.9067689" lon="10.1172606">
        <ele>2161.2</ele>
        <time>2026-09-21T07:03:00Z</time>
        <hdop>9.7</hdop>
        <extensions>
          <osmand:speed>1.5</osmand:speed>
        </extensions>
      </trkpt>
      <trkpt lat="46.9066973" lon="10.1172863">
        <ele>2162.2</ele>
        <time>2026-09-21T07:03:06Z</time>
        <hdop>8.7</hdop>
        <extensions>
          <osmand:speed>1.1</osmand:speed>
        </extensions>
      </trkpt>
      <trkpt lat="46.9066515" lon="10.1173042">
        <ele>2161.2</ele>
        <time>2026-09-21T07:03:12Z</time>
        <hdop>7.1</hdop>
        <extensions>
          <osmand:speed>1</osmand:speed>
        </extensions>
      </trkpt>
      <trkpt lat="46.9066189" lon="10.1173358">
        <ele>2160.2</ele>
        <time>2026-09-21T07:03:18Z</time>
        <hdop>10.7</hdop>
        <extensions>
          <osmand:speed>0.2</osmand:speed>
        </extensions>
      </trkpt>
      <trkpt lat="46.9065912" lon="10.1173784">
        <ele>2160.2</ele>
        <time>2026-09-21T07:03:24Z</time>
        <hdop>9.2</hdop>
        <extensions>
          <osmand:speed>0.7</osmand:speed>
        </extensions>
      </trkpt>
      <trkpt lat="46.9065526" lon="10.1174168">
        <ele>2162.2</ele>
        <time>2026-09-21T07:03:30Z</time>
        <hdop>9.2</hdop>
        <extensions>
          <osmand:speed>0.8</osmand:speed>
        </extensions>
      </trkpt>
      <trkpt lat="46.9065259" lon="10.1174781">
        <ele>2163.2</ele>
        <time>2026-09-21T07:03:36Z</time>
        <hdop>9.7</hdop>
        <extensions>
          <osmand:speed>1.3</osmand:speed>
        </extensions>
      </trkpt>
      <trkpt lat="46.9064697" lon="10.1175112">
        <ele>2165.2</ele>
        <time>2026-09-21T07:03:42Z</time>
        <hdop>10.7</hdop>
        <extensions>
          <osmand:speed>1.1</osmand:speed>
        </extensions>
      </trkpt>
      <trkpt lat="46.9064156" lon="10.1175212">
        <ele>2166.2</ele>
        <time>2026-09-21T07:03:48Z</time>
        <hdop>9.7</hdop>
        <extensions>
          <osmand:speed>0.9</osmand:speed>
        </extensions>
      </trkpt>
      <trkpt lat="46.906391" lon="10.1176021">
        <ele>2166.2</ele>
        <time>2026-09-21T07:03:54Z</time>
        <hdop>9.2</hdop>
        <extensions>
          <osmand:speed>0.6</osmand:speed>
        </extensions>
      </trkpt>
      <trkpt lat="46.9063684" lon="10.1176224">
        <ele>2166.2</ele>
        <time>2026-09-21T07:04:00Z</time>
        <hdop>8.7</hdop>
        <extensions>
          <osmand:speed>0.2</osmand:speed>
        </extensions>
      </trkpt>
      <trkpt lat="46.906358" lon="10.1175978">
        <ele>2167.2</ele>
        <time>2026-09-21T07:04:21Z</time>
        <hdop>8.7</hdop>
        <extensions>
          <osmand:speed>1.1</osmand:speed>
        </extensions>
      </trkpt>
      <trkpt lat="46.9063333" lon="10.1176087">
        <ele>2167.2</ele>
        <time>2026-09-21T07:04:38Z</time>
        <hdop>8.2</hdop>
        <extensions>
          <osmand:speed>1</osmand:speed>
        </extensions>
      </trkpt>
      <trkpt lat="46.9062848" lon="10.1176484">
        <ele>2168.2</ele>
        <time>2026-09-21T07:04:44Z</time>
        <hdop>9.2</hdop>
        <extensions>
          <osmand:speed>1</osmand:speed>
        </extensions>
      </trkpt>
      <trkpt lat="46.9062214" lon="10.1176656">
        <ele>2168.2</ele>
        <time>2026-09-21T07:04:50Z</time>
        <hdop>8.7</hdop>
        <extensions>
          <osmand:speed>1.4</osmand:speed>
        </extensions>
      </trkpt>
      <trkpt lat="46.9061449" lon="10.1176871">
        <ele>2170.2</ele>
        <time>2026-09-21T07:04:56Z</time>
        <hdop>9.2</hdop>
        <extensions>
          <osmand:speed>1.4</osmand:speed>
        </extensions>
      </trkpt>
      <trkpt lat="46.9060943" lon="10.1177208">
        <ele>2171.2</ele>
        <time>2026-09-21T07:05:02Z</time>
        <hdop>9.7</hdop>
        <extensions>
          <osmand:speed>1.2</osmand:speed>
        </extensions>
      </trkpt>
      <trkpt lat="46.9060447" lon="10.1177953">
        <ele>2170.2</ele>
        <time>2026-09-21T07:05:08Z</time>
        <hdop>6.6</hdop>
        <extensions>
          <osmand:speed>1.4</osmand:speed>
        </extensions>
      </trkpt>
      <trkpt lat="46.9059869" lon="10.1178558">
        <ele>2170.2</ele>
        <time>2026-09-21T07:05:14Z</time>
        <hdop>11.2</hdop>
        <extensions>
          <osmand:speed>1.3</osmand:speed>
        </extensions>
      </trkpt>
      <trkpt lat="46.9059362" lon="10.1178994">
        <ele>2169.2</ele>
        <time>2026-09-21T07:05:20Z</time>
        <hdop>10.2</hdop>
        <extensions>
          <osmand:speed>0.7</osmand:speed>
        </extensions>
      </trkpt>
      <trkpt lat="46.9058743" lon="10.1179275">
        <ele>2171.2</ele>
        <time>2026-09-21T07:05:26Z</time>
        <hdop>11.7</hdop>
        <extensions>
          <osmand:speed>0.4</osmand:speed>
        </extensions>
      </trkpt>
      <trkpt lat="46.9058408" lon="10.1180071">
        <ele>2171.2</ele>
        <time>2026-09-21T07:05:32Z</time>
        <hdop>10.2</hdop>
        <extensions>
          <osmand:speed>1.6</osmand:speed>
        </extensions>
      </trkpt>
      <trkpt lat="46.9057843" lon="10.1180755">
        <ele>2170.2</ele>
        <time>2026-09-21T07:05:38Z</time>
        <hdop>10.2</hdop>
        <extensions>
          <osmand:speed>1.4</osmand:speed>
        </extensions>
      </trkpt>
      <trkpt lat="46.9057194" lon="10.1181165">
        <ele>2170.2</ele>
        <time>2026-09-21T07:05:44Z</time>
        <hdop>8.7</hdop>
        <extensions>
          <osmand:speed>1.1</osmand:speed>
        </extensions>
      </trkpt>
      <trkpt lat="46.9056541" lon="10.1181318">
        <ele>2169.2</ele>
        <time>2026-09-21T07:05:50Z</time>
        <hdop>8.7</hdop>
        <extensions>
          <osmand:speed>1.3</osmand:speed>
        </extensions>
      </trkpt>
      <trkpt lat="46.9055963" lon="10.1181598">
        <ele>2170.2</ele>
        <time>2026-09-21T07:05:56Z</time>
        <hdop>9.2</hdop>
        <extensions>
          <osmand:speed>0.8</osmand:speed>
        </extensions>
      </trkpt>
      <trkpt lat="46.9055414" lon="10.1181864">
        <ele>2170.2</ele>
        <time>2026-09-21T07:06:02Z</time>
        <hdop>10.2</hdop>
        <extensions>
          <osmand:speed>1.2</osmand:speed>
        </extensions>
      </trkpt>
      <trkpt lat="46.9054707" lon="10.1182226">
        <ele>2170.2</ele>
        <time>2026-09-21T07:06:08Z</time>
        <hdop>9.2</hdop>
        <extensions>
          <osmand:speed>1.7</osmand:speed>
        </extensions>
      </trkpt>
      <trkpt lat="46.9054033" lon="10.1182206">
        <ele>2170.2</ele>
        <time>2026-09-21T07:06:14Z</time>
        <hdop>10.2</hdop>
        <extensions>
          <osmand:speed>1</osmand:speed>
        </extensions>
      </trkpt>
      <trkpt lat="46.9053433" lon="10.1182238">
        <ele>2170.2</ele>
        <time>2026-09-21T07:06:20Z</time>
        <hdop>9.2</hdop>
        <extensions>
          <osmand:speed>0.6</osmand:speed>
        </extensions>
      </trkpt>
      <trkpt lat="46.9052933" lon="10.1182564">
        <ele>2171.2</ele>
        <time>2026-09-21T07:06:26Z</time>
        <hdop>10.2</hdop>
        <extensions>
          <osmand:speed>1.4</osmand:speed>
        </extensions>
      </trkpt>
      <trkpt lat="46.9052506" lon="10.1183598">
        <ele>2173.2</ele>
        <time>2026-09-21T07:06:32Z</time>
        <hdop>9.7</hdop>
        <extensions>
          <osmand:speed>1</osmand:speed>
        </extensions>
      </trkpt>
      <trkpt lat="46.9052286" lon="10.1183756">
        <ele>2173.2</ele>
        <time>2026-09-21T07:06:38Z</time>
        <hdop>9.2</hdop>
        <extensions>
          <osmand:speed>0.4</osmand:speed>
        </extensions>
      </trkpt>
      <trkpt lat="46.9051935" lon="10.1183807">
        <ele>2172.2</ele>
        <time>2026-09-21T07:06:44Z</time>
        <hdop>10.7</hdop>
        <extensions>
          <osmand:speed>0.8</osmand:speed>
        </extensions>
      </trkpt>
      <trkpt lat="46.9051452" lon="10.1183537">
        <ele>2172.2</ele>
        <time>2026-09-21T07:06:50Z</time>
        <hdop>9.2</hdop>
        <extensions>
          <osmand:speed>1</osmand:speed>
        </extensions>
      </trkpt>
      <trkpt lat="46.9051068" lon="10.118361">
        <ele>2173.2</ele>
        <time>2026-09-21T07:06:56Z</time>
        <hdop>7.7</hdop>
        <extensions>
          <osmand:speed>0.1</osmand:speed>
        </extensions>
      </trkpt>
      <trkpt lat="46.9050983" lon="10.1183892">
        <ele>2173.2</ele>
        <time>2026-09-21T07:07:31Z</time>
        <hdop>6.6</hdop>
        <extensions>
          <osmand:speed>1.6</osmand:speed>
        </extensions>
      </trkpt>
      <trkpt lat="46.9050403" lon="10.1184165">
        <ele>2176.2</ele>
        <time>2026-09-21T07:07:37Z</time>
        <hdop>9.7</hdop>
        <extensions>
          <osmand:speed>1.3</osmand:speed>
        </extensions>
      </trkpt>
      <trkpt lat="46.9049782" lon="10.1184196">
        <ele>2177.2</ele>
        <time>2026-09-21T07:07:43Z</time>
        <hdop>10.7</hdop>
        <extensions>
          <osmand:speed>1.2</osmand:speed>
        </extensions>
      </trkpt>
      <trkpt lat="46.9049317" lon="10.118404">
        <ele>2175.2</ele>
        <time>2026-09-21T07:07:49Z</time>
        <hdop>10.2</hdop>
        <extensions>
          <osmand:speed>1.4</osmand:speed>
        </extensions>
      </trkpt>
      <trkpt lat="46.9048812" lon="10.1184183">
        <ele>2174.2</ele>
        <time>2026-09-21T07:07:55Z</time>
        <hdop>9.2</hdop>
        <extensions>
          <osmand:speed>0.7</osmand:speed>
        </extensions>
      </trkpt>
      <trkpt lat="46.904828" lon="10.1184985">
        <ele>2174.2</ele>
        <time>2026-09-21T07:08:01Z</time>
        <hdop>9.2</hdop>
        <extensions>
          <osmand:speed>1.2</osmand:speed>
        </extensions>
      </trkpt>
      <trkpt lat="46.9047786" lon="10.1185508">
        <ele>2174.2</ele>
        <time>2026-09-21T07:08:07Z</time>
        <hdop>6.6</hdop>
        <extensions>
          <osmand:speed>1.3</osmand:speed>
        </extensions>
      </trkpt>
      <trkpt lat="46.9047196" lon="10.1185938">
        <ele>2175.2</ele>
        <time>2026-09-21T07:08:13Z</time>
        <hdop>9.2</hdop>
        <extensions>
          <osmand:speed>0.6</osmand:speed>
        </extensions>
      </trkpt>
      <trkpt lat="46.9046798" lon="10.11865">
        <ele>2175.2</ele>
        <time>2026-09-21T07:08:19Z</time>
        <hdop>9.2</hdop>
        <extensions>
          <osmand:speed>1.3</osmand:speed>
        </extensions>
      </trkpt>
      <trkpt lat="46.9046137" lon="10.1186789">
        <ele>2175.2</ele>
        <time>2026-09-21T07:08:25Z</time>
        <hdop>8.7</hdop>
        <extensions>
          <osmand:speed>1.2</osmand:speed>
        </extensions>
      </trkpt>
      <trkpt lat="46.9045641" lon="10.118705">
        <ele>2175.2</ele>
        <time>2026-09-21T07:08:31Z</time>
        <hdop>8.7</hdop>
        <extensions>
          <osmand:speed>0.9</osmand:speed>
        </extensions>
      </trkpt>
      <trkpt lat="46.9045052" lon="10.1187265">
        <ele>2173.2</ele>
        <time>2026-09-21T07:08:37Z</time>
        <hdop>8.2</hdop>
        <extensions>
          <osmand:speed>1.1</osmand:speed>
        </extensions>
      </trkpt>
      <trkpt lat="46.904451" lon="10.1187948">
        <ele>2174.2</ele>
        <time>2026-09-21T07:08:43Z</time>
        <hdop>9.2</hdop>
        <extensions>
          <osmand:speed>1.3</osmand:speed>
        </extensions>
      </trkpt>
      <trkpt lat="46.9044101" lon="10.1187945">
        <ele>2177.2</ele>
        <time>2026-09-21T07:08:49Z</time>
        <hdop>11.2</hdop>
        <extensions>
          <osmand:speed>0.6</osmand:speed>
        </extensions>
      </trkpt>
      <trkpt lat="46.9043784" lon="10.1188466">
        <ele>2177.2</ele>
        <time>2026-09-21T07:08:55Z</time>
        <hdop>10.7</hdop>
        <extensions>
          <osmand:speed>0.5</osmand:speed>
        </extensions>
      </trkpt>
      <trkpt lat="46.9043285" lon="10.1188954">
        <ele>2176.2</ele>
        <time>2026-09-21T07:09:01Z</time>
        <hdop>9.2</hdop>
        <extensions>
          <osmand:speed>0.9</osmand:speed>
        </extensions>
      </trkpt>
      <trkpt lat="46.9042912" lon="10.1189203">
        <ele>2177.2</ele>
        <time>2026-09-21T07:09:07Z</time>
        <hdop>9.7</hdop>
        <extensions>
          <osmand:speed>1.2</osmand:speed>
        </extensions>
      </trkpt>
      <trkpt lat="46.9042362" lon="10.1189434">
        <ele>2178.2</ele>
        <time>2026-09-21T07:09:13Z</time>
        <hdop>9.7</hdop>
        <extensions>
          <osmand:speed>1.3</osmand:speed>
        </extensions>
      </trkpt>
      <trkpt lat="46.9041972" lon="10.1189446">
        <ele>2178.2</ele>
        <time>2026-09-21T07:09:19Z</time>
        <hdop>9.7</hdop>
        <extensions>
          <osmand:speed>0.7</osmand:speed>
        </extensions>
      </trkpt>
      <trkpt lat="46.9041523" lon="10.1189849">
        <ele>2178.2</ele>
        <time>2026-09-21T07:09:25Z</time>
        <hdop>8.7</hdop>
        <extensions>
          <osmand:speed>0.8</osmand:speed>
        </extensions>
      </trkpt>
      <trkpt lat="46.9041163" lon="10.1190424">
        <ele>2177.2</ele>
        <time>2026-09-21T07:09:31Z</time>
        <hdop>9.7</hdop>
        <extensions>
          <osmand:speed>0.4</osmand:speed>
        </extensions>
      </trkpt>
      <trkpt lat="46.9040604" lon="10.119056">
        <ele>2176.2</ele>
        <time>2026-09-21T07:09:37Z</time>
        <hdop>10.2</hdop>
        <extensions>
          <osmand:speed>1.1</osmand:speed>
        </extensions>
      </trkpt>
      <trkpt lat="46.9040015" lon="10.1190906">
        <ele>2176.2</ele>
        <time>2026-09-21T07:09:43Z</time>
        <hdop>10.2</hdop>
        <extensions>
          <osmand:speed>0.7</osmand:speed>
        </extensions>
      </trkpt>
      <trkpt lat="46.9039576" lon="10.1190949">
        <ele>2177.2</ele>
        <time>2026-09-21T07:09:49Z</time>
        <hdop>6.6</hdop>
        <extensions>
          <osmand:speed>0.9</osmand:speed>
        </extensions>
      </trkpt>
      <trkpt lat="46.9039021" lon="10.1190834">
        <ele>2176.2</ele>
        <time>2026-09-21T07:09:55Z</time>
        <hdop>8.7</hdop>
        <extensions>
          <osmand:speed>1.1</osmand:speed>
        </extensions>
      </trkpt>
      <trkpt lat="46.9038484" lon="10.1191244">
        <ele>2178.2</ele>
        <time>2026-09-21T07:10:01Z</time>
        <hdop>9.7</hdop>
        <extensions>
          <osmand:speed>1.3</osmand:speed>
        </extensions>
      </trkpt>
      <trkpt lat="46.9038" lon="10.1191089">
        <ele>2180.2</ele>
        <time>2026-09-21T07:10:07Z</time>
        <hdop>10.7</hdop>
        <extensions>
          <osmand:speed>1</osmand:speed>
        </extensions>
      </trkpt>
      <trkpt lat="46.9037615" lon="10.1191248">
        <ele>2181.2</ele>
        <time>2026-09-21T07:10:13Z</time>
        <hdop>8.7</hdop>
        <extensions>
          <osmand:speed>1.3</osmand:speed>
        </extensions>
      </trkpt>
      <trkpt lat="46.9037255" lon="10.119086">
        <ele>2182.2</ele>
        <time>2026-09-21T07:10:19Z</time>
        <hdop>10.2</hdop>
        <extensions>
          <osmand:speed>0.8</osmand:speed>
        </extensions>
      </trkpt>
      <trkpt lat="46.903671" lon="10.119071">
        <ele>2184.2</ele>
        <time>2026-09-21T07:10:25Z</time>
        <hdop>10.7</hdop>
        <extensions>
          <osmand:speed>0.8</osmand:speed>
        </extensions>
      </trkpt>
      <trkpt lat="46.9036356" lon="10.1190711">
        <ele>2185.2</ele>
        <time>2026-09-21T07:10:31Z</time>
        <hdop>11.2</hdop>
        <extensions>
          <osmand:speed>0.5</osmand:speed>
        </extensions>
      </trkpt>
      <trkpt lat="46.9035938" lon="10.1190907">
        <ele>2186.2</ele>
        <time>2026-09-21T07:10:37Z</time>
        <hdop>10.2</hdop>
        <extensions>
          <osmand:speed>1</osmand:speed>
        </extensions>
      </trkpt>
      <trkpt lat="46.9035378" lon="10.1190905">
        <ele>2185.2</ele>
        <time>2026-09-21T07:10:43Z</time>
        <hdop>9.7</hdop>
        <extensions>
          <osmand:speed>0.5</osmand:speed>
        </extensions>
      </trkpt>
      <trkpt lat="46.9034863" lon="10.1190759">
        <ele>2184.2</ele>
        <time>2026-09-21T07:10:49Z</time>
        <hdop>9.7</hdop>
        <extensions>
          <osmand:speed>1.1</osmand:speed>
        </extensions>
      </trkpt>
      <trkpt lat="46.9034313" lon="10.1191099">
        <ele>2184.2</ele>
        <time>2026-09-21T07:10:55Z</time>
        <hdop>10.7</hdop>
        <extensions>
          <osmand:speed>1.5</osmand:speed>
        </extensions>
      </trkpt>
      <trkpt lat="46.9033801" lon="10.119152">
        <ele>2184.2</ele>
        <time>2026-09-21T07:11:01Z</time>
        <hdop>9.2</hdop>
        <extensions>
          <osmand:speed>1.4</osmand:speed>
        </extensions>
      </trkpt>
      <trkpt lat="46.9033468" lon="10.1191562">
        <ele>2185.2</ele>
        <time>2026-09-21T07:11:07Z</time>
        <hdop>9.2</hdop>
        <extensions>
          <osmand:speed>0.5</osmand:speed>
        </extensions>
      </trkpt>
      <trkpt lat="46.9032956" lon="10.1191663">
        <ele>2186.2</ele>
        <time>2026-09-21T07:11:13Z</time>
        <hdop>10.7</hdop>
        <extensions>
          <osmand:speed>0.7</osmand:speed>
        </extensions>
      </trkpt>
      <trkpt lat="46.9032451" lon="10.1192166">
        <ele>2187.2</ele>
        <time>2026-09-21T07:11:19Z</time>
        <hdop>9.2</hdop>
        <extensions>
          <osmand:speed>1</osmand:speed>
        </extensions>
      </trkpt>
      <trkpt lat="46.903179" lon="10.1192256">
        <ele>2187.2</ele>
        <time>2026-09-21T07:11:25Z</time>
        <hdop>10.2</hdop>
        <extensions>
          <osmand:speed>1.4</osmand:speed>
        </extensions>
      </trkpt>
      <trkpt lat="46.9031219" lon="10.1192635">
        <ele>2187.2</ele>
        <time>2026-09-21T07:11:31Z</time>
        <hdop>10.2</hdop>
        <extensions>
          <osmand:speed>0.6</osmand:speed>
        </extensions>
      </trkpt>
      <trkpt lat="46.9030731" lon="10.1192815">
        <ele>2188.2</ele>
        <time>2026-09-21T07:11:37Z</time>
        <hdop>9.7</hdop>
        <extensions>
          <osmand:speed>1.4</osmand:speed>
        </extensions>
      </trkpt>
      <trkpt lat="46.9030133" lon="10.1192952">
        <ele>2188.2</ele>
        <time>2026-09-21T07:11:43Z</time>
        <hdop>10.7</hdop>
        <extensions>
          <osmand:speed>1.1</osmand:speed>
        </extensions>
      </trkpt>
      <trkpt lat="46.9029594" lon="10.119287">
        <ele>2188.2</ele>
        <time>2026-09-21T07:11:49Z</time>
        <hdop>10.7</hdop>
        <extensions>
          <osmand:speed>0.8</osmand:speed>
        </extensions>
      </trkpt>
      <trkpt lat="46.9029201" lon="10.1193099">
        <ele>2189.2</ele>
        <time>2026-09-21T07:11:55Z</time>
        <hdop>10.7</hdop>
        <extensions>
          <osmand:speed>0.9</osmand:speed>
        </extensions>
      </trkpt>
      <trkpt lat="46.9028704" lon="10.1192829">
        <ele>2189.2</ele>
        <time>2026-09-21T07:12:01Z</time>
        <hdop>9.2</hdop>
        <extensions>
          <osmand:speed>1.1</osmand:speed>
        </extensions>
      </trkpt>
      <trkpt lat="46.9028269" lon="10.119296">
        <ele>2189.2</ele>
        <time>2026-09-21T07:12:07Z</time>
        <hdop>10.2</hdop>
        <extensions>
          <osmand:speed>1</osmand:speed>
        </extensions>
      </trkpt>
      <trkpt lat="46.9027876" lon="10.1193046">
        <ele>2189.2</ele>
        <time>2026-09-21T07:12:13Z</time>
        <hdop>8.2</hdop>
        <extensions>
          <osmand:speed>0.9</osmand:speed>
        </extensions>
      </trkpt>
      <trkpt lat="46.9027397" lon="10.1193102">
        <ele>2189.2</ele>
        <time>2026-09-21T07:12:19Z</time>
        <hdop>10.7</hdop>
        <extensions>
          <osmand:speed>0.4</osmand:speed>
        </extensions>
      </trkpt>
      <trkpt lat="46.9027113" lon="10.119309">
        <ele>2190.2</ele>
        <time>2026-09-21T07:12:25Z</time>
        <hdop>9.7</hdop>
        <extensions>
          <osmand:speed>1</osmand:speed>
        </extensions>
      </trkpt>
      <trkpt lat="46.9026637" lon="10.11933">
        <ele>2192.2</ele>
        <time>2026-09-21T07:12:31Z</time>
        <hdop>10.2</hdop>
        <extensions>
          <osmand:speed>0.7</osmand:speed>
        </extensions>
      </trkpt>
      <trkpt lat="46.9026246" lon="10.1193658">
        <ele>2192.2</ele>
        <time>2026-09-21T07:12:37Z</time>
        <hdop>10.7</hdop>
        <extensions>
          <osmand:speed>0.9</osmand:speed>
        </extensions>
      </trkpt>
      <trkpt lat="46.9025804" lon="10.1194109">
        <ele>2195.2</ele>
        <time>2026-09-21T07:12:43Z</time>
        <hdop>9.7</hdop>
        <extensions>
          <osmand:speed>0.9</osmand:speed>
        </extensions>
      </trkpt>
      <trkpt lat="46.9025446" lon="10.1194683">
        <ele>2195.2</ele>
        <time>2026-09-21T07:12:49Z</time>
        <hdop>7.7</hdop>
        <extensions>
          <osmand:speed>1</osmand:speed>
        </extensions>
      </trkpt>
      <trkpt lat="46.9025268" lon="10.1195579">
        <ele>2195.2</ele>
        <time>2026-09-21T07:12:55Z</time>
        <hdop>8.2</hdop>
        <extensions>
          <osmand:speed>1.2</osmand:speed>
        </extensions>
      </trkpt>
      <trkpt lat="46.9025093" lon="10.1196417">
        <ele>2196.2</ele>
        <time>2026-09-21T07:13:01Z</time>
        <hdop>8.2</hdop>
        <extensions>
          <osmand:speed>1.3</osmand:speed>
        </extensions>
      </trkpt>
      <trkpt lat="46.9024582" lon="10.1197012">
        <ele>2195.2</ele>
        <time>2026-09-21T07:13:07Z</time>
        <hdop>8.7</hdop>
        <extensions>
          <osmand:speed>1.5</osmand:speed>
        </extensions>
      </trkpt>
      <trkpt lat="46.9024046" lon="10.1197649">
        <ele>2195.2</ele>
        <time>2026-09-21T07:13:13Z</time>
        <hdop>8.7</hdop>
        <extensions>
          <osmand:speed>1.3</osmand:speed>
        </extensions>
      </trkpt>
      <trkpt lat="46.9023882" lon="10.119843">
        <ele>2195.2</ele>
        <time>2026-09-21T07:13:19Z</time>
        <hdop>8.7</hdop>
        <extensions>
          <osmand:speed>1</osmand:speed>
        </extensions>
      </trkpt>
      <trkpt lat="46.9023577" lon="10.119891">
        <ele>2194.2</ele>
        <time>2026-09-21T07:13:25Z</time>
        <hdop>9.7</hdop>
        <extensions>
          <osmand:speed>0.7</osmand:speed>
        </extensions>
      </trkpt>
      <trkpt lat="46.9023118" lon="10.1198631">
        <ele>2195.2</ele>
        <time>2026-09-21T07:13:31Z</time>
        <hdop>12.8</hdop>
        <extensions>
          <osmand:speed>1.3</osmand:speed>
        </extensions>
      </trkpt>
      <trkpt lat="46.9022712" lon="10.1199001">
        <ele>2194.2</ele>
        <time>2026-09-21T07:13:37Z</time>
        <hdop>10.7</hdop>
        <extensions>
          <osmand:speed>0.9</osmand:speed>
        </extensions>
      </trkpt>
      <trkpt lat="46.9022062" lon="10.1199066">
        <ele>2194.2</ele>
        <time>2026-09-21T07:13:43Z</time>
        <hdop>9.7</hdop>
        <extensions>
          <osmand:speed>0.7</osmand:speed>
        </extensions>
      </trkpt>
      <trkpt lat="46.9021377" lon="10.119955">
        <ele>2195.2</ele>
        <time>2026-09-21T07:13:49Z</time>
        <hdop>10.2</hdop>
        <extensions>
          <osmand:speed>1.5</osmand:speed>
        </extensions>
      </trkpt>
      <trkpt lat="46.9020972" lon="10.1200435">
        <ele>2194.2</ele>
        <time>2026-09-21T07:13:55Z</time>
        <hdop>9.7</hdop>
        <extensions>
          <osmand:speed>1.5</osmand:speed>
        </extensions>
      </trkpt>
      <trkpt lat="46.9021055" lon="10.1201556">
        <ele>2196.2</ele>
        <time>2026-09-21T07:14:01Z</time>
        <hdop>9.7</hdop>
        <extensions>
          <osmand:speed>1</osmand:speed>
        </extensions>
      </trkpt>
      <trkpt lat="46.9020783" lon="10.1201885">
        <ele>2196.2</ele>
        <time>2026-09-21T07:14:07Z</time>
        <hdop>9.2</hdop>
        <extensions>
          <osmand:speed>1</osmand:speed>
        </extensions>
      </trkpt>
      <trkpt lat="46.9020332" lon="10.1202438">
        <ele>2198.2</ele>
        <time>2026-09-21T07:14:13Z</time>
        <hdop>9.7</hdop>
        <extensions>
          <osmand:speed>1.2</osmand:speed>
        </extensions>
      </trkpt>
      <trkpt lat="46.9019624" lon="10.1202888">
        <ele>2199.2</ele>
        <time>2026-09-21T07:14:19Z</time>
        <hdop>10.2</hdop>
        <extensions>
          <osmand:speed>1.3</osmand:speed>
        </extensions>
      </trkpt>
      <trkpt lat="46.9019141" lon="10.1203127">
        <ele>2201.2</ele>
        <time>2026-09-21T07:14:25Z</time>
        <hdop>9.7</hdop>
        <extensions>
          <osmand:speed>1.1</osmand:speed>
        </extensions>
      </trkpt>
      <trkpt lat="46.9018532" lon="10.1203312">
        <ele>2202.2</ele>
        <time>2026-09-21T07:14:31Z</time>
        <hdop>9.7</hdop>
        <extensions>
          <osmand:speed>1.2</osmand:speed>
        </extensions>
      </trkpt>
      <trkpt lat="46.9018046" lon="10.1203172">
        <ele>2204.2</ele>
        <time>2026-09-21T07:14:37Z</time>
        <hdop>8.2</hdop>
        <extensions>
          <osmand:speed>1.1</osmand:speed>
        </extensions>
      </trkpt>
      <trkpt lat="46.9017656" lon="10.1202787">
        <ele>2204.2</ele>
        <time>2026-09-21T07:14:43Z</time>
        <hdop>10.2</hdop>
        <extensions>
          <osmand:speed>1</osmand:speed>
        </extensions>
      </trkpt>
      <trkpt lat="46.9017216" lon="10.120252">
        <ele>2204.2</ele>
        <time>2026-09-21T07:14:49Z</time>
        <hdop>10.2</hdop>
        <extensions>
          <osmand:speed>0.9</osmand:speed>
        </extensions>
      </trkpt>
      <trkpt lat="46.9016731" lon="10.1202335">
        <ele>2204.2</ele>
        <time>2026-09-21T07:14:55Z</time>
        <hdop>11.2</hdop>
        <extensions>
          <osmand:speed>1.9</osmand:speed>
        </extensions>
      </trkpt>
      <trkpt lat="46.9016227" lon="10.1202209">
        <ele>2203.2</ele>
        <time>2026-09-21T07:15:01Z</time>
        <hdop>11.2</hdop>
        <extensions>
          <osmand:speed>1.4</osmand:speed>
        </extensions>
      </trkpt>
      <trkpt lat="46.9015581" lon="10.1202065">
        <ele>2203.2</ele>
        <time>2026-09-21T07:15:07Z</time>
        <hdop>11.2</hdop>
        <extensions>
          <osmand:speed>1.1</osmand:speed>
        </extensions>
      </trkpt>
      <trkpt lat="46.9014991" lon="10.1202096">
        <ele>2203.2</ele>
        <time>2026-09-21T07:15:13Z</time>
        <hdop>11.2</hdop>
        <extensions>
          <osmand:speed>1.1</osmand:speed>
        </extensions>
      </trkpt>
      <trkpt lat="46.9014495" lon="10.1201903">
        <ele>2204.2</ele>
        <time>2026-09-21T07:15:19Z</time>
        <hdop>10.7</hdop>
        <extensions>
          <osmand:speed>1.5</osmand:speed>
        </extensions>
      </trkpt>
      <trkpt lat="46.9013826" lon="10.120218">
        <ele>2205.2</ele>
        <time>2026-09-21T07:15:25Z</time>
        <hdop>8.7</hdop>
        <extensions>
          <osmand:speed>1.4</osmand:speed>
        </extensions>
      </trkpt>
      <trkpt lat="46.9013126" lon="10.1202285">
        <ele>2206.2</ele>
        <time>2026-09-21T07:15:31Z</time>
        <hdop>10.2</hdop>
        <extensions>
          <osmand:speed>1.3</osmand:speed>
        </extensions>
      </trkpt>
      <trkpt lat="46.9012684" lon="10.1202321">
        <ele>2207.2</ele>
        <time>2026-09-21T07:15:37Z</time>
        <hdop>9.2</hdop>
        <extensions>
          <osmand:speed>1.2</osmand:speed>
        </extensions>
      </trkpt>
      <trkpt lat="46.9012179" lon="10.1202627">
        <ele>2207.2</ele>
        <time>2026-09-21T07:15:43Z</time>
        <hdop>10.2</hdop>
        <extensions>
          <osmand:speed>1</osmand:speed>
        </extensions>
      </trkpt>
      <trkpt lat="46.9011637" lon="10.1202573">
        <ele>2208.2</ele>
        <time>2026-09-21T07:15:49Z</time>
        <hdop>10.2</hdop>
        <extensions>
          <osmand:speed>1.4</osmand:speed>
        </extensions>
      </trkpt>
      <trkpt lat="46.9010931" lon="10.1202741">
        <ele>2207.2</ele>
        <time>2026-09-21T07:15:55Z</time>
        <hdop>10.7</hdop>
        <extensions>
          <osmand:speed>1.3</osmand:speed>
        </extensions>
      </trkpt>
      <trkpt lat="46.9010402" lon="10.1202671">
        <ele>2207.2</ele>
        <time>2026-09-21T07:16:01Z</time>
        <hdop>10.2</hdop>
        <extensions>
          <osmand:speed>1.2</osmand:speed>
        </extensions>
      </trkpt>
      <trkpt lat="46.9010037" lon="10.1203239">
        <ele>2207.2</ele>
        <time>2026-09-21T07:16:07Z</time>
        <hdop>10.7</hdop>
        <extensions>
          <osmand:speed>1.1</osmand:speed>
        </extensions>
      </trkpt>
      <trkpt lat="46.9009538" lon="10.1203621">
        <ele>2206.2</ele>
        <time>2026-09-21T07:16:13Z</time>
        <hdop>9.7</hdop>
        <extensions>
          <osmand:speed>1.1</osmand:speed>
        </extensions>
      </trkpt>
      <trkpt lat="46.900909" lon="10.1204116">
        <ele>2208.2</ele>
        <time>2026-09-21T07:16:19Z</time>
        <hdop>9.7</hdop>
        <extensions>
          <osmand:speed>0.8</osmand:speed>
        </extensions>
      </trkpt>
      <trkpt lat="46.9008747" lon="10.1204338">
        <ele>2209.2</ele>
        <time>2026-09-21T07:16:25Z</time>
        <hdop>12.8</hdop>
        <extensions>
          <osmand:speed>0.9</osmand:speed>
        </extensions>
      </trkpt>
      <trkpt lat="46.9008149" lon="10.1204494">
        <ele>2211.2</ele>
        <time>2026-09-21T07:16:31Z</time>
        <hdop>9.2</hdop>
        <extensions>
          <osmand:speed>0.9</osmand:speed>
        </extensions>
      </trkpt>
      <trkpt lat="46.9007506" lon="10.1204114">
        <ele>2212.2</ele>
        <time>2026-09-21T07:16:37Z</time>
        <hdop>10.7</hdop>
        <extensions>
          <osmand:speed>1.7</osmand:speed>
        </extensions>
      </trkpt>
      <trkpt lat="46.9007474" lon="10.1204376">
        <ele>2214.2</ele>
        <time>2026-09-21T07:16:44Z</time>
        <hdop>10.2</hdop>
        <extensions>
          <osmand:speed>0.1</osmand:speed>
        </extensions>
      </trkpt>
      <trkpt lat="46.9007373" lon="10.1204099">
        <ele>2215.2</ele>
        <time>2026-09-21T07:17:01Z</time>
        <hdop>9.7</hdop>
        <extensions>
          <osmand:speed>0.7</osmand:speed>
        </extensions>
      </trkpt>
      <trkpt lat="46.9006942" lon="10.120466">
        <ele>2216.2</ele>
        <time>2026-09-21T07:17:07Z</time>
        <hdop>11.2</hdop>
        <extensions>
          <osmand:speed>1.5</osmand:speed>
        </extensions>
      </trkpt>
      <trkpt lat="46.9006527" lon="10.1204854">
        <ele>2216.2</ele>
        <time>2026-09-21T07:17:13Z</time>
        <hdop>10.2</hdop>
        <extensions>
          <osmand:speed>1.1</osmand:speed>
        </extensions>
      </trkpt>
      <trkpt lat="46.9005966" lon="10.1205147">
        <ele>2216.2</ele>
        <time>2026-09-21T07:17:19Z</time>
        <hdop>11.2</hdop>
        <extensions>
          <osmand:speed>1.2</osmand:speed>
        </extensions>
      </trkpt>
      <trkpt lat="46.9005568" lon="10.1205851">
        <ele>2217.2</ele>
        <time>2026-09-21T07:17:25Z</time>
        <hdop>9.2</hdop>
        <extensions>
          <osmand:speed>1.2</osmand:speed>
        </extensions>
      </trkpt>
      <trkpt lat="46.9005026" lon="10.120649">
        <ele>2217.2</ele>
        <time>2026-09-21T07:17:31Z</time>
        <hdop>10.7</hdop>
        <extensions>
          <osmand:speed>1.2</osmand:speed>
        </extensions>
      </trkpt>
      <trkpt lat="46.9004458" lon="10.1206985">
        <ele>2218.2</ele>
        <time>2026-09-21T07:17:37Z</time>
        <hdop>10.7</hdop>
        <extensions>
          <osmand:speed>0.7</osmand:speed>
        </extensions>
      </trkpt>
      <trkpt lat="46.9004057" lon="10.1207364">
        <ele>2218.2</ele>
        <time>2026-09-21T07:17:43Z</time>
        <hdop>10.7</hdop>
        <extensions>
          <osmand:speed>1</osmand:speed>
        </extensions>
      </trkpt>
      <trkpt lat="46.9003541" lon="10.1208035">
        <ele>2218.2</ele>
        <time>2026-09-21T07:17:49Z</time>
        <hdop>10.2</hdop>
        <extensions>
          <osmand:speed>1.4</osmand:speed>
        </extensions>
      </trkpt>
      <trkpt lat="46.9003046" lon="10.1208562">
        <ele>2219.2</ele>
        <time>2026-09-21T07:17:55Z</time>
        <hdop>7.7</hdop>
        <extensions>
          <osmand:speed>1.4</osmand:speed>
        </extensions>
      </trkpt>
      <trkpt lat="46.9002941" lon="10.1209016">
        <ele>2221.2</ele>
        <time>2026-09-21T07:18:01Z</time>
        <hdop>10.7</hdop>
        <extensions>
          <osmand:speed>0.8</osmand:speed>
        </extensions>
      </trkpt>
      <trkpt lat="46.9002419" lon="10.1209348">
        <ele>2220.2</ele>
        <time>2026-09-21T07:18:07Z</time>
        <hdop>11.7</hdop>
        <extensions>
          <osmand:speed>1.2</osmand:speed>
        </extensions>
      </trkpt>
      <trkpt lat="46.9002178" lon="10.1209507">
        <ele>2217.2</ele>
        <time>2026-09-21T07:18:14Z</time>
        <hdop>8.7</hdop>
        <extensions>
          <osmand:speed>1</osmand:speed>
        </extensions>
      </trkpt>
      <trkpt lat="46.9001767" lon="10.1209939">
        <ele>2217.2</ele>
        <time>2026-09-21T07:18:20Z</time>
        <hdop>8.7</hdop>
        <extensions>
          <osmand:speed>0.8</osmand:speed>
        </extensions>
      </trkpt>
      <trkpt lat="46.9001407" lon="10.1210633">
        <ele>2219.2</ele>
        <time>2026-09-21T07:18:26Z</time>
        <hdop>11.2</hdop>
        <extensions>
          <osmand:speed>1.4</osmand:speed>
        </extensions>
      </trkpt>
      <trkpt lat="46.9001162" lon="10.1211119">
        <ele>2220.2</ele>
        <time>2026-09-21T07:18:32Z</time>
        <hdop>9.2</hdop>
        <extensions>
          <osmand:speed>0.9</osmand:speed>
        </extensions>
      </trkpt>
      <trkpt lat="46.9000798" lon="10.1211115">
        <ele>2219.2</ele>
        <time>2026-09-21T07:18:38Z</time>
        <hdop>11.7</hdop>
        <extensions>
          <osmand:speed>1</osmand:speed>
        </extensions>
      </trkpt>
      <trkpt lat="46.9000306" lon="10.1211375">
        <ele>2219.2</ele>
        <time>2026-09-21T07:18:44Z</time>
        <hdop>11.2</hdop>
        <extensions>
          <osmand:speed>1</osmand:speed>
        </extensions>
      </trkpt>
      <trkpt lat="46.8999771" lon="10.1211477">
        <ele>2221.2</ele>
        <time>2026-09-21T07:18:50Z</time>
        <hdop>11.2</hdop>
        <extensions>
          <osmand:speed>0.7</osmand:speed>
        </extensions>
      </trkpt>
      <trkpt lat="46.8999368" lon="10.1211845">
        <ele>2222.2</ele>
        <time>2026-09-21T07:18:56Z</time>
        <hdop>9.2</hdop>
        <extensions>
          <osmand:speed>0.7</osmand:speed>
        </extensions>
      </trkpt>
      <trkpt lat="46.8998993" lon="10.1212259">
        <ele>2224.2</ele>
        <time>2026-09-21T07:19:02Z</time>
        <hdop>8.7</hdop>
        <extensions>
          <osmand:speed>1.4</osmand:speed>
        </extensions>
      </trkpt>
      <trkpt lat="46.8998388" lon="10.1212859">
        <ele>2223.2</ele>
        <time>2026-09-21T07:19:08Z</time>
        <hdop>9.7</hdop>
        <extensions>
          <osmand:speed>1.1</osmand:speed>
        </extensions>
      </trkpt>
      <trkpt lat="46.8997784" lon="10.1213267">
        <ele>2222.2</ele>
        <time>2026-09-21T07:19:14Z</time>
        <hdop>11.7</hdop>
        <extensions>
          <osmand:speed>0.6</osmand:speed>
        </extensions>
      </trkpt>
      <trkpt lat="46.8997948" lon="10.1213489">
        <ele>2224.2</ele>
        <time>2026-09-21T07:19:21Z</time>
        <hdop>11.2</hdop>
        <extensions>
          <osmand:speed>0.5</osmand:speed>
        </extensions>
      </trkpt>
      <trkpt lat="46.8998458" lon="10.1213507">
        <ele>2226.2</ele>
        <time>2026-09-21T07:19:27Z</time>
        <hdop>8.2</hdop>
        <extensions>
          <osmand:speed>1</osmand:speed>
        </extensions>
      </trkpt>
      <trkpt lat="46.8998389" lon="10.1213765">
        <ele>2226.2</ele>
        <time>2026-09-21T07:19:35Z</time>
        <hdop>8.7</hdop>
        <extensions>
          <osmand:speed>0.5</osmand:speed>
        </extensions>
      </trkpt>
      <trkpt lat="46.8998394" lon="10.1214053">
        <ele>2225.2</ele>
        <time>2026-09-21T07:19:41Z</time>
        <hdop>7.7</hdop>
      </trkpt>
      <trkpt lat="46.8998415" lon="10.1214366">
        <ele>2225.2</ele>
        <time>2026-09-21T07:19:47Z</time>
        <hdop>10.2</hdop>
        <extensions>
          <osmand:speed>0.1</osmand:speed>
        </extensions>
      </trkpt>
      <trkpt lat="46.8998252" lon="10.1214502">
        <ele>2225.2</ele>
        <time>2026-09-21T07:19:53Z</time>
        <hdop>6.6</hdop>
      </trkpt>
      <trkpt lat="46.899807" lon="10.1214556">
        <ele>2225.2</ele>
        <time>2026-09-21T07:20:53Z</time>
        <hdop>9.7</hdop>
        <extensions>
          <osmand:speed>0.1</osmand:speed>
        </extensions>
      </trkpt>
      <trkpt lat="46.8997882" lon="10.1214383">
        <ele>2226.2</ele>
        <time>2026-09-21T07:21:02Z</time>
        <hdop>10.2</hdop>
        <extensions>
          <osmand:speed>0.6</osmand:speed>
        </extensions>
      </trkpt>
      <trkpt lat="46.8997371" lon="10.1214057">
        <ele>2226.2</ele>
        <time>2026-09-21T07:21:08Z</time>
        <hdop>12.2</hdop>
        <extensions>
          <osmand:speed>0.6</osmand:speed>
        </extensions>
      </trkpt>
      <trkpt lat="46.8997112" lon="10.1214">
        <ele>2227.2</ele>
        <time>2026-09-21T07:21:14Z</time>
        <hdop>12.8</hdop>
        <extensions>
          <osmand:speed>0.8</osmand:speed>
        </extensions>
      </trkpt>
      <trkpt lat="46.8996516" lon="10.1214613">
        <ele>2227.2</ele>
        <time>2026-09-21T07:21:20Z</time>
        <hdop>9.7</hdop>
        <extensions>
          <osmand:speed>0.8</osmand:speed>
        </extensions>
      </trkpt>
      <trkpt lat="46.8996105" lon="10.121539">
        <ele>2228.2</ele>
        <time>2026-09-21T07:21:26Z</time>
        <hdop>11.2</hdop>
        <extensions>
          <osmand:speed>2.1</osmand:speed>
        </extensions>
      </trkpt>
      <trkpt lat="46.8995883" lon="10.1215913">
        <ele>2227.2</ele>
        <time>2026-09-21T07:21:32Z</time>
        <hdop>11.2</hdop>
        <extensions>
          <osmand:speed>1.1</osmand:speed>
        </extensions>
      </trkpt>
      <trkpt lat="46.8995185" lon="10.1216208">
        <ele>2228.2</ele>
        <time>2026-09-21T07:21:38Z</time>
        <hdop>10.7</hdop>
        <extensions>
          <osmand:speed>0.8</osmand:speed>
        </extensions>
      </trkpt>
      <trkpt lat="46.8994905" lon="10.1216447">
        <ele>2227.2</ele>
        <time>2026-09-21T07:21:44Z</time>
        <hdop>11.7</hdop>
        <extensions>
          <osmand:speed>0.9</osmand:speed>
        </extensions>
      </trkpt>
      <trkpt lat="46.8994419" lon="10.1216745">
        <ele>2226.2</ele>
        <time>2026-09-21T07:21:50Z</time>
        <hdop>13.3</hdop>
        <extensions>
          <osmand:speed>0.6</osmand:speed>
        </extensions>
      </trkpt>
      <trkpt lat="46.8994127" lon="10.1217042">
        <ele>2227.2</ele>
        <time>2026-09-21T07:21:56Z</time>
        <hdop>12.2</hdop>
        <extensions>
          <osmand:speed>0.9</osmand:speed>
        </extensions>
      </trkpt>
      <trkpt lat="46.8993576" lon="10.1217403">
        <ele>2228.2</ele>
        <time>2026-09-21T07:22:02Z</time>
        <hdop>10.2</hdop>
        <extensions>
          <osmand:speed>0.9</osmand:speed>
        </extensions>
      </trkpt>
      <trkpt lat="46.8993028" lon="10.1217651">
        <ele>2230.2</ele>
        <time>2026-09-21T07:22:08Z</time>
        <hdop>9.7</hdop>
        <extensions>
          <osmand:speed>1</osmand:speed>
        </extensions>
      </trkpt>
      <trkpt lat="46.8992416" lon="10.1217693">
        <ele>2232.2</ele>
        <time>2026-09-21T07:22:14Z</time>
        <hdop>10.7</hdop>
        <extensions>
          <osmand:speed>1.1</osmand:speed>
        </extensions>
      </trkpt>
      <trkpt lat="46.8991857" lon="10.121812">
        <ele>2233.2</ele>
        <time>2026-09-21T07:22:20Z</time>
        <hdop>9.7</hdop>
        <extensions>
          <osmand:speed>1.4</osmand:speed>
        </extensions>
      </trkpt>
      <trkpt lat="46.8991437" lon="10.1218814">
        <ele>2234.2</ele>
        <time>2026-09-21T07:22:26Z</time>
        <hdop>10.7</hdop>
        <extensions>
          <osmand:speed>1.4</osmand:speed>
        </extensions>
      </trkpt>
      <trkpt lat="46.899104" lon="10.1219202">
        <ele>2234.2</ele>
        <time>2026-09-21T07:22:32Z</time>
        <hdop>11.7</hdop>
        <extensions>
          <osmand:speed>0.9</osmand:speed>
        </extensions>
      </trkpt>
      <trkpt lat="46.8990461" lon="10.1218989">
        <ele>2235.2</ele>
        <time>2026-09-21T07:22:38Z</time>
        <hdop>11.2</hdop>
        <extensions>
          <osmand:speed>1.1</osmand:speed>
        </extensions>
      </trkpt>
      <trkpt lat="46.8990133" lon="10.1219456">
        <ele>2236.2</ele>
        <time>2026-09-21T07:22:44Z</time>
        <hdop>12.2</hdop>
        <extensions>
          <osmand:speed>0.8</osmand:speed>
        </extensions>
      </trkpt>
      <trkpt lat="46.8989842" lon="10.1220046">
        <ele>2236.2</ele>
        <time>2026-09-21T07:22:50Z</time>
        <hdop>10.7</hdop>
        <extensions>
          <osmand:speed>0.7</osmand:speed>
        </extensions>
      </trkpt>
      <trkpt lat="46.8989435" lon="10.1220214">
        <ele>2235.2</ele>
        <time>2026-09-21T07:22:56Z</time>
        <hdop>11.7</hdop>
        <extensions>
          <osmand:speed>1.4</osmand:speed>
        </extensions>
      </trkpt>
      <trkpt lat="46.898908" lon="10.122076">
        <ele>2235.2</ele>
        <time>2026-09-21T07:23:02Z</time>
        <hdop>13.3</hdop>
        <extensions>
          <osmand:speed>0.5</osmand:speed>
        </extensions>
      </trkpt>
      <trkpt lat="46.8988822" lon="10.1221276">
        <ele>2237.2</ele>
        <time>2026-09-21T07:23:08Z</time>
        <hdop>11.2</hdop>
        <extensions>
          <osmand:speed>0.9</osmand:speed>
        </extensions>
      </trkpt>
      <trkpt lat="46.8988395" lon="10.1221832">
        <ele>2239.2</ele>
        <time>2026-09-21T07:23:14Z</time>
        <hdop>11.2</hdop>
        <extensions>
          <osmand:speed>1.7</osmand:speed>
        </extensions>
      </trkpt>
      <trkpt lat="46.8988094" lon="10.1222371">
        <ele>2241.2</ele>
        <time>2026-09-21T07:23:20Z</time>
        <hdop>10.7</hdop>
        <extensions>
          <osmand:speed>1</osmand:speed>
        </extensions>
      </trkpt>
      <trkpt lat="46.8987884" lon="10.1222679">
        <ele>2241.2</ele>
        <time>2026-09-21T07:23:26Z</time>
        <hdop>10.2</hdop>
        <extensions>
          <osmand:speed>0.9</osmand:speed>
        </extensions>
      </trkpt>
      <trkpt lat="46.8987245" lon="10.1222655">
        <ele>2242.2</ele>
        <time>2026-09-21T07:23:32Z</time>
        <hdop>11.7</hdop>
        <extensions>
          <osmand:speed>1.2</osmand:speed>
        </extensions>
      </trkpt>
      <trkpt lat="46.8987012" lon="10.122307">
        <ele>2242.2</ele>
        <time>2026-09-21T07:23:38Z</time>
        <hdop>10.7</hdop>
        <extensions>
          <osmand:speed>0.8</osmand:speed>
        </extensions>
      </trkpt>
      <trkpt lat="46.8986475" lon="10.1223403">
        <ele>2243.2</ele>
        <time>2026-09-21T07:23:44Z</time>
        <hdop>11.2</hdop>
        <extensions>
          <osmand:speed>1.2</osmand:speed>
        </extensions>
      </trkpt>
      <trkpt lat="46.8985833" lon="10.1223511">
        <ele>2244.2</ele>
        <time>2026-09-21T07:23:50Z</time>
        <hdop>12.2</hdop>
        <extensions>
          <osmand:speed>1.1</osmand:speed>
        </extensions>
      </trkpt>
      <trkpt lat="46.8985446" lon="10.1224215">
        <ele>2244.2</ele>
        <time>2026-09-21T07:23:56Z</time>
        <hdop>10.2</hdop>
        <extensions>
          <osmand:speed>1</osmand:speed>
        </extensions>
      </trkpt>
      <trkpt lat="46.8985156" lon="10.1224681">
        <ele>2245.2</ele>
        <time>2026-09-21T07:24:02Z</time>
        <hdop>11.7</hdop>
        <extensions>
          <osmand:speed>0.6</osmand:speed>
        </extensions>
      </trkpt>
      <trkpt lat="46.8984569" lon="10.1225206">
        <ele>2245.2</ele>
        <time>2026-09-21T07:24:08Z</time>
        <hdop>10.2</hdop>
        <extensions>
          <osmand:speed>0.7</osmand:speed>
        </extensions>
      </trkpt>
      <trkpt lat="46.8983931" lon="10.1225349">
        <ele>2248.2</ele>
        <time>2026-09-21T07:24:14Z</time>
        <hdop>9.7</hdop>
        <extensions>
          <osmand:speed>1</osmand:speed>
        </extensions>
      </trkpt>
      <trkpt lat="46.8983411" lon="10.1225624">
        <ele>2249.2</ele>
        <time>2026-09-21T07:24:20Z</time>
        <hdop>7.7</hdop>
        <extensions>
          <osmand:speed>0.8</osmand:speed>
        </extensions>
      </trkpt>
      <trkpt lat="46.8982746" lon="10.1225525">
        <ele>2249.2</ele>
        <time>2026-09-21T07:24:26Z</time>
        <hdop>11.2</hdop>
        <extensions>
          <osmand:speed>1.2</osmand:speed>
        </extensions>
      </trkpt>
      <trkpt lat="46.8982458" lon="10.1225719">
        <ele>2249.2</ele>
        <time>2026-09-21T07:24:32Z</time>
        <hdop>10.2</hdop>
        <extensions>
          <osmand:speed>0.5</osmand:speed>
        </extensions>
      </trkpt>
      <trkpt lat="46.8981876" lon="10.1225985">
        <ele>2249.2</ele>
        <time>2026-09-21T07:24:38Z</time>
        <hdop>9.7</hdop>
        <extensions>
          <osmand:speed>1.2</osmand:speed>
        </extensions>
      </trkpt>
      <trkpt lat="46.8981315" lon="10.1226164">
        <ele>2248.2</ele>
        <time>2026-09-21T07:24:44Z</time>
        <hdop>11.7</hdop>
        <extensions>
          <osmand:speed>1</osmand:speed>
        </extensions>
      </trkpt>
      <trkpt lat="46.8980869" lon="10.1226406">
        <ele>2249.2</ele>
        <time>2026-09-21T07:24:50Z</time>
        <hdop>9.2</hdop>
        <extensions>
          <osmand:speed>0.8</osmand:speed>
        </extensions>
      </trkpt>
      <trkpt lat="46.8980346" lon="10.1226521">
        <ele>2250.2</ele>
        <time>2026-09-21T07:24:56Z</time>
        <hdop>9.2</hdop>
        <extensions>
          <osmand:speed>0.9</osmand:speed>
        </extensions>
      </trkpt>
      <trkpt lat="46.8979607" lon="10.1226668">
        <ele>2252.2</ele>
        <time>2026-09-21T07:25:02Z</time>
        <hdop>9.7</hdop>
        <extensions>
          <osmand:speed>1.2</osmand:speed>
        </extensions>
      </trkpt>
      <trkpt lat="46.8978828" lon="10.1226655">
        <ele>2253.2</ele>
        <time>2026-09-21T07:25:08Z</time>
        <hdop>10.2</hdop>
        <extensions>
          <osmand:speed>1</osmand:speed>
        </extensions>
      </trkpt>
      <trkpt lat="46.8978228" lon="10.1226758">
        <ele>2253.2</ele>
        <time>2026-09-21T07:25:14Z</time>
        <hdop>11.7</hdop>
        <extensions>
          <osmand:speed>0.8</osmand:speed>
        </extensions>
      </trkpt>
      <trkpt lat="46.8977646" lon="10.1226662">
        <ele>2253.1</ele>
        <time>2026-09-21T07:25:20Z</time>
        <hdop>10.2</hdop>
        <extensions>
          <osmand:speed>1.4</osmand:speed>
        </extensions>
      </trkpt>
      <trkpt lat="46.8977021" lon="10.1226698">
        <ele>2252.1</ele>
        <time>2026-09-21T07:25:26Z</time>
        <hdop>11.2</hdop>
        <extensions>
          <osmand:speed>1.2</osmand:speed>
        </extensions>
      </trkpt>
      <trkpt lat="46.8976464" lon="10.1226754">
        <ele>2252.1</ele>
        <time>2026-09-21T07:25:32Z</time>
        <hdop>11.2</hdop>
        <extensions>
          <osmand:speed>1.1</osmand:speed>
        </extensions>
      </trkpt>
      <trkpt lat="46.8975803" lon="10.1226798">
        <ele>2253.1</ele>
        <time>2026-09-21T07:25:38Z</time>
        <hdop>10.7</hdop>
        <extensions>
          <osmand:speed>1.2</osmand:speed>
        </extensions>
      </trkpt>
      <trkpt lat="46.8975027" lon="10.1226955">
        <ele>2253.1</ele>
        <time>2026-09-21T07:25:44Z</time>
        <hdop>11.2</hdop>
        <extensions>
          <osmand:speed>1.2</osmand:speed>
        </extensions>
      </trkpt>
      <trkpt lat="46.8974358" lon="10.1226877">
        <ele>2254.1</ele>
        <time>2026-09-21T07:25:50Z</time>
        <hdop>9.7</hdop>
        <extensions>
          <osmand:speed>1.8</osmand:speed>
        </extensions>
      </trkpt>
      <trkpt lat="46.897397" lon="10.1227095">
        <ele>2254.1</ele>
        <time>2026-09-21T07:25:56Z</time>
        <hdop>10.7</hdop>
        <extensions>
          <osmand:speed>1.3</osmand:speed>
        </extensions>
      </trkpt>
      <trkpt lat="46.8973612" lon="10.1227021">
        <ele>2254.1</ele>
        <time>2026-09-21T07:26:02Z</time>
        <hdop>11.2</hdop>
        <extensions>
          <osmand:speed>0.7</osmand:speed>
        </extensions>
      </trkpt>
      <trkpt lat="46.8973255" lon="10.1227054">
        <ele>2253.1</ele>
        <time>2026-09-21T07:26:08Z</time>
        <hdop>11.2</hdop>
        <extensions>
          <osmand:speed>0.5</osmand:speed>
        </extensions>
      </trkpt>
      <trkpt lat="46.8972787" lon="10.122731">
        <ele>2255.1</ele>
        <time>2026-09-21T07:26:14Z</time>
        <hdop>11.2</hdop>
        <extensions>
          <osmand:speed>0.8</osmand:speed>
        </extensions>
      </trkpt>
      <trkpt lat="46.8972343" lon="10.122734">
        <ele>2256.1</ele>
        <time>2026-09-21T07:26:20Z</time>
        <hdop>10.7</hdop>
        <extensions>
          <osmand:speed>1</osmand:speed>
        </extensions>
      </trkpt>
      <trkpt lat="46.8971973" lon="10.1227588">
        <ele>2257.1</ele>
        <time>2026-09-21T07:26:26Z</time>
        <hdop>10.7</hdop>
        <extensions>
          <osmand:speed>0.9</osmand:speed>
        </extensions>
      </trkpt>
      <trkpt lat="46.8971409" lon="10.1227938">
        <ele>2258.1</ele>
        <time>2026-09-21T07:26:32Z</time>
        <hdop>11.2</hdop>
        <extensions>
          <osmand:speed>0.7</osmand:speed>
        </extensions>
      </trkpt>
      <trkpt lat="46.8970836" lon="10.1227914">
        <ele>2259.1</ele>
        <time>2026-09-21T07:26:38Z</time>
        <hdop>12.2</hdop>
        <extensions>
          <osmand:speed>1.2</osmand:speed>
        </extensions>
      </trkpt>
      <trkpt lat="46.8970445" lon="10.1228037">
        <ele>2260.1</ele>
        <time>2026-09-21T07:26:44Z</time>
        <hdop>10.7</hdop>
        <extensions>
          <osmand:speed>1.6</osmand:speed>
        </extensions>
      </trkpt>
      <trkpt lat="46.8970256" lon="10.1228195">
        <ele>2261.1</ele>
        <time>2026-09-21T07:26:51Z</time>
        <hdop>10.2</hdop>
        <extensions>
          <osmand:speed>0.6</osmand:speed>
        </extensions>
      </trkpt>
      <trkpt lat="46.8969718" lon="10.1228454">
        <ele>2262.1</ele>
        <time>2026-09-21T07:26:57Z</time>
        <hdop>11.2</hdop>
        <extensions>
          <osmand:speed>0.7</osmand:speed>
        </extensions>
      </trkpt>
      <trkpt lat="46.8969554" lon="10.1228681">
        <ele>2263.1</ele>
        <time>2026-09-21T07:27:03Z</time>
        <hdop>7.7</hdop>
        <extensions>
          <osmand:speed>0</osmand:speed>
        </extensions>
      </trkpt>
      <trkpt lat="46.8969661" lon="10.1228898">
        <ele>2265.1</ele>
        <time>2026-09-21T07:27:09Z</time>
        <hdop>7.7</hdop>
        <extensions>
          <osmand:speed>0.7</osmand:speed>
        </extensions>
      </trkpt>
      <trkpt lat="46.8969921" lon="10.1229185">
        <ele>2264.1</ele>
        <time>2026-09-21T07:27:15Z</time>
        <hdop>8.7</hdop>
        <extensions>
          <osmand:speed>1.6</osmand:speed>
        </extensions>
      </trkpt>
      <trkpt lat="46.8970134" lon="10.1229057">
        <ele>2264.1</ele>
        <time>2026-09-21T07:27:21Z</time>
        <hdop>8.2</hdop>
      </trkpt>
      <trkpt lat="46.8969951" lon="10.1229167">
        <ele>2266.1</ele>
        <time>2026-09-21T07:28:21Z</time>
        <hdop>12.2</hdop>
        <extensions>
          <osmand:speed>0.2</osmand:speed>
        </extensions>
      </trkpt>
      <trkpt lat="46.8969428" lon="10.1229116">
        <ele>2267.1</ele>
        <time>2026-09-21T07:28:27Z</time>
        <hdop>12.2</hdop>
        <extensions>
          <osmand:speed>1.1</osmand:speed>
        </extensions>
      </trkpt>
      <trkpt lat="46.8969127" lon="10.1229455">
        <ele>2267.1</ele>
        <time>2026-09-21T07:28:33Z</time>
        <hdop>13.3</hdop>
        <extensions>
          <osmand:speed>1</osmand:speed>
        </extensions>
      </trkpt>
      <trkpt lat="46.8968469" lon="10.1229657">
        <ele>2267.1</ele>
        <time>2026-09-21T07:28:39Z</time>
        <hdop>11.7</hdop>
        <extensions>
          <osmand:speed>0.7</osmand:speed>
        </extensions>
      </trkpt>
      <trkpt lat="46.8968132" lon="10.1229987">
        <ele>2268.1</ele>
        <time>2026-09-21T07:28:45Z</time>
        <hdop>11.7</hdop>
        <extensions>
          <osmand:speed>0.7</osmand:speed>
        </extensions>
      </trkpt>
      <trkpt lat="46.8967762" lon="10.1230386">
        <ele>2269.1</ele>
        <time>2026-09-21T07:28:51Z</time>
        <hdop>13.3</hdop>
        <extensions>
          <osmand:speed>1.5</osmand:speed>
        </extensions>
      </trkpt>
      <trkpt lat="46.8967322" lon="10.1231111">
        <ele>2269.1</ele>
        <time>2026-09-21T07:28:57Z</time>
        <hdop>13.3</hdop>
        <extensions>
          <osmand:speed>1.2</osmand:speed>
        </extensions>
      </trkpt>
      <trkpt lat="46.896696" lon="10.1232014">
        <ele>2270.1</ele>
        <time>2026-09-21T07:29:03Z</time>
        <hdop>12.8</hdop>
        <extensions>
          <osmand:speed>1.2</osmand:speed>
        </extensions>
      </trkpt>
      <trkpt lat="46.8966876" lon="10.1232472">
        <ele>2271.1</ele>
        <time>2026-09-21T07:29:09Z</time>
        <hdop>12.8</hdop>
        <extensions>
          <osmand:speed>0.9</osmand:speed>
        </extensions>
      </trkpt>
      <trkpt lat="46.8966356" lon="10.1232485">
        <ele>2272.1</ele>
        <time>2026-09-21T07:29:15Z</time>
        <hdop>10.7</hdop>
        <extensions>
          <osmand:speed>0.9</osmand:speed>
        </extensions>
      </trkpt>
      <trkpt lat="46.8966034" lon="10.1232838">
        <ele>2272.1</ele>
        <time>2026-09-21T07:29:21Z</time>
        <hdop>13.8</hdop>
        <extensions>
          <osmand:speed>0.5</osmand:speed>
        </extensions>
      </trkpt>
      <trkpt lat="46.8965918" lon="10.1232637">
        <ele>2273.1</ele>
        <time>2026-09-21T07:29:27Z</time>
        <hdop>11.7</hdop>
        <extensions>
          <osmand:speed>0.6</osmand:speed>
        </extensions>
      </trkpt>
      <trkpt lat="46.8965435" lon="10.1233125">
        <ele>2274.1</ele>
        <time>2026-09-21T07:29:33Z</time>
        <hdop>11.7</hdop>
        <extensions>
          <osmand:speed>0.6</osmand:speed>
        </extensions>
      </trkpt>
      <trkpt lat="46.8964995" lon="10.1232915">
        <ele>2275.1</ele>
        <time>2026-09-21T07:29:39Z</time>
        <hdop>12.2</hdop>
        <extensions>
          <osmand:speed>1.1</osmand:speed>
        </extensions>
      </trkpt>
      <trkpt lat="46.8964613" lon="10.1233513">
        <ele>2275.1</ele>
        <time>2026-09-21T07:29:45Z</time>
        <hdop>10.2</hdop>
        <extensions>
          <osmand:speed>0.7</osmand:speed>
        </extensions>
      </trkpt>
      <trkpt lat="46.8964344" lon="10.123418">
        <ele>2276.1</ele>
        <time>2026-09-21T07:29:51Z</time>
        <hdop>9.7</hdop>
        <extensions>
          <osmand:speed>0.8</osmand:speed>
        </extensions>
      </trkpt>
      <trkpt lat="46.8964309" lon="10.1234441">
        <ele>2277.1</ele>
        <time>2026-09-21T07:29:57Z</time>
        <hdop>7.7</hdop>
      </trkpt>
      <trkpt lat="46.8964063" lon="10.1234242">
        <ele>2280.1</ele>
        <time>2026-09-21T07:30:15Z</time>
        <hdop>9.2</hdop>
        <extensions>
          <osmand:speed>1.6</osmand:speed>
        </extensions>
      </trkpt>
      <trkpt lat="46.8963536" lon="10.1234436">
        <ele>2278.1</ele>
        <time>2026-09-21T07:30:21Z</time>
        <hdop>13.8</hdop>
        <extensions>
          <osmand:speed>0.7</osmand:speed>
        </extensions>
      </trkpt>
      <trkpt lat="46.8963381" lon="10.1234917">
        <ele>2279.1</ele>
        <time>2026-09-21T07:30:27Z</time>
        <hdop>13.3</hdop>
        <extensions>
          <osmand:speed>0.9</osmand:speed>
        </extensions>
      </trkpt>
      <trkpt lat="46.8963013" lon="10.1234986">
        <ele>2281.1</ele>
        <time>2026-09-21T07:30:33Z</time>
        <hdop>13.8</hdop>
        <extensions>
          <osmand:speed>1</osmand:speed>
        </extensions>
      </trkpt>
      <trkpt lat="46.8962524" lon="10.1234929">
        <ele>2282.1</ele>
        <time>2026-09-21T07:30:39Z</time>
        <hdop>10.7</hdop>
        <extensions>
          <osmand:speed>1</osmand:speed>
        </extensions>
      </trkpt>
      <trkpt lat="46.8962038" lon="10.123553">
        <ele>2283.1</ele>
        <time>2026-09-21T07:30:45Z</time>
        <hdop>9.7</hdop>
        <extensions>
          <osmand:speed>0.8</osmand:speed>
        </extensions>
      </trkpt>
      <trkpt lat="46.8961709" lon="10.1236175">
        <ele>2283.1</ele>
        <time>2026-09-21T07:30:51Z</time>
        <hdop>11.7</hdop>
        <extensions>
          <osmand:speed>1</osmand:speed>
        </extensions>
      </trkpt>
      <trkpt lat="46.8961074" lon="10.1236774">
        <ele>2283.1</ele>
        <time>2026-09-21T07:30:57Z</time>
        <hdop>11.7</hdop>
        <extensions>
          <osmand:speed>1.4</osmand:speed>
        </extensions>
      </trkpt>
      <trkpt lat="46.896054" lon="10.123745">
        <ele>2283.1</ele>
        <time>2026-09-21T07:31:03Z</time>
        <hdop>11.2</hdop>
        <extensions>
          <osmand:speed>1.3</osmand:speed>
        </extensions>
      </trkpt>
      <trkpt lat="46.8960087" lon="10.1237709">
        <ele>2283.1</ele>
        <time>2026-09-21T07:31:09Z</time>
        <hdop>11.7</hdop>
        <extensions>
          <osmand:speed>0.7</osmand:speed>
        </extensions>
      </trkpt>
      <trkpt lat="46.895946" lon="10.1237759">
        <ele>2283.1</ele>
        <time>2026-09-21T07:31:15Z</time>
        <hdop>11.7</hdop>
        <extensions>
          <osmand:speed>1</osmand:speed>
        </extensions>
      </trkpt>
      <trkpt lat="46.8959011" lon="10.1238437">
        <ele>2282.1</ele>
        <time>2026-09-21T07:31:21Z</time>
        <hdop>12.8</hdop>
        <extensions>
          <osmand:speed>0.4</osmand:speed>
        </extensions>
      </trkpt>
      <trkpt lat="46.8958517" lon="10.1238802">
        <ele>2282.1</ele>
        <time>2026-09-21T07:31:27Z</time>
        <hdop>11.7</hdop>
        <extensions>
          <osmand:speed>0.7</osmand:speed>
        </extensions>
      </trkpt>
      <trkpt lat="46.8957966" lon="10.123896">
        <ele>2284.1</ele>
        <time>2026-09-21T07:31:33Z</time>
        <hdop>13.8</hdop>
        <extensions>
          <osmand:speed>1.1</osmand:speed>
        </extensions>
      </trkpt>
      <trkpt lat="46.8957571" lon="10.1239234">
        <ele>2286.1</ele>
        <time>2026-09-21T07:31:39Z</time>
        <hdop>11.2</hdop>
        <extensions>
          <osmand:speed>0.3</osmand:speed>
        </extensions>
      </trkpt>
      <trkpt lat="46.8957146" lon="10.1239783">
        <ele>2288.1</ele>
        <time>2026-09-21T07:31:45Z</time>
        <hdop>10.7</hdop>
        <extensions>
          <osmand:speed>1.4</osmand:speed>
        </extensions>
      </trkpt>
      <trkpt lat="46.8956662" lon="10.1240331">
        <ele>2288.1</ele>
        <time>2026-09-21T07:31:51Z</time>
        <hdop>11.7</hdop>
        <extensions>
          <osmand:speed>1.1</osmand:speed>
        </extensions>
      </trkpt>
      <trkpt lat="46.8956265" lon="10.1240807">
        <ele>2289.1</ele>
        <time>2026-09-21T07:31:57Z</time>
        <hdop>11.2</hdop>
        <extensions>
          <osmand:speed>0.8</osmand:speed>
        </extensions>
      </trkpt>
      <trkpt lat="46.8955819" lon="10.1241208">
        <ele>2290.1</ele>
        <time>2026-09-21T07:32:03Z</time>
        <hdop>10.7</hdop>
        <extensions>
          <osmand:speed>1.2</osmand:speed>
        </extensions>
      </trkpt>
      <trkpt lat="46.8955218" lon="10.1241656">
        <ele>2290.1</ele>
        <time>2026-09-21T07:32:09Z</time>
        <hdop>11.7</hdop>
        <extensions>
          <osmand:speed>1</osmand:speed>
        </extensions>
      </trkpt>
      <trkpt lat="46.895478" lon="10.1242112">
        <ele>2291.1</ele>
        <time>2026-09-21T07:32:15Z</time>
        <hdop>10.7</hdop>
        <extensions>
          <osmand:speed>0.9</osmand:speed>
        </extensions>
      </trkpt>
      <trkpt lat="46.8954077" lon="10.1242447">
        <ele>2292.1</ele>
        <time>2026-09-21T07:32:21Z</time>
        <hdop>12.8</hdop>
        <extensions>
          <osmand:speed>0.5</osmand:speed>
        </extensions>
      </trkpt>
      <trkpt lat="46.8953817" lon="10.1242462">
        <ele>2292.1</ele>
        <time>2026-09-21T07:32:27Z</time>
        <hdop>10.2</hdop>
        <extensions>
          <osmand:speed>1</osmand:speed>
        </extensions>
      </trkpt>
      <trkpt lat="46.895331" lon="10.1242665">
        <ele>2291.1</ele>
        <time>2026-09-21T07:32:33Z</time>
        <hdop>11.7</hdop>
        <extensions>
          <osmand:speed>1.1</osmand:speed>
        </extensions>
      </trkpt>
      <trkpt lat="46.8952699" lon="10.1243128">
        <ele>2292.1</ele>
        <time>2026-09-21T07:32:39Z</time>
        <hdop>11.7</hdop>
        <extensions>
          <osmand:speed>0.9</osmand:speed>
        </extensions>
      </trkpt>
      <trkpt lat="46.8952258" lon="10.1243212">
        <ele>2292.1</ele>
        <time>2026-09-21T07:32:45Z</time>
        <hdop>9.7</hdop>
        <extensions>
          <osmand:speed>0.4</osmand:speed>
        </extensions>
      </trkpt>
      <trkpt lat="46.8951789" lon="10.1243459">
        <ele>2293.1</ele>
        <time>2026-09-21T07:32:51Z</time>
        <hdop>10.7</hdop>
        <extensions>
          <osmand:speed>1.3</osmand:speed>
        </extensions>
      </trkpt>
      <trkpt lat="46.8951313" lon="10.12439">
        <ele>2295.1</ele>
        <time>2026-09-21T07:32:57Z</time>
        <hdop>9.2</hdop>
        <extensions>
          <osmand:speed>0.4</osmand:speed>
        </extensions>
      </trkpt>
      <trkpt lat="46.8950935" lon="10.1244283">
        <ele>2295.1</ele>
        <time>2026-09-21T07:33:03Z</time>
        <hdop>9.7</hdop>
        <extensions>
          <osmand:speed>0.8</osmand:speed>
        </extensions>
      </trkpt>
      <trkpt lat="46.8950207" lon="10.1244786">
        <ele>2296.1</ele>
        <time>2026-09-21T07:33:09Z</time>
        <hdop>10.7</hdop>
        <extensions>
          <osmand:speed>1.1</osmand:speed>
        </extensions>
      </trkpt>
      <trkpt lat="46.8949627" lon="10.1245101">
        <ele>2298.1</ele>
        <time>2026-09-21T07:33:15Z</time>
        <hdop>11.2</hdop>
        <extensions>
          <osmand:speed>1.6</osmand:speed>
        </extensions>
      </trkpt>
      <trkpt lat="46.894916" lon="10.1244813">
        <ele>2299.1</ele>
        <time>2026-09-21T07:33:21Z</time>
        <hdop>11.7</hdop>
        <extensions>
          <osmand:speed>0.8</osmand:speed>
        </extensions>
      </trkpt>
      <trkpt lat="46.8949333" lon="10.1244895">
        <ele>2299.1</ele>
        <time>2026-09-21T07:33:27Z</time>
        <hdop>8.7</hdop>
        <extensions>
          <osmand:speed>0.7</osmand:speed>
        </extensions>
      </trkpt>
      <trkpt lat="46.8949038" lon="10.1245003">
        <ele>2299.1</ele>
        <time>2026-09-21T07:33:33Z</time>
        <hdop>10.7</hdop>
        <extensions>
          <osmand:speed>0.4</osmand:speed>
        </extensions>
      </trkpt>
      <trkpt lat="46.8948427" lon="10.1245448">
        <ele>2299.1</ele>
        <time>2026-09-21T07:33:39Z</time>
        <hdop>11.7</hdop>
        <extensions>
          <osmand:speed>1.4</osmand:speed>
        </extensions>
      </trkpt>
      <trkpt lat="46.8947969" lon="10.1245695">
        <ele>2301.1</ele>
        <time>2026-09-21T07:33:45Z</time>
        <hdop>9.2</hdop>
        <extensions>
          <osmand:speed>0.7</osmand:speed>
        </extensions>
      </trkpt>
      <trkpt lat="46.8947531" lon="10.1245611">
        <ele>2303.1</ele>
        <time>2026-09-21T07:33:51Z</time>
        <hdop>11.2</hdop>
        <extensions>
          <osmand:speed>0.9</osmand:speed>
        </extensions>
      </trkpt>
      <trkpt lat="46.8947111" lon="10.1246088">
        <ele>2304.1</ele>
        <time>2026-09-21T07:33:57Z</time>
        <hdop>9.7</hdop>
        <extensions>
          <osmand:speed>0.7</osmand:speed>
        </extensions>
      </trkpt>
      <trkpt lat="46.8946578" lon="10.1246479">
        <ele>2303.1</ele>
        <time>2026-09-21T07:34:03Z</time>
        <hdop>10.7</hdop>
        <extensions>
          <osmand:speed>1</osmand:speed>
        </extensions>
      </trkpt>
      <trkpt lat="46.894606" lon="10.1247043">
        <ele>2305.1</ele>
        <time>2026-09-21T07:34:09Z</time>
        <hdop>10.2</hdop>
        <extensions>
          <osmand:speed>1.2</osmand:speed>
        </extensions>
      </trkpt>
      <trkpt lat="46.8945801" lon="10.1247508">
        <ele>2306.1</ele>
        <time>2026-09-21T07:34:15Z</time>
        <hdop>10.7</hdop>
        <extensions>
          <osmand:speed>0.9</osmand:speed>
        </extensions>
      </trkpt>
      <trkpt lat="46.8945243" lon="10.124798">
        <ele>2305.1</ele>
        <time>2026-09-21T07:34:21Z</time>
        <hdop>8.7</hdop>
        <extensions>
          <osmand:speed>0.7</osmand:speed>
        </extensions>
      </trkpt>
      <trkpt lat="46.8944853" lon="10.1248541">
        <ele>2304.1</ele>
        <time>2026-09-21T07:34:27Z</time>
        <hdop>8.2</hdop>
        <extensions>
          <osmand:speed>1.2</osmand:speed>
        </extensions>
      </trkpt>
      <trkpt lat="46.8944283" lon="10.1249282">
        <ele>2304.1</ele>
        <time>2026-09-21T07:34:33Z</time>
        <hdop>11.2</hdop>
        <extensions>
          <osmand:speed>1.4</osmand:speed>
        </extensions>
      </trkpt>
      <trkpt lat="46.8943721" lon="10.1249321">
        <ele>2304.1</ele>
        <time>2026-09-21T07:34:39Z</time>
        <hdop>10.7</hdop>
        <extensions>
          <osmand:speed>1.1</osmand:speed>
        </extensions>
      </trkpt>
      <trkpt lat="46.8943203" lon="10.124924">
        <ele>2305.1</ele>
        <time>2026-09-21T07:34:45Z</time>
        <hdop>10.7</hdop>
        <extensions>
          <osmand:speed>1.2</osmand:speed>
        </extensions>
      </trkpt>
      <trkpt lat="46.8942688" lon="10.1249479">
        <ele>2305.1</ele>
        <time>2026-09-21T07:34:51Z</time>
        <hdop>11.2</hdop>
        <extensions>
          <osmand:speed>1.3</osmand:speed>
        </extensions>
      </trkpt>
      <trkpt lat="46.8942009" lon="10.1249931">
        <ele>2304.1</ele>
        <time>2026-09-21T07:34:57Z</time>
        <hdop>8.7</hdop>
        <extensions>
          <osmand:speed>0.9</osmand:speed>
        </extensions>
      </trkpt>
      <trkpt lat="46.894153" lon="10.1250671">
        <ele>2305.1</ele>
        <time>2026-09-21T07:35:03Z</time>
        <hdop>10.7</hdop>
        <extensions>
          <osmand:speed>1.3</osmand:speed>
        </extensions>
      </trkpt>
      <trkpt lat="46.8941005" lon="10.1251215">
        <ele>2305.1</ele>
        <time>2026-09-21T07:35:09Z</time>
        <hdop>11.7</hdop>
        <extensions>
          <osmand:speed>1.2</osmand:speed>
        </extensions>
      </trkpt>
      <trkpt lat="46.8940445" lon="10.1251571">
        <ele>2305.1</ele>
        <time>2026-09-21T07:35:15Z</time>
        <hdop>11.2</hdop>
        <extensions>
          <osmand:speed>1.2</osmand:speed>
        </extensions>
      </trkpt>
      <trkpt lat="46.8940098" lon="10.1252027">
        <ele>2305.1</ele>
        <time>2026-09-21T07:35:21Z</time>
        <hdop>9.7</hdop>
        <extensions>
          <osmand:speed>1.5</osmand:speed>
        </extensions>
      </trkpt>
      <trkpt lat="46.8939563" lon="10.1252447">
        <ele>2306.1</ele>
        <time>2026-09-21T07:35:27Z</time>
        <hdop>11.7</hdop>
        <extensions>
          <osmand:speed>1.8</osmand:speed>
        </extensions>
      </trkpt>
      <trkpt lat="46.8939242" lon="10.1252668">
        <ele>2307.1</ele>
        <time>2026-09-21T07:35:33Z</time>
        <hdop>12.2</hdop>
        <extensions>
          <osmand:speed>0.5</osmand:speed>
        </extensions>
      </trkpt>
      <trkpt lat="46.893919" lon="10.1252411">
        <ele>2310.1</ele>
        <time>2026-09-21T07:35:54Z</time>
        <hdop>8.7</hdop>
        <extensions>
          <osmand:speed>1.3</osmand:speed>
        </extensions>
      </trkpt>
      <trkpt lat="46.8938895" lon="10.125228">
        <ele>2310.1</ele>
        <time>2026-09-21T07:36:00Z</time>
        <hdop>8.7</hdop>
        <extensions>
          <osmand:speed>0.8</osmand:speed>
        </extensions>
      </trkpt>
      <trkpt lat="46.8938587" lon="10.1251967">
        <ele>2311.1</ele>
        <time>2026-09-21T07:36:06Z</time>
        <hdop>9.7</hdop>
        <extensions>
          <osmand:speed>0.9</osmand:speed>
        </extensions>
      </trkpt>
      <trkpt lat="46.8938062" lon="10.1252152">
        <ele>2312.1</ele>
        <time>2026-09-21T07:36:12Z</time>
        <hdop>8.7</hdop>
        <extensions>
          <osmand:speed>1</osmand:speed>
        </extensions>
      </trkpt>
      <trkpt lat="46.8937687" lon="10.1252344">
        <ele>2313.1</ele>
        <time>2026-09-21T07:36:18Z</time>
        <hdop>11.2</hdop>
        <extensions>
          <osmand:speed>0.5</osmand:speed>
        </extensions>
      </trkpt>
      <trkpt lat="46.8936976" lon="10.1252606">
        <ele>2314.1</ele>
        <time>2026-09-21T07:36:24Z</time>
        <hdop>9.7</hdop>
        <extensions>
          <osmand:speed>1.6</osmand:speed>
        </extensions>
      </trkpt>
      <trkpt lat="46.8936422" lon="10.1253181">
        <ele>2314.1</ele>
        <time>2026-09-21T07:36:30Z</time>
        <hdop>11.2</hdop>
        <extensions>
          <osmand:speed>1.7</osmand:speed>
        </extensions>
      </trkpt>
      <trkpt lat="46.8936193" lon="10.1253088">
        <ele>2315.1</ele>
        <time>2026-09-21T07:36:36Z</time>
        <hdop>12.2</hdop>
        <extensions>
          <osmand:speed>0.7</osmand:speed>
        </extensions>
      </trkpt>
      <trkpt lat="46.8935545" lon="10.1253141">
        <ele>2316.1</ele>
        <time>2026-09-21T07:36:42Z</time>
        <hdop>11.7</hdop>
        <extensions>
          <osmand:speed>1.4</osmand:speed>
        </extensions>
      </trkpt>
      <trkpt lat="46.893522" lon="10.1253547">
        <ele>2318.1</ele>
        <time>2026-09-21T07:36:48Z</time>
        <hdop>9.2</hdop>
        <extensions>
          <osmand:speed>0.9</osmand:speed>
        </extensions>
      </trkpt>
      <trkpt lat="46.8934834" lon="10.1253928">
        <ele>2318.1</ele>
        <time>2026-09-21T07:36:54Z</time>
        <hdop>8.7</hdop>
        <extensions>
          <osmand:speed>0.9</osmand:speed>
        </extensions>
      </trkpt>
      <trkpt lat="46.8934581" lon="10.1254524">
        <ele>2317.1</ele>
        <time>2026-09-21T07:37:00Z</time>
        <hdop>10.2</hdop>
        <extensions>
          <osmand:speed>0.7</osmand:speed>
        </extensions>
      </trkpt>
      <trkpt lat="46.8934107" lon="10.1254759">
        <ele>2317.1</ele>
        <time>2026-09-21T07:37:06Z</time>
        <hdop>11.7</hdop>
        <extensions>
          <osmand:speed>1</osmand:speed>
        </extensions>
      </trkpt>
      <trkpt lat="46.8933673" lon="10.125512">
        <ele>2316.1</ele>
        <time>2026-09-21T07:37:12Z</time>
        <hdop>11.7</hdop>
        <extensions>
          <osmand:speed>0.8</osmand:speed>
        </extensions>
      </trkpt>
      <trkpt lat="46.8933141" lon="10.1255782">
        <ele>2317.1</ele>
        <time>2026-09-21T07:37:18Z</time>
        <hdop>9.2</hdop>
        <extensions>
          <osmand:speed>1.5</osmand:speed>
        </extensions>
      </trkpt>
      <trkpt lat="46.8932841" lon="10.1256175">
        <ele>2317.1</ele>
        <time>2026-09-21T07:37:24Z</time>
        <hdop>11.7</hdop>
        <extensions>
          <osmand:speed>0.9</osmand:speed>
        </extensions>
      </trkpt>
      <trkpt lat="46.8932976" lon="10.1255849">
        <ele>2318.1</ele>
        <time>2026-09-21T07:37:32Z</time>
        <hdop>10.2</hdop>
        <extensions>
          <osmand:speed>0.1</osmand:speed>
        </extensions>
      </trkpt>
      <trkpt lat="46.893283" lon="10.1256049">
        <ele>2319.1</ele>
        <time>2026-09-21T07:37:38Z</time>
        <hdop>9.7</hdop>
        <extensions>
          <osmand:speed>0.7</osmand:speed>
        </extensions>
      </trkpt>
      <trkpt lat="46.8932307" lon="10.1256073">
        <ele>2318.1</ele>
        <time>2026-09-21T07:37:44Z</time>
        <hdop>11.7</hdop>
        <extensions>
          <osmand:speed>1.2</osmand:speed>
        </extensions>
      </trkpt>
      <trkpt lat="46.8931989" lon="10.1256706">
        <ele>2319.1</ele>
        <time>2026-09-21T07:37:50Z</time>
        <hdop>12.2</hdop>
        <extensions>
          <osmand:speed>1</osmand:speed>
        </extensions>
      </trkpt>
      <trkpt lat="46.8931566" lon="10.1257044">
        <ele>2321.1</ele>
        <time>2026-09-21T07:37:56Z</time>
        <hdop>9.7</hdop>
        <extensions>
          <osmand:speed>1</osmand:speed>
        </extensions>
      </trkpt>
      <trkpt lat="46.8931177" lon="10.1257645">
        <ele>2322.1</ele>
        <time>2026-09-21T07:38:02Z</time>
        <hdop>9.2</hdop>
        <extensions>
          <osmand:speed>1.2</osmand:speed>
        </extensions>
      </trkpt>
      <trkpt lat="46.8931076" lon="10.1257927">
        <ele>2325.1</ele>
        <time>2026-09-21T07:38:08Z</time>
        <hdop>10.7</hdop>
        <extensions>
          <osmand:speed>0.2</osmand:speed>
        </extensions>
      </trkpt>
      <trkpt lat="46.8930887" lon="10.1258005">
        <ele>2328.1</ele>
        <time>2026-09-21T07:38:17Z</time>
        <hdop>9.7</hdop>
      </trkpt>
      <trkpt lat="46.893066" lon="10.1257945">
        <ele>2328.1</ele>
        <time>2026-09-21T07:38:30Z</time>
        <hdop>8.2</hdop>
        <extensions>
          <osmand:speed>0.7</osmand:speed>
        </extensions>
      </trkpt>
      <trkpt lat="46.8930136" lon="10.1257805">
        <ele>2329.1</ele>
        <time>2026-09-21T07:38:36Z</time>
        <hdop>8.7</hdop>
        <extensions>
          <osmand:speed>0.9</osmand:speed>
        </extensions>
      </trkpt>
      <trkpt lat="46.8929885" lon="10.1257647">
        <ele>2330.1</ele>
        <time>2026-09-21T07:38:42Z</time>
        <hdop>9.2</hdop>
        <extensions>
          <osmand:speed>0.6</osmand:speed>
        </extensions>
      </trkpt>
      <trkpt lat="46.8929466" lon="10.1257627">
        <ele>2330.1</ele>
        <time>2026-09-21T07:38:48Z</time>
        <hdop>9.7</hdop>
        <extensions>
          <osmand:speed>1</osmand:speed>
        </extensions>
      </trkpt>
      <trkpt lat="46.8929089" lon="10.1257399">
        <ele>2330.1</ele>
        <time>2026-09-21T07:38:54Z</time>
        <hdop>9.7</hdop>
        <extensions>
          <osmand:speed>0.7</osmand:speed>
        </extensions>
      </trkpt>
      <trkpt lat="46.8928789" lon="10.1256944">
        <ele>2330.1</ele>
        <time>2026-09-21T07:39:00Z</time>
        <hdop>9.2</hdop>
        <extensions>
          <osmand:speed>0.9</osmand:speed>
        </extensions>
      </trkpt>
      <trkpt lat="46.8928549" lon="10.1257178">
        <ele>2330.1</ele>
        <time>2026-09-21T07:39:10Z</time>
        <hdop>7.7</hdop>
        <extensions>
          <osmand:speed>0.2</osmand:speed>
        </extensions>
      </trkpt>
      <trkpt lat="46.8928233" lon="10.1257103">
        <ele>2331.1</ele>
        <time>2026-09-21T07:39:16Z</time>
        <hdop>9.2</hdop>
        <extensions>
          <osmand:speed>0.9</osmand:speed>
        </extensions>
      </trkpt>
      <trkpt lat="46.8927845" lon="10.1256806">
        <ele>2331.1</ele>
        <time>2026-09-21T07:39:22Z</time>
        <hdop>9.7</hdop>
        <extensions>
          <osmand:speed>0.5</osmand:speed>
        </extensions>
      </trkpt>
      <trkpt lat="46.8927526" lon="10.1256609">
        <ele>2333.1</ele>
        <time>2026-09-21T07:39:28Z</time>
        <hdop>8.2</hdop>
        <extensions>
          <osmand:speed>0.8</osmand:speed>
        </extensions>
      </trkpt>
      <trkpt lat="46.8927075" lon="10.1256574">
        <ele>2335.1</ele>
        <time>2026-09-21T07:39:34Z</time>
        <hdop>10.7</hdop>
        <extensions>
          <osmand:speed>1.3</osmand:speed>
        </extensions>
      </trkpt>
      <trkpt lat="46.892648" lon="10.1256713">
        <ele>2335.1</ele>
        <time>2026-09-21T07:39:40Z</time>
        <hdop>8.7</hdop>
        <extensions>
          <osmand:speed>1</osmand:speed>
        </extensions>
      </trkpt>
      <trkpt lat="46.8926134" lon="10.1256938">
        <ele>2337.1</ele>
        <time>2026-09-21T07:39:46Z</time>
        <hdop>6.1</hdop>
        <extensions>
          <osmand:speed>0.1</osmand:speed>
        </extensions>
      </trkpt>
      <trkpt lat="46.8926179" lon="10.1257259">
        <ele>2339.1</ele>
        <time>2026-09-21T07:40:03Z</time>
        <hdop>8.7</hdop>
        <extensions>
          <osmand:speed>0.8</osmand:speed>
        </extensions>
      </trkpt>
      <trkpt lat="46.8925798" lon="10.1257112">
        <ele>2340.1</ele>
        <time>2026-09-21T07:40:09Z</time>
        <hdop>9.2</hdop>
        <extensions>
          <osmand:speed>0.4</osmand:speed>
        </extensions>
      </trkpt>
      <trkpt lat="46.8925414" lon="10.1256966">
        <ele>2340.1</ele>
        <time>2026-09-21T07:40:15Z</time>
        <hdop>8.2</hdop>
        <extensions>
          <osmand:speed>1</osmand:speed>
        </extensions>
      </trkpt>
      <trkpt lat="46.8925228" lon="10.1257081">
        <ele>2343.1</ele>
        <time>2026-09-21T07:40:21Z</time>
        <hdop>8.7</hdop>
        <extensions>
          <osmand:speed>0.8</osmand:speed>
        </extensions>
      </trkpt>
      <trkpt lat="46.8924821" lon="10.1257234">
        <ele>2343.1</ele>
        <time>2026-09-21T07:40:27Z</time>
        <hdop>9.7</hdop>
        <extensions>
          <osmand:speed>0.5</osmand:speed>
        </extensions>
      </trkpt>
      <trkpt lat="46.8924535" lon="10.1257027">
        <ele>2344.1</ele>
        <time>2026-09-21T07:40:33Z</time>
        <hdop>8.2</hdop>
        <extensions>
          <osmand:speed>0.1</osmand:speed>
        </extensions>
      </trkpt>
      <trkpt lat="46.8924398" lon="10.1256819">
        <ele>2345.1</ele>
        <time>2026-09-21T07:40:45Z</time>
        <hdop>8.2</hdop>
        <extensions>
          <osmand:speed>1.3</osmand:speed>
        </extensions>
      </trkpt>
      <trkpt lat="46.8924016" lon="10.1257133">
        <ele>2345.1</ele>
        <time>2026-09-21T07:40:51Z</time>
        <hdop>9.2</hdop>
        <extensions>
          <osmand:speed>1</osmand:speed>
        </extensions>
      </trkpt>
      <trkpt lat="46.8923647" lon="10.1257523">
        <ele>2346.1</ele>
        <time>2026-09-21T07:40:57Z</time>
        <hdop>10.2</hdop>
        <extensions>
          <osmand:speed>0.8</osmand:speed>
        </extensions>
      </trkpt>
      <trkpt lat="46.8923138" lon="10.1257557">
        <ele>2346.1</ele>
        <time>2026-09-21T07:41:03Z</time>
        <hdop>10.7</hdop>
        <extensions>
          <osmand:speed>1</osmand:speed>
        </extensions>
      </trkpt>
      <trkpt lat="46.8922915" lon="10.1257137">
        <ele>2347.1</ele>
        <time>2026-09-21T07:41:09Z</time>
        <hdop>10.7</hdop>
        <extensions>
          <osmand:speed>0.6</osmand:speed>
        </extensions>
      </trkpt>
      <trkpt lat="46.8922703" lon="10.1256756">
        <ele>2347.1</ele>
        <time>2026-09-21T07:41:15Z</time>
        <hdop>12.2</hdop>
        <extensions>
          <osmand:speed>0.7</osmand:speed>
        </extensions>
      </trkpt>
      <trkpt lat="46.8922452" lon="10.1256658">
        <ele>2348.1</ele>
        <time>2026-09-21T07:41:21Z</time>
        <hdop>10.2</hdop>
        <extensions>
          <osmand:speed>0.4</osmand:speed>
        </extensions>
      </trkpt>
      <trkpt lat="46.8922718" lon="10.1256131">
        <ele>2347.1</ele>
        <time>2026-09-21T07:41:27Z</time>
        <hdop>10.2</hdop>
        <extensions>
          <osmand:speed>0.8</osmand:speed>
        </extensions>
      </trkpt>
      <trkpt lat="46.8922435" lon="10.125581">
        <ele>2349.1</ele>
        <time>2026-09-21T07:41:33Z</time>
        <hdop>11.7</hdop>
        <extensions>
          <osmand:speed>0.6</osmand:speed>
        </extensions>
      </trkpt>
      <trkpt lat="46.8921961" lon="10.1255623">
        <ele>2350.1</ele>
        <time>2026-09-21T07:41:39Z</time>
        <hdop>9.7</hdop>
        <extensions>
          <osmand:speed>1.3</osmand:speed>
        </extensions>
      </trkpt>
      <trkpt lat="46.8921655" lon="10.1255564">
        <ele>2350.1</ele>
        <time>2026-09-21T07:41:45Z</time>
        <hdop>9.2</hdop>
        <extensions>
          <osmand:speed>1.2</osmand:speed>
        </extensions>
      </trkpt>
      <trkpt lat="46.8921046" lon="10.1256164">
        <ele>2351.1</ele>
        <time>2026-09-21T07:41:51Z</time>
        <hdop>11.2</hdop>
        <extensions>
          <osmand:speed>1.3</osmand:speed>
        </extensions>
      </trkpt>
      <trkpt lat="46.892085" lon="10.1255868">
        <ele>2353.1</ele>
        <time>2026-09-21T07:41:57Z</time>
        <hdop>10.2</hdop>
        <extensions>
          <osmand:speed>0.8</osmand:speed>
        </extensions>
      </trkpt>
      <trkpt lat="46.892036" lon="10.1256342">
        <ele>2354.1</ele>
        <time>2026-09-21T07:42:03Z</time>
        <hdop>9.7</hdop>
        <extensions>
          <osmand:speed>0.9</osmand:speed>
        </extensions>
      </trkpt>
      <trkpt lat="46.8920367" lon="10.1256013">
        <ele>2354.1</ele>
        <time>2026-09-21T07:42:29Z</time>
        <hdop>7.7</hdop>
        <extensions>
          <osmand:speed>1.6</osmand:speed>
        </extensions>
      </trkpt>
      <trkpt lat="46.8920148" lon="10.1255843">
        <ele>2355.1</ele>
        <time>2026-09-21T07:42:35Z</time>
        <hdop>11.2</hdop>
        <extensions>
          <osmand:speed>0.7</osmand:speed>
        </extensions>
      </trkpt>
      <trkpt lat="46.8919793" lon="10.1255834">
        <ele>2358.1</ele>
        <time>2026-09-21T07:42:41Z</time>
        <hdop>12.2</hdop>
        <extensions>
          <osmand:speed>0.7</osmand:speed>
        </extensions>
      </trkpt>
      <trkpt lat="46.891941" lon="10.1255772">
        <ele>2359.1</ele>
        <time>2026-09-21T07:42:47Z</time>
        <hdop>10.7</hdop>
        <extensions>
          <osmand:speed>0.4</osmand:speed>
        </extensions>
      </trkpt>
      <trkpt lat="46.8919131" lon="10.1255867">
        <ele>2360.1</ele>
        <time>2026-09-21T07:43:12Z</time>
        <hdop>10.2</hdop>
        <extensions>
          <osmand:speed>0.5</osmand:speed>
        </extensions>
      </trkpt>
      <trkpt lat="46.8919002" lon="10.1255625">
        <ele>2360.1</ele>
        <time>2026-09-21T07:43:18Z</time>
        <hdop>11.2</hdop>
        <extensions>
          <osmand:speed>0.8</osmand:speed>
        </extensions>
      </trkpt>
      <trkpt lat="46.8918859" lon="10.1255109">
        <ele>2361.1</ele>
        <time>2026-09-21T07:43:24Z</time>
        <hdop>9.7</hdop>
        <extensions>
          <osmand:speed>1.6</osmand:speed>
        </extensions>
      </trkpt>
      <trkpt lat="46.8919053" lon="10.1254941">
        <ele>2361.1</ele>
        <time>2026-09-21T07:43:30Z</time>
        <hdop>7.7</hdop>
        <extensions>
          <osmand:speed>0.1</osmand:speed>
        </extensions>
      </trkpt>
      <trkpt lat="46.8918843" lon="10.1254798">
        <ele>2362.1</ele>
        <time>2026-09-21T07:43:36Z</time>
        <hdop>12.2</hdop>
        <extensions>
          <osmand:speed>0.5</osmand:speed>
        </extensions>
      </trkpt>
      <trkpt lat="46.8918555" lon="10.1254482">
        <ele>2362.1</ele>
        <time>2026-09-21T07:43:42Z</time>
        <hdop>10.2</hdop>
        <extensions>
          <osmand:speed>1.2</osmand:speed>
        </extensions>
      </trkpt>
      <trkpt lat="46.8918286" lon="10.1254509">
        <ele>2364.1</ele>
        <time>2026-09-21T07:43:48Z</time>
        <hdop>10.7</hdop>
        <extensions>
          <osmand:speed>0.1</osmand:speed>
        </extensions>
      </trkpt>
      <trkpt lat="46.891817" lon="10.1254229">
        <ele>2364.1</ele>
        <time>2026-09-21T07:43:57Z</time>
        <hdop>10.2</hdop>
        <extensions>
          <osmand:speed>3.2</osmand:speed>
        </extensions>
      </trkpt>
      <trkpt lat="46.8917794" lon="10.1254436">
        <ele>2365.1</ele>
        <time>2026-09-21T07:44:03Z</time>
        <hdop>14.8</hdop>
        <extensions>
          <osmand:speed>0.7</osmand:speed>
        </extensions>
      </trkpt>
      <trkpt lat="46.8917411" lon="10.1254529">
        <ele>2366.1</ele>
        <time>2026-09-21T07:44:09Z</time>
        <hdop>11.2</hdop>
        <extensions>
          <osmand:speed>0.8</osmand:speed>
        </extensions>
      </trkpt>
      <trkpt lat="46.8917121" lon="10.1254733">
        <ele>2366.1</ele>
        <time>2026-09-21T07:44:15Z</time>
        <hdop>10.2</hdop>
        <extensions>
          <osmand:speed>0.9</osmand:speed>
        </extensions>
      </trkpt>
      <trkpt lat="46.891702" lon="10.1254467">
        <ele>2365.1</ele>
        <time>2026-09-21T07:44:21Z</time>
        <hdop>10.2</hdop>
        <extensions>
          <osmand:speed>0.4</osmand:speed>
        </extensions>
      </trkpt>
      <trkpt lat="46.8916765" lon="10.1254165">
        <ele>2367.1</ele>
        <time>2026-09-21T07:44:27Z</time>
        <hdop>9.2</hdop>
        <extensions>
          <osmand:speed>0.3</osmand:speed>
        </extensions>
      </trkpt>
      <trkpt lat="46.8916766" lon="10.1253865">
        <ele>2369.1</ele>
        <time>2026-09-21T07:44:34Z</time>
        <hdop>10.2</hdop>
        <extensions>
          <osmand:speed>0.4</osmand:speed>
        </extensions>
      </trkpt>
      <trkpt lat="46.8916918" lon="10.1253504">
        <ele>2370.1</ele>
        <time>2026-09-21T07:44:42Z</time>
        <hdop>10.2</hdop>
        <extensions>
          <osmand:speed>0.7</osmand:speed>
        </extensions>
      </trkpt>
      <trkpt lat="46.8916929" lon="10.1253043">
        <ele>2371.1</ele>
        <time>2026-09-21T07:44:48Z</time>
        <hdop>10.2</hdop>
        <extensions>
          <osmand:speed>0.5</osmand:speed>
        </extensions>
      </trkpt>
      <trkpt lat="46.8916533" lon="10.1252669">
        <ele>2372.1</ele>
        <time>2026-09-21T07:44:54Z</time>
        <hdop>10.7</hdop>
        <extensions>
          <osmand:speed>1.8</osmand:speed>
        </extensions>
      </trkpt>
      <trkpt lat="46.8916274" lon="10.125348">
        <ele>2373.1</ele>
        <time>2026-09-21T07:45:00Z</time>
        <hdop>12.8</hdop>
        <extensions>
          <osmand:speed>0.3</osmand:speed>
        </extensions>
      </trkpt>
      <trkpt lat="46.8916056" lon="10.125318">
        <ele>2374.1</ele>
        <time>2026-09-21T07:45:06Z</time>
        <hdop>13.8</hdop>
        <extensions>
          <osmand:speed>1.3</osmand:speed>
        </extensions>
      </trkpt>
      <trkpt lat="46.8915755" lon="10.1252878">
        <ele>2376.1</ele>
        <time>2026-09-21T07:45:12Z</time>
        <hdop>10.2</hdop>
        <extensions>
          <osmand:speed>0.1</osmand:speed>
        </extensions>
      </trkpt>
      <trkpt lat="46.891597" lon="10.1252408">
        <ele>2377.1</ele>
        <time>2026-09-21T07:45:18Z</time>
        <hdop>10.7</hdop>
        <extensions>
          <osmand:speed>1.3</osmand:speed>
        </extensions>
      </trkpt>
      <trkpt lat="46.8916193" lon="10.1252145">
        <ele>2377.1</ele>
        <time>2026-09-21T07:45:24Z</time>
        <hdop>11.2</hdop>
        <extensions>
          <osmand:speed>0.6</osmand:speed>
        </extensions>
      </trkpt>
      <trkpt lat="46.8916049" lon="10.1251877">
        <ele>2378.1</ele>
        <time>2026-09-21T07:45:30Z</time>
        <hdop>10.2</hdop>
        <extensions>
          <osmand:speed>0.5</osmand:speed>
        </extensions>
      </trkpt>
      <trkpt lat="46.8915593" lon="10.1251797">
        <ele>2379.1</ele>
        <time>2026-09-21T07:45:36Z</time>
        <hdop>8.2</hdop>
        <extensions>
          <osmand:speed>0.5</osmand:speed>
        </extensions>
      </trkpt>
      <trkpt lat="46.8915292" lon="10.1251866">
        <ele>2379.1</ele>
        <time>2026-09-21T07:45:42Z</time>
        <hdop>11.2</hdop>
        <extensions>
          <osmand:speed>0.6</osmand:speed>
        </extensions>
      </trkpt>
      <trkpt lat="46.8915127" lon="10.1251754">
        <ele>2381.1</ele>
        <time>2026-09-21T07:45:48Z</time>
        <hdop>9.7</hdop>
        <extensions>
          <osmand:speed>0.8</osmand:speed>
        </extensions>
      </trkpt>
      <trkpt lat="46.8914855" lon="10.1251613">
        <ele>2382.1</ele>
        <time>2026-09-21T07:45:54Z</time>
        <hdop>9.2</hdop>
        <extensions>
          <osmand:speed>1.1</osmand:speed>
        </extensions>
      </trkpt>
      <trkpt lat="46.891494" lon="10.1251374">
        <ele>2384.1</ele>
        <time>2026-09-21T07:46:00Z</time>
        <hdop>8.7</hdop>
        <extensions>
          <osmand:speed>0.2</osmand:speed>
        </extensions>
      </trkpt>
      <trkpt lat="46.8915129" lon="10.1251333">
        <ele>2385.1</ele>
        <time>2026-09-21T07:46:08Z</time>
        <hdop>11.2</hdop>
        <extensions>
          <osmand:speed>0.2</osmand:speed>
        </extensions>
      </trkpt>
      <trkpt lat="46.8915271" lon="10.125097">
        <ele>2385.1</ele>
        <time>2026-09-21T07:46:15Z</time>
        <hdop>9.2</hdop>
        <extensions>
          <osmand:speed>1.2</osmand:speed>
        </extensions>
      </trkpt>
      <trkpt lat="46.8915427" lon="10.1250514">
        <ele>2386.1</ele>
        <time>2026-09-21T07:46:21Z</time>
        <hdop>10.7</hdop>
        <extensions>
          <osmand:speed>0.4</osmand:speed>
        </extensions>
      </trkpt>
      <trkpt lat="46.89152" lon="10.1250387">
        <ele>2387.1</ele>
        <time>2026-09-21T07:46:29Z</time>
        <hdop>11.7</hdop>
        <extensions>
          <osmand:speed>0.3</osmand:speed>
        </extensions>
      </trkpt>
      <trkpt lat="46.8914895" lon="10.1250345">
        <ele>2390.1</ele>
        <time>2026-09-21T07:46:35Z</time>
        <hdop>9.7</hdop>
        <extensions>
          <osmand:speed>0.2</osmand:speed>
        </extensions>
      </trkpt>
      <trkpt lat="46.891458" lon="10.1250174">
        <ele>2391.1</ele>
        <time>2026-09-21T07:46:41Z</time>
        <hdop>11.2</hdop>
        <extensions>
          <osmand:speed>1</osmand:speed>
        </extensions>
      </trkpt>
      <trkpt lat="46.8914273" lon="10.1249695">
        <ele>2391.1</ele>
        <time>2026-09-21T07:46:47Z</time>
        <hdop>10.2</hdop>
        <extensions>
          <osmand:speed>0.3</osmand:speed>
        </extensions>
      </trkpt>
      <trkpt lat="46.8914485" lon="10.1249621">
        <ele>2391.1</ele>
        <time>2026-09-21T07:46:57Z</time>
        <hdop>9.7</hdop>
        <extensions>
          <osmand:speed>0.6</osmand:speed>
        </extensions>
      </trkpt>
      <trkpt lat="46.8914398" lon="10.1249297">
        <ele>2392.1</ele>
        <time>2026-09-21T07:47:03Z</time>
        <hdop>12.2</hdop>
        <extensions>
          <osmand:speed>0.5</osmand:speed>
        </extensions>
      </trkpt>
      <trkpt lat="46.8914009" lon="10.1249494">
        <ele>2394.1</ele>
        <time>2026-09-21T07:47:09Z</time>
        <hdop>10.7</hdop>
        <extensions>
          <osmand:speed>0.5</osmand:speed>
        </extensions>
      </trkpt>
      <trkpt lat="46.8914057" lon="10.1248848">
        <ele>2393.1</ele>
        <time>2026-09-21T07:47:15Z</time>
        <hdop>11.2</hdop>
        <extensions>
          <osmand:speed>0.6</osmand:speed>
        </extensions>
      </trkpt>
      <trkpt lat="46.8914227" lon="10.1248949">
        <ele>2393.1</ele>
        <time>2026-09-21T07:47:21Z</time>
        <hdop>11.2</hdop>
        <extensions>
          <osmand:speed>0.8</osmand:speed>
        </extensions>
      </trkpt>
      <trkpt lat="46.8914402" lon="10.1248744">
        <ele>2394.1</ele>
        <time>2026-09-21T07:47:28Z</time>
        <hdop>11.2</hdop>
        <extensions>
          <osmand:speed>0.7</osmand:speed>
        </extensions>
      </trkpt>
      <trkpt lat="46.8914084" lon="10.1248302">
        <ele>2395.1</ele>
        <time>2026-09-21T07:47:34Z</time>
        <hdop>9.7</hdop>
        <extensions>
          <osmand:speed>0.7</osmand:speed>
        </extensions>
      </trkpt>
      <trkpt lat="46.8913577" lon="10.1248423">
        <ele>2395.1</ele>
        <time>2026-09-21T07:47:40Z</time>
        <hdop>11.7</hdop>
        <extensions>
          <osmand:speed>0.8</osmand:speed>
        </extensions>
      </trkpt>
      <trkpt lat="46.891338" lon="10.1247924">
        <ele>2394.1</ele>
        <time>2026-09-21T07:47:46Z</time>
        <hdop>13.3</hdop>
        <extensions>
          <osmand:speed>0</osmand:speed>
        </extensions>
      </trkpt>
      <trkpt lat="46.89135" lon="10.1247656">
        <ele>2395.1</ele>
        <time>2026-09-21T07:47:54Z</time>
        <hdop>10.7</hdop>
        <extensions>
          <osmand:speed>1.1</osmand:speed>
        </extensions>
      </trkpt>
      <trkpt lat="46.8913298" lon="10.1247555">
        <ele>2399.1</ele>
        <time>2026-09-21T07:48:07Z</time>
        <hdop>10.2</hdop>
        <extensions>
          <osmand:speed>1.2</osmand:speed>
        </extensions>
      </trkpt>
      <trkpt lat="46.8913092" lon="10.1247324">
        <ele>2400.1</ele>
        <time>2026-09-21T07:48:13Z</time>
        <hdop>7.1</hdop>
        <extensions>
          <osmand:speed>0.4</osmand:speed>
        </extensions>
      </trkpt>
      <trkpt lat="46.8913294" lon="10.1247209">
        <ele>2401.1</ele>
        <time>2026-09-21T07:48:19Z</time>
        <hdop>8.2</hdop>
        <extensions>
          <osmand:speed>0.6</osmand:speed>
        </extensions>
      </trkpt>
      <trkpt lat="46.8913458" lon="10.1246639">
        <ele>2403.1</ele>
        <time>2026-09-21T07:48:25Z</time>
        <hdop>11.2</hdop>
        <extensions>
          <osmand:speed>0.4</osmand:speed>
        </extensions>
      </trkpt>
      <trkpt lat="46.8913559" lon="10.1246034">
        <ele>2403.1</ele>
        <time>2026-09-21T07:48:31Z</time>
        <hdop>10.2</hdop>
        <extensions>
          <osmand:speed>0.3</osmand:speed>
        </extensions>
      </trkpt>
      <trkpt lat="46.8913153" lon="10.1246307">
        <ele>2404.1</ele>
        <time>2026-09-21T07:48:37Z</time>
        <hdop>10.2</hdop>
        <extensions>
          <osmand:speed>0.6</osmand:speed>
        </extensions>
      </trkpt>
      <trkpt lat="46.8912892" lon="10.1246096">
        <ele>2405.1</ele>
        <time>2026-09-21T07:48:43Z</time>
        <hdop>10.7</hdop>
        <extensions>
          <osmand:speed>0.4</osmand:speed>
        </extensions>
      </trkpt>
      <trkpt lat="46.8912972" lon="10.1245854">
        <ele>2405.1</ele>
        <time>2026-09-21T07:48:54Z</time>
        <hdop>12.8</hdop>
        <extensions>
          <osmand:speed>0.5</osmand:speed>
        </extensions>
      </trkpt>
      <trkpt lat="46.8913037" lon="10.1245491">
        <ele>2406.1</ele>
        <time>2026-09-21T07:49:00Z</time>
        <hdop>8.2</hdop>
        <extensions>
          <osmand:speed>1</osmand:speed>
        </extensions>
      </trkpt>
      <trkpt lat="46.8913011" lon="10.1245169">
        <ele>2408.1</ele>
        <time>2026-09-21T07:49:06Z</time>
        <hdop>9.7</hdop>
        <extensions>
          <osmand:speed>0.6</osmand:speed>
        </extensions>
      </trkpt>
      <trkpt lat="46.8912734" lon="10.1245757">
        <ele>2410.1</ele>
        <time>2026-09-21T07:49:12Z</time>
        <hdop>9.7</hdop>
        <extensions>
          <osmand:speed>0.4</osmand:speed>
        </extensions>
      </trkpt>
      <trkpt lat="46.8912504" lon="10.1245719">
        <ele>2412.1</ele>
        <time>2026-09-21T07:49:30Z</time>
        <hdop>10.2</hdop>
        <extensions>
          <osmand:speed>0.7</osmand:speed>
        </extensions>
      </trkpt>
      <trkpt lat="46.8912094" lon="10.1245631">
        <ele>2412.1</ele>
        <time>2026-09-21T07:49:36Z</time>
        <hdop>9.7</hdop>
        <extensions>
          <osmand:speed>0.8</osmand:speed>
        </extensions>
      </trkpt>
      <trkpt lat="46.8911974" lon="10.1245376">
        <ele>2415.1</ele>
        <time>2026-09-21T07:49:46Z</time>
        <hdop>7.7</hdop>
        <extensions>
          <osmand:speed>0.6</osmand:speed>
        </extensions>
      </trkpt>
      <trkpt lat="46.891205" lon="10.1244929">
        <ele>2415.1</ele>
        <time>2026-09-21T07:49:52Z</time>
        <hdop>11.7</hdop>
        <extensions>
          <osmand:speed>0.5</osmand:speed>
        </extensions>
      </trkpt>
      <trkpt lat="46.8911828" lon="10.1244461">
        <ele>2415.1</ele>
        <time>2026-09-21T07:50:00Z</time>
        <hdop>12.8</hdop>
        <extensions>
          <osmand:speed>0.5</osmand:speed>
        </extensions>
      </trkpt>
      <trkpt lat="46.8911491" lon="10.1244952">
        <ele>2415.1</ele>
        <time>2026-09-21T07:50:06Z</time>
        <hdop>12.2</hdop>
        <extensions>
          <osmand:speed>0.6</osmand:speed>
        </extensions>
      </trkpt>
      <trkpt lat="46.8911185" lon="10.1244892">
        <ele>2416.1</ele>
        <time>2026-09-21T07:50:12Z</time>
        <hdop>11.2</hdop>
        <extensions>
          <osmand:speed>0.7</osmand:speed>
        </extensions>
      </trkpt>
      <trkpt lat="46.8911058" lon="10.1244677">
        <ele>2419.1</ele>
        <time>2026-09-21T07:50:22Z</time>
        <hdop>11.2</hdop>
        <extensions>
          <osmand:speed>0.5</osmand:speed>
        </extensions>
      </trkpt>
      <trkpt lat="46.8911205" lon="10.1244381">
        <ele>2420.1</ele>
        <time>2026-09-21T07:50:28Z</time>
        <hdop>10.7</hdop>
        <extensions>
          <osmand:speed>0.1</osmand:speed>
        </extensions>
      </trkpt>
      <trkpt lat="46.8911188" lon="10.1243963">
        <ele>2420.1</ele>
        <time>2026-09-21T07:50:34Z</time>
        <hdop>9.7</hdop>
        <extensions>
          <osmand:speed>0.4</osmand:speed>
        </extensions>
      </trkpt>
      <trkpt lat="46.8910966" lon="10.124367">
        <ele>2422.1</ele>
        <time>2026-09-21T07:50:40Z</time>
        <hdop>11.2</hdop>
        <extensions>
          <osmand:speed>0.6</osmand:speed>
        </extensions>
      </trkpt>
      <trkpt lat="46.8911024" lon="10.1243967">
        <ele>2423.1</ele>
        <time>2026-09-21T07:50:47Z</time>
        <hdop>9.2</hdop>
        <extensions>
          <osmand:speed>0</osmand:speed>
        </extensions>
      </trkpt>
      <trkpt lat="46.8911238" lon="10.1243673">
        <ele>2423.1</ele>
        <time>2026-09-21T07:50:53Z</time>
        <hdop>9.2</hdop>
        <extensions>
          <osmand:speed>1.1</osmand:speed>
        </extensions>
      </trkpt>
      <trkpt lat="46.8911209" lon="10.1243192">
        <ele>2423.1</ele>
        <time>2026-09-21T07:50:59Z</time>
        <hdop>9.7</hdop>
        <extensions>
          <osmand:speed>0.2</osmand:speed>
        </extensions>
      </trkpt>
      <trkpt lat="46.8911072" lon="10.1242983">
        <ele>2424.1</ele>
        <time>2026-09-21T07:51:05Z</time>
        <hdop>11.2</hdop>
        <extensions>
          <osmand:speed>0.6</osmand:speed>
        </extensions>
      </trkpt>
      <trkpt lat="46.8910846" lon="10.124272">
        <ele>2424.1</ele>
        <time>2026-09-21T07:51:11Z</time>
        <hdop>10.2</hdop>
        <extensions>
          <osmand:speed>0.4</osmand:speed>
        </extensions>
      </trkpt>
      <trkpt lat="46.8910422" lon="10.1242702">
        <ele>2425.1</ele>
        <time>2026-09-21T07:51:17Z</time>
        <hdop>11.2</hdop>
        <extensions>
          <osmand:speed>0.2</osmand:speed>
        </extensions>
      </trkpt>
      <trkpt lat="46.8910021" lon="10.124282">
        <ele>2427.1</ele>
        <time>2026-09-21T07:51:23Z</time>
        <hdop>9.7</hdop>
        <extensions>
          <osmand:speed>0.8</osmand:speed>
        </extensions>
      </trkpt>
      <trkpt lat="46.8909838" lon="10.1242678">
        <ele>2428.1</ele>
        <time>2026-09-21T07:51:29Z</time>
        <hdop>12.2</hdop>
        <extensions>
          <osmand:speed>0.5</osmand:speed>
        </extensions>
      </trkpt>
      <trkpt lat="46.8909978" lon="10.1242331">
        <ele>2428.1</ele>
        <time>2026-09-21T07:51:35Z</time>
        <hdop>12.2</hdop>
        <extensions>
          <osmand:speed>0.8</osmand:speed>
        </extensions>
      </trkpt>
      <trkpt lat="46.8910207" lon="10.1241828">
        <ele>2429.1</ele>
        <time>2026-09-21T07:51:41Z</time>
        <hdop>11.7</hdop>
        <extensions>
          <osmand:speed>0.8</osmand:speed>
        </extensions>
      </trkpt>
      <trkpt lat="46.8910087" lon="10.1241575">
        <ele>2430.1</ele>
        <time>2026-09-21T07:52:05Z</time>
        <hdop>7.7</hdop>
        <extensions>
          <osmand:speed>0.4</osmand:speed>
        </extensions>
      </trkpt>
      <trkpt lat="46.8909918" lon="10.1241082">
        <ele>2430.1</ele>
        <time>2026-09-21T07:52:11Z</time>
        <hdop>11.2</hdop>
        <extensions>
          <osmand:speed>0.5</osmand:speed>
        </extensions>
      </trkpt>
      <trkpt lat="46.8909589" lon="10.1241072">
        <ele>2432.1</ele>
        <time>2026-09-21T07:52:17Z</time>
        <hdop>9.7</hdop>
        <extensions>
          <osmand:speed>0.6</osmand:speed>
        </extensions>
      </trkpt>
      <trkpt lat="46.8909111" lon="10.1241351">
        <ele>2433.1</ele>
        <time>2026-09-21T07:52:23Z</time>
        <hdop>10.7</hdop>
        <extensions>
          <osmand:speed>0.6</osmand:speed>
        </extensions>
      </trkpt>
      <trkpt lat="46.8908886" lon="10.1240957">
        <ele>2433.1</ele>
        <time>2026-09-21T07:52:29Z</time>
        <hdop>10.7</hdop>
        <extensions>
          <osmand:speed>0.4</osmand:speed>
        </extensions>
      </trkpt>
      <trkpt lat="46.8908678" lon="10.1241741">
        <ele>2434.1</ele>
        <time>2026-09-21T07:52:35Z</time>
        <hdop>10.7</hdop>
        <extensions>
          <osmand:speed>0.7</osmand:speed>
        </extensions>
      </trkpt>
      <trkpt lat="46.8908433" lon="10.1241755">
        <ele>2437.1</ele>
        <time>2026-09-21T07:52:41Z</time>
        <hdop>10.2</hdop>
        <extensions>
          <osmand:speed>0.8</osmand:speed>
        </extensions>
      </trkpt>
      <trkpt lat="46.8908246" lon="10.1241197">
        <ele>2438.1</ele>
        <time>2026-09-21T07:52:47Z</time>
        <hdop>9.7</hdop>
        <extensions>
          <osmand:speed>0.8</osmand:speed>
        </extensions>
      </trkpt>
      <trkpt lat="46.8908239" lon="10.1240648">
        <ele>2439.1</ele>
        <time>2026-09-21T07:52:53Z</time>
        <hdop>9.2</hdop>
        <extensions>
          <osmand:speed>0.6</osmand:speed>
        </extensions>
      </trkpt>
      <trkpt lat="46.8908013" lon="10.124017">
        <ele>2440.1</ele>
        <time>2026-09-21T07:52:59Z</time>
        <hdop>10.2</hdop>
        <extensions>
          <osmand:speed>0.6</osmand:speed>
        </extensions>
      </trkpt>
      <trkpt lat="46.8908122" lon="10.1239832">
        <ele>2440.1</ele>
        <time>2026-09-21T07:53:05Z</time>
        <hdop>7.1</hdop>
        <extensions>
          <osmand:speed>0.6</osmand:speed>
        </extensions>
      </trkpt>
      <trkpt lat="46.8907949" lon="10.1239619">
        <ele>2441.1</ele>
        <time>2026-09-21T07:53:12Z</time>
        <hdop>7.7</hdop>
        <extensions>
          <osmand:speed>0.8</osmand:speed>
        </extensions>
      </trkpt>
      <trkpt lat="46.8907924" lon="10.1239303">
        <ele>2441.1</ele>
        <time>2026-09-21T07:53:18Z</time>
        <hdop>9.2</hdop>
        <extensions>
          <osmand:speed>0.6</osmand:speed>
        </extensions>
      </trkpt>
      <trkpt lat="46.8907859" lon="10.1238807">
        <ele>2441.1</ele>
        <time>2026-09-21T07:53:24Z</time>
        <hdop>9.2</hdop>
        <extensions>
          <osmand:speed>0.5</osmand:speed>
        </extensions>
      </trkpt>
      <trkpt lat="46.8907802" lon="10.1238393">
        <ele>2442.1</ele>
        <time>2026-09-21T07:53:30Z</time>
        <hdop>9.7</hdop>
        <extensions>
          <osmand:speed>0.2</osmand:speed>
        </extensions>
      </trkpt>
      <trkpt lat="46.8907542" lon="10.1238265">
        <ele>2443.1</ele>
        <time>2026-09-21T07:53:36Z</time>
        <hdop>10.7</hdop>
        <extensions>
          <osmand:speed>1.1</osmand:speed>
        </extensions>
      </trkpt>
      <trkpt lat="46.8907163" lon="10.1238121">
        <ele>2445.1</ele>
        <time>2026-09-21T07:53:42Z</time>
        <hdop>10.2</hdop>
        <extensions>
          <osmand:speed>0.6</osmand:speed>
        </extensions>
      </trkpt>
      <trkpt lat="46.8906831" lon="10.1238124">
        <ele>2446.1</ele>
        <time>2026-09-21T07:53:48Z</time>
        <hdop>9.7</hdop>
        <extensions>
          <osmand:speed>0.3</osmand:speed>
        </extensions>
      </trkpt>
      <trkpt lat="46.8906243" lon="10.1237681">
        <ele>2446.1</ele>
        <time>2026-09-21T07:53:54Z</time>
        <hdop>13.8</hdop>
        <extensions>
          <osmand:speed>1.2</osmand:speed>
        </extensions>
      </trkpt>
      <trkpt lat="46.8906139" lon="10.1237135">
        <ele>2445.1</ele>
        <time>2026-09-21T07:54:00Z</time>
        <hdop>10.7</hdop>
        <extensions>
          <osmand:speed>0.3</osmand:speed>
        </extensions>
      </trkpt>
      <trkpt lat="46.8905939" lon="10.1236927">
        <ele>2446.1</ele>
        <time>2026-09-21T07:54:06Z</time>
        <hdop>11.2</hdop>
        <extensions>
          <osmand:speed>0.7</osmand:speed>
        </extensions>
      </trkpt>
      <trkpt lat="46.8906143" lon="10.1236205">
        <ele>2446.1</ele>
        <time>2026-09-21T07:54:12Z</time>
        <hdop>9.7</hdop>
        <extensions>
          <osmand:speed>0.2</osmand:speed>
        </extensions>
      </trkpt>
      <trkpt lat="46.8906059" lon="10.1236445">
        <ele>2446.1</ele>
        <time>2026-09-21T07:54:25Z</time>
        <hdop>6.6</hdop>
        <extensions>
          <osmand:speed>0.1</osmand:speed>
        </extensions>
      </trkpt>
      <trkpt lat="46.8905981" lon="10.1236191">
        <ele>2447.1</ele>
        <time>2026-09-21T07:54:31Z</time>
        <hdop>11.2</hdop>
        <extensions>
          <osmand:speed>0.8</osmand:speed>
        </extensions>
      </trkpt>
      <trkpt lat="46.8905581" lon="10.123592">
        <ele>2448.1</ele>
        <time>2026-09-21T07:54:37Z</time>
        <hdop>12.2</hdop>
        <extensions>
          <osmand:speed>0.6</osmand:speed>
        </extensions>
      </trkpt>
      <trkpt lat="46.8905406" lon="10.1235585">
        <ele>2450.1</ele>
        <time>2026-09-21T07:54:43Z</time>
        <hdop>12.2</hdop>
        <extensions>
          <osmand:speed>0.3</osmand:speed>
        </extensions>
      </trkpt>
      <trkpt lat="46.8904948" lon="10.1235605">
        <ele>2452.1</ele>
        <time>2026-09-21T07:54:49Z</time>
        <hdop>9.7</hdop>
        <extensions>
          <osmand:speed>1.1</osmand:speed>
        </extensions>
      </trkpt>
      <trkpt lat="46.8904451" lon="10.1235755">
        <ele>2453.1</ele>
        <time>2026-09-21T07:54:55Z</time>
        <hdop>11.7</hdop>
        <extensions>
          <osmand:speed>0.9</osmand:speed>
        </extensions>
      </trkpt>
      <trkpt lat="46.8904127" lon="10.1235581">
        <ele>2453.1</ele>
        <time>2026-09-21T07:55:01Z</time>
        <hdop>11.7</hdop>
        <extensions>
          <osmand:speed>1</osmand:speed>
        </extensions>
      </trkpt>
      <trkpt lat="46.8903726" lon="10.1235601">
        <ele>2454.1</ele>
        <time>2026-09-21T07:55:07Z</time>
        <hdop>12.2</hdop>
        <extensions>
          <osmand:speed>0.5</osmand:speed>
        </extensions>
      </trkpt>
      <trkpt lat="46.8903536" lon="10.1235262">
        <ele>2454.1</ele>
        <time>2026-09-21T07:55:13Z</time>
        <hdop>7.7</hdop>
        <extensions>
          <osmand:speed>0.9</osmand:speed>
        </extensions>
      </trkpt>
      <trkpt lat="46.8903143" lon="10.123513">
        <ele>2456.1</ele>
        <time>2026-09-21T07:55:19Z</time>
        <hdop>11.7</hdop>
        <extensions>
          <osmand:speed>0.6</osmand:speed>
        </extensions>
      </trkpt>
      <trkpt lat="46.8902861" lon="10.1235052">
        <ele>2455.1</ele>
        <time>2026-09-21T07:55:25Z</time>
        <hdop>11.7</hdop>
        <extensions>
          <osmand:speed>0.8</osmand:speed>
        </extensions>
      </trkpt>
      <trkpt lat="46.8902669" lon="10.1235031">
        <ele>2456.1</ele>
        <time>2026-09-21T07:55:31Z</time>
        <hdop>10.2</hdop>
        <extensions>
          <osmand:speed>0.7</osmand:speed>
        </extensions>
      </trkpt>
      <trkpt lat="46.890242" lon="10.123481">
        <ele>2457.1</ele>
        <time>2026-09-21T07:55:37Z</time>
        <hdop>13.3</hdop>
        <extensions>
          <osmand:speed>0.4</osmand:speed>
        </extensions>
      </trkpt>
      <trkpt lat="46.8902177" lon="10.1234782">
        <ele>2459.1</ele>
        <time>2026-09-21T07:55:44Z</time>
        <hdop>12.2</hdop>
        <extensions>
          <osmand:speed>0.5</osmand:speed>
        </extensions>
      </trkpt>
      <trkpt lat="46.8901736" lon="10.1234692">
        <ele>2460.1</ele>
        <time>2026-09-21T07:55:50Z</time>
        <hdop>10.2</hdop>
        <extensions>
          <osmand:speed>0.3</osmand:speed>
        </extensions>
      </trkpt>
      <trkpt lat="46.8901582" lon="10.1234466">
        <ele>2460.1</ele>
        <time>2026-09-21T07:55:56Z</time>
        <hdop>10.2</hdop>
        <extensions>
          <osmand:speed>0.8</osmand:speed>
        </extensions>
      </trkpt>
      <trkpt lat="46.8901446" lon="10.1234285">
        <ele>2462.1</ele>
        <time>2026-09-21T07:56:02Z</time>
        <hdop>11.7</hdop>
        <extensions>
          <osmand:speed>0.6</osmand:speed>
        </extensions>
      </trkpt>
      <trkpt lat="46.8901064" lon="10.123405">
        <ele>2462.1</ele>
        <time>2026-09-21T07:56:08Z</time>
        <hdop>11.7</hdop>
        <extensions>
          <osmand:speed>1.1</osmand:speed>
        </extensions>
      </trkpt>
      <trkpt lat="46.8900589" lon="10.1234192">
        <ele>2462.1</ele>
        <time>2026-09-21T07:56:14Z</time>
        <hdop>12.8</hdop>
        <extensions>
          <osmand:speed>0.5</osmand:speed>
        </extensions>
      </trkpt>
      <trkpt lat="46.8900416" lon="10.1234265">
        <ele>2463.1</ele>
        <time>2026-09-21T07:56:21Z</time>
        <hdop>13.8</hdop>
        <extensions>
          <osmand:speed>1.1</osmand:speed>
        </extensions>
      </trkpt>
      <trkpt lat="46.8899958" lon="10.1234157">
        <ele>2463.1</ele>
        <time>2026-09-21T07:56:27Z</time>
        <hdop>13.8</hdop>
        <extensions>
          <osmand:speed>1</osmand:speed>
        </extensions>
      </trkpt>
      <trkpt lat="46.8899488" lon="10.1234043">
        <ele>2464.1</ele>
        <time>2026-09-21T07:56:33Z</time>
        <hdop>10.7</hdop>
        <extensions>
          <osmand:speed>1</osmand:speed>
        </extensions>
      </trkpt>
      <trkpt lat="46.8899685" lon="10.1233839">
        <ele>2466.1</ele>
        <time>2026-09-21T07:56:45Z</time>
        <hdop>7.7</hdop>
        <extensions>
          <osmand:speed>1.2</osmand:speed>
        </extensions>
      </trkpt>
      <trkpt lat="46.8900359" lon="10.1233425">
        <ele>2466.1</ele>
        <time>2026-09-21T07:56:51Z</time>
        <hdop>7.7</hdop>
        <extensions>
          <osmand:speed>1</osmand:speed>
        </extensions>
      </trkpt>
      <trkpt lat="46.8901" lon="10.1232917">
        <ele>2465.1</ele>
        <time>2026-09-21T07:56:57Z</time>
        <hdop>9.2</hdop>
        <extensions>
          <osmand:speed>0.9</osmand:speed>
        </extensions>
      </trkpt>
      <trkpt lat="46.8901512" lon="10.1232329">
        <ele>2464.1</ele>
        <time>2026-09-21T07:57:03Z</time>
        <hdop>9.2</hdop>
        <extensions>
          <osmand:speed>1.1</osmand:speed>
        </extensions>
      </trkpt>
      <trkpt lat="46.890197" lon="10.123168">
        <ele>2464.1</ele>
        <time>2026-09-21T07:57:09Z</time>
        <hdop>9.2</hdop>
        <extensions>
          <osmand:speed>1</osmand:speed>
        </extensions>
      </trkpt>
      <trkpt lat="46.8902494" lon="10.1231156">
        <ele>2464.1</ele>
        <time>2026-09-21T07:57:15Z</time>
        <hdop>9.7</hdop>
        <extensions>
          <osmand:speed>1.1</osmand:speed>
        </extensions>
      </trkpt>
      <trkpt lat="46.8903156" lon="10.123072">
        <ele>2463.1</ele>
        <time>2026-09-21T07:57:21Z</time>
        <hdop>7.7</hdop>
        <extensions>
          <osmand:speed>1.2</osmand:speed>
        </extensions>
      </trkpt>
      <trkpt lat="46.8903679" lon="10.1230142">
        <ele>2462.1</ele>
        <time>2026-09-21T07:57:27Z</time>
        <hdop>9.2</hdop>
        <extensions>
          <osmand:speed>1.5</osmand:speed>
        </extensions>
      </trkpt>
      <trkpt lat="46.8903964" lon="10.1229354">
        <ele>2461.1</ele>
        <time>2026-09-21T07:57:33Z</time>
        <hdop>8.7</hdop>
        <extensions>
          <osmand:speed>1.2</osmand:speed>
        </extensions>
      </trkpt>
      <trkpt lat="46.8904419" lon="10.1228782">
        <ele>2461.1</ele>
        <time>2026-09-21T07:57:39Z</time>
        <hdop>8.2</hdop>
        <extensions>
          <osmand:speed>1.8</osmand:speed>
        </extensions>
      </trkpt>
      <trkpt lat="46.8904829" lon="10.1228102">
        <ele>2462.1</ele>
        <time>2026-09-21T07:57:45Z</time>
        <hdop>8.2</hdop>
        <extensions>
          <osmand:speed>1.1</osmand:speed>
        </extensions>
      </trkpt>
      <trkpt lat="46.8905345" lon="10.1227488">
        <ele>2462.1</ele>
        <time>2026-09-21T07:57:51Z</time>
        <hdop>9.7</hdop>
        <extensions>
          <osmand:speed>1.3</osmand:speed>
        </extensions>
      </trkpt>
      <trkpt lat="46.8905769" lon="10.1227036">
        <ele>2461.1</ele>
        <time>2026-09-21T07:57:57Z</time>
        <hdop>8.2</hdop>
        <extensions>
          <osmand:speed>1.2</osmand:speed>
        </extensions>
      </trkpt>
      <trkpt lat="46.8906217" lon="10.1226328">
        <ele>2461.1</ele>
        <time>2026-09-21T07:58:03Z</time>
        <hdop>7.7</hdop>
        <extensions>
          <osmand:speed>1</osmand:speed>
        </extensions>
      </trkpt>
      <trkpt lat="46.8906673" lon="10.1225881">
        <ele>2461.1</ele>
        <time>2026-09-21T07:58:09Z</time>
        <hdop>8.7</hdop>
        <extensions>
          <osmand:speed>1</osmand:speed>
        </extensions>
      </trkpt>
      <trkpt lat="46.8907168" lon="10.1225401">
        <ele>2461.1</ele>
        <time>2026-09-21T07:58:15Z</time>
        <hdop>8.2</hdop>
        <extensions>
          <osmand:speed>1.2</osmand:speed>
        </extensions>
      </trkpt>
      <trkpt lat="46.8907722" lon="10.1224863">
        <ele>2460.1</ele>
        <time>2026-09-21T07:58:21Z</time>
        <hdop>8.2</hdop>
        <extensions>
          <osmand:speed>1.1</osmand:speed>
        </extensions>
      </trkpt>
      <trkpt lat="46.8908195" lon="10.122421">
        <ele>2460.1</ele>
        <time>2026-09-21T07:58:27Z</time>
        <hdop>10.2</hdop>
        <extensions>
          <osmand:speed>0.7</osmand:speed>
        </extensions>
      </trkpt>
      <trkpt lat="46.890861" lon="10.1223748">
        <ele>2460.1</ele>
        <time>2026-09-21T07:58:33Z</time>
        <hdop>8.2</hdop>
        <extensions>
          <osmand:speed>1</osmand:speed>
        </extensions>
      </trkpt>
      <trkpt lat="46.8908737" lon="10.1223113">
        <ele>2460.1</ele>
        <time>2026-09-21T07:58:39Z</time>
        <hdop>8.2</hdop>
        <extensions>
          <osmand:speed>1</osmand:speed>
        </extensions>
      </trkpt>
      <trkpt lat="46.8909098" lon="10.1222448">
        <ele>2458.1</ele>
        <time>2026-09-21T07:58:45Z</time>
        <hdop>9.7</hdop>
        <extensions>
          <osmand:speed>0.9</osmand:speed>
        </extensions>
      </trkpt>
      <trkpt lat="46.8909377" lon="10.1222326">
        <ele>2459.1</ele>
        <time>2026-09-21T07:58:51Z</time>
        <hdop>5.6</hdop>
      </trkpt>
      <trkpt lat="46.8909343" lon="10.1222636">
        <ele>2461.1</ele>
        <time>2026-09-21T07:59:10Z</time>
        <hdop>6.1</hdop>
        <extensions>
          <osmand:speed>1.1</osmand:speed>
        </extensions>
      </trkpt>
      <trkpt lat="46.8909579" lon="10.122319">
        <ele>2461.1</ele>
        <time>2026-09-21T07:59:16Z</time>
        <hdop>10.2</hdop>
        <extensions>
          <osmand:speed>0.8</osmand:speed>
        </extensions>
      </trkpt>
      <trkpt lat="46.8910178" lon="10.1223293">
        <ele>2460.1</ele>
        <time>2026-09-21T07:59:22Z</time>
        <hdop>8.2</hdop>
        <extensions>
          <osmand:speed>0.7</osmand:speed>
        </extensions>
      </trkpt>
      <trkpt lat="46.8910348" lon="10.1223482">
        <ele>2461.1</ele>
        <time>2026-09-21T07:59:29Z</time>
        <hdop>7.1</hdop>
        <extensions>
          <osmand:speed>0.9</osmand:speed>
        </extensions>
      </trkpt>
      <trkpt lat="46.891084" lon="10.1223722">
        <ele>2460.1</ele>
        <time>2026-09-21T07:59:35Z</time>
        <hdop>10.7</hdop>
        <extensions>
          <osmand:speed>1.1</osmand:speed>
        </extensions>
      </trkpt>
      <trkpt lat="46.8911266" lon="10.1224321">
        <ele>2462.1</ele>
        <time>2026-09-21T07:59:41Z</time>
        <hdop>10.7</hdop>
        <extensions>
          <osmand:speed>1</osmand:speed>
        </extensions>
      </trkpt>
      <trkpt lat="46.8911794" lon="10.1224831">
        <ele>2461.1</ele>
        <time>2026-09-21T07:59:47Z</time>
        <hdop>9.7</hdop>
        <extensions>
          <osmand:speed>1.3</osmand:speed>
        </extensions>
      </trkpt>
      <trkpt lat="46.8912445" lon="10.1225117">
        <ele>2461.1</ele>
        <time>2026-09-21T07:59:53Z</time>
        <hdop>8.2</hdop>
        <extensions>
          <osmand:speed>1.2</osmand:speed>
        </extensions>
      </trkpt>
      <trkpt lat="46.8913052" lon="10.1225487">
        <ele>2461.1</ele>
        <time>2026-09-21T07:59:59Z</time>
        <hdop>8.7</hdop>
        <extensions>
          <osmand:speed>1.4</osmand:speed>
        </extensions>
      </trkpt>
      <trkpt lat="46.8913775" lon="10.1225339">
        <ele>2460.1</ele>
        <time>2026-09-21T08:00:05Z</time>
        <hdop>10.7</hdop>
        <extensions>
          <osmand:speed>1.6</osmand:speed>
        </extensions>
      </trkpt>
      <trkpt lat="46.8914431" lon="10.1225567">
        <ele>2461.1</ele>
        <time>2026-09-21T08:00:11Z</time>
        <hdop>10.7</hdop>
        <extensions>
          <osmand:speed>1.2</osmand:speed>
        </extensions>
      </trkpt>
      <trkpt lat="46.8915133" lon="10.1225601">
        <ele>2461.1</ele>
        <time>2026-09-21T08:00:17Z</time>
        <hdop>10.7</hdop>
        <extensions>
          <osmand:speed>1</osmand:speed>
        </extensions>
      </trkpt>
      <trkpt lat="46.8915717" lon="10.1225352">
        <ele>2461.1</ele>
        <time>2026-09-21T08:00:23Z</time>
        <hdop>9.2</hdop>
        <extensions>
          <osmand:speed>1.3</osmand:speed>
        </extensions>
      </trkpt>
      <trkpt lat="46.8916423" lon="10.1225388">
        <ele>2461.1</ele>
        <time>2026-09-21T08:00:29Z</time>
        <hdop>9.2</hdop>
        <extensions>
          <osmand:speed>1.2</osmand:speed>
        </extensions>
      </trkpt>
      <trkpt lat="46.8917083" lon="10.1225375">
        <ele>2461.1</ele>
        <time>2026-09-21T08:00:35Z</time>
        <hdop>9.2</hdop>
        <extensions>
          <osmand:speed>1.3</osmand:speed>
        </extensions>
      </trkpt>
      <trkpt lat="46.8917724" lon="10.1225327">
        <ele>2459.1</ele>
        <time>2026-09-21T08:00:41Z</time>
        <hdop>8.7</hdop>
        <extensions>
          <osmand:speed>1.4</osmand:speed>
        </extensions>
      </trkpt>
      <trkpt lat="46.891872" lon="10.1225733">
        <ele>2459.1</ele>
        <time>2026-09-21T08:00:47Z</time>
        <hdop>9.2</hdop>
        <extensions>
          <osmand:speed>1.2</osmand:speed>
        </extensions>
      </trkpt>
      <trkpt lat="46.891921" lon="10.122591">
        <ele>2459.1</ele>
        <time>2026-09-21T08:00:53Z</time>
        <hdop>8.7</hdop>
        <extensions>
          <osmand:speed>0.9</osmand:speed>
        </extensions>
      </trkpt>
      <trkpt lat="46.8920005" lon="10.1225557">
        <ele>2458.1</ele>
        <time>2026-09-21T08:00:59Z</time>
        <hdop>10.7</hdop>
        <extensions>
          <osmand:speed>1.4</osmand:speed>
        </extensions>
      </trkpt>
      <trkpt lat="46.892054" lon="10.1225005">
        <ele>2457.1</ele>
        <time>2026-09-21T08:01:05Z</time>
        <hdop>9.2</hdop>
        <extensions>
          <osmand:speed>0.8</osmand:speed>
        </extensions>
      </trkpt>
      <trkpt lat="46.8920926" lon="10.1224402">
        <ele>2457.1</ele>
        <time>2026-09-21T08:01:11Z</time>
        <hdop>10.2</hdop>
        <extensions>
          <osmand:speed>1</osmand:speed>
        </extensions>
      </trkpt>
      <trkpt lat="46.8921428" lon="10.1224105">
        <ele>2457.1</ele>
        <time>2026-09-21T08:01:17Z</time>
        <hdop>6.6</hdop>
        <extensions>
          <osmand:speed>1</osmand:speed>
        </extensions>
      </trkpt>
      <trkpt lat="46.8921979" lon="10.122338">
        <ele>2457.1</ele>
        <time>2026-09-21T08:01:23Z</time>
        <hdop>8.7</hdop>
        <extensions>
          <osmand:speed>1.2</osmand:speed>
        </extensions>
      </trkpt>
      <trkpt lat="46.8922616" lon="10.1223117">
        <ele>2458.1</ele>
        <time>2026-09-21T08:01:29Z</time>
        <hdop>10.2</hdop>
        <extensions>
          <osmand:speed>1</osmand:speed>
        </extensions>
      </trkpt>
      <trkpt lat="46.8923168" lon="10.1222787">
        <ele>2458.1</ele>
        <time>2026-09-21T08:01:35Z</time>
        <hdop>9.2</hdop>
        <extensions>
          <osmand:speed>0.9</osmand:speed>
        </extensions>
      </trkpt>
      <trkpt lat="46.8923803" lon="10.1222202">
        <ele>2459.1</ele>
        <time>2026-09-21T08:01:41Z</time>
        <hdop>9.7</hdop>
        <extensions>
          <osmand:speed>1.4</osmand:speed>
        </extensions>
      </trkpt>
      <trkpt lat="46.8923984" lon="10.1221816">
        <ele>2459.1</ele>
        <time>2026-09-21T08:01:47Z</time>
        <hdop>6.6</hdop>
        <extensions>
          <osmand:speed>0.3</osmand:speed>
        </extensions>
      </trkpt>
      <trkpt lat="46.8923881" lon="10.1221476">
        <ele>2461.1</ele>
        <time>2026-09-21T08:01:53Z</time>
        <hdop>7.1</hdop>
        <extensions>
          <osmand:speed>0.2</osmand:speed>
        </extensions>
      </trkpt>
      <trkpt lat="46.8924133" lon="10.1221495">
        <ele>2462.1</ele>
        <time>2026-09-21T08:03:06Z</time>
        <hdop>7.7</hdop>
        <extensions>
          <osmand:speed>1.2</osmand:speed>
        </extensions>
      </trkpt>
      <trkpt lat="46.8924816" lon="10.1220907">
        <ele>2462.1</ele>
        <time>2026-09-21T08:03:12Z</time>
        <hdop>9.2</hdop>
        <extensions>
          <osmand:speed>1.1</osmand:speed>
        </extensions>
      </trkpt>
      <trkpt lat="46.8925478" lon="10.1220827">
        <ele>2462.1</ele>
        <time>2026-09-21T08:03:18Z</time>
        <hdop>10.7</hdop>
        <extensions>
          <osmand:speed>1.8</osmand:speed>
        </extensions>
      </trkpt>
      <trkpt lat="46.8926284" lon="10.1220529">
        <ele>2462.1</ele>
        <time>2026-09-21T08:03:24Z</time>
        <hdop>9.2</hdop>
        <extensions>
          <osmand:speed>1.3</osmand:speed>
        </extensions>
      </trkpt>
      <trkpt lat="46.8926973" lon="10.1220012">
        <ele>2460.1</ele>
        <time>2026-09-21T08:03:30Z</time>
        <hdop>9.7</hdop>
        <extensions>
          <osmand:speed>1.4</osmand:speed>
        </extensions>
      </trkpt>
      <trkpt lat="46.8927362" lon="10.1219103">
        <ele>2459.1</ele>
        <time>2026-09-21T08:03:36Z</time>
        <hdop>8.7</hdop>
        <extensions>
          <osmand:speed>1.2</osmand:speed>
        </extensions>
      </trkpt>
      <trkpt lat="46.8927778" lon="10.1218185">
        <ele>2457.1</ele>
        <time>2026-09-21T08:03:42Z</time>
        <hdop>9.7</hdop>
        <extensions>
          <osmand:speed>1.4</osmand:speed>
        </extensions>
      </trkpt>
      <trkpt lat="46.892808" lon="10.121721">
        <ele>2457.1</ele>
        <time>2026-09-21T08:03:48Z</time>
        <hdop>10.2</hdop>
        <extensions>
          <osmand:speed>1.4</osmand:speed>
        </extensions>
      </trkpt>
      <trkpt lat="46.8928187" lon="10.1216212">
        <ele>2456.1</ele>
        <time>2026-09-21T08:03:54Z</time>
        <hdop>7.7</hdop>
        <extensions>
          <osmand:speed>1.4</osmand:speed>
        </extensions>
      </trkpt>
      <trkpt lat="46.8928129" lon="10.1215424">
        <ele>2455.1</ele>
        <time>2026-09-21T08:04:00Z</time>
        <hdop>9.7</hdop>
        <extensions>
          <osmand:speed>0.6</osmand:speed>
        </extensions>
      </trkpt>
      <trkpt lat="46.8927901" lon="10.1215443">
        <ele>2459.1</ele>
        <time>2026-09-21T08:04:06Z</time>
        <hdop>6.6</hdop>
        <extensions>
          <osmand:speed>0</osmand:speed>
        </extensions>
      </trkpt>
      <trkpt lat="46.8927965" lon="10.1215187">
        <ele>2458.1</ele>
        <time>2026-09-21T08:04:44Z</time>
        <hdop>11.7</hdop>
        <extensions>
          <osmand:speed>0.2</osmand:speed>
        </extensions>
      </trkpt>
      <trkpt lat="46.8927818" lon="10.1215012">
        <ele>2460.1</ele>
        <time>2026-09-21T08:05:17Z</time>
        <hdop>9.2</hdop>
        <extensions>
          <osmand:speed>0</osmand:speed>
        </extensions>
      </trkpt>
      <trkpt lat="46.8927741" lon="10.121477">
        <ele>2460.1</ele>
        <time>2026-09-21T08:05:25Z</time>
        <hdop>11.2</hdop>
        <extensions>
          <osmand:speed>0.2</osmand:speed>
        </extensions>
      </trkpt>
      <trkpt lat="46.892772" lon="10.1215396">
        <ele>2461.1</ele>
        <time>2026-09-21T08:05:48Z</time>
        <hdop>6.1</hdop>
        <extensions>
          <osmand:speed>0.1</osmand:speed>
        </extensions>
      </trkpt>
      <trkpt lat="46.8927904" lon="10.1215441">
        <ele>2462.1</ele>
        <time>2026-09-21T08:06:43Z</time>
        <hdop>11.2</hdop>
        <extensions>
          <osmand:speed>0.1</osmand:speed>
        </extensions>
      </trkpt>
      <trkpt lat="46.892781" lon="10.1215208">
        <ele>2463.1</ele>
        <time>2026-09-21T08:07:44Z</time>
        <hdop>9.2</hdop>
        <extensions>
          <osmand:speed>0.6</osmand:speed>
        </extensions>
      </trkpt>
      <trkpt lat="46.8927904" lon="10.1214959">
        <ele>2462.1</ele>
        <time>2026-09-21T08:07:51Z</time>
        <hdop>12.2</hdop>
        <extensions>
          <osmand:speed>0</osmand:speed>
        </extensions>
      </trkpt>
      <trkpt lat="46.8927839" lon="10.1215279">
        <ele>2462.1</ele>
        <time>2026-09-21T08:09:34Z</time>
        <hdop>9.7</hdop>
        <extensions>
          <osmand:speed>1.4</osmand:speed>
        </extensions>
      </trkpt>
      <trkpt lat="46.8927658" lon="10.1215856">
        <ele>2462.1</ele>
        <time>2026-09-21T08:09:40Z</time>
        <hdop>8.7</hdop>
        <extensions>
          <osmand:speed>0.6</osmand:speed>
        </extensions>
      </trkpt>
      <trkpt lat="46.8927774" lon="10.1216737">
        <ele>2462.1</ele>
        <time>2026-09-21T08:09:46Z</time>
        <hdop>8.7</hdop>
        <extensions>
          <osmand:speed>1.6</osmand:speed>
        </extensions>
      </trkpt>
      <trkpt lat="46.8927849" lon="10.121775">
        <ele>2462.1</ele>
        <time>2026-09-21T08:09:52Z</time>
        <hdop>10.2</hdop>
        <extensions>
          <osmand:speed>1.4</osmand:speed>
        </extensions>
      </trkpt>
      <trkpt lat="46.892752" lon="10.1218498">
        <ele>2461.1</ele>
        <time>2026-09-21T08:09:58Z</time>
        <hdop>8.7</hdop>
        <extensions>
          <osmand:speed>1.1</osmand:speed>
        </extensions>
      </trkpt>
      <trkpt lat="46.8926932" lon="10.1219335">
        <ele>2461.1</ele>
        <time>2026-09-21T08:10:04Z</time>
        <hdop>11.2</hdop>
        <extensions>
          <osmand:speed>1.6</osmand:speed>
        </extensions>
      </trkpt>
      <trkpt lat="46.8926383" lon="10.1219928">
        <ele>2462.1</ele>
        <time>2026-09-21T08:10:10Z</time>
        <hdop>10.7</hdop>
        <extensions>
          <osmand:speed>0.8</osmand:speed>
        </extensions>
      </trkpt>
      <trkpt lat="46.8925915" lon="10.1220335">
        <ele>2462.1</ele>
        <time>2026-09-21T08:10:16Z</time>
        <hdop>10.2</hdop>
        <extensions>
          <osmand:speed>1.3</osmand:speed>
        </extensions>
      </trkpt>
      <trkpt lat="46.8925676" lon="10.1220799">
        <ele>2462.1</ele>
        <time>2026-09-21T08:10:22Z</time>
        <hdop>10.2</hdop>
      </trkpt>
      <trkpt lat="46.8925542" lon="10.122101">
        <ele>2463.1</ele>
        <time>2026-09-21T08:10:28Z</time>
        <hdop>10.2</hdop>
        <extensions>
          <osmand:speed>1.1</osmand:speed>
        </extensions>
      </trkpt>
      <trkpt lat="46.8924907" lon="10.1221724">
        <ele>2462.1</ele>
        <time>2026-09-21T08:10:34Z</time>
        <hdop>10.2</hdop>
        <extensions>
          <osmand:speed>1.6</osmand:speed>
        </extensions>
      </trkpt>
      <trkpt lat="46.8924293" lon="10.122224">
        <ele>2462.1</ele>
        <time>2026-09-21T08:10:40Z</time>
        <hdop>10.7</hdop>
        <extensions>
          <osmand:speed>1.6</osmand:speed>
        </extensions>
      </trkpt>
      <trkpt lat="46.8923586" lon="10.1222982">
        <ele>2461.1</ele>
        <time>2026-09-21T08:10:46Z</time>
        <hdop>9.7</hdop>
        <extensions>
          <osmand:speed>1.4</osmand:speed>
        </extensions>
      </trkpt>
      <trkpt lat="46.892301" lon="10.1223528">
        <ele>2461.1</ele>
        <time>2026-09-21T08:10:52Z</time>
        <hdop>11.2</hdop>
        <extensions>
          <osmand:speed>1.6</osmand:speed>
        </extensions>
      </trkpt>
      <trkpt lat="46.8922459" lon="10.1223919">
        <ele>2461.1</ele>
        <time>2026-09-21T08:10:58Z</time>
        <hdop>10.7</hdop>
        <extensions>
          <osmand:speed>1.3</osmand:speed>
        </extensions>
      </trkpt>
      <trkpt lat="46.8921747" lon="10.1224445">
        <ele>2462.1</ele>
        <time>2026-09-21T08:11:04Z</time>
        <hdop>11.7</hdop>
        <extensions>
          <osmand:speed>1.4</osmand:speed>
        </extensions>
      </trkpt>
      <trkpt lat="46.8921051" lon="10.1224954">
        <ele>2462.1</ele>
        <time>2026-09-21T08:11:10Z</time>
        <hdop>7.7</hdop>
        <extensions>
          <osmand:speed>1.2</osmand:speed>
        </extensions>
      </trkpt>
      <trkpt lat="46.8920395" lon="10.1225399">
        <ele>2463.1</ele>
        <time>2026-09-21T08:11:16Z</time>
        <hdop>7.7</hdop>
        <extensions>
          <osmand:speed>1.5</osmand:speed>
        </extensions>
      </trkpt>
      <trkpt lat="46.891976" lon="10.1225905">
        <ele>2463.1</ele>
        <time>2026-09-21T08:11:22Z</time>
        <hdop>9.2</hdop>
        <extensions>
          <osmand:speed>1.3</osmand:speed>
        </extensions>
      </trkpt>
      <trkpt lat="46.8919056" lon="10.1225957">
        <ele>2463.1</ele>
        <time>2026-09-21T08:11:28Z</time>
        <hdop>10.2</hdop>
        <extensions>
          <osmand:speed>1.4</osmand:speed>
        </extensions>
      </trkpt>
      <trkpt lat="46.8918331" lon="10.1225836">
        <ele>2462.1</ele>
        <time>2026-09-21T08:11:34Z</time>
        <hdop>9.2</hdop>
        <extensions>
          <osmand:speed>1.5</osmand:speed>
        </extensions>
      </trkpt>
      <trkpt lat="46.8917554" lon="10.1225859">
        <ele>2462.1</ele>
        <time>2026-09-21T08:11:40Z</time>
        <hdop>9.7</hdop>
        <extensions>
          <osmand:speed>1.4</osmand:speed>
        </extensions>
      </trkpt>
      <trkpt lat="46.8916797" lon="10.1226174">
        <ele>2462.1</ele>
        <time>2026-09-21T08:11:46Z</time>
        <hdop>9.7</hdop>
        <extensions>
          <osmand:speed>1.5</osmand:speed>
        </extensions>
      </trkpt>
      <trkpt lat="46.8916051" lon="10.1226186">
        <ele>2461.1</ele>
        <time>2026-09-21T08:11:52Z</time>
        <hdop>8.2</hdop>
        <extensions>
          <osmand:speed>1.7</osmand:speed>
        </extensions>
      </trkpt>
      <trkpt lat="46.8915296" lon="10.1226042">
        <ele>2461.1</ele>
        <time>2026-09-21T08:11:58Z</time>
        <hdop>9.7</hdop>
        <extensions>
          <osmand:speed>1.6</osmand:speed>
        </extensions>
      </trkpt>
      <trkpt lat="46.8914634" lon="10.1226002">
        <ele>2460.1</ele>
        <time>2026-09-21T08:12:04Z</time>
        <hdop>11.7</hdop>
        <extensions>
          <osmand:speed>1.2</osmand:speed>
        </extensions>
      </trkpt>
      <trkpt lat="46.8914012" lon="10.1225884">
        <ele>2459.1</ele>
        <time>2026-09-21T08:12:10Z</time>
        <hdop>10.2</hdop>
        <extensions>
          <osmand:speed>1.1</osmand:speed>
        </extensions>
      </trkpt>
      <trkpt lat="46.8913506" lon="10.1225458">
        <ele>2459.1</ele>
        <time>2026-09-21T08:12:16Z</time>
        <hdop>9.7</hdop>
        <extensions>
          <osmand:speed>0.9</osmand:speed>
        </extensions>
      </trkpt>
      <trkpt lat="46.8912844" lon="10.1225006">
        <ele>2459.1</ele>
        <time>2026-09-21T08:12:22Z</time>
        <hdop>9.2</hdop>
        <extensions>
          <osmand:speed>1</osmand:speed>
        </extensions>
      </trkpt>
      <trkpt lat="46.8912382" lon="10.1224578">
        <ele>2459.1</ele>
        <time>2026-09-21T08:12:28Z</time>
        <hdop>10.7</hdop>
        <extensions>
          <osmand:speed>1.2</osmand:speed>
        </extensions>
      </trkpt>
      <trkpt lat="46.8911736" lon="10.1225047">
        <ele>2460.1</ele>
        <time>2026-09-21T08:12:34Z</time>
        <hdop>11.2</hdop>
        <extensions>
          <osmand:speed>1.1</osmand:speed>
        </extensions>
      </trkpt>
      <trkpt lat="46.8911081" lon="10.1225428">
        <ele>2460.1</ele>
        <time>2026-09-21T08:12:40Z</time>
        <hdop>10.2</hdop>
        <extensions>
          <osmand:speed>1.3</osmand:speed>
        </extensions>
      </trkpt>
      <trkpt lat="46.8910429" lon="10.1225764">
        <ele>2460.1</ele>
        <time>2026-09-21T08:12:46Z</time>
        <hdop>10.2</hdop>
        <extensions>
          <osmand:speed>1.4</osmand:speed>
        </extensions>
      </trkpt>
      <trkpt lat="46.8909801" lon="10.1225888">
        <ele>2460.1</ele>
        <time>2026-09-21T08:12:52Z</time>
        <hdop>9.7</hdop>
        <extensions>
          <osmand:speed>1.5</osmand:speed>
        </extensions>
      </trkpt>
      <trkpt lat="46.8909131" lon="10.1226014">
        <ele>2460.1</ele>
        <time>2026-09-21T08:12:58Z</time>
        <hdop>12.2</hdop>
        <extensions>
          <osmand:speed>1.2</osmand:speed>
        </extensions>
      </trkpt>
      <trkpt lat="46.8908464" lon="10.1226136">
        <ele>2460.1</ele>
        <time>2026-09-21T08:13:04Z</time>
        <hdop>11.2</hdop>
        <extensions>
          <osmand:speed>1.3</osmand:speed>
        </extensions>
      </trkpt>
      <trkpt lat="46.8907745" lon="10.1226517">
        <ele>2459.1</ele>
        <time>2026-09-21T08:13:10Z</time>
        <hdop>9.7</hdop>
        <extensions>
          <osmand:speed>1.4</osmand:speed>
        </extensions>
      </trkpt>
      <trkpt lat="46.890714" lon="10.1227126">
        <ele>2460.1</ele>
        <time>2026-09-21T08:13:16Z</time>
        <hdop>9.7</hdop>
        <extensions>
          <osmand:speed>1.4</osmand:speed>
        </extensions>
      </trkpt>
      <trkpt lat="46.8906496" lon="10.122795">
        <ele>2460.1</ele>
        <time>2026-09-21T08:13:22Z</time>
        <hdop>11.7</hdop>
        <extensions>
          <osmand:speed>1.7</osmand:speed>
        </extensions>
      </trkpt>
      <trkpt lat="46.8905782" lon="10.1228651">
        <ele>2461.1</ele>
        <time>2026-09-21T08:13:28Z</time>
        <hdop>11.2</hdop>
        <extensions>
          <osmand:speed>1.2</osmand:speed>
        </extensions>
      </trkpt>
      <trkpt lat="46.8905186" lon="10.1229162">
        <ele>2462.1</ele>
        <time>2026-09-21T08:13:34Z</time>
        <hdop>10.2</hdop>
        <extensions>
          <osmand:speed>1.1</osmand:speed>
        </extensions>
      </trkpt>
      <trkpt lat="46.8904607" lon="10.1229783">
        <ele>2462.1</ele>
        <time>2026-09-21T08:13:40Z</time>
        <hdop>11.2</hdop>
        <extensions>
          <osmand:speed>1.3</osmand:speed>
        </extensions>
      </trkpt>
      <trkpt lat="46.890403" lon="10.1229918">
        <ele>2462.1</ele>
        <time>2026-09-21T08:13:46Z</time>
        <hdop>10.2</hdop>
        <extensions>
          <osmand:speed>1.1</osmand:speed>
        </extensions>
      </trkpt>
      <trkpt lat="46.8903412" lon="10.1230293">
        <ele>2462.1</ele>
        <time>2026-09-21T08:13:52Z</time>
        <hdop>11.2</hdop>
        <extensions>
          <osmand:speed>0.9</osmand:speed>
        </extensions>
      </trkpt>
      <trkpt lat="46.8902832" lon="10.1230773">
        <ele>2463.1</ele>
        <time>2026-09-21T08:13:58Z</time>
        <hdop>11.7</hdop>
        <extensions>
          <osmand:speed>1</osmand:speed>
        </extensions>
      </trkpt>
      <trkpt lat="46.8902392" lon="10.123123">
        <ele>2465.1</ele>
        <time>2026-09-21T08:14:04Z</time>
        <hdop>12.2</hdop>
        <extensions>
          <osmand:speed>1.1</osmand:speed>
        </extensions>
      </trkpt>
      <trkpt lat="46.8901856" lon="10.1231433">
        <ele>2466.1</ele>
        <time>2026-09-21T08:14:10Z</time>
        <hdop>10.2</hdop>
        <extensions>
          <osmand:speed>0.8</osmand:speed>
        </extensions>
      </trkpt>
      <trkpt lat="46.8901359" lon="10.1231575">
        <ele>2467.1</ele>
        <time>2026-09-21T08:14:16Z</time>
        <hdop>10.7</hdop>
        <extensions>
          <osmand:speed>1.1</osmand:speed>
        </extensions>
      </trkpt>
      <trkpt lat="46.8900755" lon="10.1231942">
        <ele>2468.1</ele>
        <time>2026-09-21T08:14:22Z</time>
        <hdop>10.7</hdop>
        <extensions>
          <osmand:speed>1.3</osmand:speed>
        </extensions>
      </trkpt>
      <trkpt lat="46.890005" lon="10.1232027">
        <ele>2468.1</ele>
        <time>2026-09-21T08:14:28Z</time>
        <hdop>12.8</hdop>
        <extensions>
          <osmand:speed>1.1</osmand:speed>
        </extensions>
      </trkpt>
      <trkpt lat="46.8899513" lon="10.1231836">
        <ele>2468.1</ele>
        <time>2026-09-21T08:14:34Z</time>
        <hdop>11.7</hdop>
        <extensions>
          <osmand:speed>0.7</osmand:speed>
        </extensions>
      </trkpt>
      <trkpt lat="46.8899159" lon="10.1232265">
        <ele>2469.1</ele>
        <time>2026-09-21T08:14:40Z</time>
        <hdop>12.8</hdop>
        <extensions>
          <osmand:speed>0.9</osmand:speed>
        </extensions>
      </trkpt>
      <trkpt lat="46.8898722" lon="10.1232635">
        <ele>2470.1</ele>
        <time>2026-09-21T08:14:46Z</time>
        <hdop>12.2</hdop>
        <extensions>
          <osmand:speed>0.6</osmand:speed>
        </extensions>
      </trkpt>
      <trkpt lat="46.8898152" lon="10.1233093">
        <ele>2472.1</ele>
        <time>2026-09-21T08:14:52Z</time>
        <hdop>11.2</hdop>
        <extensions>
          <osmand:speed>1.4</osmand:speed>
        </extensions>
      </trkpt>
      <trkpt lat="46.8897844" lon="10.1233432">
        <ele>2472.1</ele>
        <time>2026-09-21T08:14:58Z</time>
        <hdop>8.2</hdop>
        <extensions>
          <osmand:speed>0.7</osmand:speed>
        </extensions>
      </trkpt>
      <trkpt lat="46.8897604" lon="10.123361">
        <ele>2473.1</ele>
        <time>2026-09-21T08:15:04Z</time>
        <hdop>13.3</hdop>
        <extensions>
          <osmand:speed>0.4</osmand:speed>
        </extensions>
      </trkpt>
      <trkpt lat="46.8897299" lon="10.1234328">
        <ele>2474.1</ele>
        <time>2026-09-21T08:15:10Z</time>
        <hdop>13.8</hdop>
        <extensions>
          <osmand:speed>0.6</osmand:speed>
        </extensions>
      </trkpt>
      <trkpt lat="46.8896905" lon="10.1234623">
        <ele>2475.1</ele>
        <time>2026-09-21T08:15:16Z</time>
        <hdop>10.7</hdop>
        <extensions>
          <osmand:speed>0.2</osmand:speed>
        </extensions>
      </trkpt>
      <trkpt lat="46.8896701" lon="10.1234848">
        <ele>2477.1</ele>
        <time>2026-09-21T08:15:23Z</time>
        <hdop>9.2</hdop>
        <extensions>
          <osmand:speed>1.4</osmand:speed>
        </extensions>
      </trkpt>
      <trkpt lat="46.8896392" lon="10.1234887">
        <ele>2477.1</ele>
        <time>2026-09-21T08:15:29Z</time>
        <hdop>11.2</hdop>
        <extensions>
          <osmand:speed>0.7</osmand:speed>
        </extensions>
      </trkpt>
      <trkpt lat="46.8895784" lon="10.1235049">
        <ele>2478.1</ele>
        <time>2026-09-21T08:15:35Z</time>
        <hdop>12.2</hdop>
        <extensions>
          <osmand:speed>1.3</osmand:speed>
        </extensions>
      </trkpt>
      <trkpt lat="46.8895391" lon="10.1234886">
        <ele>2479.1</ele>
        <time>2026-09-21T08:15:41Z</time>
        <hdop>11.7</hdop>
        <extensions>
          <osmand:speed>0.7</osmand:speed>
        </extensions>
      </trkpt>
      <trkpt lat="46.8894814" lon="10.1234525">
        <ele>2479.1</ele>
        <time>2026-09-21T08:15:47Z</time>
        <hdop>10.2</hdop>
        <extensions>
          <osmand:speed>0.9</osmand:speed>
        </extensions>
      </trkpt>
      <trkpt lat="46.8894619" lon="10.1234264">
        <ele>2480.1</ele>
        <time>2026-09-21T08:15:53Z</time>
        <hdop>8.7</hdop>
        <extensions>
          <osmand:speed>0.5</osmand:speed>
        </extensions>
      </trkpt>
      <trkpt lat="46.889453" lon="10.1234">
        <ele>2480.1</ele>
        <time>2026-09-21T08:15:59Z</time>
        <hdop>11.7</hdop>
        <extensions>
          <osmand:speed>0.6</osmand:speed>
        </extensions>
      </trkpt>
      <trkpt lat="46.8894387" lon="10.1233523">
        <ele>2480.1</ele>
        <time>2026-09-21T08:16:05Z</time>
        <hdop>7.7</hdop>
        <extensions>
          <osmand:speed>0.5</osmand:speed>
        </extensions>
      </trkpt>
      <trkpt lat="46.8893863" lon="10.1233406">
        <ele>2481.1</ele>
        <time>2026-09-21T08:16:11Z</time>
        <hdop>10.2</hdop>
        <extensions>
          <osmand:speed>1.8</osmand:speed>
        </extensions>
      </trkpt>
      <trkpt lat="46.8893393" lon="10.123342">
        <ele>2483.1</ele>
        <time>2026-09-21T08:16:17Z</time>
        <hdop>12.2</hdop>
        <extensions>
          <osmand:speed>0.5</osmand:speed>
        </extensions>
      </trkpt>
      <trkpt lat="46.8892941" lon="10.1233732">
        <ele>2484.1</ele>
        <time>2026-09-21T08:16:23Z</time>
        <hdop>11.7</hdop>
        <extensions>
          <osmand:speed>0.8</osmand:speed>
        </extensions>
      </trkpt>
      <trkpt lat="46.8892755" lon="10.1233379">
        <ele>2486.1</ele>
        <time>2026-09-21T08:16:29Z</time>
        <hdop>12.2</hdop>
        <extensions>
          <osmand:speed>0.5</osmand:speed>
        </extensions>
      </trkpt>
      <trkpt lat="46.8892602" lon="10.123358">
        <ele>2486.1</ele>
        <time>2026-09-21T08:16:39Z</time>
        <hdop>9.2</hdop>
        <extensions>
          <osmand:speed>0.8</osmand:speed>
        </extensions>
      </trkpt>
      <trkpt lat="46.8892508" lon="10.123321">
        <ele>2487.1</ele>
        <time>2026-09-21T08:16:45Z</time>
        <hdop>7.7</hdop>
        <extensions>
          <osmand:speed>0</osmand:speed>
        </extensions>
      </trkpt>
      <trkpt lat="46.8892363" lon="10.1233406">
        <ele>2488.1</ele>
        <time>2026-09-21T08:16:51Z</time>
        <hdop>5.6</hdop>
      </trkpt>
      <trkpt lat="46.8891982" lon="10.1233634">
        <ele>2488.1</ele>
        <time>2026-09-21T08:16:57Z</time>
        <hdop>7.7</hdop>
        <extensions>
          <osmand:speed>1.1</osmand:speed>
        </extensions>
      </trkpt>
      <trkpt lat="46.8891733" lon="10.123327">
        <ele>2489.1</ele>
        <time>2026-09-21T08:17:03Z</time>
        <hdop>10.7</hdop>
        <extensions>
          <osmand:speed>0.3</osmand:speed>
        </extensions>
      </trkpt>
      <trkpt lat="46.8891541" lon="10.1232831">
        <ele>2490.1</ele>
        <time>2026-09-21T08:17:09Z</time>
        <hdop>10.7</hdop>
        <extensions>
          <osmand:speed>1.1</osmand:speed>
        </extensions>
      </trkpt>
      <trkpt lat="46.8891244" lon="10.1232634">
        <ele>2490.1</ele>
        <time>2026-09-21T08:17:15Z</time>
        <hdop>11.2</hdop>
        <extensions>
          <osmand:speed>0.1</osmand:speed>
        </extensions>
      </trkpt>
      <trkpt lat="46.8890955" lon="10.1232375">
        <ele>2491.1</ele>
        <time>2026-09-21T08:17:21Z</time>
        <hdop>11.2</hdop>
        <extensions>
          <osmand:speed>0.9</osmand:speed>
        </extensions>
      </trkpt>
      <trkpt lat="46.88906" lon="10.1232446">
        <ele>2491.1</ele>
        <time>2026-09-21T08:17:27Z</time>
        <hdop>11.7</hdop>
        <extensions>
          <osmand:speed>0.6</osmand:speed>
        </extensions>
      </trkpt>
      <trkpt lat="46.8890441" lon="10.1232053">
        <ele>2492.1</ele>
        <time>2026-09-21T08:17:33Z</time>
        <hdop>10.7</hdop>
        <extensions>
          <osmand:speed>0.6</osmand:speed>
        </extensions>
      </trkpt>
      <trkpt lat="46.8890261" lon="10.1232253">
        <ele>2493.1</ele>
        <time>2026-09-21T08:17:41Z</time>
        <hdop>11.7</hdop>
        <extensions>
          <osmand:speed>0.7</osmand:speed>
        </extensions>
      </trkpt>
      <trkpt lat="46.889003" lon="10.1231866">
        <ele>2494.1</ele>
        <time>2026-09-21T08:17:47Z</time>
        <hdop>10.7</hdop>
        <extensions>
          <osmand:speed>0.8</osmand:speed>
        </extensions>
      </trkpt>
      <trkpt lat="46.8889871" lon="10.1231467">
        <ele>2495.1</ele>
        <time>2026-09-21T08:17:53Z</time>
        <hdop>10.7</hdop>
        <extensions>
          <osmand:speed>0.8</osmand:speed>
        </extensions>
      </trkpt>
      <trkpt lat="46.8889691" lon="10.1231578">
        <ele>2496.1</ele>
        <time>2026-09-21T08:17:59Z</time>
        <hdop>11.7</hdop>
        <extensions>
          <osmand:speed>0.2</osmand:speed>
        </extensions>
      </trkpt>
      <trkpt lat="46.8889479" lon="10.1231648">
        <ele>2497.1</ele>
        <time>2026-09-21T08:18:07Z</time>
        <hdop>9.2</hdop>
        <extensions>
          <osmand:speed>0.7</osmand:speed>
        </extensions>
      </trkpt>
      <trkpt lat="46.8889099" lon="10.1231379">
        <ele>2497.1</ele>
        <time>2026-09-21T08:18:13Z</time>
        <hdop>11.7</hdop>
        <extensions>
          <osmand:speed>0.8</osmand:speed>
        </extensions>
      </trkpt>
      <trkpt lat="46.8888688" lon="10.1230913">
        <ele>2498.1</ele>
        <time>2026-09-21T08:18:19Z</time>
        <hdop>11.7</hdop>
        <extensions>
          <osmand:speed>0.9</osmand:speed>
        </extensions>
      </trkpt>
      <trkpt lat="46.8888265" lon="10.1230864">
        <ele>2498.1</ele>
        <time>2026-09-21T08:18:25Z</time>
        <hdop>12.8</hdop>
        <extensions>
          <osmand:speed>0.5</osmand:speed>
        </extensions>
      </trkpt>
      <trkpt lat="46.8887884" lon="10.1230636">
        <ele>2500.1</ele>
        <time>2026-09-21T08:18:31Z</time>
        <hdop>11.2</hdop>
        <extensions>
          <osmand:speed>0.9</osmand:speed>
        </extensions>
      </trkpt>
      <trkpt lat="46.8887625" lon="10.1230227">
        <ele>2501.1</ele>
        <time>2026-09-21T08:18:37Z</time>
        <hdop>10.7</hdop>
        <extensions>
          <osmand:speed>1</osmand:speed>
        </extensions>
      </trkpt>
      <trkpt lat="46.8887472" lon="10.1229562">
        <ele>2501.1</ele>
        <time>2026-09-21T08:18:43Z</time>
        <hdop>10.7</hdop>
        <extensions>
          <osmand:speed>1.3</osmand:speed>
        </extensions>
      </trkpt>
      <trkpt lat="46.8886933" lon="10.1229453">
        <ele>2502.1</ele>
        <time>2026-09-21T08:18:49Z</time>
        <hdop>13.3</hdop>
        <extensions>
          <osmand:speed>0.6</osmand:speed>
        </extensions>
      </trkpt>
      <trkpt lat="46.8886424" lon="10.1229687">
        <ele>2503.1</ele>
        <time>2026-09-21T08:18:55Z</time>
        <hdop>12.8</hdop>
        <extensions>
          <osmand:speed>0.6</osmand:speed>
        </extensions>
      </trkpt>
      <trkpt lat="46.8885831" lon="10.1230307">
        <ele>2505.1</ele>
        <time>2026-09-21T08:19:01Z</time>
        <hdop>12.2</hdop>
        <extensions>
          <osmand:speed>1</osmand:speed>
        </extensions>
      </trkpt>
      <trkpt lat="46.8885309" lon="10.1230573">
        <ele>2505.1</ele>
        <time>2026-09-21T08:19:07Z</time>
        <hdop>11.2</hdop>
        <extensions>
          <osmand:speed>1</osmand:speed>
        </extensions>
      </trkpt>
      <trkpt lat="46.8884739" lon="10.1230276">
        <ele>2507.1</ele>
        <time>2026-09-21T08:19:13Z</time>
        <hdop>13.3</hdop>
        <extensions>
          <osmand:speed>1.8</osmand:speed>
        </extensions>
      </trkpt>
      <trkpt lat="46.8884628" lon="10.1229533">
        <ele>2507.1</ele>
        <time>2026-09-21T08:19:19Z</time>
        <hdop>12.8</hdop>
        <extensions>
          <osmand:speed>0.7</osmand:speed>
        </extensions>
      </trkpt>
      <trkpt lat="46.8884163" lon="10.1229654">
        <ele>2507.1</ele>
        <time>2026-09-21T08:19:25Z</time>
        <hdop>11.7</hdop>
        <extensions>
          <osmand:speed>0.5</osmand:speed>
        </extensions>
      </trkpt>
      <trkpt lat="46.8883578" lon="10.1229485">
        <ele>2507.1</ele>
        <time>2026-09-21T08:19:31Z</time>
        <hdop>11.2</hdop>
        <extensions>
          <osmand:speed>1.2</osmand:speed>
        </extensions>
      </trkpt>
      <trkpt lat="46.8883007" lon="10.1229303">
        <ele>2507.1</ele>
        <time>2026-09-21T08:19:37Z</time>
        <hdop>10.2</hdop>
        <extensions>
          <osmand:speed>1.1</osmand:speed>
        </extensions>
      </trkpt>
      <trkpt lat="46.8882407" lon="10.1229069">
        <ele>2508.1</ele>
        <time>2026-09-21T08:19:43Z</time>
        <hdop>12.2</hdop>
        <extensions>
          <osmand:speed>1.1</osmand:speed>
        </extensions>
      </trkpt>
      <trkpt lat="46.8881955" lon="10.1228596">
        <ele>2508.1</ele>
        <time>2026-09-21T08:19:49Z</time>
        <hdop>9.7</hdop>
        <extensions>
          <osmand:speed>1.3</osmand:speed>
        </extensions>
      </trkpt>
      <trkpt lat="46.8881531" lon="10.1228168">
        <ele>2510.1</ele>
        <time>2026-09-21T08:19:55Z</time>
        <hdop>12.2</hdop>
        <extensions>
          <osmand:speed>0.9</osmand:speed>
        </extensions>
      </trkpt>
      <trkpt lat="46.8881349" lon="10.12277">
        <ele>2511.1</ele>
        <time>2026-09-21T08:20:01Z</time>
        <hdop>11.7</hdop>
        <extensions>
          <osmand:speed>1.3</osmand:speed>
        </extensions>
      </trkpt>
      <trkpt lat="46.8881226" lon="10.1227137">
        <ele>2512.1</ele>
        <time>2026-09-21T08:20:07Z</time>
        <hdop>14.3</hdop>
        <extensions>
          <osmand:speed>0.8</osmand:speed>
        </extensions>
      </trkpt>
      <trkpt lat="46.8880761" lon="10.1227022">
        <ele>2512.1</ele>
        <time>2026-09-21T08:20:13Z</time>
        <hdop>10.7</hdop>
        <extensions>
          <osmand:speed>0.8</osmand:speed>
        </extensions>
      </trkpt>
      <trkpt lat="46.8880483" lon="10.1226572">
        <ele>2513.1</ele>
        <time>2026-09-21T08:20:19Z</time>
        <hdop>10.2</hdop>
        <extensions>
          <osmand:speed>0.8</osmand:speed>
        </extensions>
      </trkpt>
      <trkpt lat="46.8880081" lon="10.1226162">
        <ele>2513.1</ele>
        <time>2026-09-21T08:20:25Z</time>
        <hdop>10.7</hdop>
        <extensions>
          <osmand:speed>0.8</osmand:speed>
        </extensions>
      </trkpt>
      <trkpt lat="46.8879631" lon="10.1226285">
        <ele>2514.1</ele>
        <time>2026-09-21T08:20:31Z</time>
        <hdop>11.2</hdop>
        <extensions>
          <osmand:speed>0.7</osmand:speed>
        </extensions>
      </trkpt>
      <trkpt lat="46.88795" lon="10.1225912">
        <ele>2514.1</ele>
        <time>2026-09-21T08:20:37Z</time>
        <hdop>8.7</hdop>
        <extensions>
          <osmand:speed>0.7</osmand:speed>
        </extensions>
      </trkpt>
      <trkpt lat="46.8879234" lon="10.1225651">
        <ele>2515.1</ele>
        <time>2026-09-21T08:20:43Z</time>
        <hdop>11.2</hdop>
        <extensions>
          <osmand:speed>0.5</osmand:speed>
        </extensions>
      </trkpt>
      <trkpt lat="46.8878702" lon="10.1225543">
        <ele>2516.1</ele>
        <time>2026-09-21T08:20:49Z</time>
        <hdop>10.7</hdop>
        <extensions>
          <osmand:speed>0.5</osmand:speed>
        </extensions>
      </trkpt>
      <trkpt lat="46.887807" lon="10.1225468">
        <ele>2517.1</ele>
        <time>2026-09-21T08:20:55Z</time>
        <hdop>10.7</hdop>
        <extensions>
          <osmand:speed>1.4</osmand:speed>
        </extensions>
      </trkpt>
      <trkpt lat="46.8878001" lon="10.1224744">
        <ele>2518.1</ele>
        <time>2026-09-21T08:21:01Z</time>
        <hdop>12.2</hdop>
        <extensions>
          <osmand:speed>0.7</osmand:speed>
        </extensions>
      </trkpt>
      <trkpt lat="46.8877574" lon="10.1224474">
        <ele>2519.1</ele>
        <time>2026-09-21T08:21:07Z</time>
        <hdop>11.7</hdop>
        <extensions>
          <osmand:speed>0.6</osmand:speed>
        </extensions>
      </trkpt>
      <trkpt lat="46.8877724" lon="10.1223998">
        <ele>2519.1</ele>
        <time>2026-09-21T08:21:13Z</time>
        <hdop>10.7</hdop>
        <extensions>
          <osmand:speed>1.1</osmand:speed>
        </extensions>
      </trkpt>
      <trkpt lat="46.8877412" lon="10.1223512">
        <ele>2520.1</ele>
        <time>2026-09-21T08:21:19Z</time>
        <hdop>7.7</hdop>
        <extensions>
          <osmand:speed>1.1</osmand:speed>
        </extensions>
      </trkpt>
      <trkpt lat="46.8876961" lon="10.1223087">
        <ele>2521.1</ele>
        <time>2026-09-21T08:21:25Z</time>
        <hdop>9.7</hdop>
        <extensions>
          <osmand:speed>0.4</osmand:speed>
        </extensions>
      </trkpt>
      <trkpt lat="46.8876846" lon="10.1222748">
        <ele>2521.1</ele>
        <time>2026-09-21T08:21:34Z</time>
        <hdop>11.2</hdop>
        <extensions>
          <osmand:speed>1.1</osmand:speed>
        </extensions>
      </trkpt>
      <trkpt lat="46.8876496" lon="10.1222319">
        <ele>2522.1</ele>
        <time>2026-09-21T08:21:40Z</time>
        <hdop>12.8</hdop>
        <extensions>
          <osmand:speed>0.7</osmand:speed>
        </extensions>
      </trkpt>
      <trkpt lat="46.8876247" lon="10.1222072">
        <ele>2524.1</ele>
        <time>2026-09-21T08:21:46Z</time>
        <hdop>10.7</hdop>
        <extensions>
          <osmand:speed>0.9</osmand:speed>
        </extensions>
      </trkpt>
      <trkpt lat="46.8875852" lon="10.1221816">
        <ele>2524.1</ele>
        <time>2026-09-21T08:21:52Z</time>
        <hdop>11.2</hdop>
        <extensions>
          <osmand:speed>1.2</osmand:speed>
        </extensions>
      </trkpt>
      <trkpt lat="46.8875635" lon="10.1221034">
        <ele>2524.1</ele>
        <time>2026-09-21T08:21:58Z</time>
        <hdop>11.7</hdop>
        <extensions>
          <osmand:speed>0.8</osmand:speed>
        </extensions>
      </trkpt>
      <trkpt lat="46.8875185" lon="10.1220659">
        <ele>2524.1</ele>
        <time>2026-09-21T08:22:04Z</time>
        <hdop>13.3</hdop>
        <extensions>
          <osmand:speed>0.9</osmand:speed>
        </extensions>
      </trkpt>
      <trkpt lat="46.887468" lon="10.1220115">
        <ele>2524.1</ele>
        <time>2026-09-21T08:22:10Z</time>
        <hdop>11.2</hdop>
        <extensions>
          <osmand:speed>0.8</osmand:speed>
        </extensions>
      </trkpt>
      <trkpt lat="46.8874382" lon="10.1219819">
        <ele>2524.1</ele>
        <time>2026-09-21T08:22:16Z</time>
        <hdop>11.2</hdop>
        <extensions>
          <osmand:speed>0.9</osmand:speed>
        </extensions>
      </trkpt>
      <trkpt lat="46.8873971" lon="10.1219443">
        <ele>2526.1</ele>
        <time>2026-09-21T08:22:22Z</time>
        <hdop>11.7</hdop>
        <extensions>
          <osmand:speed>1.1</osmand:speed>
        </extensions>
      </trkpt>
      <trkpt lat="46.8873706" lon="10.1218942">
        <ele>2527.1</ele>
        <time>2026-09-21T08:22:28Z</time>
        <hdop>10.2</hdop>
        <extensions>
          <osmand:speed>1.1</osmand:speed>
        </extensions>
      </trkpt>
      <trkpt lat="46.8873319" lon="10.1218219">
        <ele>2528.1</ele>
        <time>2026-09-21T08:22:34Z</time>
        <hdop>11.2</hdop>
        <extensions>
          <osmand:speed>0.7</osmand:speed>
        </extensions>
      </trkpt>
      <trkpt lat="46.8873055" lon="10.1217635">
        <ele>2530.1</ele>
        <time>2026-09-21T08:22:40Z</time>
        <hdop>10.7</hdop>
        <extensions>
          <osmand:speed>0.7</osmand:speed>
        </extensions>
      </trkpt>
      <trkpt lat="46.8872671" lon="10.1216956">
        <ele>2531.1</ele>
        <time>2026-09-21T08:22:46Z</time>
        <hdop>8.2</hdop>
        <extensions>
          <osmand:speed>0.9</osmand:speed>
        </extensions>
      </trkpt>
      <trkpt lat="46.8872482" lon="10.1216574">
        <ele>2532.1</ele>
        <time>2026-09-21T08:22:52Z</time>
        <hdop>12.8</hdop>
        <extensions>
          <osmand:speed>0.6</osmand:speed>
        </extensions>
      </trkpt>
      <trkpt lat="46.887203" lon="10.1216274">
        <ele>2533.1</ele>
        <time>2026-09-21T08:22:58Z</time>
        <hdop>11.2</hdop>
        <extensions>
          <osmand:speed>1</osmand:speed>
        </extensions>
      </trkpt>
      <trkpt lat="46.8871691" lon="10.1215719">
        <ele>2533.1</ele>
        <time>2026-09-21T08:23:04Z</time>
        <hdop>9.7</hdop>
        <extensions>
          <osmand:speed>1.1</osmand:speed>
        </extensions>
      </trkpt>
      <trkpt lat="46.8871436" lon="10.121498">
        <ele>2533.1</ele>
        <time>2026-09-21T08:23:10Z</time>
        <hdop>11.2</hdop>
        <extensions>
          <osmand:speed>1</osmand:speed>
        </extensions>
      </trkpt>
      <trkpt lat="46.8871106" lon="10.1214323">
        <ele>2534.1</ele>
        <time>2026-09-21T08:23:16Z</time>
        <hdop>9.7</hdop>
        <extensions>
          <osmand:speed>0.3</osmand:speed>
        </extensions>
      </trkpt>
      <trkpt lat="46.8870498" lon="10.1213958">
        <ele>2534.1</ele>
        <time>2026-09-21T08:23:22Z</time>
        <hdop>10.7</hdop>
        <extensions>
          <osmand:speed>0.8</osmand:speed>
        </extensions>
      </trkpt>
      <trkpt lat="46.8870082" lon="10.1213742">
        <ele>2536.1</ele>
        <time>2026-09-21T08:23:28Z</time>
        <hdop>12.2</hdop>
        <extensions>
          <osmand:speed>0.7</osmand:speed>
        </extensions>
      </trkpt>
      <trkpt lat="46.8869634" lon="10.1213588">
        <ele>2538.1</ele>
        <time>2026-09-21T08:23:34Z</time>
        <hdop>10.7</hdop>
        <extensions>
          <osmand:speed>0.7</osmand:speed>
        </extensions>
      </trkpt>
      <trkpt lat="46.8869483" lon="10.1212939">
        <ele>2538.1</ele>
        <time>2026-09-21T08:23:40Z</time>
        <hdop>11.7</hdop>
        <extensions>
          <osmand:speed>0.8</osmand:speed>
        </extensions>
      </trkpt>
      <trkpt lat="46.8869212" lon="10.1212432">
        <ele>2539.1</ele>
        <time>2026-09-21T08:23:46Z</time>
        <hdop>11.2</hdop>
        <extensions>
          <osmand:speed>0.7</osmand:speed>
        </extensions>
      </trkpt>
      <trkpt lat="46.8868843" lon="10.1212091">
        <ele>2539.1</ele>
        <time>2026-09-21T08:23:52Z</time>
        <hdop>13.8</hdop>
        <extensions>
          <osmand:speed>0.4</osmand:speed>
        </extensions>
      </trkpt>
      <trkpt lat="46.8868468" lon="10.1211661">
        <ele>2540.1</ele>
        <time>2026-09-21T08:23:58Z</time>
        <hdop>12.2</hdop>
        <extensions>
          <osmand:speed>0.6</osmand:speed>
        </extensions>
      </trkpt>
      <trkpt lat="46.8868265" lon="10.1211853">
        <ele>2541.1</ele>
        <time>2026-09-21T08:24:06Z</time>
        <hdop>10.7</hdop>
        <extensions>
          <osmand:speed>1</osmand:speed>
        </extensions>
      </trkpt>
      <trkpt lat="46.8867969" lon="10.12115">
        <ele>2541.1</ele>
        <time>2026-09-21T08:24:12Z</time>
        <hdop>11.7</hdop>
        <extensions>
          <osmand:speed>0.8</osmand:speed>
        </extensions>
      </trkpt>
      <trkpt lat="46.8867338" lon="10.1211559">
        <ele>2543.1</ele>
        <time>2026-09-21T08:24:18Z</time>
        <hdop>13.8</hdop>
        <extensions>
          <osmand:speed>1</osmand:speed>
        </extensions>
      </trkpt>
      <trkpt lat="46.8866928" lon="10.1211508">
        <ele>2544.1</ele>
        <time>2026-09-21T08:24:24Z</time>
        <hdop>11.7</hdop>
        <extensions>
          <osmand:speed>1.1</osmand:speed>
        </extensions>
      </trkpt>
      <trkpt lat="46.8866466" lon="10.1211498">
        <ele>2545.1</ele>
        <time>2026-09-21T08:24:30Z</time>
        <hdop>14.8</hdop>
        <extensions>
          <osmand:speed>0.8</osmand:speed>
        </extensions>
      </trkpt>
      <trkpt lat="46.8866103" lon="10.1211176">
        <ele>2546.1</ele>
        <time>2026-09-21T08:24:36Z</time>
        <hdop>13.8</hdop>
        <extensions>
          <osmand:speed>0.8</osmand:speed>
        </extensions>
      </trkpt>
      <trkpt lat="46.8865731" lon="10.1210831">
        <ele>2547.1</ele>
        <time>2026-09-21T08:24:42Z</time>
        <hdop>11.7</hdop>
        <extensions>
          <osmand:speed>1</osmand:speed>
        </extensions>
      </trkpt>
      <trkpt lat="46.8865559" lon="10.1210715">
        <ele>2548.1</ele>
        <time>2026-09-21T08:24:48Z</time>
        <hdop>12.8</hdop>
        <extensions>
          <osmand:speed>0.5</osmand:speed>
        </extensions>
      </trkpt>
      <trkpt lat="46.8865185" lon="10.1210473">
        <ele>2549.1</ele>
        <time>2026-09-21T08:24:54Z</time>
        <hdop>12.2</hdop>
        <extensions>
          <osmand:speed>0.7</osmand:speed>
        </extensions>
      </trkpt>
      <trkpt lat="46.8865025" lon="10.1209839">
        <ele>2549.1</ele>
        <time>2026-09-21T08:25:00Z</time>
        <hdop>11.7</hdop>
        <extensions>
          <osmand:speed>0.9</osmand:speed>
        </extensions>
      </trkpt>
      <trkpt lat="46.8865283" lon="10.1210113">
        <ele>2550.1</ele>
        <time>2026-09-21T08:25:06Z</time>
        <hdop>14.8</hdop>
        <extensions>
          <osmand:speed>0.5</osmand:speed>
        </extensions>
      </trkpt>
      <trkpt lat="46.8865502" lon="10.1209702">
        <ele>2549.1</ele>
        <time>2026-09-21T08:25:12Z</time>
        <hdop>12.2</hdop>
        <extensions>
          <osmand:speed>0.9</osmand:speed>
        </extensions>
      </trkpt>
      <trkpt lat="46.8865851" lon="10.1209493">
        <ele>2550.1</ele>
        <time>2026-09-21T08:25:18Z</time>
        <hdop>12.2</hdop>
        <extensions>
          <osmand:speed>0.6</osmand:speed>
        </extensions>
      </trkpt>
      <trkpt lat="46.8866244" lon="10.1209144">
        <ele>2553.1</ele>
        <time>2026-09-21T08:25:24Z</time>
        <hdop>10.7</hdop>
        <extensions>
          <osmand:speed>0.9</osmand:speed>
        </extensions>
      </trkpt>
      <trkpt lat="46.8866434" lon="10.1208735">
        <ele>2553.1</ele>
        <time>2026-09-21T08:25:30Z</time>
        <hdop>12.2</hdop>
        <extensions>
          <osmand:speed>0.1</osmand:speed>
        </extensions>
      </trkpt>
      <trkpt lat="46.8866271" lon="10.1208218">
        <ele>2553.1</ele>
        <time>2026-09-21T08:25:36Z</time>
        <hdop>12.8</hdop>
        <extensions>
          <osmand:speed>0.6</osmand:speed>
        </extensions>
      </trkpt>
      <trkpt lat="46.8866404" lon="10.1207766">
        <ele>2552.1</ele>
        <time>2026-09-21T08:25:42Z</time>
        <hdop>10.2</hdop>
        <extensions>
          <osmand:speed>0.9</osmand:speed>
        </extensions>
      </trkpt>
      <trkpt lat="46.88664" lon="10.1207245">
        <ele>2553.1</ele>
        <time>2026-09-21T08:25:48Z</time>
        <hdop>12.8</hdop>
        <extensions>
          <osmand:speed>0.5</osmand:speed>
        </extensions>
      </trkpt>
      <trkpt lat="46.8866109" lon="10.1206623">
        <ele>2554.1</ele>
        <time>2026-09-21T08:25:54Z</time>
        <hdop>9.7</hdop>
        <extensions>
          <osmand:speed>0.7</osmand:speed>
        </extensions>
      </trkpt>
      <trkpt lat="46.8866098" lon="10.1206272">
        <ele>2554.1</ele>
        <time>2026-09-21T08:26:01Z</time>
        <hdop>11.7</hdop>
        <extensions>
          <osmand:speed>0.5</osmand:speed>
        </extensions>
      </trkpt>
      <trkpt lat="46.8866039" lon="10.1205955">
        <ele>2555.1</ele>
        <time>2026-09-21T08:26:07Z</time>
        <hdop>10.2</hdop>
        <extensions>
          <osmand:speed>0.6</osmand:speed>
        </extensions>
      </trkpt>
      <trkpt lat="46.8865855" lon="10.1205914">
        <ele>2558.1</ele>
        <time>2026-09-21T08:26:13Z</time>
        <hdop>11.7</hdop>
        <extensions>
          <osmand:speed>0.1</osmand:speed>
        </extensions>
      </trkpt>
      <trkpt lat="46.8865612" lon="10.1205991">
        <ele>2562.1</ele>
        <time>2026-09-21T08:26:19Z</time>
        <hdop>12.2</hdop>
        <extensions>
          <osmand:speed>0.1</osmand:speed>
        </extensions>
      </trkpt>
      <trkpt lat="46.8865388" lon="10.1205584">
        <ele>2562.1</ele>
        <time>2026-09-21T08:26:25Z</time>
        <hdop>10.2</hdop>
        <extensions>
          <osmand:speed>0.7</osmand:speed>
        </extensions>
      </trkpt>
      <trkpt lat="46.8865193" lon="10.1205015">
        <ele>2563.1</ele>
        <time>2026-09-21T08:26:31Z</time>
        <hdop>11.7</hdop>
        <extensions>
          <osmand:speed>0.2</osmand:speed>
        </extensions>
      </trkpt>
      <trkpt lat="46.8865237" lon="10.1205293">
        <ele>2564.1</ele>
        <time>2026-09-21T08:26:40Z</time>
        <hdop>11.7</hdop>
        <extensions>
          <osmand:speed>0.4</osmand:speed>
        </extensions>
      </trkpt>
      <trkpt lat="46.8865227" lon="10.1205693">
        <ele>2563.1</ele>
        <time>2026-09-21T08:26:47Z</time>
        <hdop>9.2</hdop>
        <extensions>
          <osmand:speed>1</osmand:speed>
        </extensions>
      </trkpt>
      <trkpt lat="46.8865129" lon="10.1205406">
        <ele>2565.1</ele>
        <time>2026-09-21T08:26:53Z</time>
        <hdop>8.2</hdop>
        <extensions>
          <osmand:speed>0</osmand:speed>
        </extensions>
      </trkpt>
      <trkpt lat="46.8865227" lon="10.1205174">
        <ele>2565.1</ele>
        <time>2026-09-21T08:26:59Z</time>
        <hdop>7.1</hdop>
        <extensions>
          <osmand:speed>0.2</osmand:speed>
        </extensions>
      </trkpt>
      <trkpt lat="46.8865228" lon="10.1205494">
        <ele>2565.1</ele>
        <time>2026-09-21T08:27:09Z</time>
        <hdop>11.7</hdop>
        <extensions>
          <osmand:speed>0.1</osmand:speed>
        </extensions>
      </trkpt>
      <trkpt lat="46.8865413" lon="10.1205218">
        <ele>2566.1</ele>
        <time>2026-09-21T08:27:15Z</time>
        <hdop>12.8</hdop>
        <extensions>
          <osmand:speed>1.3</osmand:speed>
        </extensions>
      </trkpt>
      <trkpt lat="46.8865328" lon="10.12045">
        <ele>2566.1</ele>
        <time>2026-09-21T08:27:21Z</time>
        <hdop>14.3</hdop>
        <extensions>
          <osmand:speed>0.5</osmand:speed>
        </extensions>
      </trkpt>
      <trkpt lat="46.8865002" lon="10.1204337">
        <ele>2566.1</ele>
        <time>2026-09-21T08:27:27Z</time>
        <hdop>12.2</hdop>
        <extensions>
          <osmand:speed>0.7</osmand:speed>
        </extensions>
      </trkpt>
      <trkpt lat="46.8864323" lon="10.1203769">
        <ele>2567.1</ele>
        <time>2026-09-21T08:27:44Z</time>
        <hdop>12.8</hdop>
        <extensions>
          <osmand:speed>0.7</osmand:speed>
        </extensions>
      </trkpt>
      <trkpt lat="46.886329" lon="10.1203654">
        <ele>2569.1</ele>
        <time>2026-09-21T08:27:56Z</time>
        <hdop>11.2</hdop>
        <extensions>
          <osmand:speed>1</osmand:speed>
        </extensions>
      </trkpt>
      <trkpt lat="46.8862787" lon="10.1203831">
        <ele>2570.1</ele>
        <time>2026-09-21T08:28:02Z</time>
        <hdop>12.8</hdop>
        <extensions>
          <osmand:speed>0.9</osmand:speed>
        </extensions>
      </trkpt>
      <trkpt lat="46.8862503" lon="10.1204181">
        <ele>2571.1</ele>
        <time>2026-09-21T08:28:08Z</time>
        <hdop>14.3</hdop>
        <extensions>
          <osmand:speed>0.6</osmand:speed>
        </extensions>
      </trkpt>
      <trkpt lat="46.8862317" lon="10.1204213">
        <ele>2570.1</ele>
        <time>2026-09-21T08:28:16Z</time>
        <hdop>12.8</hdop>
        <extensions>
          <osmand:speed>0.1</osmand:speed>
        </extensions>
      </trkpt>
      <trkpt lat="46.8862076" lon="10.1204313">
        <ele>2569.1</ele>
        <time>2026-09-21T08:28:22Z</time>
        <hdop>9.7</hdop>
        <extensions>
          <osmand:speed>1.2</osmand:speed>
        </extensions>
      </trkpt>
      <trkpt lat="46.886164" lon="10.1204733">
        <ele>2569.1</ele>
        <time>2026-09-21T08:28:28Z</time>
        <hdop>10.7</hdop>
        <extensions>
          <osmand:speed>0.6</osmand:speed>
        </extensions>
      </trkpt>
      <trkpt lat="46.8861063" lon="10.1204312">
        <ele>2569.1</ele>
        <time>2026-09-21T08:28:34Z</time>
        <hdop>12.2</hdop>
        <extensions>
          <osmand:speed>1.1</osmand:speed>
        </extensions>
      </trkpt>
      <trkpt lat="46.886088" lon="10.1204189">
        <ele>2570.1</ele>
        <time>2026-09-21T08:28:42Z</time>
        <hdop>14.3</hdop>
        <extensions>
          <osmand:speed>0.9</osmand:speed>
        </extensions>
      </trkpt>
      <trkpt lat="46.8860166" lon="10.1204324">
        <ele>2573.1</ele>
        <time>2026-09-21T08:29:00Z</time>
        <hdop>14.3</hdop>
        <extensions>
          <osmand:speed>0.5</osmand:speed>
        </extensions>
      </trkpt>
      <trkpt lat="46.8859928" lon="10.1204511">
        <ele>2573.1</ele>
        <time>2026-09-21T08:29:06Z</time>
        <hdop>14.3</hdop>
        <extensions>
          <osmand:speed>0.5</osmand:speed>
        </extensions>
      </trkpt>
      <trkpt lat="46.8859793" lon="10.1205204">
        <ele>2573.1</ele>
        <time>2026-09-21T08:29:12Z</time>
        <hdop>14.3</hdop>
        <extensions>
          <osmand:speed>0.7</osmand:speed>
        </extensions>
      </trkpt>
      <trkpt lat="46.8859428" lon="10.1205843">
        <ele>2574.1</ele>
        <time>2026-09-21T08:29:18Z</time>
        <hdop>13.8</hdop>
        <extensions>
          <osmand:speed>0.9</osmand:speed>
        </extensions>
      </trkpt>
      <trkpt lat="46.885927" lon="10.1206181">
        <ele>2577.1</ele>
        <time>2026-09-21T08:29:38Z</time>
        <hdop>11.2</hdop>
        <extensions>
          <osmand:speed>0.7</osmand:speed>
        </extensions>
      </trkpt>
      <trkpt lat="46.8859077" lon="10.1206359">
        <ele>2578.1</ele>
        <time>2026-09-21T08:29:46Z</time>
        <hdop>12.8</hdop>
        <extensions>
          <osmand:speed>0.1</osmand:speed>
        </extensions>
      </trkpt>
      <trkpt lat="46.8858659" lon="10.1207091">
        <ele>2580.1</ele>
        <time>2026-09-21T08:29:52Z</time>
        <hdop>12.2</hdop>
        <extensions>
          <osmand:speed>0.7</osmand:speed>
        </extensions>
      </trkpt>
      <trkpt lat="46.8858363" lon="10.1207519">
        <ele>2580.1</ele>
        <time>2026-09-21T08:29:58Z</time>
        <hdop>13.8</hdop>
        <extensions>
          <osmand:speed>1.2</osmand:speed>
        </extensions>
      </trkpt>
      <trkpt lat="46.8858042" lon="10.1207687">
        <ele>2581.1</ele>
        <time>2026-09-21T08:30:04Z</time>
        <hdop>12.8</hdop>
        <extensions>
          <osmand:speed>0.9</osmand:speed>
        </extensions>
      </trkpt>
      <trkpt lat="46.8857725" lon="10.120789">
        <ele>2582.1</ele>
        <time>2026-09-21T08:30:10Z</time>
        <hdop>12.2</hdop>
        <extensions>
          <osmand:speed>0.6</osmand:speed>
        </extensions>
      </trkpt>
      <trkpt lat="46.885719" lon="10.1208124">
        <ele>2582.1</ele>
        <time>2026-09-21T08:30:16Z</time>
        <hdop>11.2</hdop>
        <extensions>
          <osmand:speed>1.1</osmand:speed>
        </extensions>
      </trkpt>
      <trkpt lat="46.8856775" lon="10.1208645">
        <ele>2582.1</ele>
        <time>2026-09-21T08:30:22Z</time>
        <hdop>10.7</hdop>
        <extensions>
          <osmand:speed>0.6</osmand:speed>
        </extensions>
      </trkpt>
      <trkpt lat="46.8856572" lon="10.1208577">
        <ele>2585.1</ele>
        <time>2026-09-21T08:30:31Z</time>
        <hdop>12.2</hdop>
        <extensions>
          <osmand:speed>0.7</osmand:speed>
        </extensions>
      </trkpt>
      <trkpt lat="46.8856291" lon="10.1208685">
        <ele>2586.1</ele>
        <time>2026-09-21T08:30:37Z</time>
        <hdop>10.2</hdop>
      </trkpt>
      <trkpt lat="46.8856067" lon="10.1208697">
        <ele>2587.1</ele>
        <time>2026-09-21T08:30:48Z</time>
        <hdop>11.2</hdop>
        <extensions>
          <osmand:speed>0.9</osmand:speed>
        </extensions>
      </trkpt>
      <trkpt lat="46.8855889" lon="10.1208657">
        <ele>2587.1</ele>
        <time>2026-09-21T08:30:54Z</time>
        <hdop>12.2</hdop>
        <extensions>
          <osmand:speed>0.2</osmand:speed>
        </extensions>
      </trkpt>
      <trkpt lat="46.8855558" lon="10.1208621">
        <ele>2587.1</ele>
        <time>2026-09-21T08:31:00Z</time>
        <hdop>11.2</hdop>
        <extensions>
          <osmand:speed>0.8</osmand:speed>
        </extensions>
      </trkpt>
      <trkpt lat="46.8855299" lon="10.1208677">
        <ele>2589.1</ele>
        <time>2026-09-21T08:31:06Z</time>
        <hdop>11.7</hdop>
        <extensions>
          <osmand:speed>0.9</osmand:speed>
        </extensions>
      </trkpt>
      <trkpt lat="46.885517" lon="10.120846">
        <ele>2592.1</ele>
        <time>2026-09-21T08:31:25Z</time>
        <hdop>12.8</hdop>
        <extensions>
          <osmand:speed>1.1</osmand:speed>
        </extensions>
      </trkpt>
      <trkpt lat="46.885498" lon="10.1208481">
        <ele>2593.1</ele>
        <time>2026-09-21T08:31:43Z</time>
        <hdop>8.7</hdop>
        <extensions>
          <osmand:speed>0.7</osmand:speed>
        </extensions>
      </trkpt>
      <trkpt lat="46.8854489" lon="10.120854">
        <ele>2595.1</ele>
        <time>2026-09-21T08:31:49Z</time>
        <hdop>12.2</hdop>
        <extensions>
          <osmand:speed>0.5</osmand:speed>
        </extensions>
      </trkpt>
      <trkpt lat="46.8854037" lon="10.1208347">
        <ele>2595.1</ele>
        <time>2026-09-21T08:31:57Z</time>
        <hdop>11.7</hdop>
        <extensions>
          <osmand:speed>0.4</osmand:speed>
        </extensions>
      </trkpt>
      <trkpt lat="46.8853856" lon="10.1208459">
        <ele>2595.1</ele>
        <time>2026-09-21T08:32:03Z</time>
        <hdop>10.2</hdop>
        <extensions>
          <osmand:speed>1</osmand:speed>
        </extensions>
      </trkpt>
      <trkpt lat="46.8853525" lon="10.120826">
        <ele>2596.1</ele>
        <time>2026-09-21T08:32:09Z</time>
        <hdop>13.3</hdop>
        <extensions>
          <osmand:speed>1.3</osmand:speed>
        </extensions>
      </trkpt>
      <trkpt lat="46.8853605" lon="10.1207836">
        <ele>2597.1</ele>
        <time>2026-09-21T08:32:15Z</time>
        <hdop>12.8</hdop>
        <extensions>
          <osmand:speed>0.6</osmand:speed>
        </extensions>
      </trkpt>
      <trkpt lat="46.8853323" lon="10.1208369">
        <ele>2597.1</ele>
        <time>2026-09-21T08:32:21Z</time>
        <hdop>12.8</hdop>
        <extensions>
          <osmand:speed>0.9</osmand:speed>
        </extensions>
      </trkpt>
      <trkpt lat="46.8853083" lon="10.120805">
        <ele>2599.1</ele>
        <time>2026-09-21T08:32:27Z</time>
        <hdop>11.7</hdop>
        <extensions>
          <osmand:speed>0.7</osmand:speed>
        </extensions>
      </trkpt>
      <trkpt lat="46.8853118" lon="10.1207657">
        <ele>2599.1</ele>
        <time>2026-09-21T08:32:33Z</time>
        <hdop>10.2</hdop>
      </trkpt>
      <trkpt lat="46.8853068" lon="10.1207991">
        <ele>2599.1</ele>
        <time>2026-09-21T08:32:40Z</time>
        <hdop>8.2</hdop>
        <extensions>
          <osmand:speed>0.9</osmand:speed>
        </extensions>
      </trkpt>
      <trkpt lat="46.8852465" lon="10.1208085">
        <ele>2601.1</ele>
        <time>2026-09-21T08:32:46Z</time>
        <hdop>10.7</hdop>
        <extensions>
          <osmand:speed>1.4</osmand:speed>
        </extensions>
      </trkpt>
      <trkpt lat="46.8851923" lon="10.1208145">
        <ele>2601.1</ele>
        <time>2026-09-21T08:32:52Z</time>
        <hdop>11.2</hdop>
        <extensions>
          <osmand:speed>1</osmand:speed>
        </extensions>
      </trkpt>
      <trkpt lat="46.8851451" lon="10.1208193">
        <ele>2601.1</ele>
        <time>2026-09-21T08:32:58Z</time>
        <hdop>12.2</hdop>
        <extensions>
          <osmand:speed>1.1</osmand:speed>
        </extensions>
      </trkpt>
      <trkpt lat="46.8851341" lon="10.1207776">
        <ele>2601.1</ele>
        <time>2026-09-21T08:33:04Z</time>
        <hdop>11.2</hdop>
        <extensions>
          <osmand:speed>0.9</osmand:speed>
        </extensions>
      </trkpt>
      <trkpt lat="46.8851043" lon="10.1207097">
        <ele>2602.1</ele>
        <time>2026-09-21T08:33:10Z</time>
        <hdop>14.3</hdop>
        <extensions>
          <osmand:speed>0.8</osmand:speed>
        </extensions>
      </trkpt>
      <trkpt lat="46.8850908" lon="10.1206573">
        <ele>2602.1</ele>
        <time>2026-09-21T08:33:16Z</time>
        <hdop>12.2</hdop>
        <extensions>
          <osmand:speed>0.9</osmand:speed>
        </extensions>
      </trkpt>
      <trkpt lat="46.8850452" lon="10.1206219">
        <ele>2604.1</ele>
        <time>2026-09-21T08:33:22Z</time>
        <hdop>11.7</hdop>
        <extensions>
          <osmand:speed>0.8</osmand:speed>
        </extensions>
      </trkpt>
      <trkpt lat="46.8850049" lon="10.1206167">
        <ele>2605.1</ele>
        <time>2026-09-21T08:33:28Z</time>
        <hdop>12.2</hdop>
        <extensions>
          <osmand:speed>0.9</osmand:speed>
        </extensions>
      </trkpt>
      <trkpt lat="46.8849686" lon="10.1205929">
        <ele>2606.1</ele>
        <time>2026-09-21T08:33:34Z</time>
        <hdop>9.7</hdop>
        <extensions>
          <osmand:speed>1.2</osmand:speed>
        </extensions>
      </trkpt>
      <trkpt lat="46.8849124" lon="10.1205839">
        <ele>2607.1</ele>
        <time>2026-09-21T08:33:40Z</time>
        <hdop>8.2</hdop>
        <extensions>
          <osmand:speed>0.5</osmand:speed>
        </extensions>
      </trkpt>
      <trkpt lat="46.8848843" lon="10.1205158">
        <ele>2607.1</ele>
        <time>2026-09-21T08:33:46Z</time>
        <hdop>9.7</hdop>
        <extensions>
          <osmand:speed>1.4</osmand:speed>
        </extensions>
      </trkpt>
      <trkpt lat="46.8848469" lon="10.1204821">
        <ele>2608.1</ele>
        <time>2026-09-21T08:33:52Z</time>
        <hdop>11.7</hdop>
        <extensions>
          <osmand:speed>0.9</osmand:speed>
        </extensions>
      </trkpt>
      <trkpt lat="46.8848124" lon="10.1204633">
        <ele>2608.1</ele>
        <time>2026-09-21T08:33:58Z</time>
        <hdop>10.7</hdop>
        <extensions>
          <osmand:speed>0.8</osmand:speed>
        </extensions>
      </trkpt>
      <trkpt lat="46.8847781" lon="10.1204196">
        <ele>2609.1</ele>
        <time>2026-09-21T08:34:04Z</time>
        <hdop>12.8</hdop>
        <extensions>
          <osmand:speed>0.4</osmand:speed>
        </extensions>
      </trkpt>
      <trkpt lat="46.8847756" lon="10.120364">
        <ele>2609.1</ele>
        <time>2026-09-21T08:34:10Z</time>
        <hdop>10.2</hdop>
        <extensions>
          <osmand:speed>0.6</osmand:speed>
        </extensions>
      </trkpt>
      <trkpt lat="46.8847395" lon="10.1203354">
        <ele>2610.1</ele>
        <time>2026-09-21T08:34:16Z</time>
        <hdop>13.3</hdop>
        <extensions>
          <osmand:speed>0.4</osmand:speed>
        </extensions>
      </trkpt>
      <trkpt lat="46.8847215" lon="10.1202942">
        <ele>2612.1</ele>
        <time>2026-09-21T08:34:22Z</time>
        <hdop>12.2</hdop>
        <extensions>
          <osmand:speed>0.3</osmand:speed>
        </extensions>
      </trkpt>
      <trkpt lat="46.8846957" lon="10.1203085">
        <ele>2613.1</ele>
        <time>2026-09-21T08:34:28Z</time>
        <hdop>11.7</hdop>
        <extensions>
          <osmand:speed>0.6</osmand:speed>
        </extensions>
      </trkpt>
      <trkpt lat="46.8846949" lon="10.1202621">
        <ele>2613.1</ele>
        <time>2026-09-21T08:34:34Z</time>
        <hdop>9.7</hdop>
        <extensions>
          <osmand:speed>1.1</osmand:speed>
        </extensions>
      </trkpt>
      <trkpt lat="46.8847007" lon="10.1202323">
        <ele>2615.1</ele>
        <time>2026-09-21T08:34:42Z</time>
        <hdop>9.2</hdop>
        <extensions>
          <osmand:speed>1.1</osmand:speed>
        </extensions>
      </trkpt>
      <trkpt lat="46.8846675" lon="10.1201873">
        <ele>2615.1</ele>
        <time>2026-09-21T08:34:48Z</time>
        <hdop>10.7</hdop>
        <extensions>
          <osmand:speed>0.9</osmand:speed>
        </extensions>
      </trkpt>
      <trkpt lat="46.8846698" lon="10.1201345">
        <ele>2616.1</ele>
        <time>2026-09-21T08:34:54Z</time>
        <hdop>11.7</hdop>
        <extensions>
          <osmand:speed>0.2</osmand:speed>
        </extensions>
      </trkpt>
      <trkpt lat="46.8846379" lon="10.1201427">
        <ele>2616.1</ele>
        <time>2026-09-21T08:35:00Z</time>
        <hdop>9.7</hdop>
        <extensions>
          <osmand:speed>1</osmand:speed>
        </extensions>
      </trkpt>
      <trkpt lat="46.8846049" lon="10.1200984">
        <ele>2618.1</ele>
        <time>2026-09-21T08:35:06Z</time>
        <hdop>9.7</hdop>
        <extensions>
          <osmand:speed>0.3</osmand:speed>
        </extensions>
      </trkpt>
      <trkpt lat="46.8845849" lon="10.1200703">
        <ele>2618.1</ele>
        <time>2026-09-21T08:35:12Z</time>
        <hdop>8.7</hdop>
        <extensions>
          <osmand:speed>0.9</osmand:speed>
        </extensions>
      </trkpt>
      <trkpt lat="46.8845736" lon="10.1200366">
        <ele>2619.1</ele>
        <time>2026-09-21T08:35:18Z</time>
        <hdop>10.7</hdop>
        <extensions>
          <osmand:speed>0.5</osmand:speed>
        </extensions>
      </trkpt>
      <trkpt lat="46.8845485" lon="10.1199977">
        <ele>2618.1</ele>
        <time>2026-09-21T08:35:24Z</time>
        <hdop>12.2</hdop>
        <extensions>
          <osmand:speed>0.3</osmand:speed>
        </extensions>
      </trkpt>
      <trkpt lat="46.8845336" lon="10.1199666">
        <ele>2619.1</ele>
        <time>2026-09-21T08:35:30Z</time>
        <hdop>10.2</hdop>
        <extensions>
          <osmand:speed>0.4</osmand:speed>
        </extensions>
      </trkpt>
      <trkpt lat="46.8845212" lon="10.1199455">
        <ele>2622.1</ele>
        <time>2026-09-21T08:35:37Z</time>
        <hdop>13.3</hdop>
        <extensions>
          <osmand:speed>0.5</osmand:speed>
        </extensions>
      </trkpt>
      <trkpt lat="46.8845314" lon="10.1199207">
        <ele>2623.1</ele>
        <time>2026-09-21T08:35:43Z</time>
        <hdop>11.2</hdop>
        <extensions>
          <osmand:speed>0.6</osmand:speed>
        </extensions>
      </trkpt>
      <trkpt lat="46.8845053" lon="10.1199018">
        <ele>2624.1</ele>
        <time>2026-09-21T08:35:49Z</time>
        <hdop>9.7</hdop>
        <extensions>
          <osmand:speed>1</osmand:speed>
        </extensions>
      </trkpt>
      <trkpt lat="46.884481" lon="10.1198498">
        <ele>2624.1</ele>
        <time>2026-09-21T08:35:55Z</time>
        <hdop>11.2</hdop>
        <extensions>
          <osmand:speed>0.6</osmand:speed>
        </extensions>
      </trkpt>
      <trkpt lat="46.8844602" lon="10.1198379">
        <ele>2625.1</ele>
        <time>2026-09-21T08:36:02Z</time>
        <hdop>11.7</hdop>
        <extensions>
          <osmand:speed>0.4</osmand:speed>
        </extensions>
      </trkpt>
      <trkpt lat="46.8844172" lon="10.1198575">
        <ele>2626.1</ele>
        <time>2026-09-21T08:36:08Z</time>
        <hdop>10.7</hdop>
        <extensions>
          <osmand:speed>1.1</osmand:speed>
        </extensions>
      </trkpt>
      <trkpt lat="46.884398" lon="10.1198525">
        <ele>2627.1</ele>
        <time>2026-09-21T08:36:15Z</time>
        <hdop>10.7</hdop>
        <extensions>
          <osmand:speed>0.6</osmand:speed>
        </extensions>
      </trkpt>
      <trkpt lat="46.8843712" lon="10.1198786">
        <ele>2629.1</ele>
        <time>2026-09-21T08:36:21Z</time>
        <hdop>11.2</hdop>
        <extensions>
          <osmand:speed>0.4</osmand:speed>
        </extensions>
      </trkpt>
      <trkpt lat="46.8843372" lon="10.1198279">
        <ele>2630.1</ele>
        <time>2026-09-21T08:36:27Z</time>
        <hdop>8.7</hdop>
        <extensions>
          <osmand:speed>0.8</osmand:speed>
        </extensions>
      </trkpt>
      <trkpt lat="46.88432" lon="10.1197931">
        <ele>2631.1</ele>
        <time>2026-09-21T08:36:33Z</time>
        <hdop>11.2</hdop>
        <extensions>
          <osmand:speed>0.8</osmand:speed>
        </extensions>
      </trkpt>
      <trkpt lat="46.8842933" lon="10.1198027">
        <ele>2632.1</ele>
        <time>2026-09-21T08:36:39Z</time>
        <hdop>10.7</hdop>
        <extensions>
          <osmand:speed>0.8</osmand:speed>
        </extensions>
      </trkpt>
      <trkpt lat="46.884275" lon="10.1198149">
        <ele>2633.1</ele>
        <time>2026-09-21T08:36:45Z</time>
        <hdop>10.7</hdop>
        <extensions>
          <osmand:speed>0.6</osmand:speed>
        </extensions>
      </trkpt>
      <trkpt lat="46.8842421" lon="10.119797">
        <ele>2632.1</ele>
        <time>2026-09-21T08:36:51Z</time>
        <hdop>11.2</hdop>
        <extensions>
          <osmand:speed>0.6</osmand:speed>
        </extensions>
      </trkpt>
      <trkpt lat="46.8842037" lon="10.1198153">
        <ele>2632.1</ele>
        <time>2026-09-21T08:36:57Z</time>
        <hdop>9.2</hdop>
        <extensions>
          <osmand:speed>0.8</osmand:speed>
        </extensions>
      </trkpt>
      <trkpt lat="46.884185" lon="10.1198203">
        <ele>2635.1</ele>
        <time>2026-09-21T08:37:03Z</time>
        <hdop>9.7</hdop>
        <extensions>
          <osmand:speed>0.4</osmand:speed>
        </extensions>
      </trkpt>
      <trkpt lat="46.8841671" lon="10.1198106">
        <ele>2635.1</ele>
        <time>2026-09-21T08:37:09Z</time>
        <hdop>10.2</hdop>
      </trkpt>
      <trkpt lat="46.884137" lon="10.119831">
        <ele>2636.1</ele>
        <time>2026-09-21T08:37:15Z</time>
        <hdop>8.2</hdop>
        <extensions>
          <osmand:speed>0.7</osmand:speed>
        </extensions>
      </trkpt>
      <trkpt lat="46.8841255" lon="10.1198089">
        <ele>2638.1</ele>
        <time>2026-09-21T08:37:22Z</time>
        <hdop>8.2</hdop>
        <extensions>
          <osmand:speed>0.3</osmand:speed>
        </extensions>
      </trkpt>
      <trkpt lat="46.8841233" lon="10.1197553">
        <ele>2639.1</ele>
        <time>2026-09-21T08:37:28Z</time>
        <hdop>10.7</hdop>
        <extensions>
          <osmand:speed>0.8</osmand:speed>
        </extensions>
      </trkpt>
      <trkpt lat="46.8841204" lon="10.1196967">
        <ele>2641.1</ele>
        <time>2026-09-21T08:37:34Z</time>
        <hdop>9.2</hdop>
        <extensions>
          <osmand:speed>0.5</osmand:speed>
        </extensions>
      </trkpt>
      <trkpt lat="46.8841066" lon="10.1196607">
        <ele>2642.1</ele>
        <time>2026-09-21T08:37:40Z</time>
        <hdop>10.2</hdop>
        <extensions>
          <osmand:speed>0.7</osmand:speed>
        </extensions>
      </trkpt>
      <trkpt lat="46.8840813" lon="10.1196465">
        <ele>2642.1</ele>
        <time>2026-09-21T08:37:46Z</time>
        <hdop>8.2</hdop>
        <extensions>
          <osmand:speed>0.3</osmand:speed>
        </extensions>
      </trkpt>
      <trkpt lat="46.884053" lon="10.1196148">
        <ele>2642.1</ele>
        <time>2026-09-21T08:37:52Z</time>
        <hdop>11.7</hdop>
        <extensions>
          <osmand:speed>0.2</osmand:speed>
        </extensions>
      </trkpt>
      <trkpt lat="46.8840593" lon="10.1195587">
        <ele>2643.1</ele>
        <time>2026-09-21T08:37:58Z</time>
        <hdop>12.2</hdop>
        <extensions>
          <osmand:speed>0.6</osmand:speed>
        </extensions>
      </trkpt>
      <trkpt lat="46.8840315" lon="10.1195456">
        <ele>2642.1</ele>
        <time>2026-09-21T08:38:04Z</time>
        <hdop>11.7</hdop>
        <extensions>
          <osmand:speed>0.5</osmand:speed>
        </extensions>
      </trkpt>
      <trkpt lat="46.8840171" lon="10.1195157">
        <ele>2642.1</ele>
        <time>2026-09-21T08:38:10Z</time>
        <hdop>7.7</hdop>
        <extensions>
          <osmand:speed>0.2</osmand:speed>
        </extensions>
      </trkpt>
      <trkpt lat="46.8839966" lon="10.1194854">
        <ele>2642.1</ele>
        <time>2026-09-21T08:38:16Z</time>
        <hdop>8.7</hdop>
        <extensions>
          <osmand:speed>0.4</osmand:speed>
        </extensions>
      </trkpt>
      <trkpt lat="46.8839699" lon="10.1194551">
        <ele>2645.1</ele>
        <time>2026-09-21T08:38:22Z</time>
        <hdop>9.7</hdop>
        <extensions>
          <osmand:speed>0.7</osmand:speed>
        </extensions>
      </trkpt>
      <trkpt lat="46.8839298" lon="10.1194521">
        <ele>2646.1</ele>
        <time>2026-09-21T08:38:28Z</time>
        <hdop>8.7</hdop>
        <extensions>
          <osmand:speed>1.2</osmand:speed>
        </extensions>
      </trkpt>
      <trkpt lat="46.8838729" lon="10.1194299">
        <ele>2646.1</ele>
        <time>2026-09-21T08:38:34Z</time>
        <hdop>9.7</hdop>
        <extensions>
          <osmand:speed>0.6</osmand:speed>
        </extensions>
      </trkpt>
      <trkpt lat="46.8838289" lon="10.1194435">
        <ele>2647.1</ele>
        <time>2026-09-21T08:38:40Z</time>
        <hdop>8.7</hdop>
        <extensions>
          <osmand:speed>0.9</osmand:speed>
        </extensions>
      </trkpt>
      <trkpt lat="46.8837704" lon="10.1194408">
        <ele>2648.1</ele>
        <time>2026-09-21T08:38:46Z</time>
        <hdop>8.7</hdop>
        <extensions>
          <osmand:speed>0.4</osmand:speed>
        </extensions>
      </trkpt>
      <trkpt lat="46.883742" lon="10.1194513">
        <ele>2650.1</ele>
        <time>2026-09-21T08:38:52Z</time>
        <hdop>10.7</hdop>
        <extensions>
          <osmand:speed>0.4</osmand:speed>
        </extensions>
      </trkpt>
      <trkpt lat="46.8837191" lon="10.1194153">
        <ele>2650.1</ele>
        <time>2026-09-21T08:38:58Z</time>
        <hdop>10.2</hdop>
        <extensions>
          <osmand:speed>0.5</osmand:speed>
        </extensions>
      </trkpt>
      <trkpt lat="46.8837238" lon="10.1193689">
        <ele>2650.1</ele>
        <time>2026-09-21T08:39:04Z</time>
        <hdop>10.7</hdop>
        <extensions>
          <osmand:speed>0.3</osmand:speed>
        </extensions>
      </trkpt>
      <trkpt lat="46.8837009" lon="10.1193616">
        <ele>2651.1</ele>
        <time>2026-09-21T08:39:10Z</time>
        <hdop>11.7</hdop>
        <extensions>
          <osmand:speed>0.6</osmand:speed>
        </extensions>
      </trkpt>
      <trkpt lat="46.8836703" lon="10.119327">
        <ele>2651.1</ele>
        <time>2026-09-21T08:39:16Z</time>
        <hdop>9.7</hdop>
        <extensions>
          <osmand:speed>0.8</osmand:speed>
        </extensions>
      </trkpt>
      <trkpt lat="46.8836822" lon="10.1192623">
        <ele>2652.1</ele>
        <time>2026-09-21T08:39:22Z</time>
        <hdop>12.2</hdop>
        <extensions>
          <osmand:speed>1</osmand:speed>
        </extensions>
      </trkpt>
      <trkpt lat="46.8837039" lon="10.1192039">
        <ele>2653.1</ele>
        <time>2026-09-21T08:39:28Z</time>
        <hdop>12.2</hdop>
        <extensions>
          <osmand:speed>1.3</osmand:speed>
        </extensions>
      </trkpt>
      <trkpt lat="46.8837284" lon="10.1191588">
        <ele>2653.1</ele>
        <time>2026-09-21T08:39:34Z</time>
        <hdop>12.2</hdop>
        <extensions>
          <osmand:speed>0.2</osmand:speed>
        </extensions>
      </trkpt>
      <trkpt lat="46.8837464" lon="10.1191504">
        <ele>2651.1</ele>
        <time>2026-09-21T08:39:40Z</time>
        <hdop>8.2</hdop>
        <extensions>
          <osmand:speed>1.2</osmand:speed>
        </extensions>
      </trkpt>
      <trkpt lat="46.8837009" lon="10.1191917">
        <ele>2653.1</ele>
        <time>2026-09-21T08:39:46Z</time>
        <hdop>5.1</hdop>
      </trkpt>
      <trkpt lat="46.883683" lon="10.119197">
        <ele>2656.1</ele>
        <time>2026-09-21T08:40:47Z</time>
        <hdop>3.1</hdop>
      </trkpt>
      <trkpt lat="46.8836841" lon="10.1191701">
        <ele>2655.1</ele>
        <time>2026-09-21T08:41:43Z</time>
        <hdop>11.2</hdop>
        <extensions>
          <osmand:speed>1.2</osmand:speed>
        </extensions>
      </trkpt>
      <trkpt lat="46.8836764" lon="10.1191941">
        <ele>2658.1</ele>
        <time>2026-09-21T08:44:46Z</time>
        <hdop>3.1</hdop>
      </trkpt>
      <trkpt lat="46.8836651" lon="10.1192201">
        <ele>2658.1</ele>
        <time>2026-09-21T08:50:54Z</time>
        <hdop>2.6</hdop>
        <extensions>
          <osmand:speed>0.8</osmand:speed>
        </extensions>
      </trkpt>
      <trkpt lat="46.883682" lon="10.1192692">
        <ele>2658.1</ele>
        <time>2026-09-21T08:51:00Z</time>
        <hdop>3.1</hdop>
        <extensions>
          <osmand:speed>0.8</osmand:speed>
        </extensions>
      </trkpt>
      <trkpt lat="46.8836904" lon="10.1193116">
        <ele>2658.1</ele>
        <time>2026-09-21T08:51:06Z</time>
        <hdop>4.1</hdop>
        <extensions>
          <osmand:speed>0.8</osmand:speed>
        </extensions>
      </trkpt>
      <trkpt lat="46.8836885" lon="10.1193435">
        <ele>2659.1</ele>
        <time>2026-09-21T08:51:17Z</time>
        <hdop>3.6</hdop>
        <extensions>
          <osmand:speed>0.6</osmand:speed>
        </extensions>
      </trkpt>
      <trkpt lat="46.8836646" lon="10.1193492">
        <ele>2660.1</ele>
        <time>2026-09-21T08:51:59Z</time>
        <hdop>3.1</hdop>
        <extensions>
          <osmand:speed>1.3</osmand:speed>
        </extensions>
      </trkpt>
      <trkpt lat="46.8836497" lon="10.1193704">
        <ele>2659.1</ele>
        <time>2026-09-21T08:52:05Z</time>
        <hdop>2.6</hdop>
      </trkpt>
      <trkpt lat="46.8836217" lon="10.1193694">
        <ele>2659.1</ele>
        <time>2026-09-21T08:52:11Z</time>
        <hdop>3.1</hdop>
        <extensions>
          <osmand:speed>0.7</osmand:speed>
        </extensions>
      </trkpt>
      <trkpt lat="46.8836183" lon="10.1193962">
        <ele>2659.1</ele>
        <time>2026-09-21T08:52:49Z</time>
        <hdop>3.6</hdop>
        <extensions>
          <osmand:speed>0.6</osmand:speed>
        </extensions>
      </trkpt>
      <trkpt lat="46.8836346" lon="10.1193763">
        <ele>2659.1</ele>
        <time>2026-09-21T08:52:58Z</time>
        <hdop>8.2</hdop>
        <extensions>
          <osmand:speed>0.9</osmand:speed>
        </extensions>
      </trkpt>
      <trkpt lat="46.8836551" lon="10.1193461">
        <ele>2656.1</ele>
        <time>2026-09-21T08:54:40Z</time>
        <hdop>14.8</hdop>
        <extensions>
          <osmand:speed>1</osmand:speed>
        </extensions>
      </trkpt>
      <trkpt lat="46.8836396" lon="10.1193285">
        <ele>2655.1</ele>
        <time>2026-09-21T08:54:46Z</time>
        <hdop>13.8</hdop>
        <extensions>
          <osmand:speed>0.4</osmand:speed>
        </extensions>
      </trkpt>
      <trkpt lat="46.8836322" lon="10.1193007">
        <ele>2655.1</ele>
        <time>2026-09-21T08:54:59Z</time>
        <hdop>10.7</hdop>
        <extensions>
          <osmand:speed>0.5</osmand:speed>
        </extensions>
      </trkpt>
      <trkpt lat="46.8836616" lon="10.1192565">
        <ele>2657.1</ele>
        <time>2026-09-21T08:55:05Z</time>
        <hdop>11.2</hdop>
        <extensions>
          <osmand:speed>1</osmand:speed>
        </extensions>
      </trkpt>
      <trkpt lat="46.8836775" lon="10.1191811">
        <ele>2657.1</ele>
        <time>2026-09-21T08:55:11Z</time>
        <hdop>10.7</hdop>
        <extensions>
          <osmand:speed>0.4</osmand:speed>
        </extensions>
      </trkpt>
      <trkpt lat="46.8836997" lon="10.1191689">
        <ele>2657.1</ele>
        <time>2026-09-21T08:55:17Z</time>
        <hdop>4.1</hdop>
      </trkpt>
      <trkpt lat="46.883686" lon="10.1191879">
        <ele>2658.1</ele>
        <time>2026-09-21T08:55:58Z</time>
        <hdop>8.2</hdop>
        <extensions>
          <osmand:speed>0.7</osmand:speed>
        </extensions>
      </trkpt>
      <trkpt lat="46.8837021" lon="10.1191705">
        <ele>2658.1</ele>
        <time>2026-09-21T08:56:11Z</time>
        <hdop>11.2</hdop>
        <extensions>
          <osmand:speed>0</osmand:speed>
        </extensions>
      </trkpt>
      <trkpt lat="46.8836856" lon="10.1191917">
        <ele>2656.1</ele>
        <time>2026-09-21T08:56:28Z</time>
        <hdop>5.6</hdop>
        <extensions>
          <osmand:speed>0.2</osmand:speed>
        </extensions>
      </trkpt>
      <trkpt lat="46.883684" lon="10.1191548">
        <ele>2656.1</ele>
        <time>2026-09-21T09:00:44Z</time>
        <hdop>4.6</hdop>
        <extensions>
          <osmand:speed>1.2</osmand:speed>
        </extensions>
      </trkpt>
      <trkpt lat="46.8837084" lon="10.1190669">
        <ele>2655.1</ele>
        <time>2026-09-21T09:00:50Z</time>
        <hdop>4.6</hdop>
        <extensions>
          <osmand:speed>1.2</osmand:speed>
        </extensions>
      </trkpt>
      <trkpt lat="46.8837172" lon="10.1189874">
        <ele>2657.1</ele>
        <time>2026-09-21T09:00:56Z</time>
        <hdop>4.1</hdop>
        <extensions>
          <osmand:speed>1.3</osmand:speed>
        </extensions>
      </trkpt>
      <trkpt lat="46.8837068" lon="10.1189146">
        <ele>2658.1</ele>
        <time>2026-09-21T09:01:02Z</time>
        <hdop>4.1</hdop>
        <extensions>
          <osmand:speed>0.4</osmand:speed>
        </extensions>
      </trkpt>
      <trkpt lat="46.8837135" lon="10.1189444">
        <ele>2658.1</ele>
        <time>2026-09-21T09:03:54Z</time>
        <hdop>3.1</hdop>
        <extensions>
          <osmand:speed>0.8</osmand:speed>
        </extensions>
      </trkpt>
      <trkpt lat="46.8837204" lon="10.1190024">
        <ele>2659.1</ele>
        <time>2026-09-21T09:04:00Z</time>
        <hdop>4.6</hdop>
        <extensions>
          <osmand:speed>0.8</osmand:speed>
        </extensions>
      </trkpt>
      <trkpt lat="46.8837053" lon="10.1190849">
        <ele>2660.1</ele>
        <time>2026-09-21T09:04:06Z</time>
        <hdop>4.6</hdop>
        <extensions>
          <osmand:speed>0.9</osmand:speed>
        </extensions>
      </trkpt>
      <trkpt lat="46.8836911" lon="10.1191756">
        <ele>2660.1</ele>
        <time>2026-09-21T09:04:12Z</time>
        <hdop>4.6</hdop>
        <extensions>
          <osmand:speed>1</osmand:speed>
        </extensions>
      </trkpt>
      <trkpt lat="46.8836792" lon="10.1191995">
        <ele>2660.1</ele>
        <time>2026-09-21T09:04:33Z</time>
        <hdop>3.6</hdop>
        <extensions>
          <osmand:speed>0.8</osmand:speed>
        </extensions>
      </trkpt>
      <trkpt lat="46.883677" lon="10.1193173">
        <ele>2665.1</ele>
        <time>2026-09-21T09:05:25Z</time>
        <hdop>14.8</hdop>
      </trkpt>
      <trkpt lat="46.8836795" lon="10.1192877">
        <ele>2660.1</ele>
        <time>2026-09-21T09:06:02Z</time>
        <hdop>14.3</hdop>
      </trkpt>
      <trkpt lat="46.8836839" lon="10.1192588">
        <ele>2658.1</ele>
        <time>2026-09-21T09:06:25Z</time>
        <hdop>11.2</hdop>
      </trkpt>
      <trkpt lat="46.8836854" lon="10.1192265">
        <ele>2656.1</ele>
        <time>2026-09-21T09:06:38Z</time>
        <hdop>12.2</hdop>
        <extensions>
          <osmand:speed>0</osmand:speed>
        </extensions>
      </trkpt>
      <trkpt lat="46.883686" lon="10.1191913">
        <ele>2654.1</ele>
        <time>2026-09-21T09:07:45Z</time>
        <hdop>10.7</hdop>
        <extensions>
          <osmand:speed>0</osmand:speed>
        </extensions>
      </trkpt>
      <trkpt lat="46.8836848" lon="10.1191591">
        <ele>2654.1</ele>
        <time>2026-09-21T09:07:51Z</time>
        <hdop>7.7</hdop>
      </trkpt>
      <trkpt lat="46.8836758" lon="10.1191849">
        <ele>2655.1</ele>
        <time>2026-09-21T09:08:36Z</time>
        <hdop>5.6</hdop>
        <extensions>
          <osmand:speed>0.5</osmand:speed>
        </extensions>
      </trkpt>
      <trkpt lat="46.8836936" lon="10.1191727">
        <ele>2656.1</ele>
        <time>2026-09-21T09:08:44Z</time>
        <hdop>8.2</hdop>
        <extensions>
          <osmand:speed>1.1</osmand:speed>
        </extensions>
      </trkpt>
      <trkpt lat="46.8836817" lon="10.1192098">
        <ele>2655.1</ele>
        <time>2026-09-21T09:08:56Z</time>
        <hdop>12.2</hdop>
        <extensions>
          <osmand:speed>0.9</osmand:speed>
        </extensions>
      </trkpt>
      <trkpt lat="46.8836608" lon="10.1192809">
        <ele>2656.1</ele>
        <time>2026-09-21T09:09:02Z</time>
        <hdop>11.7</hdop>
        <extensions>
          <osmand:speed>1</osmand:speed>
        </extensions>
      </trkpt>
      <trkpt lat="46.8836384" lon="10.1193618">
        <ele>2655.1</ele>
        <time>2026-09-21T09:09:08Z</time>
        <hdop>11.2</hdop>
        <extensions>
          <osmand:speed>0.8</osmand:speed>
        </extensions>
      </trkpt>
      <trkpt lat="46.8836249" lon="10.1193863">
        <ele>2655.1</ele>
        <time>2026-09-21T09:09:14Z</time>
        <hdop>12.2</hdop>
        <extensions>
          <osmand:speed>0.4</osmand:speed>
        </extensions>
      </trkpt>
      <trkpt lat="46.8836051" lon="10.1193815">
        <ele>2654.1</ele>
        <time>2026-09-21T09:09:23Z</time>
        <hdop>9.2</hdop>
        <extensions>
          <osmand:speed>1</osmand:speed>
        </extensions>
      </trkpt>
      <trkpt lat="46.8835677" lon="10.1193938">
        <ele>2654.1</ele>
        <time>2026-09-21T09:09:29Z</time>
        <hdop>9.7</hdop>
        <extensions>
          <osmand:speed>0.5</osmand:speed>
        </extensions>
      </trkpt>
      <trkpt lat="46.8835462" lon="10.1193927">
        <ele>2654.1</ele>
        <time>2026-09-21T09:09:35Z</time>
        <hdop>8.2</hdop>
        <extensions>
          <osmand:speed>0.6</osmand:speed>
        </extensions>
      </trkpt>
      <trkpt lat="46.8835348" lon="10.1193705">
        <ele>2653.1</ele>
        <time>2026-09-21T09:09:41Z</time>
        <hdop>10.7</hdop>
        <extensions>
          <osmand:speed>0.5</osmand:speed>
        </extensions>
      </trkpt>
      <trkpt lat="46.8835259" lon="10.1193315">
        <ele>2652.1</ele>
        <time>2026-09-21T09:09:47Z</time>
        <hdop>9.2</hdop>
        <extensions>
          <osmand:speed>1.1</osmand:speed>
        </extensions>
      </trkpt>
      <trkpt lat="46.8835219" lon="10.1192523">
        <ele>2652.1</ele>
        <time>2026-09-21T09:09:53Z</time>
        <hdop>8.7</hdop>
        <extensions>
          <osmand:speed>0.9</osmand:speed>
        </extensions>
      </trkpt>
      <trkpt lat="46.883507" lon="10.1192218">
        <ele>2650.1</ele>
        <time>2026-09-21T09:09:59Z</time>
        <hdop>10.7</hdop>
        <extensions>
          <osmand:speed>1</osmand:speed>
        </extensions>
      </trkpt>
      <trkpt lat="46.8835035" lon="10.1191606">
        <ele>2650.1</ele>
        <time>2026-09-21T09:10:05Z</time>
        <hdop>10.2</hdop>
        <extensions>
          <osmand:speed>1</osmand:speed>
        </extensions>
      </trkpt>
      <trkpt lat="46.8835054" lon="10.1191311">
        <ele>2650.1</ele>
        <time>2026-09-21T09:10:11Z</time>
        <hdop>11.2</hdop>
        <extensions>
          <osmand:speed>0.3</osmand:speed>
        </extensions>
      </trkpt>
      <trkpt lat="46.8834952" lon="10.1190616">
        <ele>2649.1</ele>
        <time>2026-09-21T09:10:17Z</time>
        <hdop>10.2</hdop>
        <extensions>
          <osmand:speed>0.8</osmand:speed>
        </extensions>
      </trkpt>
      <trkpt lat="46.8834984" lon="10.1190305">
        <ele>2648.1</ele>
        <time>2026-09-21T09:10:24Z</time>
        <hdop>9.2</hdop>
        <extensions>
          <osmand:speed>0.9</osmand:speed>
        </extensions>
      </trkpt>
      <trkpt lat="46.8834733" lon="10.1189646">
        <ele>2647.1</ele>
        <time>2026-09-21T09:10:30Z</time>
        <hdop>9.2</hdop>
        <extensions>
          <osmand:speed>0.8</osmand:speed>
        </extensions>
      </trkpt>
      <trkpt lat="46.8834502" lon="10.1189632">
        <ele>2647.1</ele>
        <time>2026-09-21T09:10:37Z</time>
        <hdop>8.7</hdop>
        <extensions>
          <osmand:speed>0.3</osmand:speed>
        </extensions>
      </trkpt>
      <trkpt lat="46.883437" lon="10.1189811">
        <ele>2647.1</ele>
        <time>2026-09-21T09:10:59Z</time>
        <hdop>9.2</hdop>
        <extensions>
          <osmand:speed>0.1</osmand:speed>
        </extensions>
      </trkpt>
      <trkpt lat="46.8834562" lon="10.1189695">
        <ele>2647.1</ele>
        <time>2026-09-21T09:11:05Z</time>
        <hdop>9.2</hdop>
        <extensions>
          <osmand:speed>0.8</osmand:speed>
        </extensions>
      </trkpt>
      <trkpt lat="46.8834387" lon="10.1189441">
        <ele>2646.1</ele>
        <time>2026-09-21T09:11:11Z</time>
        <hdop>10.7</hdop>
        <extensions>
          <osmand:speed>0</osmand:speed>
        </extensions>
      </trkpt>
      <trkpt lat="46.8834421" lon="10.1189182">
        <ele>2646.1</ele>
        <time>2026-09-21T09:11:19Z</time>
        <hdop>8.2</hdop>
        <extensions>
          <osmand:speed>1.1</osmand:speed>
        </extensions>
      </trkpt>
      <trkpt lat="46.8834579" lon="10.1188374">
        <ele>2645.1</ele>
        <time>2026-09-21T09:11:25Z</time>
        <hdop>8.7</hdop>
        <extensions>
          <osmand:speed>0.7</osmand:speed>
        </extensions>
      </trkpt>
      <trkpt lat="46.8834413" lon="10.1187771">
        <ele>2643.1</ele>
        <time>2026-09-21T09:11:31Z</time>
        <hdop>9.2</hdop>
        <extensions>
          <osmand:speed>1.2</osmand:speed>
        </extensions>
      </trkpt>
      <trkpt lat="46.8834313" lon="10.1186908">
        <ele>2642.1</ele>
        <time>2026-09-21T09:11:37Z</time>
        <hdop>10.2</hdop>
        <extensions>
          <osmand:speed>1.3</osmand:speed>
        </extensions>
      </trkpt>
      <trkpt lat="46.883437" lon="10.1186257">
        <ele>2641.1</ele>
        <time>2026-09-21T09:11:43Z</time>
        <hdop>9.2</hdop>
        <extensions>
          <osmand:speed>1</osmand:speed>
        </extensions>
      </trkpt>
      <trkpt lat="46.8834589" lon="10.1185525">
        <ele>2640.1</ele>
        <time>2026-09-21T09:11:49Z</time>
        <hdop>9.7</hdop>
        <extensions>
          <osmand:speed>1</osmand:speed>
        </extensions>
      </trkpt>
      <trkpt lat="46.8834671" lon="10.118529">
        <ele>2638.1</ele>
        <time>2026-09-21T09:11:55Z</time>
        <hdop>10.7</hdop>
        <extensions>
          <osmand:speed>1.1</osmand:speed>
        </extensions>
      </trkpt>
      <trkpt lat="46.8834101" lon="10.1185592">
        <ele>2637.1</ele>
        <time>2026-09-21T09:12:01Z</time>
        <hdop>8.2</hdop>
        <extensions>
          <osmand:speed>1</osmand:speed>
        </extensions>
      </trkpt>
      <trkpt lat="46.8833718" lon="10.1185764">
        <ele>2637.1</ele>
        <time>2026-09-21T09:12:07Z</time>
        <hdop>9.2</hdop>
        <extensions>
          <osmand:speed>0.6</osmand:speed>
        </extensions>
      </trkpt>
      <trkpt lat="46.8833274" lon="10.1186044">
        <ele>2636.1</ele>
        <time>2026-09-21T09:12:13Z</time>
        <hdop>9.2</hdop>
        <extensions>
          <osmand:speed>1.4</osmand:speed>
        </extensions>
      </trkpt>
      <trkpt lat="46.8832898" lon="10.1186629">
        <ele>2634.1</ele>
        <time>2026-09-21T09:12:19Z</time>
        <hdop>9.2</hdop>
        <extensions>
          <osmand:speed>1.4</osmand:speed>
        </extensions>
      </trkpt>
      <trkpt lat="46.8832643" lon="10.1186812">
        <ele>2633.1</ele>
        <time>2026-09-21T09:12:25Z</time>
        <hdop>10.2</hdop>
        <extensions>
          <osmand:speed>0.9</osmand:speed>
        </extensions>
      </trkpt>
      <trkpt lat="46.8832543" lon="10.1187232">
        <ele>2632.1</ele>
        <time>2026-09-21T09:12:31Z</time>
        <hdop>8.7</hdop>
        <extensions>
          <osmand:speed>0.6</osmand:speed>
        </extensions>
      </trkpt>
      <trkpt lat="46.883246" lon="10.1187562">
        <ele>2632.1</ele>
        <time>2026-09-21T09:12:38Z</time>
        <hdop>9.7</hdop>
        <extensions>
          <osmand:speed>1</osmand:speed>
        </extensions>
      </trkpt>
      <trkpt lat="46.8832255" lon="10.1187265">
        <ele>2631.1</ele>
        <time>2026-09-21T09:12:44Z</time>
        <hdop>8.7</hdop>
        <extensions>
          <osmand:speed>0.7</osmand:speed>
        </extensions>
      </trkpt>
      <trkpt lat="46.8832087" lon="10.1186747">
        <ele>2629.1</ele>
        <time>2026-09-21T09:12:50Z</time>
        <hdop>9.2</hdop>
        <extensions>
          <osmand:speed>0.9</osmand:speed>
        </extensions>
      </trkpt>
      <trkpt lat="46.8831868" lon="10.1186987">
        <ele>2627.1</ele>
        <time>2026-09-21T09:12:56Z</time>
        <hdop>8.7</hdop>
        <extensions>
          <osmand:speed>0.9</osmand:speed>
        </extensions>
      </trkpt>
      <trkpt lat="46.8831578" lon="10.1186995">
        <ele>2626.1</ele>
        <time>2026-09-21T09:13:02Z</time>
        <hdop>7.7</hdop>
        <extensions>
          <osmand:speed>0.7</osmand:speed>
        </extensions>
      </trkpt>
      <trkpt lat="46.8831455" lon="10.1186399">
        <ele>2625.1</ele>
        <time>2026-09-21T09:13:08Z</time>
        <hdop>10.7</hdop>
        <extensions>
          <osmand:speed>0.6</osmand:speed>
        </extensions>
      </trkpt>
      <trkpt lat="46.8831445" lon="10.1185757">
        <ele>2623.1</ele>
        <time>2026-09-21T09:13:14Z</time>
        <hdop>8.7</hdop>
        <extensions>
          <osmand:speed>1</osmand:speed>
        </extensions>
      </trkpt>
      <trkpt lat="46.8831445" lon="10.1185008">
        <ele>2623.1</ele>
        <time>2026-09-21T09:13:20Z</time>
        <hdop>10.7</hdop>
        <extensions>
          <osmand:speed>1</osmand:speed>
        </extensions>
      </trkpt>
      <trkpt lat="46.8831234" lon="10.1184527">
        <ele>2621.1</ele>
        <time>2026-09-21T09:13:26Z</time>
        <hdop>8.2</hdop>
        <extensions>
          <osmand:speed>0.6</osmand:speed>
        </extensions>
      </trkpt>
      <trkpt lat="46.8831234" lon="10.118395">
        <ele>2620.1</ele>
        <time>2026-09-21T09:13:32Z</time>
        <hdop>9.2</hdop>
        <extensions>
          <osmand:speed>0.6</osmand:speed>
        </extensions>
      </trkpt>
      <trkpt lat="46.8831319" lon="10.1183172">
        <ele>2618.1</ele>
        <time>2026-09-21T09:13:38Z</time>
        <hdop>9.2</hdop>
        <extensions>
          <osmand:speed>0.9</osmand:speed>
        </extensions>
      </trkpt>
      <trkpt lat="46.8831383" lon="10.1182573">
        <ele>2617.1</ele>
        <time>2026-09-21T09:13:44Z</time>
        <hdop>9.2</hdop>
        <extensions>
          <osmand:speed>1.1</osmand:speed>
        </extensions>
      </trkpt>
      <trkpt lat="46.8831273" lon="10.118196">
        <ele>2616.1</ele>
        <time>2026-09-21T09:13:50Z</time>
        <hdop>9.7</hdop>
        <extensions>
          <osmand:speed>1.2</osmand:speed>
        </extensions>
      </trkpt>
      <trkpt lat="46.8831294" lon="10.1181477">
        <ele>2613.1</ele>
        <time>2026-09-21T09:13:56Z</time>
        <hdop>9.2</hdop>
        <extensions>
          <osmand:speed>0.4</osmand:speed>
        </extensions>
      </trkpt>
      <trkpt lat="46.8831199" lon="10.1181193">
        <ele>2612.1</ele>
        <time>2026-09-21T09:14:02Z</time>
        <hdop>9.2</hdop>
        <extensions>
          <osmand:speed>0.3</osmand:speed>
        </extensions>
      </trkpt>
      <trkpt lat="46.8830998" lon="10.1181328">
        <ele>2609.1</ele>
        <time>2026-09-21T09:14:08Z</time>
        <hdop>10.7</hdop>
        <extensions>
          <osmand:speed>0.1</osmand:speed>
        </extensions>
      </trkpt>
      <trkpt lat="46.8830807" lon="10.1180912">
        <ele>2609.1</ele>
        <time>2026-09-21T09:14:14Z</time>
        <hdop>8.7</hdop>
        <extensions>
          <osmand:speed>0.3</osmand:speed>
        </extensions>
      </trkpt>
      <trkpt lat="46.8830725" lon="10.118047">
        <ele>2608.1</ele>
        <time>2026-09-21T09:14:20Z</time>
        <hdop>8.7</hdop>
        <extensions>
          <osmand:speed>0.5</osmand:speed>
        </extensions>
      </trkpt>
      <trkpt lat="46.8830715" lon="10.1180136">
        <ele>2606.1</ele>
        <time>2026-09-21T09:14:26Z</time>
        <hdop>10.7</hdop>
        <extensions>
          <osmand:speed>0.5</osmand:speed>
        </extensions>
      </trkpt>
      <trkpt lat="46.8830578" lon="10.1179946">
        <ele>2605.1</ele>
        <time>2026-09-21T09:14:33Z</time>
        <hdop>10.7</hdop>
        <extensions>
          <osmand:speed>0.8</osmand:speed>
        </extensions>
      </trkpt>
      <trkpt lat="46.8830396" lon="10.1179898">
        <ele>2605.1</ele>
        <time>2026-09-21T09:14:39Z</time>
        <hdop>10.7</hdop>
        <extensions>
          <osmand:speed>0.8</osmand:speed>
        </extensions>
      </trkpt>
      <trkpt lat="46.8830077" lon="10.1180117">
        <ele>2603.1</ele>
        <time>2026-09-21T09:14:45Z</time>
        <hdop>8.7</hdop>
        <extensions>
          <osmand:speed>0.8</osmand:speed>
        </extensions>
      </trkpt>
      <trkpt lat="46.8829897" lon="10.1180428">
        <ele>2603.1</ele>
        <time>2026-09-21T09:14:51Z</time>
        <hdop>8.7</hdop>
        <extensions>
          <osmand:speed>0.4</osmand:speed>
        </extensions>
      </trkpt>
      <trkpt lat="46.8829739" lon="10.1180586">
        <ele>2601.1</ele>
        <time>2026-09-21T09:15:01Z</time>
        <hdop>10.2</hdop>
        <extensions>
          <osmand:speed>0.4</osmand:speed>
        </extensions>
      </trkpt>
      <trkpt lat="46.8829536" lon="10.1181118">
        <ele>2600.1</ele>
        <time>2026-09-21T09:15:07Z</time>
        <hdop>9.2</hdop>
        <extensions>
          <osmand:speed>0.6</osmand:speed>
        </extensions>
      </trkpt>
      <trkpt lat="46.8829421" lon="10.1181331">
        <ele>2600.1</ele>
        <time>2026-09-21T09:15:20Z</time>
        <hdop>9.7</hdop>
        <extensions>
          <osmand:speed>0.7</osmand:speed>
        </extensions>
      </trkpt>
      <trkpt lat="46.8829185" lon="10.118135">
        <ele>2599.1</ele>
        <time>2026-09-21T09:15:30Z</time>
        <hdop>12.8</hdop>
        <extensions>
          <osmand:speed>0.1</osmand:speed>
        </extensions>
      </trkpt>
      <trkpt lat="46.8828904" lon="10.1181825">
        <ele>2599.1</ele>
        <time>2026-09-21T09:15:36Z</time>
        <hdop>11.2</hdop>
        <extensions>
          <osmand:speed>0.6</osmand:speed>
        </extensions>
      </trkpt>
      <trkpt lat="46.882849" lon="10.1182184">
        <ele>2598.1</ele>
        <time>2026-09-21T09:15:42Z</time>
        <hdop>11.2</hdop>
        <extensions>
          <osmand:speed>0.2</osmand:speed>
        </extensions>
      </trkpt>
      <trkpt lat="46.8828207" lon="10.1182192">
        <ele>2595.1</ele>
        <time>2026-09-21T09:15:59Z</time>
        <hdop>9.2</hdop>
        <extensions>
          <osmand:speed>1.2</osmand:speed>
        </extensions>
      </trkpt>
      <trkpt lat="46.8827915" lon="10.1182432">
        <ele>2595.1</ele>
        <time>2026-09-21T09:16:05Z</time>
        <hdop>9.2</hdop>
        <extensions>
          <osmand:speed>0.7</osmand:speed>
        </extensions>
      </trkpt>
      <trkpt lat="46.8827734" lon="10.1183024">
        <ele>2593.1</ele>
        <time>2026-09-21T09:16:11Z</time>
        <hdop>11.2</hdop>
        <extensions>
          <osmand:speed>0.5</osmand:speed>
        </extensions>
      </trkpt>
      <trkpt lat="46.8827775" lon="10.1183296">
        <ele>2594.1</ele>
        <time>2026-09-21T09:16:17Z</time>
        <hdop>11.2</hdop>
        <extensions>
          <osmand:speed>0.6</osmand:speed>
        </extensions>
      </trkpt>
      <trkpt lat="46.8827575" lon="10.1183266">
        <ele>2593.1</ele>
        <time>2026-09-21T09:16:29Z</time>
        <hdop>10.7</hdop>
        <extensions>
          <osmand:speed>0.2</osmand:speed>
        </extensions>
      </trkpt>
      <trkpt lat="46.8827489" lon="10.1183523">
        <ele>2590.1</ele>
        <time>2026-09-21T09:16:39Z</time>
        <hdop>10.2</hdop>
        <extensions>
          <osmand:speed>0.3</osmand:speed>
        </extensions>
      </trkpt>
      <trkpt lat="46.8827224" lon="10.1183516">
        <ele>2590.1</ele>
        <time>2026-09-21T09:16:45Z</time>
        <hdop>10.7</hdop>
        <extensions>
          <osmand:speed>0.4</osmand:speed>
        </extensions>
      </trkpt>
      <trkpt lat="46.8827096" lon="10.1183792">
        <ele>2588.1</ele>
        <time>2026-09-21T09:16:51Z</time>
        <hdop>9.7</hdop>
        <extensions>
          <osmand:speed>0.5</osmand:speed>
        </extensions>
      </trkpt>
      <trkpt lat="46.8826894" lon="10.1183593">
        <ele>2586.1</ele>
        <time>2026-09-21T09:16:57Z</time>
        <hdop>11.7</hdop>
        <extensions>
          <osmand:speed>0.5</osmand:speed>
        </extensions>
      </trkpt>
      <trkpt lat="46.8826664" lon="10.1183846">
        <ele>2585.1</ele>
        <time>2026-09-21T09:17:03Z</time>
        <hdop>9.2</hdop>
        <extensions>
          <osmand:speed>0.8</osmand:speed>
        </extensions>
      </trkpt>
      <trkpt lat="46.8826335" lon="10.1184003">
        <ele>2582.1</ele>
        <time>2026-09-21T09:17:09Z</time>
        <hdop>8.7</hdop>
        <extensions>
          <osmand:speed>0.8</osmand:speed>
        </extensions>
      </trkpt>
      <trkpt lat="46.8825887" lon="10.1184421">
        <ele>2581.1</ele>
        <time>2026-09-21T09:17:15Z</time>
        <hdop>10.2</hdop>
        <extensions>
          <osmand:speed>0.6</osmand:speed>
        </extensions>
      </trkpt>
      <trkpt lat="46.8825614" lon="10.1184637">
        <ele>2580.1</ele>
        <time>2026-09-21T09:17:21Z</time>
        <hdop>8.7</hdop>
        <extensions>
          <osmand:speed>1</osmand:speed>
        </extensions>
      </trkpt>
      <trkpt lat="46.8825252" lon="10.1184549">
        <ele>2579.1</ele>
        <time>2026-09-21T09:17:27Z</time>
        <hdop>7.7</hdop>
        <extensions>
          <osmand:speed>0.9</osmand:speed>
        </extensions>
      </trkpt>
      <trkpt lat="46.8825162" lon="10.1183827">
        <ele>2579.1</ele>
        <time>2026-09-21T09:17:33Z</time>
        <hdop>9.7</hdop>
        <extensions>
          <osmand:speed>0.9</osmand:speed>
        </extensions>
      </trkpt>
      <trkpt lat="46.8825409" lon="10.1183238">
        <ele>2578.1</ele>
        <time>2026-09-21T09:17:39Z</time>
        <hdop>9.2</hdop>
        <extensions>
          <osmand:speed>0.4</osmand:speed>
        </extensions>
      </trkpt>
      <trkpt lat="46.8825281" lon="10.1182578">
        <ele>2576.1</ele>
        <time>2026-09-21T09:17:45Z</time>
        <hdop>8.7</hdop>
        <extensions>
          <osmand:speed>0.6</osmand:speed>
        </extensions>
      </trkpt>
      <trkpt lat="46.8825261" lon="10.1182086">
        <ele>2574.1</ele>
        <time>2026-09-21T09:17:51Z</time>
        <hdop>9.2</hdop>
        <extensions>
          <osmand:speed>0.9</osmand:speed>
        </extensions>
      </trkpt>
      <trkpt lat="46.8825537" lon="10.1181328">
        <ele>2573.1</ele>
        <time>2026-09-21T09:17:57Z</time>
        <hdop>9.7</hdop>
        <extensions>
          <osmand:speed>0.6</osmand:speed>
        </extensions>
      </trkpt>
      <trkpt lat="46.8825357" lon="10.1181526">
        <ele>2571.1</ele>
        <time>2026-09-21T09:18:04Z</time>
        <hdop>8.7</hdop>
        <extensions>
          <osmand:speed>1</osmand:speed>
        </extensions>
      </trkpt>
      <trkpt lat="46.8824871" lon="10.1181898">
        <ele>2570.1</ele>
        <time>2026-09-21T09:18:10Z</time>
        <hdop>10.2</hdop>
        <extensions>
          <osmand:speed>0.9</osmand:speed>
        </extensions>
      </trkpt>
      <trkpt lat="46.8824327" lon="10.1182122">
        <ele>2568.1</ele>
        <time>2026-09-21T09:18:16Z</time>
        <hdop>10.2</hdop>
        <extensions>
          <osmand:speed>1.1</osmand:speed>
        </extensions>
      </trkpt>
      <trkpt lat="46.882371" lon="10.1182304">
        <ele>2567.1</ele>
        <time>2026-09-21T09:18:22Z</time>
        <hdop>8.7</hdop>
        <extensions>
          <osmand:speed>0.5</osmand:speed>
        </extensions>
      </trkpt>
      <trkpt lat="46.8823241" lon="10.1182634">
        <ele>2566.1</ele>
        <time>2026-09-21T09:18:28Z</time>
        <hdop>10.7</hdop>
        <extensions>
          <osmand:speed>0.2</osmand:speed>
        </extensions>
      </trkpt>
      <trkpt lat="46.8823143" lon="10.1182291">
        <ele>2565.1</ele>
        <time>2026-09-21T09:18:34Z</time>
        <hdop>10.2</hdop>
        <extensions>
          <osmand:speed>1</osmand:speed>
        </extensions>
      </trkpt>
      <trkpt lat="46.8822755" lon="10.118261">
        <ele>2562.1</ele>
        <time>2026-09-21T09:18:40Z</time>
        <hdop>8.7</hdop>
        <extensions>
          <osmand:speed>0.8</osmand:speed>
        </extensions>
      </trkpt>
      <trkpt lat="46.8822536" lon="10.1181917">
        <ele>2562.1</ele>
        <time>2026-09-21T09:18:46Z</time>
        <hdop>9.2</hdop>
        <extensions>
          <osmand:speed>1.1</osmand:speed>
        </extensions>
      </trkpt>
      <trkpt lat="46.8822579" lon="10.1181525">
        <ele>2561.1</ele>
        <time>2026-09-21T09:18:52Z</time>
        <hdop>9.7</hdop>
        <extensions>
          <osmand:speed>1</osmand:speed>
        </extensions>
      </trkpt>
      <trkpt lat="46.8822592" lon="10.1180984">
        <ele>2560.1</ele>
        <time>2026-09-21T09:18:58Z</time>
        <hdop>9.2</hdop>
        <extensions>
          <osmand:speed>1.1</osmand:speed>
        </extensions>
      </trkpt>
      <trkpt lat="46.8822536" lon="10.1180231">
        <ele>2557.1</ele>
        <time>2026-09-21T09:19:04Z</time>
        <hdop>10.2</hdop>
        <extensions>
          <osmand:speed>0.6</osmand:speed>
        </extensions>
      </trkpt>
      <trkpt lat="46.8822434" lon="10.1179631">
        <ele>2556.1</ele>
        <time>2026-09-21T09:19:10Z</time>
        <hdop>9.7</hdop>
        <extensions>
          <osmand:speed>0.9</osmand:speed>
        </extensions>
      </trkpt>
      <trkpt lat="46.8822419" lon="10.1179063">
        <ele>2555.1</ele>
        <time>2026-09-21T09:19:16Z</time>
        <hdop>8.7</hdop>
        <extensions>
          <osmand:speed>0.9</osmand:speed>
        </extensions>
      </trkpt>
      <trkpt lat="46.8822216" lon="10.1178604">
        <ele>2554.1</ele>
        <time>2026-09-21T09:19:22Z</time>
        <hdop>10.7</hdop>
        <extensions>
          <osmand:speed>0.6</osmand:speed>
        </extensions>
      </trkpt>
      <trkpt lat="46.8822213" lon="10.1178042">
        <ele>2553.1</ele>
        <time>2026-09-21T09:19:28Z</time>
        <hdop>8.2</hdop>
        <extensions>
          <osmand:speed>0.8</osmand:speed>
        </extensions>
      </trkpt>
      <trkpt lat="46.8821941" lon="10.1177178">
        <ele>2549.1</ele>
        <time>2026-09-21T09:19:34Z</time>
        <hdop>8.2</hdop>
        <extensions>
          <osmand:speed>0.9</osmand:speed>
        </extensions>
      </trkpt>
      <trkpt lat="46.8821951" lon="10.1176377">
        <ele>2546.1</ele>
        <time>2026-09-21T09:19:40Z</time>
        <hdop>9.7</hdop>
        <extensions>
          <osmand:speed>1.1</osmand:speed>
        </extensions>
      </trkpt>
      <trkpt lat="46.8821783" lon="10.11756">
        <ele>2545.1</ele>
        <time>2026-09-21T09:19:46Z</time>
        <hdop>8.7</hdop>
        <extensions>
          <osmand:speed>0.9</osmand:speed>
        </extensions>
      </trkpt>
      <trkpt lat="46.8821637" lon="10.117487">
        <ele>2544.1</ele>
        <time>2026-09-21T09:19:52Z</time>
        <hdop>9.7</hdop>
        <extensions>
          <osmand:speed>1</osmand:speed>
        </extensions>
      </trkpt>
      <trkpt lat="46.8821444" lon="10.1173922">
        <ele>2543.1</ele>
        <time>2026-09-21T09:19:58Z</time>
        <hdop>9.7</hdop>
        <extensions>
          <osmand:speed>0.9</osmand:speed>
        </extensions>
      </trkpt>
      <trkpt lat="46.8821629" lon="10.1173094">
        <ele>2541.1</ele>
        <time>2026-09-21T09:20:04Z</time>
        <hdop>8.2</hdop>
        <extensions>
          <osmand:speed>1</osmand:speed>
        </extensions>
      </trkpt>
      <trkpt lat="46.882116" lon="10.1172638">
        <ele>2540.1</ele>
        <time>2026-09-21T09:20:10Z</time>
        <hdop>7.1</hdop>
        <extensions>
          <osmand:speed>1</osmand:speed>
        </extensions>
      </trkpt>
      <trkpt lat="46.882085" lon="10.1171984">
        <ele>2539.1</ele>
        <time>2026-09-21T09:20:16Z</time>
        <hdop>8.2</hdop>
        <extensions>
          <osmand:speed>1.1</osmand:speed>
        </extensions>
      </trkpt>
      <trkpt lat="46.8820618" lon="10.1172136">
        <ele>2537.1</ele>
        <time>2026-09-21T09:20:23Z</time>
        <hdop>10.7</hdop>
        <extensions>
          <osmand:speed>1.2</osmand:speed>
        </extensions>
      </trkpt>
      <trkpt lat="46.8819959" lon="10.1172265">
        <ele>2536.1</ele>
        <time>2026-09-21T09:20:29Z</time>
        <hdop>8.7</hdop>
        <extensions>
          <osmand:speed>1.1</osmand:speed>
        </extensions>
      </trkpt>
      <trkpt lat="46.8819272" lon="10.1172084">
        <ele>2535.1</ele>
        <time>2026-09-21T09:20:35Z</time>
        <hdop>8.7</hdop>
        <extensions>
          <osmand:speed>1.4</osmand:speed>
        </extensions>
      </trkpt>
      <trkpt lat="46.8818794" lon="10.1172228">
        <ele>2534.1</ele>
        <time>2026-09-21T09:20:41Z</time>
        <hdop>10.7</hdop>
        <extensions>
          <osmand:speed>0.9</osmand:speed>
        </extensions>
      </trkpt>
      <trkpt lat="46.881821" lon="10.1172104">
        <ele>2533.1</ele>
        <time>2026-09-21T09:20:47Z</time>
        <hdop>9.2</hdop>
        <extensions>
          <osmand:speed>1.2</osmand:speed>
        </extensions>
      </trkpt>
      <trkpt lat="46.8817639" lon="10.1172119">
        <ele>2531.1</ele>
        <time>2026-09-21T09:20:53Z</time>
        <hdop>10.7</hdop>
        <extensions>
          <osmand:speed>1</osmand:speed>
        </extensions>
      </trkpt>
      <trkpt lat="46.8816944" lon="10.1172404">
        <ele>2531.1</ele>
        <time>2026-09-21T09:20:59Z</time>
        <hdop>11.2</hdop>
        <extensions>
          <osmand:speed>1.2</osmand:speed>
        </extensions>
      </trkpt>
      <trkpt lat="46.8816367" lon="10.1172712">
        <ele>2531.1</ele>
        <time>2026-09-21T09:21:05Z</time>
        <hdop>8.7</hdop>
        <extensions>
          <osmand:speed>1.2</osmand:speed>
        </extensions>
      </trkpt>
      <trkpt lat="46.8815704" lon="10.1172314">
        <ele>2531.1</ele>
        <time>2026-09-21T09:21:11Z</time>
        <hdop>8.7</hdop>
        <extensions>
          <osmand:speed>1.4</osmand:speed>
        </extensions>
      </trkpt>
      <trkpt lat="46.8815045" lon="10.1172374">
        <ele>2529.1</ele>
        <time>2026-09-21T09:21:17Z</time>
        <hdop>10.7</hdop>
        <extensions>
          <osmand:speed>1</osmand:speed>
        </extensions>
      </trkpt>
      <trkpt lat="46.8814292" lon="10.1172517">
        <ele>2529.1</ele>
        <time>2026-09-21T09:21:23Z</time>
        <hdop>9.2</hdop>
        <extensions>
          <osmand:speed>1.3</osmand:speed>
        </extensions>
      </trkpt>
      <trkpt lat="46.8813692" lon="10.1172811">
        <ele>2529.1</ele>
        <time>2026-09-21T09:21:29Z</time>
        <hdop>9.7</hdop>
        <extensions>
          <osmand:speed>0.6</osmand:speed>
        </extensions>
      </trkpt>
      <trkpt lat="46.8813059" lon="10.1172673">
        <ele>2530.1</ele>
        <time>2026-09-21T09:21:35Z</time>
        <hdop>10.2</hdop>
        <extensions>
          <osmand:speed>1.2</osmand:speed>
        </extensions>
      </trkpt>
      <trkpt lat="46.8812298" lon="10.1172611">
        <ele>2531.1</ele>
        <time>2026-09-21T09:21:41Z</time>
        <hdop>11.2</hdop>
        <extensions>
          <osmand:speed>1.4</osmand:speed>
        </extensions>
      </trkpt>
      <trkpt lat="46.8811628" lon="10.1172576">
        <ele>2532.1</ele>
        <time>2026-09-21T09:21:47Z</time>
        <hdop>9.2</hdop>
        <extensions>
          <osmand:speed>1.2</osmand:speed>
        </extensions>
      </trkpt>
      <trkpt lat="46.88109" lon="10.1172891">
        <ele>2532.1</ele>
        <time>2026-09-21T09:21:53Z</time>
        <hdop>9.7</hdop>
        <extensions>
          <osmand:speed>1.2</osmand:speed>
        </extensions>
      </trkpt>
      <trkpt lat="46.8810135" lon="10.1173158">
        <ele>2532.1</ele>
        <time>2026-09-21T09:21:59Z</time>
        <hdop>7.7</hdop>
        <extensions>
          <osmand:speed>1.4</osmand:speed>
        </extensions>
      </trkpt>
      <trkpt lat="46.8809616" lon="10.117365">
        <ele>2532.1</ele>
        <time>2026-09-21T09:22:05Z</time>
        <hdop>10.2</hdop>
        <extensions>
          <osmand:speed>1.5</osmand:speed>
        </extensions>
      </trkpt>
      <trkpt lat="46.8808958" lon="10.117391">
        <ele>2532.1</ele>
        <time>2026-09-21T09:22:11Z</time>
        <hdop>10.2</hdop>
        <extensions>
          <osmand:speed>1.3</osmand:speed>
        </extensions>
      </trkpt>
      <trkpt lat="46.8808266" lon="10.1174297">
        <ele>2533.1</ele>
        <time>2026-09-21T09:22:17Z</time>
        <hdop>10.7</hdop>
        <extensions>
          <osmand:speed>1.3</osmand:speed>
        </extensions>
      </trkpt>
      <trkpt lat="46.8807553" lon="10.1174415">
        <ele>2533.1</ele>
        <time>2026-09-21T09:22:23Z</time>
        <hdop>7.1</hdop>
        <extensions>
          <osmand:speed>1.5</osmand:speed>
        </extensions>
      </trkpt>
      <trkpt lat="46.8806971" lon="10.1174604">
        <ele>2533.1</ele>
        <time>2026-09-21T09:22:29Z</time>
        <hdop>10.2</hdop>
        <extensions>
          <osmand:speed>0</osmand:speed>
        </extensions>
      </trkpt>
      <trkpt lat="46.8806808" lon="10.1174897">
        <ele>2534.1</ele>
        <time>2026-09-21T09:22:38Z</time>
        <hdop>9.7</hdop>
        <extensions>
          <osmand:speed>1.2</osmand:speed>
        </extensions>
      </trkpt>
      <trkpt lat="46.8806244" lon="10.1175335">
        <ele>2536.1</ele>
        <time>2026-09-21T09:22:44Z</time>
        <hdop>9.2</hdop>
        <extensions>
          <osmand:speed>1</osmand:speed>
        </extensions>
      </trkpt>
      <trkpt lat="46.8805503" lon="10.1175499">
        <ele>2536.1</ele>
        <time>2026-09-21T09:22:50Z</time>
        <hdop>9.2</hdop>
        <extensions>
          <osmand:speed>1.3</osmand:speed>
        </extensions>
      </trkpt>
      <trkpt lat="46.8804904" lon="10.1176206">
        <ele>2537.1</ele>
        <time>2026-09-21T09:22:56Z</time>
        <hdop>10.2</hdop>
        <extensions>
          <osmand:speed>1.5</osmand:speed>
        </extensions>
      </trkpt>
      <trkpt lat="46.8804318" lon="10.1176224">
        <ele>2536.1</ele>
        <time>2026-09-21T09:23:02Z</time>
        <hdop>7.1</hdop>
        <extensions>
          <osmand:speed>1.2</osmand:speed>
        </extensions>
      </trkpt>
      <trkpt lat="46.8803763" lon="10.1176354">
        <ele>2536.1</ele>
        <time>2026-09-21T09:23:08Z</time>
        <hdop>9.7</hdop>
        <extensions>
          <osmand:speed>1.5</osmand:speed>
        </extensions>
      </trkpt>
      <trkpt lat="46.8803132" lon="10.1175876">
        <ele>2536.1</ele>
        <time>2026-09-21T09:23:14Z</time>
        <hdop>11.2</hdop>
        <extensions>
          <osmand:speed>1.4</osmand:speed>
        </extensions>
      </trkpt>
      <trkpt lat="46.8802517" lon="10.1175494">
        <ele>2537.1</ele>
        <time>2026-09-21T09:23:20Z</time>
        <hdop>9.2</hdop>
        <extensions>
          <osmand:speed>1.3</osmand:speed>
        </extensions>
      </trkpt>
      <trkpt lat="46.8802102" lon="10.1174993">
        <ele>2537.1</ele>
        <time>2026-09-21T09:23:26Z</time>
        <hdop>9.7</hdop>
        <extensions>
          <osmand:speed>1.1</osmand:speed>
        </extensions>
      </trkpt>
      <trkpt lat="46.8801621" lon="10.1174217">
        <ele>2538.1</ele>
        <time>2026-09-21T09:23:32Z</time>
        <hdop>11.7</hdop>
        <extensions>
          <osmand:speed>1.7</osmand:speed>
        </extensions>
      </trkpt>
      <trkpt lat="46.8801007" lon="10.117331">
        <ele>2538.1</ele>
        <time>2026-09-21T09:23:38Z</time>
        <hdop>10.7</hdop>
        <extensions>
          <osmand:speed>1.5</osmand:speed>
        </extensions>
      </trkpt>
      <trkpt lat="46.8800501" lon="10.1173195">
        <ele>2536.1</ele>
        <time>2026-09-21T09:23:44Z</time>
        <hdop>8.2</hdop>
        <extensions>
          <osmand:speed>1.5</osmand:speed>
        </extensions>
      </trkpt>
      <trkpt lat="46.8799705" lon="10.1173467">
        <ele>2534.1</ele>
        <time>2026-09-21T09:23:50Z</time>
        <hdop>8.7</hdop>
        <extensions>
          <osmand:speed>1.1</osmand:speed>
        </extensions>
      </trkpt>
      <trkpt lat="46.8799134" lon="10.1173098">
        <ele>2533.1</ele>
        <time>2026-09-21T09:23:56Z</time>
        <hdop>8.7</hdop>
        <extensions>
          <osmand:speed>1.3</osmand:speed>
        </extensions>
      </trkpt>
      <trkpt lat="46.879862" lon="10.1172218">
        <ele>2532.1</ele>
        <time>2026-09-21T09:24:02Z</time>
        <hdop>9.2</hdop>
        <extensions>
          <osmand:speed>1.5</osmand:speed>
        </extensions>
      </trkpt>
      <trkpt lat="46.879797" lon="10.1171868">
        <ele>2530.1</ele>
        <time>2026-09-21T09:24:08Z</time>
        <hdop>11.2</hdop>
        <extensions>
          <osmand:speed>1.6</osmand:speed>
        </extensions>
      </trkpt>
      <trkpt lat="46.8797868" lon="10.1171016">
        <ele>2530.1</ele>
        <time>2026-09-21T09:24:14Z</time>
        <hdop>10.7</hdop>
        <extensions>
          <osmand:speed>1.7</osmand:speed>
        </extensions>
      </trkpt>
      <trkpt lat="46.8797596" lon="10.1170232">
        <ele>2530.1</ele>
        <time>2026-09-21T09:24:20Z</time>
        <hdop>9.7</hdop>
        <extensions>
          <osmand:speed>1.1</osmand:speed>
        </extensions>
      </trkpt>
      <trkpt lat="46.879719" lon="10.1169789">
        <ele>2528.1</ele>
        <time>2026-09-21T09:24:26Z</time>
        <hdop>9.7</hdop>
        <extensions>
          <osmand:speed>1</osmand:speed>
        </extensions>
      </trkpt>
      <trkpt lat="46.8796833" lon="10.1169258">
        <ele>2529.1</ele>
        <time>2026-09-21T09:24:32Z</time>
        <hdop>9.2</hdop>
        <extensions>
          <osmand:speed>1.1</osmand:speed>
        </extensions>
      </trkpt>
      <trkpt lat="46.8796289" lon="10.1168585">
        <ele>2529.1</ele>
        <time>2026-09-21T09:24:38Z</time>
        <hdop>9.7</hdop>
        <extensions>
          <osmand:speed>1.2</osmand:speed>
        </extensions>
      </trkpt>
      <trkpt lat="46.8795659" lon="10.1167814">
        <ele>2529.1</ele>
        <time>2026-09-21T09:24:44Z</time>
        <hdop>9.7</hdop>
        <extensions>
          <osmand:speed>1.2</osmand:speed>
        </extensions>
      </trkpt>
      <trkpt lat="46.8795109" lon="10.1167388">
        <ele>2529.1</ele>
        <time>2026-09-21T09:24:50Z</time>
        <hdop>11.2</hdop>
        <extensions>
          <osmand:speed>1.2</osmand:speed>
        </extensions>
      </trkpt>
      <trkpt lat="46.8794639" lon="10.1167313">
        <ele>2528.1</ele>
        <time>2026-09-21T09:24:56Z</time>
        <hdop>13.3</hdop>
        <extensions>
          <osmand:speed>0.9</osmand:speed>
        </extensions>
      </trkpt>
      <trkpt lat="46.8794146" lon="10.1166967">
        <ele>2529.1</ele>
        <time>2026-09-21T09:25:02Z</time>
        <hdop>12.2</hdop>
        <extensions>
          <osmand:speed>1.1</osmand:speed>
        </extensions>
      </trkpt>
      <trkpt lat="46.8793461" lon="10.1166674">
        <ele>2531.1</ele>
        <time>2026-09-21T09:25:08Z</time>
        <hdop>12.2</hdop>
        <extensions>
          <osmand:speed>1.2</osmand:speed>
        </extensions>
      </trkpt>
      <trkpt lat="46.8792878" lon="10.1166467">
        <ele>2533.1</ele>
        <time>2026-09-21T09:25:14Z</time>
        <hdop>11.2</hdop>
        <extensions>
          <osmand:speed>0.7</osmand:speed>
        </extensions>
      </trkpt>
      <trkpt lat="46.8792092" lon="10.1166244">
        <ele>2534.1</ele>
        <time>2026-09-21T09:25:20Z</time>
        <hdop>10.7</hdop>
        <extensions>
          <osmand:speed>1.2</osmand:speed>
        </extensions>
      </trkpt>
      <trkpt lat="46.8791434" lon="10.1166091">
        <ele>2535.1</ele>
        <time>2026-09-21T09:25:26Z</time>
        <hdop>10.2</hdop>
        <extensions>
          <osmand:speed>1.3</osmand:speed>
        </extensions>
      </trkpt>
      <trkpt lat="46.8790902" lon="10.1165673">
        <ele>2534.1</ele>
        <time>2026-09-21T09:25:32Z</time>
        <hdop>10.7</hdop>
        <extensions>
          <osmand:speed>1.4</osmand:speed>
        </extensions>
      </trkpt>
      <trkpt lat="46.8790313" lon="10.1165718">
        <ele>2535.1</ele>
        <time>2026-09-21T09:25:38Z</time>
        <hdop>12.8</hdop>
        <extensions>
          <osmand:speed>1.6</osmand:speed>
        </extensions>
      </trkpt>
      <trkpt lat="46.8789944" lon="10.1165614">
        <ele>2535.1</ele>
        <time>2026-09-21T09:25:44Z</time>
        <hdop>11.7</hdop>
        <extensions>
          <osmand:speed>0.6</osmand:speed>
        </extensions>
      </trkpt>
      <trkpt lat="46.878944" lon="10.116537">
        <ele>2535.1</ele>
        <time>2026-09-21T09:25:50Z</time>
        <hdop>12.2</hdop>
        <extensions>
          <osmand:speed>1.1</osmand:speed>
        </extensions>
      </trkpt>
      <trkpt lat="46.8788955" lon="10.1165577">
        <ele>2535.1</ele>
        <time>2026-09-21T09:25:56Z</time>
        <hdop>10.7</hdop>
        <extensions>
          <osmand:speed>1</osmand:speed>
        </extensions>
      </trkpt>
      <trkpt lat="46.8788404" lon="10.1165735">
        <ele>2535.1</ele>
        <time>2026-09-21T09:26:02Z</time>
        <hdop>13.8</hdop>
        <extensions>
          <osmand:speed>1.2</osmand:speed>
        </extensions>
      </trkpt>
      <trkpt lat="46.8787892" lon="10.1165633">
        <ele>2535.1</ele>
        <time>2026-09-21T09:26:08Z</time>
        <hdop>12.2</hdop>
        <extensions>
          <osmand:speed>0.5</osmand:speed>
        </extensions>
      </trkpt>
      <trkpt lat="46.8787282" lon="10.1165588">
        <ele>2535.1</ele>
        <time>2026-09-21T09:26:14Z</time>
        <hdop>14.3</hdop>
        <extensions>
          <osmand:speed>0.8</osmand:speed>
        </extensions>
      </trkpt>
      <trkpt lat="46.8786694" lon="10.1165499">
        <ele>2536.1</ele>
        <time>2026-09-21T09:26:20Z</time>
        <hdop>11.2</hdop>
        <extensions>
          <osmand:speed>1</osmand:speed>
        </extensions>
      </trkpt>
      <trkpt lat="46.878622" lon="10.1165727">
        <ele>2536.1</ele>
        <time>2026-09-21T09:26:26Z</time>
        <hdop>11.7</hdop>
        <extensions>
          <osmand:speed>0.8</osmand:speed>
        </extensions>
      </trkpt>
      <trkpt lat="46.8785712" lon="10.1165447">
        <ele>2536.1</ele>
        <time>2026-09-21T09:26:32Z</time>
        <hdop>11.2</hdop>
        <extensions>
          <osmand:speed>0.8</osmand:speed>
        </extensions>
      </trkpt>
      <trkpt lat="46.8785093" lon="10.11654">
        <ele>2537.1</ele>
        <time>2026-09-21T09:26:38Z</time>
        <hdop>11.2</hdop>
        <extensions>
          <osmand:speed>0.9</osmand:speed>
        </extensions>
      </trkpt>
      <trkpt lat="46.8784379" lon="10.1165314">
        <ele>2539.1</ele>
        <time>2026-09-21T09:26:44Z</time>
        <hdop>10.2</hdop>
        <extensions>
          <osmand:speed>1.3</osmand:speed>
        </extensions>
      </trkpt>
      <trkpt lat="46.8783819" lon="10.1165226">
        <ele>2540.1</ele>
        <time>2026-09-21T09:26:50Z</time>
        <hdop>11.7</hdop>
        <extensions>
          <osmand:speed>1.4</osmand:speed>
        </extensions>
      </trkpt>
      <trkpt lat="46.8783274" lon="10.1164953">
        <ele>2541.1</ele>
        <time>2026-09-21T09:26:56Z</time>
        <hdop>11.7</hdop>
        <extensions>
          <osmand:speed>1.2</osmand:speed>
        </extensions>
      </trkpt>
      <trkpt lat="46.8782501" lon="10.1164819">
        <ele>2541.1</ele>
        <time>2026-09-21T09:27:02Z</time>
        <hdop>11.2</hdop>
        <extensions>
          <osmand:speed>1.6</osmand:speed>
        </extensions>
      </trkpt>
      <trkpt lat="46.8781801" lon="10.1164979">
        <ele>2542.1</ele>
        <time>2026-09-21T09:27:08Z</time>
        <hdop>11.2</hdop>
        <extensions>
          <osmand:speed>0.7</osmand:speed>
        </extensions>
      </trkpt>
      <trkpt lat="46.8781376" lon="10.1165063">
        <ele>2543.1</ele>
        <time>2026-09-21T09:27:14Z</time>
        <hdop>11.7</hdop>
        <extensions>
          <osmand:speed>0.1</osmand:speed>
        </extensions>
      </trkpt>
      <trkpt lat="46.8780915" lon="10.1164985">
        <ele>2545.1</ele>
        <time>2026-09-21T09:27:20Z</time>
        <hdop>10.2</hdop>
        <extensions>
          <osmand:speed>1.4</osmand:speed>
        </extensions>
      </trkpt>
      <trkpt lat="46.8780478" lon="10.1164841">
        <ele>2546.1</ele>
        <time>2026-09-21T09:27:26Z</time>
        <hdop>11.2</hdop>
        <extensions>
          <osmand:speed>1</osmand:speed>
        </extensions>
      </trkpt>
      <trkpt lat="46.8780128" lon="10.116451">
        <ele>2546.1</ele>
        <time>2026-09-21T09:27:32Z</time>
        <hdop>10.7</hdop>
        <extensions>
          <osmand:speed>0.6</osmand:speed>
        </extensions>
      </trkpt>
      <trkpt lat="46.8779366" lon="10.1164656">
        <ele>2546.1</ele>
        <time>2026-09-21T09:27:38Z</time>
        <hdop>13.3</hdop>
        <extensions>
          <osmand:speed>1.5</osmand:speed>
        </extensions>
      </trkpt>
      <trkpt lat="46.8778786" lon="10.1164279">
        <ele>2548.1</ele>
        <time>2026-09-21T09:27:44Z</time>
        <hdop>11.2</hdop>
        <extensions>
          <osmand:speed>1.2</osmand:speed>
        </extensions>
      </trkpt>
      <trkpt lat="46.8778215" lon="10.1164154">
        <ele>2548.1</ele>
        <time>2026-09-21T09:27:50Z</time>
        <hdop>11.2</hdop>
        <extensions>
          <osmand:speed>0.5</osmand:speed>
        </extensions>
      </trkpt>
      <trkpt lat="46.877779" lon="10.1164183">
        <ele>2548.1</ele>
        <time>2026-09-21T09:27:56Z</time>
        <hdop>12.8</hdop>
        <extensions>
          <osmand:speed>0.9</osmand:speed>
        </extensions>
      </trkpt>
      <trkpt lat="46.8777276" lon="10.1164199">
        <ele>2549.1</ele>
        <time>2026-09-21T09:28:02Z</time>
        <hdop>11.2</hdop>
        <extensions>
          <osmand:speed>1.3</osmand:speed>
        </extensions>
      </trkpt>
      <trkpt lat="46.8777017" lon="10.1165142">
        <ele>2553.1</ele>
        <time>2026-09-21T09:28:08Z</time>
        <hdop>10.7</hdop>
        <extensions>
          <osmand:speed>0.3</osmand:speed>
        </extensions>
      </trkpt>
      <trkpt lat="46.8776808" lon="10.1165177">
        <ele>2556.1</ele>
        <time>2026-09-21T09:28:18Z</time>
        <hdop>8.2</hdop>
        <extensions>
          <osmand:speed>0.6</osmand:speed>
        </extensions>
      </trkpt>
      <trkpt lat="46.8776302" lon="10.1165242">
        <ele>2557.1</ele>
        <time>2026-09-21T09:28:24Z</time>
        <hdop>8.7</hdop>
        <extensions>
          <osmand:speed>1.1</osmand:speed>
        </extensions>
      </trkpt>
      <trkpt lat="46.8775651" lon="10.1165275">
        <ele>2558.1</ele>
        <time>2026-09-21T09:28:30Z</time>
        <hdop>8.7</hdop>
        <extensions>
          <osmand:speed>1.4</osmand:speed>
        </extensions>
      </trkpt>
      <trkpt lat="46.8775249" lon="10.116611">
        <ele>2558.1</ele>
        <time>2026-09-21T09:28:36Z</time>
        <hdop>9.2</hdop>
        <extensions>
          <osmand:speed>0.8</osmand:speed>
        </extensions>
      </trkpt>
      <trkpt lat="46.8774806" lon="10.1166596">
        <ele>2557.1</ele>
        <time>2026-09-21T09:28:42Z</time>
        <hdop>11.2</hdop>
        <extensions>
          <osmand:speed>1</osmand:speed>
        </extensions>
      </trkpt>
      <trkpt lat="46.8774243" lon="10.116697">
        <ele>2558.1</ele>
        <time>2026-09-21T09:28:48Z</time>
        <hdop>11.2</hdop>
        <extensions>
          <osmand:speed>1.1</osmand:speed>
        </extensions>
      </trkpt>
      <trkpt lat="46.8773761" lon="10.1167609">
        <ele>2559.1</ele>
        <time>2026-09-21T09:28:54Z</time>
        <hdop>9.2</hdop>
        <extensions>
          <osmand:speed>1.3</osmand:speed>
        </extensions>
      </trkpt>
      <trkpt lat="46.8773198" lon="10.1168228">
        <ele>2559.1</ele>
        <time>2026-09-21T09:29:00Z</time>
        <hdop>8.7</hdop>
        <extensions>
          <osmand:speed>0.7</osmand:speed>
        </extensions>
      </trkpt>
      <trkpt lat="46.8772602" lon="10.1168294">
        <ele>2560.1</ele>
        <time>2026-09-21T09:29:06Z</time>
        <hdop>11.2</hdop>
        <extensions>
          <osmand:speed>0.9</osmand:speed>
        </extensions>
      </trkpt>
      <trkpt lat="46.8772233" lon="10.1168498">
        <ele>2561.1</ele>
        <time>2026-09-21T09:29:12Z</time>
        <hdop>13.3</hdop>
        <extensions>
          <osmand:speed>1</osmand:speed>
        </extensions>
      </trkpt>
      <trkpt lat="46.8771726" lon="10.1168666">
        <ele>2562.1</ele>
        <time>2026-09-21T09:29:18Z</time>
        <hdop>12.8</hdop>
        <extensions>
          <osmand:speed>1.1</osmand:speed>
        </extensions>
      </trkpt>
      <trkpt lat="46.8771192" lon="10.1169025">
        <ele>2563.1</ele>
        <time>2026-09-21T09:29:24Z</time>
        <hdop>12.2</hdop>
        <extensions>
          <osmand:speed>1.1</osmand:speed>
        </extensions>
      </trkpt>
      <trkpt lat="46.877079" lon="10.1169325">
        <ele>2563.1</ele>
        <time>2026-09-21T09:29:30Z</time>
        <hdop>14.3</hdop>
        <extensions>
          <osmand:speed>0.9</osmand:speed>
        </extensions>
      </trkpt>
      <trkpt lat="46.8770995" lon="10.1169289">
        <ele>2566.1</ele>
        <time>2026-09-21T09:29:38Z</time>
        <hdop>10.2</hdop>
        <extensions>
          <osmand:speed>0.1</osmand:speed>
        </extensions>
      </trkpt>
      <trkpt lat="46.8770685" lon="10.1169646">
        <ele>2566.1</ele>
        <time>2026-09-21T09:29:44Z</time>
        <hdop>9.7</hdop>
        <extensions>
          <osmand:speed>0.7</osmand:speed>
        </extensions>
      </trkpt>
      <trkpt lat="46.8770352" lon="10.1169791">
        <ele>2568.1</ele>
        <time>2026-09-21T09:29:50Z</time>
        <hdop>12.2</hdop>
        <extensions>
          <osmand:speed>0.6</osmand:speed>
        </extensions>
      </trkpt>
      <trkpt lat="46.8770091" lon="10.1170042">
        <ele>2569.1</ele>
        <time>2026-09-21T09:29:56Z</time>
        <hdop>12.2</hdop>
        <extensions>
          <osmand:speed>0.8</osmand:speed>
        </extensions>
      </trkpt>
      <trkpt lat="46.8769644" lon="10.1170353">
        <ele>2570.1</ele>
        <time>2026-09-21T09:30:02Z</time>
        <hdop>12.2</hdop>
        <extensions>
          <osmand:speed>0.8</osmand:speed>
        </extensions>
      </trkpt>
      <trkpt lat="46.8769436" lon="10.1171262">
        <ele>2573.1</ele>
        <time>2026-09-21T09:30:08Z</time>
        <hdop>12.2</hdop>
        <extensions>
          <osmand:speed>0.6</osmand:speed>
        </extensions>
      </trkpt>
      <trkpt lat="46.8769258" lon="10.1171843">
        <ele>2574.1</ele>
        <time>2026-09-21T09:30:14Z</time>
        <hdop>9.7</hdop>
        <extensions>
          <osmand:speed>0.8</osmand:speed>
        </extensions>
      </trkpt>
      <trkpt lat="46.8768924" lon="10.117243">
        <ele>2575.1</ele>
        <time>2026-09-21T09:30:20Z</time>
        <hdop>10.2</hdop>
        <extensions>
          <osmand:speed>1</osmand:speed>
        </extensions>
      </trkpt>
      <trkpt lat="46.8768673" lon="10.1172969">
        <ele>2576.1</ele>
        <time>2026-09-21T09:30:26Z</time>
        <hdop>12.8</hdop>
        <extensions>
          <osmand:speed>1.1</osmand:speed>
        </extensions>
      </trkpt>
      <trkpt lat="46.8768178" lon="10.1173079">
        <ele>2577.1</ele>
        <time>2026-09-21T09:30:32Z</time>
        <hdop>14.3</hdop>
        <extensions>
          <osmand:speed>1</osmand:speed>
        </extensions>
      </trkpt>
      <trkpt lat="46.8767922" lon="10.1173043">
        <ele>2577.1</ele>
        <time>2026-09-21T09:30:38Z</time>
        <hdop>14.3</hdop>
        <extensions>
          <osmand:speed>0.5</osmand:speed>
        </extensions>
      </trkpt>
      <trkpt lat="46.876782" lon="10.1173641">
        <ele>2580.1</ele>
        <time>2026-09-21T09:30:44Z</time>
        <hdop>13.3</hdop>
        <extensions>
          <osmand:speed>1</osmand:speed>
        </extensions>
      </trkpt>
      <trkpt lat="46.8767558" lon="10.1173414">
        <ele>2582.1</ele>
        <time>2026-09-21T09:30:50Z</time>
        <hdop>12.2</hdop>
        <extensions>
          <osmand:speed>0.8</osmand:speed>
        </extensions>
      </trkpt>
      <trkpt lat="46.8767077" lon="10.1173537">
        <ele>2585.1</ele>
        <time>2026-09-21T09:30:56Z</time>
        <hdop>11.2</hdop>
        <extensions>
          <osmand:speed>1.1</osmand:speed>
        </extensions>
      </trkpt>
      <trkpt lat="46.8766769" lon="10.1174092">
        <ele>2586.1</ele>
        <time>2026-09-21T09:31:02Z</time>
        <hdop>10.7</hdop>
        <extensions>
          <osmand:speed>1.2</osmand:speed>
        </extensions>
      </trkpt>
      <trkpt lat="46.8766432" lon="10.1174122">
        <ele>2587.1</ele>
        <time>2026-09-21T09:31:08Z</time>
        <hdop>14.3</hdop>
        <extensions>
          <osmand:speed>1.1</osmand:speed>
        </extensions>
      </trkpt>
      <trkpt lat="46.8765969" lon="10.1174191">
        <ele>2586.1</ele>
        <time>2026-09-21T09:31:14Z</time>
        <hdop>13.3</hdop>
        <extensions>
          <osmand:speed>0.7</osmand:speed>
        </extensions>
      </trkpt>
      <trkpt lat="46.8765612" lon="10.1174355">
        <ele>2587.1</ele>
        <time>2026-09-21T09:31:20Z</time>
        <hdop>10.7</hdop>
        <extensions>
          <osmand:speed>1</osmand:speed>
        </extensions>
      </trkpt>
      <trkpt lat="46.8765266" lon="10.1174751">
        <ele>2586.1</ele>
        <time>2026-09-21T09:31:26Z</time>
        <hdop>13.3</hdop>
        <extensions>
          <osmand:speed>0.6</osmand:speed>
        </extensions>
      </trkpt>
      <trkpt lat="46.8765085" lon="10.1175514">
        <ele>2587.1</ele>
        <time>2026-09-21T09:31:32Z</time>
        <hdop>11.7</hdop>
        <extensions>
          <osmand:speed>0.9</osmand:speed>
        </extensions>
      </trkpt>
      <trkpt lat="46.8765335" lon="10.117623">
        <ele>2588.1</ele>
        <time>2026-09-21T09:31:38Z</time>
        <hdop>10.2</hdop>
        <extensions>
          <osmand:speed>0.2</osmand:speed>
        </extensions>
      </trkpt>
      <trkpt lat="46.8765092" lon="10.1176242">
        <ele>2590.1</ele>
        <time>2026-09-21T09:31:50Z</time>
        <hdop>9.2</hdop>
        <extensions>
          <osmand:speed>0.8</osmand:speed>
        </extensions>
      </trkpt>
      <trkpt lat="46.8764635" lon="10.1176237">
        <ele>2589.1</ele>
        <time>2026-09-21T09:31:56Z</time>
        <hdop>8.2</hdop>
        <extensions>
          <osmand:speed>1.5</osmand:speed>
        </extensions>
      </trkpt>
      <trkpt lat="46.876396" lon="10.1176695">
        <ele>2591.1</ele>
        <time>2026-09-21T09:32:02Z</time>
        <hdop>10.2</hdop>
        <extensions>
          <osmand:speed>1.3</osmand:speed>
        </extensions>
      </trkpt>
      <trkpt lat="46.8763627" lon="10.1177351">
        <ele>2591.1</ele>
        <time>2026-09-21T09:32:08Z</time>
        <hdop>7.7</hdop>
        <extensions>
          <osmand:speed>0.9</osmand:speed>
        </extensions>
      </trkpt>
      <trkpt lat="46.8763421" lon="10.1177915">
        <ele>2591.1</ele>
        <time>2026-09-21T09:32:14Z</time>
        <hdop>10.7</hdop>
        <extensions>
          <osmand:speed>1</osmand:speed>
        </extensions>
      </trkpt>
      <trkpt lat="46.8762679" lon="10.1178042">
        <ele>2591.1</ele>
        <time>2026-09-21T09:32:20Z</time>
        <hdop>10.7</hdop>
        <extensions>
          <osmand:speed>1.5</osmand:speed>
        </extensions>
      </trkpt>
      <trkpt lat="46.8762032" lon="10.117847">
        <ele>2592.1</ele>
        <time>2026-09-21T09:32:26Z</time>
        <hdop>9.7</hdop>
        <extensions>
          <osmand:speed>1.2</osmand:speed>
        </extensions>
      </trkpt>
      <trkpt lat="46.8761497" lon="10.1178549">
        <ele>2592.1</ele>
        <time>2026-09-21T09:32:32Z</time>
        <hdop>11.2</hdop>
        <extensions>
          <osmand:speed>0.6</osmand:speed>
        </extensions>
      </trkpt>
      <trkpt lat="46.8761239" lon="10.1179421">
        <ele>2592.1</ele>
        <time>2026-09-21T09:32:38Z</time>
        <hdop>11.2</hdop>
        <extensions>
          <osmand:speed>1.2</osmand:speed>
        </extensions>
      </trkpt>
      <trkpt lat="46.8760617" lon="10.1180024">
        <ele>2592</ele>
        <time>2026-09-21T09:32:44Z</time>
        <hdop>12.2</hdop>
        <extensions>
          <osmand:speed>1.4</osmand:speed>
        </extensions>
      </trkpt>
      <trkpt lat="46.876017" lon="10.1180737">
        <ele>2592</ele>
        <time>2026-09-21T09:32:50Z</time>
        <hdop>12.2</hdop>
        <extensions>
          <osmand:speed>1.2</osmand:speed>
        </extensions>
      </trkpt>
      <trkpt lat="46.8759549" lon="10.1180833">
        <ele>2592</ele>
        <time>2026-09-21T09:32:56Z</time>
        <hdop>13.8</hdop>
        <extensions>
          <osmand:speed>0.9</osmand:speed>
        </extensions>
      </trkpt>
      <trkpt lat="46.8759086" lon="10.1180923">
        <ele>2593</ele>
        <time>2026-09-21T09:33:02Z</time>
        <hdop>11.2</hdop>
        <extensions>
          <osmand:speed>1.1</osmand:speed>
        </extensions>
      </trkpt>
      <trkpt lat="46.8758523" lon="10.1181275">
        <ele>2593</ele>
        <time>2026-09-21T09:33:08Z</time>
        <hdop>10.2</hdop>
        <extensions>
          <osmand:speed>0.9</osmand:speed>
        </extensions>
      </trkpt>
      <trkpt lat="46.8758054" lon="10.1181873">
        <ele>2593</ele>
        <time>2026-09-21T09:33:14Z</time>
        <hdop>12.8</hdop>
        <extensions>
          <osmand:speed>1.4</osmand:speed>
        </extensions>
      </trkpt>
      <trkpt lat="46.8757324" lon="10.11823">
        <ele>2595</ele>
        <time>2026-09-21T09:33:20Z</time>
        <hdop>10.2</hdop>
        <extensions>
          <osmand:speed>1.4</osmand:speed>
        </extensions>
      </trkpt>
      <trkpt lat="46.8756714" lon="10.1182629">
        <ele>2594</ele>
        <time>2026-09-21T09:33:26Z</time>
        <hdop>10.7</hdop>
        <extensions>
          <osmand:speed>1.1</osmand:speed>
        </extensions>
      </trkpt>
      <trkpt lat="46.8756204" lon="10.1182543">
        <ele>2596</ele>
        <time>2026-09-21T09:33:32Z</time>
        <hdop>8.2</hdop>
        <extensions>
          <osmand:speed>0.8</osmand:speed>
        </extensions>
      </trkpt>
      <trkpt lat="46.8755766" lon="10.1182914">
        <ele>2597</ele>
        <time>2026-09-21T09:33:38Z</time>
        <hdop>9.2</hdop>
        <extensions>
          <osmand:speed>1.8</osmand:speed>
        </extensions>
      </trkpt>
      <trkpt lat="46.8755107" lon="10.1183463">
        <ele>2598</ele>
        <time>2026-09-21T09:33:44Z</time>
        <hdop>10.7</hdop>
        <extensions>
          <osmand:speed>1.1</osmand:speed>
        </extensions>
      </trkpt>
      <trkpt lat="46.8754313" lon="10.1184107">
        <ele>2598</ele>
        <time>2026-09-21T09:33:50Z</time>
        <hdop>11.2</hdop>
        <extensions>
          <osmand:speed>1.2</osmand:speed>
        </extensions>
      </trkpt>
      <trkpt lat="46.8753762" lon="10.1184717">
        <ele>2599</ele>
        <time>2026-09-21T09:33:56Z</time>
        <hdop>9.7</hdop>
        <extensions>
          <osmand:speed>1.1</osmand:speed>
        </extensions>
      </trkpt>
      <trkpt lat="46.8753364" lon="10.1185259">
        <ele>2599</ele>
        <time>2026-09-21T09:34:02Z</time>
        <hdop>9.7</hdop>
        <extensions>
          <osmand:speed>0.8</osmand:speed>
        </extensions>
      </trkpt>
      <trkpt lat="46.8753138" lon="10.1185714">
        <ele>2602</ele>
        <time>2026-09-21T09:34:08Z</time>
        <hdop>5.6</hdop>
      </trkpt>
      <trkpt lat="46.8752935" lon="10.1185742">
        <ele>2601</ele>
        <time>2026-09-21T09:34:20Z</time>
        <hdop>9.2</hdop>
        <extensions>
          <osmand:speed>0.6</osmand:speed>
        </extensions>
      </trkpt>
      <trkpt lat="46.8752663" lon="10.1186078">
        <ele>2601</ele>
        <time>2026-09-21T09:34:26Z</time>
        <hdop>8.7</hdop>
        <extensions>
          <osmand:speed>1.2</osmand:speed>
        </extensions>
      </trkpt>
      <trkpt lat="46.8751985" lon="10.1186429">
        <ele>2598</ele>
        <time>2026-09-21T09:34:32Z</time>
        <hdop>9.2</hdop>
        <extensions>
          <osmand:speed>1.2</osmand:speed>
        </extensions>
      </trkpt>
      <trkpt lat="46.8751501" lon="10.1186553">
        <ele>2599</ele>
        <time>2026-09-21T09:34:38Z</time>
        <hdop>6.6</hdop>
        <extensions>
          <osmand:speed>1</osmand:speed>
        </extensions>
      </trkpt>
      <trkpt lat="46.8751054" lon="10.1186319">
        <ele>2598</ele>
        <time>2026-09-21T09:34:44Z</time>
        <hdop>7.7</hdop>
        <extensions>
          <osmand:speed>1.1</osmand:speed>
        </extensions>
      </trkpt>
      <trkpt lat="46.8750644" lon="10.1185999">
        <ele>2597</ele>
        <time>2026-09-21T09:34:50Z</time>
        <hdop>8.7</hdop>
        <extensions>
          <osmand:speed>0.9</osmand:speed>
        </extensions>
      </trkpt>
      <trkpt lat="46.8750464" lon="10.1185629">
        <ele>2596</ele>
        <time>2026-09-21T09:34:56Z</time>
        <hdop>9.2</hdop>
        <extensions>
          <osmand:speed>0.6</osmand:speed>
        </extensions>
      </trkpt>
      <trkpt lat="46.8749983" lon="10.1186058">
        <ele>2596</ele>
        <time>2026-09-21T09:35:02Z</time>
        <hdop>7.7</hdop>
        <extensions>
          <osmand:speed>0.5</osmand:speed>
        </extensions>
      </trkpt>
      <trkpt lat="46.8749692" lon="10.1186716">
        <ele>2595</ele>
        <time>2026-09-21T09:35:08Z</time>
        <hdop>9.7</hdop>
        <extensions>
          <osmand:speed>0.6</osmand:speed>
        </extensions>
      </trkpt>
      <trkpt lat="46.8749371" lon="10.1186751">
        <ele>2593</ele>
        <time>2026-09-21T09:35:14Z</time>
        <hdop>8.2</hdop>
        <extensions>
          <osmand:speed>1.3</osmand:speed>
        </extensions>
      </trkpt>
      <trkpt lat="46.8748942" lon="10.1187328">
        <ele>2593</ele>
        <time>2026-09-21T09:35:20Z</time>
        <hdop>8.2</hdop>
        <extensions>
          <osmand:speed>0.6</osmand:speed>
        </extensions>
      </trkpt>
      <trkpt lat="46.8748409" lon="10.118688">
        <ele>2591</ele>
        <time>2026-09-21T09:35:26Z</time>
        <hdop>8.7</hdop>
        <extensions>
          <osmand:speed>0.7</osmand:speed>
        </extensions>
      </trkpt>
      <trkpt lat="46.8748076" lon="10.1187122">
        <ele>2590</ele>
        <time>2026-09-21T09:35:32Z</time>
        <hdop>8.7</hdop>
        <extensions>
          <osmand:speed>0.8</osmand:speed>
        </extensions>
      </trkpt>
      <trkpt lat="46.874759" lon="10.1187464">
        <ele>2589</ele>
        <time>2026-09-21T09:35:38Z</time>
        <hdop>8.7</hdop>
        <extensions>
          <osmand:speed>1.6</osmand:speed>
        </extensions>
      </trkpt>
      <trkpt lat="46.8747136" lon="10.1187641">
        <ele>2587</ele>
        <time>2026-09-21T09:35:44Z</time>
        <hdop>6.6</hdop>
        <extensions>
          <osmand:speed>1.1</osmand:speed>
        </extensions>
      </trkpt>
      <trkpt lat="46.8746959" lon="10.1188415">
        <ele>2587</ele>
        <time>2026-09-21T09:35:50Z</time>
        <hdop>7.1</hdop>
        <extensions>
          <osmand:speed>0.5</osmand:speed>
        </extensions>
      </trkpt>
      <trkpt lat="46.874624" lon="10.1188253">
        <ele>2584</ele>
        <time>2026-09-21T09:35:56Z</time>
        <hdop>8.7</hdop>
        <extensions>
          <osmand:speed>0.8</osmand:speed>
        </extensions>
      </trkpt>
      <trkpt lat="46.8745583" lon="10.1187871">
        <ele>2584</ele>
        <time>2026-09-21T09:36:02Z</time>
        <hdop>6.1</hdop>
        <extensions>
          <osmand:speed>1.3</osmand:speed>
        </extensions>
      </trkpt>
      <trkpt lat="46.8744995" lon="10.1187528">
        <ele>2584</ele>
        <time>2026-09-21T09:36:08Z</time>
        <hdop>9.7</hdop>
        <extensions>
          <osmand:speed>1.4</osmand:speed>
        </extensions>
      </trkpt>
      <trkpt lat="46.8744302" lon="10.1187105">
        <ele>2581</ele>
        <time>2026-09-21T09:36:14Z</time>
        <hdop>8.2</hdop>
        <extensions>
          <osmand:speed>1.4</osmand:speed>
        </extensions>
      </trkpt>
      <trkpt lat="46.8743493" lon="10.118653">
        <ele>2581</ele>
        <time>2026-09-21T09:36:20Z</time>
        <hdop>9.2</hdop>
        <extensions>
          <osmand:speed>1.2</osmand:speed>
        </extensions>
      </trkpt>
      <trkpt lat="46.8742803" lon="10.118649">
        <ele>2579</ele>
        <time>2026-09-21T09:36:26Z</time>
        <hdop>10.2</hdop>
        <extensions>
          <osmand:speed>1.3</osmand:speed>
        </extensions>
      </trkpt>
      <trkpt lat="46.8742421" lon="10.1186282">
        <ele>2579</ele>
        <time>2026-09-21T09:36:32Z</time>
        <hdop>10.2</hdop>
        <extensions>
          <osmand:speed>0.8</osmand:speed>
        </extensions>
      </trkpt>
      <trkpt lat="46.8742161" lon="10.1186008">
        <ele>2579</ele>
        <time>2026-09-21T09:36:38Z</time>
        <hdop>7.1</hdop>
        <extensions>
          <osmand:speed>1.2</osmand:speed>
        </extensions>
      </trkpt>
      <trkpt lat="46.8741749" lon="10.1185869">
        <ele>2578</ele>
        <time>2026-09-21T09:36:44Z</time>
        <hdop>8.2</hdop>
        <extensions>
          <osmand:speed>1.3</osmand:speed>
        </extensions>
      </trkpt>
      <trkpt lat="46.8741017" lon="10.1185777">
        <ele>2578</ele>
        <time>2026-09-21T09:36:50Z</time>
        <hdop>9.2</hdop>
        <extensions>
          <osmand:speed>1.1</osmand:speed>
        </extensions>
      </trkpt>
      <trkpt lat="46.8740522" lon="10.1185277">
        <ele>2577</ele>
        <time>2026-09-21T09:36:56Z</time>
        <hdop>8.7</hdop>
        <extensions>
          <osmand:speed>1.1</osmand:speed>
        </extensions>
      </trkpt>
      <trkpt lat="46.8739879" lon="10.1185022">
        <ele>2574</ele>
        <time>2026-09-21T09:37:02Z</time>
        <hdop>8.2</hdop>
        <extensions>
          <osmand:speed>1.3</osmand:speed>
        </extensions>
      </trkpt>
      <trkpt lat="46.8739154" lon="10.1185026">
        <ele>2573</ele>
        <time>2026-09-21T09:37:08Z</time>
        <hdop>9.7</hdop>
        <extensions>
          <osmand:speed>1.7</osmand:speed>
        </extensions>
      </trkpt>
      <trkpt lat="46.8738341" lon="10.1185204">
        <ele>2573</ele>
        <time>2026-09-21T09:37:14Z</time>
        <hdop>10.2</hdop>
        <extensions>
          <osmand:speed>1.4</osmand:speed>
        </extensions>
      </trkpt>
      <trkpt lat="46.8737576" lon="10.1185409">
        <ele>2572</ele>
        <time>2026-09-21T09:37:20Z</time>
        <hdop>8.2</hdop>
        <extensions>
          <osmand:speed>1.5</osmand:speed>
        </extensions>
      </trkpt>
      <trkpt lat="46.8736923" lon="10.1185356">
        <ele>2572</ele>
        <time>2026-09-21T09:37:26Z</time>
        <hdop>10.2</hdop>
        <extensions>
          <osmand:speed>1.2</osmand:speed>
        </extensions>
      </trkpt>
      <trkpt lat="46.8736318" lon="10.1185389">
        <ele>2571</ele>
        <time>2026-09-21T09:37:32Z</time>
        <hdop>7.1</hdop>
        <extensions>
          <osmand:speed>1.4</osmand:speed>
        </extensions>
      </trkpt>
      <trkpt lat="46.8735655" lon="10.1185267">
        <ele>2572</ele>
        <time>2026-09-21T09:37:38Z</time>
        <hdop>9.2</hdop>
        <extensions>
          <osmand:speed>1.2</osmand:speed>
        </extensions>
      </trkpt>
      <trkpt lat="46.8734994" lon="10.1185377">
        <ele>2573</ele>
        <time>2026-09-21T09:37:44Z</time>
        <hdop>9.7</hdop>
        <extensions>
          <osmand:speed>0.8</osmand:speed>
        </extensions>
      </trkpt>
      <trkpt lat="46.8734334" lon="10.1185209">
        <ele>2573</ele>
        <time>2026-09-21T09:37:50Z</time>
        <hdop>10.7</hdop>
        <extensions>
          <osmand:speed>1.2</osmand:speed>
        </extensions>
      </trkpt>
      <trkpt lat="46.8733682" lon="10.118517">
        <ele>2572</ele>
        <time>2026-09-21T09:37:56Z</time>
        <hdop>8.2</hdop>
        <extensions>
          <osmand:speed>1</osmand:speed>
        </extensions>
      </trkpt>
      <trkpt lat="46.8733466" lon="10.1185142">
        <ele>2572</ele>
        <time>2026-09-21T09:38:02Z</time>
        <hdop>7.1</hdop>
      </trkpt>
      <trkpt lat="46.8733254" lon="10.1185072">
        <ele>2574</ele>
        <time>2026-09-21T09:38:08Z</time>
        <hdop>8.2</hdop>
        <extensions>
          <osmand:speed>0.9</osmand:speed>
        </extensions>
      </trkpt>
      <trkpt lat="46.8732788" lon="10.1184755">
        <ele>2572</ele>
        <time>2026-09-21T09:38:14Z</time>
        <hdop>6.6</hdop>
        <extensions>
          <osmand:speed>0.8</osmand:speed>
        </extensions>
      </trkpt>
      <trkpt lat="46.8732255" lon="10.1184885">
        <ele>2570</ele>
        <time>2026-09-21T09:38:20Z</time>
        <hdop>7.1</hdop>
        <extensions>
          <osmand:speed>1.4</osmand:speed>
        </extensions>
      </trkpt>
      <trkpt lat="46.873179" lon="10.1184744">
        <ele>2570</ele>
        <time>2026-09-21T09:38:26Z</time>
        <hdop>6.6</hdop>
        <extensions>
          <osmand:speed>0.9</osmand:speed>
        </extensions>
      </trkpt>
      <trkpt lat="46.8731275" lon="10.1184634">
        <ele>2569</ele>
        <time>2026-09-21T09:38:32Z</time>
        <hdop>6.6</hdop>
        <extensions>
          <osmand:speed>1.3</osmand:speed>
        </extensions>
      </trkpt>
      <trkpt lat="46.8730793" lon="10.1184423">
        <ele>2567</ele>
        <time>2026-09-21T09:38:38Z</time>
        <hdop>9.7</hdop>
        <extensions>
          <osmand:speed>0.9</osmand:speed>
        </extensions>
      </trkpt>
      <trkpt lat="46.8730371" lon="10.118394">
        <ele>2565</ele>
        <time>2026-09-21T09:38:44Z</time>
        <hdop>7.7</hdop>
        <extensions>
          <osmand:speed>0.8</osmand:speed>
        </extensions>
      </trkpt>
      <trkpt lat="46.8729883" lon="10.1183665">
        <ele>2564</ele>
        <time>2026-09-21T09:38:50Z</time>
        <hdop>9.2</hdop>
        <extensions>
          <osmand:speed>1.3</osmand:speed>
        </extensions>
      </trkpt>
      <trkpt lat="46.872963" lon="10.1183493">
        <ele>2563</ele>
        <time>2026-09-21T09:38:56Z</time>
        <hdop>9.7</hdop>
        <extensions>
          <osmand:speed>1.1</osmand:speed>
        </extensions>
      </trkpt>
      <trkpt lat="46.8729154" lon="10.1183492">
        <ele>2562</ele>
        <time>2026-09-21T09:39:02Z</time>
        <hdop>9.7</hdop>
        <extensions>
          <osmand:speed>0.9</osmand:speed>
        </extensions>
      </trkpt>
      <trkpt lat="46.8728762" lon="10.1182818">
        <ele>2559</ele>
        <time>2026-09-21T09:39:08Z</time>
        <hdop>9.2</hdop>
        <extensions>
          <osmand:speed>0.9</osmand:speed>
        </extensions>
      </trkpt>
      <trkpt lat="46.8728274" lon="10.1182334">
        <ele>2559</ele>
        <time>2026-09-21T09:39:14Z</time>
        <hdop>9.7</hdop>
        <extensions>
          <osmand:speed>1.5</osmand:speed>
        </extensions>
      </trkpt>
      <trkpt lat="46.8727612" lon="10.1182051">
        <ele>2558</ele>
        <time>2026-09-21T09:39:20Z</time>
        <hdop>8.7</hdop>
        <extensions>
          <osmand:speed>1.6</osmand:speed>
        </extensions>
      </trkpt>
      <trkpt lat="46.8727094" lon="10.1181635">
        <ele>2557</ele>
        <time>2026-09-21T09:39:26Z</time>
        <hdop>9.7</hdop>
        <extensions>
          <osmand:speed>1.1</osmand:speed>
        </extensions>
      </trkpt>
      <trkpt lat="46.872646" lon="10.1181052">
        <ele>2557</ele>
        <time>2026-09-21T09:39:32Z</time>
        <hdop>8.2</hdop>
        <extensions>
          <osmand:speed>1.2</osmand:speed>
        </extensions>
      </trkpt>
      <trkpt lat="46.8725898" lon="10.1180619">
        <ele>2556</ele>
        <time>2026-09-21T09:39:38Z</time>
        <hdop>8.2</hdop>
        <extensions>
          <osmand:speed>1.2</osmand:speed>
        </extensions>
      </trkpt>
      <trkpt lat="46.8725375" lon="10.118006">
        <ele>2557</ele>
        <time>2026-09-21T09:39:44Z</time>
        <hdop>9.7</hdop>
        <extensions>
          <osmand:speed>0.4</osmand:speed>
        </extensions>
      </trkpt>
      <trkpt lat="46.8724724" lon="10.1180044">
        <ele>2554</ele>
        <time>2026-09-21T09:39:50Z</time>
        <hdop>10.2</hdop>
        <extensions>
          <osmand:speed>1.4</osmand:speed>
        </extensions>
      </trkpt>
      <trkpt lat="46.8723883" lon="10.1179972">
        <ele>2554</ele>
        <time>2026-09-21T09:39:56Z</time>
        <hdop>9.2</hdop>
        <extensions>
          <osmand:speed>1.7</osmand:speed>
        </extensions>
      </trkpt>
      <trkpt lat="46.8723137" lon="10.1179858">
        <ele>2555</ele>
        <time>2026-09-21T09:40:02Z</time>
        <hdop>8.7</hdop>
        <extensions>
          <osmand:speed>1.8</osmand:speed>
        </extensions>
      </trkpt>
      <trkpt lat="46.8722466" lon="10.1179767">
        <ele>2556</ele>
        <time>2026-09-21T09:40:08Z</time>
        <hdop>9.7</hdop>
        <extensions>
          <osmand:speed>1.2</osmand:speed>
        </extensions>
      </trkpt>
      <trkpt lat="46.8721648" lon="10.1180206">
        <ele>2556</ele>
        <time>2026-09-21T09:40:14Z</time>
        <hdop>8.7</hdop>
        <extensions>
          <osmand:speed>1.7</osmand:speed>
        </extensions>
      </trkpt>
      <trkpt lat="46.8720892" lon="10.1180062">
        <ele>2555</ele>
        <time>2026-09-21T09:40:20Z</time>
        <hdop>6.6</hdop>
        <extensions>
          <osmand:speed>1.3</osmand:speed>
        </extensions>
      </trkpt>
      <trkpt lat="46.8720239" lon="10.1180045">
        <ele>2554</ele>
        <time>2026-09-21T09:40:26Z</time>
        <hdop>8.7</hdop>
        <extensions>
          <osmand:speed>1</osmand:speed>
        </extensions>
      </trkpt>
      <trkpt lat="46.8719639" lon="10.1180289">
        <ele>2554</ele>
        <time>2026-09-21T09:40:32Z</time>
        <hdop>8.7</hdop>
        <extensions>
          <osmand:speed>1.2</osmand:speed>
        </extensions>
      </trkpt>
      <trkpt lat="46.8718991" lon="10.1180673">
        <ele>2554</ele>
        <time>2026-09-21T09:40:38Z</time>
        <hdop>7.1</hdop>
        <extensions>
          <osmand:speed>1.4</osmand:speed>
        </extensions>
      </trkpt>
      <trkpt lat="46.8718579" lon="10.1180189">
        <ele>2555</ele>
        <time>2026-09-21T09:40:44Z</time>
        <hdop>11.2</hdop>
        <extensions>
          <osmand:speed>0.7</osmand:speed>
        </extensions>
      </trkpt>
      <trkpt lat="46.8718191" lon="10.1180099">
        <ele>2555</ele>
        <time>2026-09-21T09:40:50Z</time>
        <hdop>10.7</hdop>
        <extensions>
          <osmand:speed>0.9</osmand:speed>
        </extensions>
      </trkpt>
      <trkpt lat="46.8717858" lon="10.1179987">
        <ele>2556</ele>
        <time>2026-09-21T09:40:56Z</time>
        <hdop>11.7</hdop>
        <extensions>
          <osmand:speed>1</osmand:speed>
        </extensions>
      </trkpt>
      <trkpt lat="46.8717805" lon="10.1179664">
        <ele>2557</ele>
        <time>2026-09-21T09:41:03Z</time>
        <hdop>9.7</hdop>
        <extensions>
          <osmand:speed>0.5</osmand:speed>
        </extensions>
      </trkpt>
      <trkpt lat="46.8717896" lon="10.1178748">
        <ele>2558</ele>
        <time>2026-09-21T09:41:09Z</time>
        <hdop>9.7</hdop>
        <extensions>
          <osmand:speed>1.1</osmand:speed>
        </extensions>
      </trkpt>
      <trkpt lat="46.8717586" lon="10.1178248">
        <ele>2558</ele>
        <time>2026-09-21T09:41:15Z</time>
        <hdop>9.2</hdop>
        <extensions>
          <osmand:speed>0.6</osmand:speed>
        </extensions>
      </trkpt>
      <trkpt lat="46.8717242" lon="10.1177839">
        <ele>2558</ele>
        <time>2026-09-21T09:41:21Z</time>
        <hdop>9.2</hdop>
        <extensions>
          <osmand:speed>1.3</osmand:speed>
        </extensions>
      </trkpt>
      <trkpt lat="46.8716932" lon="10.1177287">
        <ele>2560</ele>
        <time>2026-09-21T09:41:27Z</time>
        <hdop>9.2</hdop>
        <extensions>
          <osmand:speed>1</osmand:speed>
        </extensions>
      </trkpt>
      <trkpt lat="46.8716562" lon="10.117676">
        <ele>2562</ele>
        <time>2026-09-21T09:41:33Z</time>
        <hdop>9.2</hdop>
        <extensions>
          <osmand:speed>1.1</osmand:speed>
        </extensions>
      </trkpt>
      <trkpt lat="46.8716037" lon="10.1176146">
        <ele>2562</ele>
        <time>2026-09-21T09:41:39Z</time>
        <hdop>8.2</hdop>
        <extensions>
          <osmand:speed>1.4</osmand:speed>
        </extensions>
      </trkpt>
      <trkpt lat="46.8715671" lon="10.1175269">
        <ele>2563</ele>
        <time>2026-09-21T09:41:45Z</time>
        <hdop>9.7</hdop>
        <extensions>
          <osmand:speed>0.7</osmand:speed>
        </extensions>
      </trkpt>
      <trkpt lat="46.8715045" lon="10.1174955">
        <ele>2565</ele>
        <time>2026-09-21T09:41:51Z</time>
        <hdop>8.2</hdop>
        <extensions>
          <osmand:speed>1.2</osmand:speed>
        </extensions>
      </trkpt>
      <trkpt lat="46.8714381" lon="10.1174502">
        <ele>2565</ele>
        <time>2026-09-21T09:41:57Z</time>
        <hdop>8.7</hdop>
        <extensions>
          <osmand:speed>1.4</osmand:speed>
        </extensions>
      </trkpt>
      <trkpt lat="46.8713949" lon="10.1174518">
        <ele>2567</ele>
        <time>2026-09-21T09:42:03Z</time>
        <hdop>10.2</hdop>
        <extensions>
          <osmand:speed>0.8</osmand:speed>
        </extensions>
      </trkpt>
      <trkpt lat="46.871332" lon="10.1174202">
        <ele>2567</ele>
        <time>2026-09-21T09:42:09Z</time>
        <hdop>9.2</hdop>
        <extensions>
          <osmand:speed>1.1</osmand:speed>
        </extensions>
      </trkpt>
      <trkpt lat="46.8712702" lon="10.1174051">
        <ele>2566</ele>
        <time>2026-09-21T09:42:15Z</time>
        <hdop>8.7</hdop>
        <extensions>
          <osmand:speed>1</osmand:speed>
        </extensions>
      </trkpt>
      <trkpt lat="46.8712144" lon="10.1173931">
        <ele>2568</ele>
        <time>2026-09-21T09:42:21Z</time>
        <hdop>7.7</hdop>
        <extensions>
          <osmand:speed>1.1</osmand:speed>
        </extensions>
      </trkpt>
      <trkpt lat="46.8711828" lon="10.1173457">
        <ele>2569</ele>
        <time>2026-09-21T09:42:27Z</time>
        <hdop>10.2</hdop>
        <extensions>
          <osmand:speed>0.5</osmand:speed>
        </extensions>
      </trkpt>
      <trkpt lat="46.871167" lon="10.1173243">
        <ele>2571</ele>
        <time>2026-09-21T09:42:33Z</time>
        <hdop>9.7</hdop>
        <extensions>
          <osmand:speed>0.5</osmand:speed>
        </extensions>
      </trkpt>
      <trkpt lat="46.8711855" lon="10.1173219">
        <ele>2572</ele>
        <time>2026-09-21T09:42:39Z</time>
        <hdop>8.7</hdop>
        <extensions>
          <osmand:speed>0</osmand:speed>
        </extensions>
      </trkpt>
      <trkpt lat="46.8711662" lon="10.117311">
        <ele>2572</ele>
        <time>2026-09-21T09:42:56Z</time>
        <hdop>9.2</hdop>
        <extensions>
          <osmand:speed>0.3</osmand:speed>
        </extensions>
      </trkpt>
      <trkpt lat="46.8711332" lon="10.1173082">
        <ele>2572</ele>
        <time>2026-09-21T09:43:02Z</time>
        <hdop>9.2</hdop>
        <extensions>
          <osmand:speed>0.6</osmand:speed>
        </extensions>
      </trkpt>
      <trkpt lat="46.8710816" lon="10.1172906">
        <ele>2572</ele>
        <time>2026-09-21T09:43:08Z</time>
        <hdop>8.2</hdop>
        <extensions>
          <osmand:speed>0.9</osmand:speed>
        </extensions>
      </trkpt>
      <trkpt lat="46.871038" lon="10.1173297">
        <ele>2572</ele>
        <time>2026-09-21T09:43:14Z</time>
        <hdop>9.7</hdop>
        <extensions>
          <osmand:speed>1</osmand:speed>
        </extensions>
      </trkpt>
      <trkpt lat="46.8710073" lon="10.1173466">
        <ele>2571</ele>
        <time>2026-09-21T09:43:20Z</time>
        <hdop>10.2</hdop>
        <extensions>
          <osmand:speed>0.6</osmand:speed>
        </extensions>
      </trkpt>
      <trkpt lat="46.8709582" lon="10.1173736">
        <ele>2571</ele>
        <time>2026-09-21T09:43:26Z</time>
        <hdop>6.6</hdop>
        <extensions>
          <osmand:speed>1</osmand:speed>
        </extensions>
      </trkpt>
      <trkpt lat="46.8709024" lon="10.1173705">
        <ele>2571</ele>
        <time>2026-09-21T09:43:32Z</time>
        <hdop>8.2</hdop>
        <extensions>
          <osmand:speed>1</osmand:speed>
        </extensions>
      </trkpt>
      <trkpt lat="46.8708572" lon="10.117458">
        <ele>2572</ele>
        <time>2026-09-21T09:43:38Z</time>
        <hdop>9.7</hdop>
        <extensions>
          <osmand:speed>0.9</osmand:speed>
        </extensions>
      </trkpt>
      <trkpt lat="46.8707928" lon="10.1174967">
        <ele>2572</ele>
        <time>2026-09-21T09:43:44Z</time>
        <hdop>9.7</hdop>
        <extensions>
          <osmand:speed>0.7</osmand:speed>
        </extensions>
      </trkpt>
      <trkpt lat="46.8707172" lon="10.1175236">
        <ele>2572</ele>
        <time>2026-09-21T09:43:50Z</time>
        <hdop>8.7</hdop>
        <extensions>
          <osmand:speed>0.8</osmand:speed>
        </extensions>
      </trkpt>
      <trkpt lat="46.8706514" lon="10.1175608">
        <ele>2571</ele>
        <time>2026-09-21T09:43:56Z</time>
        <hdop>8.7</hdop>
        <extensions>
          <osmand:speed>0.9</osmand:speed>
        </extensions>
      </trkpt>
      <trkpt lat="46.8706" lon="10.1176164">
        <ele>2570</ele>
        <time>2026-09-21T09:44:02Z</time>
        <hdop>9.2</hdop>
        <extensions>
          <osmand:speed>1.1</osmand:speed>
        </extensions>
      </trkpt>
      <trkpt lat="46.8705452" lon="10.117668">
        <ele>2569</ele>
        <time>2026-09-21T09:44:08Z</time>
        <hdop>7.7</hdop>
        <extensions>
          <osmand:speed>1.1</osmand:speed>
        </extensions>
      </trkpt>
      <trkpt lat="46.8705111" lon="10.1177296">
        <ele>2568</ele>
        <time>2026-09-21T09:44:14Z</time>
        <hdop>9.2</hdop>
        <extensions>
          <osmand:speed>0.6</osmand:speed>
        </extensions>
      </trkpt>
      <trkpt lat="46.8704877" lon="10.1177471">
        <ele>2569</ele>
        <time>2026-09-21T09:44:20Z</time>
        <hdop>8.2</hdop>
        <extensions>
          <osmand:speed>0</osmand:speed>
        </extensions>
      </trkpt>
      <trkpt lat="46.8704722" lon="10.1177251">
        <ele>2567</ele>
        <time>2026-09-21T09:44:33Z</time>
        <hdop>8.2</hdop>
        <extensions>
          <osmand:speed>0.1</osmand:speed>
        </extensions>
      </trkpt>
      <trkpt lat="46.87045" lon="10.1177837">
        <ele>2567</ele>
        <time>2026-09-21T09:44:39Z</time>
        <hdop>8.2</hdop>
        <extensions>
          <osmand:speed>1</osmand:speed>
        </extensions>
      </trkpt>
      <trkpt lat="46.8704457" lon="10.1178144">
        <ele>2567</ele>
        <time>2026-09-21T09:44:45Z</time>
        <hdop>5.6</hdop>
      </trkpt>
      <trkpt lat="46.8704637" lon="10.1178119">
        <ele>2568</ele>
        <time>2026-09-21T09:45:22Z</time>
        <hdop>8.7</hdop>
        <extensions>
          <osmand:speed>0.7</osmand:speed>
        </extensions>
      </trkpt>
      <trkpt lat="46.8705026" lon="10.1177363">
        <ele>2569</ele>
        <time>2026-09-21T09:45:28Z</time>
        <hdop>8.7</hdop>
        <extensions>
          <osmand:speed>1.2</osmand:speed>
        </extensions>
      </trkpt>
      <trkpt lat="46.8705435" lon="10.1176385">
        <ele>2569</ele>
        <time>2026-09-21T09:45:34Z</time>
        <hdop>9.2</hdop>
        <extensions>
          <osmand:speed>1.2</osmand:speed>
        </extensions>
      </trkpt>
      <trkpt lat="46.8705595" lon="10.1175393">
        <ele>2570</ele>
        <time>2026-09-21T09:45:40Z</time>
        <hdop>8.7</hdop>
        <extensions>
          <osmand:speed>1.5</osmand:speed>
        </extensions>
      </trkpt>
      <trkpt lat="46.8705471" lon="10.11744">
        <ele>2570</ele>
        <time>2026-09-21T09:45:46Z</time>
        <hdop>9.7</hdop>
        <extensions>
          <osmand:speed>0.6</osmand:speed>
        </extensions>
      </trkpt>
      <trkpt lat="46.870523" lon="10.1174247">
        <ele>2569</ele>
        <time>2026-09-21T09:45:52Z</time>
        <hdop>9.2</hdop>
        <extensions>
          <osmand:speed>0.2</osmand:speed>
        </extensions>
      </trkpt>
      <trkpt lat="46.870524" lon="10.1173958">
        <ele>2567</ele>
        <time>2026-09-21T09:46:17Z</time>
        <hdop>7.7</hdop>
        <extensions>
          <osmand:speed>0</osmand:speed>
        </extensions>
      </trkpt>
      <trkpt lat="46.8705228" lon="10.1174339">
        <ele>2566</ele>
        <time>2026-09-21T09:47:20Z</time>
        <hdop>6.6</hdop>
        <extensions>
          <osmand:speed>1.8</osmand:speed>
        </extensions>
      </trkpt>
      <trkpt lat="46.8705256" lon="10.1174605">
        <ele>2569</ele>
        <time>2026-09-21T09:49:08Z</time>
        <hdop>3.6</hdop>
        <extensions>
          <osmand:speed>0</osmand:speed>
        </extensions>
      </trkpt>
      <trkpt lat="46.8705207" lon="10.1174351">
        <ele>2570</ele>
        <time>2026-09-21T09:49:14Z</time>
        <hdop>4.1</hdop>
        <extensions>
          <osmand:speed>0.2</osmand:speed>
        </extensions>
      </trkpt>
      <trkpt lat="46.8705449" lon="10.1174136">
        <ele>2571</ele>
        <time>2026-09-21T09:50:44Z</time>
        <hdop>8.2</hdop>
        <extensions>
          <osmand:speed>1.6</osmand:speed>
        </extensions>
      </trkpt>
      <trkpt lat="46.8705621" lon="10.1174792">
        <ele>2571</ele>
        <time>2026-09-21T09:50:50Z</time>
        <hdop>11.7</hdop>
        <extensions>
          <osmand:speed>1.5</osmand:speed>
        </extensions>
      </trkpt>
      <trkpt lat="46.870546" lon="10.1175802">
        <ele>2572</ele>
        <time>2026-09-21T09:50:56Z</time>
        <hdop>11.2</hdop>
        <extensions>
          <osmand:speed>1.2</osmand:speed>
        </extensions>
      </trkpt>
      <trkpt lat="46.8705167" lon="10.117677">
        <ele>2572</ele>
        <time>2026-09-21T09:51:02Z</time>
        <hdop>12.2</hdop>
        <extensions>
          <osmand:speed>1.1</osmand:speed>
        </extensions>
      </trkpt>
      <trkpt lat="46.8704612" lon="10.1177639">
        <ele>2571</ele>
        <time>2026-09-21T09:51:08Z</time>
        <hdop>10.7</hdop>
        <extensions>
          <osmand:speed>1.6</osmand:speed>
        </extensions>
      </trkpt>
      <trkpt lat="46.8704043" lon="10.1178454">
        <ele>2572</ele>
        <time>2026-09-21T09:51:14Z</time>
        <hdop>11.7</hdop>
        <extensions>
          <osmand:speed>0.3</osmand:speed>
        </extensions>
      </trkpt>
      <trkpt lat="46.8704264" lon="10.1178621">
        <ele>2573</ele>
        <time>2026-09-21T09:51:27Z</time>
        <hdop>9.2</hdop>
        <extensions>
          <osmand:speed>0.2</osmand:speed>
        </extensions>
      </trkpt>
      <trkpt lat="46.8704455" lon="10.1178753">
        <ele>2573</ele>
        <time>2026-09-21T09:51:40Z</time>
        <hdop>7.7</hdop>
        <extensions>
          <osmand:speed>0.2</osmand:speed>
        </extensions>
      </trkpt>
      <trkpt lat="46.8704002" lon="10.1179343">
        <ele>2573</ele>
        <time>2026-09-21T09:51:46Z</time>
        <hdop>8.2</hdop>
        <extensions>
          <osmand:speed>1.5</osmand:speed>
        </extensions>
      </trkpt>
      <trkpt lat="46.8703549" lon="10.1179774">
        <ele>2573</ele>
        <time>2026-09-21T09:51:52Z</time>
        <hdop>9.7</hdop>
        <extensions>
          <osmand:speed>1</osmand:speed>
        </extensions>
      </trkpt>
      <trkpt lat="46.8703243" lon="10.118011">
        <ele>2572</ele>
        <time>2026-09-21T09:51:58Z</time>
        <hdop>9.2</hdop>
        <extensions>
          <osmand:speed>0.3</osmand:speed>
        </extensions>
      </trkpt>
      <trkpt lat="46.8703219" lon="10.1179837">
        <ele>2572</ele>
        <time>2026-09-21T09:52:05Z</time>
        <hdop>11.2</hdop>
        <extensions>
          <osmand:speed>0</osmand:speed>
        </extensions>
      </trkpt>
      <trkpt lat="46.8703169" lon="10.1180312">
        <ele>2572</ele>
        <time>2026-09-21T09:52:11Z</time>
        <hdop>10.2</hdop>
        <extensions>
          <osmand:speed>1.7</osmand:speed>
        </extensions>
      </trkpt>
      <trkpt lat="46.8703013" lon="10.1180946">
        <ele>2570</ele>
        <time>2026-09-21T09:52:17Z</time>
        <hdop>9.7</hdop>
        <extensions>
          <osmand:speed>1.2</osmand:speed>
        </extensions>
      </trkpt>
      <trkpt lat="46.8702695" lon="10.1181937">
        <ele>2569</ele>
        <time>2026-09-21T09:52:23Z</time>
        <hdop>11.2</hdop>
        <extensions>
          <osmand:speed>1.2</osmand:speed>
        </extensions>
      </trkpt>
      <trkpt lat="46.8702774" lon="10.1182262">
        <ele>2570</ele>
        <time>2026-09-21T09:52:29Z</time>
        <hdop>12.2</hdop>
        <extensions>
          <osmand:speed>1.4</osmand:speed>
        </extensions>
      </trkpt>
      <trkpt lat="46.870213" lon="10.1182756">
        <ele>2568</ele>
        <time>2026-09-21T09:52:35Z</time>
        <hdop>11.2</hdop>
        <extensions>
          <osmand:speed>1.2</osmand:speed>
        </extensions>
      </trkpt>
      <trkpt lat="46.870161" lon="10.1183282">
        <ele>2567</ele>
        <time>2026-09-21T09:52:41Z</time>
        <hdop>9.2</hdop>
        <extensions>
          <osmand:speed>1.4</osmand:speed>
        </extensions>
      </trkpt>
      <trkpt lat="46.8700981" lon="10.1183799">
        <ele>2564</ele>
        <time>2026-09-21T09:52:47Z</time>
        <hdop>9.2</hdop>
        <extensions>
          <osmand:speed>1.2</osmand:speed>
        </extensions>
      </trkpt>
      <trkpt lat="46.8700568" lon="10.1184301">
        <ele>2563</ele>
        <time>2026-09-21T09:52:53Z</time>
        <hdop>11.7</hdop>
        <extensions>
          <osmand:speed>1.2</osmand:speed>
        </extensions>
      </trkpt>
      <trkpt lat="46.8699916" lon="10.1184889">
        <ele>2561</ele>
        <time>2026-09-21T09:52:59Z</time>
        <hdop>11.7</hdop>
        <extensions>
          <osmand:speed>1.2</osmand:speed>
        </extensions>
      </trkpt>
      <trkpt lat="46.8699331" lon="10.1185331">
        <ele>2559</ele>
        <time>2026-09-21T09:53:05Z</time>
        <hdop>9.7</hdop>
        <extensions>
          <osmand:speed>1.3</osmand:speed>
        </extensions>
      </trkpt>
      <trkpt lat="46.8698824" lon="10.1185874">
        <ele>2559</ele>
        <time>2026-09-21T09:53:11Z</time>
        <hdop>8.2</hdop>
        <extensions>
          <osmand:speed>1.2</osmand:speed>
        </extensions>
      </trkpt>
      <trkpt lat="46.8698459" lon="10.1186197">
        <ele>2558</ele>
        <time>2026-09-21T09:53:17Z</time>
        <hdop>9.2</hdop>
        <extensions>
          <osmand:speed>0.4</osmand:speed>
        </extensions>
      </trkpt>
      <trkpt lat="46.8698117" lon="10.1186664">
        <ele>2556</ele>
        <time>2026-09-21T09:53:23Z</time>
        <hdop>8.7</hdop>
        <extensions>
          <osmand:speed>0.9</osmand:speed>
        </extensions>
      </trkpt>
      <trkpt lat="46.8697748" lon="10.1187095">
        <ele>2556</ele>
        <time>2026-09-21T09:53:29Z</time>
        <hdop>10.2</hdop>
        <extensions>
          <osmand:speed>0.6</osmand:speed>
        </extensions>
      </trkpt>
      <trkpt lat="46.8697242" lon="10.1187568">
        <ele>2556</ele>
        <time>2026-09-21T09:53:35Z</time>
        <hdop>11.2</hdop>
        <extensions>
          <osmand:speed>1</osmand:speed>
        </extensions>
      </trkpt>
      <trkpt lat="46.8696705" lon="10.1187856">
        <ele>2554</ele>
        <time>2026-09-21T09:53:41Z</time>
        <hdop>9.7</hdop>
        <extensions>
          <osmand:speed>1.1</osmand:speed>
        </extensions>
      </trkpt>
      <trkpt lat="46.8696499" lon="10.1188621">
        <ele>2553</ele>
        <time>2026-09-21T09:53:47Z</time>
        <hdop>9.2</hdop>
        <extensions>
          <osmand:speed>0.9</osmand:speed>
        </extensions>
      </trkpt>
      <trkpt lat="46.8696256" lon="10.1188431">
        <ele>2552</ele>
        <time>2026-09-21T09:53:53Z</time>
        <hdop>9.7</hdop>
        <extensions>
          <osmand:speed>0.5</osmand:speed>
        </extensions>
      </trkpt>
      <trkpt lat="46.8696084" lon="10.1187937">
        <ele>2550</ele>
        <time>2026-09-21T09:53:59Z</time>
        <hdop>10.2</hdop>
        <extensions>
          <osmand:speed>0.4</osmand:speed>
        </extensions>
      </trkpt>
      <trkpt lat="46.8695822" lon="10.1187485">
        <ele>2549</ele>
        <time>2026-09-21T09:54:05Z</time>
        <hdop>10.2</hdop>
        <extensions>
          <osmand:speed>0.5</osmand:speed>
        </extensions>
      </trkpt>
      <trkpt lat="46.8695481" lon="10.1186871">
        <ele>2546</ele>
        <time>2026-09-21T09:54:11Z</time>
        <hdop>9.7</hdop>
        <extensions>
          <osmand:speed>0.5</osmand:speed>
        </extensions>
      </trkpt>
      <trkpt lat="46.8695534" lon="10.1186174">
        <ele>2545</ele>
        <time>2026-09-21T09:54:17Z</time>
        <hdop>10.2</hdop>
        <extensions>
          <osmand:speed>0.9</osmand:speed>
        </extensions>
      </trkpt>
      <trkpt lat="46.8695418" lon="10.1185757">
        <ele>2544</ele>
        <time>2026-09-21T09:54:23Z</time>
        <hdop>10.2</hdop>
        <extensions>
          <osmand:speed>0.4</osmand:speed>
        </extensions>
      </trkpt>
      <trkpt lat="46.8695123" lon="10.1186183">
        <ele>2544</ele>
        <time>2026-09-21T09:54:29Z</time>
        <hdop>9.7</hdop>
        <extensions>
          <osmand:speed>0.3</osmand:speed>
        </extensions>
      </trkpt>
      <trkpt lat="46.8695003" lon="10.1186678">
        <ele>2544</ele>
        <time>2026-09-21T09:54:35Z</time>
        <hdop>10.7</hdop>
        <extensions>
          <osmand:speed>0.6</osmand:speed>
        </extensions>
      </trkpt>
      <trkpt lat="46.8694862" lon="10.1186957">
        <ele>2543</ele>
        <time>2026-09-21T09:54:41Z</time>
        <hdop>9.2</hdop>
        <extensions>
          <osmand:speed>0.5</osmand:speed>
        </extensions>
      </trkpt>
      <trkpt lat="46.8694584" lon="10.1187242">
        <ele>2542</ele>
        <time>2026-09-21T09:54:47Z</time>
        <hdop>10.2</hdop>
        <extensions>
          <osmand:speed>0.4</osmand:speed>
        </extensions>
      </trkpt>
      <trkpt lat="46.8694451" lon="10.1187825">
        <ele>2541</ele>
        <time>2026-09-21T09:54:53Z</time>
        <hdop>9.2</hdop>
        <extensions>
          <osmand:speed>0.9</osmand:speed>
        </extensions>
      </trkpt>
      <trkpt lat="46.8694117" lon="10.1188396">
        <ele>2540</ele>
        <time>2026-09-21T09:54:59Z</time>
        <hdop>9.7</hdop>
        <extensions>
          <osmand:speed>1</osmand:speed>
        </extensions>
      </trkpt>
      <trkpt lat="46.8694018" lon="10.1188175">
        <ele>2535</ele>
        <time>2026-09-21T09:55:11Z</time>
        <hdop>7.1</hdop>
        <extensions>
          <osmand:speed>0.6</osmand:speed>
        </extensions>
      </trkpt>
      <trkpt lat="46.8693862" lon="10.1187648">
        <ele>2534</ele>
        <time>2026-09-21T09:55:17Z</time>
        <hdop>8.2</hdop>
        <extensions>
          <osmand:speed>0.8</osmand:speed>
        </extensions>
      </trkpt>
      <trkpt lat="46.8693536" lon="10.1186909">
        <ele>2533</ele>
        <time>2026-09-21T09:55:23Z</time>
        <hdop>8.7</hdop>
        <extensions>
          <osmand:speed>1</osmand:speed>
        </extensions>
      </trkpt>
      <trkpt lat="46.8693382" lon="10.1186182">
        <ele>2532</ele>
        <time>2026-09-21T09:55:29Z</time>
        <hdop>10.2</hdop>
        <extensions>
          <osmand:speed>0.4</osmand:speed>
        </extensions>
      </trkpt>
      <trkpt lat="46.8693044" lon="10.1185841">
        <ele>2531</ele>
        <time>2026-09-21T09:55:35Z</time>
        <hdop>10.2</hdop>
        <extensions>
          <osmand:speed>0.6</osmand:speed>
        </extensions>
      </trkpt>
      <trkpt lat="46.8692719" lon="10.118542">
        <ele>2529</ele>
        <time>2026-09-21T09:55:41Z</time>
        <hdop>8.7</hdop>
        <extensions>
          <osmand:speed>1.3</osmand:speed>
        </extensions>
      </trkpt>
      <trkpt lat="46.8692872" lon="10.1185071">
        <ele>2528</ele>
        <time>2026-09-21T09:55:47Z</time>
        <hdop>9.2</hdop>
        <extensions>
          <osmand:speed>0.2</osmand:speed>
        </extensions>
      </trkpt>
      <trkpt lat="46.8692734" lon="10.1184613">
        <ele>2527</ele>
        <time>2026-09-21T09:55:53Z</time>
        <hdop>9.2</hdop>
        <extensions>
          <osmand:speed>0.2</osmand:speed>
        </extensions>
      </trkpt>
      <trkpt lat="46.8692625" lon="10.1184271">
        <ele>2525</ele>
        <time>2026-09-21T09:55:59Z</time>
        <hdop>8.7</hdop>
        <extensions>
          <osmand:speed>0.1</osmand:speed>
        </extensions>
      </trkpt>
      <trkpt lat="46.869249" lon="10.1184073">
        <ele>2525</ele>
        <time>2026-09-21T09:56:13Z</time>
        <hdop>9.7</hdop>
        <extensions>
          <osmand:speed>0.6</osmand:speed>
        </extensions>
      </trkpt>
      <trkpt lat="46.8692525" lon="10.1184369">
        <ele>2524</ele>
        <time>2026-09-21T09:56:20Z</time>
        <hdop>8.2</hdop>
        <extensions>
          <osmand:speed>0.4</osmand:speed>
        </extensions>
      </trkpt>
      <trkpt lat="46.8692324" lon="10.1184396">
        <ele>2524</ele>
        <time>2026-09-21T09:56:27Z</time>
        <hdop>10.7</hdop>
        <extensions>
          <osmand:speed>0.8</osmand:speed>
        </extensions>
      </trkpt>
      <trkpt lat="46.8692394" lon="10.1184148">
        <ele>2524</ele>
        <time>2026-09-21T09:56:33Z</time>
        <hdop>10.2</hdop>
        <extensions>
          <osmand:speed>0.3</osmand:speed>
        </extensions>
      </trkpt>
      <trkpt lat="46.8691963" lon="10.1184325">
        <ele>2523</ele>
        <time>2026-09-21T09:56:39Z</time>
        <hdop>11.7</hdop>
        <extensions>
          <osmand:speed>0.6</osmand:speed>
        </extensions>
      </trkpt>
      <trkpt lat="46.869139" lon="10.1184614">
        <ele>2524</ele>
        <time>2026-09-21T09:56:45Z</time>
        <hdop>11.7</hdop>
        <extensions>
          <osmand:speed>1.3</osmand:speed>
        </extensions>
      </trkpt>
      <trkpt lat="46.8691167" lon="10.1184713">
        <ele>2524</ele>
        <time>2026-09-21T09:56:51Z</time>
        <hdop>11.2</hdop>
        <extensions>
          <osmand:speed>0.2</osmand:speed>
        </extensions>
      </trkpt>
      <trkpt lat="46.8690665" lon="10.1184736">
        <ele>2522</ele>
        <time>2026-09-21T09:56:57Z</time>
        <hdop>9.2</hdop>
        <extensions>
          <osmand:speed>1.5</osmand:speed>
        </extensions>
      </trkpt>
      <trkpt lat="46.869035" lon="10.1184631">
        <ele>2520</ele>
        <time>2026-09-21T09:57:03Z</time>
        <hdop>8.2</hdop>
        <extensions>
          <osmand:speed>0.8</osmand:speed>
        </extensions>
      </trkpt>
      <trkpt lat="46.8690185" lon="10.1184457">
        <ele>2519</ele>
        <time>2026-09-21T09:57:16Z</time>
        <hdop>7.1</hdop>
        <extensions>
          <osmand:speed>1.2</osmand:speed>
        </extensions>
      </trkpt>
      <trkpt lat="46.868951" lon="10.1184855">
        <ele>2519</ele>
        <time>2026-09-21T09:57:22Z</time>
        <hdop>8.7</hdop>
        <extensions>
          <osmand:speed>1.3</osmand:speed>
        </extensions>
      </trkpt>
      <trkpt lat="46.8689124" lon="10.118516">
        <ele>2518</ele>
        <time>2026-09-21T09:57:28Z</time>
        <hdop>9.2</hdop>
        <extensions>
          <osmand:speed>0.7</osmand:speed>
        </extensions>
      </trkpt>
      <trkpt lat="46.8689034" lon="10.1184794">
        <ele>2517</ele>
        <time>2026-09-21T09:57:34Z</time>
        <hdop>9.7</hdop>
        <extensions>
          <osmand:speed>0.7</osmand:speed>
        </extensions>
      </trkpt>
      <trkpt lat="46.8689238" lon="10.1184211">
        <ele>2516</ele>
        <time>2026-09-21T09:57:40Z</time>
        <hdop>7.7</hdop>
        <extensions>
          <osmand:speed>0.7</osmand:speed>
        </extensions>
      </trkpt>
      <trkpt lat="46.8689361" lon="10.1183783">
        <ele>2515</ele>
        <time>2026-09-21T09:57:46Z</time>
        <hdop>9.2</hdop>
        <extensions>
          <osmand:speed>1</osmand:speed>
        </extensions>
      </trkpt>
      <trkpt lat="46.8689626" lon="10.1183398">
        <ele>2514</ele>
        <time>2026-09-21T09:57:52Z</time>
        <hdop>9.7</hdop>
        <extensions>
          <osmand:speed>0.6</osmand:speed>
        </extensions>
      </trkpt>
      <trkpt lat="46.8689966" lon="10.1182701">
        <ele>2512</ele>
        <time>2026-09-21T09:57:58Z</time>
        <hdop>9.2</hdop>
        <extensions>
          <osmand:speed>0.9</osmand:speed>
        </extensions>
      </trkpt>
      <trkpt lat="46.8690255" lon="10.1182181">
        <ele>2511</ele>
        <time>2026-09-21T09:58:04Z</time>
        <hdop>10.7</hdop>
        <extensions>
          <osmand:speed>0.7</osmand:speed>
        </extensions>
      </trkpt>
      <trkpt lat="46.8690032" lon="10.1182036">
        <ele>2509</ele>
        <time>2026-09-21T09:58:14Z</time>
        <hdop>8.7</hdop>
        <extensions>
          <osmand:speed>0.6</osmand:speed>
        </extensions>
      </trkpt>
      <trkpt lat="46.8689523" lon="10.1182265">
        <ele>2508</ele>
        <time>2026-09-21T09:58:20Z</time>
        <hdop>8.7</hdop>
        <extensions>
          <osmand:speed>1.1</osmand:speed>
        </extensions>
      </trkpt>
      <trkpt lat="46.8689131" lon="10.1182418">
        <ele>2505</ele>
        <time>2026-09-21T09:58:26Z</time>
        <hdop>7.1</hdop>
        <extensions>
          <osmand:speed>0.9</osmand:speed>
        </extensions>
      </trkpt>
      <trkpt lat="46.8688699" lon="10.1182405">
        <ele>2504</ele>
        <time>2026-09-21T09:58:32Z</time>
        <hdop>11.2</hdop>
        <extensions>
          <osmand:speed>0.9</osmand:speed>
        </extensions>
      </trkpt>
      <trkpt lat="46.8688382" lon="10.1181988">
        <ele>2503</ele>
        <time>2026-09-21T09:58:38Z</time>
        <hdop>10.2</hdop>
        <extensions>
          <osmand:speed>0.8</osmand:speed>
        </extensions>
      </trkpt>
      <trkpt lat="46.8688542" lon="10.1181399">
        <ele>2501</ele>
        <time>2026-09-21T09:58:44Z</time>
        <hdop>7.7</hdop>
        <extensions>
          <osmand:speed>0.8</osmand:speed>
        </extensions>
      </trkpt>
      <trkpt lat="46.8688596" lon="10.1181023">
        <ele>2500</ele>
        <time>2026-09-21T09:58:50Z</time>
        <hdop>9.2</hdop>
        <extensions>
          <osmand:speed>0.6</osmand:speed>
        </extensions>
      </trkpt>
      <trkpt lat="46.8688357" lon="10.1180883">
        <ele>2499</ele>
        <time>2026-09-21T09:58:56Z</time>
        <hdop>9.2</hdop>
        <extensions>
          <osmand:speed>1</osmand:speed>
        </extensions>
      </trkpt>
      <trkpt lat="46.8687858" lon="10.1180998">
        <ele>2497</ele>
        <time>2026-09-21T09:59:02Z</time>
        <hdop>8.7</hdop>
        <extensions>
          <osmand:speed>1.2</osmand:speed>
        </extensions>
      </trkpt>
      <trkpt lat="46.8687426" lon="10.1180954">
        <ele>2497</ele>
        <time>2026-09-21T09:59:08Z</time>
        <hdop>7.7</hdop>
        <extensions>
          <osmand:speed>0.5</osmand:speed>
        </extensions>
      </trkpt>
      <trkpt lat="46.8687831" lon="10.1180542">
        <ele>2495</ele>
        <time>2026-09-21T09:59:14Z</time>
        <hdop>9.7</hdop>
        <extensions>
          <osmand:speed>0.8</osmand:speed>
        </extensions>
      </trkpt>
      <trkpt lat="46.8688182" lon="10.1179972">
        <ele>2494</ele>
        <time>2026-09-21T09:59:20Z</time>
        <hdop>8.7</hdop>
        <extensions>
          <osmand:speed>0.6</osmand:speed>
        </extensions>
      </trkpt>
      <trkpt lat="46.8688021" lon="10.1179545">
        <ele>2492</ele>
        <time>2026-09-21T09:59:26Z</time>
        <hdop>8.7</hdop>
        <extensions>
          <osmand:speed>0.6</osmand:speed>
        </extensions>
      </trkpt>
      <trkpt lat="46.8687459" lon="10.1179526">
        <ele>2491</ele>
        <time>2026-09-21T09:59:32Z</time>
        <hdop>6.6</hdop>
        <extensions>
          <osmand:speed>1.4</osmand:speed>
        </extensions>
      </trkpt>
      <trkpt lat="46.868706" lon="10.1178992">
        <ele>2490</ele>
        <time>2026-09-21T09:59:38Z</time>
        <hdop>8.7</hdop>
        <extensions>
          <osmand:speed>0.8</osmand:speed>
        </extensions>
      </trkpt>
      <trkpt lat="46.8686774" lon="10.1178499">
        <ele>2488</ele>
        <time>2026-09-21T09:59:44Z</time>
        <hdop>9.2</hdop>
        <extensions>
          <osmand:speed>1</osmand:speed>
        </extensions>
      </trkpt>
      <trkpt lat="46.8686622" lon="10.1177466">
        <ele>2488</ele>
        <time>2026-09-21T09:59:50Z</time>
        <hdop>8.7</hdop>
        <extensions>
          <osmand:speed>1.4</osmand:speed>
        </extensions>
      </trkpt>
      <trkpt lat="46.8686322" lon="10.1176394">
        <ele>2486</ele>
        <time>2026-09-21T09:59:56Z</time>
        <hdop>6.6</hdop>
        <extensions>
          <osmand:speed>1.6</osmand:speed>
        </extensions>
      </trkpt>
      <trkpt lat="46.8686686" lon="10.1175326">
        <ele>2483</ele>
        <time>2026-09-21T10:00:02Z</time>
        <hdop>8.7</hdop>
        <extensions>
          <osmand:speed>0.8</osmand:speed>
        </extensions>
      </trkpt>
      <trkpt lat="46.8686164" lon="10.1174965">
        <ele>2481</ele>
        <time>2026-09-21T10:00:08Z</time>
        <hdop>8.7</hdop>
        <extensions>
          <osmand:speed>1.1</osmand:speed>
        </extensions>
      </trkpt>
      <trkpt lat="46.868562" lon="10.1174806">
        <ele>2478</ele>
        <time>2026-09-21T10:00:14Z</time>
        <hdop>9.2</hdop>
        <extensions>
          <osmand:speed>1.1</osmand:speed>
        </extensions>
      </trkpt>
      <trkpt lat="46.8685159" lon="10.1174083">
        <ele>2477</ele>
        <time>2026-09-21T10:00:20Z</time>
        <hdop>8.2</hdop>
        <extensions>
          <osmand:speed>0.8</osmand:speed>
        </extensions>
      </trkpt>
      <trkpt lat="46.8684647" lon="10.1173935">
        <ele>2477</ele>
        <time>2026-09-21T10:00:26Z</time>
        <hdop>10.2</hdop>
        <extensions>
          <osmand:speed>0.7</osmand:speed>
        </extensions>
      </trkpt>
      <trkpt lat="46.868472" lon="10.1173558">
        <ele>2476</ele>
        <time>2026-09-21T10:00:32Z</time>
        <hdop>8.2</hdop>
        <extensions>
          <osmand:speed>0.7</osmand:speed>
        </extensions>
      </trkpt>
      <trkpt lat="46.8684967" lon="10.1173279">
        <ele>2476</ele>
        <time>2026-09-21T10:00:38Z</time>
        <hdop>8.2</hdop>
        <extensions>
          <osmand:speed>0.8</osmand:speed>
        </extensions>
      </trkpt>
      <trkpt lat="46.8685076" lon="10.1172785">
        <ele>2475</ele>
        <time>2026-09-21T10:00:44Z</time>
        <hdop>8.7</hdop>
        <extensions>
          <osmand:speed>0.6</osmand:speed>
        </extensions>
      </trkpt>
      <trkpt lat="46.868555" lon="10.1172165">
        <ele>2473</ele>
        <time>2026-09-21T10:00:50Z</time>
        <hdop>9.7</hdop>
        <extensions>
          <osmand:speed>0.7</osmand:speed>
        </extensions>
      </trkpt>
      <trkpt lat="46.8685246" lon="10.1172002">
        <ele>2473</ele>
        <time>2026-09-21T10:00:56Z</time>
        <hdop>8.7</hdop>
        <extensions>
          <osmand:speed>1.2</osmand:speed>
        </extensions>
      </trkpt>
      <trkpt lat="46.8684756" lon="10.1171666">
        <ele>2471</ele>
        <time>2026-09-21T10:01:02Z</time>
        <hdop>8.7</hdop>
        <extensions>
          <osmand:speed>0.5</osmand:speed>
        </extensions>
      </trkpt>
      <trkpt lat="46.8684282" lon="10.1171788">
        <ele>2470</ele>
        <time>2026-09-21T10:01:08Z</time>
        <hdop>7.1</hdop>
        <extensions>
          <osmand:speed>0.9</osmand:speed>
        </extensions>
      </trkpt>
      <trkpt lat="46.8683846" lon="10.1172264">
        <ele>2469</ele>
        <time>2026-09-21T10:01:14Z</time>
        <hdop>8.7</hdop>
        <extensions>
          <osmand:speed>0.8</osmand:speed>
        </extensions>
      </trkpt>
      <trkpt lat="46.8683455" lon="10.1172145">
        <ele>2468</ele>
        <time>2026-09-21T10:01:20Z</time>
        <hdop>6.6</hdop>
        <extensions>
          <osmand:speed>0.9</osmand:speed>
        </extensions>
      </trkpt>
      <trkpt lat="46.868356" lon="10.1171343">
        <ele>2466</ele>
        <time>2026-09-21T10:01:26Z</time>
        <hdop>9.7</hdop>
        <extensions>
          <osmand:speed>0.9</osmand:speed>
        </extensions>
      </trkpt>
      <trkpt lat="46.8683716" lon="10.1170618">
        <ele>2464</ele>
        <time>2026-09-21T10:01:32Z</time>
        <hdop>9.7</hdop>
        <extensions>
          <osmand:speed>0.7</osmand:speed>
        </extensions>
      </trkpt>
      <trkpt lat="46.8683888" lon="10.1169766">
        <ele>2462</ele>
        <time>2026-09-21T10:01:38Z</time>
        <hdop>8.7</hdop>
        <extensions>
          <osmand:speed>0.9</osmand:speed>
        </extensions>
      </trkpt>
      <trkpt lat="46.8684049" lon="10.1168824">
        <ele>2462</ele>
        <time>2026-09-21T10:01:44Z</time>
        <hdop>7.7</hdop>
        <extensions>
          <osmand:speed>0.7</osmand:speed>
        </extensions>
      </trkpt>
      <trkpt lat="46.8683921" lon="10.1168546">
        <ele>2460</ele>
        <time>2026-09-21T10:01:50Z</time>
        <hdop>8.7</hdop>
        <extensions>
          <osmand:speed>1.4</osmand:speed>
        </extensions>
      </trkpt>
      <trkpt lat="46.8683561" lon="10.1167923">
        <ele>2459</ele>
        <time>2026-09-21T10:01:56Z</time>
        <hdop>9.7</hdop>
        <extensions>
          <osmand:speed>1.1</osmand:speed>
        </extensions>
      </trkpt>
      <trkpt lat="46.86839" lon="10.1167554">
        <ele>2458</ele>
        <time>2026-09-21T10:02:02Z</time>
        <hdop>8.7</hdop>
        <extensions>
          <osmand:speed>0.8</osmand:speed>
        </extensions>
      </trkpt>
      <trkpt lat="46.8683993" lon="10.1167092">
        <ele>2455</ele>
        <time>2026-09-21T10:02:08Z</time>
        <hdop>7.1</hdop>
        <extensions>
          <osmand:speed>1.2</osmand:speed>
        </extensions>
      </trkpt>
      <trkpt lat="46.8684016" lon="10.1166398">
        <ele>2456</ele>
        <time>2026-09-21T10:02:14Z</time>
        <hdop>8.2</hdop>
        <extensions>
          <osmand:speed>0.9</osmand:speed>
        </extensions>
      </trkpt>
      <trkpt lat="46.8684048" lon="10.1166023">
        <ele>2455</ele>
        <time>2026-09-21T10:02:20Z</time>
        <hdop>5.6</hdop>
      </trkpt>
      <trkpt lat="46.8683873" lon="10.1166118">
        <ele>2453</ele>
        <time>2026-09-21T10:02:26Z</time>
        <hdop>7.7</hdop>
        <extensions>
          <osmand:speed>1.1</osmand:speed>
        </extensions>
      </trkpt>
      <trkpt lat="46.8683265" lon="10.1166238">
        <ele>2452</ele>
        <time>2026-09-21T10:02:32Z</time>
        <hdop>8.2</hdop>
        <extensions>
          <osmand:speed>1.1</osmand:speed>
        </extensions>
      </trkpt>
      <trkpt lat="46.8682739" lon="10.1166607">
        <ele>2450</ele>
        <time>2026-09-21T10:02:38Z</time>
        <hdop>9.7</hdop>
        <extensions>
          <osmand:speed>1.4</osmand:speed>
        </extensions>
      </trkpt>
      <trkpt lat="46.8682058" lon="10.1166969">
        <ele>2450</ele>
        <time>2026-09-21T10:02:44Z</time>
        <hdop>6.1</hdop>
        <extensions>
          <osmand:speed>1.3</osmand:speed>
        </extensions>
      </trkpt>
      <trkpt lat="46.8681528" lon="10.1167146">
        <ele>2448</ele>
        <time>2026-09-21T10:02:50Z</time>
        <hdop>5.1</hdop>
        <extensions>
          <osmand:speed>0.8</osmand:speed>
        </extensions>
      </trkpt>
      <trkpt lat="46.8681274" lon="10.1167374">
        <ele>2448</ele>
        <time>2026-09-21T10:02:56Z</time>
        <hdop>8.2</hdop>
        <extensions>
          <osmand:speed>0.2</osmand:speed>
        </extensions>
      </trkpt>
      <trkpt lat="46.8681212" lon="10.1167665">
        <ele>2449</ele>
        <time>2026-09-21T10:03:13Z</time>
        <hdop>9.2</hdop>
        <extensions>
          <osmand:speed>0</osmand:speed>
        </extensions>
      </trkpt>
      <trkpt lat="46.8681229" lon="10.1167361">
        <ele>2450</ele>
        <time>2026-09-21T10:03:35Z</time>
        <hdop>7.1</hdop>
        <extensions>
          <osmand:speed>0.8</osmand:speed>
        </extensions>
      </trkpt>
      <trkpt lat="46.868117" lon="10.1166535">
        <ele>2450</ele>
        <time>2026-09-21T10:03:41Z</time>
        <hdop>7.1</hdop>
        <extensions>
          <osmand:speed>0.8</osmand:speed>
        </extensions>
      </trkpt>
      <trkpt lat="46.8680595" lon="10.1165723">
        <ele>2449</ele>
        <time>2026-09-21T10:03:47Z</time>
        <hdop>8.2</hdop>
        <extensions>
          <osmand:speed>1.2</osmand:speed>
        </extensions>
      </trkpt>
      <trkpt lat="46.8680133" lon="10.1165362">
        <ele>2448</ele>
        <time>2026-09-21T10:03:53Z</time>
        <hdop>8.2</hdop>
        <extensions>
          <osmand:speed>1.4</osmand:speed>
        </extensions>
      </trkpt>
      <trkpt lat="46.8679585" lon="10.1164836">
        <ele>2447</ele>
        <time>2026-09-21T10:03:59Z</time>
        <hdop>7.7</hdop>
        <extensions>
          <osmand:speed>1.1</osmand:speed>
        </extensions>
      </trkpt>
      <trkpt lat="46.8679129" lon="10.1164136">
        <ele>2446</ele>
        <time>2026-09-21T10:04:05Z</time>
        <hdop>9.7</hdop>
        <extensions>
          <osmand:speed>1.3</osmand:speed>
        </extensions>
      </trkpt>
      <trkpt lat="46.8679339" lon="10.1163261">
        <ele>2446</ele>
        <time>2026-09-21T10:04:11Z</time>
        <hdop>10.2</hdop>
        <extensions>
          <osmand:speed>1.1</osmand:speed>
        </extensions>
      </trkpt>
      <trkpt lat="46.8679986" lon="10.1162556">
        <ele>2446</ele>
        <time>2026-09-21T10:04:17Z</time>
        <hdop>6.6</hdop>
        <extensions>
          <osmand:speed>1.3</osmand:speed>
        </extensions>
      </trkpt>
      <trkpt lat="46.8680603" lon="10.11618">
        <ele>2444</ele>
        <time>2026-09-21T10:04:23Z</time>
        <hdop>8.7</hdop>
        <extensions>
          <osmand:speed>1.6</osmand:speed>
        </extensions>
      </trkpt>
      <trkpt lat="46.8681144" lon="10.1161379">
        <ele>2443</ele>
        <time>2026-09-21T10:04:29Z</time>
        <hdop>7.7</hdop>
        <extensions>
          <osmand:speed>0.9</osmand:speed>
        </extensions>
      </trkpt>
      <trkpt lat="46.8681626" lon="10.1161129">
        <ele>2442</ele>
        <time>2026-09-21T10:04:35Z</time>
        <hdop>7.1</hdop>
        <extensions>
          <osmand:speed>1.3</osmand:speed>
        </extensions>
      </trkpt>
      <trkpt lat="46.8682322" lon="10.116094">
        <ele>2442</ele>
        <time>2026-09-21T10:04:41Z</time>
        <hdop>6.1</hdop>
        <extensions>
          <osmand:speed>1.1</osmand:speed>
        </extensions>
      </trkpt>
      <trkpt lat="46.8683009" lon="10.1160705">
        <ele>2442</ele>
        <time>2026-09-21T10:04:47Z</time>
        <hdop>7.7</hdop>
        <extensions>
          <osmand:speed>1</osmand:speed>
        </extensions>
      </trkpt>
      <trkpt lat="46.868347" lon="10.1160749">
        <ele>2443</ele>
        <time>2026-09-21T10:04:53Z</time>
        <hdop>8.2</hdop>
        <extensions>
          <osmand:speed>0.5</osmand:speed>
        </extensions>
      </trkpt>
      <trkpt lat="46.8683652" lon="10.1161033">
        <ele>2443</ele>
        <time>2026-09-21T10:04:59Z</time>
        <hdop>13.3</hdop>
        <extensions>
          <osmand:speed>0.3</osmand:speed>
        </extensions>
      </trkpt>
      <trkpt lat="46.8683721" lon="10.1160726">
        <ele>2443</ele>
        <time>2026-09-21T10:05:07Z</time>
        <hdop>9.7</hdop>
        <extensions>
          <osmand:speed>1</osmand:speed>
        </extensions>
      </trkpt>
      <trkpt lat="46.8684369" lon="10.1160583">
        <ele>2443</ele>
        <time>2026-09-21T10:05:13Z</time>
        <hdop>7.1</hdop>
        <extensions>
          <osmand:speed>1.2</osmand:speed>
        </extensions>
      </trkpt>
      <trkpt lat="46.8684895" lon="10.1160868">
        <ele>2443</ele>
        <time>2026-09-21T10:05:19Z</time>
        <hdop>8.7</hdop>
        <extensions>
          <osmand:speed>1.2</osmand:speed>
        </extensions>
      </trkpt>
      <trkpt lat="46.8685437" lon="10.116158">
        <ele>2443</ele>
        <time>2026-09-21T10:05:25Z</time>
        <hdop>6.1</hdop>
        <extensions>
          <osmand:speed>1</osmand:speed>
        </extensions>
      </trkpt>
      <trkpt lat="46.8685909" lon="10.1162093">
        <ele>2444</ele>
        <time>2026-09-21T10:05:31Z</time>
        <hdop>5.6</hdop>
        <extensions>
          <osmand:speed>1.4</osmand:speed>
        </extensions>
      </trkpt>
      <trkpt lat="46.8686519" lon="10.1162732">
        <ele>2443</ele>
        <time>2026-09-21T10:05:37Z</time>
        <hdop>9.7</hdop>
        <extensions>
          <osmand:speed>1.3</osmand:speed>
        </extensions>
      </trkpt>
      <trkpt lat="46.8686918" lon="10.1162223">
        <ele>2441</ele>
        <time>2026-09-21T10:05:43Z</time>
        <hdop>8.7</hdop>
        <extensions>
          <osmand:speed>1.1</osmand:speed>
        </extensions>
      </trkpt>
      <trkpt lat="46.8687151" lon="10.1161359">
        <ele>2440</ele>
        <time>2026-09-21T10:05:49Z</time>
        <hdop>9.2</hdop>
        <extensions>
          <osmand:speed>0.7</osmand:speed>
        </extensions>
      </trkpt>
      <trkpt lat="46.8687267" lon="10.1160635">
        <ele>2440</ele>
        <time>2026-09-21T10:05:55Z</time>
        <hdop>8.7</hdop>
        <extensions>
          <osmand:speed>0.9</osmand:speed>
        </extensions>
      </trkpt>
      <trkpt lat="46.8687452" lon="10.1159791">
        <ele>2442</ele>
        <time>2026-09-21T10:06:01Z</time>
        <hdop>9.2</hdop>
        <extensions>
          <osmand:speed>0.8</osmand:speed>
        </extensions>
      </trkpt>
      <trkpt lat="46.8687889" lon="10.1159293">
        <ele>2442</ele>
        <time>2026-09-21T10:06:07Z</time>
        <hdop>8.2</hdop>
        <extensions>
          <osmand:speed>1.3</osmand:speed>
        </extensions>
      </trkpt>
      <trkpt lat="46.8688468" lon="10.1158784">
        <ele>2442</ele>
        <time>2026-09-21T10:06:13Z</time>
        <hdop>9.2</hdop>
        <extensions>
          <osmand:speed>1.4</osmand:speed>
        </extensions>
      </trkpt>
      <trkpt lat="46.8688793" lon="10.1158697">
        <ele>2443</ele>
        <time>2026-09-21T10:06:19Z</time>
        <hdop>9.7</hdop>
        <extensions>
          <osmand:speed>0.1</osmand:speed>
        </extensions>
      </trkpt>
      <trkpt lat="46.868849" lon="10.115828">
        <ele>2445</ele>
        <time>2026-09-21T10:06:25Z</time>
        <hdop>2</hdop>
      </trkpt>
      <trkpt lat="46.8688736" lon="10.1158132">
        <ele>2445</ele>
        <time>2026-09-21T10:06:44Z</time>
        <hdop>10.2</hdop>
        <extensions>
          <osmand:speed>1.6</osmand:speed>
        </extensions>
      </trkpt>
      <trkpt lat="46.8689064" lon="10.1158219">
        <ele>2446</ele>
        <time>2026-09-21T10:06:50Z</time>
        <hdop>8.2</hdop>
        <extensions>
          <osmand:speed>0.9</osmand:speed>
        </extensions>
      </trkpt>
      <trkpt lat="46.8689382" lon="10.1158444">
        <ele>2446</ele>
        <time>2026-09-21T10:06:56Z</time>
        <hdop>10.7</hdop>
        <extensions>
          <osmand:speed>0.1</osmand:speed>
        </extensions>
      </trkpt>
      <trkpt lat="46.8689751" lon="10.1158992">
        <ele>2446</ele>
        <time>2026-09-21T10:07:02Z</time>
        <hdop>10.7</hdop>
        <extensions>
          <osmand:speed>1</osmand:speed>
        </extensions>
      </trkpt>
      <trkpt lat="46.8689741" lon="10.1159267">
        <ele>2447</ele>
        <time>2026-09-21T10:07:08Z</time>
        <hdop>11.7</hdop>
        <extensions>
          <osmand:speed>0.4</osmand:speed>
        </extensions>
      </trkpt>
      <trkpt lat="46.8689588" lon="10.1159409">
        <ele>2446</ele>
        <time>2026-09-21T10:07:25Z</time>
        <hdop>10.7</hdop>
        <extensions>
          <osmand:speed>0.1</osmand:speed>
        </extensions>
      </trkpt>
      <trkpt lat="46.8689657" lon="10.1159122">
        <ele>2447</ele>
        <time>2026-09-21T10:07:31Z</time>
        <hdop>6.1</hdop>
        <extensions>
          <osmand:speed>0.7</osmand:speed>
        </extensions>
      </trkpt>
      <trkpt lat="46.8689774" lon="10.1158571">
        <ele>2447</ele>
        <time>2026-09-21T10:07:37Z</time>
        <hdop>8.7</hdop>
        <extensions>
          <osmand:speed>0.7</osmand:speed>
        </extensions>
      </trkpt>
      <trkpt lat="46.8689938" lon="10.1157646">
        <ele>2448</ele>
        <time>2026-09-21T10:07:43Z</time>
        <hdop>8.7</hdop>
        <extensions>
          <osmand:speed>0.9</osmand:speed>
        </extensions>
      </trkpt>
      <trkpt lat="46.8690429" lon="10.1157082">
        <ele>2448</ele>
        <time>2026-09-21T10:07:49Z</time>
        <hdop>9.7</hdop>
        <extensions>
          <osmand:speed>1.1</osmand:speed>
        </extensions>
      </trkpt>
      <trkpt lat="46.8690852" lon="10.115661">
        <ele>2448</ele>
        <time>2026-09-21T10:07:55Z</time>
        <hdop>10.2</hdop>
        <extensions>
          <osmand:speed>1.3</osmand:speed>
        </extensions>
      </trkpt>
      <trkpt lat="46.8691368" lon="10.1156142">
        <ele>2448</ele>
        <time>2026-09-21T10:08:01Z</time>
        <hdop>10.2</hdop>
        <extensions>
          <osmand:speed>1.3</osmand:speed>
        </extensions>
      </trkpt>
      <trkpt lat="46.8691912" lon="10.115554">
        <ele>2446</ele>
        <time>2026-09-21T10:08:07Z</time>
        <hdop>11.2</hdop>
        <extensions>
          <osmand:speed>1.2</osmand:speed>
        </extensions>
      </trkpt>
      <trkpt lat="46.86925" lon="10.1154912">
        <ele>2447</ele>
        <time>2026-09-21T10:08:13Z</time>
        <hdop>10.2</hdop>
        <extensions>
          <osmand:speed>1</osmand:speed>
        </extensions>
      </trkpt>
      <trkpt lat="46.8693089" lon="10.1154548">
        <ele>2448</ele>
        <time>2026-09-21T10:08:19Z</time>
        <hdop>11.7</hdop>
        <extensions>
          <osmand:speed>1.5</osmand:speed>
        </extensions>
      </trkpt>
      <trkpt lat="46.8693658" lon="10.1153983">
        <ele>2448</ele>
        <time>2026-09-21T10:08:25Z</time>
        <hdop>10.7</hdop>
        <extensions>
          <osmand:speed>1.4</osmand:speed>
        </extensions>
      </trkpt>
      <trkpt lat="46.869429" lon="10.1153386">
        <ele>2448</ele>
        <time>2026-09-21T10:08:31Z</time>
        <hdop>9.2</hdop>
        <extensions>
          <osmand:speed>1.4</osmand:speed>
        </extensions>
      </trkpt>
      <trkpt lat="46.8694801" lon="10.1152621">
        <ele>2448</ele>
        <time>2026-09-21T10:08:37Z</time>
        <hdop>9.2</hdop>
        <extensions>
          <osmand:speed>1.6</osmand:speed>
        </extensions>
      </trkpt>
      <trkpt lat="46.8695365" lon="10.1152066">
        <ele>2448</ele>
        <time>2026-09-21T10:08:43Z</time>
        <hdop>9.2</hdop>
        <extensions>
          <osmand:speed>1.2</osmand:speed>
        </extensions>
      </trkpt>
      <trkpt lat="46.8695948" lon="10.1151312">
        <ele>2447</ele>
        <time>2026-09-21T10:08:49Z</time>
        <hdop>10.2</hdop>
        <extensions>
          <osmand:speed>1</osmand:speed>
        </extensions>
      </trkpt>
      <trkpt lat="46.8696364" lon="10.1150539">
        <ele>2446</ele>
        <time>2026-09-21T10:08:55Z</time>
        <hdop>11.2</hdop>
        <extensions>
          <osmand:speed>1.4</osmand:speed>
        </extensions>
      </trkpt>
      <trkpt lat="46.8696995" lon="10.1149677">
        <ele>2446</ele>
        <time>2026-09-21T10:09:01Z</time>
        <hdop>9.7</hdop>
        <extensions>
          <osmand:speed>1.4</osmand:speed>
        </extensions>
      </trkpt>
      <trkpt lat="46.8697448" lon="10.1148807">
        <ele>2446</ele>
        <time>2026-09-21T10:09:07Z</time>
        <hdop>11.2</hdop>
        <extensions>
          <osmand:speed>1.2</osmand:speed>
        </extensions>
      </trkpt>
      <trkpt lat="46.8697773" lon="10.1148057">
        <ele>2445</ele>
        <time>2026-09-21T10:09:13Z</time>
        <hdop>9.2</hdop>
        <extensions>
          <osmand:speed>0.9</osmand:speed>
        </extensions>
      </trkpt>
      <trkpt lat="46.8698253" lon="10.1147591">
        <ele>2446</ele>
        <time>2026-09-21T10:09:19Z</time>
        <hdop>10.2</hdop>
        <extensions>
          <osmand:speed>1.1</osmand:speed>
        </extensions>
      </trkpt>
      <trkpt lat="46.8698889" lon="10.1147063">
        <ele>2447</ele>
        <time>2026-09-21T10:09:25Z</time>
        <hdop>9.7</hdop>
        <extensions>
          <osmand:speed>1.3</osmand:speed>
        </extensions>
      </trkpt>
      <trkpt lat="46.8699241" lon="10.114662">
        <ele>2448</ele>
        <time>2026-09-21T10:09:31Z</time>
        <hdop>8.2</hdop>
        <extensions>
          <osmand:speed>0.7</osmand:speed>
        </extensions>
      </trkpt>
      <trkpt lat="46.8699251" lon="10.1146292">
        <ele>2447</ele>
        <time>2026-09-21T10:09:38Z</time>
        <hdop>9.2</hdop>
        <extensions>
          <osmand:speed>0.2</osmand:speed>
        </extensions>
      </trkpt>
      <trkpt lat="46.8699339" lon="10.1145918">
        <ele>2448</ele>
        <time>2026-09-21T10:09:44Z</time>
        <hdop>7.1</hdop>
        <extensions>
          <osmand:speed>1.4</osmand:speed>
        </extensions>
      </trkpt>
      <trkpt lat="46.8699815" lon="10.1145412">
        <ele>2447</ele>
        <time>2026-09-21T10:09:50Z</time>
        <hdop>10.2</hdop>
        <extensions>
          <osmand:speed>0.9</osmand:speed>
        </extensions>
      </trkpt>
      <trkpt lat="46.8700327" lon="10.114513">
        <ele>2446</ele>
        <time>2026-09-21T10:09:56Z</time>
        <hdop>5.1</hdop>
        <extensions>
          <osmand:speed>1</osmand:speed>
        </extensions>
      </trkpt>
      <trkpt lat="46.8700396" lon="10.1144858">
        <ele>2446</ele>
        <time>2026-09-21T10:10:04Z</time>
        <hdop>3.1</hdop>
        <extensions>
          <osmand:speed>1</osmand:speed>
        </extensions>
      </trkpt>
      <trkpt lat="46.8700773" lon="10.1144412">
        <ele>2445</ele>
        <time>2026-09-21T10:10:10Z</time>
        <hdop>5.1</hdop>
        <extensions>
          <osmand:speed>0.1</osmand:speed>
        </extensions>
      </trkpt>
      <trkpt lat="46.8700606" lon="10.1144551">
        <ele>2445</ele>
        <time>2026-09-21T10:10:28Z</time>
        <hdop>4.1</hdop>
        <extensions>
          <osmand:speed>0.1</osmand:speed>
        </extensions>
      </trkpt>
      <trkpt lat="46.8700507" lon="10.1145029">
        <ele>2444</ele>
        <time>2026-09-21T10:11:12Z</time>
        <hdop>5.6</hdop>
        <extensions>
          <osmand:speed>1.6</osmand:speed>
        </extensions>
      </trkpt>
      <trkpt lat="46.870085" lon="10.1145536">
        <ele>2445</ele>
        <time>2026-09-21T10:11:18Z</time>
        <hdop>7.7</hdop>
        <extensions>
          <osmand:speed>0.4</osmand:speed>
        </extensions>
      </trkpt>
      <trkpt lat="46.8701074" lon="10.1145633">
        <ele>2445</ele>
        <time>2026-09-21T10:11:24Z</time>
        <hdop>10.7</hdop>
        <extensions>
          <osmand:speed>1</osmand:speed>
        </extensions>
      </trkpt>
      <trkpt lat="46.8701775" lon="10.1145236">
        <ele>2445</ele>
        <time>2026-09-21T10:11:30Z</time>
        <hdop>10.2</hdop>
        <extensions>
          <osmand:speed>1</osmand:speed>
        </extensions>
      </trkpt>
      <trkpt lat="46.8702393" lon="10.114501">
        <ele>2446</ele>
        <time>2026-09-21T10:11:36Z</time>
        <hdop>11.2</hdop>
        <extensions>
          <osmand:speed>0.8</osmand:speed>
        </extensions>
      </trkpt>
      <trkpt lat="46.8703287" lon="10.1144586">
        <ele>2446</ele>
        <time>2026-09-21T10:11:42Z</time>
        <hdop>11.7</hdop>
        <extensions>
          <osmand:speed>1.6</osmand:speed>
        </extensions>
      </trkpt>
      <trkpt lat="46.870386" lon="10.1144401">
        <ele>2445</ele>
        <time>2026-09-21T10:11:48Z</time>
        <hdop>12.2</hdop>
        <extensions>
          <osmand:speed>1.1</osmand:speed>
        </extensions>
      </trkpt>
      <trkpt lat="46.8704237" lon="10.1143835">
        <ele>2445</ele>
        <time>2026-09-21T10:11:54Z</time>
        <hdop>10.2</hdop>
        <extensions>
          <osmand:speed>1.6</osmand:speed>
        </extensions>
      </trkpt>
      <trkpt lat="46.8705044" lon="10.1143582">
        <ele>2445</ele>
        <time>2026-09-21T10:12:00Z</time>
        <hdop>12.8</hdop>
        <extensions>
          <osmand:speed>1.3</osmand:speed>
        </extensions>
      </trkpt>
      <trkpt lat="46.8705616" lon="10.1143172">
        <ele>2445</ele>
        <time>2026-09-21T10:12:06Z</time>
        <hdop>11.7</hdop>
        <extensions>
          <osmand:speed>1.2</osmand:speed>
        </extensions>
      </trkpt>
      <trkpt lat="46.8705846" lon="10.1143092">
        <ele>2445</ele>
        <time>2026-09-21T10:12:20Z</time>
        <hdop>10.2</hdop>
        <extensions>
          <osmand:speed>0.8</osmand:speed>
        </extensions>
      </trkpt>
      <trkpt lat="46.8706088" lon="10.1142527">
        <ele>2445</ele>
        <time>2026-09-21T10:12:26Z</time>
        <hdop>12.2</hdop>
        <extensions>
          <osmand:speed>0.3</osmand:speed>
        </extensions>
      </trkpt>
      <trkpt lat="46.8706374" lon="10.1141946">
        <ele>2445</ele>
        <time>2026-09-21T10:12:32Z</time>
        <hdop>10.7</hdop>
        <extensions>
          <osmand:speed>0.7</osmand:speed>
        </extensions>
      </trkpt>
      <trkpt lat="46.870706" lon="10.1142048">
        <ele>2445</ele>
        <time>2026-09-21T10:12:38Z</time>
        <hdop>7.7</hdop>
        <extensions>
          <osmand:speed>1.9</osmand:speed>
        </extensions>
      </trkpt>
      <trkpt lat="46.8707434" lon="10.1142">
        <ele>2447</ele>
        <time>2026-09-21T10:12:44Z</time>
        <hdop>13.8</hdop>
        <extensions>
          <osmand:speed>0.9</osmand:speed>
        </extensions>
      </trkpt>
      <trkpt lat="46.8708058" lon="10.114194">
        <ele>2447</ele>
        <time>2026-09-21T10:12:50Z</time>
        <hdop>10.7</hdop>
        <extensions>
          <osmand:speed>1.5</osmand:speed>
        </extensions>
      </trkpt>
      <trkpt lat="46.8708498" lon="10.1141649">
        <ele>2447</ele>
        <time>2026-09-21T10:12:56Z</time>
        <hdop>13.3</hdop>
        <extensions>
          <osmand:speed>0.4</osmand:speed>
        </extensions>
      </trkpt>
      <trkpt lat="46.8708699" lon="10.1141437">
        <ele>2447</ele>
        <time>2026-09-21T10:13:06Z</time>
        <hdop>13.3</hdop>
        <extensions>
          <osmand:speed>1.4</osmand:speed>
        </extensions>
      </trkpt>
      <trkpt lat="46.8709342" lon="10.1141148">
        <ele>2448</ele>
        <time>2026-09-21T10:13:12Z</time>
        <hdop>11.7</hdop>
        <extensions>
          <osmand:speed>1.1</osmand:speed>
        </extensions>
      </trkpt>
      <trkpt lat="46.8709858" lon="10.1140814">
        <ele>2449</ele>
        <time>2026-09-21T10:13:18Z</time>
        <hdop>14.3</hdop>
        <extensions>
          <osmand:speed>1.3</osmand:speed>
        </extensions>
      </trkpt>
      <trkpt lat="46.8710675" lon="10.1140657">
        <ele>2450</ele>
        <time>2026-09-21T10:13:24Z</time>
        <hdop>13.8</hdop>
        <extensions>
          <osmand:speed>0.6</osmand:speed>
        </extensions>
      </trkpt>
      <trkpt lat="46.8710843" lon="10.1140436">
        <ele>2450</ele>
        <time>2026-09-21T10:13:30Z</time>
        <hdop>14.3</hdop>
      </trkpt>
      <trkpt lat="46.8710863" lon="10.1140127">
        <ele>2449</ele>
        <time>2026-09-21T10:13:36Z</time>
        <hdop>10.2</hdop>
        <extensions>
          <osmand:speed>0.7</osmand:speed>
        </extensions>
      </trkpt>
      <trkpt lat="46.8711005" lon="10.1139873">
        <ele>2450</ele>
        <time>2026-09-21T10:13:42Z</time>
        <hdop>10.7</hdop>
        <extensions>
          <osmand:speed>1</osmand:speed>
        </extensions>
      </trkpt>
      <trkpt lat="46.871158" lon="10.1139698">
        <ele>2449</ele>
        <time>2026-09-21T10:13:48Z</time>
        <hdop>11.7</hdop>
        <extensions>
          <osmand:speed>1.2</osmand:speed>
        </extensions>
      </trkpt>
      <trkpt lat="46.8711723" lon="10.1140484">
        <ele>2449</ele>
        <time>2026-09-21T10:13:54Z</time>
        <hdop>10.2</hdop>
        <extensions>
          <osmand:speed>1.7</osmand:speed>
        </extensions>
      </trkpt>
      <trkpt lat="46.8712091" lon="10.1141086">
        <ele>2448</ele>
        <time>2026-09-21T10:14:01Z</time>
        <hdop>14.8</hdop>
        <extensions>
          <osmand:speed>0.7</osmand:speed>
        </extensions>
      </trkpt>
      <trkpt lat="46.8712833" lon="10.1140546">
        <ele>2450</ele>
        <time>2026-09-21T10:14:09Z</time>
        <hdop>12.8</hdop>
        <extensions>
          <osmand:speed>1.2</osmand:speed>
        </extensions>
      </trkpt>
      <trkpt lat="46.8713335" lon="10.1140511">
        <ele>2450</ele>
        <time>2026-09-21T10:14:15Z</time>
        <hdop>13.8</hdop>
        <extensions>
          <osmand:speed>0.8</osmand:speed>
        </extensions>
      </trkpt>
      <trkpt lat="46.8713823" lon="10.1140103">
        <ele>2449</ele>
        <time>2026-09-21T10:14:21Z</time>
        <hdop>13.8</hdop>
        <extensions>
          <osmand:speed>0.8</osmand:speed>
        </extensions>
      </trkpt>
      <trkpt lat="46.8714096" lon="10.1139846">
        <ele>2448</ele>
        <time>2026-09-21T10:14:27Z</time>
        <hdop>11.7</hdop>
        <extensions>
          <osmand:speed>0.6</osmand:speed>
        </extensions>
      </trkpt>
      <trkpt lat="46.8714561" lon="10.1139211">
        <ele>2449</ele>
        <time>2026-09-21T10:14:33Z</time>
        <hdop>11.7</hdop>
        <extensions>
          <osmand:speed>0.6</osmand:speed>
        </extensions>
      </trkpt>
      <trkpt lat="46.8714743" lon="10.113926">
        <ele>2450</ele>
        <time>2026-09-21T10:14:42Z</time>
        <hdop>11.7</hdop>
        <extensions>
          <osmand:speed>1.3</osmand:speed>
        </extensions>
      </trkpt>
      <trkpt lat="46.8715169" lon="10.1139406">
        <ele>2450</ele>
        <time>2026-09-21T10:14:48Z</time>
        <hdop>11.2</hdop>
        <extensions>
          <osmand:speed>1</osmand:speed>
        </extensions>
      </trkpt>
      <trkpt lat="46.8715623" lon="10.1139623">
        <ele>2451</ele>
        <time>2026-09-21T10:14:54Z</time>
        <hdop>10.2</hdop>
        <extensions>
          <osmand:speed>1.1</osmand:speed>
        </extensions>
      </trkpt>
      <trkpt lat="46.8716041" lon="10.1139905">
        <ele>2451</ele>
        <time>2026-09-21T10:15:00Z</time>
        <hdop>14.3</hdop>
        <extensions>
          <osmand:speed>1.2</osmand:speed>
        </extensions>
      </trkpt>
      <trkpt lat="46.8716564" lon="10.1139875">
        <ele>2451</ele>
        <time>2026-09-21T10:15:06Z</time>
        <hdop>12.2</hdop>
        <extensions>
          <osmand:speed>1.2</osmand:speed>
        </extensions>
      </trkpt>
      <trkpt lat="46.871708" lon="10.1140246">
        <ele>2452</ele>
        <time>2026-09-21T10:15:12Z</time>
        <hdop>14.8</hdop>
        <extensions>
          <osmand:speed>0.8</osmand:speed>
        </extensions>
      </trkpt>
      <trkpt lat="46.8717602" lon="10.1140641">
        <ele>2451</ele>
        <time>2026-09-21T10:15:18Z</time>
        <hdop>14.3</hdop>
        <extensions>
          <osmand:speed>1</osmand:speed>
        </extensions>
      </trkpt>
      <trkpt lat="46.8718051" lon="10.1141047">
        <ele>2451</ele>
        <time>2026-09-21T10:15:24Z</time>
        <hdop>11.7</hdop>
        <extensions>
          <osmand:speed>0.5</osmand:speed>
        </extensions>
      </trkpt>
      <trkpt lat="46.8718331" lon="10.1140923">
        <ele>2452</ele>
        <time>2026-09-21T10:15:30Z</time>
        <hdop>14.8</hdop>
        <extensions>
          <osmand:speed>0.3</osmand:speed>
        </extensions>
      </trkpt>
      <trkpt lat="46.8718608" lon="10.1140862">
        <ele>2452</ele>
        <time>2026-09-21T10:15:49Z</time>
        <hdop>14.8</hdop>
        <extensions>
          <osmand:speed>1.3</osmand:speed>
        </extensions>
      </trkpt>
      <trkpt lat="46.8719322" lon="10.1140545">
        <ele>2452</ele>
        <time>2026-09-21T10:15:55Z</time>
        <hdop>14.3</hdop>
        <extensions>
          <osmand:speed>1.3</osmand:speed>
        </extensions>
      </trkpt>
      <trkpt lat="46.8720042" lon="10.1140406">
        <ele>2453</ele>
        <time>2026-09-21T10:16:01Z</time>
        <hdop>8.7</hdop>
        <extensions>
          <osmand:speed>1.6</osmand:speed>
        </extensions>
      </trkpt>
      <trkpt lat="46.8720677" lon="10.1140597">
        <ele>2454</ele>
        <time>2026-09-21T10:16:07Z</time>
        <hdop>12.2</hdop>
        <extensions>
          <osmand:speed>1.2</osmand:speed>
        </extensions>
      </trkpt>
      <trkpt lat="46.8721349" lon="10.1140603">
        <ele>2454</ele>
        <time>2026-09-21T10:16:13Z</time>
        <hdop>10.7</hdop>
        <extensions>
          <osmand:speed>1.1</osmand:speed>
        </extensions>
      </trkpt>
      <trkpt lat="46.8721892" lon="10.1140608">
        <ele>2454</ele>
        <time>2026-09-21T10:16:19Z</time>
        <hdop>10.7</hdop>
        <extensions>
          <osmand:speed>0.9</osmand:speed>
        </extensions>
      </trkpt>
      <trkpt lat="46.8722237" lon="10.1140617">
        <ele>2454</ele>
        <time>2026-09-21T10:16:25Z</time>
        <hdop>11.2</hdop>
        <extensions>
          <osmand:speed>0.7</osmand:speed>
        </extensions>
      </trkpt>
      <trkpt lat="46.8722862" lon="10.1140782">
        <ele>2455</ele>
        <time>2026-09-21T10:16:31Z</time>
        <hdop>12.8</hdop>
        <extensions>
          <osmand:speed>1</osmand:speed>
        </extensions>
      </trkpt>
      <trkpt lat="46.8723328" lon="10.1140623">
        <ele>2456</ele>
        <time>2026-09-21T10:16:37Z</time>
        <hdop>12.2</hdop>
        <extensions>
          <osmand:speed>1.4</osmand:speed>
        </extensions>
      </trkpt>
      <trkpt lat="46.872405" lon="10.1140577">
        <ele>2456</ele>
        <time>2026-09-21T10:16:43Z</time>
        <hdop>12.2</hdop>
        <extensions>
          <osmand:speed>1.1</osmand:speed>
        </extensions>
      </trkpt>
      <trkpt lat="46.8724514" lon="10.1140195">
        <ele>2457</ele>
        <time>2026-09-21T10:16:49Z</time>
        <hdop>12.2</hdop>
        <extensions>
          <osmand:speed>0.1</osmand:speed>
        </extensions>
      </trkpt>
      <trkpt lat="46.8724941" lon="10.114024">
        <ele>2458</ele>
        <time>2026-09-21T10:16:55Z</time>
        <hdop>11.7</hdop>
        <extensions>
          <osmand:speed>1</osmand:speed>
        </extensions>
      </trkpt>
      <trkpt lat="46.8725594" lon="10.1139806">
        <ele>2458</ele>
        <time>2026-09-21T10:17:01Z</time>
        <hdop>13.8</hdop>
        <extensions>
          <osmand:speed>0.8</osmand:speed>
        </extensions>
      </trkpt>
      <trkpt lat="46.8726098" lon="10.1139132">
        <ele>2459</ele>
        <time>2026-09-21T10:17:07Z</time>
        <hdop>13.8</hdop>
        <extensions>
          <osmand:speed>1.1</osmand:speed>
        </extensions>
      </trkpt>
      <trkpt lat="46.8726514" lon="10.1138469">
        <ele>2458</ele>
        <time>2026-09-21T10:17:13Z</time>
        <hdop>10.2</hdop>
        <extensions>
          <osmand:speed>1.2</osmand:speed>
        </extensions>
      </trkpt>
      <trkpt lat="46.8726923" lon="10.1137743">
        <ele>2458</ele>
        <time>2026-09-21T10:17:19Z</time>
        <hdop>9.7</hdop>
        <extensions>
          <osmand:speed>0.9</osmand:speed>
        </extensions>
      </trkpt>
      <trkpt lat="46.8727606" lon="10.1137547">
        <ele>2458</ele>
        <time>2026-09-21T10:17:25Z</time>
        <hdop>10.7</hdop>
        <extensions>
          <osmand:speed>1.6</osmand:speed>
        </extensions>
      </trkpt>
      <trkpt lat="46.8728434" lon="10.1137593">
        <ele>2459</ele>
        <time>2026-09-21T10:17:31Z</time>
        <hdop>9.7</hdop>
        <extensions>
          <osmand:speed>1.3</osmand:speed>
        </extensions>
      </trkpt>
      <trkpt lat="46.8729156" lon="10.1137486">
        <ele>2459</ele>
        <time>2026-09-21T10:17:37Z</time>
        <hdop>9.7</hdop>
        <extensions>
          <osmand:speed>1.2</osmand:speed>
        </extensions>
      </trkpt>
      <trkpt lat="46.8729839" lon="10.1137538">
        <ele>2458</ele>
        <time>2026-09-21T10:17:43Z</time>
        <hdop>9.7</hdop>
        <extensions>
          <osmand:speed>1.4</osmand:speed>
        </extensions>
      </trkpt>
      <trkpt lat="46.8730377" lon="10.1137578">
        <ele>2458</ele>
        <time>2026-09-21T10:17:49Z</time>
        <hdop>9.7</hdop>
        <extensions>
          <osmand:speed>0.8</osmand:speed>
        </extensions>
      </trkpt>
      <trkpt lat="46.8730869" lon="10.1137471">
        <ele>2458</ele>
        <time>2026-09-21T10:17:55Z</time>
        <hdop>9.7</hdop>
        <extensions>
          <osmand:speed>0.7</osmand:speed>
        </extensions>
      </trkpt>
      <trkpt lat="46.8731166" lon="10.1137195">
        <ele>2459</ele>
        <time>2026-09-21T10:18:01Z</time>
        <hdop>4.6</hdop>
        <extensions>
          <osmand:speed>0.2</osmand:speed>
        </extensions>
      </trkpt>
      <trkpt lat="46.8731197" lon="10.1136936">
        <ele>2459</ele>
        <time>2026-09-21T10:18:29Z</time>
        <hdop>3.6</hdop>
      </trkpt>
      <trkpt lat="46.8731307" lon="10.113718">
        <ele>2458</ele>
        <time>2026-09-21T10:19:44Z</time>
        <hdop>10.2</hdop>
        <extensions>
          <osmand:speed>0.8</osmand:speed>
        </extensions>
      </trkpt>
      <trkpt lat="46.8731287" lon="10.1136901">
        <ele>2458</ele>
        <time>2026-09-21T10:19:52Z</time>
        <hdop>9.2</hdop>
        <extensions>
          <osmand:speed>0.3</osmand:speed>
        </extensions>
      </trkpt>
      <trkpt lat="46.8731542" lon="10.113708">
        <ele>2458</ele>
        <time>2026-09-21T10:20:05Z</time>
        <hdop>7.7</hdop>
        <extensions>
          <osmand:speed>1.3</osmand:speed>
        </extensions>
      </trkpt>
      <trkpt lat="46.8732102" lon="10.1137526">
        <ele>2458</ele>
        <time>2026-09-21T10:20:11Z</time>
        <hdop>6.6</hdop>
        <extensions>
          <osmand:speed>0.4</osmand:speed>
        </extensions>
      </trkpt>
      <trkpt lat="46.8732518" lon="10.1137977">
        <ele>2457</ele>
        <time>2026-09-21T10:20:17Z</time>
        <hdop>10.2</hdop>
        <extensions>
          <osmand:speed>1.6</osmand:speed>
        </extensions>
      </trkpt>
      <trkpt lat="46.8733254" lon="10.1138474">
        <ele>2458</ele>
        <time>2026-09-21T10:20:23Z</time>
        <hdop>10.2</hdop>
        <extensions>
          <osmand:speed>1.6</osmand:speed>
        </extensions>
      </trkpt>
      <trkpt lat="46.8733825" lon="10.113905">
        <ele>2459</ele>
        <time>2026-09-21T10:20:29Z</time>
        <hdop>10.7</hdop>
        <extensions>
          <osmand:speed>1.1</osmand:speed>
        </extensions>
      </trkpt>
      <trkpt lat="46.8734474" lon="10.1139394">
        <ele>2460</ele>
        <time>2026-09-21T10:20:35Z</time>
        <hdop>9.7</hdop>
        <extensions>
          <osmand:speed>0.8</osmand:speed>
        </extensions>
      </trkpt>
      <trkpt lat="46.8734976" lon="10.114009">
        <ele>2459</ele>
        <time>2026-09-21T10:20:41Z</time>
        <hdop>10.7</hdop>
        <extensions>
          <osmand:speed>0.8</osmand:speed>
        </extensions>
      </trkpt>
      <trkpt lat="46.8735378" lon="10.1140487">
        <ele>2458</ele>
        <time>2026-09-21T10:20:47Z</time>
        <hdop>7.7</hdop>
        <extensions>
          <osmand:speed>0.2</osmand:speed>
        </extensions>
      </trkpt>
      <trkpt lat="46.8735924" lon="10.1140714">
        <ele>2458</ele>
        <time>2026-09-21T10:20:53Z</time>
        <hdop>11.2</hdop>
        <extensions>
          <osmand:speed>0.7</osmand:speed>
        </extensions>
      </trkpt>
      <trkpt lat="46.8735927" lon="10.1141031">
        <ele>2457</ele>
        <time>2026-09-21T10:21:00Z</time>
        <hdop>9.2</hdop>
        <extensions>
          <osmand:speed>1.2</osmand:speed>
        </extensions>
      </trkpt>
      <trkpt lat="46.8736155" lon="10.1140892">
        <ele>2457</ele>
        <time>2026-09-21T10:21:06Z</time>
        <hdop>10.7</hdop>
        <extensions>
          <osmand:speed>0.5</osmand:speed>
        </extensions>
      </trkpt>
      <trkpt lat="46.8736201" lon="10.1140609">
        <ele>2456</ele>
        <time>2026-09-21T10:21:14Z</time>
        <hdop>11.7</hdop>
        <extensions>
          <osmand:speed>0.3</osmand:speed>
        </extensions>
      </trkpt>
      <trkpt lat="46.8736369" lon="10.1140293">
        <ele>2455</ele>
        <time>2026-09-21T10:21:20Z</time>
        <hdop>11.7</hdop>
        <extensions>
          <osmand:speed>0.7</osmand:speed>
        </extensions>
      </trkpt>
      <trkpt lat="46.8736551" lon="10.114037">
        <ele>2453</ele>
        <time>2026-09-21T10:21:26Z</time>
        <hdop>10.7</hdop>
        <extensions>
          <osmand:speed>0.4</osmand:speed>
        </extensions>
      </trkpt>
      <trkpt lat="46.8736465" lon="10.1140743">
        <ele>2453</ele>
        <time>2026-09-21T10:21:32Z</time>
        <hdop>12.2</hdop>
        <extensions>
          <osmand:speed>0.9</osmand:speed>
        </extensions>
      </trkpt>
      <trkpt lat="46.8736882" lon="10.1141256">
        <ele>2452</ele>
        <time>2026-09-21T10:21:38Z</time>
        <hdop>8.2</hdop>
        <extensions>
          <osmand:speed>1.6</osmand:speed>
        </extensions>
      </trkpt>
      <trkpt lat="46.8737406" lon="10.1141411">
        <ele>2451</ele>
        <time>2026-09-21T10:21:44Z</time>
        <hdop>11.7</hdop>
        <extensions>
          <osmand:speed>1</osmand:speed>
        </extensions>
      </trkpt>
      <trkpt lat="46.8737675" lon="10.1141862">
        <ele>2451</ele>
        <time>2026-09-21T10:21:50Z</time>
        <hdop>8.2</hdop>
        <extensions>
          <osmand:speed>1.2</osmand:speed>
        </extensions>
      </trkpt>
      <trkpt lat="46.8738188" lon="10.1141897">
        <ele>2450</ele>
        <time>2026-09-21T10:21:56Z</time>
        <hdop>9.7</hdop>
        <extensions>
          <osmand:speed>1</osmand:speed>
        </extensions>
      </trkpt>
      <trkpt lat="46.8738822" lon="10.1141747">
        <ele>2449</ele>
        <time>2026-09-21T10:22:02Z</time>
        <hdop>11.7</hdop>
        <extensions>
          <osmand:speed>1.5</osmand:speed>
        </extensions>
      </trkpt>
      <trkpt lat="46.8739358" lon="10.1141976">
        <ele>2449</ele>
        <time>2026-09-21T10:22:08Z</time>
        <hdop>9.7</hdop>
        <extensions>
          <osmand:speed>1</osmand:speed>
        </extensions>
      </trkpt>
      <trkpt lat="46.8739771" lon="10.1142235">
        <ele>2447</ele>
        <time>2026-09-21T10:22:14Z</time>
        <hdop>9.2</hdop>
        <extensions>
          <osmand:speed>0.8</osmand:speed>
        </extensions>
      </trkpt>
      <trkpt lat="46.8740438" lon="10.1142392">
        <ele>2447</ele>
        <time>2026-09-21T10:22:20Z</time>
        <hdop>9.7</hdop>
        <extensions>
          <osmand:speed>1.4</osmand:speed>
        </extensions>
      </trkpt>
      <trkpt lat="46.8740808" lon="10.1142285">
        <ele>2445</ele>
        <time>2026-09-21T10:22:26Z</time>
        <hdop>10.2</hdop>
        <extensions>
          <osmand:speed>1.2</osmand:speed>
        </extensions>
      </trkpt>
      <trkpt lat="46.8741404" lon="10.1141741">
        <ele>2444.1</ele>
        <time>2026-09-21T10:22:32Z</time>
        <hdop>11.2</hdop>
        <extensions>
          <osmand:speed>1.5</osmand:speed>
        </extensions>
      </trkpt>
      <trkpt lat="46.8741943" lon="10.1141887">
        <ele>2444.1</ele>
        <time>2026-09-21T10:22:38Z</time>
        <hdop>10.2</hdop>
        <extensions>
          <osmand:speed>0.8</osmand:speed>
        </extensions>
      </trkpt>
      <trkpt lat="46.8742277" lon="10.114163">
        <ele>2445.1</ele>
        <time>2026-09-21T10:22:44Z</time>
        <hdop>7.1</hdop>
      </trkpt>
      <trkpt lat="46.8742531" lon="10.1141737">
        <ele>2445.1</ele>
        <time>2026-09-21T10:22:51Z</time>
        <hdop>7.1</hdop>
        <extensions>
          <osmand:speed>1</osmand:speed>
        </extensions>
      </trkpt>
      <trkpt lat="46.8743173" lon="10.1141705">
        <ele>2445.1</ele>
        <time>2026-09-21T10:22:57Z</time>
        <hdop>9.7</hdop>
        <extensions>
          <osmand:speed>1.2</osmand:speed>
        </extensions>
      </trkpt>
      <trkpt lat="46.8743814" lon="10.1142121">
        <ele>2445.1</ele>
        <time>2026-09-21T10:23:03Z</time>
        <hdop>10.2</hdop>
        <extensions>
          <osmand:speed>1</osmand:speed>
        </extensions>
      </trkpt>
      <trkpt lat="46.8744355" lon="10.1142307">
        <ele>2445.1</ele>
        <time>2026-09-21T10:23:09Z</time>
        <hdop>12.2</hdop>
        <extensions>
          <osmand:speed>1.3</osmand:speed>
        </extensions>
      </trkpt>
      <trkpt lat="46.8745128" lon="10.1142574">
        <ele>2446.1</ele>
        <time>2026-09-21T10:23:15Z</time>
        <hdop>13.8</hdop>
        <extensions>
          <osmand:speed>1.4</osmand:speed>
        </extensions>
      </trkpt>
      <trkpt lat="46.8745462" lon="10.114182">
        <ele>2446.1</ele>
        <time>2026-09-21T10:23:21Z</time>
        <hdop>11.2</hdop>
        <extensions>
          <osmand:speed>0.7</osmand:speed>
        </extensions>
      </trkpt>
      <trkpt lat="46.8746048" lon="10.1141441">
        <ele>2446.1</ele>
        <time>2026-09-21T10:23:27Z</time>
        <hdop>8.2</hdop>
        <extensions>
          <osmand:speed>1</osmand:speed>
        </extensions>
      </trkpt>
      <trkpt lat="46.8746743" lon="10.1140953">
        <ele>2446.1</ele>
        <time>2026-09-21T10:23:33Z</time>
        <hdop>11.2</hdop>
        <extensions>
          <osmand:speed>1.4</osmand:speed>
        </extensions>
      </trkpt>
      <trkpt lat="46.8747136" lon="10.1141315">
        <ele>2447.1</ele>
        <time>2026-09-21T10:23:39Z</time>
        <hdop>11.7</hdop>
        <extensions>
          <osmand:speed>0.6</osmand:speed>
        </extensions>
      </trkpt>
      <trkpt lat="46.8747747" lon="10.1141519">
        <ele>2447.1</ele>
        <time>2026-09-21T10:23:45Z</time>
        <hdop>10.2</hdop>
        <extensions>
          <osmand:speed>1</osmand:speed>
        </extensions>
      </trkpt>
      <trkpt lat="46.8748199" lon="10.1141308">
        <ele>2447.1</ele>
        <time>2026-09-21T10:23:51Z</time>
        <hdop>13.3</hdop>
        <extensions>
          <osmand:speed>1.1</osmand:speed>
        </extensions>
      </trkpt>
      <trkpt lat="46.874894" lon="10.114124">
        <ele>2447.1</ele>
        <time>2026-09-21T10:23:57Z</time>
        <hdop>12.2</hdop>
        <extensions>
          <osmand:speed>1.2</osmand:speed>
        </extensions>
      </trkpt>
      <trkpt lat="46.874952" lon="10.1141095">
        <ele>2448.1</ele>
        <time>2026-09-21T10:24:03Z</time>
        <hdop>12.2</hdop>
        <extensions>
          <osmand:speed>0.7</osmand:speed>
        </extensions>
      </trkpt>
      <trkpt lat="46.8750086" lon="10.1140833">
        <ele>2448.1</ele>
        <time>2026-09-21T10:24:09Z</time>
        <hdop>12.2</hdop>
        <extensions>
          <osmand:speed>1.3</osmand:speed>
        </extensions>
      </trkpt>
      <trkpt lat="46.8750784" lon="10.114052">
        <ele>2449.1</ele>
        <time>2026-09-21T10:24:15Z</time>
        <hdop>10.2</hdop>
        <extensions>
          <osmand:speed>1</osmand:speed>
        </extensions>
      </trkpt>
      <trkpt lat="46.8751466" lon="10.1140586">
        <ele>2449.1</ele>
        <time>2026-09-21T10:24:21Z</time>
        <hdop>11.7</hdop>
        <extensions>
          <osmand:speed>2.2</osmand:speed>
        </extensions>
      </trkpt>
      <trkpt lat="46.8752151" lon="10.1140468">
        <ele>2450.1</ele>
        <time>2026-09-21T10:24:27Z</time>
        <hdop>12.2</hdop>
        <extensions>
          <osmand:speed>0.7</osmand:speed>
        </extensions>
      </trkpt>
      <trkpt lat="46.8752801" lon="10.1140042">
        <ele>2449.1</ele>
        <time>2026-09-21T10:24:33Z</time>
        <hdop>12.2</hdop>
        <extensions>
          <osmand:speed>1.2</osmand:speed>
        </extensions>
      </trkpt>
      <trkpt lat="46.8753114" lon="10.1140246">
        <ele>2449.1</ele>
        <time>2026-09-21T10:24:39Z</time>
        <hdop>11.7</hdop>
        <extensions>
          <osmand:speed>0.4</osmand:speed>
        </extensions>
      </trkpt>
      <trkpt lat="46.8753629" lon="10.1140047">
        <ele>2451.1</ele>
        <time>2026-09-21T10:24:45Z</time>
        <hdop>9.7</hdop>
        <extensions>
          <osmand:speed>1.2</osmand:speed>
        </extensions>
      </trkpt>
      <trkpt lat="46.8754369" lon="10.113947">
        <ele>2451.1</ele>
        <time>2026-09-21T10:24:51Z</time>
        <hdop>13.3</hdop>
        <extensions>
          <osmand:speed>1.6</osmand:speed>
        </extensions>
      </trkpt>
      <trkpt lat="46.8755118" lon="10.1138896">
        <ele>2452.1</ele>
        <time>2026-09-21T10:24:57Z</time>
        <hdop>10.7</hdop>
        <extensions>
          <osmand:speed>1.3</osmand:speed>
        </extensions>
      </trkpt>
      <trkpt lat="46.8755692" lon="10.1138526">
        <ele>2451.1</ele>
        <time>2026-09-21T10:25:03Z</time>
        <hdop>10.7</hdop>
        <extensions>
          <osmand:speed>1.1</osmand:speed>
        </extensions>
      </trkpt>
      <trkpt lat="46.8756099" lon="10.1138254">
        <ele>2451.1</ele>
        <time>2026-09-21T10:25:09Z</time>
        <hdop>12.8</hdop>
        <extensions>
          <osmand:speed>0.9</osmand:speed>
        </extensions>
      </trkpt>
      <trkpt lat="46.8756653" lon="10.113811">
        <ele>2451.1</ele>
        <time>2026-09-21T10:25:15Z</time>
        <hdop>11.7</hdop>
        <extensions>
          <osmand:speed>1.1</osmand:speed>
        </extensions>
      </trkpt>
      <trkpt lat="46.8757289" lon="10.1137807">
        <ele>2452.1</ele>
        <time>2026-09-21T10:25:21Z</time>
        <hdop>11.2</hdop>
        <extensions>
          <osmand:speed>1.1</osmand:speed>
        </extensions>
      </trkpt>
      <trkpt lat="46.8757837" lon="10.1137369">
        <ele>2451.1</ele>
        <time>2026-09-21T10:25:27Z</time>
        <hdop>12.2</hdop>
        <extensions>
          <osmand:speed>1.4</osmand:speed>
        </extensions>
      </trkpt>
      <trkpt lat="46.8758387" lon="10.1136889">
        <ele>2451.1</ele>
        <time>2026-09-21T10:25:33Z</time>
        <hdop>12.2</hdop>
        <extensions>
          <osmand:speed>1.4</osmand:speed>
        </extensions>
      </trkpt>
      <trkpt lat="46.8759058" lon="10.1136811">
        <ele>2451.1</ele>
        <time>2026-09-21T10:25:39Z</time>
        <hdop>8.7</hdop>
        <extensions>
          <osmand:speed>1.2</osmand:speed>
        </extensions>
      </trkpt>
      <trkpt lat="46.8759689" lon="10.113675">
        <ele>2450.1</ele>
        <time>2026-09-21T10:25:45Z</time>
        <hdop>10.2</hdop>
        <extensions>
          <osmand:speed>1</osmand:speed>
        </extensions>
      </trkpt>
      <trkpt lat="46.8760176" lon="10.1136425">
        <ele>2450.1</ele>
        <time>2026-09-21T10:25:51Z</time>
        <hdop>11.2</hdop>
        <extensions>
          <osmand:speed>1</osmand:speed>
        </extensions>
      </trkpt>
      <trkpt lat="46.8760444" lon="10.1135445">
        <ele>2449.1</ele>
        <time>2026-09-21T10:25:57Z</time>
        <hdop>9.2</hdop>
        <extensions>
          <osmand:speed>1.4</osmand:speed>
        </extensions>
      </trkpt>
      <trkpt lat="46.8760903" lon="10.1134953">
        <ele>2450.1</ele>
        <time>2026-09-21T10:26:03Z</time>
        <hdop>10.2</hdop>
        <extensions>
          <osmand:speed>0.5</osmand:speed>
        </extensions>
      </trkpt>
      <trkpt lat="46.8761479" lon="10.1134516">
        <ele>2448.1</ele>
        <time>2026-09-21T10:26:09Z</time>
        <hdop>7.7</hdop>
        <extensions>
          <osmand:speed>1.5</osmand:speed>
        </extensions>
      </trkpt>
      <trkpt lat="46.8762085" lon="10.1134079">
        <ele>2447.1</ele>
        <time>2026-09-21T10:26:15Z</time>
        <hdop>9.7</hdop>
        <extensions>
          <osmand:speed>1.1</osmand:speed>
        </extensions>
      </trkpt>
      <trkpt lat="46.8762738" lon="10.1133701">
        <ele>2446.1</ele>
        <time>2026-09-21T10:26:21Z</time>
        <hdop>9.7</hdop>
        <extensions>
          <osmand:speed>1.4</osmand:speed>
        </extensions>
      </trkpt>
      <trkpt lat="46.8763033" lon="10.1133325">
        <ele>2445.1</ele>
        <time>2026-09-21T10:26:27Z</time>
        <hdop>9.7</hdop>
        <extensions>
          <osmand:speed>1.3</osmand:speed>
        </extensions>
      </trkpt>
      <trkpt lat="46.8763402" lon="10.113278">
        <ele>2444.1</ele>
        <time>2026-09-21T10:26:33Z</time>
        <hdop>11.7</hdop>
        <extensions>
          <osmand:speed>1.1</osmand:speed>
        </extensions>
      </trkpt>
      <trkpt lat="46.8763618" lon="10.1132522">
        <ele>2445.1</ele>
        <time>2026-09-21T10:26:39Z</time>
        <hdop>9.2</hdop>
      </trkpt>
      <trkpt lat="46.8764009" lon="10.113246">
        <ele>2445.1</ele>
        <time>2026-09-21T10:26:45Z</time>
        <hdop>9.7</hdop>
        <extensions>
          <osmand:speed>0.7</osmand:speed>
        </extensions>
      </trkpt>
      <trkpt lat="46.876467" lon="10.113209">
        <ele>2444.1</ele>
        <time>2026-09-21T10:26:51Z</time>
        <hdop>9.7</hdop>
        <extensions>
          <osmand:speed>1.4</osmand:speed>
        </extensions>
      </trkpt>
      <trkpt lat="46.8765254" lon="10.1131632">
        <ele>2442.1</ele>
        <time>2026-09-21T10:26:57Z</time>
        <hdop>9.7</hdop>
        <extensions>
          <osmand:speed>1.1</osmand:speed>
        </extensions>
      </trkpt>
      <trkpt lat="46.8765971" lon="10.1131121">
        <ele>2441.1</ele>
        <time>2026-09-21T10:27:03Z</time>
        <hdop>9.7</hdop>
        <extensions>
          <osmand:speed>1.5</osmand:speed>
        </extensions>
      </trkpt>
      <trkpt lat="46.8766631" lon="10.1130826">
        <ele>2440.1</ele>
        <time>2026-09-21T10:27:09Z</time>
        <hdop>11.2</hdop>
        <extensions>
          <osmand:speed>1.3</osmand:speed>
        </extensions>
      </trkpt>
      <trkpt lat="46.8767346" lon="10.1130532">
        <ele>2439.1</ele>
        <time>2026-09-21T10:27:15Z</time>
        <hdop>10.7</hdop>
        <extensions>
          <osmand:speed>1.6</osmand:speed>
        </extensions>
      </trkpt>
      <trkpt lat="46.8768213" lon="10.1130621">
        <ele>2439.1</ele>
        <time>2026-09-21T10:27:21Z</time>
        <hdop>11.7</hdop>
        <extensions>
          <osmand:speed>2</osmand:speed>
        </extensions>
      </trkpt>
      <trkpt lat="46.8768946" lon="10.1130693">
        <ele>2439.1</ele>
        <time>2026-09-21T10:27:27Z</time>
        <hdop>12.2</hdop>
        <extensions>
          <osmand:speed>1</osmand:speed>
        </extensions>
      </trkpt>
      <trkpt lat="46.8769337" lon="10.1130103">
        <ele>2438.1</ele>
        <time>2026-09-21T10:27:33Z</time>
        <hdop>11.2</hdop>
        <extensions>
          <osmand:speed>1.1</osmand:speed>
        </extensions>
      </trkpt>
      <trkpt lat="46.8770214" lon="10.1129882">
        <ele>2438.1</ele>
        <time>2026-09-21T10:27:39Z</time>
        <hdop>12.2</hdop>
        <extensions>
          <osmand:speed>1.2</osmand:speed>
        </extensions>
      </trkpt>
      <trkpt lat="46.8770556" lon="10.1129575">
        <ele>2437.1</ele>
        <time>2026-09-21T10:27:45Z</time>
        <hdop>12.2</hdop>
        <extensions>
          <osmand:speed>0.8</osmand:speed>
        </extensions>
      </trkpt>
      <trkpt lat="46.8771036" lon="10.1129367">
        <ele>2437.1</ele>
        <time>2026-09-21T10:27:51Z</time>
        <hdop>11.7</hdop>
        <extensions>
          <osmand:speed>1.1</osmand:speed>
        </extensions>
      </trkpt>
      <trkpt lat="46.8771499" lon="10.1129064">
        <ele>2436.1</ele>
        <time>2026-09-21T10:27:57Z</time>
        <hdop>11.2</hdop>
        <extensions>
          <osmand:speed>1.3</osmand:speed>
        </extensions>
      </trkpt>
      <trkpt lat="46.8772077" lon="10.1128991">
        <ele>2435.1</ele>
        <time>2026-09-21T10:28:03Z</time>
        <hdop>11.7</hdop>
        <extensions>
          <osmand:speed>0.8</osmand:speed>
        </extensions>
      </trkpt>
      <trkpt lat="46.8772767" lon="10.1128723">
        <ele>2434.1</ele>
        <time>2026-09-21T10:28:09Z</time>
        <hdop>11.2</hdop>
        <extensions>
          <osmand:speed>1.6</osmand:speed>
        </extensions>
      </trkpt>
      <trkpt lat="46.8773475" lon="10.1128545">
        <ele>2433.1</ele>
        <time>2026-09-21T10:28:15Z</time>
        <hdop>9.7</hdop>
        <extensions>
          <osmand:speed>1.1</osmand:speed>
        </extensions>
      </trkpt>
      <trkpt lat="46.8774125" lon="10.1128134">
        <ele>2434.1</ele>
        <time>2026-09-21T10:28:21Z</time>
        <hdop>12.2</hdop>
        <extensions>
          <osmand:speed>1.4</osmand:speed>
        </extensions>
      </trkpt>
      <trkpt lat="46.8774719" lon="10.1127929">
        <ele>2433.1</ele>
        <time>2026-09-21T10:28:27Z</time>
        <hdop>11.2</hdop>
        <extensions>
          <osmand:speed>1</osmand:speed>
        </extensions>
      </trkpt>
      <trkpt lat="46.877523" lon="10.1127597">
        <ele>2433.1</ele>
        <time>2026-09-21T10:28:33Z</time>
        <hdop>11.2</hdop>
        <extensions>
          <osmand:speed>1.4</osmand:speed>
        </extensions>
      </trkpt>
      <trkpt lat="46.8775858" lon="10.1127425">
        <ele>2433.1</ele>
        <time>2026-09-21T10:28:39Z</time>
        <hdop>9.7</hdop>
        <extensions>
          <osmand:speed>0.6</osmand:speed>
        </extensions>
      </trkpt>
      <trkpt lat="46.8776438" lon="10.1127171">
        <ele>2431.1</ele>
        <time>2026-09-21T10:28:45Z</time>
        <hdop>10.7</hdop>
        <extensions>
          <osmand:speed>1</osmand:speed>
        </extensions>
      </trkpt>
      <trkpt lat="46.8776686" lon="10.1126878">
        <ele>2432.1</ele>
        <time>2026-09-21T10:28:51Z</time>
        <hdop>7.1</hdop>
      </trkpt>
      <trkpt lat="46.877691" lon="10.112676">
        <ele>2432.1</ele>
        <time>2026-09-21T10:28:57Z</time>
        <hdop>8.7</hdop>
        <extensions>
          <osmand:speed>1.1</osmand:speed>
        </extensions>
      </trkpt>
      <trkpt lat="46.8777527" lon="10.1126228">
        <ele>2431.1</ele>
        <time>2026-09-21T10:29:03Z</time>
        <hdop>9.7</hdop>
        <extensions>
          <osmand:speed>1.2</osmand:speed>
        </extensions>
      </trkpt>
      <trkpt lat="46.8778167" lon="10.1125778">
        <ele>2431.1</ele>
        <time>2026-09-21T10:29:09Z</time>
        <hdop>9.7</hdop>
        <extensions>
          <osmand:speed>1.2</osmand:speed>
        </extensions>
      </trkpt>
      <trkpt lat="46.877884" lon="10.1125261">
        <ele>2431.1</ele>
        <time>2026-09-21T10:29:15Z</time>
        <hdop>10.7</hdop>
        <extensions>
          <osmand:speed>1</osmand:speed>
        </extensions>
      </trkpt>
      <trkpt lat="46.8779584" lon="10.1124878">
        <ele>2431.1</ele>
        <time>2026-09-21T10:29:21Z</time>
        <hdop>10.7</hdop>
        <extensions>
          <osmand:speed>1.6</osmand:speed>
        </extensions>
      </trkpt>
      <trkpt lat="46.8780266" lon="10.1124436">
        <ele>2430.1</ele>
        <time>2026-09-21T10:29:27Z</time>
        <hdop>9.7</hdop>
        <extensions>
          <osmand:speed>1.2</osmand:speed>
        </extensions>
      </trkpt>
      <trkpt lat="46.878077" lon="10.1123985">
        <ele>2431.1</ele>
        <time>2026-09-21T10:29:33Z</time>
        <hdop>8.7</hdop>
        <extensions>
          <osmand:speed>1.1</osmand:speed>
        </extensions>
      </trkpt>
      <trkpt lat="46.8781232" lon="10.1123411">
        <ele>2430.1</ele>
        <time>2026-09-21T10:29:39Z</time>
        <hdop>10.7</hdop>
        <extensions>
          <osmand:speed>1.2</osmand:speed>
        </extensions>
      </trkpt>
      <trkpt lat="46.878187" lon="10.1123065">
        <ele>2428.1</ele>
        <time>2026-09-21T10:29:45Z</time>
        <hdop>11.2</hdop>
        <extensions>
          <osmand:speed>1.3</osmand:speed>
        </extensions>
      </trkpt>
      <trkpt lat="46.8782554" lon="10.1122944">
        <ele>2429.1</ele>
        <time>2026-09-21T10:29:51Z</time>
        <hdop>10.7</hdop>
        <extensions>
          <osmand:speed>1.5</osmand:speed>
        </extensions>
      </trkpt>
      <trkpt lat="46.8783172" lon="10.1122526">
        <ele>2428.1</ele>
        <time>2026-09-21T10:29:57Z</time>
        <hdop>11.7</hdop>
        <extensions>
          <osmand:speed>1.1</osmand:speed>
        </extensions>
      </trkpt>
      <trkpt lat="46.8783772" lon="10.1122167">
        <ele>2427.1</ele>
        <time>2026-09-21T10:30:03Z</time>
        <hdop>9.2</hdop>
        <extensions>
          <osmand:speed>0.7</osmand:speed>
        </extensions>
      </trkpt>
      <trkpt lat="46.8784332" lon="10.1121628">
        <ele>2427.1</ele>
        <time>2026-09-21T10:30:09Z</time>
        <hdop>10.7</hdop>
        <extensions>
          <osmand:speed>1.3</osmand:speed>
        </extensions>
      </trkpt>
      <trkpt lat="46.8785026" lon="10.1121002">
        <ele>2428.1</ele>
        <time>2026-09-21T10:30:15Z</time>
        <hdop>11.2</hdop>
        <extensions>
          <osmand:speed>1.3</osmand:speed>
        </extensions>
      </trkpt>
      <trkpt lat="46.8785588" lon="10.1120429">
        <ele>2428.1</ele>
        <time>2026-09-21T10:30:21Z</time>
        <hdop>11.2</hdop>
        <extensions>
          <osmand:speed>1.1</osmand:speed>
        </extensions>
      </trkpt>
      <trkpt lat="46.8786123" lon="10.1119851">
        <ele>2426.1</ele>
        <time>2026-09-21T10:30:27Z</time>
        <hdop>10.7</hdop>
        <extensions>
          <osmand:speed>0.4</osmand:speed>
        </extensions>
      </trkpt>
      <trkpt lat="46.878659" lon="10.1119473">
        <ele>2425.1</ele>
        <time>2026-09-21T10:30:33Z</time>
        <hdop>9.2</hdop>
        <extensions>
          <osmand:speed>0.8</osmand:speed>
        </extensions>
      </trkpt>
      <trkpt lat="46.8787244" lon="10.1119245">
        <ele>2425.1</ele>
        <time>2026-09-21T10:30:39Z</time>
        <hdop>11.2</hdop>
        <extensions>
          <osmand:speed>1.4</osmand:speed>
        </extensions>
      </trkpt>
      <trkpt lat="46.8787949" lon="10.1118801">
        <ele>2424.1</ele>
        <time>2026-09-21T10:30:45Z</time>
        <hdop>11.7</hdop>
        <extensions>
          <osmand:speed>1.5</osmand:speed>
        </extensions>
      </trkpt>
      <trkpt lat="46.8788502" lon="10.1118568">
        <ele>2424.1</ele>
        <time>2026-09-21T10:30:51Z</time>
        <hdop>11.2</hdop>
        <extensions>
          <osmand:speed>1.1</osmand:speed>
        </extensions>
      </trkpt>
      <trkpt lat="46.8789059" lon="10.1118018">
        <ele>2423.1</ele>
        <time>2026-09-21T10:30:57Z</time>
        <hdop>10.2</hdop>
        <extensions>
          <osmand:speed>1.3</osmand:speed>
        </extensions>
      </trkpt>
      <trkpt lat="46.8789683" lon="10.1117702">
        <ele>2423.1</ele>
        <time>2026-09-21T10:31:03Z</time>
        <hdop>11.7</hdop>
        <extensions>
          <osmand:speed>1.4</osmand:speed>
        </extensions>
      </trkpt>
      <trkpt lat="46.8790217" lon="10.1117617">
        <ele>2420.1</ele>
        <time>2026-09-21T10:31:09Z</time>
        <hdop>10.7</hdop>
        <extensions>
          <osmand:speed>1.4</osmand:speed>
        </extensions>
      </trkpt>
      <trkpt lat="46.8790979" lon="10.1117396">
        <ele>2420.1</ele>
        <time>2026-09-21T10:31:15Z</time>
        <hdop>9.7</hdop>
        <extensions>
          <osmand:speed>1.2</osmand:speed>
        </extensions>
      </trkpt>
      <trkpt lat="46.8791541" lon="10.1116888">
        <ele>2419.1</ele>
        <time>2026-09-21T10:31:21Z</time>
        <hdop>9.7</hdop>
        <extensions>
          <osmand:speed>1.4</osmand:speed>
        </extensions>
      </trkpt>
      <trkpt lat="46.8792242" lon="10.1116521">
        <ele>2420.1</ele>
        <time>2026-09-21T10:31:27Z</time>
        <hdop>10.7</hdop>
        <extensions>
          <osmand:speed>1.1</osmand:speed>
        </extensions>
      </trkpt>
      <trkpt lat="46.8792957" lon="10.1116412">
        <ele>2420.1</ele>
        <time>2026-09-21T10:31:33Z</time>
        <hdop>10.2</hdop>
        <extensions>
          <osmand:speed>0.9</osmand:speed>
        </extensions>
      </trkpt>
      <trkpt lat="46.879332" lon="10.1116161">
        <ele>2419.1</ele>
        <time>2026-09-21T10:31:39Z</time>
        <hdop>9.7</hdop>
        <extensions>
          <osmand:speed>0.8</osmand:speed>
        </extensions>
      </trkpt>
      <trkpt lat="46.8793898" lon="10.1115941">
        <ele>2419.1</ele>
        <time>2026-09-21T10:31:45Z</time>
        <hdop>9.2</hdop>
        <extensions>
          <osmand:speed>1.3</osmand:speed>
        </extensions>
      </trkpt>
      <trkpt lat="46.8794474" lon="10.1115877">
        <ele>2418.1</ele>
        <time>2026-09-21T10:31:51Z</time>
        <hdop>10.2</hdop>
        <extensions>
          <osmand:speed>0.9</osmand:speed>
        </extensions>
      </trkpt>
      <trkpt lat="46.8795062" lon="10.1115653">
        <ele>2417.1</ele>
        <time>2026-09-21T10:31:57Z</time>
        <hdop>9.2</hdop>
        <extensions>
          <osmand:speed>1.3</osmand:speed>
        </extensions>
      </trkpt>
      <trkpt lat="46.8795638" lon="10.1115194">
        <ele>2416.1</ele>
        <time>2026-09-21T10:32:03Z</time>
        <hdop>10.7</hdop>
        <extensions>
          <osmand:speed>1.1</osmand:speed>
        </extensions>
      </trkpt>
      <trkpt lat="46.8796254" lon="10.1114662">
        <ele>2415.1</ele>
        <time>2026-09-21T10:32:09Z</time>
        <hdop>9.7</hdop>
        <extensions>
          <osmand:speed>1.2</osmand:speed>
        </extensions>
      </trkpt>
      <trkpt lat="46.8796703" lon="10.1114315">
        <ele>2414.1</ele>
        <time>2026-09-21T10:32:15Z</time>
        <hdop>6.6</hdop>
        <extensions>
          <osmand:speed>1.2</osmand:speed>
        </extensions>
      </trkpt>
      <trkpt lat="46.8797251" lon="10.1113882">
        <ele>2413.1</ele>
        <time>2026-09-21T10:32:21Z</time>
        <hdop>6.6</hdop>
        <extensions>
          <osmand:speed>1.1</osmand:speed>
        </extensions>
      </trkpt>
      <trkpt lat="46.8797864" lon="10.111406">
        <ele>2413.1</ele>
        <time>2026-09-21T10:32:27Z</time>
        <hdop>9.2</hdop>
        <extensions>
          <osmand:speed>1.7</osmand:speed>
        </extensions>
      </trkpt>
      <trkpt lat="46.8798611" lon="10.1113751">
        <ele>2413.1</ele>
        <time>2026-09-21T10:32:33Z</time>
        <hdop>7.1</hdop>
        <extensions>
          <osmand:speed>1.3</osmand:speed>
        </extensions>
      </trkpt>
      <trkpt lat="46.8799155" lon="10.1113377">
        <ele>2412.1</ele>
        <time>2026-09-21T10:32:39Z</time>
        <hdop>10.2</hdop>
        <extensions>
          <osmand:speed>1.1</osmand:speed>
        </extensions>
      </trkpt>
      <trkpt lat="46.879989" lon="10.1113237">
        <ele>2412.1</ele>
        <time>2026-09-21T10:32:45Z</time>
        <hdop>9.7</hdop>
        <extensions>
          <osmand:speed>1.2</osmand:speed>
        </extensions>
      </trkpt>
      <trkpt lat="46.8800492" lon="10.1112579">
        <ele>2411.1</ele>
        <time>2026-09-21T10:32:51Z</time>
        <hdop>9.7</hdop>
        <extensions>
          <osmand:speed>1.5</osmand:speed>
        </extensions>
      </trkpt>
      <trkpt lat="46.8801051" lon="10.1112018">
        <ele>2411.1</ele>
        <time>2026-09-21T10:32:57Z</time>
        <hdop>8.7</hdop>
        <extensions>
          <osmand:speed>1</osmand:speed>
        </extensions>
      </trkpt>
      <trkpt lat="46.8801653" lon="10.1111784">
        <ele>2411.1</ele>
        <time>2026-09-21T10:33:03Z</time>
        <hdop>9.2</hdop>
        <extensions>
          <osmand:speed>1.2</osmand:speed>
        </extensions>
      </trkpt>
      <trkpt lat="46.8802144" lon="10.1111574">
        <ele>2410.1</ele>
        <time>2026-09-21T10:33:09Z</time>
        <hdop>7.7</hdop>
        <extensions>
          <osmand:speed>0.9</osmand:speed>
        </extensions>
      </trkpt>
      <trkpt lat="46.8802437" lon="10.1111235">
        <ele>2410.1</ele>
        <time>2026-09-21T10:33:15Z</time>
        <hdop>6.1</hdop>
      </trkpt>
      <trkpt lat="46.8802603" lon="10.1111082">
        <ele>2410.1</ele>
        <time>2026-09-21T10:33:24Z</time>
        <hdop>9.2</hdop>
        <extensions>
          <osmand:speed>1.3</osmand:speed>
        </extensions>
      </trkpt>
      <trkpt lat="46.8803027" lon="10.1110873">
        <ele>2409.1</ele>
        <time>2026-09-21T10:33:30Z</time>
        <hdop>8.2</hdop>
        <extensions>
          <osmand:speed>1.1</osmand:speed>
        </extensions>
      </trkpt>
      <trkpt lat="46.8803562" lon="10.1110664">
        <ele>2408.1</ele>
        <time>2026-09-21T10:33:36Z</time>
        <hdop>6.1</hdop>
        <extensions>
          <osmand:speed>1.1</osmand:speed>
        </extensions>
      </trkpt>
      <trkpt lat="46.8804099" lon="10.1110423">
        <ele>2407.1</ele>
        <time>2026-09-21T10:33:42Z</time>
        <hdop>7.7</hdop>
        <extensions>
          <osmand:speed>0.9</osmand:speed>
        </extensions>
      </trkpt>
      <trkpt lat="46.8804433" lon="10.1110313">
        <ele>2407.1</ele>
        <time>2026-09-21T10:33:48Z</time>
        <hdop>8.2</hdop>
        <extensions>
          <osmand:speed>0.7</osmand:speed>
        </extensions>
      </trkpt>
      <trkpt lat="46.8805048" lon="10.1109999">
        <ele>2406.1</ele>
        <time>2026-09-21T10:33:54Z</time>
        <hdop>7.7</hdop>
        <extensions>
          <osmand:speed>1.6</osmand:speed>
        </extensions>
      </trkpt>
      <trkpt lat="46.8805727" lon="10.1109861">
        <ele>2405.1</ele>
        <time>2026-09-21T10:34:00Z</time>
        <hdop>8.2</hdop>
        <extensions>
          <osmand:speed>1.1</osmand:speed>
        </extensions>
      </trkpt>
      <trkpt lat="46.8806331" lon="10.1109295">
        <ele>2404.1</ele>
        <time>2026-09-21T10:34:06Z</time>
        <hdop>9.2</hdop>
        <extensions>
          <osmand:speed>1</osmand:speed>
        </extensions>
      </trkpt>
      <trkpt lat="46.8806979" lon="10.1109285">
        <ele>2404.1</ele>
        <time>2026-09-21T10:34:12Z</time>
        <hdop>8.2</hdop>
        <extensions>
          <osmand:speed>0.8</osmand:speed>
        </extensions>
      </trkpt>
      <trkpt lat="46.8807414" lon="10.1108911">
        <ele>2402.1</ele>
        <time>2026-09-21T10:34:18Z</time>
        <hdop>7.7</hdop>
        <extensions>
          <osmand:speed>1.2</osmand:speed>
        </extensions>
      </trkpt>
      <trkpt lat="46.8808121" lon="10.1108579">
        <ele>2401.1</ele>
        <time>2026-09-21T10:34:24Z</time>
        <hdop>9.2</hdop>
        <extensions>
          <osmand:speed>1.4</osmand:speed>
        </extensions>
      </trkpt>
      <trkpt lat="46.8808606" lon="10.1108326">
        <ele>2401.1</ele>
        <time>2026-09-21T10:34:30Z</time>
        <hdop>9.7</hdop>
        <extensions>
          <osmand:speed>1</osmand:speed>
        </extensions>
      </trkpt>
      <trkpt lat="46.8809108" lon="10.1107607">
        <ele>2400.1</ele>
        <time>2026-09-21T10:34:36Z</time>
        <hdop>9.2</hdop>
        <extensions>
          <osmand:speed>1.3</osmand:speed>
        </extensions>
      </trkpt>
      <trkpt lat="46.8809696" lon="10.1107268">
        <ele>2399.1</ele>
        <time>2026-09-21T10:34:42Z</time>
        <hdop>8.2</hdop>
        <extensions>
          <osmand:speed>1</osmand:speed>
        </extensions>
      </trkpt>
      <trkpt lat="46.8810281" lon="10.110709">
        <ele>2398.1</ele>
        <time>2026-09-21T10:34:48Z</time>
        <hdop>8.2</hdop>
        <extensions>
          <osmand:speed>1.1</osmand:speed>
        </extensions>
      </trkpt>
      <trkpt lat="46.8810786" lon="10.1106371">
        <ele>2397.1</ele>
        <time>2026-09-21T10:34:54Z</time>
        <hdop>8.2</hdop>
        <extensions>
          <osmand:speed>1.3</osmand:speed>
        </extensions>
      </trkpt>
      <trkpt lat="46.8811266" lon="10.1106126">
        <ele>2397.1</ele>
        <time>2026-09-21T10:35:00Z</time>
        <hdop>8.2</hdop>
        <extensions>
          <osmand:speed>1.2</osmand:speed>
        </extensions>
      </trkpt>
      <trkpt lat="46.8811828" lon="10.1105435">
        <ele>2395.1</ele>
        <time>2026-09-21T10:35:06Z</time>
        <hdop>8.2</hdop>
        <extensions>
          <osmand:speed>1.6</osmand:speed>
        </extensions>
      </trkpt>
      <trkpt lat="46.8812206" lon="10.1104947">
        <ele>2392.1</ele>
        <time>2026-09-21T10:35:12Z</time>
        <hdop>9.7</hdop>
        <extensions>
          <osmand:speed>0.9</osmand:speed>
        </extensions>
      </trkpt>
      <trkpt lat="46.8812659" lon="10.1104884">
        <ele>2391.1</ele>
        <time>2026-09-21T10:35:18Z</time>
        <hdop>7.7</hdop>
        <extensions>
          <osmand:speed>0.9</osmand:speed>
        </extensions>
      </trkpt>
      <trkpt lat="46.8813221" lon="10.1104152">
        <ele>2392.1</ele>
        <time>2026-09-21T10:35:24Z</time>
        <hdop>9.2</hdop>
        <extensions>
          <osmand:speed>1</osmand:speed>
        </extensions>
      </trkpt>
      <trkpt lat="46.8813787" lon="10.1103752">
        <ele>2391.1</ele>
        <time>2026-09-21T10:35:30Z</time>
        <hdop>8.2</hdop>
        <extensions>
          <osmand:speed>1</osmand:speed>
        </extensions>
      </trkpt>
      <trkpt lat="46.8814298" lon="10.1103005">
        <ele>2389.1</ele>
        <time>2026-09-21T10:35:36Z</time>
        <hdop>9.2</hdop>
        <extensions>
          <osmand:speed>1.6</osmand:speed>
        </extensions>
      </trkpt>
      <trkpt lat="46.8814796" lon="10.1102602">
        <ele>2388.1</ele>
        <time>2026-09-21T10:35:42Z</time>
        <hdop>10.2</hdop>
        <extensions>
          <osmand:speed>1.5</osmand:speed>
        </extensions>
      </trkpt>
      <trkpt lat="46.8815532" lon="10.1102462">
        <ele>2388.1</ele>
        <time>2026-09-21T10:35:48Z</time>
        <hdop>6.6</hdop>
        <extensions>
          <osmand:speed>1.2</osmand:speed>
        </extensions>
      </trkpt>
      <trkpt lat="46.8816042" lon="10.1102006">
        <ele>2387.1</ele>
        <time>2026-09-21T10:35:54Z</time>
        <hdop>6.6</hdop>
        <extensions>
          <osmand:speed>1</osmand:speed>
        </extensions>
      </trkpt>
      <trkpt lat="46.8816306" lon="10.110147">
        <ele>2387.1</ele>
        <time>2026-09-21T10:36:00Z</time>
        <hdop>7.7</hdop>
        <extensions>
          <osmand:speed>1.1</osmand:speed>
        </extensions>
      </trkpt>
      <trkpt lat="46.8816836" lon="10.1101172">
        <ele>2386.1</ele>
        <time>2026-09-21T10:36:06Z</time>
        <hdop>8.2</hdop>
        <extensions>
          <osmand:speed>1.3</osmand:speed>
        </extensions>
      </trkpt>
      <trkpt lat="46.8817204" lon="10.1101628">
        <ele>2386.1</ele>
        <time>2026-09-21T10:36:12Z</time>
        <hdop>9.2</hdop>
        <extensions>
          <osmand:speed>1</osmand:speed>
        </extensions>
      </trkpt>
      <trkpt lat="46.8817504" lon="10.1101532">
        <ele>2384.1</ele>
        <time>2026-09-21T10:36:18Z</time>
        <hdop>6.1</hdop>
        <extensions>
          <osmand:speed>0.9</osmand:speed>
        </extensions>
      </trkpt>
      <trkpt lat="46.8817759" lon="10.1100882">
        <ele>2383.1</ele>
        <time>2026-09-21T10:36:24Z</time>
        <hdop>5.6</hdop>
        <extensions>
          <osmand:speed>1</osmand:speed>
        </extensions>
      </trkpt>
      <trkpt lat="46.8818337" lon="10.1100989">
        <ele>2382.1</ele>
        <time>2026-09-21T10:36:30Z</time>
        <hdop>5.6</hdop>
        <extensions>
          <osmand:speed>1.2</osmand:speed>
        </extensions>
      </trkpt>
      <trkpt lat="46.8818833" lon="10.1100639">
        <ele>2382.1</ele>
        <time>2026-09-21T10:36:36Z</time>
        <hdop>6.1</hdop>
        <extensions>
          <osmand:speed>0.8</osmand:speed>
        </extensions>
      </trkpt>
      <trkpt lat="46.881934" lon="10.1100354">
        <ele>2381.1</ele>
        <time>2026-09-21T10:36:42Z</time>
        <hdop>5.1</hdop>
        <extensions>
          <osmand:speed>1</osmand:speed>
        </extensions>
      </trkpt>
      <trkpt lat="46.8819714" lon="10.1100404">
        <ele>2380.1</ele>
        <time>2026-09-21T10:36:48Z</time>
        <hdop>7.1</hdop>
        <extensions>
          <osmand:speed>1</osmand:speed>
        </extensions>
      </trkpt>
      <trkpt lat="46.8820104" lon="10.1100556">
        <ele>2379.1</ele>
        <time>2026-09-21T10:36:54Z</time>
        <hdop>6.1</hdop>
        <extensions>
          <osmand:speed>1.4</osmand:speed>
        </extensions>
      </trkpt>
      <trkpt lat="46.8820668" lon="10.1100873">
        <ele>2378.1</ele>
        <time>2026-09-21T10:37:00Z</time>
        <hdop>6.1</hdop>
        <extensions>
          <osmand:speed>1.1</osmand:speed>
        </extensions>
      </trkpt>
      <trkpt lat="46.8821103" lon="10.110108">
        <ele>2378.1</ele>
        <time>2026-09-21T10:37:06Z</time>
        <hdop>7.7</hdop>
        <extensions>
          <osmand:speed>1.1</osmand:speed>
        </extensions>
      </trkpt>
      <trkpt lat="46.8821594" lon="10.1101152">
        <ele>2377.1</ele>
        <time>2026-09-21T10:37:12Z</time>
        <hdop>5.6</hdop>
        <extensions>
          <osmand:speed>1</osmand:speed>
        </extensions>
      </trkpt>
      <trkpt lat="46.8821936" lon="10.1100808">
        <ele>2376.1</ele>
        <time>2026-09-21T10:37:18Z</time>
        <hdop>5.6</hdop>
        <extensions>
          <osmand:speed>0.6</osmand:speed>
        </extensions>
      </trkpt>
      <trkpt lat="46.882241" lon="10.1100727">
        <ele>2373.1</ele>
        <time>2026-09-21T10:37:24Z</time>
        <hdop>5.1</hdop>
        <extensions>
          <osmand:speed>1.3</osmand:speed>
        </extensions>
      </trkpt>
      <trkpt lat="46.8822647" lon="10.1100086">
        <ele>2371.1</ele>
        <time>2026-09-21T10:37:30Z</time>
        <hdop>7.7</hdop>
        <extensions>
          <osmand:speed>1.2</osmand:speed>
        </extensions>
      </trkpt>
      <trkpt lat="46.8822929" lon="10.1099711">
        <ele>2370.1</ele>
        <time>2026-09-21T10:37:36Z</time>
        <hdop>5.6</hdop>
        <extensions>
          <osmand:speed>0.6</osmand:speed>
        </extensions>
      </trkpt>
      <trkpt lat="46.8823199" lon="10.1099321">
        <ele>2369.1</ele>
        <time>2026-09-21T10:37:42Z</time>
        <hdop>5.6</hdop>
      </trkpt>
      <trkpt lat="46.8823364" lon="10.1099136">
        <ele>2368.1</ele>
        <time>2026-09-21T10:37:48Z</time>
        <hdop>6.1</hdop>
        <extensions>
          <osmand:speed>0.8</osmand:speed>
        </extensions>
      </trkpt>
      <trkpt lat="46.882374" lon="10.109893">
        <ele>2366.1</ele>
        <time>2026-09-21T10:37:54Z</time>
        <hdop>7.1</hdop>
        <extensions>
          <osmand:speed>0.6</osmand:speed>
        </extensions>
      </trkpt>
      <trkpt lat="46.8824185" lon="10.1098653">
        <ele>2366.1</ele>
        <time>2026-09-21T10:38:00Z</time>
        <hdop>7.1</hdop>
        <extensions>
          <osmand:speed>0.7</osmand:speed>
        </extensions>
      </trkpt>
      <trkpt lat="46.8824439" lon="10.1099249">
        <ele>2365.1</ele>
        <time>2026-09-21T10:38:06Z</time>
        <hdop>8.7</hdop>
        <extensions>
          <osmand:speed>0.8</osmand:speed>
        </extensions>
      </trkpt>
      <trkpt lat="46.8824985" lon="10.1099655">
        <ele>2365.1</ele>
        <time>2026-09-21T10:38:12Z</time>
        <hdop>7.1</hdop>
        <extensions>
          <osmand:speed>0.5</osmand:speed>
        </extensions>
      </trkpt>
      <trkpt lat="46.882553" lon="10.1099807">
        <ele>2363.1</ele>
        <time>2026-09-21T10:38:18Z</time>
        <hdop>10.2</hdop>
        <extensions>
          <osmand:speed>0.9</osmand:speed>
        </extensions>
      </trkpt>
      <trkpt lat="46.8826049" lon="10.1099955">
        <ele>2362.1</ele>
        <time>2026-09-21T10:38:24Z</time>
        <hdop>8.2</hdop>
        <extensions>
          <osmand:speed>1.1</osmand:speed>
        </extensions>
      </trkpt>
      <trkpt lat="46.8826619" lon="10.1099887">
        <ele>2360.1</ele>
        <time>2026-09-21T10:38:30Z</time>
        <hdop>7.1</hdop>
        <extensions>
          <osmand:speed>1</osmand:speed>
        </extensions>
      </trkpt>
      <trkpt lat="46.8827239" lon="10.1099764">
        <ele>2360.1</ele>
        <time>2026-09-21T10:38:36Z</time>
        <hdop>8.7</hdop>
        <extensions>
          <osmand:speed>0.9</osmand:speed>
        </extensions>
      </trkpt>
      <trkpt lat="46.8827717" lon="10.1099573">
        <ele>2358.1</ele>
        <time>2026-09-21T10:38:42Z</time>
        <hdop>8.7</hdop>
        <extensions>
          <osmand:speed>1</osmand:speed>
        </extensions>
      </trkpt>
      <trkpt lat="46.8828305" lon="10.1099208">
        <ele>2356.1</ele>
        <time>2026-09-21T10:38:48Z</time>
        <hdop>7.7</hdop>
        <extensions>
          <osmand:speed>1.5</osmand:speed>
        </extensions>
      </trkpt>
      <trkpt lat="46.882883" lon="10.1099069">
        <ele>2355.1</ele>
        <time>2026-09-21T10:38:54Z</time>
        <hdop>7.7</hdop>
        <extensions>
          <osmand:speed>1</osmand:speed>
        </extensions>
      </trkpt>
      <trkpt lat="46.8829547" lon="10.1099595">
        <ele>2354.1</ele>
        <time>2026-09-21T10:39:00Z</time>
        <hdop>7.1</hdop>
        <extensions>
          <osmand:speed>0.8</osmand:speed>
        </extensions>
      </trkpt>
      <trkpt lat="46.8830243" lon="10.1099739">
        <ele>2353.1</ele>
        <time>2026-09-21T10:39:06Z</time>
        <hdop>9.2</hdop>
        <extensions>
          <osmand:speed>1.1</osmand:speed>
        </extensions>
      </trkpt>
      <trkpt lat="46.8830787" lon="10.1100095">
        <ele>2352.1</ele>
        <time>2026-09-21T10:39:12Z</time>
        <hdop>9.2</hdop>
        <extensions>
          <osmand:speed>0.6</osmand:speed>
        </extensions>
      </trkpt>
      <trkpt lat="46.8831088" lon="10.1100732">
        <ele>2351.1</ele>
        <time>2026-09-21T10:39:18Z</time>
        <hdop>11.2</hdop>
        <extensions>
          <osmand:speed>1.2</osmand:speed>
        </extensions>
      </trkpt>
      <trkpt lat="46.8830902" lon="10.1101537">
        <ele>2352.1</ele>
        <time>2026-09-21T10:39:24Z</time>
        <hdop>10.7</hdop>
        <extensions>
          <osmand:speed>1.6</osmand:speed>
        </extensions>
      </trkpt>
      <trkpt lat="46.8830564" lon="10.1101851">
        <ele>2352.1</ele>
        <time>2026-09-21T10:39:30Z</time>
        <hdop>10.2</hdop>
        <extensions>
          <osmand:speed>0.7</osmand:speed>
        </extensions>
      </trkpt>
      <trkpt lat="46.8830856" lon="10.1102209">
        <ele>2352.1</ele>
        <time>2026-09-21T10:39:36Z</time>
        <hdop>7.1</hdop>
        <extensions>
          <osmand:speed>0.7</osmand:speed>
        </extensions>
      </trkpt>
      <trkpt lat="46.8831053" lon="10.1102353">
        <ele>2352.1</ele>
        <time>2026-09-21T10:39:42Z</time>
        <hdop>9.2</hdop>
        <extensions>
          <osmand:speed>0.7</osmand:speed>
        </extensions>
      </trkpt>
      <trkpt lat="46.8831287" lon="10.1102733">
        <ele>2352.1</ele>
        <time>2026-09-21T10:39:48Z</time>
        <hdop>9.7</hdop>
        <extensions>
          <osmand:speed>0.8</osmand:speed>
        </extensions>
      </trkpt>
      <trkpt lat="46.8831469" lon="10.1102628">
        <ele>2352.1</ele>
        <time>2026-09-21T10:39:54Z</time>
        <hdop>8.7</hdop>
        <extensions>
          <osmand:speed>0.8</osmand:speed>
        </extensions>
      </trkpt>
      <trkpt lat="46.8831668" lon="10.1102514">
        <ele>2351.1</ele>
        <time>2026-09-21T10:40:00Z</time>
        <hdop>10.2</hdop>
        <extensions>
          <osmand:speed>0.5</osmand:speed>
        </extensions>
      </trkpt>
      <trkpt lat="46.8831979" lon="10.110248">
        <ele>2350.1</ele>
        <time>2026-09-21T10:40:06Z</time>
        <hdop>10.7</hdop>
        <extensions>
          <osmand:speed>0.2</osmand:speed>
        </extensions>
      </trkpt>
      <trkpt lat="46.883222" lon="10.1102177">
        <ele>2349.1</ele>
        <time>2026-09-21T10:40:12Z</time>
        <hdop>8.7</hdop>
        <extensions>
          <osmand:speed>0.6</osmand:speed>
        </extensions>
      </trkpt>
      <trkpt lat="46.8832302" lon="10.1101918">
        <ele>2348.1</ele>
        <time>2026-09-21T10:40:19Z</time>
        <hdop>9.2</hdop>
        <extensions>
          <osmand:speed>0.3</osmand:speed>
        </extensions>
      </trkpt>
      <trkpt lat="46.8832831" lon="10.1101293">
        <ele>2348.1</ele>
        <time>2026-09-21T10:40:25Z</time>
        <hdop>10.2</hdop>
        <extensions>
          <osmand:speed>1.3</osmand:speed>
        </extensions>
      </trkpt>
      <trkpt lat="46.8833362" lon="10.1100923">
        <ele>2348.1</ele>
        <time>2026-09-21T10:40:31Z</time>
        <hdop>10.2</hdop>
        <extensions>
          <osmand:speed>1.1</osmand:speed>
        </extensions>
      </trkpt>
      <trkpt lat="46.8833629" lon="10.1100303">
        <ele>2346.1</ele>
        <time>2026-09-21T10:40:37Z</time>
        <hdop>7.7</hdop>
        <extensions>
          <osmand:speed>0.9</osmand:speed>
        </extensions>
      </trkpt>
      <trkpt lat="46.8833943" lon="10.1100099">
        <ele>2345.1</ele>
        <time>2026-09-21T10:40:43Z</time>
        <hdop>9.7</hdop>
        <extensions>
          <osmand:speed>0.8</osmand:speed>
        </extensions>
      </trkpt>
      <trkpt lat="46.8834016" lon="10.1099789">
        <ele>2344.1</ele>
        <time>2026-09-21T10:40:51Z</time>
        <hdop>7.1</hdop>
        <extensions>
          <osmand:speed>1.1</osmand:speed>
        </extensions>
      </trkpt>
      <trkpt lat="46.8834231" lon="10.1098971">
        <ele>2342.1</ele>
        <time>2026-09-21T10:40:57Z</time>
        <hdop>9.2</hdop>
        <extensions>
          <osmand:speed>0.8</osmand:speed>
        </extensions>
      </trkpt>
      <trkpt lat="46.8834504" lon="10.1098945">
        <ele>2342.1</ele>
        <time>2026-09-21T10:41:03Z</time>
        <hdop>7.7</hdop>
        <extensions>
          <osmand:speed>0.9</osmand:speed>
        </extensions>
      </trkpt>
      <trkpt lat="46.8834703" lon="10.1098533">
        <ele>2341.1</ele>
        <time>2026-09-21T10:41:09Z</time>
        <hdop>8.7</hdop>
        <extensions>
          <osmand:speed>0.4</osmand:speed>
        </extensions>
      </trkpt>
      <trkpt lat="46.8834817" lon="10.1098289">
        <ele>2341.1</ele>
        <time>2026-09-21T10:41:35Z</time>
        <hdop>7.1</hdop>
        <extensions>
          <osmand:speed>0.9</osmand:speed>
        </extensions>
      </trkpt>
      <trkpt lat="46.8835361" lon="10.1097839">
        <ele>2340.1</ele>
        <time>2026-09-21T10:41:41Z</time>
        <hdop>8.7</hdop>
        <extensions>
          <osmand:speed>1.3</osmand:speed>
        </extensions>
      </trkpt>
      <trkpt lat="46.8835299" lon="10.1097136">
        <ele>2340.1</ele>
        <time>2026-09-21T10:41:47Z</time>
        <hdop>7.7</hdop>
        <extensions>
          <osmand:speed>0.9</osmand:speed>
        </extensions>
      </trkpt>
      <trkpt lat="46.8835592" lon="10.1096253">
        <ele>2338.1</ele>
        <time>2026-09-21T10:41:53Z</time>
        <hdop>7.1</hdop>
        <extensions>
          <osmand:speed>0.8</osmand:speed>
        </extensions>
      </trkpt>
      <trkpt lat="46.8835643" lon="10.1095552">
        <ele>2338.1</ele>
        <time>2026-09-21T10:41:59Z</time>
        <hdop>9.2</hdop>
        <extensions>
          <osmand:speed>0.7</osmand:speed>
        </extensions>
      </trkpt>
      <trkpt lat="46.8835976" lon="10.1094685">
        <ele>2337.1</ele>
        <time>2026-09-21T10:42:05Z</time>
        <hdop>7.7</hdop>
        <extensions>
          <osmand:speed>1.1</osmand:speed>
        </extensions>
      </trkpt>
      <trkpt lat="46.8836441" lon="10.1093912">
        <ele>2336.1</ele>
        <time>2026-09-21T10:42:11Z</time>
        <hdop>9.2</hdop>
        <extensions>
          <osmand:speed>1.1</osmand:speed>
        </extensions>
      </trkpt>
      <trkpt lat="46.883697" lon="10.1093003">
        <ele>2337.1</ele>
        <time>2026-09-21T10:42:17Z</time>
        <hdop>7.1</hdop>
        <extensions>
          <osmand:speed>1.5</osmand:speed>
        </extensions>
      </trkpt>
      <trkpt lat="46.8837223" lon="10.1092522">
        <ele>2337.1</ele>
        <time>2026-09-21T10:42:23Z</time>
        <hdop>11.2</hdop>
        <extensions>
          <osmand:speed>1</osmand:speed>
        </extensions>
      </trkpt>
      <trkpt lat="46.8837488" lon="10.1091553">
        <ele>2336.1</ele>
        <time>2026-09-21T10:42:29Z</time>
        <hdop>10.2</hdop>
        <extensions>
          <osmand:speed>1.3</osmand:speed>
        </extensions>
      </trkpt>
      <trkpt lat="46.8837721" lon="10.1090826">
        <ele>2334.1</ele>
        <time>2026-09-21T10:42:35Z</time>
        <hdop>9.7</hdop>
        <extensions>
          <osmand:speed>0.6</osmand:speed>
        </extensions>
      </trkpt>
      <trkpt lat="46.8837765" lon="10.1090496">
        <ele>2333.1</ele>
        <time>2026-09-21T10:42:48Z</time>
        <hdop>6.6</hdop>
        <extensions>
          <osmand:speed>0.8</osmand:speed>
        </extensions>
      </trkpt>
      <trkpt lat="46.8838232" lon="10.1089775">
        <ele>2333.1</ele>
        <time>2026-09-21T10:42:54Z</time>
        <hdop>6.6</hdop>
        <extensions>
          <osmand:speed>1.1</osmand:speed>
        </extensions>
      </trkpt>
      <trkpt lat="46.8838627" lon="10.1088975">
        <ele>2334.1</ele>
        <time>2026-09-21T10:43:00Z</time>
        <hdop>9.2</hdop>
        <extensions>
          <osmand:speed>1.7</osmand:speed>
        </extensions>
      </trkpt>
      <trkpt lat="46.8839039" lon="10.1088425">
        <ele>2334.1</ele>
        <time>2026-09-21T10:43:06Z</time>
        <hdop>9.2</hdop>
        <extensions>
          <osmand:speed>0.8</osmand:speed>
        </extensions>
      </trkpt>
      <trkpt lat="46.8839283" lon="10.1087905">
        <ele>2334.1</ele>
        <time>2026-09-21T10:43:12Z</time>
        <hdop>9.2</hdop>
        <extensions>
          <osmand:speed>1</osmand:speed>
        </extensions>
      </trkpt>
      <trkpt lat="46.8839752" lon="10.1087273">
        <ele>2333.1</ele>
        <time>2026-09-21T10:43:18Z</time>
        <hdop>9.7</hdop>
        <extensions>
          <osmand:speed>0.6</osmand:speed>
        </extensions>
      </trkpt>
      <trkpt lat="46.8839347" lon="10.1086803">
        <ele>2333.1</ele>
        <time>2026-09-21T10:43:24Z</time>
        <hdop>10.2</hdop>
        <extensions>
          <osmand:speed>1</osmand:speed>
        </extensions>
      </trkpt>
      <trkpt lat="46.8839257" lon="10.108656">
        <ele>2332.1</ele>
        <time>2026-09-21T10:43:30Z</time>
        <hdop>9.2</hdop>
        <extensions>
          <osmand:speed>0.1</osmand:speed>
        </extensions>
      </trkpt>
      <trkpt lat="46.8839454" lon="10.1086629">
        <ele>2333.1</ele>
        <time>2026-09-21T10:43:38Z</time>
        <hdop>10.7</hdop>
        <extensions>
          <osmand:speed>0.5</osmand:speed>
        </extensions>
      </trkpt>
      <trkpt lat="46.8840037" lon="10.1086668">
        <ele>2333.1</ele>
        <time>2026-09-21T10:43:44Z</time>
        <hdop>7.7</hdop>
        <extensions>
          <osmand:speed>0.7</osmand:speed>
        </extensions>
      </trkpt>
      <trkpt lat="46.8840223" lon="10.1086149">
        <ele>2332.1</ele>
        <time>2026-09-21T10:43:50Z</time>
        <hdop>8.2</hdop>
        <extensions>
          <osmand:speed>1.2</osmand:speed>
        </extensions>
      </trkpt>
      <trkpt lat="46.8840733" lon="10.1085703">
        <ele>2331.1</ele>
        <time>2026-09-21T10:43:56Z</time>
        <hdop>9.2</hdop>
        <extensions>
          <osmand:speed>1</osmand:speed>
        </extensions>
      </trkpt>
      <trkpt lat="46.8841295" lon="10.1085149">
        <ele>2331.1</ele>
        <time>2026-09-21T10:44:02Z</time>
        <hdop>9.2</hdop>
        <extensions>
          <osmand:speed>1.1</osmand:speed>
        </extensions>
      </trkpt>
      <trkpt lat="46.884192" lon="10.1084798">
        <ele>2332.1</ele>
        <time>2026-09-21T10:44:08Z</time>
        <hdop>6.6</hdop>
        <extensions>
          <osmand:speed>1.8</osmand:speed>
        </extensions>
      </trkpt>
      <trkpt lat="46.8842414" lon="10.1084435">
        <ele>2332.1</ele>
        <time>2026-09-21T10:44:14Z</time>
        <hdop>7.1</hdop>
        <extensions>
          <osmand:speed>0.9</osmand:speed>
        </extensions>
      </trkpt>
      <trkpt lat="46.8842821" lon="10.1083864">
        <ele>2332.1</ele>
        <time>2026-09-21T10:44:20Z</time>
        <hdop>9.2</hdop>
        <extensions>
          <osmand:speed>1.4</osmand:speed>
        </extensions>
      </trkpt>
      <trkpt lat="46.8843335" lon="10.1083548">
        <ele>2331.1</ele>
        <time>2026-09-21T10:44:26Z</time>
        <hdop>8.7</hdop>
        <extensions>
          <osmand:speed>1.3</osmand:speed>
        </extensions>
      </trkpt>
      <trkpt lat="46.8843867" lon="10.1083401">
        <ele>2331.1</ele>
        <time>2026-09-21T10:44:32Z</time>
        <hdop>11.2</hdop>
        <extensions>
          <osmand:speed>1</osmand:speed>
        </extensions>
      </trkpt>
      <trkpt lat="46.8844211" lon="10.1083008">
        <ele>2331.1</ele>
        <time>2026-09-21T10:44:38Z</time>
        <hdop>9.7</hdop>
        <extensions>
          <osmand:speed>0.9</osmand:speed>
        </extensions>
      </trkpt>
      <trkpt lat="46.8844518" lon="10.1083212">
        <ele>2331.1</ele>
        <time>2026-09-21T10:44:44Z</time>
        <hdop>9.7</hdop>
        <extensions>
          <osmand:speed>1.5</osmand:speed>
        </extensions>
      </trkpt>
      <trkpt lat="46.8844634" lon="10.1083579">
        <ele>2331.1</ele>
        <time>2026-09-21T10:44:50Z</time>
        <hdop>10.2</hdop>
        <extensions>
          <osmand:speed>0.4</osmand:speed>
        </extensions>
      </trkpt>
      <trkpt lat="46.8844768" lon="10.1083393">
        <ele>2332.1</ele>
        <time>2026-09-21T10:44:56Z</time>
        <hdop>12.8</hdop>
        <extensions>
          <osmand:speed>0.1</osmand:speed>
        </extensions>
      </trkpt>
      <trkpt lat="46.8844805" lon="10.1083133">
        <ele>2333.1</ele>
        <time>2026-09-21T10:46:00Z</time>
        <hdop>6.1</hdop>
      </trkpt>
      <trkpt lat="46.8844732" lon="10.1082835">
        <ele>2335.1</ele>
        <time>2026-09-21T10:55:39Z</time>
        <hdop>6.6</hdop>
        <extensions>
          <osmand:speed>0.1</osmand:speed>
        </extensions>
      </trkpt>
      <trkpt lat="46.8844504" lon="10.1082908">
        <ele>2334.1</ele>
        <time>2026-09-21T10:55:52Z</time>
        <hdop>10.2</hdop>
        <extensions>
          <osmand:speed>0.4</osmand:speed>
        </extensions>
      </trkpt>
      <trkpt lat="46.8844339" lon="10.1082688">
        <ele>2334.1</ele>
        <time>2026-09-21T10:55:58Z</time>
        <hdop>8.2</hdop>
        <extensions>
          <osmand:speed>0.8</osmand:speed>
        </extensions>
      </trkpt>
      <trkpt lat="46.884468" lon="10.1082418">
        <ele>2333.1</ele>
        <time>2026-09-21T10:56:04Z</time>
        <hdop>9.7</hdop>
        <extensions>
          <osmand:speed>0.5</osmand:speed>
        </extensions>
      </trkpt>
      <trkpt lat="46.8845322" lon="10.1082242">
        <ele>2332.1</ele>
        <time>2026-09-21T10:56:10Z</time>
        <hdop>9.7</hdop>
        <extensions>
          <osmand:speed>1.2</osmand:speed>
        </extensions>
      </trkpt>
      <trkpt lat="46.8845974" lon="10.1081545">
        <ele>2332.1</ele>
        <time>2026-09-21T10:56:16Z</time>
        <hdop>10.2</hdop>
        <extensions>
          <osmand:speed>1.3</osmand:speed>
        </extensions>
      </trkpt>
      <trkpt lat="46.8846778" lon="10.1081012">
        <ele>2332.1</ele>
        <time>2026-09-21T10:56:22Z</time>
        <hdop>10.7</hdop>
        <extensions>
          <osmand:speed>1.2</osmand:speed>
        </extensions>
      </trkpt>
      <trkpt lat="46.8846982" lon="10.1080255">
        <ele>2332.1</ele>
        <time>2026-09-21T10:56:28Z</time>
        <hdop>10.7</hdop>
        <extensions>
          <osmand:speed>0.8</osmand:speed>
        </extensions>
      </trkpt>
      <trkpt lat="46.8847542" lon="10.1079736">
        <ele>2331.1</ele>
        <time>2026-09-21T10:56:34Z</time>
        <hdop>9.2</hdop>
        <extensions>
          <osmand:speed>1</osmand:speed>
        </extensions>
      </trkpt>
      <trkpt lat="46.8848118" lon="10.1079121">
        <ele>2331.1</ele>
        <time>2026-09-21T10:56:40Z</time>
        <hdop>9.2</hdop>
        <extensions>
          <osmand:speed>0.9</osmand:speed>
        </extensions>
      </trkpt>
      <trkpt lat="46.8848278" lon="10.1078577">
        <ele>2329.1</ele>
        <time>2026-09-21T10:56:46Z</time>
        <hdop>10.2</hdop>
        <extensions>
          <osmand:speed>1.4</osmand:speed>
        </extensions>
      </trkpt>
      <trkpt lat="46.8848583" lon="10.10779">
        <ele>2328.1</ele>
        <time>2026-09-21T10:56:52Z</time>
        <hdop>8.2</hdop>
        <extensions>
          <osmand:speed>0.9</osmand:speed>
        </extensions>
      </trkpt>
      <trkpt lat="46.88487" lon="10.1077174">
        <ele>2327.1</ele>
        <time>2026-09-21T10:56:58Z</time>
        <hdop>9.2</hdop>
        <extensions>
          <osmand:speed>0.4</osmand:speed>
        </extensions>
      </trkpt>
      <trkpt lat="46.8848951" lon="10.1076899">
        <ele>2326.1</ele>
        <time>2026-09-21T10:57:04Z</time>
        <hdop>10.2</hdop>
        <extensions>
          <osmand:speed>0.6</osmand:speed>
        </extensions>
      </trkpt>
      <trkpt lat="46.8849485" lon="10.1076249">
        <ele>2326.1</ele>
        <time>2026-09-21T10:57:10Z</time>
        <hdop>9.2</hdop>
        <extensions>
          <osmand:speed>1.3</osmand:speed>
        </extensions>
      </trkpt>
      <trkpt lat="46.8849949" lon="10.107552">
        <ele>2325.1</ele>
        <time>2026-09-21T10:57:16Z</time>
        <hdop>10.2</hdop>
        <extensions>
          <osmand:speed>1.2</osmand:speed>
        </extensions>
      </trkpt>
      <trkpt lat="46.8850536" lon="10.1074992">
        <ele>2323.1</ele>
        <time>2026-09-21T10:57:22Z</time>
        <hdop>8.7</hdop>
        <extensions>
          <osmand:speed>1.6</osmand:speed>
        </extensions>
      </trkpt>
      <trkpt lat="46.8851021" lon="10.1074251">
        <ele>2323.1</ele>
        <time>2026-09-21T10:57:28Z</time>
        <hdop>9.7</hdop>
        <extensions>
          <osmand:speed>1.3</osmand:speed>
        </extensions>
      </trkpt>
      <trkpt lat="46.8851585" lon="10.1073677">
        <ele>2324.1</ele>
        <time>2026-09-21T10:57:34Z</time>
        <hdop>10.7</hdop>
        <extensions>
          <osmand:speed>1.4</osmand:speed>
        </extensions>
      </trkpt>
      <trkpt lat="46.8851687" lon="10.107266">
        <ele>2323.1</ele>
        <time>2026-09-21T10:57:40Z</time>
        <hdop>10.7</hdop>
        <extensions>
          <osmand:speed>1.1</osmand:speed>
        </extensions>
      </trkpt>
      <trkpt lat="46.8852062" lon="10.1072357">
        <ele>2324.1</ele>
        <time>2026-09-21T10:57:46Z</time>
        <hdop>9.2</hdop>
        <extensions>
          <osmand:speed>1</osmand:speed>
        </extensions>
      </trkpt>
      <trkpt lat="46.8852505" lon="10.107192">
        <ele>2323.1</ele>
        <time>2026-09-21T10:57:52Z</time>
        <hdop>9.7</hdop>
        <extensions>
          <osmand:speed>1.2</osmand:speed>
        </extensions>
      </trkpt>
      <trkpt lat="46.8852822" lon="10.1071278">
        <ele>2322.1</ele>
        <time>2026-09-21T10:57:58Z</time>
        <hdop>10.2</hdop>
        <extensions>
          <osmand:speed>1.3</osmand:speed>
        </extensions>
      </trkpt>
      <trkpt lat="46.8853074" lon="10.1070387">
        <ele>2321.1</ele>
        <time>2026-09-21T10:58:04Z</time>
        <hdop>9.7</hdop>
        <extensions>
          <osmand:speed>1</osmand:speed>
        </extensions>
      </trkpt>
      <trkpt lat="46.8853496" lon="10.1069533">
        <ele>2320.1</ele>
        <time>2026-09-21T10:58:10Z</time>
        <hdop>8.7</hdop>
        <extensions>
          <osmand:speed>1.2</osmand:speed>
        </extensions>
      </trkpt>
      <trkpt lat="46.8853971" lon="10.1068845">
        <ele>2320.1</ele>
        <time>2026-09-21T10:58:16Z</time>
        <hdop>8.7</hdop>
        <extensions>
          <osmand:speed>1.4</osmand:speed>
        </extensions>
      </trkpt>
      <trkpt lat="46.8854756" lon="10.1068153">
        <ele>2320.1</ele>
        <time>2026-09-21T10:58:22Z</time>
        <hdop>6.6</hdop>
        <extensions>
          <osmand:speed>1.4</osmand:speed>
        </extensions>
      </trkpt>
      <trkpt lat="46.8855548" lon="10.1068031">
        <ele>2319.1</ele>
        <time>2026-09-21T10:58:28Z</time>
        <hdop>9.2</hdop>
        <extensions>
          <osmand:speed>1.5</osmand:speed>
        </extensions>
      </trkpt>
      <trkpt lat="46.8856161" lon="10.1067892">
        <ele>2319.1</ele>
        <time>2026-09-21T10:58:34Z</time>
        <hdop>8.2</hdop>
        <extensions>
          <osmand:speed>1.4</osmand:speed>
        </extensions>
      </trkpt>
      <trkpt lat="46.8856692" lon="10.106716">
        <ele>2319.1</ele>
        <time>2026-09-21T10:58:40Z</time>
        <hdop>6.6</hdop>
        <extensions>
          <osmand:speed>1.4</osmand:speed>
        </extensions>
      </trkpt>
      <trkpt lat="46.8857218" lon="10.1066608">
        <ele>2318.1</ele>
        <time>2026-09-21T10:58:46Z</time>
        <hdop>7.1</hdop>
        <extensions>
          <osmand:speed>1.3</osmand:speed>
        </extensions>
      </trkpt>
      <trkpt lat="46.8857661" lon="10.1066181">
        <ele>2318.1</ele>
        <time>2026-09-21T10:58:52Z</time>
        <hdop>9.2</hdop>
        <extensions>
          <osmand:speed>1</osmand:speed>
        </extensions>
      </trkpt>
      <trkpt lat="46.8858198" lon="10.1065583">
        <ele>2318.1</ele>
        <time>2026-09-21T10:58:58Z</time>
        <hdop>9.2</hdop>
        <extensions>
          <osmand:speed>1</osmand:speed>
        </extensions>
      </trkpt>
      <trkpt lat="46.8858701" lon="10.1065236">
        <ele>2317.1</ele>
        <time>2026-09-21T10:59:04Z</time>
        <hdop>9.2</hdop>
        <extensions>
          <osmand:speed>1</osmand:speed>
        </extensions>
      </trkpt>
      <trkpt lat="46.8859271" lon="10.1064693">
        <ele>2317.1</ele>
        <time>2026-09-21T10:59:10Z</time>
        <hdop>7.1</hdop>
        <extensions>
          <osmand:speed>1.6</osmand:speed>
        </extensions>
      </trkpt>
      <trkpt lat="46.8859933" lon="10.1064314">
        <ele>2316.1</ele>
        <time>2026-09-21T10:59:16Z</time>
        <hdop>7.7</hdop>
        <extensions>
          <osmand:speed>1.2</osmand:speed>
        </extensions>
      </trkpt>
      <trkpt lat="46.8860691" lon="10.1064105">
        <ele>2316.1</ele>
        <time>2026-09-21T10:59:22Z</time>
        <hdop>10.7</hdop>
        <extensions>
          <osmand:speed>1.6</osmand:speed>
        </extensions>
      </trkpt>
      <trkpt lat="46.8861418" lon="10.106359">
        <ele>2316.1</ele>
        <time>2026-09-21T10:59:28Z</time>
        <hdop>8.7</hdop>
        <extensions>
          <osmand:speed>1.3</osmand:speed>
        </extensions>
      </trkpt>
      <trkpt lat="46.8862061" lon="10.1063245">
        <ele>2316.1</ele>
        <time>2026-09-21T10:59:34Z</time>
        <hdop>10.7</hdop>
        <extensions>
          <osmand:speed>1.2</osmand:speed>
        </extensions>
      </trkpt>
      <trkpt lat="46.8862375" lon="10.1062102">
        <ele>2315.1</ele>
        <time>2026-09-21T10:59:40Z</time>
        <hdop>10.2</hdop>
        <extensions>
          <osmand:speed>1.4</osmand:speed>
        </extensions>
      </trkpt>
      <trkpt lat="46.8862563" lon="10.1061107">
        <ele>2314.1</ele>
        <time>2026-09-21T10:59:46Z</time>
        <hdop>8.2</hdop>
        <extensions>
          <osmand:speed>1.8</osmand:speed>
        </extensions>
      </trkpt>
      <trkpt lat="46.8863099" lon="10.1060474">
        <ele>2313.1</ele>
        <time>2026-09-21T10:59:52Z</time>
        <hdop>9.7</hdop>
        <extensions>
          <osmand:speed>1.3</osmand:speed>
        </extensions>
      </trkpt>
      <trkpt lat="46.886373" lon="10.1059877">
        <ele>2312.1</ele>
        <time>2026-09-21T10:59:58Z</time>
        <hdop>9.7</hdop>
        <extensions>
          <osmand:speed>1.7</osmand:speed>
        </extensions>
      </trkpt>
      <trkpt lat="46.8864155" lon="10.1059203">
        <ele>2310.1</ele>
        <time>2026-09-21T11:00:04Z</time>
        <hdop>8.2</hdop>
        <extensions>
          <osmand:speed>1.2</osmand:speed>
        </extensions>
      </trkpt>
      <trkpt lat="46.8864699" lon="10.1058763">
        <ele>2309.1</ele>
        <time>2026-09-21T11:00:10Z</time>
        <hdop>8.2</hdop>
        <extensions>
          <osmand:speed>1.3</osmand:speed>
        </extensions>
      </trkpt>
      <trkpt lat="46.8865332" lon="10.1058259">
        <ele>2309.1</ele>
        <time>2026-09-21T11:00:16Z</time>
        <hdop>7.1</hdop>
        <extensions>
          <osmand:speed>1.4</osmand:speed>
        </extensions>
      </trkpt>
      <trkpt lat="46.8865916" lon="10.1058079">
        <ele>2308.1</ele>
        <time>2026-09-21T11:00:22Z</time>
        <hdop>8.2</hdop>
        <extensions>
          <osmand:speed>1</osmand:speed>
        </extensions>
      </trkpt>
      <trkpt lat="46.8866648" lon="10.1057626">
        <ele>2306.1</ele>
        <time>2026-09-21T11:00:28Z</time>
        <hdop>7.1</hdop>
        <extensions>
          <osmand:speed>1.3</osmand:speed>
        </extensions>
      </trkpt>
      <trkpt lat="46.8867356" lon="10.1057466">
        <ele>2306.1</ele>
        <time>2026-09-21T11:00:34Z</time>
        <hdop>7.1</hdop>
        <extensions>
          <osmand:speed>1.2</osmand:speed>
        </extensions>
      </trkpt>
      <trkpt lat="46.8867996" lon="10.1057876">
        <ele>2305.1</ele>
        <time>2026-09-21T11:00:40Z</time>
        <hdop>10.7</hdop>
        <extensions>
          <osmand:speed>1.4</osmand:speed>
        </extensions>
      </trkpt>
      <trkpt lat="46.8868648" lon="10.1057468">
        <ele>2304.1</ele>
        <time>2026-09-21T11:00:46Z</time>
        <hdop>9.7</hdop>
        <extensions>
          <osmand:speed>2.1</osmand:speed>
        </extensions>
      </trkpt>
      <trkpt lat="46.8869271" lon="10.1057413">
        <ele>2305.1</ele>
        <time>2026-09-21T11:00:52Z</time>
        <hdop>10.7</hdop>
        <extensions>
          <osmand:speed>0.9</osmand:speed>
        </extensions>
      </trkpt>
      <trkpt lat="46.886955" lon="10.1056978">
        <ele>2306.1</ele>
        <time>2026-09-21T11:00:58Z</time>
        <hdop>9.7</hdop>
        <extensions>
          <osmand:speed>0.8</osmand:speed>
        </extensions>
      </trkpt>
      <trkpt lat="46.8870079" lon="10.1056707">
        <ele>2306.1</ele>
        <time>2026-09-21T11:01:04Z</time>
        <hdop>9.7</hdop>
        <extensions>
          <osmand:speed>1.1</osmand:speed>
        </extensions>
      </trkpt>
      <trkpt lat="46.887066" lon="10.1056248">
        <ele>2306.1</ele>
        <time>2026-09-21T11:01:10Z</time>
        <hdop>9.7</hdop>
        <extensions>
          <osmand:speed>0.4</osmand:speed>
        </extensions>
      </trkpt>
      <trkpt lat="46.8870746" lon="10.1055975">
        <ele>2307.1</ele>
        <time>2026-09-21T11:01:16Z</time>
        <hdop>8.7</hdop>
        <extensions>
          <osmand:speed>1.3</osmand:speed>
        </extensions>
      </trkpt>
      <trkpt lat="46.8871276" lon="10.1055758">
        <ele>2307.1</ele>
        <time>2026-09-21T11:01:22Z</time>
        <hdop>10.7</hdop>
        <extensions>
          <osmand:speed>1.3</osmand:speed>
        </extensions>
      </trkpt>
      <trkpt lat="46.8871799" lon="10.1055436">
        <ele>2307.1</ele>
        <time>2026-09-21T11:01:28Z</time>
        <hdop>10.2</hdop>
        <extensions>
          <osmand:speed>1.6</osmand:speed>
        </extensions>
      </trkpt>
      <trkpt lat="46.8872266" lon="10.1055315">
        <ele>2307.1</ele>
        <time>2026-09-21T11:01:34Z</time>
        <hdop>10.7</hdop>
        <extensions>
          <osmand:speed>0.6</osmand:speed>
        </extensions>
      </trkpt>
      <trkpt lat="46.8872591" lon="10.1055018">
        <ele>2308.1</ele>
        <time>2026-09-21T11:01:40Z</time>
        <hdop>11.7</hdop>
        <extensions>
          <osmand:speed>0.8</osmand:speed>
        </extensions>
      </trkpt>
      <trkpt lat="46.8873378" lon="10.1054945">
        <ele>2308.1</ele>
        <time>2026-09-21T11:01:46Z</time>
        <hdop>12.2</hdop>
        <extensions>
          <osmand:speed>1.5</osmand:speed>
        </extensions>
      </trkpt>
      <trkpt lat="46.8874085" lon="10.1054797">
        <ele>2308.1</ele>
        <time>2026-09-21T11:01:52Z</time>
        <hdop>9.7</hdop>
        <extensions>
          <osmand:speed>1.5</osmand:speed>
        </extensions>
      </trkpt>
      <trkpt lat="46.8874736" lon="10.1055014">
        <ele>2307.1</ele>
        <time>2026-09-21T11:01:58Z</time>
        <hdop>11.2</hdop>
        <extensions>
          <osmand:speed>0.7</osmand:speed>
        </extensions>
      </trkpt>
      <trkpt lat="46.8875265" lon="10.1054222">
        <ele>2307.1</ele>
        <time>2026-09-21T11:02:04Z</time>
        <hdop>8.7</hdop>
        <extensions>
          <osmand:speed>1.4</osmand:speed>
        </extensions>
      </trkpt>
      <trkpt lat="46.8875913" lon="10.1054188">
        <ele>2307.1</ele>
        <time>2026-09-21T11:02:10Z</time>
        <hdop>9.2</hdop>
        <extensions>
          <osmand:speed>1.5</osmand:speed>
        </extensions>
      </trkpt>
      <trkpt lat="46.8876246" lon="10.1054016">
        <ele>2307.1</ele>
        <time>2026-09-21T11:02:16Z</time>
        <hdop>10.7</hdop>
        <extensions>
          <osmand:speed>0.9</osmand:speed>
        </extensions>
      </trkpt>
      <trkpt lat="46.8876382" lon="10.1053306">
        <ele>2307.1</ele>
        <time>2026-09-21T11:02:22Z</time>
        <hdop>8.7</hdop>
      </trkpt>
      <trkpt lat="46.8876665" lon="10.1053139">
        <ele>2307.1</ele>
        <time>2026-09-21T11:02:28Z</time>
        <hdop>7.7</hdop>
        <extensions>
          <osmand:speed>1.5</osmand:speed>
        </extensions>
      </trkpt>
      <trkpt lat="46.8877095" lon="10.1052369">
        <ele>2307.1</ele>
        <time>2026-09-21T11:02:34Z</time>
        <hdop>7.1</hdop>
        <extensions>
          <osmand:speed>1.4</osmand:speed>
        </extensions>
      </trkpt>
      <trkpt lat="46.8877343" lon="10.1051784">
        <ele>2307.1</ele>
        <time>2026-09-21T11:02:40Z</time>
        <hdop>8.7</hdop>
        <extensions>
          <osmand:speed>0.6</osmand:speed>
        </extensions>
      </trkpt>
      <trkpt lat="46.8877758" lon="10.1051068">
        <ele>2308.1</ele>
        <time>2026-09-21T11:02:46Z</time>
        <hdop>6.6</hdop>
        <extensions>
          <osmand:speed>1.4</osmand:speed>
        </extensions>
      </trkpt>
      <trkpt lat="46.8878299" lon="10.1050992">
        <ele>2309.1</ele>
        <time>2026-09-21T11:02:52Z</time>
        <hdop>9.2</hdop>
        <extensions>
          <osmand:speed>0.8</osmand:speed>
        </extensions>
      </trkpt>
      <trkpt lat="46.8878838" lon="10.1050417">
        <ele>2308.1</ele>
        <time>2026-09-21T11:02:58Z</time>
        <hdop>11.2</hdop>
        <extensions>
          <osmand:speed>0.4</osmand:speed>
        </extensions>
      </trkpt>
      <trkpt lat="46.8879226" lon="10.1049518">
        <ele>2309.1</ele>
        <time>2026-09-21T11:03:04Z</time>
        <hdop>10.2</hdop>
        <extensions>
          <osmand:speed>0.9</osmand:speed>
        </extensions>
      </trkpt>
      <trkpt lat="46.8879805" lon="10.1049743">
        <ele>2310.1</ele>
        <time>2026-09-21T11:03:10Z</time>
        <hdop>7.1</hdop>
        <extensions>
          <osmand:speed>1.7</osmand:speed>
        </extensions>
      </trkpt>
      <trkpt lat="46.8880497" lon="10.1050232">
        <ele>2308.1</ele>
        <time>2026-09-21T11:03:16Z</time>
        <hdop>10.2</hdop>
        <extensions>
          <osmand:speed>0.6</osmand:speed>
        </extensions>
      </trkpt>
      <trkpt lat="46.8880902" lon="10.1050102">
        <ele>2309.1</ele>
        <time>2026-09-21T11:03:22Z</time>
        <hdop>10.2</hdop>
        <extensions>
          <osmand:speed>1.1</osmand:speed>
        </extensions>
      </trkpt>
      <trkpt lat="46.8881448" lon="10.105006">
        <ele>2309.1</ele>
        <time>2026-09-21T11:03:28Z</time>
        <hdop>10.7</hdop>
        <extensions>
          <osmand:speed>1</osmand:speed>
        </extensions>
      </trkpt>
      <trkpt lat="46.8881712" lon="10.10496">
        <ele>2310.1</ele>
        <time>2026-09-21T11:03:34Z</time>
        <hdop>12.8</hdop>
        <extensions>
          <osmand:speed>0.8</osmand:speed>
        </extensions>
      </trkpt>
      <trkpt lat="46.8882021" lon="10.1049215">
        <ele>2310.1</ele>
        <time>2026-09-21T11:03:40Z</time>
        <hdop>9.2</hdop>
        <extensions>
          <osmand:speed>1.2</osmand:speed>
        </extensions>
      </trkpt>
      <trkpt lat="46.8882194" lon="10.1048427">
        <ele>2309.1</ele>
        <time>2026-09-21T11:03:46Z</time>
        <hdop>9.2</hdop>
        <extensions>
          <osmand:speed>1</osmand:speed>
        </extensions>
      </trkpt>
      <trkpt lat="46.8882305" lon="10.1047626">
        <ele>2308.1</ele>
        <time>2026-09-21T11:03:52Z</time>
        <hdop>8.7</hdop>
        <extensions>
          <osmand:speed>1.5</osmand:speed>
        </extensions>
      </trkpt>
      <trkpt lat="46.8882982" lon="10.1047247">
        <ele>2309.1</ele>
        <time>2026-09-21T11:03:58Z</time>
        <hdop>6.6</hdop>
        <extensions>
          <osmand:speed>1.4</osmand:speed>
        </extensions>
      </trkpt>
      <trkpt lat="46.8883533" lon="10.1046664">
        <ele>2309.1</ele>
        <time>2026-09-21T11:04:04Z</time>
        <hdop>7.1</hdop>
        <extensions>
          <osmand:speed>1.2</osmand:speed>
        </extensions>
      </trkpt>
      <trkpt lat="46.8884072" lon="10.1045833">
        <ele>2309.1</ele>
        <time>2026-09-21T11:04:10Z</time>
        <hdop>11.7</hdop>
        <extensions>
          <osmand:speed>1.1</osmand:speed>
        </extensions>
      </trkpt>
      <trkpt lat="46.8884566" lon="10.1045188">
        <ele>2309.1</ele>
        <time>2026-09-21T11:04:16Z</time>
        <hdop>10.2</hdop>
        <extensions>
          <osmand:speed>1.5</osmand:speed>
        </extensions>
      </trkpt>
      <trkpt lat="46.8885083" lon="10.1044274">
        <ele>2308.1</ele>
        <time>2026-09-21T11:04:22Z</time>
        <hdop>10.7</hdop>
        <extensions>
          <osmand:speed>1.3</osmand:speed>
        </extensions>
      </trkpt>
      <trkpt lat="46.8885489" lon="10.1043728">
        <ele>2307.1</ele>
        <time>2026-09-21T11:04:28Z</time>
        <hdop>9.2</hdop>
        <extensions>
          <osmand:speed>0.8</osmand:speed>
        </extensions>
      </trkpt>
      <trkpt lat="46.8885884" lon="10.1042992">
        <ele>2305.1</ele>
        <time>2026-09-21T11:04:34Z</time>
        <hdop>7.1</hdop>
        <extensions>
          <osmand:speed>1.2</osmand:speed>
        </extensions>
      </trkpt>
      <trkpt lat="46.8886007" lon="10.1041886">
        <ele>2306.1</ele>
        <time>2026-09-21T11:04:40Z</time>
        <hdop>6.6</hdop>
        <extensions>
          <osmand:speed>1.3</osmand:speed>
        </extensions>
      </trkpt>
      <trkpt lat="46.8885831" lon="10.1041416">
        <ele>2304.1</ele>
        <time>2026-09-21T11:04:46Z</time>
        <hdop>8.7</hdop>
        <extensions>
          <osmand:speed>1.2</osmand:speed>
        </extensions>
      </trkpt>
      <trkpt lat="46.8886043" lon="10.1040519">
        <ele>2303.1</ele>
        <time>2026-09-21T11:04:52Z</time>
        <hdop>7.1</hdop>
        <extensions>
          <osmand:speed>1.6</osmand:speed>
        </extensions>
      </trkpt>
      <trkpt lat="46.8886639" lon="10.1040042">
        <ele>2303.1</ele>
        <time>2026-09-21T11:04:58Z</time>
        <hdop>8.7</hdop>
        <extensions>
          <osmand:speed>1</osmand:speed>
        </extensions>
      </trkpt>
      <trkpt lat="46.8886961" lon="10.1039981">
        <ele>2302.1</ele>
        <time>2026-09-21T11:05:04Z</time>
        <hdop>7.7</hdop>
        <extensions>
          <osmand:speed>1.1</osmand:speed>
        </extensions>
      </trkpt>
      <trkpt lat="46.8887303" lon="10.1039498">
        <ele>2302.1</ele>
        <time>2026-09-21T11:05:10Z</time>
        <hdop>9.7</hdop>
        <extensions>
          <osmand:speed>0.8</osmand:speed>
        </extensions>
      </trkpt>
      <trkpt lat="46.8887652" lon="10.1038537">
        <ele>2301.1</ele>
        <time>2026-09-21T11:05:16Z</time>
        <hdop>9.7</hdop>
        <extensions>
          <osmand:speed>1.3</osmand:speed>
        </extensions>
      </trkpt>
      <trkpt lat="46.8887763" lon="10.1037534">
        <ele>2299.1</ele>
        <time>2026-09-21T11:05:22Z</time>
        <hdop>8.2</hdop>
        <extensions>
          <osmand:speed>0.7</osmand:speed>
        </extensions>
      </trkpt>
      <trkpt lat="46.8888144" lon="10.1037084">
        <ele>2300.2</ele>
        <time>2026-09-21T11:05:28Z</time>
        <hdop>9.7</hdop>
        <extensions>
          <osmand:speed>1.1</osmand:speed>
        </extensions>
      </trkpt>
      <trkpt lat="46.8888522" lon="10.1036659">
        <ele>2299.2</ele>
        <time>2026-09-21T11:05:34Z</time>
        <hdop>8.2</hdop>
        <extensions>
          <osmand:speed>0.9</osmand:speed>
        </extensions>
      </trkpt>
      <trkpt lat="46.8888752" lon="10.1036382">
        <ele>2298.2</ele>
        <time>2026-09-21T11:05:40Z</time>
        <hdop>9.7</hdop>
        <extensions>
          <osmand:speed>0.3</osmand:speed>
        </extensions>
      </trkpt>
      <trkpt lat="46.8889186" lon="10.1036214">
        <ele>2297.2</ele>
        <time>2026-09-21T11:05:46Z</time>
        <hdop>6.1</hdop>
        <extensions>
          <osmand:speed>0.5</osmand:speed>
        </extensions>
      </trkpt>
      <trkpt lat="46.8889371" lon="10.1036365">
        <ele>2298.2</ele>
        <time>2026-09-21T11:06:07Z</time>
        <hdop>6.6</hdop>
        <extensions>
          <osmand:speed>0.9</osmand:speed>
        </extensions>
      </trkpt>
      <trkpt lat="46.8889445" lon="10.1035729">
        <ele>2298.2</ele>
        <time>2026-09-21T11:06:13Z</time>
        <hdop>9.7</hdop>
        <extensions>
          <osmand:speed>0.4</osmand:speed>
        </extensions>
      </trkpt>
      <trkpt lat="46.8889639" lon="10.1035493">
        <ele>2297.2</ele>
        <time>2026-09-21T11:06:19Z</time>
        <hdop>11.7</hdop>
        <extensions>
          <osmand:speed>0.5</osmand:speed>
        </extensions>
      </trkpt>
      <trkpt lat="46.8889605" lon="10.1034727">
        <ele>2298.2</ele>
        <time>2026-09-21T11:06:25Z</time>
        <hdop>10.2</hdop>
        <extensions>
          <osmand:speed>1.1</osmand:speed>
        </extensions>
      </trkpt>
      <trkpt lat="46.8889693" lon="10.103396">
        <ele>2298.2</ele>
        <time>2026-09-21T11:06:31Z</time>
        <hdop>11.2</hdop>
        <extensions>
          <osmand:speed>0.8</osmand:speed>
        </extensions>
      </trkpt>
      <trkpt lat="46.8890031" lon="10.1033569">
        <ele>2298.2</ele>
        <time>2026-09-21T11:06:37Z</time>
        <hdop>10.7</hdop>
        <extensions>
          <osmand:speed>0</osmand:speed>
        </extensions>
      </trkpt>
      <trkpt lat="46.889021" lon="10.1033183">
        <ele>2297.2</ele>
        <time>2026-09-21T11:06:44Z</time>
        <hdop>8.2</hdop>
        <extensions>
          <osmand:speed>1.6</osmand:speed>
        </extensions>
      </trkpt>
      <trkpt lat="46.8890578" lon="10.1032402">
        <ele>2298.2</ele>
        <time>2026-09-21T11:06:50Z</time>
        <hdop>8.2</hdop>
        <extensions>
          <osmand:speed>1.5</osmand:speed>
        </extensions>
      </trkpt>
      <trkpt lat="46.8890863" lon="10.1031679">
        <ele>2297.2</ele>
        <time>2026-09-21T11:06:56Z</time>
        <hdop>9.2</hdop>
        <extensions>
          <osmand:speed>1.1</osmand:speed>
        </extensions>
      </trkpt>
      <trkpt lat="46.8891231" lon="10.1031013">
        <ele>2296.2</ele>
        <time>2026-09-21T11:07:02Z</time>
        <hdop>9.2</hdop>
        <extensions>
          <osmand:speed>0.7</osmand:speed>
        </extensions>
      </trkpt>
      <trkpt lat="46.8891478" lon="10.1030792">
        <ele>2297.2</ele>
        <time>2026-09-21T11:07:08Z</time>
        <hdop>9.2</hdop>
        <extensions>
          <osmand:speed>0.6</osmand:speed>
        </extensions>
      </trkpt>
      <trkpt lat="46.8891736" lon="10.1030369">
        <ele>2297.2</ele>
        <time>2026-09-21T11:07:14Z</time>
        <hdop>9.7</hdop>
        <extensions>
          <osmand:speed>0.6</osmand:speed>
        </extensions>
      </trkpt>
      <trkpt lat="46.8891823" lon="10.102968">
        <ele>2297.2</ele>
        <time>2026-09-21T11:07:20Z</time>
        <hdop>9.7</hdop>
        <extensions>
          <osmand:speed>0.9</osmand:speed>
        </extensions>
      </trkpt>
      <trkpt lat="46.8892017" lon="10.1029212">
        <ele>2297.2</ele>
        <time>2026-09-21T11:07:26Z</time>
        <hdop>9.2</hdop>
        <extensions>
          <osmand:speed>0.6</osmand:speed>
        </extensions>
      </trkpt>
      <trkpt lat="46.8891979" lon="10.1028584">
        <ele>2297.2</ele>
        <time>2026-09-21T11:07:32Z</time>
        <hdop>11.2</hdop>
        <extensions>
          <osmand:speed>0.6</osmand:speed>
        </extensions>
      </trkpt>
      <trkpt lat="46.8892242" lon="10.1028338">
        <ele>2297.2</ele>
        <time>2026-09-21T11:07:38Z</time>
        <hdop>7.7</hdop>
        <extensions>
          <osmand:speed>1</osmand:speed>
        </extensions>
      </trkpt>
      <trkpt lat="46.8892569" lon="10.1027584">
        <ele>2297.2</ele>
        <time>2026-09-21T11:07:44Z</time>
        <hdop>9.2</hdop>
        <extensions>
          <osmand:speed>1</osmand:speed>
        </extensions>
      </trkpt>
      <trkpt lat="46.8893067" lon="10.102707">
        <ele>2297.2</ele>
        <time>2026-09-21T11:07:50Z</time>
        <hdop>7.1</hdop>
        <extensions>
          <osmand:speed>1.2</osmand:speed>
        </extensions>
      </trkpt>
      <trkpt lat="46.8893437" lon="10.1026499">
        <ele>2296.2</ele>
        <time>2026-09-21T11:07:56Z</time>
        <hdop>10.2</hdop>
        <extensions>
          <osmand:speed>0.6</osmand:speed>
        </extensions>
      </trkpt>
      <trkpt lat="46.889339" lon="10.1025832">
        <ele>2293.2</ele>
        <time>2026-09-21T11:08:02Z</time>
        <hdop>11.7</hdop>
        <extensions>
          <osmand:speed>0</osmand:speed>
        </extensions>
      </trkpt>
      <trkpt lat="46.8893552" lon="10.1025186">
        <ele>2293.2</ele>
        <time>2026-09-21T11:08:08Z</time>
        <hdop>8.7</hdop>
        <extensions>
          <osmand:speed>1.1</osmand:speed>
        </extensions>
      </trkpt>
      <trkpt lat="46.8893673" lon="10.1024523">
        <ele>2291.2</ele>
        <time>2026-09-21T11:08:14Z</time>
        <hdop>10.2</hdop>
        <extensions>
          <osmand:speed>1</osmand:speed>
        </extensions>
      </trkpt>
      <trkpt lat="46.8894111" lon="10.1023781">
        <ele>2289.2</ele>
        <time>2026-09-21T11:08:20Z</time>
        <hdop>7.1</hdop>
        <extensions>
          <osmand:speed>1.1</osmand:speed>
        </extensions>
      </trkpt>
      <trkpt lat="46.8894311" lon="10.1022862">
        <ele>2288.2</ele>
        <time>2026-09-21T11:08:26Z</time>
        <hdop>9.2</hdop>
        <extensions>
          <osmand:speed>1</osmand:speed>
        </extensions>
      </trkpt>
      <trkpt lat="46.8894558" lon="10.1022486">
        <ele>2287.2</ele>
        <time>2026-09-21T11:08:32Z</time>
        <hdop>13.8</hdop>
        <extensions>
          <osmand:speed>0</osmand:speed>
        </extensions>
      </trkpt>
      <trkpt lat="46.8894621" lon="10.1022122">
        <ele>2286.2</ele>
        <time>2026-09-21T11:08:38Z</time>
        <hdop>8.7</hdop>
        <extensions>
          <osmand:speed>1.5</osmand:speed>
        </extensions>
      </trkpt>
      <trkpt lat="46.8894873" lon="10.1021659">
        <ele>2286.2</ele>
        <time>2026-09-21T11:08:44Z</time>
        <hdop>8.7</hdop>
        <extensions>
          <osmand:speed>1.3</osmand:speed>
        </extensions>
      </trkpt>
      <trkpt lat="46.8895353" lon="10.1020855">
        <ele>2286.2</ele>
        <time>2026-09-21T11:08:50Z</time>
        <hdop>7.1</hdop>
        <extensions>
          <osmand:speed>1.2</osmand:speed>
        </extensions>
      </trkpt>
      <trkpt lat="46.8895427" lon="10.1019929">
        <ele>2285.2</ele>
        <time>2026-09-21T11:08:56Z</time>
        <hdop>7.1</hdop>
        <extensions>
          <osmand:speed>1.1</osmand:speed>
        </extensions>
      </trkpt>
      <trkpt lat="46.8895962" lon="10.1019179">
        <ele>2285.2</ele>
        <time>2026-09-21T11:09:02Z</time>
        <hdop>8.7</hdop>
        <extensions>
          <osmand:speed>1.3</osmand:speed>
        </extensions>
      </trkpt>
      <trkpt lat="46.889616" lon="10.1018487">
        <ele>2285.2</ele>
        <time>2026-09-21T11:09:08Z</time>
        <hdop>10.7</hdop>
        <extensions>
          <osmand:speed>0.9</osmand:speed>
        </extensions>
      </trkpt>
      <trkpt lat="46.8896442" lon="10.1018021">
        <ele>2284.2</ele>
        <time>2026-09-21T11:09:14Z</time>
        <hdop>8.2</hdop>
        <extensions>
          <osmand:speed>0.2</osmand:speed>
        </extensions>
      </trkpt>
      <trkpt lat="46.8896749" lon="10.1017291">
        <ele>2283.2</ele>
        <time>2026-09-21T11:09:20Z</time>
        <hdop>10.2</hdop>
        <extensions>
          <osmand:speed>1.4</osmand:speed>
        </extensions>
      </trkpt>
      <trkpt lat="46.8897098" lon="10.1016455">
        <ele>2281.2</ele>
        <time>2026-09-21T11:09:26Z</time>
        <hdop>7.1</hdop>
        <extensions>
          <osmand:speed>1.7</osmand:speed>
        </extensions>
      </trkpt>
      <trkpt lat="46.8897281" lon="10.1015789">
        <ele>2281.2</ele>
        <time>2026-09-21T11:09:32Z</time>
        <hdop>9.2</hdop>
        <extensions>
          <osmand:speed>1.1</osmand:speed>
        </extensions>
      </trkpt>
      <trkpt lat="46.8897616" lon="10.1014851">
        <ele>2282.2</ele>
        <time>2026-09-21T11:09:38Z</time>
        <hdop>11.2</hdop>
        <extensions>
          <osmand:speed>1.1</osmand:speed>
        </extensions>
      </trkpt>
      <trkpt lat="46.8897831" lon="10.1013954">
        <ele>2282.2</ele>
        <time>2026-09-21T11:09:44Z</time>
        <hdop>8.7</hdop>
        <extensions>
          <osmand:speed>1</osmand:speed>
        </extensions>
      </trkpt>
      <trkpt lat="46.8898021" lon="10.1013137">
        <ele>2280.2</ele>
        <time>2026-09-21T11:09:50Z</time>
        <hdop>8.7</hdop>
        <extensions>
          <osmand:speed>1.3</osmand:speed>
        </extensions>
      </trkpt>
      <trkpt lat="46.8898352" lon="10.1012401">
        <ele>2279.2</ele>
        <time>2026-09-21T11:09:56Z</time>
        <hdop>7.7</hdop>
        <extensions>
          <osmand:speed>1.5</osmand:speed>
        </extensions>
      </trkpt>
      <trkpt lat="46.8898652" lon="10.1011572">
        <ele>2279.2</ele>
        <time>2026-09-21T11:10:02Z</time>
        <hdop>8.7</hdop>
        <extensions>
          <osmand:speed>0.8</osmand:speed>
        </extensions>
      </trkpt>
      <trkpt lat="46.8899084" lon="10.1010815">
        <ele>2279.2</ele>
        <time>2026-09-21T11:10:08Z</time>
        <hdop>7.7</hdop>
        <extensions>
          <osmand:speed>1.5</osmand:speed>
        </extensions>
      </trkpt>
      <trkpt lat="46.8899607" lon="10.101031">
        <ele>2278.2</ele>
        <time>2026-09-21T11:10:14Z</time>
        <hdop>8.2</hdop>
        <extensions>
          <osmand:speed>0.6</osmand:speed>
        </extensions>
      </trkpt>
      <trkpt lat="46.889984" lon="10.1009387">
        <ele>2279.2</ele>
        <time>2026-09-21T11:10:20Z</time>
        <hdop>10.2</hdop>
        <extensions>
          <osmand:speed>1.4</osmand:speed>
        </extensions>
      </trkpt>
      <trkpt lat="46.89002" lon="10.1008661">
        <ele>2278.2</ele>
        <time>2026-09-21T11:10:26Z</time>
        <hdop>8.2</hdop>
        <extensions>
          <osmand:speed>1.1</osmand:speed>
        </extensions>
      </trkpt>
      <trkpt lat="46.8900523" lon="10.1007811">
        <ele>2276.2</ele>
        <time>2026-09-21T11:10:32Z</time>
        <hdop>9.7</hdop>
        <extensions>
          <osmand:speed>1.4</osmand:speed>
        </extensions>
      </trkpt>
      <trkpt lat="46.8900929" lon="10.1007101">
        <ele>2275.2</ele>
        <time>2026-09-21T11:10:38Z</time>
        <hdop>9.7</hdop>
        <extensions>
          <osmand:speed>0.6</osmand:speed>
        </extensions>
      </trkpt>
      <trkpt lat="46.8901253" lon="10.1006558">
        <ele>2274.2</ele>
        <time>2026-09-21T11:10:44Z</time>
        <hdop>6.6</hdop>
        <extensions>
          <osmand:speed>1.2</osmand:speed>
        </extensions>
      </trkpt>
      <trkpt lat="46.8901366" lon="10.1005838">
        <ele>2273.2</ele>
        <time>2026-09-21T11:10:50Z</time>
        <hdop>10.2</hdop>
        <extensions>
          <osmand:speed>1.1</osmand:speed>
        </extensions>
      </trkpt>
      <trkpt lat="46.8901697" lon="10.1005406">
        <ele>2271.2</ele>
        <time>2026-09-21T11:10:56Z</time>
        <hdop>10.7</hdop>
        <extensions>
          <osmand:speed>0.9</osmand:speed>
        </extensions>
      </trkpt>
      <trkpt lat="46.8902042" lon="10.1005003">
        <ele>2271.2</ele>
        <time>2026-09-21T11:11:02Z</time>
        <hdop>9.7</hdop>
        <extensions>
          <osmand:speed>1</osmand:speed>
        </extensions>
      </trkpt>
      <trkpt lat="46.8902356" lon="10.1004739">
        <ele>2271.2</ele>
        <time>2026-09-21T11:11:08Z</time>
        <hdop>9.2</hdop>
        <extensions>
          <osmand:speed>0.6</osmand:speed>
        </extensions>
      </trkpt>
      <trkpt lat="46.8902336" lon="10.1004183">
        <ele>2270.2</ele>
        <time>2026-09-21T11:11:14Z</time>
        <hdop>9.7</hdop>
        <extensions>
          <osmand:speed>1.3</osmand:speed>
        </extensions>
      </trkpt>
      <trkpt lat="46.8902412" lon="10.1003418">
        <ele>2268.2</ele>
        <time>2026-09-21T11:11:20Z</time>
        <hdop>9.2</hdop>
        <extensions>
          <osmand:speed>0.9</osmand:speed>
        </extensions>
      </trkpt>
      <trkpt lat="46.8902869" lon="10.1002752">
        <ele>2268.2</ele>
        <time>2026-09-21T11:11:26Z</time>
        <hdop>10.2</hdop>
        <extensions>
          <osmand:speed>0.8</osmand:speed>
        </extensions>
      </trkpt>
      <trkpt lat="46.8903065" lon="10.1002324">
        <ele>2267.2</ele>
        <time>2026-09-21T11:11:32Z</time>
        <hdop>9.2</hdop>
        <extensions>
          <osmand:speed>0.9</osmand:speed>
        </extensions>
      </trkpt>
      <trkpt lat="46.8903415" lon="10.1001629">
        <ele>2266.2</ele>
        <time>2026-09-21T11:11:38Z</time>
        <hdop>10.7</hdop>
        <extensions>
          <osmand:speed>1.2</osmand:speed>
        </extensions>
      </trkpt>
      <trkpt lat="46.8903721" lon="10.1000896">
        <ele>2265.2</ele>
        <time>2026-09-21T11:11:44Z</time>
        <hdop>10.7</hdop>
        <extensions>
          <osmand:speed>1</osmand:speed>
        </extensions>
      </trkpt>
      <trkpt lat="46.8904047" lon="10.0999883">
        <ele>2264.2</ele>
        <time>2026-09-21T11:11:50Z</time>
        <hdop>9.7</hdop>
        <extensions>
          <osmand:speed>1.5</osmand:speed>
        </extensions>
      </trkpt>
      <trkpt lat="46.89044" lon="10.0999081">
        <ele>2264.2</ele>
        <time>2026-09-21T11:11:56Z</time>
        <hdop>11.2</hdop>
        <extensions>
          <osmand:speed>0.8</osmand:speed>
        </extensions>
      </trkpt>
      <trkpt lat="46.8904524" lon="10.0998485">
        <ele>2262.2</ele>
        <time>2026-09-21T11:12:02Z</time>
        <hdop>12.2</hdop>
        <extensions>
          <osmand:speed>0.1</osmand:speed>
        </extensions>
      </trkpt>
      <trkpt lat="46.8904701" lon="10.0998009">
        <ele>2261.2</ele>
        <time>2026-09-21T11:12:08Z</time>
        <hdop>8.7</hdop>
        <extensions>
          <osmand:speed>1.5</osmand:speed>
        </extensions>
      </trkpt>
      <trkpt lat="46.890493" lon="10.0997353">
        <ele>2260.2</ele>
        <time>2026-09-21T11:12:14Z</time>
        <hdop>10.7</hdop>
        <extensions>
          <osmand:speed>0.9</osmand:speed>
        </extensions>
      </trkpt>
      <trkpt lat="46.8905087" lon="10.0996544">
        <ele>2260.2</ele>
        <time>2026-09-21T11:12:20Z</time>
        <hdop>9.2</hdop>
        <extensions>
          <osmand:speed>1.3</osmand:speed>
        </extensions>
      </trkpt>
      <trkpt lat="46.8905258" lon="10.0995582">
        <ele>2260.2</ele>
        <time>2026-09-21T11:12:26Z</time>
        <hdop>8.7</hdop>
        <extensions>
          <osmand:speed>1</osmand:speed>
        </extensions>
      </trkpt>
      <trkpt lat="46.8905482" lon="10.0995027">
        <ele>2259.2</ele>
        <time>2026-09-21T11:12:32Z</time>
        <hdop>8.7</hdop>
        <extensions>
          <osmand:speed>0.9</osmand:speed>
        </extensions>
      </trkpt>
      <trkpt lat="46.8905153" lon="10.099508">
        <ele>2256.2</ele>
        <time>2026-09-21T11:12:38Z</time>
        <hdop>6.6</hdop>
        <extensions>
          <osmand:speed>1</osmand:speed>
        </extensions>
      </trkpt>
      <trkpt lat="46.890472" lon="10.0994871">
        <ele>2256.2</ele>
        <time>2026-09-21T11:12:44Z</time>
        <hdop>9.7</hdop>
        <extensions>
          <osmand:speed>0.7</osmand:speed>
        </extensions>
      </trkpt>
      <trkpt lat="46.8904326" lon="10.0995057">
        <ele>2255.2</ele>
        <time>2026-09-21T11:12:50Z</time>
        <hdop>7.7</hdop>
        <extensions>
          <osmand:speed>0.7</osmand:speed>
        </extensions>
      </trkpt>
      <trkpt lat="46.8904387" lon="10.0994767">
        <ele>2255.2</ele>
        <time>2026-09-21T11:12:57Z</time>
        <hdop>10.2</hdop>
        <extensions>
          <osmand:speed>0</osmand:speed>
        </extensions>
      </trkpt>
      <trkpt lat="46.8904368" lon="10.0994385">
        <ele>2255.2</ele>
        <time>2026-09-21T11:13:03Z</time>
        <hdop>8.2</hdop>
        <extensions>
          <osmand:speed>0</osmand:speed>
        </extensions>
      </trkpt>
      <trkpt lat="46.8904551" lon="10.0994495">
        <ele>2254.2</ele>
        <time>2026-09-21T11:13:10Z</time>
        <hdop>10.2</hdop>
        <extensions>
          <osmand:speed>0</osmand:speed>
        </extensions>
      </trkpt>
      <trkpt lat="46.8904218" lon="10.0994433">
        <ele>2255.2</ele>
        <time>2026-09-21T11:13:30Z</time>
        <hdop>6.1</hdop>
        <extensions>
          <osmand:speed>0.6</osmand:speed>
        </extensions>
      </trkpt>
      <trkpt lat="46.8903961" lon="10.0994729">
        <ele>2255.2</ele>
        <time>2026-09-21T11:14:07Z</time>
        <hdop>6.1</hdop>
        <extensions>
          <osmand:speed>1.8</osmand:speed>
        </extensions>
      </trkpt>
      <trkpt lat="46.8904158" lon="10.099467">
        <ele>2254.2</ele>
        <time>2026-09-21T11:14:13Z</time>
        <hdop>8.2</hdop>
      </trkpt>
      <trkpt lat="46.8904352" lon="10.0994634">
        <ele>2254.2</ele>
        <time>2026-09-21T11:14:19Z</time>
        <hdop>11.2</hdop>
        <extensions>
          <osmand:speed>0.1</osmand:speed>
        </extensions>
      </trkpt>
      <trkpt lat="46.8904396" lon="10.0994368">
        <ele>2254.2</ele>
        <time>2026-09-21T11:14:56Z</time>
        <hdop>11.2</hdop>
        <extensions>
          <osmand:speed>0.1</osmand:speed>
        </extensions>
      </trkpt>
      <trkpt lat="46.8904151" lon="10.0994384">
        <ele>2253.2</ele>
        <time>2026-09-21T11:15:05Z</time>
        <hdop>10.2</hdop>
        <extensions>
          <osmand:speed>0.1</osmand:speed>
        </extensions>
      </trkpt>
      <trkpt lat="46.890394" lon="10.0994327">
        <ele>2252.2</ele>
        <time>2026-09-21T11:16:11Z</time>
        <hdop>9.7</hdop>
        <extensions>
          <osmand:speed>0.1</osmand:speed>
        </extensions>
      </trkpt>
      <trkpt lat="46.8904194" lon="10.0994569">
        <ele>2253.2</ele>
        <time>2026-09-21T11:17:25Z</time>
        <hdop>11.2</hdop>
        <extensions>
          <osmand:speed>0.7</osmand:speed>
        </extensions>
      </trkpt>
      <trkpt lat="46.8904679" lon="10.0994636">
        <ele>2256.2</ele>
        <time>2026-09-21T11:17:31Z</time>
        <hdop>11.2</hdop>
        <extensions>
          <osmand:speed>0.8</osmand:speed>
        </extensions>
      </trkpt>
      <trkpt lat="46.8904952" lon="10.099501">
        <ele>2258.2</ele>
        <time>2026-09-21T11:17:37Z</time>
        <hdop>11.7</hdop>
        <extensions>
          <osmand:speed>1</osmand:speed>
        </extensions>
      </trkpt>
      <trkpt lat="46.8905507" lon="10.099513">
        <ele>2259.2</ele>
        <time>2026-09-21T11:17:43Z</time>
        <hdop>12.2</hdop>
        <extensions>
          <osmand:speed>0.8</osmand:speed>
        </extensions>
      </trkpt>
      <trkpt lat="46.8905728" lon="10.0994503">
        <ele>2258.2</ele>
        <time>2026-09-21T11:17:49Z</time>
        <hdop>8.2</hdop>
        <extensions>
          <osmand:speed>1.2</osmand:speed>
        </extensions>
      </trkpt>
      <trkpt lat="46.8905838" lon="10.0993689">
        <ele>2257.2</ele>
        <time>2026-09-21T11:17:55Z</time>
        <hdop>11.2</hdop>
        <extensions>
          <osmand:speed>0.6</osmand:speed>
        </extensions>
      </trkpt>
      <trkpt lat="46.890587" lon="10.0993022">
        <ele>2256.2</ele>
        <time>2026-09-21T11:18:01Z</time>
        <hdop>11.2</hdop>
        <extensions>
          <osmand:speed>1</osmand:speed>
        </extensions>
      </trkpt>
      <trkpt lat="46.8906181" lon="10.0992427">
        <ele>2254.2</ele>
        <time>2026-09-21T11:18:07Z</time>
        <hdop>8.7</hdop>
        <extensions>
          <osmand:speed>0.9</osmand:speed>
        </extensions>
      </trkpt>
      <trkpt lat="46.8906347" lon="10.0991888">
        <ele>2256.2</ele>
        <time>2026-09-21T11:18:13Z</time>
        <hdop>7.7</hdop>
        <extensions>
          <osmand:speed>0.6</osmand:speed>
        </extensions>
      </trkpt>
      <trkpt lat="46.8906577" lon="10.0991172">
        <ele>2256.2</ele>
        <time>2026-09-21T11:18:19Z</time>
        <hdop>8.7</hdop>
        <extensions>
          <osmand:speed>1.1</osmand:speed>
        </extensions>
      </trkpt>
      <trkpt lat="46.8907016" lon="10.0990766">
        <ele>2253.2</ele>
        <time>2026-09-21T11:18:25Z</time>
        <hdop>9.2</hdop>
        <extensions>
          <osmand:speed>0.6</osmand:speed>
        </extensions>
      </trkpt>
      <trkpt lat="46.8907349" lon="10.0990312">
        <ele>2252.2</ele>
        <time>2026-09-21T11:18:31Z</time>
        <hdop>11.2</hdop>
        <extensions>
          <osmand:speed>0.9</osmand:speed>
        </extensions>
      </trkpt>
      <trkpt lat="46.8907871" lon="10.0989697">
        <ele>2253.2</ele>
        <time>2026-09-21T11:18:37Z</time>
        <hdop>9.7</hdop>
        <extensions>
          <osmand:speed>0.7</osmand:speed>
        </extensions>
      </trkpt>
      <trkpt lat="46.8908292" lon="10.0989106">
        <ele>2252.2</ele>
        <time>2026-09-21T11:18:43Z</time>
        <hdop>11.2</hdop>
        <extensions>
          <osmand:speed>0.9</osmand:speed>
        </extensions>
      </trkpt>
      <trkpt lat="46.8908657" lon="10.0988513">
        <ele>2251.2</ele>
        <time>2026-09-21T11:18:49Z</time>
        <hdop>9.7</hdop>
        <extensions>
          <osmand:speed>1.2</osmand:speed>
        </extensions>
      </trkpt>
      <trkpt lat="46.8909357" lon="10.0988069">
        <ele>2251.2</ele>
        <time>2026-09-21T11:18:55Z</time>
        <hdop>12.8</hdop>
        <extensions>
          <osmand:speed>0.9</osmand:speed>
        </extensions>
      </trkpt>
      <trkpt lat="46.8909768" lon="10.0987751">
        <ele>2250.2</ele>
        <time>2026-09-21T11:19:01Z</time>
        <hdop>12.8</hdop>
        <extensions>
          <osmand:speed>0.5</osmand:speed>
        </extensions>
      </trkpt>
      <trkpt lat="46.8909805" lon="10.0987477">
        <ele>2250.2</ele>
        <time>2026-09-21T11:19:22Z</time>
        <hdop>9.2</hdop>
        <extensions>
          <osmand:speed>0.8</osmand:speed>
        </extensions>
      </trkpt>
      <trkpt lat="46.8910064" lon="10.0986859">
        <ele>2249.2</ele>
        <time>2026-09-21T11:19:28Z</time>
        <hdop>9.7</hdop>
        <extensions>
          <osmand:speed>0.7</osmand:speed>
        </extensions>
      </trkpt>
      <trkpt lat="46.8910505" lon="10.0986328">
        <ele>2248.2</ele>
        <time>2026-09-21T11:19:34Z</time>
        <hdop>9.7</hdop>
        <extensions>
          <osmand:speed>1.1</osmand:speed>
        </extensions>
      </trkpt>
      <trkpt lat="46.8910798" lon="10.0985785">
        <ele>2247.2</ele>
        <time>2026-09-21T11:19:40Z</time>
        <hdop>10.2</hdop>
        <extensions>
          <osmand:speed>0.8</osmand:speed>
        </extensions>
      </trkpt>
      <trkpt lat="46.891104" lon="10.0985372">
        <ele>2247.2</ele>
        <time>2026-09-21T11:19:46Z</time>
        <hdop>10.2</hdop>
        <extensions>
          <osmand:speed>0.2</osmand:speed>
        </extensions>
      </trkpt>
      <trkpt lat="46.8911386" lon="10.0985091">
        <ele>2246.2</ele>
        <time>2026-09-21T11:19:52Z</time>
        <hdop>9.2</hdop>
        <extensions>
          <osmand:speed>1.6</osmand:speed>
        </extensions>
      </trkpt>
      <trkpt lat="46.8911597" lon="10.0984712">
        <ele>2245.2</ele>
        <time>2026-09-21T11:19:58Z</time>
        <hdop>9.7</hdop>
        <extensions>
          <osmand:speed>0.8</osmand:speed>
        </extensions>
      </trkpt>
      <trkpt lat="46.8912043" lon="10.0983916">
        <ele>2245.2</ele>
        <time>2026-09-21T11:20:04Z</time>
        <hdop>10.2</hdop>
        <extensions>
          <osmand:speed>0.9</osmand:speed>
        </extensions>
      </trkpt>
      <trkpt lat="46.8912148" lon="10.0983248">
        <ele>2244.2</ele>
        <time>2026-09-21T11:20:10Z</time>
        <hdop>9.7</hdop>
        <extensions>
          <osmand:speed>1.2</osmand:speed>
        </extensions>
      </trkpt>
      <trkpt lat="46.8912251" lon="10.0982329">
        <ele>2242.2</ele>
        <time>2026-09-21T11:20:16Z</time>
        <hdop>10.7</hdop>
        <extensions>
          <osmand:speed>1.5</osmand:speed>
        </extensions>
      </trkpt>
      <trkpt lat="46.8912476" lon="10.0981336">
        <ele>2241.2</ele>
        <time>2026-09-21T11:20:22Z</time>
        <hdop>9.2</hdop>
        <extensions>
          <osmand:speed>1.4</osmand:speed>
        </extensions>
      </trkpt>
      <trkpt lat="46.8912925" lon="10.098062">
        <ele>2242.2</ele>
        <time>2026-09-21T11:20:28Z</time>
        <hdop>7.7</hdop>
        <extensions>
          <osmand:speed>1.2</osmand:speed>
        </extensions>
      </trkpt>
      <trkpt lat="46.8913197" lon="10.0980028">
        <ele>2241.2</ele>
        <time>2026-09-21T11:20:34Z</time>
        <hdop>11.2</hdop>
        <extensions>
          <osmand:speed>1.3</osmand:speed>
        </extensions>
      </trkpt>
      <trkpt lat="46.8913581" lon="10.0979402">
        <ele>2242.2</ele>
        <time>2026-09-21T11:20:40Z</time>
        <hdop>10.2</hdop>
        <extensions>
          <osmand:speed>1.3</osmand:speed>
        </extensions>
      </trkpt>
      <trkpt lat="46.8913708" lon="10.0978654">
        <ele>2241.2</ele>
        <time>2026-09-21T11:20:46Z</time>
        <hdop>10.7</hdop>
        <extensions>
          <osmand:speed>1.5</osmand:speed>
        </extensions>
      </trkpt>
      <trkpt lat="46.8914091" lon="10.0978195">
        <ele>2242.2</ele>
        <time>2026-09-21T11:20:52Z</time>
        <hdop>10.2</hdop>
        <extensions>
          <osmand:speed>0.7</osmand:speed>
        </extensions>
      </trkpt>
      <trkpt lat="46.8914238" lon="10.0977849">
        <ele>2241.2</ele>
        <time>2026-09-21T11:20:58Z</time>
        <hdop>9.2</hdop>
        <extensions>
          <osmand:speed>0.5</osmand:speed>
        </extensions>
      </trkpt>
      <trkpt lat="46.89143" lon="10.0977599">
        <ele>2240.2</ele>
        <time>2026-09-21T11:21:05Z</time>
        <hdop>10.2</hdop>
        <extensions>
          <osmand:speed>0.3</osmand:speed>
        </extensions>
      </trkpt>
      <trkpt lat="46.8914444" lon="10.0977088">
        <ele>2238.2</ele>
        <time>2026-09-21T11:21:11Z</time>
        <hdop>10.2</hdop>
        <extensions>
          <osmand:speed>1</osmand:speed>
        </extensions>
      </trkpt>
      <trkpt lat="46.8915088" lon="10.0976482">
        <ele>2234.2</ele>
        <time>2026-09-21T11:21:17Z</time>
        <hdop>8.7</hdop>
        <extensions>
          <osmand:speed>1.4</osmand:speed>
        </extensions>
      </trkpt>
      <trkpt lat="46.8915574" lon="10.097585">
        <ele>2235.2</ele>
        <time>2026-09-21T11:21:23Z</time>
        <hdop>9.7</hdop>
        <extensions>
          <osmand:speed>1.2</osmand:speed>
        </extensions>
      </trkpt>
      <trkpt lat="46.8916085" lon="10.0974965">
        <ele>2234.2</ele>
        <time>2026-09-21T11:21:29Z</time>
        <hdop>10.7</hdop>
        <extensions>
          <osmand:speed>1.8</osmand:speed>
        </extensions>
      </trkpt>
      <trkpt lat="46.8916635" lon="10.0974138">
        <ele>2234.2</ele>
        <time>2026-09-21T11:21:35Z</time>
        <hdop>9.7</hdop>
        <extensions>
          <osmand:speed>1</osmand:speed>
        </extensions>
      </trkpt>
      <trkpt lat="46.8917078" lon="10.0973541">
        <ele>2234.2</ele>
        <time>2026-09-21T11:21:41Z</time>
        <hdop>8.7</hdop>
        <extensions>
          <osmand:speed>1.3</osmand:speed>
        </extensions>
      </trkpt>
      <trkpt lat="46.8917514" lon="10.0972809">
        <ele>2233.2</ele>
        <time>2026-09-21T11:21:47Z</time>
        <hdop>10.2</hdop>
        <extensions>
          <osmand:speed>1</osmand:speed>
        </extensions>
      </trkpt>
      <trkpt lat="46.8917588" lon="10.097178">
        <ele>2232.2</ele>
        <time>2026-09-21T11:21:53Z</time>
        <hdop>10.2</hdop>
        <extensions>
          <osmand:speed>1.3</osmand:speed>
        </extensions>
      </trkpt>
      <trkpt lat="46.8917903" lon="10.0971521">
        <ele>2230.2</ele>
        <time>2026-09-21T11:21:59Z</time>
        <hdop>9.2</hdop>
        <extensions>
          <osmand:speed>1.2</osmand:speed>
        </extensions>
      </trkpt>
      <trkpt lat="46.8918382" lon="10.0970601">
        <ele>2229.2</ele>
        <time>2026-09-21T11:22:05Z</time>
        <hdop>10.2</hdop>
        <extensions>
          <osmand:speed>1.5</osmand:speed>
        </extensions>
      </trkpt>
      <trkpt lat="46.8918753" lon="10.0969846">
        <ele>2230.2</ele>
        <time>2026-09-21T11:22:11Z</time>
        <hdop>9.2</hdop>
        <extensions>
          <osmand:speed>1.2</osmand:speed>
        </extensions>
      </trkpt>
      <trkpt lat="46.8919286" lon="10.0968937">
        <ele>2230.2</ele>
        <time>2026-09-21T11:22:17Z</time>
        <hdop>7.7</hdop>
        <extensions>
          <osmand:speed>1.7</osmand:speed>
        </extensions>
      </trkpt>
      <trkpt lat="46.8919989" lon="10.0968351">
        <ele>2229.2</ele>
        <time>2026-09-21T11:22:23Z</time>
        <hdop>9.2</hdop>
        <extensions>
          <osmand:speed>1.4</osmand:speed>
        </extensions>
      </trkpt>
      <trkpt lat="46.8920402" lon="10.0968063">
        <ele>2229.2</ele>
        <time>2026-09-21T11:22:29Z</time>
        <hdop>10.7</hdop>
        <extensions>
          <osmand:speed>0.8</osmand:speed>
        </extensions>
      </trkpt>
      <trkpt lat="46.8920633" lon="10.0968083">
        <ele>2228.2</ele>
        <time>2026-09-21T11:22:35Z</time>
        <hdop>9.7</hdop>
      </trkpt>
      <trkpt lat="46.892066" lon="10.0968401">
        <ele>2226.2</ele>
        <time>2026-09-21T11:22:43Z</time>
        <hdop>8.7</hdop>
        <extensions>
          <osmand:speed>1.1</osmand:speed>
        </extensions>
      </trkpt>
      <trkpt lat="46.8920093" lon="10.0968802">
        <ele>2225.2</ele>
        <time>2026-09-21T11:22:49Z</time>
        <hdop>8.7</hdop>
        <extensions>
          <osmand:speed>1.2</osmand:speed>
        </extensions>
      </trkpt>
      <trkpt lat="46.8919632" lon="10.0969435">
        <ele>2225.2</ele>
        <time>2026-09-21T11:22:55Z</time>
        <hdop>11.7</hdop>
        <extensions>
          <osmand:speed>1.2</osmand:speed>
        </extensions>
      </trkpt>
      <trkpt lat="46.8920046" lon="10.096967">
        <ele>2225.2</ele>
        <time>2026-09-21T11:23:01Z</time>
        <hdop>10.7</hdop>
        <extensions>
          <osmand:speed>1.2</osmand:speed>
        </extensions>
      </trkpt>
      <trkpt lat="46.8920634" lon="10.0969851">
        <ele>2225.2</ele>
        <time>2026-09-21T11:23:07Z</time>
        <hdop>9.2</hdop>
        <extensions>
          <osmand:speed>1</osmand:speed>
        </extensions>
      </trkpt>
      <trkpt lat="46.892107" lon="10.0969817">
        <ele>2225.2</ele>
        <time>2026-09-21T11:23:13Z</time>
        <hdop>9.7</hdop>
        <extensions>
          <osmand:speed>0.9</osmand:speed>
        </extensions>
      </trkpt>
      <trkpt lat="46.8921514" lon="10.0969737">
        <ele>2224.2</ele>
        <time>2026-09-21T11:23:19Z</time>
        <hdop>11.2</hdop>
        <extensions>
          <osmand:speed>1.2</osmand:speed>
        </extensions>
      </trkpt>
      <trkpt lat="46.8921975" lon="10.0969603">
        <ele>2224.2</ele>
        <time>2026-09-21T11:23:25Z</time>
        <hdop>10.2</hdop>
        <extensions>
          <osmand:speed>0.8</osmand:speed>
        </extensions>
      </trkpt>
      <trkpt lat="46.8922335" lon="10.0968936">
        <ele>2222.2</ele>
        <time>2026-09-21T11:23:31Z</time>
        <hdop>11.7</hdop>
        <extensions>
          <osmand:speed>1.3</osmand:speed>
        </extensions>
      </trkpt>
      <trkpt lat="46.8922949" lon="10.0968563">
        <ele>2223.2</ele>
        <time>2026-09-21T11:23:37Z</time>
        <hdop>9.2</hdop>
        <extensions>
          <osmand:speed>1.2</osmand:speed>
        </extensions>
      </trkpt>
      <trkpt lat="46.892336" lon="10.0968106">
        <ele>2222.2</ele>
        <time>2026-09-21T11:23:43Z</time>
        <hdop>10.7</hdop>
        <extensions>
          <osmand:speed>0.9</osmand:speed>
        </extensions>
      </trkpt>
      <trkpt lat="46.8923769" lon="10.0967623">
        <ele>2220.2</ele>
        <time>2026-09-21T11:23:49Z</time>
        <hdop>9.2</hdop>
        <extensions>
          <osmand:speed>1.1</osmand:speed>
        </extensions>
      </trkpt>
      <trkpt lat="46.8924151" lon="10.0967312">
        <ele>2220.2</ele>
        <time>2026-09-21T11:23:55Z</time>
        <hdop>11.2</hdop>
        <extensions>
          <osmand:speed>0.8</osmand:speed>
        </extensions>
      </trkpt>
      <trkpt lat="46.8924579" lon="10.0966702">
        <ele>2219.2</ele>
        <time>2026-09-21T11:24:01Z</time>
        <hdop>10.2</hdop>
        <extensions>
          <osmand:speed>1.3</osmand:speed>
        </extensions>
      </trkpt>
      <trkpt lat="46.8925005" lon="10.0966085">
        <ele>2217.2</ele>
        <time>2026-09-21T11:24:07Z</time>
        <hdop>10.7</hdop>
        <extensions>
          <osmand:speed>1.4</osmand:speed>
        </extensions>
      </trkpt>
      <trkpt lat="46.8925262" lon="10.0965427">
        <ele>2216.2</ele>
        <time>2026-09-21T11:24:13Z</time>
        <hdop>9.7</hdop>
        <extensions>
          <osmand:speed>0.6</osmand:speed>
        </extensions>
      </trkpt>
      <trkpt lat="46.8925382" lon="10.0964759">
        <ele>2213.2</ele>
        <time>2026-09-21T11:24:19Z</time>
        <hdop>8.7</hdop>
        <extensions>
          <osmand:speed>1.1</osmand:speed>
        </extensions>
      </trkpt>
      <trkpt lat="46.8925824" lon="10.0964283">
        <ele>2213.2</ele>
        <time>2026-09-21T11:24:25Z</time>
        <hdop>9.2</hdop>
        <extensions>
          <osmand:speed>0.8</osmand:speed>
        </extensions>
      </trkpt>
      <trkpt lat="46.892607" lon="10.0963806">
        <ele>2212.2</ele>
        <time>2026-09-21T11:24:31Z</time>
        <hdop>8.7</hdop>
        <extensions>
          <osmand:speed>1</osmand:speed>
        </extensions>
      </trkpt>
      <trkpt lat="46.8926634" lon="10.0963318">
        <ele>2210.2</ele>
        <time>2026-09-21T11:24:37Z</time>
        <hdop>8.7</hdop>
        <extensions>
          <osmand:speed>1.2</osmand:speed>
        </extensions>
      </trkpt>
      <trkpt lat="46.8927039" lon="10.0962974">
        <ele>2210.2</ele>
        <time>2026-09-21T11:24:43Z</time>
        <hdop>9.2</hdop>
        <extensions>
          <osmand:speed>0.7</osmand:speed>
        </extensions>
      </trkpt>
      <trkpt lat="46.8927417" lon="10.0962534">
        <ele>2210.2</ele>
        <time>2026-09-21T11:24:49Z</time>
        <hdop>9.2</hdop>
        <extensions>
          <osmand:speed>0.9</osmand:speed>
        </extensions>
      </trkpt>
      <trkpt lat="46.8927833" lon="10.0962048">
        <ele>2209.2</ele>
        <time>2026-09-21T11:24:55Z</time>
        <hdop>7.7</hdop>
        <extensions>
          <osmand:speed>1.2</osmand:speed>
        </extensions>
      </trkpt>
      <trkpt lat="46.8928391" lon="10.0961617">
        <ele>2206.2</ele>
        <time>2026-09-21T11:25:01Z</time>
        <hdop>10.7</hdop>
        <extensions>
          <osmand:speed>1.4</osmand:speed>
        </extensions>
      </trkpt>
      <trkpt lat="46.8928949" lon="10.0961017">
        <ele>2205.2</ele>
        <time>2026-09-21T11:25:07Z</time>
        <hdop>10.7</hdop>
        <extensions>
          <osmand:speed>0.7</osmand:speed>
        </extensions>
      </trkpt>
      <trkpt lat="46.8929564" lon="10.0960756">
        <ele>2204.2</ele>
        <time>2026-09-21T11:25:13Z</time>
        <hdop>9.7</hdop>
        <extensions>
          <osmand:speed>1.4</osmand:speed>
        </extensions>
      </trkpt>
      <trkpt lat="46.8930289" lon="10.0960152">
        <ele>2204.2</ele>
        <time>2026-09-21T11:25:19Z</time>
        <hdop>9.7</hdop>
        <extensions>
          <osmand:speed>1.4</osmand:speed>
        </extensions>
      </trkpt>
      <trkpt lat="46.8931041" lon="10.0959988">
        <ele>2204.2</ele>
        <time>2026-09-21T11:25:25Z</time>
        <hdop>10.2</hdop>
        <extensions>
          <osmand:speed>1.5</osmand:speed>
        </extensions>
      </trkpt>
      <trkpt lat="46.8931608" lon="10.0959224">
        <ele>2202.2</ele>
        <time>2026-09-21T11:25:31Z</time>
        <hdop>11.2</hdop>
        <extensions>
          <osmand:speed>1.1</osmand:speed>
        </extensions>
      </trkpt>
      <trkpt lat="46.8932042" lon="10.0958181">
        <ele>2202.2</ele>
        <time>2026-09-21T11:25:37Z</time>
        <hdop>10.7</hdop>
        <extensions>
          <osmand:speed>1.4</osmand:speed>
        </extensions>
      </trkpt>
      <trkpt lat="46.8932575" lon="10.0957314">
        <ele>2203.2</ele>
        <time>2026-09-21T11:25:43Z</time>
        <hdop>10.7</hdop>
        <extensions>
          <osmand:speed>1.2</osmand:speed>
        </extensions>
      </trkpt>
      <trkpt lat="46.8933082" lon="10.095672">
        <ele>2202.2</ele>
        <time>2026-09-21T11:25:49Z</time>
        <hdop>11.2</hdop>
        <extensions>
          <osmand:speed>0.9</osmand:speed>
        </extensions>
      </trkpt>
      <trkpt lat="46.89332" lon="10.0956369">
        <ele>2202.2</ele>
        <time>2026-09-21T11:25:55Z</time>
        <hdop>8.2</hdop>
        <extensions>
          <osmand:speed>0.5</osmand:speed>
        </extensions>
      </trkpt>
      <trkpt lat="46.8933689" lon="10.0956068">
        <ele>2200.2</ele>
        <time>2026-09-21T11:26:01Z</time>
        <hdop>11.7</hdop>
        <extensions>
          <osmand:speed>1</osmand:speed>
        </extensions>
      </trkpt>
      <trkpt lat="46.8934162" lon="10.0955676">
        <ele>2200.2</ele>
        <time>2026-09-21T11:26:07Z</time>
        <hdop>7.7</hdop>
        <extensions>
          <osmand:speed>1</osmand:speed>
        </extensions>
      </trkpt>
      <trkpt lat="46.8934673" lon="10.0954919">
        <ele>2200.2</ele>
        <time>2026-09-21T11:26:13Z</time>
        <hdop>10.7</hdop>
        <extensions>
          <osmand:speed>0.9</osmand:speed>
        </extensions>
      </trkpt>
      <trkpt lat="46.8935192" lon="10.0954264">
        <ele>2199.2</ele>
        <time>2026-09-21T11:26:19Z</time>
        <hdop>9.2</hdop>
        <extensions>
          <osmand:speed>1.3</osmand:speed>
        </extensions>
      </trkpt>
      <trkpt lat="46.8935594" lon="10.0953518">
        <ele>2197.2</ele>
        <time>2026-09-21T11:26:25Z</time>
        <hdop>9.7</hdop>
        <extensions>
          <osmand:speed>1.1</osmand:speed>
        </extensions>
      </trkpt>
      <trkpt lat="46.8936053" lon="10.0952889">
        <ele>2196.2</ele>
        <time>2026-09-21T11:26:31Z</time>
        <hdop>10.2</hdop>
        <extensions>
          <osmand:speed>0.9</osmand:speed>
        </extensions>
      </trkpt>
      <trkpt lat="46.8936405" lon="10.0952387">
        <ele>2195.2</ele>
        <time>2026-09-21T11:26:37Z</time>
        <hdop>9.7</hdop>
        <extensions>
          <osmand:speed>1.1</osmand:speed>
        </extensions>
      </trkpt>
      <trkpt lat="46.8936632" lon="10.0952089">
        <ele>2195.2</ele>
        <time>2026-09-21T11:26:43Z</time>
        <hdop>10.2</hdop>
        <extensions>
          <osmand:speed>0.2</osmand:speed>
        </extensions>
      </trkpt>
      <trkpt lat="46.8936412" lon="10.0952262">
        <ele>2195.2</ele>
        <time>2026-09-21T11:26:59Z</time>
        <hdop>11.2</hdop>
        <extensions>
          <osmand:speed>1.8</osmand:speed>
        </extensions>
      </trkpt>
      <trkpt lat="46.8935729" lon="10.0952837">
        <ele>2195.2</ele>
        <time>2026-09-21T11:27:05Z</time>
        <hdop>11.2</hdop>
        <extensions>
          <osmand:speed>1.4</osmand:speed>
        </extensions>
      </trkpt>
      <trkpt lat="46.8935215" lon="10.0953717">
        <ele>2195.2</ele>
        <time>2026-09-21T11:27:12Z</time>
        <hdop>11.7</hdop>
        <extensions>
          <osmand:speed>1.7</osmand:speed>
        </extensions>
      </trkpt>
      <trkpt lat="46.8934578" lon="10.0954437">
        <ele>2194.2</ele>
        <time>2026-09-21T11:27:19Z</time>
        <hdop>13.8</hdop>
        <extensions>
          <osmand:speed>1</osmand:speed>
        </extensions>
      </trkpt>
      <trkpt lat="46.893391" lon="10.0954897">
        <ele>2195.2</ele>
        <time>2026-09-21T11:27:27Z</time>
        <hdop>12.8</hdop>
        <extensions>
          <osmand:speed>0.9</osmand:speed>
        </extensions>
      </trkpt>
      <trkpt lat="46.893315" lon="10.0955383">
        <ele>2195.2</ele>
        <time>2026-09-21T11:27:37Z</time>
        <hdop>11.7</hdop>
        <extensions>
          <osmand:speed>0.5</osmand:speed>
        </extensions>
      </trkpt>
      <trkpt lat="46.8932675" lon="10.0955593">
        <ele>2197.2</ele>
        <time>2026-09-21T11:27:43Z</time>
        <hdop>13.3</hdop>
        <extensions>
          <osmand:speed>0.7</osmand:speed>
        </extensions>
      </trkpt>
      <trkpt lat="46.8931882" lon="10.0955733">
        <ele>2196.2</ele>
        <time>2026-09-21T11:27:49Z</time>
        <hdop>9.2</hdop>
        <extensions>
          <osmand:speed>0.7</osmand:speed>
        </extensions>
      </trkpt>
      <trkpt lat="46.8931558" lon="10.0956279">
        <ele>2195.2</ele>
        <time>2026-09-21T11:27:55Z</time>
        <hdop>8.2</hdop>
        <extensions>
          <osmand:speed>1</osmand:speed>
        </extensions>
      </trkpt>
      <trkpt lat="46.8931185" lon="10.0956575">
        <ele>2195.2</ele>
        <time>2026-09-21T11:28:01Z</time>
        <hdop>9.2</hdop>
        <extensions>
          <osmand:speed>1.1</osmand:speed>
        </extensions>
      </trkpt>
      <trkpt lat="46.8930513" lon="10.0956843">
        <ele>2196.2</ele>
        <time>2026-09-21T11:28:07Z</time>
        <hdop>9.2</hdop>
        <extensions>
          <osmand:speed>1.4</osmand:speed>
        </extensions>
      </trkpt>
      <trkpt lat="46.8929893" lon="10.095733">
        <ele>2196.2</ele>
        <time>2026-09-21T11:28:13Z</time>
        <hdop>9.2</hdop>
        <extensions>
          <osmand:speed>1.2</osmand:speed>
        </extensions>
      </trkpt>
      <trkpt lat="46.8929175" lon="10.095761">
        <ele>2195.2</ele>
        <time>2026-09-21T11:28:19Z</time>
        <hdop>9.2</hdop>
        <extensions>
          <osmand:speed>0.9</osmand:speed>
        </extensions>
      </trkpt>
      <trkpt lat="46.8928528" lon="10.0957906">
        <ele>2194.2</ele>
        <time>2026-09-21T11:28:25Z</time>
        <hdop>9.7</hdop>
        <extensions>
          <osmand:speed>1.4</osmand:speed>
        </extensions>
      </trkpt>
      <trkpt lat="46.8927875" lon="10.0958342">
        <ele>2193.2</ele>
        <time>2026-09-21T11:28:31Z</time>
        <hdop>9.7</hdop>
        <extensions>
          <osmand:speed>1.3</osmand:speed>
        </extensions>
      </trkpt>
      <trkpt lat="46.8927764" lon="10.095805">
        <ele>2193.2</ele>
        <time>2026-09-21T11:28:37Z</time>
        <hdop>10.7</hdop>
        <extensions>
          <osmand:speed>1.2</osmand:speed>
        </extensions>
      </trkpt>
      <trkpt lat="46.8928231" lon="10.0957507">
        <ele>2192.2</ele>
        <time>2026-09-21T11:28:43Z</time>
        <hdop>10.2</hdop>
        <extensions>
          <osmand:speed>0.8</osmand:speed>
        </extensions>
      </trkpt>
      <trkpt lat="46.8928271" lon="10.0956797">
        <ele>2190.2</ele>
        <time>2026-09-21T11:28:49Z</time>
        <hdop>8.2</hdop>
        <extensions>
          <osmand:speed>1</osmand:speed>
        </extensions>
      </trkpt>
      <trkpt lat="46.8928414" lon="10.0956323">
        <ele>2190.2</ele>
        <time>2026-09-21T11:28:55Z</time>
        <hdop>8.7</hdop>
        <extensions>
          <osmand:speed>0.7</osmand:speed>
        </extensions>
      </trkpt>
      <trkpt lat="46.8928701" lon="10.0955724">
        <ele>2188.2</ele>
        <time>2026-09-21T11:29:01Z</time>
        <hdop>10.2</hdop>
        <extensions>
          <osmand:speed>1.1</osmand:speed>
        </extensions>
      </trkpt>
      <trkpt lat="46.8928915" lon="10.0955166">
        <ele>2187.2</ele>
        <time>2026-09-21T11:29:07Z</time>
        <hdop>10.7</hdop>
        <extensions>
          <osmand:speed>1.2</osmand:speed>
        </extensions>
      </trkpt>
      <trkpt lat="46.8929305" lon="10.0954777">
        <ele>2184.2</ele>
        <time>2026-09-21T11:29:13Z</time>
        <hdop>10.7</hdop>
        <extensions>
          <osmand:speed>0.8</osmand:speed>
        </extensions>
      </trkpt>
      <trkpt lat="46.8929743" lon="10.0954202">
        <ele>2184.2</ele>
        <time>2026-09-21T11:29:19Z</time>
        <hdop>11.2</hdop>
        <extensions>
          <osmand:speed>1</osmand:speed>
        </extensions>
      </trkpt>
      <trkpt lat="46.8930117" lon="10.0953441">
        <ele>2183.2</ele>
        <time>2026-09-21T11:29:25Z</time>
        <hdop>9.2</hdop>
        <extensions>
          <osmand:speed>1.3</osmand:speed>
        </extensions>
      </trkpt>
      <trkpt lat="46.8930537" lon="10.0952679">
        <ele>2182.2</ele>
        <time>2026-09-21T11:29:31Z</time>
        <hdop>9.7</hdop>
        <extensions>
          <osmand:speed>1.2</osmand:speed>
        </extensions>
      </trkpt>
      <trkpt lat="46.893112" lon="10.0952083">
        <ele>2181.2</ele>
        <time>2026-09-21T11:29:37Z</time>
        <hdop>8.2</hdop>
        <extensions>
          <osmand:speed>1</osmand:speed>
        </extensions>
      </trkpt>
      <trkpt lat="46.8931525" lon="10.0951518">
        <ele>2180.2</ele>
        <time>2026-09-21T11:29:43Z</time>
        <hdop>10.7</hdop>
        <extensions>
          <osmand:speed>1.2</osmand:speed>
        </extensions>
      </trkpt>
      <trkpt lat="46.8932011" lon="10.0950515">
        <ele>2178.2</ele>
        <time>2026-09-21T11:29:49Z</time>
        <hdop>10.2</hdop>
        <extensions>
          <osmand:speed>1.5</osmand:speed>
        </extensions>
      </trkpt>
      <trkpt lat="46.8932317" lon="10.0949674">
        <ele>2176.2</ele>
        <time>2026-09-21T11:29:55Z</time>
        <hdop>9.7</hdop>
        <extensions>
          <osmand:speed>1</osmand:speed>
        </extensions>
      </trkpt>
      <trkpt lat="46.8932835" lon="10.0949455">
        <ele>2175.2</ele>
        <time>2026-09-21T11:30:01Z</time>
        <hdop>11.2</hdop>
        <extensions>
          <osmand:speed>0.9</osmand:speed>
        </extensions>
      </trkpt>
      <trkpt lat="46.8933427" lon="10.0948873">
        <ele>2174.2</ele>
        <time>2026-09-21T11:30:07Z</time>
        <hdop>10.7</hdop>
        <extensions>
          <osmand:speed>1</osmand:speed>
        </extensions>
      </trkpt>
      <trkpt lat="46.8933847" lon="10.0948353">
        <ele>2174.2</ele>
        <time>2026-09-21T11:30:13Z</time>
        <hdop>9.7</hdop>
        <extensions>
          <osmand:speed>1.1</osmand:speed>
        </extensions>
      </trkpt>
      <trkpt lat="46.8934386" lon="10.094798">
        <ele>2173.2</ele>
        <time>2026-09-21T11:30:19Z</time>
        <hdop>11.2</hdop>
        <extensions>
          <osmand:speed>1.3</osmand:speed>
        </extensions>
      </trkpt>
      <trkpt lat="46.8935037" lon="10.094753">
        <ele>2173.2</ele>
        <time>2026-09-21T11:30:25Z</time>
        <hdop>10.2</hdop>
        <extensions>
          <osmand:speed>1.4</osmand:speed>
        </extensions>
      </trkpt>
      <trkpt lat="46.8935695" lon="10.0947473">
        <ele>2172.2</ele>
        <time>2026-09-21T11:30:31Z</time>
        <hdop>11.2</hdop>
        <extensions>
          <osmand:speed>1</osmand:speed>
        </extensions>
      </trkpt>
      <trkpt lat="46.8936233" lon="10.0947287">
        <ele>2170.2</ele>
        <time>2026-09-21T11:30:37Z</time>
        <hdop>11.7</hdop>
        <extensions>
          <osmand:speed>1.1</osmand:speed>
        </extensions>
      </trkpt>
      <trkpt lat="46.893676" lon="10.0947018">
        <ele>2170.2</ele>
        <time>2026-09-21T11:30:43Z</time>
        <hdop>12.8</hdop>
        <extensions>
          <osmand:speed>1.3</osmand:speed>
        </extensions>
      </trkpt>
      <trkpt lat="46.8937115" lon="10.0947531">
        <ele>2170.2</ele>
        <time>2026-09-21T11:30:49Z</time>
        <hdop>11.2</hdop>
        <extensions>
          <osmand:speed>1.1</osmand:speed>
        </extensions>
      </trkpt>
      <trkpt lat="46.8937552" lon="10.0947247">
        <ele>2170.2</ele>
        <time>2026-09-21T11:30:55Z</time>
        <hdop>11.2</hdop>
        <extensions>
          <osmand:speed>0.8</osmand:speed>
        </extensions>
      </trkpt>
      <trkpt lat="46.893758" lon="10.0947715">
        <ele>2170.2</ele>
        <time>2026-09-21T11:31:01Z</time>
        <hdop>9.2</hdop>
        <extensions>
          <osmand:speed>0.6</osmand:speed>
        </extensions>
      </trkpt>
      <trkpt lat="46.8937829" lon="10.0947623">
        <ele>2170.2</ele>
        <time>2026-09-21T11:31:07Z</time>
        <hdop>10.2</hdop>
        <extensions>
          <osmand:speed>0.8</osmand:speed>
        </extensions>
      </trkpt>
      <trkpt lat="46.89382" lon="10.0947895">
        <ele>2169.2</ele>
        <time>2026-09-21T11:31:13Z</time>
        <hdop>10.2</hdop>
        <extensions>
          <osmand:speed>1.3</osmand:speed>
        </extensions>
      </trkpt>
      <trkpt lat="46.8938558" lon="10.0947955">
        <ele>2168.2</ele>
        <time>2026-09-21T11:31:19Z</time>
        <hdop>7.1</hdop>
        <extensions>
          <osmand:speed>0.3</osmand:speed>
        </extensions>
      </trkpt>
      <trkpt lat="46.8938759" lon="10.094813">
        <ele>2166.2</ele>
        <time>2026-09-21T11:31:25Z</time>
        <hdop>8.2</hdop>
        <extensions>
          <osmand:speed>0.5</osmand:speed>
        </extensions>
      </trkpt>
      <trkpt lat="46.8938896" lon="10.0948445">
        <ele>2164.2</ele>
        <time>2026-09-21T11:31:31Z</time>
        <hdop>10.2</hdop>
        <extensions>
          <osmand:speed>1</osmand:speed>
        </extensions>
      </trkpt>
      <trkpt lat="46.8939214" lon="10.0948851">
        <ele>2163.2</ele>
        <time>2026-09-21T11:31:37Z</time>
        <hdop>8.2</hdop>
        <extensions>
          <osmand:speed>1</osmand:speed>
        </extensions>
      </trkpt>
      <trkpt lat="46.893965" lon="10.0948941">
        <ele>2163.2</ele>
        <time>2026-09-21T11:31:43Z</time>
        <hdop>9.2</hdop>
        <extensions>
          <osmand:speed>1.4</osmand:speed>
        </extensions>
      </trkpt>
      <trkpt lat="46.8940088" lon="10.0949168">
        <ele>2162.2</ele>
        <time>2026-09-21T11:31:49Z</time>
        <hdop>9.2</hdop>
        <extensions>
          <osmand:speed>0.7</osmand:speed>
        </extensions>
      </trkpt>
      <trkpt lat="46.8940597" lon="10.0949333">
        <ele>2160.2</ele>
        <time>2026-09-21T11:31:55Z</time>
        <hdop>9.2</hdop>
        <extensions>
          <osmand:speed>0.8</osmand:speed>
        </extensions>
      </trkpt>
      <trkpt lat="46.8941008" lon="10.0949679">
        <ele>2159.2</ele>
        <time>2026-09-21T11:32:01Z</time>
        <hdop>7.1</hdop>
        <extensions>
          <osmand:speed>0.6</osmand:speed>
        </extensions>
      </trkpt>
      <trkpt lat="46.8941354" lon="10.0949553">
        <ele>2159.2</ele>
        <time>2026-09-21T11:32:07Z</time>
        <hdop>9.2</hdop>
        <extensions>
          <osmand:speed>0.4</osmand:speed>
        </extensions>
      </trkpt>
      <trkpt lat="46.8941598" lon="10.0949679">
        <ele>2157.2</ele>
        <time>2026-09-21T11:32:14Z</time>
        <hdop>7.7</hdop>
        <extensions>
          <osmand:speed>1.1</osmand:speed>
        </extensions>
      </trkpt>
      <trkpt lat="46.8942192" lon="10.0950199">
        <ele>2156.2</ele>
        <time>2026-09-21T11:32:20Z</time>
        <hdop>9.7</hdop>
        <extensions>
          <osmand:speed>0.9</osmand:speed>
        </extensions>
      </trkpt>
      <trkpt lat="46.8942582" lon="10.0950262">
        <ele>2155.2</ele>
        <time>2026-09-21T11:32:26Z</time>
        <hdop>9.2</hdop>
        <extensions>
          <osmand:speed>0.9</osmand:speed>
        </extensions>
      </trkpt>
      <trkpt lat="46.8943009" lon="10.0949745">
        <ele>2154.2</ele>
        <time>2026-09-21T11:32:32Z</time>
        <hdop>11.2</hdop>
        <extensions>
          <osmand:speed>1</osmand:speed>
        </extensions>
      </trkpt>
      <trkpt lat="46.8943752" lon="10.0949627">
        <ele>2154.2</ele>
        <time>2026-09-21T11:32:38Z</time>
        <hdop>9.7</hdop>
        <extensions>
          <osmand:speed>1.2</osmand:speed>
        </extensions>
      </trkpt>
      <trkpt lat="46.8944121" lon="10.0949654">
        <ele>2153.2</ele>
        <time>2026-09-21T11:32:44Z</time>
        <hdop>9.2</hdop>
        <extensions>
          <osmand:speed>0.7</osmand:speed>
        </extensions>
      </trkpt>
      <trkpt lat="46.8944313" lon="10.0949317">
        <ele>2151.2</ele>
        <time>2026-09-21T11:32:50Z</time>
        <hdop>10.2</hdop>
        <extensions>
          <osmand:speed>0.6</osmand:speed>
        </extensions>
      </trkpt>
      <trkpt lat="46.8944718" lon="10.0949055">
        <ele>2150.2</ele>
        <time>2026-09-21T11:32:56Z</time>
        <hdop>10.2</hdop>
        <extensions>
          <osmand:speed>0.7</osmand:speed>
        </extensions>
      </trkpt>
      <trkpt lat="46.8945038" lon="10.0949315">
        <ele>2149.2</ele>
        <time>2026-09-21T11:33:02Z</time>
        <hdop>6.6</hdop>
        <extensions>
          <osmand:speed>0.1</osmand:speed>
        </extensions>
      </trkpt>
      <trkpt lat="46.8945545" lon="10.0949296">
        <ele>2148.2</ele>
        <time>2026-09-21T11:33:08Z</time>
        <hdop>8.2</hdop>
        <extensions>
          <osmand:speed>1.6</osmand:speed>
        </extensions>
      </trkpt>
      <trkpt lat="46.894631" lon="10.0948975">
        <ele>2146.2</ele>
        <time>2026-09-21T11:33:14Z</time>
        <hdop>9.2</hdop>
        <extensions>
          <osmand:speed>1.3</osmand:speed>
        </extensions>
      </trkpt>
      <trkpt lat="46.8946503" lon="10.0948138">
        <ele>2146.2</ele>
        <time>2026-09-21T11:33:20Z</time>
        <hdop>9.7</hdop>
        <extensions>
          <osmand:speed>1.2</osmand:speed>
        </extensions>
      </trkpt>
      <trkpt lat="46.8946992" lon="10.0947764">
        <ele>2145.2</ele>
        <time>2026-09-21T11:33:26Z</time>
        <hdop>10.2</hdop>
        <extensions>
          <osmand:speed>1.2</osmand:speed>
        </extensions>
      </trkpt>
      <trkpt lat="46.8947418" lon="10.0947404">
        <ele>2144.2</ele>
        <time>2026-09-21T11:33:32Z</time>
        <hdop>9.2</hdop>
        <extensions>
          <osmand:speed>0.8</osmand:speed>
        </extensions>
      </trkpt>
      <trkpt lat="46.8947793" lon="10.0946893">
        <ele>2142.2</ele>
        <time>2026-09-21T11:33:38Z</time>
        <hdop>10.7</hdop>
        <extensions>
          <osmand:speed>1.1</osmand:speed>
        </extensions>
      </trkpt>
      <trkpt lat="46.8948289" lon="10.0946526">
        <ele>2141.2</ele>
        <time>2026-09-21T11:33:44Z</time>
        <hdop>10.7</hdop>
        <extensions>
          <osmand:speed>0.9</osmand:speed>
        </extensions>
      </trkpt>
      <trkpt lat="46.8948555" lon="10.0945918">
        <ele>2139.2</ele>
        <time>2026-09-21T11:33:50Z</time>
        <hdop>9.7</hdop>
        <extensions>
          <osmand:speed>1.2</osmand:speed>
        </extensions>
      </trkpt>
      <trkpt lat="46.8948938" lon="10.0945327">
        <ele>2139.2</ele>
        <time>2026-09-21T11:33:56Z</time>
        <hdop>8.2</hdop>
        <extensions>
          <osmand:speed>1</osmand:speed>
        </extensions>
      </trkpt>
      <trkpt lat="46.8949197" lon="10.0944826">
        <ele>2138.2</ele>
        <time>2026-09-21T11:34:02Z</time>
        <hdop>8.2</hdop>
        <extensions>
          <osmand:speed>0.8</osmand:speed>
        </extensions>
      </trkpt>
      <trkpt lat="46.8949695" lon="10.0944855">
        <ele>2138.2</ele>
        <time>2026-09-21T11:34:08Z</time>
        <hdop>8.7</hdop>
        <extensions>
          <osmand:speed>0.7</osmand:speed>
        </extensions>
      </trkpt>
      <trkpt lat="46.8950204" lon="10.0944743">
        <ele>2136.2</ele>
        <time>2026-09-21T11:34:14Z</time>
        <hdop>8.7</hdop>
        <extensions>
          <osmand:speed>0.8</osmand:speed>
        </extensions>
      </trkpt>
      <trkpt lat="46.8950511" lon="10.0944094">
        <ele>2136.2</ele>
        <time>2026-09-21T11:34:20Z</time>
        <hdop>10.2</hdop>
        <extensions>
          <osmand:speed>1.2</osmand:speed>
        </extensions>
      </trkpt>
      <trkpt lat="46.8950706" lon="10.0943517">
        <ele>2136.2</ele>
        <time>2026-09-21T11:34:26Z</time>
        <hdop>10.2</hdop>
        <extensions>
          <osmand:speed>0.9</osmand:speed>
        </extensions>
      </trkpt>
      <trkpt lat="46.8950956" lon="10.0943003">
        <ele>2135.2</ele>
        <time>2026-09-21T11:34:32Z</time>
        <hdop>10.2</hdop>
        <extensions>
          <osmand:speed>0.2</osmand:speed>
        </extensions>
      </trkpt>
      <trkpt lat="46.8951234" lon="10.0942827">
        <ele>2133.2</ele>
        <time>2026-09-21T11:34:38Z</time>
        <hdop>9.2</hdop>
        <extensions>
          <osmand:speed>1.2</osmand:speed>
        </extensions>
      </trkpt>
      <trkpt lat="46.8951461" lon="10.0942293">
        <ele>2133.2</ele>
        <time>2026-09-21T11:34:44Z</time>
        <hdop>10.2</hdop>
        <extensions>
          <osmand:speed>0.7</osmand:speed>
        </extensions>
      </trkpt>
      <trkpt lat="46.895192" lon="10.0942205">
        <ele>2133.2</ele>
        <time>2026-09-21T11:34:50Z</time>
        <hdop>10.2</hdop>
        <extensions>
          <osmand:speed>1</osmand:speed>
        </extensions>
      </trkpt>
      <trkpt lat="46.8952487" lon="10.0942159">
        <ele>2132.2</ele>
        <time>2026-09-21T11:34:56Z</time>
        <hdop>6.6</hdop>
        <extensions>
          <osmand:speed>0.6</osmand:speed>
        </extensions>
      </trkpt>
      <trkpt lat="46.8952563" lon="10.0941837">
        <ele>2132.2</ele>
        <time>2026-09-21T11:35:11Z</time>
        <hdop>7.7</hdop>
        <extensions>
          <osmand:speed>0.9</osmand:speed>
        </extensions>
      </trkpt>
      <trkpt lat="46.8953014" lon="10.0941096">
        <ele>2131.2</ele>
        <time>2026-09-21T11:35:17Z</time>
        <hdop>9.2</hdop>
        <extensions>
          <osmand:speed>1.2</osmand:speed>
        </extensions>
      </trkpt>
      <trkpt lat="46.8953312" lon="10.0940689">
        <ele>2129.2</ele>
        <time>2026-09-21T11:35:23Z</time>
        <hdop>7.7</hdop>
        <extensions>
          <osmand:speed>0.6</osmand:speed>
        </extensions>
      </trkpt>
      <trkpt lat="46.8953725" lon="10.0940206">
        <ele>2129.2</ele>
        <time>2026-09-21T11:35:29Z</time>
        <hdop>8.7</hdop>
        <extensions>
          <osmand:speed>1.2</osmand:speed>
        </extensions>
      </trkpt>
      <trkpt lat="46.8954239" lon="10.0939562">
        <ele>2129.2</ele>
        <time>2026-09-21T11:35:35Z</time>
        <hdop>8.7</hdop>
        <extensions>
          <osmand:speed>1.2</osmand:speed>
        </extensions>
      </trkpt>
      <trkpt lat="46.8954613" lon="10.0938967">
        <ele>2128.2</ele>
        <time>2026-09-21T11:35:41Z</time>
        <hdop>10.2</hdop>
        <extensions>
          <osmand:speed>1.3</osmand:speed>
        </extensions>
      </trkpt>
      <trkpt lat="46.8955042" lon="10.0938913">
        <ele>2127.2</ele>
        <time>2026-09-21T11:35:47Z</time>
        <hdop>9.2</hdop>
        <extensions>
          <osmand:speed>0.6</osmand:speed>
        </extensions>
      </trkpt>
      <trkpt lat="46.8955207" lon="10.0938544">
        <ele>2126.2</ele>
        <time>2026-09-21T11:35:53Z</time>
        <hdop>10.7</hdop>
        <extensions>
          <osmand:speed>0.8</osmand:speed>
        </extensions>
      </trkpt>
      <trkpt lat="46.8955654" lon="10.0937951">
        <ele>2126.2</ele>
        <time>2026-09-21T11:35:59Z</time>
        <hdop>10.2</hdop>
        <extensions>
          <osmand:speed>0.6</osmand:speed>
        </extensions>
      </trkpt>
      <trkpt lat="46.8955782" lon="10.0937463">
        <ele>2124.2</ele>
        <time>2026-09-21T11:36:05Z</time>
        <hdop>10.7</hdop>
        <extensions>
          <osmand:speed>0.2</osmand:speed>
        </extensions>
      </trkpt>
      <trkpt lat="46.8956118" lon="10.0937163">
        <ele>2123.2</ele>
        <time>2026-09-21T11:36:11Z</time>
        <hdop>9.7</hdop>
        <extensions>
          <osmand:speed>0.2</osmand:speed>
        </extensions>
      </trkpt>
      <trkpt lat="46.8956397" lon="10.0936957">
        <ele>2123.2</ele>
        <time>2026-09-21T11:36:17Z</time>
        <hdop>9.2</hdop>
        <extensions>
          <osmand:speed>0.6</osmand:speed>
        </extensions>
      </trkpt>
      <trkpt lat="46.8956736" lon="10.0936592">
        <ele>2122.2</ele>
        <time>2026-09-21T11:36:23Z</time>
        <hdop>9.2</hdop>
        <extensions>
          <osmand:speed>0.3</osmand:speed>
        </extensions>
      </trkpt>
      <trkpt lat="46.8957014" lon="10.0936212">
        <ele>2121.2</ele>
        <time>2026-09-21T11:36:29Z</time>
        <hdop>8.7</hdop>
        <extensions>
          <osmand:speed>0.5</osmand:speed>
        </extensions>
      </trkpt>
      <trkpt lat="46.8957354" lon="10.0936023">
        <ele>2121.2</ele>
        <time>2026-09-21T11:36:35Z</time>
        <hdop>8.7</hdop>
        <extensions>
          <osmand:speed>0.6</osmand:speed>
        </extensions>
      </trkpt>
      <trkpt lat="46.8957832" lon="10.0935802">
        <ele>2120.2</ele>
        <time>2026-09-21T11:36:41Z</time>
        <hdop>9.2</hdop>
        <extensions>
          <osmand:speed>0.9</osmand:speed>
        </extensions>
      </trkpt>
      <trkpt lat="46.8958142" lon="10.0935451">
        <ele>2119.2</ele>
        <time>2026-09-21T11:36:47Z</time>
        <hdop>10.2</hdop>
        <extensions>
          <osmand:speed>0.6</osmand:speed>
        </extensions>
      </trkpt>
      <trkpt lat="46.8958467" lon="10.0935278">
        <ele>2117.2</ele>
        <time>2026-09-21T11:36:53Z</time>
        <hdop>8.7</hdop>
        <extensions>
          <osmand:speed>0.5</osmand:speed>
        </extensions>
      </trkpt>
      <trkpt lat="46.8958764" lon="10.0934909">
        <ele>2117.2</ele>
        <time>2026-09-21T11:36:59Z</time>
        <hdop>10.7</hdop>
        <extensions>
          <osmand:speed>0.5</osmand:speed>
        </extensions>
      </trkpt>
      <trkpt lat="46.8958897" lon="10.0934519">
        <ele>2116.2</ele>
        <time>2026-09-21T11:37:05Z</time>
        <hdop>9.2</hdop>
        <extensions>
          <osmand:speed>0.8</osmand:speed>
        </extensions>
      </trkpt>
      <trkpt lat="46.8959182" lon="10.0934425">
        <ele>2116.2</ele>
        <time>2026-09-21T11:37:11Z</time>
        <hdop>8.7</hdop>
        <extensions>
          <osmand:speed>0.2</osmand:speed>
        </extensions>
      </trkpt>
      <trkpt lat="46.8959381" lon="10.0934291">
        <ele>2114.2</ele>
        <time>2026-09-21T11:37:18Z</time>
        <hdop>8.2</hdop>
        <extensions>
          <osmand:speed>0.7</osmand:speed>
        </extensions>
      </trkpt>
      <trkpt lat="46.8959642" lon="10.0933957">
        <ele>2111.2</ele>
        <time>2026-09-21T11:37:24Z</time>
        <hdop>8.2</hdop>
        <extensions>
          <osmand:speed>0.6</osmand:speed>
        </extensions>
      </trkpt>
      <trkpt lat="46.8960012" lon="10.093363">
        <ele>2110.2</ele>
        <time>2026-09-21T11:37:30Z</time>
        <hdop>10.2</hdop>
        <extensions>
          <osmand:speed>0.6</osmand:speed>
        </extensions>
      </trkpt>
      <trkpt lat="46.8960085" lon="10.0933319">
        <ele>2109.2</ele>
        <time>2026-09-21T11:37:36Z</time>
        <hdop>7.7</hdop>
        <extensions>
          <osmand:speed>0.1</osmand:speed>
        </extensions>
      </trkpt>
      <trkpt lat="46.8960466" lon="10.0932888">
        <ele>2111.2</ele>
        <time>2026-09-21T11:37:42Z</time>
        <hdop>9.7</hdop>
        <extensions>
          <osmand:speed>0.8</osmand:speed>
        </extensions>
      </trkpt>
      <trkpt lat="46.8960883" lon="10.0932403">
        <ele>2109.2</ele>
        <time>2026-09-21T11:37:48Z</time>
        <hdop>8.2</hdop>
        <extensions>
          <osmand:speed>0.8</osmand:speed>
        </extensions>
      </trkpt>
      <trkpt lat="46.8961072" lon="10.0931684">
        <ele>2109.2</ele>
        <time>2026-09-21T11:37:54Z</time>
        <hdop>6.6</hdop>
        <extensions>
          <osmand:speed>0.7</osmand:speed>
        </extensions>
      </trkpt>
      <trkpt lat="46.8961496" lon="10.0930898">
        <ele>2109.2</ele>
        <time>2026-09-21T11:38:00Z</time>
        <hdop>9.7</hdop>
        <extensions>
          <osmand:speed>1.2</osmand:speed>
        </extensions>
      </trkpt>
      <trkpt lat="46.8961704" lon="10.0930358">
        <ele>2109.2</ele>
        <time>2026-09-21T11:38:06Z</time>
        <hdop>11.2</hdop>
        <extensions>
          <osmand:speed>0.7</osmand:speed>
        </extensions>
      </trkpt>
      <trkpt lat="46.896182" lon="10.092982">
        <ele>2107.2</ele>
        <time>2026-09-21T11:38:12Z</time>
        <hdop>10.7</hdop>
        <extensions>
          <osmand:speed>0.8</osmand:speed>
        </extensions>
      </trkpt>
      <trkpt lat="46.8962357" lon="10.0929245">
        <ele>2105.2</ele>
        <time>2026-09-21T11:38:18Z</time>
        <hdop>9.2</hdop>
        <extensions>
          <osmand:speed>1</osmand:speed>
        </extensions>
      </trkpt>
      <trkpt lat="46.896301" lon="10.0928636">
        <ele>2104.2</ele>
        <time>2026-09-21T11:38:24Z</time>
        <hdop>8.7</hdop>
        <extensions>
          <osmand:speed>1.1</osmand:speed>
        </extensions>
      </trkpt>
      <trkpt lat="46.8963092" lon="10.092835">
        <ele>2103.2</ele>
        <time>2026-09-21T11:38:30Z</time>
        <hdop>8.2</hdop>
        <extensions>
          <osmand:speed>0.8</osmand:speed>
        </extensions>
      </trkpt>
      <trkpt lat="46.8963607" lon="10.0927813">
        <ele>2103.2</ele>
        <time>2026-09-21T11:38:36Z</time>
        <hdop>8.2</hdop>
        <extensions>
          <osmand:speed>1.2</osmand:speed>
        </extensions>
      </trkpt>
      <trkpt lat="46.8963989" lon="10.0926874">
        <ele>2103.2</ele>
        <time>2026-09-21T11:38:42Z</time>
        <hdop>10.2</hdop>
        <extensions>
          <osmand:speed>1.2</osmand:speed>
        </extensions>
      </trkpt>
      <trkpt lat="46.8964414" lon="10.092632">
        <ele>2103.2</ele>
        <time>2026-09-21T11:38:48Z</time>
        <hdop>9.7</hdop>
        <extensions>
          <osmand:speed>1.1</osmand:speed>
        </extensions>
      </trkpt>
      <trkpt lat="46.8964971" lon="10.0926337">
        <ele>2102.2</ele>
        <time>2026-09-21T11:38:54Z</time>
        <hdop>8.7</hdop>
        <extensions>
          <osmand:speed>1</osmand:speed>
        </extensions>
      </trkpt>
      <trkpt lat="46.8965392" lon="10.0926177">
        <ele>2101.2</ele>
        <time>2026-09-21T11:39:00Z</time>
        <hdop>12.2</hdop>
        <extensions>
          <osmand:speed>0.1</osmand:speed>
        </extensions>
      </trkpt>
      <trkpt lat="46.8965598" lon="10.0926153">
        <ele>2099.2</ele>
        <time>2026-09-21T11:39:11Z</time>
        <hdop>8.2</hdop>
        <extensions>
          <osmand:speed>0.8</osmand:speed>
        </extensions>
      </trkpt>
      <trkpt lat="46.8966039" lon="10.0926436">
        <ele>2098.2</ele>
        <time>2026-09-21T11:39:17Z</time>
        <hdop>8.7</hdop>
        <extensions>
          <osmand:speed>0.4</osmand:speed>
        </extensions>
      </trkpt>
      <trkpt lat="46.8966546" lon="10.0926525">
        <ele>2097.2</ele>
        <time>2026-09-21T11:39:23Z</time>
        <hdop>9.7</hdop>
        <extensions>
          <osmand:speed>1.2</osmand:speed>
        </extensions>
      </trkpt>
      <trkpt lat="46.8967112" lon="10.0926304">
        <ele>2096.2</ele>
        <time>2026-09-21T11:39:29Z</time>
        <hdop>10.2</hdop>
        <extensions>
          <osmand:speed>1.1</osmand:speed>
        </extensions>
      </trkpt>
      <trkpt lat="46.8967368" lon="10.0925945">
        <ele>2095.2</ele>
        <time>2026-09-21T11:39:35Z</time>
        <hdop>10.2</hdop>
        <extensions>
          <osmand:speed>0.7</osmand:speed>
        </extensions>
      </trkpt>
      <trkpt lat="46.8968079" lon="10.0925968">
        <ele>2094.2</ele>
        <time>2026-09-21T11:39:41Z</time>
        <hdop>10.2</hdop>
        <extensions>
          <osmand:speed>1.2</osmand:speed>
        </extensions>
      </trkpt>
      <trkpt lat="46.8968831" lon="10.0925882">
        <ele>2094.2</ele>
        <time>2026-09-21T11:39:47Z</time>
        <hdop>10.2</hdop>
        <extensions>
          <osmand:speed>0.8</osmand:speed>
        </extensions>
      </trkpt>
      <trkpt lat="46.8968987" lon="10.092605">
        <ele>2091.2</ele>
        <time>2026-09-21T11:40:25Z</time>
        <hdop>9.2</hdop>
        <extensions>
          <osmand:speed>0.5</osmand:speed>
        </extensions>
      </trkpt>
      <trkpt lat="46.8969341" lon="10.0925925">
        <ele>2092.2</ele>
        <time>2026-09-21T11:40:31Z</time>
        <hdop>9.7</hdop>
        <extensions>
          <osmand:speed>0.8</osmand:speed>
        </extensions>
      </trkpt>
      <trkpt lat="46.8969946" lon="10.0926142">
        <ele>2093.2</ele>
        <time>2026-09-21T11:40:37Z</time>
        <hdop>9.7</hdop>
        <extensions>
          <osmand:speed>1.4</osmand:speed>
        </extensions>
      </trkpt>
      <trkpt lat="46.8970642" lon="10.0926306">
        <ele>2093.2</ele>
        <time>2026-09-21T11:40:43Z</time>
        <hdop>9.2</hdop>
        <extensions>
          <osmand:speed>1.2</osmand:speed>
        </extensions>
      </trkpt>
      <trkpt lat="46.8971035" lon="10.0926073">
        <ele>2093.2</ele>
        <time>2026-09-21T11:40:49Z</time>
        <hdop>11.2</hdop>
        <extensions>
          <osmand:speed>0.9</osmand:speed>
        </extensions>
      </trkpt>
      <trkpt lat="46.8971483" lon="10.0925674">
        <ele>2093.2</ele>
        <time>2026-09-21T11:40:55Z</time>
        <hdop>12.2</hdop>
        <extensions>
          <osmand:speed>0.7</osmand:speed>
        </extensions>
      </trkpt>
      <trkpt lat="46.8972161" lon="10.0925709">
        <ele>2093.2</ele>
        <time>2026-09-21T11:41:01Z</time>
        <hdop>9.2</hdop>
        <extensions>
          <osmand:speed>1</osmand:speed>
        </extensions>
      </trkpt>
      <trkpt lat="46.8972738" lon="10.0925928">
        <ele>2093.2</ele>
        <time>2026-09-21T11:41:07Z</time>
        <hdop>13.8</hdop>
        <extensions>
          <osmand:speed>1.2</osmand:speed>
        </extensions>
      </trkpt>
      <trkpt lat="46.8972867" lon="10.0926178">
        <ele>2093.2</ele>
        <time>2026-09-21T11:41:13Z</time>
        <hdop>11.7</hdop>
        <extensions>
          <osmand:speed>0.3</osmand:speed>
        </extensions>
      </trkpt>
      <trkpt lat="46.8973407" lon="10.0926256">
        <ele>2092.2</ele>
        <time>2026-09-21T11:41:19Z</time>
        <hdop>8.7</hdop>
        <extensions>
          <osmand:speed>1.3</osmand:speed>
        </extensions>
      </trkpt>
      <trkpt lat="46.8974007" lon="10.0926462">
        <ele>2092.2</ele>
        <time>2026-09-21T11:41:25Z</time>
        <hdop>10.2</hdop>
        <extensions>
          <osmand:speed>0.8</osmand:speed>
        </extensions>
      </trkpt>
      <trkpt lat="46.8974559" lon="10.0926461">
        <ele>2091.2</ele>
        <time>2026-09-21T11:41:31Z</time>
        <hdop>10.7</hdop>
        <extensions>
          <osmand:speed>1</osmand:speed>
        </extensions>
      </trkpt>
      <trkpt lat="46.897523" lon="10.0926537">
        <ele>2091.2</ele>
        <time>2026-09-21T11:41:37Z</time>
        <hdop>12.2</hdop>
        <extensions>
          <osmand:speed>1.1</osmand:speed>
        </extensions>
      </trkpt>
      <trkpt lat="46.8975817" lon="10.0926843">
        <ele>2091.2</ele>
        <time>2026-09-21T11:41:43Z</time>
        <hdop>9.2</hdop>
        <extensions>
          <osmand:speed>1.2</osmand:speed>
        </extensions>
      </trkpt>
      <trkpt lat="46.8976472" lon="10.0927079">
        <ele>2090.2</ele>
        <time>2026-09-21T11:41:49Z</time>
        <hdop>10.2</hdop>
        <extensions>
          <osmand:speed>1</osmand:speed>
        </extensions>
      </trkpt>
      <trkpt lat="46.8977003" lon="10.0926884">
        <ele>2090.2</ele>
        <time>2026-09-21T11:41:55Z</time>
        <hdop>11.2</hdop>
        <extensions>
          <osmand:speed>0.6</osmand:speed>
        </extensions>
      </trkpt>
      <trkpt lat="46.8977677" lon="10.0927101">
        <ele>2090.2</ele>
        <time>2026-09-21T11:42:01Z</time>
        <hdop>11.2</hdop>
        <extensions>
          <osmand:speed>1.2</osmand:speed>
        </extensions>
      </trkpt>
      <trkpt lat="46.897842" lon="10.0926935">
        <ele>2089.2</ele>
        <time>2026-09-21T11:42:07Z</time>
        <hdop>11.2</hdop>
        <extensions>
          <osmand:speed>1.5</osmand:speed>
        </extensions>
      </trkpt>
      <trkpt lat="46.8979036" lon="10.0927101">
        <ele>2089.2</ele>
        <time>2026-09-21T11:42:13Z</time>
        <hdop>7.7</hdop>
        <extensions>
          <osmand:speed>1.2</osmand:speed>
        </extensions>
      </trkpt>
      <trkpt lat="46.8979681" lon="10.0927188">
        <ele>2090.2</ele>
        <time>2026-09-21T11:42:19Z</time>
        <hdop>10.2</hdop>
        <extensions>
          <osmand:speed>0.6</osmand:speed>
        </extensions>
      </trkpt>
      <trkpt lat="46.898022" lon="10.0927306">
        <ele>2090.2</ele>
        <time>2026-09-21T11:42:25Z</time>
        <hdop>11.2</hdop>
        <extensions>
          <osmand:speed>0.6</osmand:speed>
        </extensions>
      </trkpt>
      <trkpt lat="46.8980697" lon="10.0927084">
        <ele>2089.2</ele>
        <time>2026-09-21T11:42:31Z</time>
        <hdop>9.7</hdop>
        <extensions>
          <osmand:speed>0.9</osmand:speed>
        </extensions>
      </trkpt>
      <trkpt lat="46.8981318" lon="10.0927115">
        <ele>2088.2</ele>
        <time>2026-09-21T11:42:37Z</time>
        <hdop>11.2</hdop>
        <extensions>
          <osmand:speed>1</osmand:speed>
        </extensions>
      </trkpt>
      <trkpt lat="46.8981863" lon="10.0927087">
        <ele>2089.2</ele>
        <time>2026-09-21T11:42:43Z</time>
        <hdop>10.2</hdop>
        <extensions>
          <osmand:speed>1.3</osmand:speed>
        </extensions>
      </trkpt>
      <trkpt lat="46.8982415" lon="10.0926981">
        <ele>2089.2</ele>
        <time>2026-09-21T11:42:49Z</time>
        <hdop>10.7</hdop>
        <extensions>
          <osmand:speed>0.9</osmand:speed>
        </extensions>
      </trkpt>
      <trkpt lat="46.8982629" lon="10.0927614">
        <ele>2089.2</ele>
        <time>2026-09-21T11:42:55Z</time>
        <hdop>11.2</hdop>
        <extensions>
          <osmand:speed>1.4</osmand:speed>
        </extensions>
      </trkpt>
      <trkpt lat="46.8983006" lon="10.0927919">
        <ele>2088.2</ele>
        <time>2026-09-21T11:43:01Z</time>
        <hdop>11.2</hdop>
        <extensions>
          <osmand:speed>0.6</osmand:speed>
        </extensions>
      </trkpt>
      <trkpt lat="46.8983397" lon="10.092822">
        <ele>2088.2</ele>
        <time>2026-09-21T11:43:07Z</time>
        <hdop>11.2</hdop>
        <extensions>
          <osmand:speed>1.4</osmand:speed>
        </extensions>
      </trkpt>
      <trkpt lat="46.8984025" lon="10.0928712">
        <ele>2088.2</ele>
        <time>2026-09-21T11:43:13Z</time>
        <hdop>13.8</hdop>
        <extensions>
          <osmand:speed>1.3</osmand:speed>
        </extensions>
      </trkpt>
      <trkpt lat="46.8984533" lon="10.0929208">
        <ele>2088.2</ele>
        <time>2026-09-21T11:43:19Z</time>
        <hdop>12.2</hdop>
        <extensions>
          <osmand:speed>1</osmand:speed>
        </extensions>
      </trkpt>
      <trkpt lat="46.8984887" lon="10.0929781">
        <ele>2086.2</ele>
        <time>2026-09-21T11:43:25Z</time>
        <hdop>10.7</hdop>
        <extensions>
          <osmand:speed>1.1</osmand:speed>
        </extensions>
      </trkpt>
      <trkpt lat="46.8985404" lon="10.0930195">
        <ele>2086.2</ele>
        <time>2026-09-21T11:43:31Z</time>
        <hdop>10.2</hdop>
        <extensions>
          <osmand:speed>1.1</osmand:speed>
        </extensions>
      </trkpt>
      <trkpt lat="46.8985912" lon="10.093093">
        <ele>2087.2</ele>
        <time>2026-09-21T11:43:37Z</time>
        <hdop>10.2</hdop>
        <extensions>
          <osmand:speed>0.9</osmand:speed>
        </extensions>
      </trkpt>
      <trkpt lat="46.8986134" lon="10.0931658">
        <ele>2086.2</ele>
        <time>2026-09-21T11:43:43Z</time>
        <hdop>10.2</hdop>
        <extensions>
          <osmand:speed>0.7</osmand:speed>
        </extensions>
      </trkpt>
      <trkpt lat="46.8986488" lon="10.0932348">
        <ele>2086.2</ele>
        <time>2026-09-21T11:43:49Z</time>
        <hdop>10.7</hdop>
        <extensions>
          <osmand:speed>0.8</osmand:speed>
        </extensions>
      </trkpt>
      <trkpt lat="46.8986762" lon="10.0932808">
        <ele>2086.2</ele>
        <time>2026-09-21T11:43:55Z</time>
        <hdop>10.7</hdop>
      </trkpt>
      <trkpt lat="46.8987085" lon="10.0932815">
        <ele>2088.2</ele>
        <time>2026-09-21T11:44:01Z</time>
        <hdop>10.2</hdop>
        <extensions>
          <osmand:speed>1.2</osmand:speed>
        </extensions>
      </trkpt>
      <trkpt lat="46.8987666" lon="10.093321">
        <ele>2088.2</ele>
        <time>2026-09-21T11:44:07Z</time>
        <hdop>10.2</hdop>
        <extensions>
          <osmand:speed>1.1</osmand:speed>
        </extensions>
      </trkpt>
      <trkpt lat="46.8987987" lon="10.0933922">
        <ele>2089.2</ele>
        <time>2026-09-21T11:44:13Z</time>
        <hdop>10.2</hdop>
        <extensions>
          <osmand:speed>1</osmand:speed>
        </extensions>
      </trkpt>
      <trkpt lat="46.8988434" lon="10.0934637">
        <ele>2089.2</ele>
        <time>2026-09-21T11:44:19Z</time>
        <hdop>9.7</hdop>
        <extensions>
          <osmand:speed>1.5</osmand:speed>
        </extensions>
      </trkpt>
      <trkpt lat="46.8988616" lon="10.0935699">
        <ele>2089.2</ele>
        <time>2026-09-21T11:44:25Z</time>
        <hdop>9.2</hdop>
        <extensions>
          <osmand:speed>1.6</osmand:speed>
        </extensions>
      </trkpt>
      <trkpt lat="46.8988834" lon="10.0936902">
        <ele>2089.2</ele>
        <time>2026-09-21T11:44:31Z</time>
        <hdop>10.2</hdop>
        <extensions>
          <osmand:speed>1.8</osmand:speed>
        </extensions>
      </trkpt>
      <trkpt lat="46.898901" lon="10.0937967">
        <ele>2089.2</ele>
        <time>2026-09-21T11:44:37Z</time>
        <hdop>10.7</hdop>
        <extensions>
          <osmand:speed>1.5</osmand:speed>
        </extensions>
      </trkpt>
      <trkpt lat="46.8989064" lon="10.0938833">
        <ele>2090.2</ele>
        <time>2026-09-21T11:44:43Z</time>
        <hdop>12.2</hdop>
        <extensions>
          <osmand:speed>1.2</osmand:speed>
        </extensions>
      </trkpt>
      <trkpt lat="46.898943" lon="10.0939361">
        <ele>2090.2</ele>
        <time>2026-09-21T11:44:49Z</time>
        <hdop>10.7</hdop>
        <extensions>
          <osmand:speed>1.5</osmand:speed>
        </extensions>
      </trkpt>
      <trkpt lat="46.899001" lon="10.0940089">
        <ele>2090.2</ele>
        <time>2026-09-21T11:44:55Z</time>
        <hdop>7.7</hdop>
        <extensions>
          <osmand:speed>0.9</osmand:speed>
        </extensions>
      </trkpt>
      <trkpt lat="46.8990247" lon="10.0941083">
        <ele>2090.2</ele>
        <time>2026-09-21T11:45:01Z</time>
        <hdop>10.7</hdop>
        <extensions>
          <osmand:speed>1.1</osmand:speed>
        </extensions>
      </trkpt>
      <trkpt lat="46.8990912" lon="10.0941772">
        <ele>2089.2</ele>
        <time>2026-09-21T11:45:07Z</time>
        <hdop>10.7</hdop>
        <extensions>
          <osmand:speed>1.2</osmand:speed>
        </extensions>
      </trkpt>
      <trkpt lat="46.899119" lon="10.094283">
        <ele>2088.2</ele>
        <time>2026-09-21T11:45:13Z</time>
        <hdop>10.7</hdop>
        <extensions>
          <osmand:speed>1.4</osmand:speed>
        </extensions>
      </trkpt>
      <trkpt lat="46.8991347" lon="10.0943493">
        <ele>2089.2</ele>
        <time>2026-09-21T11:45:19Z</time>
        <hdop>8.7</hdop>
        <extensions>
          <osmand:speed>1.4</osmand:speed>
        </extensions>
      </trkpt>
      <trkpt lat="46.8991695" lon="10.0944296">
        <ele>2088.2</ele>
        <time>2026-09-21T11:45:25Z</time>
        <hdop>11.2</hdop>
        <extensions>
          <osmand:speed>1.1</osmand:speed>
        </extensions>
      </trkpt>
      <trkpt lat="46.8992155" lon="10.0945143">
        <ele>2087.2</ele>
        <time>2026-09-21T11:45:31Z</time>
        <hdop>10.7</hdop>
        <extensions>
          <osmand:speed>1.5</osmand:speed>
        </extensions>
      </trkpt>
      <trkpt lat="46.8992673" lon="10.0945793">
        <ele>2086.2</ele>
        <time>2026-09-21T11:45:37Z</time>
        <hdop>11.7</hdop>
        <extensions>
          <osmand:speed>1.4</osmand:speed>
        </extensions>
      </trkpt>
      <trkpt lat="46.8993089" lon="10.0946351">
        <ele>2085.2</ele>
        <time>2026-09-21T11:45:43Z</time>
        <hdop>10.7</hdop>
        <extensions>
          <osmand:speed>1.2</osmand:speed>
        </extensions>
      </trkpt>
      <trkpt lat="46.8993593" lon="10.0946745">
        <ele>2085.2</ele>
        <time>2026-09-21T11:45:49Z</time>
        <hdop>9.7</hdop>
        <extensions>
          <osmand:speed>0.8</osmand:speed>
        </extensions>
      </trkpt>
      <trkpt lat="46.899419" lon="10.0947439">
        <ele>2086.2</ele>
        <time>2026-09-21T11:45:55Z</time>
        <hdop>9.2</hdop>
        <extensions>
          <osmand:speed>1.2</osmand:speed>
        </extensions>
      </trkpt>
      <trkpt lat="46.8994775" lon="10.0947843">
        <ele>2088.2</ele>
        <time>2026-09-21T11:46:01Z</time>
        <hdop>9.2</hdop>
        <extensions>
          <osmand:speed>0.6</osmand:speed>
        </extensions>
      </trkpt>
      <trkpt lat="46.8995414" lon="10.0948438">
        <ele>2087.2</ele>
        <time>2026-09-21T11:46:07Z</time>
        <hdop>10.2</hdop>
        <extensions>
          <osmand:speed>1.4</osmand:speed>
        </extensions>
      </trkpt>
      <trkpt lat="46.8996126" lon="10.0948672">
        <ele>2087.2</ele>
        <time>2026-09-21T11:46:13Z</time>
        <hdop>9.2</hdop>
        <extensions>
          <osmand:speed>1</osmand:speed>
        </extensions>
      </trkpt>
      <trkpt lat="46.8996558" lon="10.094915">
        <ele>2086.2</ele>
        <time>2026-09-21T11:46:19Z</time>
        <hdop>10.2</hdop>
        <extensions>
          <osmand:speed>1.2</osmand:speed>
        </extensions>
      </trkpt>
      <trkpt lat="46.8996946" lon="10.0949939">
        <ele>2084.2</ele>
        <time>2026-09-21T11:46:25Z</time>
        <hdop>9.7</hdop>
        <extensions>
          <osmand:speed>1.2</osmand:speed>
        </extensions>
      </trkpt>
      <trkpt lat="46.8997467" lon="10.0950426">
        <ele>2084.2</ele>
        <time>2026-09-21T11:46:31Z</time>
        <hdop>9.7</hdop>
        <extensions>
          <osmand:speed>0.8</osmand:speed>
        </extensions>
      </trkpt>
      <trkpt lat="46.8998042" lon="10.0950065">
        <ele>2084.2</ele>
        <time>2026-09-21T11:46:37Z</time>
        <hdop>9.2</hdop>
        <extensions>
          <osmand:speed>1.6</osmand:speed>
        </extensions>
      </trkpt>
      <trkpt lat="46.8998344" lon="10.0950411">
        <ele>2083.2</ele>
        <time>2026-09-21T11:46:43Z</time>
        <hdop>6.1</hdop>
        <extensions>
          <osmand:speed>1</osmand:speed>
        </extensions>
      </trkpt>
      <trkpt lat="46.8998537" lon="10.0950678">
        <ele>2081.2</ele>
        <time>2026-09-21T11:46:49Z</time>
        <hdop>12.2</hdop>
        <extensions>
          <osmand:speed>0.7</osmand:speed>
        </extensions>
      </trkpt>
      <trkpt lat="46.8998676" lon="10.0951105">
        <ele>2081.2</ele>
        <time>2026-09-21T11:46:55Z</time>
        <hdop>9.2</hdop>
        <extensions>
          <osmand:speed>0.4</osmand:speed>
        </extensions>
      </trkpt>
      <trkpt lat="46.8999333" lon="10.0950876">
        <ele>2081.2</ele>
        <time>2026-09-21T11:47:01Z</time>
        <hdop>10.2</hdop>
        <extensions>
          <osmand:speed>1.2</osmand:speed>
        </extensions>
      </trkpt>
      <trkpt lat="46.8999904" lon="10.0951193">
        <ele>2081.2</ele>
        <time>2026-09-21T11:47:07Z</time>
        <hdop>11.2</hdop>
        <extensions>
          <osmand:speed>1.4</osmand:speed>
        </extensions>
      </trkpt>
      <trkpt lat="46.9000478" lon="10.0951753">
        <ele>2080.2</ele>
        <time>2026-09-21T11:47:13Z</time>
        <hdop>10.7</hdop>
        <extensions>
          <osmand:speed>1.2</osmand:speed>
        </extensions>
      </trkpt>
      <trkpt lat="46.9000922" lon="10.0952305">
        <ele>2080.2</ele>
        <time>2026-09-21T11:47:19Z</time>
        <hdop>9.7</hdop>
        <extensions>
          <osmand:speed>1.6</osmand:speed>
        </extensions>
      </trkpt>
      <trkpt lat="46.9001574" lon="10.09527">
        <ele>2079.2</ele>
        <time>2026-09-21T11:47:25Z</time>
        <hdop>7.1</hdop>
        <extensions>
          <osmand:speed>1.3</osmand:speed>
        </extensions>
      </trkpt>
      <trkpt lat="46.9001904" lon="10.0953111">
        <ele>2079.2</ele>
        <time>2026-09-21T11:47:31Z</time>
        <hdop>9.2</hdop>
        <extensions>
          <osmand:speed>1.3</osmand:speed>
        </extensions>
      </trkpt>
      <trkpt lat="46.9002162" lon="10.0953707">
        <ele>2078.2</ele>
        <time>2026-09-21T11:47:37Z</time>
        <hdop>9.7</hdop>
        <extensions>
          <osmand:speed>1</osmand:speed>
        </extensions>
      </trkpt>
      <trkpt lat="46.9002578" lon="10.0954288">
        <ele>2079.2</ele>
        <time>2026-09-21T11:47:43Z</time>
        <hdop>7.1</hdop>
        <extensions>
          <osmand:speed>0.9</osmand:speed>
        </extensions>
      </trkpt>
      <trkpt lat="46.9002961" lon="10.0954736">
        <ele>2079.2</ele>
        <time>2026-09-21T11:47:49Z</time>
        <hdop>7.1</hdop>
        <extensions>
          <osmand:speed>0.9</osmand:speed>
        </extensions>
      </trkpt>
      <trkpt lat="46.9003545" lon="10.0955304">
        <ele>2078.2</ele>
        <time>2026-09-21T11:47:55Z</time>
        <hdop>10.2</hdop>
        <extensions>
          <osmand:speed>0.6</osmand:speed>
        </extensions>
      </trkpt>
      <trkpt lat="46.9004193" lon="10.095578">
        <ele>2079.2</ele>
        <time>2026-09-21T11:48:01Z</time>
        <hdop>9.2</hdop>
        <extensions>
          <osmand:speed>1.3</osmand:speed>
        </extensions>
      </trkpt>
      <trkpt lat="46.9004843" lon="10.0956299">
        <ele>2079.2</ele>
        <time>2026-09-21T11:48:07Z</time>
        <hdop>9.2</hdop>
        <extensions>
          <osmand:speed>1.4</osmand:speed>
        </extensions>
      </trkpt>
      <trkpt lat="46.900535" lon="10.0956854">
        <ele>2079.2</ele>
        <time>2026-09-21T11:48:13Z</time>
        <hdop>10.2</hdop>
        <extensions>
          <osmand:speed>1</osmand:speed>
        </extensions>
      </trkpt>
      <trkpt lat="46.9005753" lon="10.0957504">
        <ele>2079.2</ele>
        <time>2026-09-21T11:48:19Z</time>
        <hdop>11.2</hdop>
        <extensions>
          <osmand:speed>0.9</osmand:speed>
        </extensions>
      </trkpt>
      <trkpt lat="46.9005957" lon="10.095774">
        <ele>2079.2</ele>
        <time>2026-09-21T11:48:25Z</time>
        <hdop>10.2</hdop>
        <extensions>
          <osmand:speed>0.8</osmand:speed>
        </extensions>
      </trkpt>
      <trkpt lat="46.9006202" lon="10.0957859">
        <ele>2078.2</ele>
        <time>2026-09-21T11:48:31Z</time>
        <hdop>11.2</hdop>
        <extensions>
          <osmand:speed>0.2</osmand:speed>
        </extensions>
      </trkpt>
      <trkpt lat="46.9006709" lon="10.0958212">
        <ele>2078.2</ele>
        <time>2026-09-21T11:48:37Z</time>
        <hdop>11.2</hdop>
        <extensions>
          <osmand:speed>1.5</osmand:speed>
        </extensions>
      </trkpt>
      <trkpt lat="46.9007195" lon="10.0958538">
        <ele>2079.2</ele>
        <time>2026-09-21T11:48:43Z</time>
        <hdop>11.7</hdop>
        <extensions>
          <osmand:speed>1.1</osmand:speed>
        </extensions>
      </trkpt>
      <trkpt lat="46.9007613" lon="10.0959044">
        <ele>2079.2</ele>
        <time>2026-09-21T11:48:49Z</time>
        <hdop>8.7</hdop>
        <extensions>
          <osmand:speed>0.8</osmand:speed>
        </extensions>
      </trkpt>
      <trkpt lat="46.9007918" lon="10.0959893">
        <ele>2079.2</ele>
        <time>2026-09-21T11:48:55Z</time>
        <hdop>10.2</hdop>
        <extensions>
          <osmand:speed>1</osmand:speed>
        </extensions>
      </trkpt>
      <trkpt lat="46.9008311" lon="10.0960328">
        <ele>2079.2</ele>
        <time>2026-09-21T11:49:01Z</time>
        <hdop>11.7</hdop>
        <extensions>
          <osmand:speed>0.9</osmand:speed>
        </extensions>
      </trkpt>
      <trkpt lat="46.900888" lon="10.0960763">
        <ele>2079.2</ele>
        <time>2026-09-21T11:49:07Z</time>
        <hdop>9.7</hdop>
        <extensions>
          <osmand:speed>1</osmand:speed>
        </extensions>
      </trkpt>
      <trkpt lat="46.9009134" lon="10.0961382">
        <ele>2079.2</ele>
        <time>2026-09-21T11:49:13Z</time>
        <hdop>8.7</hdop>
        <extensions>
          <osmand:speed>0.9</osmand:speed>
        </extensions>
      </trkpt>
      <trkpt lat="46.9009637" lon="10.0961945">
        <ele>2078.2</ele>
        <time>2026-09-21T11:49:19Z</time>
        <hdop>9.7</hdop>
        <extensions>
          <osmand:speed>1</osmand:speed>
        </extensions>
      </trkpt>
      <trkpt lat="46.9009988" lon="10.0962778">
        <ele>2077.2</ele>
        <time>2026-09-21T11:49:25Z</time>
        <hdop>10.7</hdop>
        <extensions>
          <osmand:speed>1</osmand:speed>
        </extensions>
      </trkpt>
      <trkpt lat="46.9010578" lon="10.0963558">
        <ele>2076.2</ele>
        <time>2026-09-21T11:49:31Z</time>
        <hdop>7.7</hdop>
        <extensions>
          <osmand:speed>1.1</osmand:speed>
        </extensions>
      </trkpt>
      <trkpt lat="46.9010749" lon="10.0964054">
        <ele>2075.2</ele>
        <time>2026-09-21T11:49:37Z</time>
        <hdop>9.7</hdop>
        <extensions>
          <osmand:speed>0.4</osmand:speed>
        </extensions>
      </trkpt>
      <trkpt lat="46.9010916" lon="10.0964415">
        <ele>2075.2</ele>
        <time>2026-09-21T11:49:43Z</time>
        <hdop>11.7</hdop>
        <extensions>
          <osmand:speed>0.6</osmand:speed>
        </extensions>
      </trkpt>
      <trkpt lat="46.9011396" lon="10.0964243">
        <ele>2076.2</ele>
        <time>2026-09-21T11:49:49Z</time>
        <hdop>11.7</hdop>
        <extensions>
          <osmand:speed>0.6</osmand:speed>
        </extensions>
      </trkpt>
      <trkpt lat="46.9012001" lon="10.0964691">
        <ele>2077.2</ele>
        <time>2026-09-21T11:49:55Z</time>
        <hdop>11.2</hdop>
        <extensions>
          <osmand:speed>1.6</osmand:speed>
        </extensions>
      </trkpt>
      <trkpt lat="46.9012632" lon="10.0965177">
        <ele>2078.2</ele>
        <time>2026-09-21T11:50:01Z</time>
        <hdop>10.7</hdop>
        <extensions>
          <osmand:speed>1.1</osmand:speed>
        </extensions>
      </trkpt>
      <trkpt lat="46.9013203" lon="10.0965129">
        <ele>2079.2</ele>
        <time>2026-09-21T11:50:07Z</time>
        <hdop>11.2</hdop>
        <extensions>
          <osmand:speed>1.1</osmand:speed>
        </extensions>
      </trkpt>
      <trkpt lat="46.9013846" lon="10.096534">
        <ele>2079.2</ele>
        <time>2026-09-21T11:50:13Z</time>
        <hdop>10.7</hdop>
        <extensions>
          <osmand:speed>1.4</osmand:speed>
        </extensions>
      </trkpt>
      <trkpt lat="46.9014602" lon="10.0965416">
        <ele>2078.2</ele>
        <time>2026-09-21T11:50:19Z</time>
        <hdop>8.7</hdop>
        <extensions>
          <osmand:speed>1</osmand:speed>
        </extensions>
      </trkpt>
      <trkpt lat="46.9015048" lon="10.0965889">
        <ele>2078.2</ele>
        <time>2026-09-21T11:50:25Z</time>
        <hdop>10.2</hdop>
        <extensions>
          <osmand:speed>0.9</osmand:speed>
        </extensions>
      </trkpt>
      <trkpt lat="46.9015573" lon="10.0966033">
        <ele>2078.2</ele>
        <time>2026-09-21T11:50:31Z</time>
        <hdop>9.2</hdop>
        <extensions>
          <osmand:speed>1</osmand:speed>
        </extensions>
      </trkpt>
      <trkpt lat="46.9016214" lon="10.0966246">
        <ele>2078.2</ele>
        <time>2026-09-21T11:50:37Z</time>
        <hdop>9.7</hdop>
        <extensions>
          <osmand:speed>1.4</osmand:speed>
        </extensions>
      </trkpt>
      <trkpt lat="46.9016822" lon="10.0966609">
        <ele>2076.2</ele>
        <time>2026-09-21T11:50:43Z</time>
        <hdop>9.7</hdop>
        <extensions>
          <osmand:speed>1.4</osmand:speed>
        </extensions>
      </trkpt>
      <trkpt lat="46.9017565" lon="10.0966703">
        <ele>2075.2</ele>
        <time>2026-09-21T11:50:49Z</time>
        <hdop>10.7</hdop>
        <extensions>
          <osmand:speed>1.3</osmand:speed>
        </extensions>
      </trkpt>
      <trkpt lat="46.9017798" lon="10.09668">
        <ele>2077.2</ele>
        <time>2026-09-21T11:51:02Z</time>
        <hdop>9.7</hdop>
        <extensions>
          <osmand:speed>1</osmand:speed>
        </extensions>
      </trkpt>
      <trkpt lat="46.9018397" lon="10.0967145">
        <ele>2077.2</ele>
        <time>2026-09-21T11:51:08Z</time>
        <hdop>9.2</hdop>
        <extensions>
          <osmand:speed>1.1</osmand:speed>
        </extensions>
      </trkpt>
      <trkpt lat="46.9018876" lon="10.0967288">
        <ele>2077.2</ele>
        <time>2026-09-21T11:51:14Z</time>
        <hdop>10.2</hdop>
        <extensions>
          <osmand:speed>1.2</osmand:speed>
        </extensions>
      </trkpt>
      <trkpt lat="46.9019471" lon="10.0967547">
        <ele>2076.2</ele>
        <time>2026-09-21T11:51:20Z</time>
        <hdop>11.7</hdop>
        <extensions>
          <osmand:speed>1</osmand:speed>
        </extensions>
      </trkpt>
      <trkpt lat="46.9019905" lon="10.0967591">
        <ele>2075.2</ele>
        <time>2026-09-21T11:51:26Z</time>
        <hdop>9.7</hdop>
        <extensions>
          <osmand:speed>1.4</osmand:speed>
        </extensions>
      </trkpt>
      <trkpt lat="46.9020464" lon="10.0968077">
        <ele>2074.2</ele>
        <time>2026-09-21T11:51:32Z</time>
        <hdop>9.7</hdop>
        <extensions>
          <osmand:speed>1.4</osmand:speed>
        </extensions>
      </trkpt>
      <trkpt lat="46.9021032" lon="10.0968158">
        <ele>2074.2</ele>
        <time>2026-09-21T11:51:38Z</time>
        <hdop>10.2</hdop>
        <extensions>
          <osmand:speed>1.3</osmand:speed>
        </extensions>
      </trkpt>
      <trkpt lat="46.9021665" lon="10.0968013">
        <ele>2074.2</ele>
        <time>2026-09-21T11:51:44Z</time>
        <hdop>10.7</hdop>
        <extensions>
          <osmand:speed>1</osmand:speed>
        </extensions>
      </trkpt>
      <trkpt lat="46.9022232" lon="10.0967007">
        <ele>2073.2</ele>
        <time>2026-09-21T11:51:50Z</time>
        <hdop>11.2</hdop>
        <extensions>
          <osmand:speed>1.4</osmand:speed>
        </extensions>
      </trkpt>
      <trkpt lat="46.9022771" lon="10.0967072">
        <ele>2072.2</ele>
        <time>2026-09-21T11:51:56Z</time>
        <hdop>9.7</hdop>
        <extensions>
          <osmand:speed>1.7</osmand:speed>
        </extensions>
      </trkpt>
      <trkpt lat="46.9023351" lon="10.0967445">
        <ele>2072.2</ele>
        <time>2026-09-21T11:52:02Z</time>
        <hdop>9.7</hdop>
        <extensions>
          <osmand:speed>1</osmand:speed>
        </extensions>
      </trkpt>
      <trkpt lat="46.9023934" lon="10.0967511">
        <ele>2072.2</ele>
        <time>2026-09-21T11:52:08Z</time>
        <hdop>9.7</hdop>
        <extensions>
          <osmand:speed>1.3</osmand:speed>
        </extensions>
      </trkpt>
      <trkpt lat="46.9024388" lon="10.096749">
        <ele>2071.2</ele>
        <time>2026-09-21T11:52:14Z</time>
        <hdop>11.2</hdop>
        <extensions>
          <osmand:speed>1</osmand:speed>
        </extensions>
      </trkpt>
      <trkpt lat="46.9024797" lon="10.0967665">
        <ele>2072.2</ele>
        <time>2026-09-21T11:52:20Z</time>
        <hdop>10.2</hdop>
        <extensions>
          <osmand:speed>0.6</osmand:speed>
        </extensions>
      </trkpt>
      <trkpt lat="46.9025247" lon="10.0968029">
        <ele>2072.2</ele>
        <time>2026-09-21T11:52:26Z</time>
        <hdop>10.2</hdop>
        <extensions>
          <osmand:speed>1</osmand:speed>
        </extensions>
      </trkpt>
      <trkpt lat="46.9025921" lon="10.0968342">
        <ele>2072.2</ele>
        <time>2026-09-21T11:52:32Z</time>
        <hdop>11.7</hdop>
        <extensions>
          <osmand:speed>1.1</osmand:speed>
        </extensions>
      </trkpt>
      <trkpt lat="46.9026531" lon="10.0968408">
        <ele>2071.2</ele>
        <time>2026-09-21T11:52:38Z</time>
        <hdop>10.2</hdop>
        <extensions>
          <osmand:speed>0.7</osmand:speed>
        </extensions>
      </trkpt>
      <trkpt lat="46.9027204" lon="10.0968628">
        <ele>2071.2</ele>
        <time>2026-09-21T11:52:44Z</time>
        <hdop>10.2</hdop>
        <extensions>
          <osmand:speed>1.3</osmand:speed>
        </extensions>
      </trkpt>
      <trkpt lat="46.9027719" lon="10.0968597">
        <ele>2071.2</ele>
        <time>2026-09-21T11:52:50Z</time>
        <hdop>10.2</hdop>
        <extensions>
          <osmand:speed>0.9</osmand:speed>
        </extensions>
      </trkpt>
      <trkpt lat="46.9028301" lon="10.0968893">
        <ele>2072.2</ele>
        <time>2026-09-21T11:52:56Z</time>
        <hdop>10.2</hdop>
        <extensions>
          <osmand:speed>1</osmand:speed>
        </extensions>
      </trkpt>
      <trkpt lat="46.9028996" lon="10.0968807">
        <ele>2070.2</ele>
        <time>2026-09-21T11:53:02Z</time>
        <hdop>9.7</hdop>
        <extensions>
          <osmand:speed>1.2</osmand:speed>
        </extensions>
      </trkpt>
      <trkpt lat="46.9029597" lon="10.0968999">
        <ele>2068.2</ele>
        <time>2026-09-21T11:53:08Z</time>
        <hdop>9.2</hdop>
        <extensions>
          <osmand:speed>1.4</osmand:speed>
        </extensions>
      </trkpt>
      <trkpt lat="46.9030329" lon="10.0969508">
        <ele>2068.2</ele>
        <time>2026-09-21T11:53:14Z</time>
        <hdop>9.2</hdop>
        <extensions>
          <osmand:speed>1.1</osmand:speed>
        </extensions>
      </trkpt>
      <trkpt lat="46.9030791" lon="10.0969544">
        <ele>2069.2</ele>
        <time>2026-09-21T11:53:20Z</time>
        <hdop>9.7</hdop>
        <extensions>
          <osmand:speed>0.4</osmand:speed>
        </extensions>
      </trkpt>
      <trkpt lat="46.903134" lon="10.0969717">
        <ele>2068.2</ele>
        <time>2026-09-21T11:53:26Z</time>
        <hdop>9.2</hdop>
        <extensions>
          <osmand:speed>1.1</osmand:speed>
        </extensions>
      </trkpt>
      <trkpt lat="46.9031773" lon="10.096947">
        <ele>2069.2</ele>
        <time>2026-09-21T11:53:32Z</time>
        <hdop>10.2</hdop>
        <extensions>
          <osmand:speed>0.5</osmand:speed>
        </extensions>
      </trkpt>
      <trkpt lat="46.9032255" lon="10.0969639">
        <ele>2068.2</ele>
        <time>2026-09-21T11:53:38Z</time>
        <hdop>9.7</hdop>
        <extensions>
          <osmand:speed>0.7</osmand:speed>
        </extensions>
      </trkpt>
      <trkpt lat="46.9032783" lon="10.0969648">
        <ele>2068.2</ele>
        <time>2026-09-21T11:53:44Z</time>
        <hdop>10.7</hdop>
        <extensions>
          <osmand:speed>1.2</osmand:speed>
        </extensions>
      </trkpt>
      <trkpt lat="46.9033062" lon="10.0968924">
        <ele>2067.2</ele>
        <time>2026-09-21T11:53:50Z</time>
        <hdop>9.7</hdop>
        <extensions>
          <osmand:speed>1.4</osmand:speed>
        </extensions>
      </trkpt>
      <trkpt lat="46.9033256" lon="10.0968057">
        <ele>2067.2</ele>
        <time>2026-09-21T11:53:56Z</time>
        <hdop>8.2</hdop>
        <extensions>
          <osmand:speed>1.3</osmand:speed>
        </extensions>
      </trkpt>
      <trkpt lat="46.9033776" lon="10.0967628">
        <ele>2067.2</ele>
        <time>2026-09-21T11:54:02Z</time>
        <hdop>9.7</hdop>
        <extensions>
          <osmand:speed>1</osmand:speed>
        </extensions>
      </trkpt>
      <trkpt lat="46.9034321" lon="10.0967469">
        <ele>2066.2</ele>
        <time>2026-09-21T11:54:08Z</time>
        <hdop>9.7</hdop>
        <extensions>
          <osmand:speed>1.2</osmand:speed>
        </extensions>
      </trkpt>
      <trkpt lat="46.903484" lon="10.0967411">
        <ele>2067.2</ele>
        <time>2026-09-21T11:54:14Z</time>
        <hdop>10.2</hdop>
        <extensions>
          <osmand:speed>1</osmand:speed>
        </extensions>
      </trkpt>
      <trkpt lat="46.9035472" lon="10.096756">
        <ele>2065.2</ele>
        <time>2026-09-21T11:54:20Z</time>
        <hdop>11.7</hdop>
        <extensions>
          <osmand:speed>1.3</osmand:speed>
        </extensions>
      </trkpt>
      <trkpt lat="46.9035989" lon="10.0967745">
        <ele>2065.2</ele>
        <time>2026-09-21T11:54:26Z</time>
        <hdop>7.1</hdop>
        <extensions>
          <osmand:speed>1</osmand:speed>
        </extensions>
      </trkpt>
      <trkpt lat="46.9036523" lon="10.0968134">
        <ele>2066.2</ele>
        <time>2026-09-21T11:54:32Z</time>
        <hdop>10.7</hdop>
        <extensions>
          <osmand:speed>1.8</osmand:speed>
        </extensions>
      </trkpt>
      <trkpt lat="46.9037089" lon="10.0969037">
        <ele>2065.2</ele>
        <time>2026-09-21T11:54:38Z</time>
        <hdop>9.2</hdop>
        <extensions>
          <osmand:speed>0.8</osmand:speed>
        </extensions>
      </trkpt>
      <trkpt lat="46.9037502" lon="10.0969179">
        <ele>2064.2</ele>
        <time>2026-09-21T11:54:44Z</time>
        <hdop>7.1</hdop>
        <extensions>
          <osmand:speed>1.2</osmand:speed>
        </extensions>
      </trkpt>
      <trkpt lat="46.9037922" lon="10.0969363">
        <ele>2063.2</ele>
        <time>2026-09-21T11:54:50Z</time>
        <hdop>9.2</hdop>
        <extensions>
          <osmand:speed>1</osmand:speed>
        </extensions>
      </trkpt>
      <trkpt lat="46.9038481" lon="10.0969435">
        <ele>2063.2</ele>
        <time>2026-09-21T11:54:56Z</time>
        <hdop>11.2</hdop>
        <extensions>
          <osmand:speed>1.2</osmand:speed>
        </extensions>
      </trkpt>
      <trkpt lat="46.9039118" lon="10.0969616">
        <ele>2064.2</ele>
        <time>2026-09-21T11:55:02Z</time>
        <hdop>9.7</hdop>
        <extensions>
          <osmand:speed>1</osmand:speed>
        </extensions>
      </trkpt>
      <trkpt lat="46.9039753" lon="10.0969716">
        <ele>2063.2</ele>
        <time>2026-09-21T11:55:08Z</time>
        <hdop>9.7</hdop>
        <extensions>
          <osmand:speed>1.2</osmand:speed>
        </extensions>
      </trkpt>
      <trkpt lat="46.9040453" lon="10.0969785">
        <ele>2063.2</ele>
        <time>2026-09-21T11:55:14Z</time>
        <hdop>9.2</hdop>
        <extensions>
          <osmand:speed>1</osmand:speed>
        </extensions>
      </trkpt>
      <trkpt lat="46.9040973" lon="10.0969994">
        <ele>2064.2</ele>
        <time>2026-09-21T11:55:20Z</time>
        <hdop>7.7</hdop>
        <extensions>
          <osmand:speed>0.6</osmand:speed>
        </extensions>
      </trkpt>
      <trkpt lat="46.9041435" lon="10.0969787">
        <ele>2063.2</ele>
        <time>2026-09-21T11:55:26Z</time>
        <hdop>10.7</hdop>
        <extensions>
          <osmand:speed>1.4</osmand:speed>
        </extensions>
      </trkpt>
      <trkpt lat="46.9042154" lon="10.0969928">
        <ele>2062.2</ele>
        <time>2026-09-21T11:55:32Z</time>
        <hdop>7.1</hdop>
        <extensions>
          <osmand:speed>1.1</osmand:speed>
        </extensions>
      </trkpt>
      <trkpt lat="46.9042623" lon="10.0970341">
        <ele>2062.2</ele>
        <time>2026-09-21T11:55:38Z</time>
        <hdop>9.2</hdop>
        <extensions>
          <osmand:speed>0.9</osmand:speed>
        </extensions>
      </trkpt>
      <trkpt lat="46.9043054" lon="10.0971003">
        <ele>2061.2</ele>
        <time>2026-09-21T11:55:44Z</time>
        <hdop>9.2</hdop>
        <extensions>
          <osmand:speed>0.8</osmand:speed>
        </extensions>
      </trkpt>
      <trkpt lat="46.9043451" lon="10.0971361">
        <ele>2061.2</ele>
        <time>2026-09-21T11:55:50Z</time>
        <hdop>9.2</hdop>
        <extensions>
          <osmand:speed>1.1</osmand:speed>
        </extensions>
      </trkpt>
      <trkpt lat="46.9043857" lon="10.0971903">
        <ele>2062.2</ele>
        <time>2026-09-21T11:55:56Z</time>
        <hdop>10.7</hdop>
        <extensions>
          <osmand:speed>0.8</osmand:speed>
        </extensions>
      </trkpt>
      <trkpt lat="46.9044249" lon="10.0972587">
        <ele>2061.2</ele>
        <time>2026-09-21T11:56:02Z</time>
        <hdop>10.2</hdop>
        <extensions>
          <osmand:speed>1.2</osmand:speed>
        </extensions>
      </trkpt>
      <trkpt lat="46.9044689" lon="10.0973298">
        <ele>2060.2</ele>
        <time>2026-09-21T11:56:08Z</time>
        <hdop>10.7</hdop>
        <extensions>
          <osmand:speed>0.7</osmand:speed>
        </extensions>
      </trkpt>
      <trkpt lat="46.904523" lon="10.0973954">
        <ele>2060.2</ele>
        <time>2026-09-21T11:56:14Z</time>
        <hdop>11.2</hdop>
        <extensions>
          <osmand:speed>1.5</osmand:speed>
        </extensions>
      </trkpt>
      <trkpt lat="46.9045832" lon="10.0974229">
        <ele>2061.2</ele>
        <time>2026-09-21T11:56:20Z</time>
        <hdop>11.2</hdop>
        <extensions>
          <osmand:speed>0.8</osmand:speed>
        </extensions>
      </trkpt>
      <trkpt lat="46.9046027" lon="10.0974602">
        <ele>2061.2</ele>
        <time>2026-09-21T11:56:26Z</time>
        <hdop>9.2</hdop>
        <extensions>
          <osmand:speed>0.5</osmand:speed>
        </extensions>
      </trkpt>
      <trkpt lat="46.9046327" lon="10.0974809">
        <ele>2061.2</ele>
        <time>2026-09-21T11:56:32Z</time>
        <hdop>8.7</hdop>
        <extensions>
          <osmand:speed>0.3</osmand:speed>
        </extensions>
      </trkpt>
      <trkpt lat="46.9046675" lon="10.0974682">
        <ele>2061.2</ele>
        <time>2026-09-21T11:56:38Z</time>
        <hdop>9.7</hdop>
        <extensions>
          <osmand:speed>0.9</osmand:speed>
        </extensions>
      </trkpt>
      <trkpt lat="46.9047319" lon="10.0974699">
        <ele>2061.2</ele>
        <time>2026-09-21T11:56:44Z</time>
        <hdop>11.2</hdop>
        <extensions>
          <osmand:speed>1</osmand:speed>
        </extensions>
      </trkpt>
      <trkpt lat="46.9047797" lon="10.0974624">
        <ele>2059.2</ele>
        <time>2026-09-21T11:56:50Z</time>
        <hdop>10.2</hdop>
        <extensions>
          <osmand:speed>1.1</osmand:speed>
        </extensions>
      </trkpt>
      <trkpt lat="46.9048419" lon="10.0974384">
        <ele>2056.2</ele>
        <time>2026-09-21T11:56:56Z</time>
        <hdop>10.2</hdop>
        <extensions>
          <osmand:speed>1.2</osmand:speed>
        </extensions>
      </trkpt>
      <trkpt lat="46.9049042" lon="10.0974714">
        <ele>2057.2</ele>
        <time>2026-09-21T11:57:02Z</time>
        <hdop>7.1</hdop>
        <extensions>
          <osmand:speed>1.3</osmand:speed>
        </extensions>
      </trkpt>
      <trkpt lat="46.9049495" lon="10.0975062">
        <ele>2056.2</ele>
        <time>2026-09-21T11:57:08Z</time>
        <hdop>10.2</hdop>
        <extensions>
          <osmand:speed>0.8</osmand:speed>
        </extensions>
      </trkpt>
      <trkpt lat="46.9050189" lon="10.0975094">
        <ele>2056.2</ele>
        <time>2026-09-21T11:57:14Z</time>
        <hdop>10.2</hdop>
        <extensions>
          <osmand:speed>1.2</osmand:speed>
        </extensions>
      </trkpt>
      <trkpt lat="46.9050772" lon="10.0975219">
        <ele>2054.2</ele>
        <time>2026-09-21T11:57:20Z</time>
        <hdop>8.2</hdop>
        <extensions>
          <osmand:speed>1</osmand:speed>
        </extensions>
      </trkpt>
      <trkpt lat="46.9051231" lon="10.0975483">
        <ele>2053.2</ele>
        <time>2026-09-21T11:57:26Z</time>
        <hdop>10.2</hdop>
        <extensions>
          <osmand:speed>0.6</osmand:speed>
        </extensions>
      </trkpt>
      <trkpt lat="46.9051616" lon="10.0975609">
        <ele>2054.2</ele>
        <time>2026-09-21T11:57:32Z</time>
        <hdop>8.7</hdop>
        <extensions>
          <osmand:speed>1.1</osmand:speed>
        </extensions>
      </trkpt>
      <trkpt lat="46.9052097" lon="10.0976028">
        <ele>2054.2</ele>
        <time>2026-09-21T11:57:38Z</time>
        <hdop>8.7</hdop>
        <extensions>
          <osmand:speed>0.7</osmand:speed>
        </extensions>
      </trkpt>
      <trkpt lat="46.9052498" lon="10.097657">
        <ele>2054.2</ele>
        <time>2026-09-21T11:57:44Z</time>
        <hdop>10.2</hdop>
        <extensions>
          <osmand:speed>0.9</osmand:speed>
        </extensions>
      </trkpt>
      <trkpt lat="46.9052991" lon="10.0977102">
        <ele>2053.2</ele>
        <time>2026-09-21T11:57:50Z</time>
        <hdop>10.2</hdop>
        <extensions>
          <osmand:speed>0.7</osmand:speed>
        </extensions>
      </trkpt>
      <trkpt lat="46.9053285" lon="10.0976963">
        <ele>2052.2</ele>
        <time>2026-09-21T11:57:56Z</time>
        <hdop>10.7</hdop>
        <extensions>
          <osmand:speed>0.5</osmand:speed>
        </extensions>
      </trkpt>
      <trkpt lat="46.9053695" lon="10.0976824">
        <ele>2052.2</ele>
        <time>2026-09-21T11:58:02Z</time>
        <hdop>11.2</hdop>
        <extensions>
          <osmand:speed>0.5</osmand:speed>
        </extensions>
      </trkpt>
      <trkpt lat="46.9054024" lon="10.0976918">
        <ele>2052.2</ele>
        <time>2026-09-21T11:58:08Z</time>
        <hdop>11.2</hdop>
        <extensions>
          <osmand:speed>1</osmand:speed>
        </extensions>
      </trkpt>
      <trkpt lat="46.9054163" lon="10.0977269">
        <ele>2050.2</ele>
        <time>2026-09-21T11:58:14Z</time>
        <hdop>9.7</hdop>
        <extensions>
          <osmand:speed>0</osmand:speed>
        </extensions>
      </trkpt>
      <trkpt lat="46.9054402" lon="10.0977298">
        <ele>2050.2</ele>
        <time>2026-09-21T11:58:22Z</time>
        <hdop>10.7</hdop>
        <extensions>
          <osmand:speed>1</osmand:speed>
        </extensions>
      </trkpt>
      <trkpt lat="46.9054756" lon="10.0976936">
        <ele>2049.2</ele>
        <time>2026-09-21T11:58:28Z</time>
        <hdop>12.2</hdop>
        <extensions>
          <osmand:speed>0.8</osmand:speed>
        </extensions>
      </trkpt>
      <trkpt lat="46.9055132" lon="10.0976602">
        <ele>2049.2</ele>
        <time>2026-09-21T11:58:34Z</time>
        <hdop>12.2</hdop>
        <extensions>
          <osmand:speed>1</osmand:speed>
        </extensions>
      </trkpt>
      <trkpt lat="46.9055597" lon="10.0976629">
        <ele>2049.2</ele>
        <time>2026-09-21T11:58:40Z</time>
        <hdop>10.7</hdop>
        <extensions>
          <osmand:speed>1.3</osmand:speed>
        </extensions>
      </trkpt>
      <trkpt lat="46.9056258" lon="10.0976641">
        <ele>2049.2</ele>
        <time>2026-09-21T11:58:46Z</time>
        <hdop>10.7</hdop>
        <extensions>
          <osmand:speed>1</osmand:speed>
        </extensions>
      </trkpt>
      <trkpt lat="46.9056688" lon="10.0976515">
        <ele>2046.2</ele>
        <time>2026-09-21T11:58:52Z</time>
        <hdop>9.2</hdop>
        <extensions>
          <osmand:speed>0.6</osmand:speed>
        </extensions>
      </trkpt>
      <trkpt lat="46.9056902" lon="10.0976247">
        <ele>2045.2</ele>
        <time>2026-09-21T11:58:58Z</time>
        <hdop>10.2</hdop>
        <extensions>
          <osmand:speed>0.2</osmand:speed>
        </extensions>
      </trkpt>
      <trkpt lat="46.9056972" lon="10.0975574">
        <ele>2046.2</ele>
        <time>2026-09-21T11:59:04Z</time>
        <hdop>10.7</hdop>
        <extensions>
          <osmand:speed>0.3</osmand:speed>
        </extensions>
      </trkpt>
      <trkpt lat="46.9057196" lon="10.097538">
        <ele>2045.2</ele>
        <time>2026-09-21T11:59:13Z</time>
        <hdop>9.7</hdop>
        <extensions>
          <osmand:speed>0.8</osmand:speed>
        </extensions>
      </trkpt>
      <trkpt lat="46.9057812" lon="10.0975038">
        <ele>2046.2</ele>
        <time>2026-09-21T11:59:19Z</time>
        <hdop>9.7</hdop>
        <extensions>
          <osmand:speed>1.3</osmand:speed>
        </extensions>
      </trkpt>
      <trkpt lat="46.9058685" lon="10.0975106">
        <ele>2045.2</ele>
        <time>2026-09-21T11:59:25Z</time>
        <hdop>9.2</hdop>
        <extensions>
          <osmand:speed>0.9</osmand:speed>
        </extensions>
      </trkpt>
      <trkpt lat="46.9059175" lon="10.0975355">
        <ele>2046.2</ele>
        <time>2026-09-21T11:59:31Z</time>
        <hdop>9.7</hdop>
        <extensions>
          <osmand:speed>1.3</osmand:speed>
        </extensions>
      </trkpt>
      <trkpt lat="46.9059644" lon="10.0976033">
        <ele>2045.2</ele>
        <time>2026-09-21T11:59:37Z</time>
        <hdop>10.7</hdop>
        <extensions>
          <osmand:speed>1</osmand:speed>
        </extensions>
      </trkpt>
      <trkpt lat="46.9059893" lon="10.0976171">
        <ele>2046.2</ele>
        <time>2026-09-21T11:59:43Z</time>
        <hdop>10.2</hdop>
        <extensions>
          <osmand:speed>0.8</osmand:speed>
        </extensions>
      </trkpt>
      <trkpt lat="46.9060252" lon="10.09761">
        <ele>2047.2</ele>
        <time>2026-09-21T11:59:49Z</time>
        <hdop>12.2</hdop>
        <extensions>
          <osmand:speed>0.4</osmand:speed>
        </extensions>
      </trkpt>
      <trkpt lat="46.9060569" lon="10.097613">
        <ele>2046.2</ele>
        <time>2026-09-21T11:59:55Z</time>
        <hdop>11.7</hdop>
        <extensions>
          <osmand:speed>0.5</osmand:speed>
        </extensions>
      </trkpt>
      <trkpt lat="46.9060842" lon="10.097641">
        <ele>2046.2</ele>
        <time>2026-09-21T12:00:01Z</time>
        <hdop>10.7</hdop>
        <extensions>
          <osmand:speed>1.1</osmand:speed>
        </extensions>
      </trkpt>
      <trkpt lat="46.9061327" lon="10.0976395">
        <ele>2046.2</ele>
        <time>2026-09-21T12:00:07Z</time>
        <hdop>11.7</hdop>
        <extensions>
          <osmand:speed>0.8</osmand:speed>
        </extensions>
      </trkpt>
      <trkpt lat="46.906195" lon="10.0976264">
        <ele>2045.2</ele>
        <time>2026-09-21T12:00:13Z</time>
        <hdop>11.7</hdop>
        <extensions>
          <osmand:speed>1</osmand:speed>
        </extensions>
      </trkpt>
      <trkpt lat="46.9062418" lon="10.0976476">
        <ele>2045.2</ele>
        <time>2026-09-21T12:00:19Z</time>
        <hdop>11.2</hdop>
        <extensions>
          <osmand:speed>0.6</osmand:speed>
        </extensions>
      </trkpt>
      <trkpt lat="46.9062876" lon="10.0976661">
        <ele>2046.2</ele>
        <time>2026-09-21T12:00:25Z</time>
        <hdop>9.7</hdop>
        <extensions>
          <osmand:speed>0.7</osmand:speed>
        </extensions>
      </trkpt>
      <trkpt lat="46.9063065" lon="10.0976637">
        <ele>2045.2</ele>
        <time>2026-09-21T12:00:31Z</time>
        <hdop>11.2</hdop>
        <extensions>
          <osmand:speed>0.5</osmand:speed>
        </extensions>
      </trkpt>
      <trkpt lat="46.9063586" lon="10.0976677">
        <ele>2045.2</ele>
        <time>2026-09-21T12:00:37Z</time>
        <hdop>9.7</hdop>
        <extensions>
          <osmand:speed>1.2</osmand:speed>
        </extensions>
      </trkpt>
      <trkpt lat="46.9063687" lon="10.0977176">
        <ele>2044.2</ele>
        <time>2026-09-21T12:00:43Z</time>
        <hdop>10.2</hdop>
        <extensions>
          <osmand:speed>1</osmand:speed>
        </extensions>
      </trkpt>
      <trkpt lat="46.906422" lon="10.0977381">
        <ele>2044.2</ele>
        <time>2026-09-21T12:00:49Z</time>
        <hdop>11.2</hdop>
        <extensions>
          <osmand:speed>1.1</osmand:speed>
        </extensions>
      </trkpt>
      <trkpt lat="46.9064456" lon="10.0977467">
        <ele>2044.2</ele>
        <time>2026-09-21T12:00:55Z</time>
        <hdop>12.2</hdop>
        <extensions>
          <osmand:speed>0.7</osmand:speed>
        </extensions>
      </trkpt>
      <trkpt lat="46.9064927" lon="10.0977095">
        <ele>2044.2</ele>
        <time>2026-09-21T12:01:01Z</time>
        <hdop>9.7</hdop>
        <extensions>
          <osmand:speed>1.3</osmand:speed>
        </extensions>
      </trkpt>
      <trkpt lat="46.9065397" lon="10.0976937">
        <ele>2044.2</ele>
        <time>2026-09-21T12:01:07Z</time>
        <hdop>9.7</hdop>
        <extensions>
          <osmand:speed>1.2</osmand:speed>
        </extensions>
      </trkpt>
      <trkpt lat="46.9065681" lon="10.0976586">
        <ele>2044.2</ele>
        <time>2026-09-21T12:01:13Z</time>
        <hdop>9.7</hdop>
        <extensions>
          <osmand:speed>0.7</osmand:speed>
        </extensions>
      </trkpt>
      <trkpt lat="46.9066059" lon="10.0976514">
        <ele>2046.2</ele>
        <time>2026-09-21T12:01:19Z</time>
        <hdop>10.7</hdop>
        <extensions>
          <osmand:speed>1.2</osmand:speed>
        </extensions>
      </trkpt>
      <trkpt lat="46.9066552" lon="10.097679">
        <ele>2047.2</ele>
        <time>2026-09-21T12:01:25Z</time>
        <hdop>11.2</hdop>
        <extensions>
          <osmand:speed>0.3</osmand:speed>
        </extensions>
      </trkpt>
      <trkpt lat="46.9066741" lon="10.0977191">
        <ele>2047.2</ele>
        <time>2026-09-21T12:01:31Z</time>
        <hdop>10.7</hdop>
        <extensions>
          <osmand:speed>0.3</osmand:speed>
        </extensions>
      </trkpt>
      <trkpt lat="46.9066912" lon="10.0977281">
        <ele>2047.2</ele>
        <time>2026-09-21T12:01:46Z</time>
        <hdop>9.7</hdop>
        <extensions>
          <osmand:speed>0.2</osmand:speed>
        </extensions>
      </trkpt>
      <trkpt lat="46.9067268" lon="10.0977317">
        <ele>2047.2</ele>
        <time>2026-09-21T12:01:52Z</time>
        <hdop>10.2</hdop>
        <extensions>
          <osmand:speed>0.5</osmand:speed>
        </extensions>
      </trkpt>
      <trkpt lat="46.9067598" lon="10.0977532">
        <ele>2045.2</ele>
        <time>2026-09-21T12:01:58Z</time>
        <hdop>9.7</hdop>
        <extensions>
          <osmand:speed>0.6</osmand:speed>
        </extensions>
      </trkpt>
      <trkpt lat="46.9067988" lon="10.097763">
        <ele>2046.2</ele>
        <time>2026-09-21T12:02:04Z</time>
        <hdop>10.2</hdop>
        <extensions>
          <osmand:speed>0.6</osmand:speed>
        </extensions>
      </trkpt>
      <trkpt lat="46.906821" lon="10.0977569">
        <ele>2046.2</ele>
        <time>2026-09-21T12:02:10Z</time>
        <hdop>9.2</hdop>
        <extensions>
          <osmand:speed>0.9</osmand:speed>
        </extensions>
      </trkpt>
      <trkpt lat="46.9068616" lon="10.0977521">
        <ele>2046.2</ele>
        <time>2026-09-21T12:02:16Z</time>
        <hdop>7.7</hdop>
        <extensions>
          <osmand:speed>0.5</osmand:speed>
        </extensions>
      </trkpt>
      <trkpt lat="46.9069245" lon="10.0977466">
        <ele>2046.2</ele>
        <time>2026-09-21T12:02:22Z</time>
        <hdop>11.7</hdop>
        <extensions>
          <osmand:speed>1</osmand:speed>
        </extensions>
      </trkpt>
      <trkpt lat="46.9070013" lon="10.097751">
        <ele>2045.2</ele>
        <time>2026-09-21T12:02:28Z</time>
        <hdop>10.2</hdop>
        <extensions>
          <osmand:speed>1.2</osmand:speed>
        </extensions>
      </trkpt>
      <trkpt lat="46.9070679" lon="10.0977663">
        <ele>2045.2</ele>
        <time>2026-09-21T12:02:34Z</time>
        <hdop>10.2</hdop>
        <extensions>
          <osmand:speed>1.2</osmand:speed>
        </extensions>
      </trkpt>
      <trkpt lat="46.9071133" lon="10.0977452">
        <ele>2045.2</ele>
        <time>2026-09-21T12:02:40Z</time>
        <hdop>10.2</hdop>
        <extensions>
          <osmand:speed>1.1</osmand:speed>
        </extensions>
      </trkpt>
      <trkpt lat="46.9071542" lon="10.0977796">
        <ele>2045.2</ele>
        <time>2026-09-21T12:02:46Z</time>
        <hdop>11.7</hdop>
        <extensions>
          <osmand:speed>0.3</osmand:speed>
        </extensions>
      </trkpt>
      <trkpt lat="46.9072" lon="10.0977805">
        <ele>2044.2</ele>
        <time>2026-09-21T12:02:52Z</time>
        <hdop>11.2</hdop>
        <extensions>
          <osmand:speed>0.4</osmand:speed>
        </extensions>
      </trkpt>
      <trkpt lat="46.9072348" lon="10.097776">
        <ele>2045.2</ele>
        <time>2026-09-21T12:02:58Z</time>
        <hdop>10.7</hdop>
        <extensions>
          <osmand:speed>0.3</osmand:speed>
        </extensions>
      </trkpt>
      <trkpt lat="46.907257" lon="10.09779">
        <ele>2044.2</ele>
        <time>2026-09-21T12:03:04Z</time>
        <hdop>10.2</hdop>
        <extensions>
          <osmand:speed>0.5</osmand:speed>
        </extensions>
      </trkpt>
      <trkpt lat="46.907281" lon="10.0978046">
        <ele>2043.2</ele>
        <time>2026-09-21T12:03:10Z</time>
        <hdop>11.7</hdop>
        <extensions>
          <osmand:speed>0.6</osmand:speed>
        </extensions>
      </trkpt>
      <trkpt lat="46.9073047" lon="10.097792">
        <ele>2043.2</ele>
        <time>2026-09-21T12:03:16Z</time>
        <hdop>8.7</hdop>
      </trkpt>
      <trkpt lat="46.9073203" lon="10.0978095">
        <ele>2043.2</ele>
        <time>2026-09-21T12:03:44Z</time>
        <hdop>9.2</hdop>
        <extensions>
          <osmand:speed>0.6</osmand:speed>
        </extensions>
      </trkpt>
      <trkpt lat="46.9073741" lon="10.0978523">
        <ele>2044.2</ele>
        <time>2026-09-21T12:03:50Z</time>
        <hdop>11.7</hdop>
        <extensions>
          <osmand:speed>0.4</osmand:speed>
        </extensions>
      </trkpt>
      <trkpt lat="46.9074202" lon="10.0978652">
        <ele>2045.2</ele>
        <time>2026-09-21T12:03:56Z</time>
        <hdop>11.7</hdop>
        <extensions>
          <osmand:speed>1.4</osmand:speed>
        </extensions>
      </trkpt>
      <trkpt lat="46.9074645" lon="10.0978441">
        <ele>2045.2</ele>
        <time>2026-09-21T12:04:02Z</time>
        <hdop>9.7</hdop>
        <extensions>
          <osmand:speed>1.2</osmand:speed>
        </extensions>
      </trkpt>
      <trkpt lat="46.9075241" lon="10.0978209">
        <ele>2045.2</ele>
        <time>2026-09-21T12:04:08Z</time>
        <hdop>10.7</hdop>
        <extensions>
          <osmand:speed>1.3</osmand:speed>
        </extensions>
      </trkpt>
      <trkpt lat="46.9075775" lon="10.0977841">
        <ele>2044.2</ele>
        <time>2026-09-21T12:04:14Z</time>
        <hdop>7.1</hdop>
        <extensions>
          <osmand:speed>1.4</osmand:speed>
        </extensions>
      </trkpt>
      <trkpt lat="46.9076306" lon="10.097733">
        <ele>2042.2</ele>
        <time>2026-09-21T12:04:20Z</time>
        <hdop>9.2</hdop>
        <extensions>
          <osmand:speed>1.3</osmand:speed>
        </extensions>
      </trkpt>
      <trkpt lat="46.9076742" lon="10.0976761">
        <ele>2042.2</ele>
        <time>2026-09-21T12:04:26Z</time>
        <hdop>8.2</hdop>
        <extensions>
          <osmand:speed>0.9</osmand:speed>
        </extensions>
      </trkpt>
      <trkpt lat="46.9077197" lon="10.0976494">
        <ele>2040.2</ele>
        <time>2026-09-21T12:04:32Z</time>
        <hdop>8.7</hdop>
        <extensions>
          <osmand:speed>0.9</osmand:speed>
        </extensions>
      </trkpt>
      <trkpt lat="46.9077731" lon="10.0976152">
        <ele>2040.2</ele>
        <time>2026-09-21T12:04:38Z</time>
        <hdop>9.2</hdop>
        <extensions>
          <osmand:speed>1.2</osmand:speed>
        </extensions>
      </trkpt>
      <trkpt lat="46.9078124" lon="10.0976088">
        <ele>2041.2</ele>
        <time>2026-09-21T12:04:44Z</time>
        <hdop>9.2</hdop>
        <extensions>
          <osmand:speed>0.2</osmand:speed>
        </extensions>
      </trkpt>
      <trkpt lat="46.9078795" lon="10.0976233">
        <ele>2042.2</ele>
        <time>2026-09-21T12:04:50Z</time>
        <hdop>8.2</hdop>
        <extensions>
          <osmand:speed>1</osmand:speed>
        </extensions>
      </trkpt>
      <trkpt lat="46.9079475" lon="10.0976079">
        <ele>2041.2</ele>
        <time>2026-09-21T12:04:56Z</time>
        <hdop>8.2</hdop>
        <extensions>
          <osmand:speed>1.7</osmand:speed>
        </extensions>
      </trkpt>
      <trkpt lat="46.9080084" lon="10.097589">
        <ele>2041.2</ele>
        <time>2026-09-21T12:05:02Z</time>
        <hdop>10.7</hdop>
        <extensions>
          <osmand:speed>1.3</osmand:speed>
        </extensions>
      </trkpt>
      <trkpt lat="46.9080636" lon="10.0976159">
        <ele>2041.2</ele>
        <time>2026-09-21T12:05:08Z</time>
        <hdop>10.7</hdop>
        <extensions>
          <osmand:speed>0.8</osmand:speed>
        </extensions>
      </trkpt>
      <trkpt lat="46.9081216" lon="10.0976311">
        <ele>2041.2</ele>
        <time>2026-09-21T12:05:14Z</time>
        <hdop>7.7</hdop>
        <extensions>
          <osmand:speed>1</osmand:speed>
        </extensions>
      </trkpt>
      <trkpt lat="46.9081826" lon="10.0976655">
        <ele>2040.3</ele>
        <time>2026-09-21T12:05:20Z</time>
        <hdop>9.7</hdop>
        <extensions>
          <osmand:speed>1.2</osmand:speed>
        </extensions>
      </trkpt>
      <trkpt lat="46.908219" lon="10.0977182">
        <ele>2040.3</ele>
        <time>2026-09-21T12:05:26Z</time>
        <hdop>9.7</hdop>
        <extensions>
          <osmand:speed>0.8</osmand:speed>
        </extensions>
      </trkpt>
      <trkpt lat="46.9082532" lon="10.0977674">
        <ele>2039.3</ele>
        <time>2026-09-21T12:05:32Z</time>
        <hdop>10.2</hdop>
        <extensions>
          <osmand:speed>0.7</osmand:speed>
        </extensions>
      </trkpt>
      <trkpt lat="46.9083161" lon="10.0978262">
        <ele>2039.3</ele>
        <time>2026-09-21T12:05:38Z</time>
        <hdop>9.7</hdop>
        <extensions>
          <osmand:speed>1.1</osmand:speed>
        </extensions>
      </trkpt>
      <trkpt lat="46.908353" lon="10.0978781">
        <ele>2039.3</ele>
        <time>2026-09-21T12:05:44Z</time>
        <hdop>9.2</hdop>
        <extensions>
          <osmand:speed>0.6</osmand:speed>
        </extensions>
      </trkpt>
      <trkpt lat="46.9083867" lon="10.0979239">
        <ele>2039.3</ele>
        <time>2026-09-21T12:05:50Z</time>
        <hdop>10.7</hdop>
        <extensions>
          <osmand:speed>0.9</osmand:speed>
        </extensions>
      </trkpt>
      <trkpt lat="46.9084331" lon="10.0979347">
        <ele>2040.3</ele>
        <time>2026-09-21T12:05:56Z</time>
        <hdop>10.7</hdop>
        <extensions>
          <osmand:speed>0.8</osmand:speed>
        </extensions>
      </trkpt>
      <trkpt lat="46.9084323" lon="10.097988">
        <ele>2040.3</ele>
        <time>2026-09-21T12:06:02Z</time>
        <hdop>9.2</hdop>
        <extensions>
          <osmand:speed>0.8</osmand:speed>
        </extensions>
      </trkpt>
      <trkpt lat="46.9084481" lon="10.0980012">
        <ele>2040.3</ele>
        <time>2026-09-21T12:06:09Z</time>
        <hdop>8.2</hdop>
        <extensions>
          <osmand:speed>0.4</osmand:speed>
        </extensions>
      </trkpt>
      <trkpt lat="46.9084708" lon="10.0980251">
        <ele>2039.3</ele>
        <time>2026-09-21T12:06:16Z</time>
        <hdop>6.6</hdop>
        <extensions>
          <osmand:speed>1.6</osmand:speed>
        </extensions>
      </trkpt>
      <trkpt lat="46.9085036" lon="10.0980398">
        <ele>2039.3</ele>
        <time>2026-09-21T12:06:22Z</time>
        <hdop>6.6</hdop>
        <extensions>
          <osmand:speed>0.6</osmand:speed>
        </extensions>
      </trkpt>
      <trkpt lat="46.9085018" lon="10.0981066">
        <ele>2038.3</ele>
        <time>2026-09-21T12:06:28Z</time>
        <hdop>8.2</hdop>
        <extensions>
          <osmand:speed>1.2</osmand:speed>
        </extensions>
      </trkpt>
      <trkpt lat="46.9085379" lon="10.0981849">
        <ele>2039.3</ele>
        <time>2026-09-21T12:06:34Z</time>
        <hdop>6.6</hdop>
        <extensions>
          <osmand:speed>1.1</osmand:speed>
        </extensions>
      </trkpt>
      <trkpt lat="46.908602" lon="10.0982117">
        <ele>2039.3</ele>
        <time>2026-09-21T12:06:40Z</time>
        <hdop>9.7</hdop>
        <extensions>
          <osmand:speed>0.6</osmand:speed>
        </extensions>
      </trkpt>
      <trkpt lat="46.9086393" lon="10.0982467">
        <ele>2038.3</ele>
        <time>2026-09-21T12:06:46Z</time>
        <hdop>8.2</hdop>
        <extensions>
          <osmand:speed>0.2</osmand:speed>
        </extensions>
      </trkpt>
      <trkpt lat="46.9086676" lon="10.0982513">
        <ele>2038.3</ele>
        <time>2026-09-21T12:06:52Z</time>
        <hdop>7.1</hdop>
        <extensions>
          <osmand:speed>1.1</osmand:speed>
        </extensions>
      </trkpt>
      <trkpt lat="46.908721" lon="10.0982672">
        <ele>2038.3</ele>
        <time>2026-09-21T12:06:58Z</time>
        <hdop>6.1</hdop>
        <extensions>
          <osmand:speed>1.3</osmand:speed>
        </extensions>
      </trkpt>
      <trkpt lat="46.9087925" lon="10.0982919">
        <ele>2037.3</ele>
        <time>2026-09-21T12:07:04Z</time>
        <hdop>7.1</hdop>
        <extensions>
          <osmand:speed>1.2</osmand:speed>
        </extensions>
      </trkpt>
      <trkpt lat="46.9088682" lon="10.0983241">
        <ele>2036.3</ele>
        <time>2026-09-21T12:07:10Z</time>
        <hdop>8.2</hdop>
        <extensions>
          <osmand:speed>1.5</osmand:speed>
        </extensions>
      </trkpt>
      <trkpt lat="46.9089497" lon="10.0983439">
        <ele>2036.3</ele>
        <time>2026-09-21T12:07:16Z</time>
        <hdop>8.2</hdop>
        <extensions>
          <osmand:speed>1.9</osmand:speed>
        </extensions>
      </trkpt>
      <trkpt lat="46.909024" lon="10.0983729">
        <ele>2035.3</ele>
        <time>2026-09-21T12:07:22Z</time>
        <hdop>9.7</hdop>
        <extensions>
          <osmand:speed>1.3</osmand:speed>
        </extensions>
      </trkpt>
      <trkpt lat="46.9091009" lon="10.0984371">
        <ele>2035.3</ele>
        <time>2026-09-21T12:07:28Z</time>
        <hdop>11.2</hdop>
        <extensions>
          <osmand:speed>1.9</osmand:speed>
        </extensions>
      </trkpt>
      <trkpt lat="46.9091738" lon="10.098469">
        <ele>2034.3</ele>
        <time>2026-09-21T12:07:34Z</time>
        <hdop>8.7</hdop>
        <extensions>
          <osmand:speed>1.4</osmand:speed>
        </extensions>
      </trkpt>
      <trkpt lat="46.9092509" lon="10.0985116">
        <ele>2033.3</ele>
        <time>2026-09-21T12:07:40Z</time>
        <hdop>10.2</hdop>
        <extensions>
          <osmand:speed>0.9</osmand:speed>
        </extensions>
      </trkpt>
      <trkpt lat="46.9093077" lon="10.0985796">
        <ele>2034.3</ele>
        <time>2026-09-21T12:07:46Z</time>
        <hdop>10.2</hdop>
        <extensions>
          <osmand:speed>1.3</osmand:speed>
        </extensions>
      </trkpt>
      <trkpt lat="46.9093719" lon="10.0985994">
        <ele>2034.3</ele>
        <time>2026-09-21T12:07:52Z</time>
        <hdop>11.2</hdop>
        <extensions>
          <osmand:speed>1.4</osmand:speed>
        </extensions>
      </trkpt>
      <trkpt lat="46.9094517" lon="10.0986017">
        <ele>2034.3</ele>
        <time>2026-09-21T12:07:58Z</time>
        <hdop>9.2</hdop>
        <extensions>
          <osmand:speed>0.9</osmand:speed>
        </extensions>
      </trkpt>
      <trkpt lat="46.9095192" lon="10.0986444">
        <ele>2034.3</ele>
        <time>2026-09-21T12:08:04Z</time>
        <hdop>8.7</hdop>
        <extensions>
          <osmand:speed>1.3</osmand:speed>
        </extensions>
      </trkpt>
      <trkpt lat="46.9095884" lon="10.0986732">
        <ele>2034.3</ele>
        <time>2026-09-21T12:08:10Z</time>
        <hdop>8.7</hdop>
        <extensions>
          <osmand:speed>1.1</osmand:speed>
        </extensions>
      </trkpt>
      <trkpt lat="46.9096586" lon="10.098679">
        <ele>2034.3</ele>
        <time>2026-09-21T12:08:16Z</time>
        <hdop>7.7</hdop>
        <extensions>
          <osmand:speed>1.3</osmand:speed>
        </extensions>
      </trkpt>
      <trkpt lat="46.9097345" lon="10.0986719">
        <ele>2033.3</ele>
        <time>2026-09-21T12:08:22Z</time>
        <hdop>10.2</hdop>
        <extensions>
          <osmand:speed>1.2</osmand:speed>
        </extensions>
      </trkpt>
      <trkpt lat="46.9098078" lon="10.0986588">
        <ele>2034.3</ele>
        <time>2026-09-21T12:08:28Z</time>
        <hdop>7.7</hdop>
        <extensions>
          <osmand:speed>0.9</osmand:speed>
        </extensions>
      </trkpt>
      <trkpt lat="46.90986" lon="10.0986829">
        <ele>2034.3</ele>
        <time>2026-09-21T12:08:34Z</time>
        <hdop>9.2</hdop>
        <extensions>
          <osmand:speed>0.8</osmand:speed>
        </extensions>
      </trkpt>
      <trkpt lat="46.9099056" lon="10.0986303">
        <ele>2033.3</ele>
        <time>2026-09-21T12:08:40Z</time>
        <hdop>8.2</hdop>
        <extensions>
          <osmand:speed>1.2</osmand:speed>
        </extensions>
      </trkpt>
      <trkpt lat="46.9099285" lon="10.0986324">
        <ele>2034.3</ele>
        <time>2026-09-21T12:08:46Z</time>
        <hdop>6.1</hdop>
        <extensions>
          <osmand:speed>1.1</osmand:speed>
        </extensions>
      </trkpt>
      <trkpt lat="46.9099182" lon="10.0986593">
        <ele>2034.3</ele>
        <time>2026-09-21T12:09:04Z</time>
        <hdop>9.7</hdop>
        <extensions>
          <osmand:speed>1.2</osmand:speed>
        </extensions>
      </trkpt>
      <trkpt lat="46.9099055" lon="10.0986878">
        <ele>2035.3</ele>
        <time>2026-09-21T12:09:20Z</time>
        <hdop>11.7</hdop>
        <extensions>
          <osmand:speed>0.1</osmand:speed>
        </extensions>
      </trkpt>
      <trkpt lat="46.9098854" lon="10.0987167">
        <ele>2032.3</ele>
        <time>2026-09-21T12:09:32Z</time>
        <hdop>12.8</hdop>
        <extensions>
          <osmand:speed>0.3</osmand:speed>
        </extensions>
      </trkpt>
      <trkpt lat="46.9098571" lon="10.0987278">
        <ele>2033.3</ele>
        <time>2026-09-21T12:09:57Z</time>
        <hdop>13.8</hdop>
        <extensions>
          <osmand:speed>0.4</osmand:speed>
        </extensions>
      </trkpt>
      <trkpt lat="46.9098543" lon="10.0987015">
        <ele>2033.3</ele>
        <time>2026-09-21T12:10:16Z</time>
        <hdop>14.3</hdop>
      </trkpt>
      <trkpt lat="46.9098688" lon="10.0986777">
        <ele>2033.3</ele>
        <time>2026-09-21T12:10:34Z</time>
        <hdop>7.7</hdop>
        <extensions>
          <osmand:speed>0.8</osmand:speed>
        </extensions>
      </trkpt>
      <trkpt lat="46.9098914" lon="10.0986597">
        <ele>2034.3</ele>
        <time>2026-09-21T12:10:52Z</time>
        <hdop>3.6</hdop>
        <extensions>
          <osmand:speed>0.2</osmand:speed>
        </extensions>
      </trkpt>
      <trkpt lat="46.9098755" lon="10.0986733">
        <ele>2033.3</ele>
        <time>2026-09-21T12:12:24Z</time>
        <hdop>13.3</hdop>
        <extensions>
          <osmand:speed>0.1</osmand:speed>
        </extensions>
      </trkpt>
      <trkpt lat="46.9098576" lon="10.0986803">
        <ele>2032.3</ele>
        <time>2026-09-21T12:13:39Z</time>
        <hdop>8.7</hdop>
        <extensions>
          <osmand:speed>1</osmand:speed>
        </extensions>
      </trkpt>
      <trkpt lat="46.9098746" lon="10.0986715">
        <ele>2033.3</ele>
        <time>2026-09-21T12:14:12Z</time>
        <hdop>4.1</hdop>
      </trkpt>
      <trkpt lat="46.9098917" lon="10.098663">
        <ele>2034.3</ele>
        <time>2026-09-21T12:15:16Z</time>
        <hdop>4.1</hdop>
      </trkpt>
      <trkpt lat="46.9107514" lon="10.0998673">
        <ele>2033.3</ele>
        <time>2026-09-21T12:19:09Z</time>
        <hdop>14.8</hdop>
        <extensions>
          <osmand:speed>1</osmand:speed>
        </extensions>
      </trkpt>
      <trkpt lat="46.9108115" lon="10.099885">
        <ele>2033.3</ele>
        <time>2026-09-21T12:19:15Z</time>
        <hdop>11.7</hdop>
        <extensions>
          <osmand:speed>1.4</osmand:speed>
        </extensions>
      </trkpt>
      <trkpt lat="46.9108824" lon="10.0998482">
        <ele>2036.3</ele>
        <time>2026-09-21T12:19:21Z</time>
        <hdop>12.8</hdop>
        <extensions>
          <osmand:speed>1.7</osmand:speed>
        </extensions>
      </trkpt>
      <trkpt lat="46.9109521" lon="10.0998756">
        <ele>2037.3</ele>
        <time>2026-09-21T12:19:27Z</time>
        <hdop>12.2</hdop>
        <extensions>
          <osmand:speed>0.9</osmand:speed>
        </extensions>
      </trkpt>
      <trkpt lat="46.9110088" lon="10.0999277">
        <ele>2039.3</ele>
        <time>2026-09-21T12:19:33Z</time>
        <hdop>10.7</hdop>
        <extensions>
          <osmand:speed>0.6</osmand:speed>
        </extensions>
      </trkpt>
      <trkpt lat="46.9110631" lon="10.0999813">
        <ele>2040.3</ele>
        <time>2026-09-21T12:19:39Z</time>
        <hdop>10.2</hdop>
        <extensions>
          <osmand:speed>0.8</osmand:speed>
        </extensions>
      </trkpt>
      <trkpt lat="46.9111331" lon="10.1000166">
        <ele>2040.3</ele>
        <time>2026-09-21T12:19:45Z</time>
        <hdop>10.7</hdop>
        <extensions>
          <osmand:speed>1.2</osmand:speed>
        </extensions>
      </trkpt>
      <trkpt lat="46.911195" lon="10.1000663">
        <ele>2040.3</ele>
        <time>2026-09-21T12:19:51Z</time>
        <hdop>8.2</hdop>
        <extensions>
          <osmand:speed>0.9</osmand:speed>
        </extensions>
      </trkpt>
      <trkpt lat="46.9112346" lon="10.1001361">
        <ele>2039.3</ele>
        <time>2026-09-21T12:19:57Z</time>
        <hdop>7.7</hdop>
        <extensions>
          <osmand:speed>1.2</osmand:speed>
        </extensions>
      </trkpt>
      <trkpt lat="46.9112612" lon="10.100209">
        <ele>2040.3</ele>
        <time>2026-09-21T12:20:03Z</time>
        <hdop>11.7</hdop>
        <extensions>
          <osmand:speed>1.3</osmand:speed>
        </extensions>
      </trkpt>
      <trkpt lat="46.9113272" lon="10.1002361">
        <ele>2040.3</ele>
        <time>2026-09-21T12:20:09Z</time>
        <hdop>9.2</hdop>
        <extensions>
          <osmand:speed>1.3</osmand:speed>
        </extensions>
      </trkpt>
      <trkpt lat="46.9114064" lon="10.1002644">
        <ele>2040.3</ele>
        <time>2026-09-21T12:20:15Z</time>
        <hdop>9.2</hdop>
        <extensions>
          <osmand:speed>1.5</osmand:speed>
        </extensions>
      </trkpt>
      <trkpt lat="46.9114837" lon="10.1002909">
        <ele>2040.3</ele>
        <time>2026-09-21T12:20:21Z</time>
        <hdop>8.7</hdop>
        <extensions>
          <osmand:speed>1.3</osmand:speed>
        </extensions>
      </trkpt>
      <trkpt lat="46.9115637" lon="10.1003301">
        <ele>2039.3</ele>
        <time>2026-09-21T12:20:27Z</time>
        <hdop>10.7</hdop>
        <extensions>
          <osmand:speed>1.4</osmand:speed>
        </extensions>
      </trkpt>
      <trkpt lat="46.9116446" lon="10.1003505">
        <ele>2040.3</ele>
        <time>2026-09-21T12:20:33Z</time>
        <hdop>10.7</hdop>
        <extensions>
          <osmand:speed>1.4</osmand:speed>
        </extensions>
      </trkpt>
      <trkpt lat="46.911719" lon="10.1003948">
        <ele>2041.3</ele>
        <time>2026-09-21T12:20:39Z</time>
        <hdop>10.7</hdop>
        <extensions>
          <osmand:speed>1.4</osmand:speed>
        </extensions>
      </trkpt>
      <trkpt lat="46.9117889" lon="10.1004368">
        <ele>2040.3</ele>
        <time>2026-09-21T12:20:45Z</time>
        <hdop>10.2</hdop>
        <extensions>
          <osmand:speed>1.5</osmand:speed>
        </extensions>
      </trkpt>
      <trkpt lat="46.9118523" lon="10.1004798">
        <ele>2041.3</ele>
        <time>2026-09-21T12:20:51Z</time>
        <hdop>9.2</hdop>
        <extensions>
          <osmand:speed>1.4</osmand:speed>
        </extensions>
      </trkpt>
      <trkpt lat="46.911935" lon="10.1005077">
        <ele>2040.3</ele>
        <time>2026-09-21T12:20:57Z</time>
        <hdop>9.7</hdop>
        <extensions>
          <osmand:speed>1.6</osmand:speed>
        </extensions>
      </trkpt>
      <trkpt lat="46.9120044" lon="10.100553">
        <ele>2040.3</ele>
        <time>2026-09-21T12:21:03Z</time>
        <hdop>7.7</hdop>
        <extensions>
          <osmand:speed>1.3</osmand:speed>
        </extensions>
      </trkpt>
      <trkpt lat="46.9120785" lon="10.1005978">
        <ele>2040.3</ele>
        <time>2026-09-21T12:21:09Z</time>
        <hdop>9.7</hdop>
        <extensions>
          <osmand:speed>1.8</osmand:speed>
        </extensions>
      </trkpt>
      <trkpt lat="46.9121377" lon="10.1006665">
        <ele>2039.3</ele>
        <time>2026-09-21T12:21:15Z</time>
        <hdop>10.7</hdop>
        <extensions>
          <osmand:speed>1.4</osmand:speed>
        </extensions>
      </trkpt>
      <trkpt lat="46.91218" lon="10.1007287">
        <ele>2039.3</ele>
        <time>2026-09-21T12:21:21Z</time>
        <hdop>9.7</hdop>
        <extensions>
          <osmand:speed>1.2</osmand:speed>
        </extensions>
      </trkpt>
      <trkpt lat="46.9122321" lon="10.100764">
        <ele>2039.3</ele>
        <time>2026-09-21T12:21:27Z</time>
        <hdop>10.7</hdop>
        <extensions>
          <osmand:speed>0.8</osmand:speed>
        </extensions>
      </trkpt>
      <trkpt lat="46.9123228" lon="10.1008113">
        <ele>2038.3</ele>
        <time>2026-09-21T12:21:33Z</time>
        <hdop>7.1</hdop>
        <extensions>
          <osmand:speed>1.9</osmand:speed>
        </extensions>
      </trkpt>
      <trkpt lat="46.9123784" lon="10.1008726">
        <ele>2038.3</ele>
        <time>2026-09-21T12:21:39Z</time>
        <hdop>10.7</hdop>
        <extensions>
          <osmand:speed>1.5</osmand:speed>
        </extensions>
      </trkpt>
      <trkpt lat="46.9124327" lon="10.100931">
        <ele>2037.3</ele>
        <time>2026-09-21T12:21:45Z</time>
        <hdop>9.2</hdop>
        <extensions>
          <osmand:speed>1.4</osmand:speed>
        </extensions>
      </trkpt>
      <trkpt lat="46.9125124" lon="10.1009914">
        <ele>2037.3</ele>
        <time>2026-09-21T12:21:51Z</time>
        <hdop>9.7</hdop>
        <extensions>
          <osmand:speed>1.5</osmand:speed>
        </extensions>
      </trkpt>
      <trkpt lat="46.9125701" lon="10.1010554">
        <ele>2036.3</ele>
        <time>2026-09-21T12:21:57Z</time>
        <hdop>11.2</hdop>
        <extensions>
          <osmand:speed>1.1</osmand:speed>
        </extensions>
      </trkpt>
      <trkpt lat="46.9126178" lon="10.1010764">
        <ele>2037.3</ele>
        <time>2026-09-21T12:22:03Z</time>
        <hdop>11.2</hdop>
        <extensions>
          <osmand:speed>1</osmand:speed>
        </extensions>
      </trkpt>
      <trkpt lat="46.9126625" lon="10.1010782">
        <ele>2036.3</ele>
        <time>2026-09-21T12:22:09Z</time>
        <hdop>7.1</hdop>
        <extensions>
          <osmand:speed>0.2</osmand:speed>
        </extensions>
      </trkpt>
      <trkpt lat="46.9126834" lon="10.1010899">
        <ele>2036.3</ele>
        <time>2026-09-21T12:22:15Z</time>
        <hdop>8.2</hdop>
        <extensions>
          <osmand:speed>0.7</osmand:speed>
        </extensions>
      </trkpt>
      <trkpt lat="46.9127242" lon="10.1011235">
        <ele>2035.3</ele>
        <time>2026-09-21T12:22:21Z</time>
        <hdop>9.7</hdop>
        <extensions>
          <osmand:speed>0.5</osmand:speed>
        </extensions>
      </trkpt>
      <trkpt lat="46.9127916" lon="10.1011353">
        <ele>2035.3</ele>
        <time>2026-09-21T12:22:27Z</time>
        <hdop>10.2</hdop>
        <extensions>
          <osmand:speed>1.1</osmand:speed>
        </extensions>
      </trkpt>
      <trkpt lat="46.9128631" lon="10.1011488">
        <ele>2035.3</ele>
        <time>2026-09-21T12:22:33Z</time>
        <hdop>10.7</hdop>
        <extensions>
          <osmand:speed>1.1</osmand:speed>
        </extensions>
      </trkpt>
      <trkpt lat="46.9129034" lon="10.1011328">
        <ele>2035.3</ele>
        <time>2026-09-21T12:22:39Z</time>
        <hdop>9.7</hdop>
        <extensions>
          <osmand:speed>1.3</osmand:speed>
        </extensions>
      </trkpt>
      <trkpt lat="46.9129776" lon="10.1011454">
        <ele>2035.3</ele>
        <time>2026-09-21T12:22:45Z</time>
        <hdop>7.1</hdop>
        <extensions>
          <osmand:speed>1.4</osmand:speed>
        </extensions>
      </trkpt>
      <trkpt lat="46.9130427" lon="10.1011665">
        <ele>2034.3</ele>
        <time>2026-09-21T12:22:51Z</time>
        <hdop>9.2</hdop>
        <extensions>
          <osmand:speed>1.1</osmand:speed>
        </extensions>
      </trkpt>
      <trkpt lat="46.9131242" lon="10.1011781">
        <ele>2034.3</ele>
        <time>2026-09-21T12:22:57Z</time>
        <hdop>10.2</hdop>
        <extensions>
          <osmand:speed>1.4</osmand:speed>
        </extensions>
      </trkpt>
      <trkpt lat="46.9131936" lon="10.1011793">
        <ele>2034.3</ele>
        <time>2026-09-21T12:23:03Z</time>
        <hdop>9.2</hdop>
        <extensions>
          <osmand:speed>1.5</osmand:speed>
        </extensions>
      </trkpt>
      <trkpt lat="46.9132659" lon="10.101194">
        <ele>2034.3</ele>
        <time>2026-09-21T12:23:09Z</time>
        <hdop>7.7</hdop>
        <extensions>
          <osmand:speed>1.3</osmand:speed>
        </extensions>
      </trkpt>
      <trkpt lat="46.9133237" lon="10.1011983">
        <ele>2033.3</ele>
        <time>2026-09-21T12:23:15Z</time>
        <hdop>10.7</hdop>
        <extensions>
          <osmand:speed>0.9</osmand:speed>
        </extensions>
      </trkpt>
      <trkpt lat="46.9134049" lon="10.1012186">
        <ele>2033.3</ele>
        <time>2026-09-21T12:23:21Z</time>
        <hdop>9.7</hdop>
        <extensions>
          <osmand:speed>1.4</osmand:speed>
        </extensions>
      </trkpt>
      <trkpt lat="46.9134889" lon="10.1012298">
        <ele>2033.3</ele>
        <time>2026-09-21T12:23:27Z</time>
        <hdop>10.7</hdop>
        <extensions>
          <osmand:speed>1.4</osmand:speed>
        </extensions>
      </trkpt>
      <trkpt lat="46.913557" lon="10.1012282">
        <ele>2033.3</ele>
        <time>2026-09-21T12:23:33Z</time>
        <hdop>10.2</hdop>
        <extensions>
          <osmand:speed>1.4</osmand:speed>
        </extensions>
      </trkpt>
      <trkpt lat="46.9136272" lon="10.1012258">
        <ele>2034.3</ele>
        <time>2026-09-21T12:23:39Z</time>
        <hdop>10.7</hdop>
        <extensions>
          <osmand:speed>1.7</osmand:speed>
        </extensions>
      </trkpt>
      <trkpt lat="46.9137003" lon="10.1012431">
        <ele>2035.3</ele>
        <time>2026-09-21T12:23:45Z</time>
        <hdop>7.7</hdop>
        <extensions>
          <osmand:speed>1.1</osmand:speed>
        </extensions>
      </trkpt>
      <trkpt lat="46.913772" lon="10.1012774">
        <ele>2035.3</ele>
        <time>2026-09-21T12:23:51Z</time>
        <hdop>9.7</hdop>
        <extensions>
          <osmand:speed>1.6</osmand:speed>
        </extensions>
      </trkpt>
      <trkpt lat="46.913838" lon="10.1013053">
        <ele>2034.3</ele>
        <time>2026-09-21T12:23:57Z</time>
        <hdop>8.2</hdop>
        <extensions>
          <osmand:speed>1.7</osmand:speed>
        </extensions>
      </trkpt>
      <trkpt lat="46.9139237" lon="10.1013206">
        <ele>2034.3</ele>
        <time>2026-09-21T12:24:03Z</time>
        <hdop>10.2</hdop>
        <extensions>
          <osmand:speed>1.2</osmand:speed>
        </extensions>
      </trkpt>
      <trkpt lat="46.9139882" lon="10.1013414">
        <ele>2034.3</ele>
        <time>2026-09-21T12:24:09Z</time>
        <hdop>10.2</hdop>
        <extensions>
          <osmand:speed>1.4</osmand:speed>
        </extensions>
      </trkpt>
      <trkpt lat="46.9140631" lon="10.1013512">
        <ele>2034.3</ele>
        <time>2026-09-21T12:24:15Z</time>
        <hdop>9.7</hdop>
        <extensions>
          <osmand:speed>1.5</osmand:speed>
        </extensions>
      </trkpt>
      <trkpt lat="46.9141404" lon="10.1013615">
        <ele>2033.3</ele>
        <time>2026-09-21T12:24:21Z</time>
        <hdop>10.7</hdop>
        <extensions>
          <osmand:speed>1.4</osmand:speed>
        </extensions>
      </trkpt>
      <trkpt lat="46.9142011" lon="10.1013863">
        <ele>2033.3</ele>
        <time>2026-09-21T12:24:27Z</time>
        <hdop>7.7</hdop>
        <extensions>
          <osmand:speed>0.9</osmand:speed>
        </extensions>
      </trkpt>
      <trkpt lat="46.9142215" lon="10.101383">
        <ele>2035.3</ele>
        <time>2026-09-21T12:24:33Z</time>
        <hdop>9.2</hdop>
        <extensions>
          <osmand:speed>1.2</osmand:speed>
        </extensions>
      </trkpt>
      <trkpt lat="46.914281" lon="10.1013818">
        <ele>2035.3</ele>
        <time>2026-09-21T12:24:39Z</time>
        <hdop>9.2</hdop>
        <extensions>
          <osmand:speed>1.6</osmand:speed>
        </extensions>
      </trkpt>
      <trkpt lat="46.9143632" lon="10.1013704">
        <ele>2035.3</ele>
        <time>2026-09-21T12:24:45Z</time>
        <hdop>9.2</hdop>
        <extensions>
          <osmand:speed>1.3</osmand:speed>
        </extensions>
      </trkpt>
      <trkpt lat="46.9144166" lon="10.1013833">
        <ele>2035.3</ele>
        <time>2026-09-21T12:24:51Z</time>
        <hdop>7.1</hdop>
      </trkpt>
      <trkpt lat="46.9144447" lon="10.1013628">
        <ele>2036.3</ele>
        <time>2026-09-21T12:24:57Z</time>
        <hdop>9.2</hdop>
        <extensions>
          <osmand:speed>0.7</osmand:speed>
        </extensions>
      </trkpt>
      <trkpt lat="46.9144975" lon="10.1013463">
        <ele>2036.3</ele>
        <time>2026-09-21T12:25:03Z</time>
        <hdop>10.7</hdop>
        <extensions>
          <osmand:speed>0.8</osmand:speed>
        </extensions>
      </trkpt>
      <trkpt lat="46.9145338" lon="10.1013456">
        <ele>2036.3</ele>
        <time>2026-09-21T12:25:09Z</time>
        <hdop>9.7</hdop>
        <extensions>
          <osmand:speed>1.2</osmand:speed>
        </extensions>
      </trkpt>
      <trkpt lat="46.9146003" lon="10.1013466">
        <ele>2035.3</ele>
        <time>2026-09-21T12:25:15Z</time>
        <hdop>10.7</hdop>
        <extensions>
          <osmand:speed>1</osmand:speed>
        </extensions>
      </trkpt>
      <trkpt lat="46.9146703" lon="10.1013249">
        <ele>2035.3</ele>
        <time>2026-09-21T12:25:21Z</time>
        <hdop>9.7</hdop>
        <extensions>
          <osmand:speed>1</osmand:speed>
        </extensions>
      </trkpt>
      <trkpt lat="46.9147339" lon="10.1012999">
        <ele>2035.3</ele>
        <time>2026-09-21T12:25:27Z</time>
        <hdop>10.7</hdop>
        <extensions>
          <osmand:speed>1.1</osmand:speed>
        </extensions>
      </trkpt>
      <trkpt lat="46.9147913" lon="10.1012402">
        <ele>2036.3</ele>
        <time>2026-09-21T12:25:33Z</time>
        <hdop>10.2</hdop>
        <extensions>
          <osmand:speed>1.2</osmand:speed>
        </extensions>
      </trkpt>
      <trkpt lat="46.9148234" lon="10.1011893">
        <ele>2035.3</ele>
        <time>2026-09-21T12:25:39Z</time>
        <hdop>7.7</hdop>
      </trkpt>
      <trkpt lat="46.914842" lon="10.1011786">
        <ele>2035.3</ele>
        <time>2026-09-21T12:25:48Z</time>
        <hdop>4.6</hdop>
        <extensions>
          <osmand:speed>0.8</osmand:speed>
        </extensions>
      </trkpt>
      <trkpt lat="46.9148963" lon="10.1011295">
        <ele>2035.3</ele>
        <time>2026-09-21T12:25:54Z</time>
        <hdop>7.1</hdop>
        <extensions>
          <osmand:speed>1</osmand:speed>
        </extensions>
      </trkpt>
      <trkpt lat="46.9149506" lon="10.1010854">
        <ele>2035.3</ele>
        <time>2026-09-21T12:26:00Z</time>
        <hdop>6.1</hdop>
        <extensions>
          <osmand:speed>1.1</osmand:speed>
        </extensions>
      </trkpt>
      <trkpt lat="46.9150152" lon="10.1010323">
        <ele>2035.3</ele>
        <time>2026-09-21T12:26:06Z</time>
        <hdop>8.7</hdop>
        <extensions>
          <osmand:speed>1.3</osmand:speed>
        </extensions>
      </trkpt>
      <trkpt lat="46.9150739" lon="10.1009715">
        <ele>2034.3</ele>
        <time>2026-09-21T12:26:12Z</time>
        <hdop>9.7</hdop>
        <extensions>
          <osmand:speed>1.1</osmand:speed>
        </extensions>
      </trkpt>
      <trkpt lat="46.9151353" lon="10.1009107">
        <ele>2034.3</ele>
        <time>2026-09-21T12:26:18Z</time>
        <hdop>9.7</hdop>
        <extensions>
          <osmand:speed>1.2</osmand:speed>
        </extensions>
      </trkpt>
      <trkpt lat="46.9151918" lon="10.100865">
        <ele>2034.3</ele>
        <time>2026-09-21T12:26:24Z</time>
        <hdop>10.7</hdop>
        <extensions>
          <osmand:speed>1.1</osmand:speed>
        </extensions>
      </trkpt>
      <trkpt lat="46.9152498" lon="10.1008049">
        <ele>2033.3</ele>
        <time>2026-09-21T12:26:30Z</time>
        <hdop>9.7</hdop>
        <extensions>
          <osmand:speed>1.2</osmand:speed>
        </extensions>
      </trkpt>
      <trkpt lat="46.9153074" lon="10.1007442">
        <ele>2032.3</ele>
        <time>2026-09-21T12:26:36Z</time>
        <hdop>9.7</hdop>
        <extensions>
          <osmand:speed>1.3</osmand:speed>
        </extensions>
      </trkpt>
      <trkpt lat="46.9153658" lon="10.1006962">
        <ele>2031.3</ele>
        <time>2026-09-21T12:26:42Z</time>
        <hdop>10.7</hdop>
        <extensions>
          <osmand:speed>1.2</osmand:speed>
        </extensions>
      </trkpt>
      <trkpt lat="46.9154185" lon="10.1006226">
        <ele>2031.3</ele>
        <time>2026-09-21T12:26:48Z</time>
        <hdop>9.2</hdop>
        <extensions>
          <osmand:speed>1.3</osmand:speed>
        </extensions>
      </trkpt>
      <trkpt lat="46.9154802" lon="10.1005532">
        <ele>2031.3</ele>
        <time>2026-09-21T12:26:54Z</time>
        <hdop>10.2</hdop>
        <extensions>
          <osmand:speed>1.4</osmand:speed>
        </extensions>
      </trkpt>
      <trkpt lat="46.9155272" lon="10.1004768">
        <ele>2032.3</ele>
        <time>2026-09-21T12:27:00Z</time>
        <hdop>10.7</hdop>
        <extensions>
          <osmand:speed>0.6</osmand:speed>
        </extensions>
      </trkpt>
      <trkpt lat="46.9155129" lon="10.1005076">
        <ele>2031.3</ele>
        <time>2026-09-21T12:27:09Z</time>
        <hdop>1</hdop>
      </trkpt>
      <trkpt lat="46.915532" lon="10.1004887">
        <ele>2032.3</ele>
        <time>2026-09-21T12:28:04Z</time>
        <hdop>7.7</hdop>
        <extensions>
          <osmand:speed>1.4</osmand:speed>
        </extensions>
      </trkpt>
      <trkpt lat="46.9155694" lon="10.1004046">
        <ele>2033.3</ele>
        <time>2026-09-21T12:28:10Z</time>
        <hdop>9.2</hdop>
        <extensions>
          <osmand:speed>1.3</osmand:speed>
        </extensions>
      </trkpt>
      <trkpt lat="46.9156388" lon="10.1003521">
        <ele>2033.3</ele>
        <time>2026-09-21T12:28:16Z</time>
        <hdop>10.7</hdop>
        <extensions>
          <osmand:speed>1.2</osmand:speed>
        </extensions>
      </trkpt>
      <trkpt lat="46.9156865" lon="10.1002891">
        <ele>2034.3</ele>
        <time>2026-09-21T12:28:22Z</time>
        <hdop>11.2</hdop>
        <extensions>
          <osmand:speed>1.1</osmand:speed>
        </extensions>
      </trkpt>
      <trkpt lat="46.9157643" lon="10.1002372">
        <ele>2034.3</ele>
        <time>2026-09-21T12:28:28Z</time>
        <hdop>12.8</hdop>
        <extensions>
          <osmand:speed>1.3</osmand:speed>
        </extensions>
      </trkpt>
      <trkpt lat="46.9158154" lon="10.1001621">
        <ele>2034.3</ele>
        <time>2026-09-21T12:28:34Z</time>
        <hdop>11.2</hdop>
        <extensions>
          <osmand:speed>0.8</osmand:speed>
        </extensions>
      </trkpt>
      <trkpt lat="46.9158708" lon="10.1001139">
        <ele>2034.3</ele>
        <time>2026-09-21T12:28:40Z</time>
        <hdop>11.7</hdop>
        <extensions>
          <osmand:speed>1.3</osmand:speed>
        </extensions>
      </trkpt>
      <trkpt lat="46.9159454" lon="10.1000763">
        <ele>2034.3</ele>
        <time>2026-09-21T12:28:46Z</time>
        <hdop>9.2</hdop>
        <extensions>
          <osmand:speed>1.3</osmand:speed>
        </extensions>
      </trkpt>
      <trkpt lat="46.915994" lon="10.100011">
        <ele>2035.3</ele>
        <time>2026-09-21T12:28:52Z</time>
        <hdop>11.7</hdop>
        <extensions>
          <osmand:speed>1.6</osmand:speed>
        </extensions>
      </trkpt>
      <trkpt lat="46.9160518" lon="10.0999502">
        <ele>2035.3</ele>
        <time>2026-09-21T12:28:58Z</time>
        <hdop>11.2</hdop>
        <extensions>
          <osmand:speed>1.2</osmand:speed>
        </extensions>
      </trkpt>
      <trkpt lat="46.9161253" lon="10.0998775">
        <ele>2035.3</ele>
        <time>2026-09-21T12:29:04Z</time>
        <hdop>11.2</hdop>
        <extensions>
          <osmand:speed>1.1</osmand:speed>
        </extensions>
      </trkpt>
      <trkpt lat="46.9161933" lon="10.0998109">
        <ele>2035.3</ele>
        <time>2026-09-21T12:29:10Z</time>
        <hdop>8.7</hdop>
        <extensions>
          <osmand:speed>1.2</osmand:speed>
        </extensions>
      </trkpt>
      <trkpt lat="46.9162402" lon="10.0997527">
        <ele>2035.3</ele>
        <time>2026-09-21T12:29:16Z</time>
        <hdop>11.7</hdop>
        <extensions>
          <osmand:speed>1.2</osmand:speed>
        </extensions>
      </trkpt>
      <trkpt lat="46.9162936" lon="10.0997143">
        <ele>2036.3</ele>
        <time>2026-09-21T12:29:22Z</time>
        <hdop>11.2</hdop>
        <extensions>
          <osmand:speed>0.6</osmand:speed>
        </extensions>
      </trkpt>
      <trkpt lat="46.9163511" lon="10.0996505">
        <ele>2035.3</ele>
        <time>2026-09-21T12:29:28Z</time>
        <hdop>11.2</hdop>
        <extensions>
          <osmand:speed>1.3</osmand:speed>
        </extensions>
      </trkpt>
      <trkpt lat="46.91641" lon="10.099583">
        <ele>2035.3</ele>
        <time>2026-09-21T12:29:34Z</time>
        <hdop>10.7</hdop>
        <extensions>
          <osmand:speed>1.3</osmand:speed>
        </extensions>
      </trkpt>
      <trkpt lat="46.9164759" lon="10.0995235">
        <ele>2035.3</ele>
        <time>2026-09-21T12:29:40Z</time>
        <hdop>10.7</hdop>
        <extensions>
          <osmand:speed>1.2</osmand:speed>
        </extensions>
      </trkpt>
      <trkpt lat="46.9165332" lon="10.099457">
        <ele>2035.3</ele>
        <time>2026-09-21T12:29:46Z</time>
        <hdop>10.7</hdop>
        <extensions>
          <osmand:speed>1.3</osmand:speed>
        </extensions>
      </trkpt>
      <trkpt lat="46.9165843" lon="10.0993989">
        <ele>2034.3</ele>
        <time>2026-09-21T12:29:52Z</time>
        <hdop>10.7</hdop>
        <extensions>
          <osmand:speed>1.2</osmand:speed>
        </extensions>
      </trkpt>
      <trkpt lat="46.9166406" lon="10.0993168">
        <ele>2034.3</ele>
        <time>2026-09-21T12:29:58Z</time>
        <hdop>8.2</hdop>
        <extensions>
          <osmand:speed>1.3</osmand:speed>
        </extensions>
      </trkpt>
      <trkpt lat="46.9166989" lon="10.0992749">
        <ele>2035.3</ele>
        <time>2026-09-21T12:30:04Z</time>
        <hdop>10.7</hdop>
        <extensions>
          <osmand:speed>1.2</osmand:speed>
        </extensions>
      </trkpt>
      <trkpt lat="46.9167882" lon="10.0992197">
        <ele>2035.3</ele>
        <time>2026-09-21T12:30:10Z</time>
        <hdop>10.2</hdop>
        <extensions>
          <osmand:speed>1.7</osmand:speed>
        </extensions>
      </trkpt>
      <trkpt lat="46.9168327" lon="10.0991616">
        <ele>2035.3</ele>
        <time>2026-09-21T12:30:16Z</time>
        <hdop>11.2</hdop>
        <extensions>
          <osmand:speed>1.1</osmand:speed>
        </extensions>
      </trkpt>
      <trkpt lat="46.9168833" lon="10.0990997">
        <ele>2035.3</ele>
        <time>2026-09-21T12:30:22Z</time>
        <hdop>10.2</hdop>
        <extensions>
          <osmand:speed>1.1</osmand:speed>
        </extensions>
      </trkpt>
      <trkpt lat="46.916929" lon="10.0990541">
        <ele>2035.3</ele>
        <time>2026-09-21T12:30:28Z</time>
        <hdop>10.2</hdop>
        <extensions>
          <osmand:speed>1.1</osmand:speed>
        </extensions>
      </trkpt>
      <trkpt lat="46.916983" lon="10.098994">
        <ele>2034.3</ele>
        <time>2026-09-21T12:30:34Z</time>
        <hdop>6.6</hdop>
        <extensions>
          <osmand:speed>1.1</osmand:speed>
        </extensions>
      </trkpt>
      <trkpt lat="46.9170449" lon="10.0989261">
        <ele>2034.3</ele>
        <time>2026-09-21T12:30:40Z</time>
        <hdop>9.2</hdop>
        <extensions>
          <osmand:speed>1.1</osmand:speed>
        </extensions>
      </trkpt>
      <trkpt lat="46.9170928" lon="10.0988344">
        <ele>2034.3</ele>
        <time>2026-09-21T12:30:46Z</time>
        <hdop>10.2</hdop>
        <extensions>
          <osmand:speed>1.4</osmand:speed>
        </extensions>
      </trkpt>
      <trkpt lat="46.9171305" lon="10.0987445">
        <ele>2033.3</ele>
        <time>2026-09-21T12:30:52Z</time>
        <hdop>8.2</hdop>
        <extensions>
          <osmand:speed>1.1</osmand:speed>
        </extensions>
      </trkpt>
      <trkpt lat="46.9171667" lon="10.0986809">
        <ele>2033.3</ele>
        <time>2026-09-21T12:30:58Z</time>
        <hdop>8.7</hdop>
        <extensions>
          <osmand:speed>0.1</osmand:speed>
        </extensions>
      </trkpt>
      <trkpt lat="46.9171747" lon="10.0986568">
        <ele>2032.3</ele>
        <time>2026-09-21T12:31:23Z</time>
        <hdop>6.6</hdop>
        <extensions>
          <osmand:speed>0.8</osmand:speed>
        </extensions>
      </trkpt>
      <trkpt lat="46.9172252" lon="10.0985691">
        <ele>2032.3</ele>
        <time>2026-09-21T12:31:29Z</time>
        <hdop>8.7</hdop>
        <extensions>
          <osmand:speed>1.7</osmand:speed>
        </extensions>
      </trkpt>
      <trkpt lat="46.9172768" lon="10.098488">
        <ele>2033.3</ele>
        <time>2026-09-21T12:31:35Z</time>
        <hdop>9.2</hdop>
        <extensions>
          <osmand:speed>1.5</osmand:speed>
        </extensions>
      </trkpt>
      <trkpt lat="46.9173148" lon="10.0983912">
        <ele>2033.3</ele>
        <time>2026-09-21T12:31:41Z</time>
        <hdop>9.2</hdop>
        <extensions>
          <osmand:speed>1.1</osmand:speed>
        </extensions>
      </trkpt>
      <trkpt lat="46.9173645" lon="10.0983247">
        <ele>2033.3</ele>
        <time>2026-09-21T12:31:47Z</time>
        <hdop>8.2</hdop>
        <extensions>
          <osmand:speed>1.4</osmand:speed>
        </extensions>
      </trkpt>
      <trkpt lat="46.9174082" lon="10.0982566">
        <ele>2033.3</ele>
        <time>2026-09-21T12:31:53Z</time>
        <hdop>7.7</hdop>
        <extensions>
          <osmand:speed>1.3</osmand:speed>
        </extensions>
      </trkpt>
      <trkpt lat="46.9174577" lon="10.0981789">
        <ele>2033.3</ele>
        <time>2026-09-21T12:31:59Z</time>
        <hdop>11.2</hdop>
        <extensions>
          <osmand:speed>1.2</osmand:speed>
        </extensions>
      </trkpt>
      <trkpt lat="46.9174786" lon="10.0981668">
        <ele>2033.3</ele>
        <time>2026-09-21T12:32:05Z</time>
        <hdop>9.2</hdop>
        <extensions>
          <osmand:speed>0.6</osmand:speed>
        </extensions>
      </trkpt>
      <trkpt lat="46.9175139" lon="10.098107">
        <ele>2033.3</ele>
        <time>2026-09-21T12:32:11Z</time>
        <hdop>8.2</hdop>
        <extensions>
          <osmand:speed>1.1</osmand:speed>
        </extensions>
      </trkpt>
      <trkpt lat="46.9175785" lon="10.0980142">
        <ele>2034.3</ele>
        <time>2026-09-21T12:32:17Z</time>
        <hdop>10.7</hdop>
        <extensions>
          <osmand:speed>1.3</osmand:speed>
        </extensions>
      </trkpt>
      <trkpt lat="46.9176481" lon="10.097943">
        <ele>2034.3</ele>
        <time>2026-09-21T12:32:23Z</time>
        <hdop>8.7</hdop>
        <extensions>
          <osmand:speed>1.6</osmand:speed>
        </extensions>
      </trkpt>
      <trkpt lat="46.9177077" lon="10.0978718">
        <ele>2034.3</ele>
        <time>2026-09-21T12:32:29Z</time>
        <hdop>11.2</hdop>
        <extensions>
          <osmand:speed>1.3</osmand:speed>
        </extensions>
      </trkpt>
      <trkpt lat="46.9177683" lon="10.0978159">
        <ele>2034.3</ele>
        <time>2026-09-21T12:32:35Z</time>
        <hdop>9.2</hdop>
        <extensions>
          <osmand:speed>1.4</osmand:speed>
        </extensions>
      </trkpt>
      <trkpt lat="46.9178306" lon="10.0977637">
        <ele>2033.3</ele>
        <time>2026-09-21T12:32:41Z</time>
        <hdop>12.2</hdop>
        <extensions>
          <osmand:speed>1.3</osmand:speed>
        </extensions>
      </trkpt>
      <trkpt lat="46.9178966" lon="10.0977107">
        <ele>2033.3</ele>
        <time>2026-09-21T12:32:47Z</time>
        <hdop>9.7</hdop>
        <extensions>
          <osmand:speed>1.4</osmand:speed>
        </extensions>
      </trkpt>
      <trkpt lat="46.9179605" lon="10.0976384">
        <ele>2032.3</ele>
        <time>2026-09-21T12:32:53Z</time>
        <hdop>13.3</hdop>
        <extensions>
          <osmand:speed>1.6</osmand:speed>
        </extensions>
      </trkpt>
      <trkpt lat="46.9180122" lon="10.0975699">
        <ele>2032.3</ele>
        <time>2026-09-21T12:32:59Z</time>
        <hdop>10.7</hdop>
        <extensions>
          <osmand:speed>1.4</osmand:speed>
        </extensions>
      </trkpt>
      <trkpt lat="46.9180719" lon="10.0975285">
        <ele>2032.3</ele>
        <time>2026-09-21T12:33:05Z</time>
        <hdop>8.7</hdop>
        <extensions>
          <osmand:speed>1.5</osmand:speed>
        </extensions>
      </trkpt>
      <trkpt lat="46.9181313" lon="10.0974676">
        <ele>2031.3</ele>
        <time>2026-09-21T12:33:11Z</time>
        <hdop>10.7</hdop>
        <extensions>
          <osmand:speed>1.3</osmand:speed>
        </extensions>
      </trkpt>
      <trkpt lat="46.9181876" lon="10.0974218">
        <ele>2032.3</ele>
        <time>2026-09-21T12:33:17Z</time>
        <hdop>9.7</hdop>
        <extensions>
          <osmand:speed>1.2</osmand:speed>
        </extensions>
      </trkpt>
      <trkpt lat="46.9181879" lon="10.0973194">
        <ele>2032.3</ele>
        <time>2026-09-21T12:33:23Z</time>
        <hdop>10.7</hdop>
        <extensions>
          <osmand:speed>1.2</osmand:speed>
        </extensions>
      </trkpt>
      <trkpt lat="46.9181309" lon="10.0972274">
        <ele>2034.3</ele>
        <time>2026-09-21T12:33:29Z</time>
        <hdop>8.7</hdop>
        <extensions>
          <osmand:speed>1.4</osmand:speed>
        </extensions>
      </trkpt>
      <trkpt lat="46.9181025" lon="10.0971256">
        <ele>2035.3</ele>
        <time>2026-09-21T12:33:35Z</time>
        <hdop>9.7</hdop>
        <extensions>
          <osmand:speed>1.2</osmand:speed>
        </extensions>
      </trkpt>
      <trkpt lat="46.9181053" lon="10.0970339">
        <ele>2037.3</ele>
        <time>2026-09-21T12:33:41Z</time>
        <hdop>5.6</hdop>
        <extensions>
          <osmand:speed>0.9</osmand:speed>
        </extensions>
      </trkpt>
      <trkpt lat="46.9180919" lon="10.0969409">
        <ele>2037.3</ele>
        <time>2026-09-21T12:33:47Z</time>
        <hdop>10.2</hdop>
        <extensions>
          <osmand:speed>1.4</osmand:speed>
        </extensions>
      </trkpt>
      <trkpt lat="46.9180852" lon="10.0968211">
        <ele>2037.3</ele>
        <time>2026-09-21T12:33:53Z</time>
        <hdop>8.7</hdop>
        <extensions>
          <osmand:speed>1.6</osmand:speed>
        </extensions>
      </trkpt>
      <trkpt lat="46.9180683" lon="10.0967069">
        <ele>2037.3</ele>
        <time>2026-09-21T12:33:59Z</time>
        <hdop>8.7</hdop>
        <extensions>
          <osmand:speed>1.4</osmand:speed>
        </extensions>
      </trkpt>
      <trkpt lat="46.9180543" lon="10.0966043">
        <ele>2037.3</ele>
        <time>2026-09-21T12:34:05Z</time>
        <hdop>8.7</hdop>
        <extensions>
          <osmand:speed>0.9</osmand:speed>
        </extensions>
      </trkpt>
      <trkpt lat="46.9180503" lon="10.0965124">
        <ele>2038.3</ele>
        <time>2026-09-21T12:34:11Z</time>
        <hdop>9.2</hdop>
        <extensions>
          <osmand:speed>0.3</osmand:speed>
        </extensions>
      </trkpt>
      <trkpt lat="46.9180398" lon="10.0964908">
        <ele>2038.3</ele>
        <time>2026-09-21T12:34:20Z</time>
        <hdop>8.2</hdop>
        <extensions>
          <osmand:speed>0.5</osmand:speed>
        </extensions>
      </trkpt>
      <trkpt lat="46.9180299" lon="10.0964044">
        <ele>2038.3</ele>
        <time>2026-09-21T12:34:26Z</time>
        <hdop>9.7</hdop>
        <extensions>
          <osmand:speed>1.1</osmand:speed>
        </extensions>
      </trkpt>
      <trkpt lat="46.918019" lon="10.0963252">
        <ele>2037.3</ele>
        <time>2026-09-21T12:34:32Z</time>
        <hdop>7.1</hdop>
        <extensions>
          <osmand:speed>0.9</osmand:speed>
        </extensions>
      </trkpt>
      <trkpt lat="46.9180081" lon="10.0962014">
        <ele>2038.3</ele>
        <time>2026-09-21T12:34:38Z</time>
        <hdop>7.1</hdop>
        <extensions>
          <osmand:speed>1.2</osmand:speed>
        </extensions>
      </trkpt>
      <trkpt lat="46.9180046" lon="10.0960736">
        <ele>2038.3</ele>
        <time>2026-09-21T12:34:44Z</time>
        <hdop>8.7</hdop>
        <extensions>
          <osmand:speed>1.2</osmand:speed>
        </extensions>
      </trkpt>
      <trkpt lat="46.9179991" lon="10.0959657">
        <ele>2037.3</ele>
        <time>2026-09-21T12:34:50Z</time>
        <hdop>8.2</hdop>
        <extensions>
          <osmand:speed>1.2</osmand:speed>
        </extensions>
      </trkpt>
      <trkpt lat="46.9179951" lon="10.0958613">
        <ele>2038.3</ele>
        <time>2026-09-21T12:34:56Z</time>
        <hdop>8.2</hdop>
        <extensions>
          <osmand:speed>1.1</osmand:speed>
        </extensions>
      </trkpt>
      <trkpt lat="46.9180042" lon="10.0957561">
        <ele>2039.3</ele>
        <time>2026-09-21T12:35:02Z</time>
        <hdop>8.2</hdop>
        <extensions>
          <osmand:speed>1.1</osmand:speed>
        </extensions>
      </trkpt>
      <trkpt lat="46.9179995" lon="10.0956173">
        <ele>2038.3</ele>
        <time>2026-09-21T12:35:08Z</time>
        <hdop>8.2</hdop>
        <extensions>
          <osmand:speed>1.5</osmand:speed>
        </extensions>
      </trkpt>
      <trkpt lat="46.9179936" lon="10.0955197">
        <ele>2038.3</ele>
        <time>2026-09-21T12:35:14Z</time>
        <hdop>8.2</hdop>
        <extensions>
          <osmand:speed>1.1</osmand:speed>
        </extensions>
      </trkpt>
      <trkpt lat="46.9179811" lon="10.0954088">
        <ele>2038.3</ele>
        <time>2026-09-21T12:35:20Z</time>
        <hdop>8.7</hdop>
        <extensions>
          <osmand:speed>1.6</osmand:speed>
        </extensions>
      </trkpt>
      <trkpt lat="46.9179685" lon="10.0953171">
        <ele>2037.3</ele>
        <time>2026-09-21T12:35:26Z</time>
        <hdop>6.6</hdop>
        <extensions>
          <osmand:speed>1.4</osmand:speed>
        </extensions>
      </trkpt>
      <trkpt lat="46.9179604" lon="10.095192">
        <ele>2038.3</ele>
        <time>2026-09-21T12:35:32Z</time>
        <hdop>8.7</hdop>
        <extensions>
          <osmand:speed>1.3</osmand:speed>
        </extensions>
      </trkpt>
      <trkpt lat="46.9179616" lon="10.0950793">
        <ele>2038.3</ele>
        <time>2026-09-21T12:35:38Z</time>
        <hdop>8.7</hdop>
        <extensions>
          <osmand:speed>1.3</osmand:speed>
        </extensions>
      </trkpt>
      <trkpt lat="46.9179627" lon="10.0949514">
        <ele>2038.3</ele>
        <time>2026-09-21T12:35:44Z</time>
        <hdop>8.7</hdop>
        <extensions>
          <osmand:speed>1.5</osmand:speed>
        </extensions>
      </trkpt>
      <trkpt lat="46.9179407" lon="10.0948422">
        <ele>2037.3</ele>
        <time>2026-09-21T12:35:50Z</time>
        <hdop>8.2</hdop>
        <extensions>
          <osmand:speed>1.1</osmand:speed>
        </extensions>
      </trkpt>
      <trkpt lat="46.9179249" lon="10.0947353">
        <ele>2038.3</ele>
        <time>2026-09-21T12:35:56Z</time>
        <hdop>8.2</hdop>
        <extensions>
          <osmand:speed>1.5</osmand:speed>
        </extensions>
      </trkpt>
      <trkpt lat="46.9178881" lon="10.0946287">
        <ele>2038.3</ele>
        <time>2026-09-21T12:36:02Z</time>
        <hdop>8.2</hdop>
        <extensions>
          <osmand:speed>1.2</osmand:speed>
        </extensions>
      </trkpt>
      <trkpt lat="46.9178496" lon="10.0945106">
        <ele>2037.3</ele>
        <time>2026-09-21T12:36:08Z</time>
        <hdop>8.2</hdop>
        <extensions>
          <osmand:speed>1.4</osmand:speed>
        </extensions>
      </trkpt>
      <trkpt lat="46.9178222" lon="10.0944148">
        <ele>2038.3</ele>
        <time>2026-09-21T12:36:14Z</time>
        <hdop>8.7</hdop>
        <extensions>
          <osmand:speed>1.3</osmand:speed>
        </extensions>
      </trkpt>
      <trkpt lat="46.9177978" lon="10.0943017">
        <ele>2038.3</ele>
        <time>2026-09-21T12:36:20Z</time>
        <hdop>8.2</hdop>
        <extensions>
          <osmand:speed>1.3</osmand:speed>
        </extensions>
      </trkpt>
      <trkpt lat="46.9177653" lon="10.0941874">
        <ele>2038.3</ele>
        <time>2026-09-21T12:36:26Z</time>
        <hdop>8.2</hdop>
        <extensions>
          <osmand:speed>1.6</osmand:speed>
        </extensions>
      </trkpt>
      <trkpt lat="46.9177384" lon="10.0940926">
        <ele>2038.3</ele>
        <time>2026-09-21T12:36:32Z</time>
        <hdop>9.7</hdop>
        <extensions>
          <osmand:speed>1.3</osmand:speed>
        </extensions>
      </trkpt>
      <trkpt lat="46.9177108" lon="10.0939996">
        <ele>2038.3</ele>
        <time>2026-09-21T12:36:38Z</time>
        <hdop>9.7</hdop>
        <extensions>
          <osmand:speed>1.7</osmand:speed>
        </extensions>
      </trkpt>
      <trkpt lat="46.9176875" lon="10.0938924">
        <ele>2038.3</ele>
        <time>2026-09-21T12:36:44Z</time>
        <hdop>8.7</hdop>
        <extensions>
          <osmand:speed>1.4</osmand:speed>
        </extensions>
      </trkpt>
      <trkpt lat="46.9176666" lon="10.0937983">
        <ele>2037.3</ele>
        <time>2026-09-21T12:36:50Z</time>
        <hdop>10.2</hdop>
        <extensions>
          <osmand:speed>1.2</osmand:speed>
        </extensions>
      </trkpt>
      <trkpt lat="46.9176427" lon="10.0936978">
        <ele>2036.3</ele>
        <time>2026-09-21T12:36:56Z</time>
        <hdop>9.7</hdop>
        <extensions>
          <osmand:speed>1.1</osmand:speed>
        </extensions>
      </trkpt>
      <trkpt lat="46.9176208" lon="10.0936188">
        <ele>2036.3</ele>
        <time>2026-09-21T12:37:02Z</time>
        <hdop>7.1</hdop>
        <extensions>
          <osmand:speed>1.4</osmand:speed>
        </extensions>
      </trkpt>
      <trkpt lat="46.9176095" lon="10.0934989">
        <ele>2036.3</ele>
        <time>2026-09-21T12:37:08Z</time>
        <hdop>8.2</hdop>
        <extensions>
          <osmand:speed>1.3</osmand:speed>
        </extensions>
      </trkpt>
      <trkpt lat="46.9176049" lon="10.0933935">
        <ele>2036.3</ele>
        <time>2026-09-21T12:37:14Z</time>
        <hdop>10.7</hdop>
        <extensions>
          <osmand:speed>1.4</osmand:speed>
        </extensions>
      </trkpt>
      <trkpt lat="46.9175981" lon="10.0932938">
        <ele>2037.3</ele>
        <time>2026-09-21T12:37:20Z</time>
        <hdop>13.8</hdop>
        <extensions>
          <osmand:speed>1.3</osmand:speed>
        </extensions>
      </trkpt>
      <trkpt lat="46.9175803" lon="10.0931802">
        <ele>2037.3</ele>
        <time>2026-09-21T12:37:26Z</time>
        <hdop>13.8</hdop>
        <extensions>
          <osmand:speed>1.1</osmand:speed>
        </extensions>
      </trkpt>
      <trkpt lat="46.9175505" lon="10.0930662">
        <ele>2037.3</ele>
        <time>2026-09-21T12:37:32Z</time>
        <hdop>5.1</hdop>
        <extensions>
          <osmand:speed>1</osmand:speed>
        </extensions>
      </trkpt>
      <trkpt lat="46.9175124" lon="10.0929905">
        <ele>2038.3</ele>
        <time>2026-09-21T12:37:38Z</time>
        <hdop>4.1</hdop>
        <extensions>
          <osmand:speed>1.2</osmand:speed>
        </extensions>
      </trkpt>
      <trkpt lat="46.9174677" lon="10.0928831">
        <ele>2036.3</ele>
        <time>2026-09-21T12:37:44Z</time>
        <hdop>3.1</hdop>
        <extensions>
          <osmand:speed>1.2</osmand:speed>
        </extensions>
      </trkpt>
    </trkseg>
  </trk>
  <extensions>
    <osmand:show_arrows>false</osmand:show_arrows>
    <osmand:show_start_finish>true</osmand:show_start_finish>
    <osmand:split_interval>0.0</osmand:split_interval>
    <osmand:split_type>no_split</osmand:split_type>
    <osmand:line_3d_visualization_by_type>none</osmand:line_3d_visualization_by_type>
    <osmand:line_3d_visualization_wall_color_type>none</osmand:line_3d_visualization_wall_color_type>
    <osmand:line_3d_visualization_position_type>top</osmand:line_3d_visualization_position_type>
    <osmand:vertical_exaggeration_scale>1.0</osmand:vertical_exaggeration_scale>
    <osmand:elevation_meters>1000.0</osmand:elevation_meters>
    <osmand:width></osmand:width>
    <osmand:coloring_type>solid</osmand:coloring_type>
  </extensions>
</gpx>