<?xml version='1.0' encoding='UTF-8' standalone='yes' ?>
<gpx version="1.1" creator="OsmAnd+ 5.3.10" xmlns="http://www.topografix.com/GPX/1/1" xmlns:osmand="https://osmand.net/docs/technical/osmand-file-formats/osmand-gpx" xmlns:gpxtpx="https://www8.garmin.com/xmlschemas/TrackPointExtensionv1.xsd" xmlns:xsi="http://www.w3.org/2001/XMLSchema-instance" xsi:schemaLocation="http://www.topografix.com/GPX/1/1 https://www.topografix.com/GPX/1/1/gpx.xsd">
  <metadata>
    <name>2026-09-03_07-31_Thu</name>
    <time>2026-09-03T14:04:26Z</time>
  </metadata>
  <trk>
    <trkseg>
      <trkpt lat="47.2169659" lon="9.3170149">
        <ele>1071.4</ele>
        <time>2026-09-03T05:31:55Z</time>
        <hdop>1</hdop>
      </trkpt>
      <trkpt lat="47.2169207" lon="9.3171784">
        <ele>1073.4</ele>
        <time>2026-09-03T05:32:24Z</time>
        <hdop>14.8</hdop>
        <extensions>
          <osmand:speed>1.2</osmand:speed>
        </extensions>
      </trkpt>
      <trkpt lat="47.2169872" lon="9.3171859">
        <ele>1075.4</ele>
        <time>2026-09-03T05:32:31Z</time>
        <hdop>13.3</hdop>
        <extensions>
          <osmand:speed>0.9</osmand:speed>
        </extensions>
      </trkpt>
      <trkpt lat="47.217187" lon="9.3172268">
        <ele>1070.4</ele>
        <time>2026-09-03T05:32:50Z</time>
        <hdop>12.8</hdop>
        <extensions>
          <osmand:speed>1.2</osmand:speed>
        </extensions>
      </trkpt>
      <trkpt lat="47.2171365" lon="9.3172248">
        <ele>1070.4</ele>
        <time>2026-09-03T05:32:56Z</time>
        <hdop>13.3</hdop>
        <extensions>
          <osmand:speed>1.1</osmand:speed>
        </extensions>
      </trkpt>
      <trkpt lat="47.2171382" lon="9.3171762">
        <ele>1070.4</ele>
        <time>2026-09-03T05:33:02Z</time>
        <hdop>11.7</hdop>
        <extensions>
          <osmand:speed>1</osmand:speed>
        </extensions>
      </trkpt>
      <trkpt lat="47.217166" lon="9.3171827">
        <ele>1071.4</ele>
        <time>2026-09-03T05:33:08Z</time>
        <hdop>7.7</hdop>
      </trkpt>
      <trkpt lat="47.2171385" lon="9.3171993">
        <ele>1070.4</ele>
        <time>2026-09-03T05:33:14Z</time>
        <hdop>8.2</hdop>
        <extensions>
          <osmand:speed>0.8</osmand:speed>
        </extensions>
      </trkpt>
      <trkpt lat="47.2171267" lon="9.3172444">
        <ele>1069.4</ele>
        <time>2026-09-03T05:33:20Z</time>
        <hdop>7.7</hdop>
        <extensions>
          <osmand:speed>0.9</osmand:speed>
        </extensions>
      </trkpt>
      <trkpt lat="47.2171331" lon="9.3172715">
        <ele>1071.4</ele>
        <time>2026-09-03T05:33:26Z</time>
        <hdop>9.7</hdop>
        <extensions>
          <osmand:speed>0.4</osmand:speed>
        </extensions>
      </trkpt>
      <trkpt lat="47.2171257" lon="9.3173194">
        <ele>1071.4</ele>
        <time>2026-09-03T05:33:32Z</time>
        <hdop>8.7</hdop>
        <extensions>
          <osmand:speed>0.8</osmand:speed>
        </extensions>
      </trkpt>
      <trkpt lat="47.2171751" lon="9.317388">
        <ele>1071.4</ele>
        <time>2026-09-03T05:33:38Z</time>
        <hdop>9.2</hdop>
        <extensions>
          <osmand:speed>1.4</osmand:speed>
        </extensions>
      </trkpt>
      <trkpt lat="47.2172157" lon="9.3174613">
        <ele>1070.4</ele>
        <time>2026-09-03T05:33:44Z</time>
        <hdop>9.2</hdop>
        <extensions>
          <osmand:speed>1</osmand:speed>
        </extensions>
      </trkpt>
      <trkpt lat="47.2172389" lon="9.317534">
        <ele>1070.4</ele>
        <time>2026-09-03T05:33:50Z</time>
        <hdop>11.7</hdop>
        <extensions>
          <osmand:speed>1.5</osmand:speed>
        </extensions>
      </trkpt>
      <trkpt lat="47.2173003" lon="9.3175741">
        <ele>1070.4</ele>
        <time>2026-09-03T05:33:56Z</time>
        <hdop>8.2</hdop>
        <extensions>
          <osmand:speed>0.9</osmand:speed>
        </extensions>
      </trkpt>
      <trkpt lat="47.2173412" lon="9.3176205">
        <ele>1071.4</ele>
        <time>2026-09-03T05:34:02Z</time>
        <hdop>6.6</hdop>
        <extensions>
          <osmand:speed>0.7</osmand:speed>
        </extensions>
      </trkpt>
      <trkpt lat="47.2173693" lon="9.3176578">
        <ele>1073.4</ele>
        <time>2026-09-03T05:34:08Z</time>
        <hdop>9.2</hdop>
        <extensions>
          <osmand:speed>0.9</osmand:speed>
        </extensions>
      </trkpt>
      <trkpt lat="47.2173822" lon="9.3176956">
        <ele>1072.4</ele>
        <time>2026-09-03T05:34:14Z</time>
        <hdop>7.1</hdop>
        <extensions>
          <osmand:speed>0.5</osmand:speed>
        </extensions>
      </trkpt>
      <trkpt lat="47.217416" lon="9.3177176">
        <ele>1071.4</ele>
        <time>2026-09-03T05:34:20Z</time>
        <hdop>10.2</hdop>
      </trkpt>
      <trkpt lat="47.217404" lon="9.3177553">
        <ele>1072.4</ele>
        <time>2026-09-03T05:34:26Z</time>
        <hdop>8.7</hdop>
        <extensions>
          <osmand:speed>0.6</osmand:speed>
        </extensions>
      </trkpt>
      <trkpt lat="47.2174119" lon="9.3177894">
        <ele>1073.4</ele>
        <time>2026-09-03T05:34:32Z</time>
        <hdop>7.7</hdop>
        <extensions>
          <osmand:speed>0.3</osmand:speed>
        </extensions>
      </trkpt>
      <trkpt lat="47.2174273" lon="9.3177612">
        <ele>1075.4</ele>
        <time>2026-09-03T05:34:38Z</time>
        <hdop>7.7</hdop>
        <extensions>
          <osmand:speed>0.7</osmand:speed>
        </extensions>
      </trkpt>
      <trkpt lat="47.2174453" lon="9.3177782">
        <ele>1074.4</ele>
        <time>2026-09-03T05:34:45Z</time>
        <hdop>9.2</hdop>
        <extensions>
          <osmand:speed>0.2</osmand:speed>
        </extensions>
      </trkpt>
      <trkpt lat="47.2174911" lon="9.3177971">
        <ele>1074.4</ele>
        <time>2026-09-03T05:34:51Z</time>
        <hdop>8.2</hdop>
        <extensions>
          <osmand:speed>0.9</osmand:speed>
        </extensions>
      </trkpt>
      <trkpt lat="47.2175381" lon="9.3178343">
        <ele>1073.4</ele>
        <time>2026-09-03T05:34:57Z</time>
        <hdop>11.2</hdop>
        <extensions>
          <osmand:speed>0.2</osmand:speed>
        </extensions>
      </trkpt>
      <trkpt lat="47.21754" lon="9.3178028">
        <ele>1073.4</ele>
        <time>2026-09-03T05:35:04Z</time>
        <hdop>6.1</hdop>
        <extensions>
          <osmand:speed>0.2</osmand:speed>
        </extensions>
      </trkpt>
      <trkpt lat="47.2175699" lon="9.317882">
        <ele>1073.4</ele>
        <time>2026-09-03T05:35:10Z</time>
        <hdop>6.1</hdop>
        <extensions>
          <osmand:speed>1.1</osmand:speed>
        </extensions>
      </trkpt>
      <trkpt lat="47.2176077" lon="9.3179438">
        <ele>1074.4</ele>
        <time>2026-09-03T05:35:16Z</time>
        <hdop>6.1</hdop>
        <extensions>
          <osmand:speed>1.3</osmand:speed>
        </extensions>
      </trkpt>
      <trkpt lat="47.2176585" lon="9.3180442">
        <ele>1075.4</ele>
        <time>2026-09-03T05:35:22Z</time>
        <hdop>6.1</hdop>
        <extensions>
          <osmand:speed>1.6</osmand:speed>
        </extensions>
      </trkpt>
      <trkpt lat="47.2177065" lon="9.3181359">
        <ele>1075.4</ele>
        <time>2026-09-03T05:35:28Z</time>
        <hdop>5.6</hdop>
        <extensions>
          <osmand:speed>1.4</osmand:speed>
        </extensions>
      </trkpt>
      <trkpt lat="47.2177629" lon="9.3182306">
        <ele>1076.4</ele>
        <time>2026-09-03T05:35:34Z</time>
        <hdop>5.6</hdop>
        <extensions>
          <osmand:speed>1.4</osmand:speed>
        </extensions>
      </trkpt>
      <trkpt lat="47.2178044" lon="9.3183375">
        <ele>1076.4</ele>
        <time>2026-09-03T05:35:40Z</time>
        <hdop>5.1</hdop>
        <extensions>
          <osmand:speed>1.1</osmand:speed>
        </extensions>
      </trkpt>
      <trkpt lat="47.2178543" lon="9.3184281">
        <ele>1076.4</ele>
        <time>2026-09-03T05:35:46Z</time>
        <hdop>6.1</hdop>
        <extensions>
          <osmand:speed>1.3</osmand:speed>
        </extensions>
      </trkpt>
      <trkpt lat="47.2179015" lon="9.3185179">
        <ele>1076.4</ele>
        <time>2026-09-03T05:35:52Z</time>
        <hdop>5.1</hdop>
        <extensions>
          <osmand:speed>0.9</osmand:speed>
        </extensions>
      </trkpt>
      <trkpt lat="47.2179449" lon="9.3186019">
        <ele>1077.4</ele>
        <time>2026-09-03T05:35:58Z</time>
        <hdop>5.1</hdop>
        <extensions>
          <osmand:speed>1.4</osmand:speed>
        </extensions>
      </trkpt>
      <trkpt lat="47.2179917" lon="9.318675">
        <ele>1077.4</ele>
        <time>2026-09-03T05:36:04Z</time>
        <hdop>6.1</hdop>
        <extensions>
          <osmand:speed>1.3</osmand:speed>
        </extensions>
      </trkpt>
      <trkpt lat="47.2180474" lon="9.3187891">
        <ele>1077.4</ele>
        <time>2026-09-03T05:36:10Z</time>
        <hdop>6.6</hdop>
        <extensions>
          <osmand:speed>1.3</osmand:speed>
        </extensions>
      </trkpt>
      <trkpt lat="47.2181102" lon="9.3188628">
        <ele>1078.4</ele>
        <time>2026-09-03T05:36:16Z</time>
        <hdop>5.6</hdop>
        <extensions>
          <osmand:speed>1.7</osmand:speed>
        </extensions>
      </trkpt>
      <trkpt lat="47.2181811" lon="9.3189351">
        <ele>1079.4</ele>
        <time>2026-09-03T05:36:22Z</time>
        <hdop>6.1</hdop>
        <extensions>
          <osmand:speed>1.5</osmand:speed>
        </extensions>
      </trkpt>
      <trkpt lat="47.2182439" lon="9.3190242">
        <ele>1080.4</ele>
        <time>2026-09-03T05:36:28Z</time>
        <hdop>5.1</hdop>
        <extensions>
          <osmand:speed>1.3</osmand:speed>
        </extensions>
      </trkpt>
      <trkpt lat="47.2183047" lon="9.3191041">
        <ele>1081.4</ele>
        <time>2026-09-03T05:36:34Z</time>
        <hdop>5.6</hdop>
        <extensions>
          <osmand:speed>1.4</osmand:speed>
        </extensions>
      </trkpt>
      <trkpt lat="47.2183677" lon="9.3191771">
        <ele>1082.4</ele>
        <time>2026-09-03T05:36:40Z</time>
        <hdop>5.1</hdop>
        <extensions>
          <osmand:speed>1.4</osmand:speed>
        </extensions>
      </trkpt>
      <trkpt lat="47.2184118" lon="9.3192562">
        <ele>1082.4</ele>
        <time>2026-09-03T05:36:46Z</time>
        <hdop>5.1</hdop>
        <extensions>
          <osmand:speed>1.4</osmand:speed>
        </extensions>
      </trkpt>
      <trkpt lat="47.2184627" lon="9.3193359">
        <ele>1083.4</ele>
        <time>2026-09-03T05:36:52Z</time>
        <hdop>6.6</hdop>
        <extensions>
          <osmand:speed>1.4</osmand:speed>
        </extensions>
      </trkpt>
      <trkpt lat="47.2185096" lon="9.319427">
        <ele>1082.4</ele>
        <time>2026-09-03T05:36:58Z</time>
        <hdop>5.1</hdop>
        <extensions>
          <osmand:speed>0.8</osmand:speed>
        </extensions>
      </trkpt>
      <trkpt lat="47.2185251" lon="9.3194811">
        <ele>1083.4</ele>
        <time>2026-09-03T05:37:04Z</time>
        <hdop>5.6</hdop>
        <extensions>
          <osmand:speed>0.2</osmand:speed>
        </extensions>
      </trkpt>
      <trkpt lat="47.2185495" lon="9.3194804">
        <ele>1084.4</ele>
        <time>2026-09-03T05:37:14Z</time>
        <hdop>5.1</hdop>
        <extensions>
          <osmand:speed>1.5</osmand:speed>
        </extensions>
      </trkpt>
      <trkpt lat="47.2186078" lon="9.3195784">
        <ele>1084.4</ele>
        <time>2026-09-03T05:37:20Z</time>
        <hdop>5.1</hdop>
        <extensions>
          <osmand:speed>1.1</osmand:speed>
        </extensions>
      </trkpt>
      <trkpt lat="47.2186602" lon="9.3196586">
        <ele>1084.4</ele>
        <time>2026-09-03T05:37:26Z</time>
        <hdop>5.1</hdop>
        <extensions>
          <osmand:speed>1.2</osmand:speed>
        </extensions>
      </trkpt>
      <trkpt lat="47.2187125" lon="9.3197398">
        <ele>1085.4</ele>
        <time>2026-09-03T05:37:32Z</time>
        <hdop>5.6</hdop>
        <extensions>
          <osmand:speed>1.4</osmand:speed>
        </extensions>
      </trkpt>
      <trkpt lat="47.2187693" lon="9.3198195">
        <ele>1085.4</ele>
        <time>2026-09-03T05:37:38Z</time>
        <hdop>5.1</hdop>
        <extensions>
          <osmand:speed>1.5</osmand:speed>
        </extensions>
      </trkpt>
      <trkpt lat="47.2188338" lon="9.3199277">
        <ele>1085.4</ele>
        <time>2026-09-03T05:37:44Z</time>
        <hdop>5.6</hdop>
        <extensions>
          <osmand:speed>1.5</osmand:speed>
        </extensions>
      </trkpt>
      <trkpt lat="47.2188935" lon="9.3200127">
        <ele>1085.4</ele>
        <time>2026-09-03T05:37:50Z</time>
        <hdop>5.6</hdop>
        <extensions>
          <osmand:speed>1.4</osmand:speed>
        </extensions>
      </trkpt>
      <trkpt lat="47.2189297" lon="9.3201293">
        <ele>1085.4</ele>
        <time>2026-09-03T05:37:56Z</time>
        <hdop>5.6</hdop>
        <extensions>
          <osmand:speed>1.3</osmand:speed>
        </extensions>
      </trkpt>
      <trkpt lat="47.2189681" lon="9.3202289">
        <ele>1086.4</ele>
        <time>2026-09-03T05:38:02Z</time>
        <hdop>5.6</hdop>
        <extensions>
          <osmand:speed>1.2</osmand:speed>
        </extensions>
      </trkpt>
      <trkpt lat="47.2190141" lon="9.3203407">
        <ele>1086.4</ele>
        <time>2026-09-03T05:38:08Z</time>
        <hdop>6.1</hdop>
        <extensions>
          <osmand:speed>1.3</osmand:speed>
        </extensions>
      </trkpt>
      <trkpt lat="47.2190244" lon="9.3203923">
        <ele>1085.4</ele>
        <time>2026-09-03T05:38:14Z</time>
        <hdop>6.1</hdop>
        <extensions>
          <osmand:speed>0.2</osmand:speed>
        </extensions>
      </trkpt>
      <trkpt lat="47.2190321" lon="9.3204261">
        <ele>1085.4</ele>
        <time>2026-09-03T05:38:28Z</time>
        <hdop>4.1</hdop>
        <extensions>
          <osmand:speed>1.8</osmand:speed>
        </extensions>
      </trkpt>
      <trkpt lat="47.2190801" lon="9.3205458">
        <ele>1086.4</ele>
        <time>2026-09-03T05:38:34Z</time>
        <hdop>5.1</hdop>
        <extensions>
          <osmand:speed>1.4</osmand:speed>
        </extensions>
      </trkpt>
      <trkpt lat="47.219118" lon="9.3206588">
        <ele>1086.4</ele>
        <time>2026-09-03T05:38:40Z</time>
        <hdop>6.6</hdop>
        <extensions>
          <osmand:speed>1.4</osmand:speed>
        </extensions>
      </trkpt>
      <trkpt lat="47.2191603" lon="9.3207808">
        <ele>1088.4</ele>
        <time>2026-09-03T05:38:46Z</time>
        <hdop>5.6</hdop>
        <extensions>
          <osmand:speed>1.6</osmand:speed>
        </extensions>
      </trkpt>
      <trkpt lat="47.2191831" lon="9.3208892">
        <ele>1088.4</ele>
        <time>2026-09-03T05:38:52Z</time>
        <hdop>6.1</hdop>
        <extensions>
          <osmand:speed>1.4</osmand:speed>
        </extensions>
      </trkpt>
      <trkpt lat="47.2192125" lon="9.3210127">
        <ele>1088.4</ele>
        <time>2026-09-03T05:38:58Z</time>
        <hdop>5.6</hdop>
        <extensions>
          <osmand:speed>1.8</osmand:speed>
        </extensions>
      </trkpt>
      <trkpt lat="47.2192476" lon="9.3211262">
        <ele>1088.4</ele>
        <time>2026-09-03T05:39:04Z</time>
        <hdop>5.6</hdop>
        <extensions>
          <osmand:speed>1.3</osmand:speed>
        </extensions>
      </trkpt>
      <trkpt lat="47.2192776" lon="9.3212288">
        <ele>1088.4</ele>
        <time>2026-09-03T05:39:10Z</time>
        <hdop>6.1</hdop>
        <extensions>
          <osmand:speed>1.1</osmand:speed>
        </extensions>
      </trkpt>
      <trkpt lat="47.2192902" lon="9.3213462">
        <ele>1087.4</ele>
        <time>2026-09-03T05:39:16Z</time>
        <hdop>5.6</hdop>
        <extensions>
          <osmand:speed>1.3</osmand:speed>
        </extensions>
      </trkpt>
      <trkpt lat="47.2193256" lon="9.321453">
        <ele>1088.4</ele>
        <time>2026-09-03T05:39:22Z</time>
        <hdop>5.6</hdop>
        <extensions>
          <osmand:speed>1.4</osmand:speed>
        </extensions>
      </trkpt>
      <trkpt lat="47.2193553" lon="9.3215563">
        <ele>1089.4</ele>
        <time>2026-09-03T05:39:28Z</time>
        <hdop>5.6</hdop>
        <extensions>
          <osmand:speed>1.2</osmand:speed>
        </extensions>
      </trkpt>
      <trkpt lat="47.2193913" lon="9.3216567">
        <ele>1088.4</ele>
        <time>2026-09-03T05:39:34Z</time>
        <hdop>5.6</hdop>
        <extensions>
          <osmand:speed>1.1</osmand:speed>
        </extensions>
      </trkpt>
      <trkpt lat="47.2194213" lon="9.3217783">
        <ele>1088.4</ele>
        <time>2026-09-03T05:39:40Z</time>
        <hdop>6.1</hdop>
        <extensions>
          <osmand:speed>1.5</osmand:speed>
        </extensions>
      </trkpt>
      <trkpt lat="47.2194667" lon="9.3219129">
        <ele>1090.4</ele>
        <time>2026-09-03T05:39:46Z</time>
        <hdop>7.1</hdop>
        <extensions>
          <osmand:speed>1.7</osmand:speed>
        </extensions>
      </trkpt>
      <trkpt lat="47.2195007" lon="9.3220208">
        <ele>1091.4</ele>
        <time>2026-09-03T05:39:52Z</time>
        <hdop>6.6</hdop>
        <extensions>
          <osmand:speed>1.2</osmand:speed>
        </extensions>
      </trkpt>
      <trkpt lat="47.2195318" lon="9.3221562">
        <ele>1090.4</ele>
        <time>2026-09-03T05:39:58Z</time>
        <hdop>5.6</hdop>
        <extensions>
          <osmand:speed>1.5</osmand:speed>
        </extensions>
      </trkpt>
      <trkpt lat="47.2195384" lon="9.3222544">
        <ele>1089.4</ele>
        <time>2026-09-03T05:40:04Z</time>
        <hdop>6.6</hdop>
        <extensions>
          <osmand:speed>1.1</osmand:speed>
        </extensions>
      </trkpt>
      <trkpt lat="47.2195785" lon="9.3223689">
        <ele>1089.4</ele>
        <time>2026-09-03T05:40:10Z</time>
        <hdop>6.1</hdop>
        <extensions>
          <osmand:speed>1.5</osmand:speed>
        </extensions>
      </trkpt>
      <trkpt lat="47.2195968" lon="9.3224718">
        <ele>1089.4</ele>
        <time>2026-09-03T05:40:16Z</time>
        <hdop>6.6</hdop>
        <extensions>
          <osmand:speed>1.3</osmand:speed>
        </extensions>
      </trkpt>
      <trkpt lat="47.2196168" lon="9.3225741">
        <ele>1089.4</ele>
        <time>2026-09-03T05:40:22Z</time>
        <hdop>7.7</hdop>
        <extensions>
          <osmand:speed>1.2</osmand:speed>
        </extensions>
      </trkpt>
      <trkpt lat="47.2196338" lon="9.3226904">
        <ele>1090.4</ele>
        <time>2026-09-03T05:40:28Z</time>
        <hdop>7.7</hdop>
        <extensions>
          <osmand:speed>1</osmand:speed>
        </extensions>
      </trkpt>
      <trkpt lat="47.2196545" lon="9.3227992">
        <ele>1090.4</ele>
        <time>2026-09-03T05:40:34Z</time>
        <hdop>8.7</hdop>
        <extensions>
          <osmand:speed>1.6</osmand:speed>
        </extensions>
      </trkpt>
      <trkpt lat="47.21968" lon="9.3229342">
        <ele>1091.4</ele>
        <time>2026-09-03T05:40:40Z</time>
        <hdop>8.2</hdop>
        <extensions>
          <osmand:speed>1.2</osmand:speed>
        </extensions>
      </trkpt>
      <trkpt lat="47.2197029" lon="9.3230611">
        <ele>1091.4</ele>
        <time>2026-09-03T05:40:46Z</time>
        <hdop>8.2</hdop>
        <extensions>
          <osmand:speed>1.2</osmand:speed>
        </extensions>
      </trkpt>
      <trkpt lat="47.2197371" lon="9.3231688">
        <ele>1093.4</ele>
        <time>2026-09-03T05:40:52Z</time>
        <hdop>8.2</hdop>
        <extensions>
          <osmand:speed>1.5</osmand:speed>
        </extensions>
      </trkpt>
      <trkpt lat="47.219763" lon="9.3232932">
        <ele>1094.4</ele>
        <time>2026-09-03T05:40:58Z</time>
        <hdop>8.2</hdop>
        <extensions>
          <osmand:speed>1.3</osmand:speed>
        </extensions>
      </trkpt>
      <trkpt lat="47.2197772" lon="9.32342">
        <ele>1095.4</ele>
        <time>2026-09-03T05:41:04Z</time>
        <hdop>8.7</hdop>
        <extensions>
          <osmand:speed>1.4</osmand:speed>
        </extensions>
      </trkpt>
      <trkpt lat="47.2197994" lon="9.3235335">
        <ele>1094.4</ele>
        <time>2026-09-03T05:41:10Z</time>
        <hdop>8.7</hdop>
        <extensions>
          <osmand:speed>1.5</osmand:speed>
        </extensions>
      </trkpt>
      <trkpt lat="47.2197914" lon="9.3236456">
        <ele>1094.4</ele>
        <time>2026-09-03T05:41:16Z</time>
        <hdop>8.7</hdop>
        <extensions>
          <osmand:speed>1.3</osmand:speed>
        </extensions>
      </trkpt>
      <trkpt lat="47.2197927" lon="9.3237676">
        <ele>1095.4</ele>
        <time>2026-09-03T05:41:22Z</time>
        <hdop>10.2</hdop>
        <extensions>
          <osmand:speed>1.4</osmand:speed>
        </extensions>
      </trkpt>
      <trkpt lat="47.2198127" lon="9.3238892">
        <ele>1097.4</ele>
        <time>2026-09-03T05:41:28Z</time>
        <hdop>9.7</hdop>
        <extensions>
          <osmand:speed>1.4</osmand:speed>
        </extensions>
      </trkpt>
      <trkpt lat="47.2198393" lon="9.3240184">
        <ele>1098.4</ele>
        <time>2026-09-03T05:41:34Z</time>
        <hdop>8.7</hdop>
        <extensions>
          <osmand:speed>1.5</osmand:speed>
        </extensions>
      </trkpt>
      <trkpt lat="47.2198114" lon="9.3241341">
        <ele>1098.4</ele>
        <time>2026-09-03T05:41:40Z</time>
        <hdop>8.2</hdop>
        <extensions>
          <osmand:speed>1.5</osmand:speed>
        </extensions>
      </trkpt>
      <trkpt lat="47.2198408" lon="9.3242414">
        <ele>1100.4</ele>
        <time>2026-09-03T05:41:46Z</time>
        <hdop>9.7</hdop>
        <extensions>
          <osmand:speed>1.1</osmand:speed>
        </extensions>
      </trkpt>
      <trkpt lat="47.2198355" lon="9.3243584">
        <ele>1100.4</ele>
        <time>2026-09-03T05:41:52Z</time>
        <hdop>11.7</hdop>
        <extensions>
          <osmand:speed>1.5</osmand:speed>
        </extensions>
      </trkpt>
      <trkpt lat="47.2198536" lon="9.3244429">
        <ele>1101.4</ele>
        <time>2026-09-03T05:41:58Z</time>
        <hdop>10.2</hdop>
        <extensions>
          <osmand:speed>1.6</osmand:speed>
        </extensions>
      </trkpt>
      <trkpt lat="47.2198859" lon="9.3245437">
        <ele>1101.4</ele>
        <time>2026-09-03T05:42:04Z</time>
        <hdop>12.8</hdop>
        <extensions>
          <osmand:speed>0.9</osmand:speed>
        </extensions>
      </trkpt>
      <trkpt lat="47.2199029" lon="9.3246227">
        <ele>1102.4</ele>
        <time>2026-09-03T05:42:10Z</time>
        <hdop>12.8</hdop>
        <extensions>
          <osmand:speed>1.1</osmand:speed>
        </extensions>
      </trkpt>
      <trkpt lat="47.2199347" lon="9.324707">
        <ele>1104.4</ele>
        <time>2026-09-03T05:42:16Z</time>
        <hdop>10.7</hdop>
        <extensions>
          <osmand:speed>1.2</osmand:speed>
        </extensions>
      </trkpt>
      <trkpt lat="47.219959" lon="9.3248126">
        <ele>1106.4</ele>
        <time>2026-09-03T05:42:22Z</time>
        <hdop>10.7</hdop>
        <extensions>
          <osmand:speed>1.1</osmand:speed>
        </extensions>
      </trkpt>
      <trkpt lat="47.2199493" lon="9.3249161">
        <ele>1106.4</ele>
        <time>2026-09-03T05:42:28Z</time>
        <hdop>8.2</hdop>
        <extensions>
          <osmand:speed>1.2</osmand:speed>
        </extensions>
      </trkpt>
      <trkpt lat="47.2199536" lon="9.325045">
        <ele>1106.4</ele>
        <time>2026-09-03T05:42:34Z</time>
        <hdop>6.6</hdop>
        <extensions>
          <osmand:speed>1.3</osmand:speed>
        </extensions>
      </trkpt>
      <trkpt lat="47.219969" lon="9.3251513">
        <ele>1106.4</ele>
        <time>2026-09-03T05:42:40Z</time>
        <hdop>8.7</hdop>
        <extensions>
          <osmand:speed>1.4</osmand:speed>
        </extensions>
      </trkpt>
      <trkpt lat="47.2199762" lon="9.3252595">
        <ele>1108.4</ele>
        <time>2026-09-03T05:42:46Z</time>
        <hdop>7.7</hdop>
        <extensions>
          <osmand:speed>1.2</osmand:speed>
        </extensions>
      </trkpt>
      <trkpt lat="47.2199968" lon="9.3253841">
        <ele>1107.4</ele>
        <time>2026-09-03T05:42:52Z</time>
        <hdop>7.1</hdop>
        <extensions>
          <osmand:speed>1.3</osmand:speed>
        </extensions>
      </trkpt>
      <trkpt lat="47.2199993" lon="9.325485">
        <ele>1109.4</ele>
        <time>2026-09-03T05:42:58Z</time>
        <hdop>7.7</hdop>
        <extensions>
          <osmand:speed>1.1</osmand:speed>
        </extensions>
      </trkpt>
      <trkpt lat="47.2200107" lon="9.3256042">
        <ele>1110.4</ele>
        <time>2026-09-03T05:43:04Z</time>
        <hdop>6.1</hdop>
        <extensions>
          <osmand:speed>1.4</osmand:speed>
        </extensions>
      </trkpt>
      <trkpt lat="47.2200074" lon="9.3257057">
        <ele>1112.4</ele>
        <time>2026-09-03T05:43:10Z</time>
        <hdop>6.1</hdop>
        <extensions>
          <osmand:speed>1.2</osmand:speed>
        </extensions>
      </trkpt>
      <trkpt lat="47.2200148" lon="9.3258092">
        <ele>1114.4</ele>
        <time>2026-09-03T05:43:16Z</time>
        <hdop>7.7</hdop>
        <extensions>
          <osmand:speed>1.3</osmand:speed>
        </extensions>
      </trkpt>
      <trkpt lat="47.2200199" lon="9.3259178">
        <ele>1115.4</ele>
        <time>2026-09-03T05:43:22Z</time>
        <hdop>5.6</hdop>
        <extensions>
          <osmand:speed>1.2</osmand:speed>
        </extensions>
      </trkpt>
      <trkpt lat="47.2200095" lon="9.3260268">
        <ele>1117.4</ele>
        <time>2026-09-03T05:43:28Z</time>
        <hdop>7.1</hdop>
        <extensions>
          <osmand:speed>1.1</osmand:speed>
        </extensions>
      </trkpt>
      <trkpt lat="47.219995" lon="9.3261319">
        <ele>1119.4</ele>
        <time>2026-09-03T05:43:34Z</time>
        <hdop>7.1</hdop>
        <extensions>
          <osmand:speed>1.1</osmand:speed>
        </extensions>
      </trkpt>
      <trkpt lat="47.2200091" lon="9.3262335">
        <ele>1121.4</ele>
        <time>2026-09-03T05:43:40Z</time>
        <hdop>6.6</hdop>
        <extensions>
          <osmand:speed>1</osmand:speed>
        </extensions>
      </trkpt>
      <trkpt lat="47.2200148" lon="9.3263381">
        <ele>1123.4</ele>
        <time>2026-09-03T05:43:46Z</time>
        <hdop>6.1</hdop>
        <extensions>
          <osmand:speed>0.9</osmand:speed>
        </extensions>
      </trkpt>
      <trkpt lat="47.2200247" lon="9.326448">
        <ele>1122.4</ele>
        <time>2026-09-03T05:43:52Z</time>
        <hdop>7.1</hdop>
        <extensions>
          <osmand:speed>1.4</osmand:speed>
        </extensions>
      </trkpt>
      <trkpt lat="47.2200251" lon="9.3265551">
        <ele>1123.4</ele>
        <time>2026-09-03T05:43:58Z</time>
        <hdop>6.6</hdop>
        <extensions>
          <osmand:speed>1</osmand:speed>
        </extensions>
      </trkpt>
      <trkpt lat="47.2200323" lon="9.3266481">
        <ele>1123.4</ele>
        <time>2026-09-03T05:44:04Z</time>
        <hdop>7.7</hdop>
        <extensions>
          <osmand:speed>1.3</osmand:speed>
        </extensions>
      </trkpt>
      <trkpt lat="47.2200262" lon="9.3267564">
        <ele>1124.4</ele>
        <time>2026-09-03T05:44:10Z</time>
        <hdop>6.6</hdop>
        <extensions>
          <osmand:speed>1.2</osmand:speed>
        </extensions>
      </trkpt>
      <trkpt lat="47.2200327" lon="9.3268637">
        <ele>1125.4</ele>
        <time>2026-09-03T05:44:16Z</time>
        <hdop>6.1</hdop>
        <extensions>
          <osmand:speed>1</osmand:speed>
        </extensions>
      </trkpt>
      <trkpt lat="47.2200385" lon="9.3269843">
        <ele>1124.4</ele>
        <time>2026-09-03T05:44:22Z</time>
        <hdop>7.7</hdop>
        <extensions>
          <osmand:speed>1.2</osmand:speed>
        </extensions>
      </trkpt>
      <trkpt lat="47.2200345" lon="9.327086">
        <ele>1125.4</ele>
        <time>2026-09-03T05:44:28Z</time>
        <hdop>6.6</hdop>
        <extensions>
          <osmand:speed>1.1</osmand:speed>
        </extensions>
      </trkpt>
      <trkpt lat="47.2200507" lon="9.3271721">
        <ele>1125.4</ele>
        <time>2026-09-03T05:44:34Z</time>
        <hdop>7.1</hdop>
        <extensions>
          <osmand:speed>1</osmand:speed>
        </extensions>
      </trkpt>
      <trkpt lat="47.220094" lon="9.3272735">
        <ele>1125.4</ele>
        <time>2026-09-03T05:44:40Z</time>
        <hdop>8.2</hdop>
        <extensions>
          <osmand:speed>1.4</osmand:speed>
        </extensions>
      </trkpt>
      <trkpt lat="47.2201207" lon="9.3273659">
        <ele>1127.4</ele>
        <time>2026-09-03T05:44:46Z</time>
        <hdop>7.1</hdop>
        <extensions>
          <osmand:speed>0.9</osmand:speed>
        </extensions>
      </trkpt>
      <trkpt lat="47.220138" lon="9.3274527">
        <ele>1129.4</ele>
        <time>2026-09-03T05:44:52Z</time>
        <hdop>8.7</hdop>
        <extensions>
          <osmand:speed>1.1</osmand:speed>
        </extensions>
      </trkpt>
      <trkpt lat="47.2201712" lon="9.3275351">
        <ele>1130.4</ele>
        <time>2026-09-03T05:44:58Z</time>
        <hdop>7.1</hdop>
        <extensions>
          <osmand:speed>1</osmand:speed>
        </extensions>
      </trkpt>
      <trkpt lat="47.2202231" lon="9.3276173">
        <ele>1132.4</ele>
        <time>2026-09-03T05:45:04Z</time>
        <hdop>10.2</hdop>
        <extensions>
          <osmand:speed>1.3</osmand:speed>
        </extensions>
      </trkpt>
      <trkpt lat="47.2202635" lon="9.3277161">
        <ele>1134.4</ele>
        <time>2026-09-03T05:45:10Z</time>
        <hdop>8.2</hdop>
        <extensions>
          <osmand:speed>1.1</osmand:speed>
        </extensions>
      </trkpt>
      <trkpt lat="47.220281" lon="9.3278215">
        <ele>1136.4</ele>
        <time>2026-09-03T05:45:16Z</time>
        <hdop>7.1</hdop>
        <extensions>
          <osmand:speed>1</osmand:speed>
        </extensions>
      </trkpt>
      <trkpt lat="47.2202969" lon="9.3279208">
        <ele>1137.4</ele>
        <time>2026-09-03T05:45:22Z</time>
        <hdop>8.7</hdop>
        <extensions>
          <osmand:speed>1</osmand:speed>
        </extensions>
      </trkpt>
      <trkpt lat="47.2203044" lon="9.3280301">
        <ele>1137.4</ele>
        <time>2026-09-03T05:45:28Z</time>
        <hdop>7.7</hdop>
        <extensions>
          <osmand:speed>1.2</osmand:speed>
        </extensions>
      </trkpt>
      <trkpt lat="47.2203144" lon="9.3281355">
        <ele>1138.4</ele>
        <time>2026-09-03T05:45:34Z</time>
        <hdop>7.1</hdop>
        <extensions>
          <osmand:speed>1.1</osmand:speed>
        </extensions>
      </trkpt>
      <trkpt lat="47.2203502" lon="9.3282075">
        <ele>1139.4</ele>
        <time>2026-09-03T05:45:40Z</time>
        <hdop>8.2</hdop>
        <extensions>
          <osmand:speed>1.2</osmand:speed>
        </extensions>
      </trkpt>
      <trkpt lat="47.2203843" lon="9.3282568">
        <ele>1140.4</ele>
        <time>2026-09-03T05:45:46Z</time>
        <hdop>7.1</hdop>
        <extensions>
          <osmand:speed>1.2</osmand:speed>
        </extensions>
      </trkpt>
      <trkpt lat="47.2204387" lon="9.3282954">
        <ele>1142.4</ele>
        <time>2026-09-03T05:45:52Z</time>
        <hdop>7.1</hdop>
        <extensions>
          <osmand:speed>0.6</osmand:speed>
        </extensions>
      </trkpt>
      <trkpt lat="47.220485" lon="9.3283523">
        <ele>1143.4</ele>
        <time>2026-09-03T05:45:58Z</time>
        <hdop>10.2</hdop>
        <extensions>
          <osmand:speed>0.8</osmand:speed>
        </extensions>
      </trkpt>
      <trkpt lat="47.2205385" lon="9.3284267">
        <ele>1143.4</ele>
        <time>2026-09-03T05:46:04Z</time>
        <hdop>8.7</hdop>
        <extensions>
          <osmand:speed>0.7</osmand:speed>
        </extensions>
      </trkpt>
      <trkpt lat="47.2205816" lon="9.3285019">
        <ele>1144.4</ele>
        <time>2026-09-03T05:46:10Z</time>
        <hdop>8.7</hdop>
        <extensions>
          <osmand:speed>0.9</osmand:speed>
        </extensions>
      </trkpt>
      <trkpt lat="47.2206536" lon="9.328565">
        <ele>1145.4</ele>
        <time>2026-09-03T05:46:16Z</time>
        <hdop>7.1</hdop>
        <extensions>
          <osmand:speed>0.5</osmand:speed>
        </extensions>
      </trkpt>
      <trkpt lat="47.2206903" lon="9.32864">
        <ele>1146.4</ele>
        <time>2026-09-03T05:46:22Z</time>
        <hdop>8.2</hdop>
        <extensions>
          <osmand:speed>1.1</osmand:speed>
        </extensions>
      </trkpt>
      <trkpt lat="47.2207396" lon="9.3287372">
        <ele>1147.4</ele>
        <time>2026-09-03T05:46:28Z</time>
        <hdop>6.6</hdop>
        <extensions>
          <osmand:speed>1.1</osmand:speed>
        </extensions>
      </trkpt>
      <trkpt lat="47.2207775" lon="9.3288174">
        <ele>1146.4</ele>
        <time>2026-09-03T05:46:34Z</time>
        <hdop>9.2</hdop>
        <extensions>
          <osmand:speed>1.3</osmand:speed>
        </extensions>
      </trkpt>
      <trkpt lat="47.2208331" lon="9.3288917">
        <ele>1147.4</ele>
        <time>2026-09-03T05:46:40Z</time>
        <hdop>9.2</hdop>
        <extensions>
          <osmand:speed>1.3</osmand:speed>
        </extensions>
      </trkpt>
      <trkpt lat="47.2208602" lon="9.3289676">
        <ele>1148.4</ele>
        <time>2026-09-03T05:46:46Z</time>
        <hdop>11.2</hdop>
        <extensions>
          <osmand:speed>0.7</osmand:speed>
        </extensions>
      </trkpt>
      <trkpt lat="47.2209046" lon="9.3290194">
        <ele>1150.4</ele>
        <time>2026-09-03T05:46:52Z</time>
        <hdop>11.2</hdop>
        <extensions>
          <osmand:speed>0.9</osmand:speed>
        </extensions>
      </trkpt>
      <trkpt lat="47.2209378" lon="9.3290838">
        <ele>1152.4</ele>
        <time>2026-09-03T05:46:58Z</time>
        <hdop>11.2</hdop>
        <extensions>
          <osmand:speed>1.4</osmand:speed>
        </extensions>
      </trkpt>
      <trkpt lat="47.2209934" lon="9.3291396">
        <ele>1152.4</ele>
        <time>2026-09-03T05:47:04Z</time>
        <hdop>9.2</hdop>
        <extensions>
          <osmand:speed>0.7</osmand:speed>
        </extensions>
      </trkpt>
      <trkpt lat="47.2210481" lon="9.3292111">
        <ele>1153.4</ele>
        <time>2026-09-03T05:47:10Z</time>
        <hdop>9.2</hdop>
        <extensions>
          <osmand:speed>0.5</osmand:speed>
        </extensions>
      </trkpt>
      <trkpt lat="47.2210825" lon="9.3292701">
        <ele>1153.4</ele>
        <time>2026-09-03T05:47:16Z</time>
        <hdop>11.2</hdop>
        <extensions>
          <osmand:speed>0.5</osmand:speed>
        </extensions>
      </trkpt>
      <trkpt lat="47.2211284" lon="9.3293284">
        <ele>1154.4</ele>
        <time>2026-09-03T05:47:22Z</time>
        <hdop>10.7</hdop>
        <extensions>
          <osmand:speed>0.1</osmand:speed>
        </extensions>
      </trkpt>
      <trkpt lat="47.2211794" lon="9.3294218">
        <ele>1156.4</ele>
        <time>2026-09-03T05:47:28Z</time>
        <hdop>11.2</hdop>
        <extensions>
          <osmand:speed>0.7</osmand:speed>
        </extensions>
      </trkpt>
      <trkpt lat="47.2212605" lon="9.3295148">
        <ele>1155.4</ele>
        <time>2026-09-03T05:47:34Z</time>
        <hdop>10.7</hdop>
        <extensions>
          <osmand:speed>0.8</osmand:speed>
        </extensions>
      </trkpt>
      <trkpt lat="47.2212857" lon="9.3295886">
        <ele>1157.4</ele>
        <time>2026-09-03T05:47:40Z</time>
        <hdop>10.7</hdop>
        <extensions>
          <osmand:speed>1.2</osmand:speed>
        </extensions>
      </trkpt>
      <trkpt lat="47.221315" lon="9.3296448">
        <ele>1159.4</ele>
        <time>2026-09-03T05:47:46Z</time>
        <hdop>11.2</hdop>
        <extensions>
          <osmand:speed>0.3</osmand:speed>
        </extensions>
      </trkpt>
      <trkpt lat="47.2213821" lon="9.329694">
        <ele>1161.4</ele>
        <time>2026-09-03T05:47:52Z</time>
        <hdop>13.8</hdop>
        <extensions>
          <osmand:speed>1.1</osmand:speed>
        </extensions>
      </trkpt>
      <trkpt lat="47.2214322" lon="9.3297959">
        <ele>1161.4</ele>
        <time>2026-09-03T05:47:58Z</time>
        <hdop>11.2</hdop>
        <extensions>
          <osmand:speed>0.6</osmand:speed>
        </extensions>
      </trkpt>
      <trkpt lat="47.2214728" lon="9.3298584">
        <ele>1162.4</ele>
        <time>2026-09-03T05:48:04Z</time>
        <hdop>11.2</hdop>
        <extensions>
          <osmand:speed>1</osmand:speed>
        </extensions>
      </trkpt>
      <trkpt lat="47.2215365" lon="9.3299227">
        <ele>1164.4</ele>
        <time>2026-09-03T05:48:10Z</time>
        <hdop>10.7</hdop>
        <extensions>
          <osmand:speed>0.8</osmand:speed>
        </extensions>
      </trkpt>
      <trkpt lat="47.2215782" lon="9.3299754">
        <ele>1166.4</ele>
        <time>2026-09-03T05:48:16Z</time>
        <hdop>10.7</hdop>
        <extensions>
          <osmand:speed>1.2</osmand:speed>
        </extensions>
      </trkpt>
      <trkpt lat="47.2216412" lon="9.3300478">
        <ele>1168.4</ele>
        <time>2026-09-03T05:48:22Z</time>
        <hdop>10.2</hdop>
        <extensions>
          <osmand:speed>1.2</osmand:speed>
        </extensions>
      </trkpt>
      <trkpt lat="47.221678" lon="9.3301049">
        <ele>1169.4</ele>
        <time>2026-09-03T05:48:28Z</time>
        <hdop>10.2</hdop>
        <extensions>
          <osmand:speed>0.9</osmand:speed>
        </extensions>
      </trkpt>
      <trkpt lat="47.2217421" lon="9.3301667">
        <ele>1168.4</ele>
        <time>2026-09-03T05:48:34Z</time>
        <hdop>12.2</hdop>
        <extensions>
          <osmand:speed>1</osmand:speed>
        </extensions>
      </trkpt>
      <trkpt lat="47.2218008" lon="9.3302515">
        <ele>1169.4</ele>
        <time>2026-09-03T05:48:40Z</time>
        <hdop>9.7</hdop>
        <extensions>
          <osmand:speed>0.8</osmand:speed>
        </extensions>
      </trkpt>
      <trkpt lat="47.2218587" lon="9.3302956">
        <ele>1171.4</ele>
        <time>2026-09-03T05:48:46Z</time>
        <hdop>13.3</hdop>
        <extensions>
          <osmand:speed>0.8</osmand:speed>
        </extensions>
      </trkpt>
      <trkpt lat="47.2219287" lon="9.3303648">
        <ele>1171.4</ele>
        <time>2026-09-03T05:48:52Z</time>
        <hdop>9.2</hdop>
        <extensions>
          <osmand:speed>0.9</osmand:speed>
        </extensions>
      </trkpt>
      <trkpt lat="47.2219689" lon="9.3304153">
        <ele>1172.4</ele>
        <time>2026-09-03T05:48:58Z</time>
        <hdop>11.7</hdop>
        <extensions>
          <osmand:speed>1.5</osmand:speed>
        </extensions>
      </trkpt>
      <trkpt lat="47.2220316" lon="9.3304445">
        <ele>1175.4</ele>
        <time>2026-09-03T05:49:04Z</time>
        <hdop>8.2</hdop>
        <extensions>
          <osmand:speed>1.1</osmand:speed>
        </extensions>
      </trkpt>
      <trkpt lat="47.2220954" lon="9.3305052">
        <ele>1175.4</ele>
        <time>2026-09-03T05:49:10Z</time>
        <hdop>7.1</hdop>
        <extensions>
          <osmand:speed>1.4</osmand:speed>
        </extensions>
      </trkpt>
      <trkpt lat="47.2221635" lon="9.3305396">
        <ele>1175.4</ele>
        <time>2026-09-03T05:49:16Z</time>
        <hdop>7.1</hdop>
        <extensions>
          <osmand:speed>1.2</osmand:speed>
        </extensions>
      </trkpt>
      <trkpt lat="47.2222255" lon="9.3306056">
        <ele>1176.4</ele>
        <time>2026-09-03T05:49:22Z</time>
        <hdop>6.1</hdop>
        <extensions>
          <osmand:speed>1.2</osmand:speed>
        </extensions>
      </trkpt>
      <trkpt lat="47.2222574" lon="9.3306483">
        <ele>1178.4</ele>
        <time>2026-09-03T05:49:28Z</time>
        <hdop>6.6</hdop>
        <extensions>
          <osmand:speed>1.4</osmand:speed>
        </extensions>
      </trkpt>
      <trkpt lat="47.222331" lon="9.3307011">
        <ele>1179.4</ele>
        <time>2026-09-03T05:49:34Z</time>
        <hdop>7.7</hdop>
        <extensions>
          <osmand:speed>1.2</osmand:speed>
        </extensions>
      </trkpt>
      <trkpt lat="47.2223721" lon="9.3307873">
        <ele>1178.4</ele>
        <time>2026-09-03T05:49:40Z</time>
        <hdop>10.7</hdop>
        <extensions>
          <osmand:speed>1</osmand:speed>
        </extensions>
      </trkpt>
      <trkpt lat="47.2224148" lon="9.3308484">
        <ele>1179.4</ele>
        <time>2026-09-03T05:49:46Z</time>
        <hdop>9.2</hdop>
        <extensions>
          <osmand:speed>1</osmand:speed>
        </extensions>
      </trkpt>
      <trkpt lat="47.2224829" lon="9.3308836">
        <ele>1180.4</ele>
        <time>2026-09-03T05:49:52Z</time>
        <hdop>10.2</hdop>
        <extensions>
          <osmand:speed>1.1</osmand:speed>
        </extensions>
      </trkpt>
      <trkpt lat="47.2225454" lon="9.330911">
        <ele>1180.4</ele>
        <time>2026-09-03T05:49:58Z</time>
        <hdop>10.7</hdop>
        <extensions>
          <osmand:speed>1</osmand:speed>
        </extensions>
      </trkpt>
      <trkpt lat="47.2226185" lon="9.3309741">
        <ele>1180.4</ele>
        <time>2026-09-03T05:50:04Z</time>
        <hdop>10.7</hdop>
        <extensions>
          <osmand:speed>1.3</osmand:speed>
        </extensions>
      </trkpt>
      <trkpt lat="47.2226564" lon="9.3310121">
        <ele>1182.4</ele>
        <time>2026-09-03T05:50:10Z</time>
        <hdop>11.7</hdop>
        <extensions>
          <osmand:speed>0.9</osmand:speed>
        </extensions>
      </trkpt>
      <trkpt lat="47.2226976" lon="9.3310531">
        <ele>1184.4</ele>
        <time>2026-09-03T05:50:16Z</time>
        <hdop>10.2</hdop>
        <extensions>
          <osmand:speed>0.9</osmand:speed>
        </extensions>
      </trkpt>
      <trkpt lat="47.2227517" lon="9.3310819">
        <ele>1186.4</ele>
        <time>2026-09-03T05:50:22Z</time>
        <hdop>11.2</hdop>
        <extensions>
          <osmand:speed>1</osmand:speed>
        </extensions>
      </trkpt>
      <trkpt lat="47.2228183" lon="9.3310994">
        <ele>1186.4</ele>
        <time>2026-09-03T05:50:28Z</time>
        <hdop>10.2</hdop>
        <extensions>
          <osmand:speed>0.9</osmand:speed>
        </extensions>
      </trkpt>
      <trkpt lat="47.2228998" lon="9.3311313">
        <ele>1187.4</ele>
        <time>2026-09-03T05:50:34Z</time>
        <hdop>8.7</hdop>
        <extensions>
          <osmand:speed>0.6</osmand:speed>
        </extensions>
      </trkpt>
      <trkpt lat="47.2229866" lon="9.3311776">
        <ele>1187.4</ele>
        <time>2026-09-03T05:50:40Z</time>
        <hdop>8.7</hdop>
        <extensions>
          <osmand:speed>1.7</osmand:speed>
        </extensions>
      </trkpt>
      <trkpt lat="47.2230606" lon="9.3312048">
        <ele>1187.4</ele>
        <time>2026-09-03T05:50:46Z</time>
        <hdop>7.1</hdop>
        <extensions>
          <osmand:speed>1.4</osmand:speed>
        </extensions>
      </trkpt>
      <trkpt lat="47.22313" lon="9.3312301">
        <ele>1188.4</ele>
        <time>2026-09-03T05:50:52Z</time>
        <hdop>7.1</hdop>
        <extensions>
          <osmand:speed>1.4</osmand:speed>
        </extensions>
      </trkpt>
      <trkpt lat="47.2231865" lon="9.3312171">
        <ele>1189.4</ele>
        <time>2026-09-03T05:50:58Z</time>
        <hdop>8.2</hdop>
        <extensions>
          <osmand:speed>1.1</osmand:speed>
        </extensions>
      </trkpt>
      <trkpt lat="47.2232411" lon="9.3311882">
        <ele>1190.4</ele>
        <time>2026-09-03T05:51:04Z</time>
        <hdop>10.2</hdop>
        <extensions>
          <osmand:speed>1.4</osmand:speed>
        </extensions>
      </trkpt>
      <trkpt lat="47.2233134" lon="9.3311884">
        <ele>1192.4</ele>
        <time>2026-09-03T05:51:10Z</time>
        <hdop>8.7</hdop>
        <extensions>
          <osmand:speed>1</osmand:speed>
        </extensions>
      </trkpt>
      <trkpt lat="47.2233685" lon="9.3312026">
        <ele>1193.4</ele>
        <time>2026-09-03T05:51:16Z</time>
        <hdop>10.7</hdop>
        <extensions>
          <osmand:speed>1</osmand:speed>
        </extensions>
      </trkpt>
      <trkpt lat="47.2234423" lon="9.3311771">
        <ele>1192.4</ele>
        <time>2026-09-03T05:51:22Z</time>
        <hdop>10.7</hdop>
        <extensions>
          <osmand:speed>0.9</osmand:speed>
        </extensions>
      </trkpt>
      <trkpt lat="47.2234954" lon="9.3311554">
        <ele>1195.4</ele>
        <time>2026-09-03T05:51:28Z</time>
        <hdop>12.8</hdop>
        <extensions>
          <osmand:speed>0.7</osmand:speed>
        </extensions>
      </trkpt>
      <trkpt lat="47.2235549" lon="9.3311625">
        <ele>1198.4</ele>
        <time>2026-09-03T05:51:34Z</time>
        <hdop>10.7</hdop>
        <extensions>
          <osmand:speed>0.9</osmand:speed>
        </extensions>
      </trkpt>
      <trkpt lat="47.2236084" lon="9.3311502">
        <ele>1198.4</ele>
        <time>2026-09-03T05:51:40Z</time>
        <hdop>13.3</hdop>
        <extensions>
          <osmand:speed>0.6</osmand:speed>
        </extensions>
      </trkpt>
      <trkpt lat="47.223687" lon="9.3311297">
        <ele>1198.4</ele>
        <time>2026-09-03T05:51:46Z</time>
        <hdop>9.2</hdop>
        <extensions>
          <osmand:speed>1.7</osmand:speed>
        </extensions>
      </trkpt>
      <trkpt lat="47.2237715" lon="9.3311576">
        <ele>1200.4</ele>
        <time>2026-09-03T05:51:52Z</time>
        <hdop>8.2</hdop>
        <extensions>
          <osmand:speed>1.4</osmand:speed>
        </extensions>
      </trkpt>
      <trkpt lat="47.2238443" lon="9.3311531">
        <ele>1201.4</ele>
        <time>2026-09-03T05:51:58Z</time>
        <hdop>8.7</hdop>
        <extensions>
          <osmand:speed>1.3</osmand:speed>
        </extensions>
      </trkpt>
      <trkpt lat="47.2239345" lon="9.3311756">
        <ele>1201.4</ele>
        <time>2026-09-03T05:52:04Z</time>
        <hdop>6.6</hdop>
        <extensions>
          <osmand:speed>1.4</osmand:speed>
        </extensions>
      </trkpt>
      <trkpt lat="47.2240089" lon="9.3311819">
        <ele>1201.4</ele>
        <time>2026-09-03T05:52:10Z</time>
        <hdop>6.1</hdop>
        <extensions>
          <osmand:speed>1.4</osmand:speed>
        </extensions>
      </trkpt>
      <trkpt lat="47.2240775" lon="9.3311991">
        <ele>1200.4</ele>
        <time>2026-09-03T05:52:16Z</time>
        <hdop>5.1</hdop>
        <extensions>
          <osmand:speed>1.6</osmand:speed>
        </extensions>
      </trkpt>
      <trkpt lat="47.2241601" lon="9.3311883">
        <ele>1201.4</ele>
        <time>2026-09-03T05:52:22Z</time>
        <hdop>5.6</hdop>
        <extensions>
          <osmand:speed>1.4</osmand:speed>
        </extensions>
      </trkpt>
      <trkpt lat="47.2242368" lon="9.3311899">
        <ele>1202.4</ele>
        <time>2026-09-03T05:52:28Z</time>
        <hdop>5.6</hdop>
        <extensions>
          <osmand:speed>1.3</osmand:speed>
        </extensions>
      </trkpt>
      <trkpt lat="47.2242998" lon="9.3311985">
        <ele>1204.4</ele>
        <time>2026-09-03T05:52:34Z</time>
        <hdop>8.2</hdop>
        <extensions>
          <osmand:speed>1</osmand:speed>
        </extensions>
      </trkpt>
      <trkpt lat="47.2243625" lon="9.3311887">
        <ele>1204.4</ele>
        <time>2026-09-03T05:52:40Z</time>
        <hdop>5.6</hdop>
        <extensions>
          <osmand:speed>1.2</osmand:speed>
        </extensions>
      </trkpt>
      <trkpt lat="47.224431" lon="9.3311664">
        <ele>1206.4</ele>
        <time>2026-09-03T05:52:46Z</time>
        <hdop>4.6</hdop>
        <extensions>
          <osmand:speed>1.3</osmand:speed>
        </extensions>
      </trkpt>
      <trkpt lat="47.2245097" lon="9.3311605">
        <ele>1206.4</ele>
        <time>2026-09-03T05:52:52Z</time>
        <hdop>5.1</hdop>
        <extensions>
          <osmand:speed>1.5</osmand:speed>
        </extensions>
      </trkpt>
      <trkpt lat="47.2245616" lon="9.33118">
        <ele>1206.4</ele>
        <time>2026-09-03T05:52:58Z</time>
        <hdop>6.1</hdop>
        <extensions>
          <osmand:speed>0.8</osmand:speed>
        </extensions>
      </trkpt>
      <trkpt lat="47.2246314" lon="9.3311695">
        <ele>1207.4</ele>
        <time>2026-09-03T05:53:04Z</time>
        <hdop>4.6</hdop>
        <extensions>
          <osmand:speed>1.2</osmand:speed>
        </extensions>
      </trkpt>
      <trkpt lat="47.2247042" lon="9.3311615">
        <ele>1208.4</ele>
        <time>2026-09-03T05:53:10Z</time>
        <hdop>5.6</hdop>
        <extensions>
          <osmand:speed>1.1</osmand:speed>
        </extensions>
      </trkpt>
      <trkpt lat="47.2247662" lon="9.3311946">
        <ele>1210.4</ele>
        <time>2026-09-03T05:53:16Z</time>
        <hdop>6.1</hdop>
        <extensions>
          <osmand:speed>1</osmand:speed>
        </extensions>
      </trkpt>
      <trkpt lat="47.2247845" lon="9.331209">
        <ele>1209.4</ele>
        <time>2026-09-03T05:53:22Z</time>
        <hdop>4.1</hdop>
      </trkpt>
      <trkpt lat="47.224841" lon="9.3312215">
        <ele>1209.4</ele>
        <time>2026-09-03T05:53:28Z</time>
        <hdop>5.1</hdop>
        <extensions>
          <osmand:speed>1.1</osmand:speed>
        </extensions>
      </trkpt>
      <trkpt lat="47.2248967" lon="9.3312532">
        <ele>1209.4</ele>
        <time>2026-09-03T05:53:34Z</time>
        <hdop>5.1</hdop>
        <extensions>
          <osmand:speed>1</osmand:speed>
        </extensions>
      </trkpt>
      <trkpt lat="47.2249615" lon="9.3312676">
        <ele>1210.4</ele>
        <time>2026-09-03T05:53:40Z</time>
        <hdop>5.6</hdop>
        <extensions>
          <osmand:speed>1</osmand:speed>
        </extensions>
      </trkpt>
      <trkpt lat="47.2250147" lon="9.3312688">
        <ele>1211.4</ele>
        <time>2026-09-03T05:53:46Z</time>
        <hdop>6.1</hdop>
        <extensions>
          <osmand:speed>1.2</osmand:speed>
        </extensions>
      </trkpt>
      <trkpt lat="47.2251008" lon="9.3312961">
        <ele>1210.4</ele>
        <time>2026-09-03T05:53:52Z</time>
        <hdop>5.6</hdop>
        <extensions>
          <osmand:speed>1.4</osmand:speed>
        </extensions>
      </trkpt>
      <trkpt lat="47.2251715" lon="9.3313211">
        <ele>1211.4</ele>
        <time>2026-09-03T05:53:58Z</time>
        <hdop>5.6</hdop>
        <extensions>
          <osmand:speed>1.3</osmand:speed>
        </extensions>
      </trkpt>
      <trkpt lat="47.2252373" lon="9.3313379">
        <ele>1212.4</ele>
        <time>2026-09-03T05:54:04Z</time>
        <hdop>5.1</hdop>
        <extensions>
          <osmand:speed>1.4</osmand:speed>
        </extensions>
      </trkpt>
      <trkpt lat="47.2253068" lon="9.3313519">
        <ele>1213.4</ele>
        <time>2026-09-03T05:54:10Z</time>
        <hdop>5.6</hdop>
        <extensions>
          <osmand:speed>1.4</osmand:speed>
        </extensions>
      </trkpt>
      <trkpt lat="47.2253653" lon="9.3313871">
        <ele>1214.4</ele>
        <time>2026-09-03T05:54:16Z</time>
        <hdop>5.6</hdop>
        <extensions>
          <osmand:speed>1.1</osmand:speed>
        </extensions>
      </trkpt>
      <trkpt lat="47.2254092" lon="9.3314067">
        <ele>1216.4</ele>
        <time>2026-09-03T05:54:22Z</time>
        <hdop>5.6</hdop>
        <extensions>
          <osmand:speed>1.8</osmand:speed>
        </extensions>
      </trkpt>
      <trkpt lat="47.2254631" lon="9.3314488">
        <ele>1216.4</ele>
        <time>2026-09-03T05:54:28Z</time>
        <hdop>5.6</hdop>
        <extensions>
          <osmand:speed>0.9</osmand:speed>
        </extensions>
      </trkpt>
      <trkpt lat="47.2255284" lon="9.3314777">
        <ele>1217.4</ele>
        <time>2026-09-03T05:54:34Z</time>
        <hdop>6.6</hdop>
        <extensions>
          <osmand:speed>1</osmand:speed>
        </extensions>
      </trkpt>
      <trkpt lat="47.2255852" lon="9.3315174">
        <ele>1219.4</ele>
        <time>2026-09-03T05:54:40Z</time>
        <hdop>6.1</hdop>
        <extensions>
          <osmand:speed>0.9</osmand:speed>
        </extensions>
      </trkpt>
      <trkpt lat="47.2256372" lon="9.3315685">
        <ele>1219.4</ele>
        <time>2026-09-03T05:54:46Z</time>
        <hdop>5.6</hdop>
        <extensions>
          <osmand:speed>1.1</osmand:speed>
        </extensions>
      </trkpt>
      <trkpt lat="47.2256887" lon="9.3316368">
        <ele>1221.4</ele>
        <time>2026-09-03T05:54:52Z</time>
        <hdop>6.1</hdop>
        <extensions>
          <osmand:speed>1.4</osmand:speed>
        </extensions>
      </trkpt>
      <trkpt lat="47.2257448" lon="9.3317014">
        <ele>1222.4</ele>
        <time>2026-09-03T05:54:58Z</time>
        <hdop>6.1</hdop>
        <extensions>
          <osmand:speed>1.2</osmand:speed>
        </extensions>
      </trkpt>
      <trkpt lat="47.2257852" lon="9.3317533">
        <ele>1221.4</ele>
        <time>2026-09-03T05:55:04Z</time>
        <hdop>6.6</hdop>
        <extensions>
          <osmand:speed>0.8</osmand:speed>
        </extensions>
      </trkpt>
      <trkpt lat="47.225805" lon="9.3318129">
        <ele>1221.4</ele>
        <time>2026-09-03T05:55:10Z</time>
        <hdop>6.1</hdop>
        <extensions>
          <osmand:speed>0.5</osmand:speed>
        </extensions>
      </trkpt>
      <trkpt lat="47.2258509" lon="9.3318807">
        <ele>1221.4</ele>
        <time>2026-09-03T05:55:16Z</time>
        <hdop>6.6</hdop>
        <extensions>
          <osmand:speed>1</osmand:speed>
        </extensions>
      </trkpt>
      <trkpt lat="47.2258957" lon="9.3319553">
        <ele>1224.4</ele>
        <time>2026-09-03T05:55:22Z</time>
        <hdop>6.1</hdop>
        <extensions>
          <osmand:speed>1.3</osmand:speed>
        </extensions>
      </trkpt>
      <trkpt lat="47.2259465" lon="9.3320076">
        <ele>1225.4</ele>
        <time>2026-09-03T05:55:28Z</time>
        <hdop>5.6</hdop>
        <extensions>
          <osmand:speed>0.6</osmand:speed>
        </extensions>
      </trkpt>
      <trkpt lat="47.2259835" lon="9.3320617">
        <ele>1225.4</ele>
        <time>2026-09-03T05:55:34Z</time>
        <hdop>5.6</hdop>
        <extensions>
          <osmand:speed>1</osmand:speed>
        </extensions>
      </trkpt>
      <trkpt lat="47.22603" lon="9.3321258">
        <ele>1227.4</ele>
        <time>2026-09-03T05:55:40Z</time>
        <hdop>7.1</hdop>
        <extensions>
          <osmand:speed>1.2</osmand:speed>
        </extensions>
      </trkpt>
      <trkpt lat="47.2260562" lon="9.3322139">
        <ele>1226.4</ele>
        <time>2026-09-03T05:55:46Z</time>
        <hdop>7.7</hdop>
        <extensions>
          <osmand:speed>0.8</osmand:speed>
        </extensions>
      </trkpt>
      <trkpt lat="47.2260781" lon="9.3322523">
        <ele>1230.4</ele>
        <time>2026-09-03T05:55:52Z</time>
        <hdop>7.7</hdop>
        <extensions>
          <osmand:speed>0.7</osmand:speed>
        </extensions>
      </trkpt>
      <trkpt lat="47.2261135" lon="9.3323231">
        <ele>1231.4</ele>
        <time>2026-09-03T05:55:58Z</time>
        <hdop>5.6</hdop>
        <extensions>
          <osmand:speed>0.8</osmand:speed>
        </extensions>
      </trkpt>
      <trkpt lat="47.2261534" lon="9.3323756">
        <ele>1232.4</ele>
        <time>2026-09-03T05:56:04Z</time>
        <hdop>6.1</hdop>
        <extensions>
          <osmand:speed>1</osmand:speed>
        </extensions>
      </trkpt>
      <trkpt lat="47.2262036" lon="9.3324294">
        <ele>1234.4</ele>
        <time>2026-09-03T05:56:10Z</time>
        <hdop>6.1</hdop>
        <extensions>
          <osmand:speed>0.8</osmand:speed>
        </extensions>
      </trkpt>
      <trkpt lat="47.2262399" lon="9.3324922">
        <ele>1235.4</ele>
        <time>2026-09-03T05:56:16Z</time>
        <hdop>5.6</hdop>
        <extensions>
          <osmand:speed>0.9</osmand:speed>
        </extensions>
      </trkpt>
      <trkpt lat="47.2262695" lon="9.33253">
        <ele>1236.4</ele>
        <time>2026-09-03T05:56:22Z</time>
        <hdop>5.6</hdop>
        <extensions>
          <osmand:speed>0.8</osmand:speed>
        </extensions>
      </trkpt>
      <trkpt lat="47.2263061" lon="9.3325846">
        <ele>1237.4</ele>
        <time>2026-09-03T05:56:28Z</time>
        <hdop>5.6</hdop>
        <extensions>
          <osmand:speed>1.3</osmand:speed>
        </extensions>
      </trkpt>
      <trkpt lat="47.2263442" lon="9.3326393">
        <ele>1238.4</ele>
        <time>2026-09-03T05:56:34Z</time>
        <hdop>5.6</hdop>
        <extensions>
          <osmand:speed>0.8</osmand:speed>
        </extensions>
      </trkpt>
      <trkpt lat="47.2263589" lon="9.3326767">
        <ele>1240.4</ele>
        <time>2026-09-03T05:56:40Z</time>
        <hdop>5.6</hdop>
        <extensions>
          <osmand:speed>0.8</osmand:speed>
        </extensions>
      </trkpt>
      <trkpt lat="47.226408" lon="9.3327448">
        <ele>1240.4</ele>
        <time>2026-09-03T05:56:46Z</time>
        <hdop>6.1</hdop>
        <extensions>
          <osmand:speed>1.1</osmand:speed>
        </extensions>
      </trkpt>
      <trkpt lat="47.2264614" lon="9.3328012">
        <ele>1241.4</ele>
        <time>2026-09-03T05:56:52Z</time>
        <hdop>6.1</hdop>
        <extensions>
          <osmand:speed>1.1</osmand:speed>
        </extensions>
      </trkpt>
      <trkpt lat="47.2265097" lon="9.33286">
        <ele>1243.4</ele>
        <time>2026-09-03T05:56:58Z</time>
        <hdop>5.6</hdop>
        <extensions>
          <osmand:speed>1.3</osmand:speed>
        </extensions>
      </trkpt>
      <trkpt lat="47.2265467" lon="9.3329333">
        <ele>1245.4</ele>
        <time>2026-09-03T05:57:04Z</time>
        <hdop>5.6</hdop>
        <extensions>
          <osmand:speed>1</osmand:speed>
        </extensions>
      </trkpt>
      <trkpt lat="47.2265793" lon="9.3330006">
        <ele>1246.4</ele>
        <time>2026-09-03T05:57:10Z</time>
        <hdop>6.1</hdop>
        <extensions>
          <osmand:speed>1.4</osmand:speed>
        </extensions>
      </trkpt>
      <trkpt lat="47.2266073" lon="9.3330867">
        <ele>1248.4</ele>
        <time>2026-09-03T05:57:16Z</time>
        <hdop>6.1</hdop>
        <extensions>
          <osmand:speed>0.8</osmand:speed>
        </extensions>
      </trkpt>
      <trkpt lat="47.2266341" lon="9.3331597">
        <ele>1248.4</ele>
        <time>2026-09-03T05:57:22Z</time>
        <hdop>6.6</hdop>
        <extensions>
          <osmand:speed>1.2</osmand:speed>
        </extensions>
      </trkpt>
      <trkpt lat="47.2266505" lon="9.3332435">
        <ele>1248.4</ele>
        <time>2026-09-03T05:57:28Z</time>
        <hdop>6.6</hdop>
        <extensions>
          <osmand:speed>1.4</osmand:speed>
        </extensions>
      </trkpt>
      <trkpt lat="47.2266453" lon="9.3333372">
        <ele>1249.4</ele>
        <time>2026-09-03T05:57:34Z</time>
        <hdop>6.6</hdop>
        <extensions>
          <osmand:speed>0.8</osmand:speed>
        </extensions>
      </trkpt>
      <trkpt lat="47.2266539" lon="9.3334348">
        <ele>1249.4</ele>
        <time>2026-09-03T05:57:40Z</time>
        <hdop>6.6</hdop>
        <extensions>
          <osmand:speed>1.1</osmand:speed>
        </extensions>
      </trkpt>
      <trkpt lat="47.2266639" lon="9.3335201">
        <ele>1249.4</ele>
        <time>2026-09-03T05:57:46Z</time>
        <hdop>6.1</hdop>
        <extensions>
          <osmand:speed>1.3</osmand:speed>
        </extensions>
      </trkpt>
      <trkpt lat="47.2266855" lon="9.3336029">
        <ele>1249.4</ele>
        <time>2026-09-03T05:57:52Z</time>
        <hdop>6.6</hdop>
        <extensions>
          <osmand:speed>1.2</osmand:speed>
        </extensions>
      </trkpt>
      <trkpt lat="47.2267203" lon="9.3336659">
        <ele>1250.4</ele>
        <time>2026-09-03T05:57:58Z</time>
        <hdop>7.1</hdop>
        <extensions>
          <osmand:speed>1.2</osmand:speed>
        </extensions>
      </trkpt>
      <trkpt lat="47.2267083" lon="9.333741">
        <ele>1251.4</ele>
        <time>2026-09-03T05:58:04Z</time>
        <hdop>6.6</hdop>
        <extensions>
          <osmand:speed>1</osmand:speed>
        </extensions>
      </trkpt>
      <trkpt lat="47.2267232" lon="9.3338347">
        <ele>1253.4</ele>
        <time>2026-09-03T05:58:10Z</time>
        <hdop>6.1</hdop>
        <extensions>
          <osmand:speed>1.2</osmand:speed>
        </extensions>
      </trkpt>
      <trkpt lat="47.2267268" lon="9.3339337">
        <ele>1253.4</ele>
        <time>2026-09-03T05:58:16Z</time>
        <hdop>6.6</hdop>
        <extensions>
          <osmand:speed>1.1</osmand:speed>
        </extensions>
      </trkpt>
      <trkpt lat="47.226725" lon="9.3339971">
        <ele>1254.4</ele>
        <time>2026-09-03T05:58:22Z</time>
        <hdop>6.6</hdop>
        <extensions>
          <osmand:speed>0.7</osmand:speed>
        </extensions>
      </trkpt>
      <trkpt lat="47.2267321" lon="9.3340967">
        <ele>1254.4</ele>
        <time>2026-09-03T05:58:28Z</time>
        <hdop>10.7</hdop>
        <extensions>
          <osmand:speed>1</osmand:speed>
        </extensions>
      </trkpt>
      <trkpt lat="47.2267286" lon="9.3341821">
        <ele>1255.4</ele>
        <time>2026-09-03T05:58:34Z</time>
        <hdop>7.1</hdop>
        <extensions>
          <osmand:speed>1.4</osmand:speed>
        </extensions>
      </trkpt>
      <trkpt lat="47.2267043" lon="9.3342926">
        <ele>1257.4</ele>
        <time>2026-09-03T05:58:40Z</time>
        <hdop>6.1</hdop>
        <extensions>
          <osmand:speed>1.3</osmand:speed>
        </extensions>
      </trkpt>
      <trkpt lat="47.2266895" lon="9.3343955">
        <ele>1258.4</ele>
        <time>2026-09-03T05:58:46Z</time>
        <hdop>5.6</hdop>
        <extensions>
          <osmand:speed>1.2</osmand:speed>
        </extensions>
      </trkpt>
      <trkpt lat="47.2266965" lon="9.3344841">
        <ele>1260.4</ele>
        <time>2026-09-03T05:58:52Z</time>
        <hdop>6.6</hdop>
        <extensions>
          <osmand:speed>1.1</osmand:speed>
        </extensions>
      </trkpt>
      <trkpt lat="47.2267302" lon="9.3345652">
        <ele>1260.4</ele>
        <time>2026-09-03T05:58:58Z</time>
        <hdop>8.2</hdop>
        <extensions>
          <osmand:speed>0.8</osmand:speed>
        </extensions>
      </trkpt>
      <trkpt lat="47.226755" lon="9.3346734">
        <ele>1260.4</ele>
        <time>2026-09-03T05:59:04Z</time>
        <hdop>7.1</hdop>
        <extensions>
          <osmand:speed>1.1</osmand:speed>
        </extensions>
      </trkpt>
      <trkpt lat="47.2267914" lon="9.3347393">
        <ele>1260.4</ele>
        <time>2026-09-03T05:59:10Z</time>
        <hdop>10.2</hdop>
        <extensions>
          <osmand:speed>0.9</osmand:speed>
        </extensions>
      </trkpt>
      <trkpt lat="47.2268031" lon="9.3347721">
        <ele>1259.4</ele>
        <time>2026-09-03T05:59:30Z</time>
        <hdop>8.7</hdop>
        <extensions>
          <osmand:speed>1.3</osmand:speed>
        </extensions>
      </trkpt>
      <trkpt lat="47.2268238" lon="9.3348383">
        <ele>1260.4</ele>
        <time>2026-09-03T05:59:36Z</time>
        <hdop>9.2</hdop>
        <extensions>
          <osmand:speed>0.8</osmand:speed>
        </extensions>
      </trkpt>
      <trkpt lat="47.2268878" lon="9.33491">
        <ele>1262.4</ele>
        <time>2026-09-03T05:59:42Z</time>
        <hdop>9.2</hdop>
        <extensions>
          <osmand:speed>1.2</osmand:speed>
        </extensions>
      </trkpt>
      <trkpt lat="47.2269158" lon="9.3349858">
        <ele>1262.4</ele>
        <time>2026-09-03T05:59:48Z</time>
        <hdop>8.7</hdop>
        <extensions>
          <osmand:speed>1.7</osmand:speed>
        </extensions>
      </trkpt>
      <trkpt lat="47.2269924" lon="9.3350476">
        <ele>1264.4</ele>
        <time>2026-09-03T05:59:54Z</time>
        <hdop>8.7</hdop>
        <extensions>
          <osmand:speed>1.5</osmand:speed>
        </extensions>
      </trkpt>
      <trkpt lat="47.2270474" lon="9.3351156">
        <ele>1265.4</ele>
        <time>2026-09-03T06:00:00Z</time>
        <hdop>8.2</hdop>
        <extensions>
          <osmand:speed>0.8</osmand:speed>
        </extensions>
      </trkpt>
      <trkpt lat="47.2270925" lon="9.3351663">
        <ele>1266.4</ele>
        <time>2026-09-03T06:00:06Z</time>
        <hdop>9.7</hdop>
        <extensions>
          <osmand:speed>0.8</osmand:speed>
        </extensions>
      </trkpt>
      <trkpt lat="47.2271347" lon="9.3352433">
        <ele>1268.4</ele>
        <time>2026-09-03T06:00:12Z</time>
        <hdop>10.2</hdop>
        <extensions>
          <osmand:speed>1.5</osmand:speed>
        </extensions>
      </trkpt>
      <trkpt lat="47.2271687" lon="9.3353166">
        <ele>1271.4</ele>
        <time>2026-09-03T06:00:18Z</time>
        <hdop>10.7</hdop>
        <extensions>
          <osmand:speed>0.9</osmand:speed>
        </extensions>
      </trkpt>
      <trkpt lat="47.2272039" lon="9.3353608">
        <ele>1271.4</ele>
        <time>2026-09-03T06:00:24Z</time>
        <hdop>9.7</hdop>
        <extensions>
          <osmand:speed>0.6</osmand:speed>
        </extensions>
      </trkpt>
      <trkpt lat="47.2272449" lon="9.335412">
        <ele>1272.4</ele>
        <time>2026-09-03T06:00:30Z</time>
        <hdop>8.2</hdop>
        <extensions>
          <osmand:speed>0.7</osmand:speed>
        </extensions>
      </trkpt>
      <trkpt lat="47.2272972" lon="9.3354751">
        <ele>1273.4</ele>
        <time>2026-09-03T06:00:36Z</time>
        <hdop>8.2</hdop>
        <extensions>
          <osmand:speed>0.7</osmand:speed>
        </extensions>
      </trkpt>
      <trkpt lat="47.2273592" lon="9.335531">
        <ele>1273.4</ele>
        <time>2026-09-03T06:00:42Z</time>
        <hdop>7.1</hdop>
        <extensions>
          <osmand:speed>1</osmand:speed>
        </extensions>
      </trkpt>
      <trkpt lat="47.2274064" lon="9.3355809">
        <ele>1274.4</ele>
        <time>2026-09-03T06:00:48Z</time>
        <hdop>8.2</hdop>
        <extensions>
          <osmand:speed>1</osmand:speed>
        </extensions>
      </trkpt>
      <trkpt lat="47.22746" lon="9.3356198">
        <ele>1276.4</ele>
        <time>2026-09-03T06:00:54Z</time>
        <hdop>8.2</hdop>
        <extensions>
          <osmand:speed>0.8</osmand:speed>
        </extensions>
      </trkpt>
      <trkpt lat="47.2275027" lon="9.3356587">
        <ele>1278.4</ele>
        <time>2026-09-03T06:01:00Z</time>
        <hdop>7.1</hdop>
        <extensions>
          <osmand:speed>0.5</osmand:speed>
        </extensions>
      </trkpt>
      <trkpt lat="47.227531" lon="9.3357231">
        <ele>1279.4</ele>
        <time>2026-09-03T06:01:06Z</time>
        <hdop>8.2</hdop>
        <extensions>
          <osmand:speed>0.7</osmand:speed>
        </extensions>
      </trkpt>
      <trkpt lat="47.2275947" lon="9.3357957">
        <ele>1280.4</ele>
        <time>2026-09-03T06:01:12Z</time>
        <hdop>7.7</hdop>
        <extensions>
          <osmand:speed>1.2</osmand:speed>
        </extensions>
      </trkpt>
      <trkpt lat="47.2276434" lon="9.3358669">
        <ele>1281.4</ele>
        <time>2026-09-03T06:01:18Z</time>
        <hdop>7.7</hdop>
        <extensions>
          <osmand:speed>0.9</osmand:speed>
        </extensions>
      </trkpt>
      <trkpt lat="47.2276821" lon="9.3359092">
        <ele>1284.4</ele>
        <time>2026-09-03T06:01:24Z</time>
        <hdop>6.1</hdop>
        <extensions>
          <osmand:speed>0.8</osmand:speed>
        </extensions>
      </trkpt>
      <trkpt lat="47.2277313" lon="9.3359362">
        <ele>1288.4</ele>
        <time>2026-09-03T06:01:30Z</time>
        <hdop>9.2</hdop>
        <extensions>
          <osmand:speed>0.9</osmand:speed>
        </extensions>
      </trkpt>
      <trkpt lat="47.227785" lon="9.3360045">
        <ele>1289.4</ele>
        <time>2026-09-03T06:01:36Z</time>
        <hdop>7.1</hdop>
        <extensions>
          <osmand:speed>0.8</osmand:speed>
        </extensions>
      </trkpt>
      <trkpt lat="47.2278111" lon="9.3360432">
        <ele>1291.4</ele>
        <time>2026-09-03T06:01:42Z</time>
        <hdop>6.6</hdop>
        <extensions>
          <osmand:speed>1</osmand:speed>
        </extensions>
      </trkpt>
      <trkpt lat="47.2278423" lon="9.336076">
        <ele>1292.4</ele>
        <time>2026-09-03T06:01:48Z</time>
        <hdop>6.1</hdop>
        <extensions>
          <osmand:speed>0.4</osmand:speed>
        </extensions>
      </trkpt>
      <trkpt lat="47.2278708" lon="9.3361284">
        <ele>1292.4</ele>
        <time>2026-09-03T06:01:54Z</time>
        <hdop>6.6</hdop>
        <extensions>
          <osmand:speed>0.9</osmand:speed>
        </extensions>
      </trkpt>
      <trkpt lat="47.2279202" lon="9.3361383">
        <ele>1293.4</ele>
        <time>2026-09-03T06:02:00Z</time>
        <hdop>6.6</hdop>
        <extensions>
          <osmand:speed>1.3</osmand:speed>
        </extensions>
      </trkpt>
      <trkpt lat="47.2279439" lon="9.3362021">
        <ele>1291.4</ele>
        <time>2026-09-03T06:02:06Z</time>
        <hdop>7.7</hdop>
        <extensions>
          <osmand:speed>0.6</osmand:speed>
        </extensions>
      </trkpt>
      <trkpt lat="47.2279864" lon="9.3362343">
        <ele>1291.4</ele>
        <time>2026-09-03T06:02:12Z</time>
        <hdop>10.7</hdop>
        <extensions>
          <osmand:speed>0.4</osmand:speed>
        </extensions>
      </trkpt>
      <trkpt lat="47.2280182" lon="9.3362803">
        <ele>1290.4</ele>
        <time>2026-09-03T06:02:18Z</time>
        <hdop>7.1</hdop>
        <extensions>
          <osmand:speed>0.5</osmand:speed>
        </extensions>
      </trkpt>
      <trkpt lat="47.2280422" lon="9.3363134">
        <ele>1290.4</ele>
        <time>2026-09-03T06:02:24Z</time>
        <hdop>7.1</hdop>
        <extensions>
          <osmand:speed>0.8</osmand:speed>
        </extensions>
      </trkpt>
      <trkpt lat="47.2280537" lon="9.3363794">
        <ele>1288.4</ele>
        <time>2026-09-03T06:02:30Z</time>
        <hdop>8.7</hdop>
        <extensions>
          <osmand:speed>0.6</osmand:speed>
        </extensions>
      </trkpt>
      <trkpt lat="47.2281015" lon="9.3364134">
        <ele>1291.4</ele>
        <time>2026-09-03T06:02:36Z</time>
        <hdop>9.2</hdop>
        <extensions>
          <osmand:speed>0.8</osmand:speed>
        </extensions>
      </trkpt>
      <trkpt lat="47.228137" lon="9.3364361">
        <ele>1291.4</ele>
        <time>2026-09-03T06:02:42Z</time>
        <hdop>5.6</hdop>
        <extensions>
          <osmand:speed>0.9</osmand:speed>
        </extensions>
      </trkpt>
      <trkpt lat="47.228164" lon="9.3364623">
        <ele>1293.4</ele>
        <time>2026-09-03T06:02:48Z</time>
        <hdop>6.6</hdop>
        <extensions>
          <osmand:speed>0.5</osmand:speed>
        </extensions>
      </trkpt>
      <trkpt lat="47.2281932" lon="9.3365002">
        <ele>1296.4</ele>
        <time>2026-09-03T06:02:54Z</time>
        <hdop>5.6</hdop>
        <extensions>
          <osmand:speed>0.3</osmand:speed>
        </extensions>
      </trkpt>
      <trkpt lat="47.2282262" lon="9.3365548">
        <ele>1296.4</ele>
        <time>2026-09-03T06:03:00Z</time>
        <hdop>5.6</hdop>
        <extensions>
          <osmand:speed>0.8</osmand:speed>
        </extensions>
      </trkpt>
      <trkpt lat="47.2282568" lon="9.3365893">
        <ele>1298.4</ele>
        <time>2026-09-03T06:03:06Z</time>
        <hdop>5.1</hdop>
        <extensions>
          <osmand:speed>0.7</osmand:speed>
        </extensions>
      </trkpt>
      <trkpt lat="47.2282911" lon="9.3366225">
        <ele>1299.4</ele>
        <time>2026-09-03T06:03:12Z</time>
        <hdop>5.6</hdop>
        <extensions>
          <osmand:speed>0.8</osmand:speed>
        </extensions>
      </trkpt>
      <trkpt lat="47.2283157" lon="9.3366646">
        <ele>1299.4</ele>
        <time>2026-09-03T06:03:18Z</time>
        <hdop>5.6</hdop>
        <extensions>
          <osmand:speed>0.6</osmand:speed>
        </extensions>
      </trkpt>
      <trkpt lat="47.2283541" lon="9.3366983">
        <ele>1300.4</ele>
        <time>2026-09-03T06:03:24Z</time>
        <hdop>5.6</hdop>
        <extensions>
          <osmand:speed>0.8</osmand:speed>
        </extensions>
      </trkpt>
      <trkpt lat="47.2283679" lon="9.3367175">
        <ele>1302.4</ele>
        <time>2026-09-03T06:03:30Z</time>
        <hdop>6.1</hdop>
        <extensions>
          <osmand:speed>0.6</osmand:speed>
        </extensions>
      </trkpt>
      <trkpt lat="47.228406" lon="9.3367694">
        <ele>1302.4</ele>
        <time>2026-09-03T06:03:36Z</time>
        <hdop>5.6</hdop>
        <extensions>
          <osmand:speed>0.6</osmand:speed>
        </extensions>
      </trkpt>
      <trkpt lat="47.228449" lon="9.3368175">
        <ele>1303.4</ele>
        <time>2026-09-03T06:03:42Z</time>
        <hdop>6.1</hdop>
        <extensions>
          <osmand:speed>0.8</osmand:speed>
        </extensions>
      </trkpt>
      <trkpt lat="47.2284977" lon="9.3368293">
        <ele>1304.4</ele>
        <time>2026-09-03T06:03:48Z</time>
        <hdop>6.6</hdop>
        <extensions>
          <osmand:speed>1</osmand:speed>
        </extensions>
      </trkpt>
      <trkpt lat="47.2285432" lon="9.3368476">
        <ele>1306.4</ele>
        <time>2026-09-03T06:03:54Z</time>
        <hdop>7.7</hdop>
        <extensions>
          <osmand:speed>1</osmand:speed>
        </extensions>
      </trkpt>
      <trkpt lat="47.2285858" lon="9.3368878">
        <ele>1308.4</ele>
        <time>2026-09-03T06:04:00Z</time>
        <hdop>6.6</hdop>
        <extensions>
          <osmand:speed>1.1</osmand:speed>
        </extensions>
      </trkpt>
      <trkpt lat="47.2286327" lon="9.3369096">
        <ele>1310.4</ele>
        <time>2026-09-03T06:04:06Z</time>
        <hdop>5.6</hdop>
        <extensions>
          <osmand:speed>0.8</osmand:speed>
        </extensions>
      </trkpt>
      <trkpt lat="47.2286699" lon="9.3369354">
        <ele>1311.4</ele>
        <time>2026-09-03T06:04:12Z</time>
        <hdop>5.6</hdop>
        <extensions>
          <osmand:speed>0.6</osmand:speed>
        </extensions>
      </trkpt>
      <trkpt lat="47.2287096" lon="9.3369688">
        <ele>1312.4</ele>
        <time>2026-09-03T06:04:18Z</time>
        <hdop>6.1</hdop>
        <extensions>
          <osmand:speed>0.7</osmand:speed>
        </extensions>
      </trkpt>
      <trkpt lat="47.2287302" lon="9.3369828">
        <ele>1312.4</ele>
        <time>2026-09-03T06:04:24Z</time>
        <hdop>8.7</hdop>
        <extensions>
          <osmand:speed>0.6</osmand:speed>
        </extensions>
      </trkpt>
      <trkpt lat="47.2287697" lon="9.3370138">
        <ele>1313.4</ele>
        <time>2026-09-03T06:04:30Z</time>
        <hdop>7.7</hdop>
        <extensions>
          <osmand:speed>0.4</osmand:speed>
        </extensions>
      </trkpt>
      <trkpt lat="47.2288129" lon="9.3370593">
        <ele>1313.4</ele>
        <time>2026-09-03T06:04:36Z</time>
        <hdop>6.6</hdop>
        <extensions>
          <osmand:speed>0.8</osmand:speed>
        </extensions>
      </trkpt>
      <trkpt lat="47.2288447" lon="9.3370925">
        <ele>1314.4</ele>
        <time>2026-09-03T06:04:42Z</time>
        <hdop>6.1</hdop>
        <extensions>
          <osmand:speed>1.1</osmand:speed>
        </extensions>
      </trkpt>
      <trkpt lat="47.2288835" lon="9.3371165">
        <ele>1315.4</ele>
        <time>2026-09-03T06:04:48Z</time>
        <hdop>7.7</hdop>
        <extensions>
          <osmand:speed>1</osmand:speed>
        </extensions>
      </trkpt>
      <trkpt lat="47.2289304" lon="9.3371525">
        <ele>1316.4</ele>
        <time>2026-09-03T06:04:54Z</time>
        <hdop>6.1</hdop>
        <extensions>
          <osmand:speed>0.6</osmand:speed>
        </extensions>
      </trkpt>
      <trkpt lat="47.2289633" lon="9.3371919">
        <ele>1318.4</ele>
        <time>2026-09-03T06:05:00Z</time>
        <hdop>6.1</hdop>
        <extensions>
          <osmand:speed>0.5</osmand:speed>
        </extensions>
      </trkpt>
      <trkpt lat="47.2290148" lon="9.3372181">
        <ele>1320.4</ele>
        <time>2026-09-03T06:05:06Z</time>
        <hdop>8.7</hdop>
        <extensions>
          <osmand:speed>0.6</osmand:speed>
        </extensions>
      </trkpt>
      <trkpt lat="47.2290578" lon="9.3372772">
        <ele>1321.4</ele>
        <time>2026-09-03T06:05:12Z</time>
        <hdop>6.1</hdop>
        <extensions>
          <osmand:speed>1.1</osmand:speed>
        </extensions>
      </trkpt>
      <trkpt lat="47.2290946" lon="9.3373074">
        <ele>1324.4</ele>
        <time>2026-09-03T06:05:18Z</time>
        <hdop>6.1</hdop>
        <extensions>
          <osmand:speed>0.8</osmand:speed>
        </extensions>
      </trkpt>
      <trkpt lat="47.2291242" lon="9.3373546">
        <ele>1324.4</ele>
        <time>2026-09-03T06:05:24Z</time>
        <hdop>5.6</hdop>
        <extensions>
          <osmand:speed>1.3</osmand:speed>
        </extensions>
      </trkpt>
      <trkpt lat="47.2291506" lon="9.3374126">
        <ele>1323.4</ele>
        <time>2026-09-03T06:05:30Z</time>
        <hdop>5.6</hdop>
        <extensions>
          <osmand:speed>1.1</osmand:speed>
        </extensions>
      </trkpt>
      <trkpt lat="47.2291649" lon="9.3374304">
        <ele>1324.4</ele>
        <time>2026-09-03T06:05:36Z</time>
        <hdop>4.1</hdop>
      </trkpt>
      <trkpt lat="47.2291805" lon="9.3374122">
        <ele>1325.4</ele>
        <time>2026-09-03T06:05:48Z</time>
        <hdop>5.1</hdop>
        <extensions>
          <osmand:speed>0.7</osmand:speed>
        </extensions>
      </trkpt>
      <trkpt lat="47.2292416" lon="9.3374441">
        <ele>1326.4</ele>
        <time>2026-09-03T06:05:54Z</time>
        <hdop>5.1</hdop>
        <extensions>
          <osmand:speed>1.5</osmand:speed>
        </extensions>
      </trkpt>
      <trkpt lat="47.2292919" lon="9.3375141">
        <ele>1325.4</ele>
        <time>2026-09-03T06:06:00Z</time>
        <hdop>5.1</hdop>
        <extensions>
          <osmand:speed>1.2</osmand:speed>
        </extensions>
      </trkpt>
      <trkpt lat="47.2293175" lon="9.337558">
        <ele>1326.4</ele>
        <time>2026-09-03T06:06:06Z</time>
        <hdop>6.6</hdop>
        <extensions>
          <osmand:speed>0.6</osmand:speed>
        </extensions>
      </trkpt>
      <trkpt lat="47.2293751" lon="9.3376091">
        <ele>1327.4</ele>
        <time>2026-09-03T06:06:12Z</time>
        <hdop>8.2</hdop>
        <extensions>
          <osmand:speed>1</osmand:speed>
        </extensions>
      </trkpt>
      <trkpt lat="47.2294041" lon="9.3376431">
        <ele>1328.4</ele>
        <time>2026-09-03T06:06:18Z</time>
        <hdop>8.2</hdop>
        <extensions>
          <osmand:speed>1.4</osmand:speed>
        </extensions>
      </trkpt>
      <trkpt lat="47.229462" lon="9.3376902">
        <ele>1329.4</ele>
        <time>2026-09-03T06:06:24Z</time>
        <hdop>5.6</hdop>
        <extensions>
          <osmand:speed>1.3</osmand:speed>
        </extensions>
      </trkpt>
      <trkpt lat="47.2295034" lon="9.3377204">
        <ele>1329.4</ele>
        <time>2026-09-03T06:06:30Z</time>
        <hdop>5.6</hdop>
        <extensions>
          <osmand:speed>1.4</osmand:speed>
        </extensions>
      </trkpt>
      <trkpt lat="47.2295451" lon="9.3377571">
        <ele>1329.4</ele>
        <time>2026-09-03T06:06:36Z</time>
        <hdop>6.6</hdop>
        <extensions>
          <osmand:speed>1.1</osmand:speed>
        </extensions>
      </trkpt>
      <trkpt lat="47.2296031" lon="9.3378178">
        <ele>1331.4</ele>
        <time>2026-09-03T06:06:42Z</time>
        <hdop>4.6</hdop>
        <extensions>
          <osmand:speed>1</osmand:speed>
        </extensions>
      </trkpt>
      <trkpt lat="47.2296536" lon="9.3378457">
        <ele>1332.4</ele>
        <time>2026-09-03T06:06:48Z</time>
        <hdop>5.6</hdop>
        <extensions>
          <osmand:speed>0.7</osmand:speed>
        </extensions>
      </trkpt>
      <trkpt lat="47.2296975" lon="9.337905">
        <ele>1332.4</ele>
        <time>2026-09-03T06:06:54Z</time>
        <hdop>6.1</hdop>
        <extensions>
          <osmand:speed>1.1</osmand:speed>
        </extensions>
      </trkpt>
      <trkpt lat="47.2297362" lon="9.3379472">
        <ele>1333.4</ele>
        <time>2026-09-03T06:07:00Z</time>
        <hdop>5.6</hdop>
        <extensions>
          <osmand:speed>1.2</osmand:speed>
        </extensions>
      </trkpt>
      <trkpt lat="47.2297912" lon="9.3379761">
        <ele>1334.4</ele>
        <time>2026-09-03T06:07:06Z</time>
        <hdop>5.6</hdop>
        <extensions>
          <osmand:speed>0.6</osmand:speed>
        </extensions>
      </trkpt>
      <trkpt lat="47.2298488" lon="9.3380113">
        <ele>1334.4</ele>
        <time>2026-09-03T06:07:12Z</time>
        <hdop>5.6</hdop>
        <extensions>
          <osmand:speed>0.8</osmand:speed>
        </extensions>
      </trkpt>
      <trkpt lat="47.2298885" lon="9.3380422">
        <ele>1334.4</ele>
        <time>2026-09-03T06:07:18Z</time>
        <hdop>5.6</hdop>
        <extensions>
          <osmand:speed>0.6</osmand:speed>
        </extensions>
      </trkpt>
      <trkpt lat="47.2299245" lon="9.3380964">
        <ele>1336.4</ele>
        <time>2026-09-03T06:07:24Z</time>
        <hdop>6.1</hdop>
        <extensions>
          <osmand:speed>1.2</osmand:speed>
        </extensions>
      </trkpt>
      <trkpt lat="47.2299526" lon="9.3381414">
        <ele>1337.4</ele>
        <time>2026-09-03T06:07:30Z</time>
        <hdop>5.6</hdop>
        <extensions>
          <osmand:speed>1.3</osmand:speed>
        </extensions>
      </trkpt>
      <trkpt lat="47.2299871" lon="9.3381867">
        <ele>1337.4</ele>
        <time>2026-09-03T06:07:36Z</time>
        <hdop>6.1</hdop>
        <extensions>
          <osmand:speed>0.3</osmand:speed>
        </extensions>
      </trkpt>
      <trkpt lat="47.2300352" lon="9.3382055">
        <ele>1338.4</ele>
        <time>2026-09-03T06:07:42Z</time>
        <hdop>5.6</hdop>
        <extensions>
          <osmand:speed>0.5</osmand:speed>
        </extensions>
      </trkpt>
      <trkpt lat="47.2300772" lon="9.3382476">
        <ele>1338.4</ele>
        <time>2026-09-03T06:07:48Z</time>
        <hdop>6.1</hdop>
        <extensions>
          <osmand:speed>0.6</osmand:speed>
        </extensions>
      </trkpt>
      <trkpt lat="47.2301295" lon="9.3383051">
        <ele>1339.4</ele>
        <time>2026-09-03T06:07:54Z</time>
        <hdop>6.6</hdop>
        <extensions>
          <osmand:speed>1.2</osmand:speed>
        </extensions>
      </trkpt>
      <trkpt lat="47.2301827" lon="9.3383549">
        <ele>1340.4</ele>
        <time>2026-09-03T06:08:00Z</time>
        <hdop>6.1</hdop>
        <extensions>
          <osmand:speed>1.4</osmand:speed>
        </extensions>
      </trkpt>
      <trkpt lat="47.2302514" lon="9.3384232">
        <ele>1340.4</ele>
        <time>2026-09-03T06:08:06Z</time>
        <hdop>7.1</hdop>
        <extensions>
          <osmand:speed>1.6</osmand:speed>
        </extensions>
      </trkpt>
      <trkpt lat="47.2302836" lon="9.3384492">
        <ele>1342.4</ele>
        <time>2026-09-03T06:08:12Z</time>
        <hdop>5.1</hdop>
        <extensions>
          <osmand:speed>1.1</osmand:speed>
        </extensions>
      </trkpt>
      <trkpt lat="47.2303416" lon="9.3384517">
        <ele>1343.4</ele>
        <time>2026-09-03T06:08:18Z</time>
        <hdop>5.6</hdop>
        <extensions>
          <osmand:speed>0.9</osmand:speed>
        </extensions>
      </trkpt>
      <trkpt lat="47.2303818" lon="9.3383972">
        <ele>1343.4</ele>
        <time>2026-09-03T06:08:24Z</time>
        <hdop>5.6</hdop>
        <extensions>
          <osmand:speed>0.9</osmand:speed>
        </extensions>
      </trkpt>
      <trkpt lat="47.2303828" lon="9.3383108">
        <ele>1344.4</ele>
        <time>2026-09-03T06:08:30Z</time>
        <hdop>6.6</hdop>
        <extensions>
          <osmand:speed>1.3</osmand:speed>
        </extensions>
      </trkpt>
      <trkpt lat="47.2303894" lon="9.338274">
        <ele>1346.4</ele>
        <time>2026-09-03T06:08:36Z</time>
        <hdop>9.2</hdop>
        <extensions>
          <osmand:speed>0.6</osmand:speed>
        </extensions>
      </trkpt>
      <trkpt lat="47.2304151" lon="9.3381767">
        <ele>1346.4</ele>
        <time>2026-09-03T06:08:42Z</time>
        <hdop>8.2</hdop>
        <extensions>
          <osmand:speed>1.2</osmand:speed>
        </extensions>
      </trkpt>
      <trkpt lat="47.230421" lon="9.3381177">
        <ele>1348.4</ele>
        <time>2026-09-03T06:08:48Z</time>
        <hdop>12.8</hdop>
        <extensions>
          <osmand:speed>0.8</osmand:speed>
        </extensions>
      </trkpt>
      <trkpt lat="47.2304131" lon="9.3380314">
        <ele>1349.4</ele>
        <time>2026-09-03T06:08:54Z</time>
        <hdop>9.2</hdop>
        <extensions>
          <osmand:speed>1</osmand:speed>
        </extensions>
      </trkpt>
      <trkpt lat="47.2304139" lon="9.3379372">
        <ele>1351.4</ele>
        <time>2026-09-03T06:09:00Z</time>
        <hdop>9.2</hdop>
        <extensions>
          <osmand:speed>1.1</osmand:speed>
        </extensions>
      </trkpt>
      <trkpt lat="47.2304328" lon="9.3378607">
        <ele>1353.4</ele>
        <time>2026-09-03T06:09:06Z</time>
        <hdop>11.2</hdop>
        <extensions>
          <osmand:speed>0.8</osmand:speed>
        </extensions>
      </trkpt>
      <trkpt lat="47.2304522" lon="9.3377539">
        <ele>1354.4</ele>
        <time>2026-09-03T06:09:12Z</time>
        <hdop>10.7</hdop>
        <extensions>
          <osmand:speed>0.9</osmand:speed>
        </extensions>
      </trkpt>
      <trkpt lat="47.230467" lon="9.3376727">
        <ele>1355.4</ele>
        <time>2026-09-03T06:09:18Z</time>
        <hdop>10.2</hdop>
        <extensions>
          <osmand:speed>0.7</osmand:speed>
        </extensions>
      </trkpt>
      <trkpt lat="47.2304684" lon="9.3376299">
        <ele>1354.4</ele>
        <time>2026-09-03T06:09:24Z</time>
        <hdop>7.7</hdop>
        <extensions>
          <osmand:speed>1</osmand:speed>
        </extensions>
      </trkpt>
      <trkpt lat="47.2304873" lon="9.3375411">
        <ele>1355.4</ele>
        <time>2026-09-03T06:09:30Z</time>
        <hdop>10.2</hdop>
        <extensions>
          <osmand:speed>0.6</osmand:speed>
        </extensions>
      </trkpt>
      <trkpt lat="47.2305171" lon="9.3374646">
        <ele>1356.4</ele>
        <time>2026-09-03T06:09:36Z</time>
        <hdop>9.7</hdop>
        <extensions>
          <osmand:speed>0.4</osmand:speed>
        </extensions>
      </trkpt>
      <trkpt lat="47.23053" lon="9.3373857">
        <ele>1357.4</ele>
        <time>2026-09-03T06:09:42Z</time>
        <hdop>7.1</hdop>
        <extensions>
          <osmand:speed>0.9</osmand:speed>
        </extensions>
      </trkpt>
      <trkpt lat="47.2305782" lon="9.3373256">
        <ele>1357.4</ele>
        <time>2026-09-03T06:09:48Z</time>
        <hdop>5.6</hdop>
        <extensions>
          <osmand:speed>1.1</osmand:speed>
        </extensions>
      </trkpt>
      <trkpt lat="47.2306298" lon="9.3373351">
        <ele>1358.4</ele>
        <time>2026-09-03T06:09:54Z</time>
        <hdop>6.1</hdop>
        <extensions>
          <osmand:speed>1</osmand:speed>
        </extensions>
      </trkpt>
      <trkpt lat="47.2306616" lon="9.3373766">
        <ele>1358.4</ele>
        <time>2026-09-03T06:10:00Z</time>
        <hdop>7.7</hdop>
        <extensions>
          <osmand:speed>0.9</osmand:speed>
        </extensions>
      </trkpt>
      <trkpt lat="47.230688" lon="9.3374418">
        <ele>1360.4</ele>
        <time>2026-09-03T06:10:06Z</time>
        <hdop>7.1</hdop>
        <extensions>
          <osmand:speed>0.9</osmand:speed>
        </extensions>
      </trkpt>
      <trkpt lat="47.2307389" lon="9.3374957">
        <ele>1360.4</ele>
        <time>2026-09-03T06:10:12Z</time>
        <hdop>8.7</hdop>
        <extensions>
          <osmand:speed>1</osmand:speed>
        </extensions>
      </trkpt>
      <trkpt lat="47.2307687" lon="9.3375333">
        <ele>1363.4</ele>
        <time>2026-09-03T06:10:18Z</time>
        <hdop>7.1</hdop>
        <extensions>
          <osmand:speed>1.2</osmand:speed>
        </extensions>
      </trkpt>
      <trkpt lat="47.2307909" lon="9.3375915">
        <ele>1363.4</ele>
        <time>2026-09-03T06:10:24Z</time>
        <hdop>8.2</hdop>
        <extensions>
          <osmand:speed>0.8</osmand:speed>
        </extensions>
      </trkpt>
      <trkpt lat="47.230819" lon="9.3376423">
        <ele>1363.4</ele>
        <time>2026-09-03T06:10:30Z</time>
        <hdop>10.2</hdop>
        <extensions>
          <osmand:speed>0.9</osmand:speed>
        </extensions>
      </trkpt>
      <trkpt lat="47.2308372" lon="9.3377146">
        <ele>1362.4</ele>
        <time>2026-09-03T06:10:36Z</time>
        <hdop>9.7</hdop>
        <extensions>
          <osmand:speed>0.6</osmand:speed>
        </extensions>
      </trkpt>
      <trkpt lat="47.2308652" lon="9.3378013">
        <ele>1363.4</ele>
        <time>2026-09-03T06:10:42Z</time>
        <hdop>8.2</hdop>
        <extensions>
          <osmand:speed>1.3</osmand:speed>
        </extensions>
      </trkpt>
      <trkpt lat="47.2308938" lon="9.3378781">
        <ele>1364.4</ele>
        <time>2026-09-03T06:10:48Z</time>
        <hdop>8.2</hdop>
        <extensions>
          <osmand:speed>1.1</osmand:speed>
        </extensions>
      </trkpt>
      <trkpt lat="47.2309145" lon="9.3379569">
        <ele>1364.4</ele>
        <time>2026-09-03T06:10:54Z</time>
        <hdop>7.1</hdop>
        <extensions>
          <osmand:speed>0.8</osmand:speed>
        </extensions>
      </trkpt>
      <trkpt lat="47.2309382" lon="9.3380337">
        <ele>1366.4</ele>
        <time>2026-09-03T06:11:00Z</time>
        <hdop>5.6</hdop>
        <extensions>
          <osmand:speed>1.1</osmand:speed>
        </extensions>
      </trkpt>
      <trkpt lat="47.2309401" lon="9.3380937">
        <ele>1367.4</ele>
        <time>2026-09-03T06:11:06Z</time>
        <hdop>5.1</hdop>
        <extensions>
          <osmand:speed>0.9</osmand:speed>
        </extensions>
      </trkpt>
      <trkpt lat="47.2309359" lon="9.3381364">
        <ele>1368.4</ele>
        <time>2026-09-03T06:11:12Z</time>
        <hdop>5.6</hdop>
        <extensions>
          <osmand:speed>1.3</osmand:speed>
        </extensions>
      </trkpt>
      <trkpt lat="47.2309463" lon="9.3381946">
        <ele>1369.4</ele>
        <time>2026-09-03T06:11:18Z</time>
        <hdop>5.1</hdop>
        <extensions>
          <osmand:speed>0.4</osmand:speed>
        </extensions>
      </trkpt>
      <trkpt lat="47.2309828" lon="9.3382672">
        <ele>1371.4</ele>
        <time>2026-09-03T06:11:24Z</time>
        <hdop>6.1</hdop>
        <extensions>
          <osmand:speed>0.9</osmand:speed>
        </extensions>
      </trkpt>
      <trkpt lat="47.2310014" lon="9.3383267">
        <ele>1373.4</ele>
        <time>2026-09-03T06:11:30Z</time>
        <hdop>4.6</hdop>
        <extensions>
          <osmand:speed>1.2</osmand:speed>
        </extensions>
      </trkpt>
      <trkpt lat="47.2310487" lon="9.3383709">
        <ele>1375.4</ele>
        <time>2026-09-03T06:11:36Z</time>
        <hdop>4.6</hdop>
        <extensions>
          <osmand:speed>0.9</osmand:speed>
        </extensions>
      </trkpt>
      <trkpt lat="47.2310699" lon="9.338379">
        <ele>1376.4</ele>
        <time>2026-09-03T06:11:47Z</time>
        <hdop>4.1</hdop>
        <extensions>
          <osmand:speed>0.3</osmand:speed>
        </extensions>
      </trkpt>
      <trkpt lat="47.2310963" lon="9.3383698">
        <ele>1377.4</ele>
        <time>2026-09-03T06:11:53Z</time>
        <hdop>3.1</hdop>
      </trkpt>
      <trkpt lat="47.2310916" lon="9.3383964">
        <ele>1377.4</ele>
        <time>2026-09-03T06:12:12Z</time>
        <hdop>3.6</hdop>
        <extensions>
          <osmand:speed>1.3</osmand:speed>
        </extensions>
      </trkpt>
      <trkpt lat="47.2311014" lon="9.3384498">
        <ele>1377.4</ele>
        <time>2026-09-03T06:12:18Z</time>
        <hdop>4.1</hdop>
        <extensions>
          <osmand:speed>0.7</osmand:speed>
        </extensions>
      </trkpt>
      <trkpt lat="47.2311334" lon="9.3384816">
        <ele>1378.4</ele>
        <time>2026-09-03T06:12:24Z</time>
        <hdop>4.6</hdop>
        <extensions>
          <osmand:speed>1</osmand:speed>
        </extensions>
      </trkpt>
      <trkpt lat="47.2311676" lon="9.3384983">
        <ele>1378.4</ele>
        <time>2026-09-03T06:12:30Z</time>
        <hdop>5.6</hdop>
        <extensions>
          <osmand:speed>0.8</osmand:speed>
        </extensions>
      </trkpt>
      <trkpt lat="47.2312061" lon="9.3385386">
        <ele>1380.4</ele>
        <time>2026-09-03T06:12:36Z</time>
        <hdop>4.1</hdop>
        <extensions>
          <osmand:speed>1.2</osmand:speed>
        </extensions>
      </trkpt>
      <trkpt lat="47.2312553" lon="9.3385495">
        <ele>1380.4</ele>
        <time>2026-09-03T06:12:42Z</time>
        <hdop>5.1</hdop>
        <extensions>
          <osmand:speed>0.8</osmand:speed>
        </extensions>
      </trkpt>
      <trkpt lat="47.2312982" lon="9.3385774">
        <ele>1381.4</ele>
        <time>2026-09-03T06:12:48Z</time>
        <hdop>4.6</hdop>
        <extensions>
          <osmand:speed>0.7</osmand:speed>
        </extensions>
      </trkpt>
      <trkpt lat="47.2313273" lon="9.3386064">
        <ele>1382.4</ele>
        <time>2026-09-03T06:12:54Z</time>
        <hdop>5.1</hdop>
        <extensions>
          <osmand:speed>0.9</osmand:speed>
        </extensions>
      </trkpt>
      <trkpt lat="47.2313482" lon="9.3386373">
        <ele>1385.4</ele>
        <time>2026-09-03T06:13:00Z</time>
        <hdop>5.1</hdop>
        <extensions>
          <osmand:speed>1</osmand:speed>
        </extensions>
      </trkpt>
      <trkpt lat="47.2313731" lon="9.3386606">
        <ele>1386.4</ele>
        <time>2026-09-03T06:13:06Z</time>
        <hdop>4.6</hdop>
        <extensions>
          <osmand:speed>0.3</osmand:speed>
        </extensions>
      </trkpt>
      <trkpt lat="47.2313925" lon="9.3387009">
        <ele>1386.4</ele>
        <time>2026-09-03T06:13:12Z</time>
        <hdop>4.6</hdop>
        <extensions>
          <osmand:speed>0.8</osmand:speed>
        </extensions>
      </trkpt>
      <trkpt lat="47.2314198" lon="9.3387422">
        <ele>1386.4</ele>
        <time>2026-09-03T06:13:18Z</time>
        <hdop>4.6</hdop>
        <extensions>
          <osmand:speed>0.8</osmand:speed>
        </extensions>
      </trkpt>
      <trkpt lat="47.2314556" lon="9.3387116">
        <ele>1388.4</ele>
        <time>2026-09-03T06:13:24Z</time>
        <hdop>4.6</hdop>
        <extensions>
          <osmand:speed>0.6</osmand:speed>
        </extensions>
      </trkpt>
      <trkpt lat="47.2314912" lon="9.3386942">
        <ele>1388.4</ele>
        <time>2026-09-03T06:13:30Z</time>
        <hdop>5.1</hdop>
        <extensions>
          <osmand:speed>0.3</osmand:speed>
        </extensions>
      </trkpt>
      <trkpt lat="47.2315145" lon="9.3387272">
        <ele>1389.4</ele>
        <time>2026-09-03T06:13:36Z</time>
        <hdop>4.6</hdop>
        <extensions>
          <osmand:speed>0.8</osmand:speed>
        </extensions>
      </trkpt>
      <trkpt lat="47.2315431" lon="9.3387678">
        <ele>1390.4</ele>
        <time>2026-09-03T06:13:42Z</time>
        <hdop>4.6</hdop>
        <extensions>
          <osmand:speed>0.6</osmand:speed>
        </extensions>
      </trkpt>
      <trkpt lat="47.2315769" lon="9.3388006">
        <ele>1391.4</ele>
        <time>2026-09-03T06:13:48Z</time>
        <hdop>5.6</hdop>
        <extensions>
          <osmand:speed>0.8</osmand:speed>
        </extensions>
      </trkpt>
      <trkpt lat="47.2316049" lon="9.3388402">
        <ele>1392.4</ele>
        <time>2026-09-03T06:13:54Z</time>
        <hdop>4.6</hdop>
        <extensions>
          <osmand:speed>0.6</osmand:speed>
        </extensions>
      </trkpt>
      <trkpt lat="47.2316382" lon="9.3388708">
        <ele>1392.4</ele>
        <time>2026-09-03T06:14:00Z</time>
        <hdop>6.6</hdop>
        <extensions>
          <osmand:speed>0.7</osmand:speed>
        </extensions>
      </trkpt>
      <trkpt lat="47.23165" lon="9.3388982">
        <ele>1393.4</ele>
        <time>2026-09-03T06:14:06Z</time>
        <hdop>4.6</hdop>
        <extensions>
          <osmand:speed>1</osmand:speed>
        </extensions>
      </trkpt>
      <trkpt lat="47.2316712" lon="9.3389102">
        <ele>1394.4</ele>
        <time>2026-09-03T06:14:13Z</time>
        <hdop>4.6</hdop>
        <extensions>
          <osmand:speed>0.6</osmand:speed>
        </extensions>
      </trkpt>
      <trkpt lat="47.2316945" lon="9.3389477">
        <ele>1396.4</ele>
        <time>2026-09-03T06:14:19Z</time>
        <hdop>4.6</hdop>
        <extensions>
          <osmand:speed>0.7</osmand:speed>
        </extensions>
      </trkpt>
      <trkpt lat="47.2317144" lon="9.3389741">
        <ele>1395.4</ele>
        <time>2026-09-03T06:14:25Z</time>
        <hdop>3.6</hdop>
      </trkpt>
      <trkpt lat="47.231753" lon="9.339006">
        <ele>1397.4</ele>
        <time>2026-09-03T06:14:31Z</time>
        <hdop>4.6</hdop>
        <extensions>
          <osmand:speed>0.6</osmand:speed>
        </extensions>
      </trkpt>
      <trkpt lat="47.2317731" lon="9.3390368">
        <ele>1398.4</ele>
        <time>2026-09-03T06:14:37Z</time>
        <hdop>5.1</hdop>
        <extensions>
          <osmand:speed>0.8</osmand:speed>
        </extensions>
      </trkpt>
      <trkpt lat="47.2317929" lon="9.339055">
        <ele>1400.4</ele>
        <time>2026-09-03T06:14:48Z</time>
        <hdop>5.1</hdop>
        <extensions>
          <osmand:speed>0.6</osmand:speed>
        </extensions>
      </trkpt>
      <trkpt lat="47.2318181" lon="9.3390696">
        <ele>1401.4</ele>
        <time>2026-09-03T06:14:54Z</time>
        <hdop>4.6</hdop>
        <extensions>
          <osmand:speed>0.6</osmand:speed>
        </extensions>
      </trkpt>
      <trkpt lat="47.2318401" lon="9.339099">
        <ele>1402.4</ele>
        <time>2026-09-03T06:15:00Z</time>
        <hdop>5.1</hdop>
        <extensions>
          <osmand:speed>0.3</osmand:speed>
        </extensions>
      </trkpt>
      <trkpt lat="47.2318606" lon="9.3391189">
        <ele>1404.4</ele>
        <time>2026-09-03T06:15:06Z</time>
        <hdop>4.6</hdop>
        <extensions>
          <osmand:speed>0.8</osmand:speed>
        </extensions>
      </trkpt>
      <trkpt lat="47.2318907" lon="9.3391433">
        <ele>1406.4</ele>
        <time>2026-09-03T06:15:12Z</time>
        <hdop>5.6</hdop>
        <extensions>
          <osmand:speed>0.7</osmand:speed>
        </extensions>
      </trkpt>
      <trkpt lat="47.2319269" lon="9.3391774">
        <ele>1408.4</ele>
        <time>2026-09-03T06:15:18Z</time>
        <hdop>5.1</hdop>
        <extensions>
          <osmand:speed>0.6</osmand:speed>
        </extensions>
      </trkpt>
      <trkpt lat="47.2319395" lon="9.3392106">
        <ele>1409.4</ele>
        <time>2026-09-03T06:15:24Z</time>
        <hdop>4.1</hdop>
        <extensions>
          <osmand:speed>0.4</osmand:speed>
        </extensions>
      </trkpt>
      <trkpt lat="47.2319587" lon="9.3392252">
        <ele>1410.4</ele>
        <time>2026-09-03T06:15:30Z</time>
        <hdop>4.6</hdop>
        <extensions>
          <osmand:speed>1</osmand:speed>
        </extensions>
      </trkpt>
      <trkpt lat="47.2319686" lon="9.3392626">
        <ele>1411.4</ele>
        <time>2026-09-03T06:15:36Z</time>
        <hdop>5.1</hdop>
        <extensions>
          <osmand:speed>0.3</osmand:speed>
        </extensions>
      </trkpt>
      <trkpt lat="47.2319789" lon="9.3393054">
        <ele>1411.4</ele>
        <time>2026-09-03T06:15:42Z</time>
        <hdop>5.1</hdop>
        <extensions>
          <osmand:speed>1</osmand:speed>
        </extensions>
      </trkpt>
      <trkpt lat="47.232003" lon="9.3393225">
        <ele>1413.4</ele>
        <time>2026-09-03T06:15:48Z</time>
        <hdop>5.6</hdop>
        <extensions>
          <osmand:speed>0.8</osmand:speed>
        </extensions>
      </trkpt>
      <trkpt lat="47.2320072" lon="9.3393717">
        <ele>1414.4</ele>
        <time>2026-09-03T06:15:54Z</time>
        <hdop>5.1</hdop>
        <extensions>
          <osmand:speed>0.5</osmand:speed>
        </extensions>
      </trkpt>
      <trkpt lat="47.232029" lon="9.339387">
        <ele>1413.4</ele>
        <time>2026-09-03T06:16:00Z</time>
        <hdop>5.6</hdop>
        <extensions>
          <osmand:speed>0.6</osmand:speed>
        </extensions>
      </trkpt>
      <trkpt lat="47.2320551" lon="9.3394074">
        <ele>1415.4</ele>
        <time>2026-09-03T06:16:06Z</time>
        <hdop>4.6</hdop>
        <extensions>
          <osmand:speed>0.6</osmand:speed>
        </extensions>
      </trkpt>
      <trkpt lat="47.2320632" lon="9.3394644">
        <ele>1415.4</ele>
        <time>2026-09-03T06:16:12Z</time>
        <hdop>5.1</hdop>
        <extensions>
          <osmand:speed>0.3</osmand:speed>
        </extensions>
      </trkpt>
      <trkpt lat="47.2320632" lon="9.3395117">
        <ele>1415.4</ele>
        <time>2026-09-03T06:16:18Z</time>
        <hdop>4.6</hdop>
        <extensions>
          <osmand:speed>0.4</osmand:speed>
        </extensions>
      </trkpt>
      <trkpt lat="47.2320726" lon="9.3395452">
        <ele>1417.4</ele>
        <time>2026-09-03T06:16:24Z</time>
        <hdop>4.6</hdop>
        <extensions>
          <osmand:speed>1.1</osmand:speed>
        </extensions>
      </trkpt>
      <trkpt lat="47.2320908" lon="9.3395478">
        <ele>1418.4</ele>
        <time>2026-09-03T06:16:33Z</time>
        <hdop>5.1</hdop>
        <extensions>
          <osmand:speed>0.4</osmand:speed>
        </extensions>
      </trkpt>
      <trkpt lat="47.2321234" lon="9.3395934">
        <ele>1419.4</ele>
        <time>2026-09-03T06:16:39Z</time>
        <hdop>4.6</hdop>
        <extensions>
          <osmand:speed>0.6</osmand:speed>
        </extensions>
      </trkpt>
      <trkpt lat="47.2321537" lon="9.3396108">
        <ele>1421.4</ele>
        <time>2026-09-03T06:16:45Z</time>
        <hdop>5.1</hdop>
        <extensions>
          <osmand:speed>0.5</osmand:speed>
        </extensions>
      </trkpt>
      <trkpt lat="47.2321605" lon="9.3396472">
        <ele>1422.4</ele>
        <time>2026-09-03T06:16:51Z</time>
        <hdop>4.1</hdop>
        <extensions>
          <osmand:speed>0.5</osmand:speed>
        </extensions>
      </trkpt>
      <trkpt lat="47.2321627" lon="9.3396867">
        <ele>1423.4</ele>
        <time>2026-09-03T06:16:57Z</time>
        <hdop>4.6</hdop>
        <extensions>
          <osmand:speed>0.4</osmand:speed>
        </extensions>
      </trkpt>
      <trkpt lat="47.2322024" lon="9.3397129">
        <ele>1424.4</ele>
        <time>2026-09-03T06:17:03Z</time>
        <hdop>4.6</hdop>
        <extensions>
          <osmand:speed>1.1</osmand:speed>
        </extensions>
      </trkpt>
      <trkpt lat="47.2321964" lon="9.3397466">
        <ele>1427.4</ele>
        <time>2026-09-03T06:17:09Z</time>
        <hdop>6.1</hdop>
        <extensions>
          <osmand:speed>0.6</osmand:speed>
        </extensions>
      </trkpt>
      <trkpt lat="47.2322281" lon="9.3398129">
        <ele>1427.4</ele>
        <time>2026-09-03T06:17:15Z</time>
        <hdop>4.6</hdop>
        <extensions>
          <osmand:speed>0.8</osmand:speed>
        </extensions>
      </trkpt>
      <trkpt lat="47.2322705" lon="9.3398177">
        <ele>1429.4</ele>
        <time>2026-09-03T06:17:21Z</time>
        <hdop>4.6</hdop>
        <extensions>
          <osmand:speed>0.6</osmand:speed>
        </extensions>
      </trkpt>
      <trkpt lat="47.2322881" lon="9.3398078">
        <ele>1428.4</ele>
        <time>2026-09-03T06:17:27Z</time>
        <hdop>6.1</hdop>
        <extensions>
          <osmand:speed>0</osmand:speed>
        </extensions>
      </trkpt>
      <trkpt lat="47.2322741" lon="9.3398331">
        <ele>1429.4</ele>
        <time>2026-09-03T06:17:33Z</time>
        <hdop>4.6</hdop>
        <extensions>
          <osmand:speed>1</osmand:speed>
        </extensions>
      </trkpt>
      <trkpt lat="47.2322705" lon="9.3398817">
        <ele>1429.4</ele>
        <time>2026-09-03T06:17:39Z</time>
        <hdop>4.6</hdop>
        <extensions>
          <osmand:speed>0.6</osmand:speed>
        </extensions>
      </trkpt>
      <trkpt lat="47.2322824" lon="9.3399288">
        <ele>1430.4</ele>
        <time>2026-09-03T06:17:45Z</time>
        <hdop>6.6</hdop>
        <extensions>
          <osmand:speed>0.3</osmand:speed>
        </extensions>
      </trkpt>
      <trkpt lat="47.2322789" lon="9.3399752">
        <ele>1430.4</ele>
        <time>2026-09-03T06:17:51Z</time>
        <hdop>5.1</hdop>
        <extensions>
          <osmand:speed>0.2</osmand:speed>
        </extensions>
      </trkpt>
      <trkpt lat="47.2323089" lon="9.3400115">
        <ele>1430.4</ele>
        <time>2026-09-03T06:17:57Z</time>
        <hdop>5.1</hdop>
        <extensions>
          <osmand:speed>0.5</osmand:speed>
        </extensions>
      </trkpt>
      <trkpt lat="47.2322902" lon="9.3400429">
        <ele>1431.4</ele>
        <time>2026-09-03T06:18:03Z</time>
        <hdop>5.6</hdop>
        <extensions>
          <osmand:speed>0.4</osmand:speed>
        </extensions>
      </trkpt>
      <trkpt lat="47.2323101" lon="9.3400466">
        <ele>1433.4</ele>
        <time>2026-09-03T06:18:09Z</time>
        <hdop>4.6</hdop>
        <extensions>
          <osmand:speed>0.5</osmand:speed>
        </extensions>
      </trkpt>
      <trkpt lat="47.2323127" lon="9.3401083">
        <ele>1433.4</ele>
        <time>2026-09-03T06:18:15Z</time>
        <hdop>4.6</hdop>
        <extensions>
          <osmand:speed>0.4</osmand:speed>
        </extensions>
      </trkpt>
      <trkpt lat="47.2323376" lon="9.3401261">
        <ele>1434.4</ele>
        <time>2026-09-03T06:18:21Z</time>
        <hdop>4.6</hdop>
        <extensions>
          <osmand:speed>0.5</osmand:speed>
        </extensions>
      </trkpt>
      <trkpt lat="47.232369" lon="9.3401577">
        <ele>1437.4</ele>
        <time>2026-09-03T06:18:27Z</time>
        <hdop>6.1</hdop>
        <extensions>
          <osmand:speed>0.8</osmand:speed>
        </extensions>
      </trkpt>
      <trkpt lat="47.2323964" lon="9.3401918">
        <ele>1437.4</ele>
        <time>2026-09-03T06:18:33Z</time>
        <hdop>4.1</hdop>
        <extensions>
          <osmand:speed>0.3</osmand:speed>
        </extensions>
      </trkpt>
      <trkpt lat="47.2323876" lon="9.3402171">
        <ele>1439.4</ele>
        <time>2026-09-03T06:18:39Z</time>
        <hdop>5.6</hdop>
        <extensions>
          <osmand:speed>0.4</osmand:speed>
        </extensions>
      </trkpt>
      <trkpt lat="47.2324052" lon="9.3402472">
        <ele>1440.4</ele>
        <time>2026-09-03T06:18:45Z</time>
        <hdop>5.6</hdop>
        <extensions>
          <osmand:speed>0.7</osmand:speed>
        </extensions>
      </trkpt>
      <trkpt lat="47.2324136" lon="9.3402965">
        <ele>1440.4</ele>
        <time>2026-09-03T06:18:51Z</time>
        <hdop>4.6</hdop>
        <extensions>
          <osmand:speed>0.4</osmand:speed>
        </extensions>
      </trkpt>
      <trkpt lat="47.232427" lon="9.3403321">
        <ele>1442.4</ele>
        <time>2026-09-03T06:18:57Z</time>
        <hdop>4.6</hdop>
        <extensions>
          <osmand:speed>0.9</osmand:speed>
        </extensions>
      </trkpt>
      <trkpt lat="47.2324296" lon="9.3403681">
        <ele>1442.4</ele>
        <time>2026-09-03T06:19:03Z</time>
        <hdop>5.1</hdop>
        <extensions>
          <osmand:speed>1.1</osmand:speed>
        </extensions>
      </trkpt>
      <trkpt lat="47.232423" lon="9.3404057">
        <ele>1443.4</ele>
        <time>2026-09-03T06:19:09Z</time>
        <hdop>5.1</hdop>
        <extensions>
          <osmand:speed>0.8</osmand:speed>
        </extensions>
      </trkpt>
      <trkpt lat="47.2324036" lon="9.3404539">
        <ele>1443.4</ele>
        <time>2026-09-03T06:19:15Z</time>
        <hdop>5.1</hdop>
        <extensions>
          <osmand:speed>0.3</osmand:speed>
        </extensions>
      </trkpt>
      <trkpt lat="47.2324434" lon="9.3404963">
        <ele>1444.4</ele>
        <time>2026-09-03T06:19:21Z</time>
        <hdop>4.6</hdop>
        <extensions>
          <osmand:speed>0.9</osmand:speed>
        </extensions>
      </trkpt>
      <trkpt lat="47.2324345" lon="9.3405451">
        <ele>1445.4</ele>
        <time>2026-09-03T06:19:27Z</time>
        <hdop>5.1</hdop>
        <extensions>
          <osmand:speed>1.1</osmand:speed>
        </extensions>
      </trkpt>
      <trkpt lat="47.2324594" lon="9.3406003">
        <ele>1446.4</ele>
        <time>2026-09-03T06:19:33Z</time>
        <hdop>5.1</hdop>
        <extensions>
          <osmand:speed>0.8</osmand:speed>
        </extensions>
      </trkpt>
      <trkpt lat="47.2324678" lon="9.340629">
        <ele>1447.4</ele>
        <time>2026-09-03T06:19:39Z</time>
        <hdop>4.6</hdop>
        <extensions>
          <osmand:speed>0.6</osmand:speed>
        </extensions>
      </trkpt>
      <trkpt lat="47.2324693" lon="9.3406707">
        <ele>1448.4</ele>
        <time>2026-09-03T06:19:45Z</time>
        <hdop>4.6</hdop>
        <extensions>
          <osmand:speed>0.4</osmand:speed>
        </extensions>
      </trkpt>
      <trkpt lat="47.2324796" lon="9.3407247">
        <ele>1450.4</ele>
        <time>2026-09-03T06:19:51Z</time>
        <hdop>5.6</hdop>
        <extensions>
          <osmand:speed>0.6</osmand:speed>
        </extensions>
      </trkpt>
      <trkpt lat="47.2325086" lon="9.3407555">
        <ele>1451.4</ele>
        <time>2026-09-03T06:19:57Z</time>
        <hdop>4.6</hdop>
        <extensions>
          <osmand:speed>0.8</osmand:speed>
        </extensions>
      </trkpt>
      <trkpt lat="47.2325426" lon="9.3407917">
        <ele>1453.4</ele>
        <time>2026-09-03T06:20:03Z</time>
        <hdop>4.6</hdop>
        <extensions>
          <osmand:speed>0.7</osmand:speed>
        </extensions>
      </trkpt>
      <trkpt lat="47.2325746" lon="9.3408125">
        <ele>1452.4</ele>
        <time>2026-09-03T06:20:09Z</time>
        <hdop>4.6</hdop>
        <extensions>
          <osmand:speed>1.2</osmand:speed>
        </extensions>
      </trkpt>
      <trkpt lat="47.2326005" lon="9.3408442">
        <ele>1454.4</ele>
        <time>2026-09-03T06:20:15Z</time>
        <hdop>4.6</hdop>
        <extensions>
          <osmand:speed>0.9</osmand:speed>
        </extensions>
      </trkpt>
      <trkpt lat="47.2326269" lon="9.3408516">
        <ele>1454.4</ele>
        <time>2026-09-03T06:20:21Z</time>
        <hdop>4.1</hdop>
        <extensions>
          <osmand:speed>0.4</osmand:speed>
        </extensions>
      </trkpt>
      <trkpt lat="47.2326601" lon="9.340893">
        <ele>1455.4</ele>
        <time>2026-09-03T06:20:27Z</time>
        <hdop>4.6</hdop>
        <extensions>
          <osmand:speed>0.5</osmand:speed>
        </extensions>
      </trkpt>
      <trkpt lat="47.232706" lon="9.3409259">
        <ele>1456.4</ele>
        <time>2026-09-03T06:20:33Z</time>
        <hdop>4.6</hdop>
        <extensions>
          <osmand:speed>0.8</osmand:speed>
        </extensions>
      </trkpt>
      <trkpt lat="47.232749" lon="9.3409708">
        <ele>1457.4</ele>
        <time>2026-09-03T06:20:39Z</time>
        <hdop>4.6</hdop>
        <extensions>
          <osmand:speed>0.7</osmand:speed>
        </extensions>
      </trkpt>
      <trkpt lat="47.2327642" lon="9.3410074">
        <ele>1458.4</ele>
        <time>2026-09-03T06:20:45Z</time>
        <hdop>4.6</hdop>
        <extensions>
          <osmand:speed>1.2</osmand:speed>
        </extensions>
      </trkpt>
      <trkpt lat="47.2327822" lon="9.3410635">
        <ele>1458.4</ele>
        <time>2026-09-03T06:20:51Z</time>
        <hdop>4.1</hdop>
        <extensions>
          <osmand:speed>1.1</osmand:speed>
        </extensions>
      </trkpt>
      <trkpt lat="47.2328085" lon="9.3411301">
        <ele>1459.4</ele>
        <time>2026-09-03T06:20:57Z</time>
        <hdop>4.6</hdop>
        <extensions>
          <osmand:speed>1.4</osmand:speed>
        </extensions>
      </trkpt>
      <trkpt lat="47.2328465" lon="9.3411791">
        <ele>1459.4</ele>
        <time>2026-09-03T06:21:03Z</time>
        <hdop>4.1</hdop>
        <extensions>
          <osmand:speed>0.8</osmand:speed>
        </extensions>
      </trkpt>
      <trkpt lat="47.2328895" lon="9.3412457">
        <ele>1460.4</ele>
        <time>2026-09-03T06:21:09Z</time>
        <hdop>4.6</hdop>
        <extensions>
          <osmand:speed>1.1</osmand:speed>
        </extensions>
      </trkpt>
      <trkpt lat="47.23294" lon="9.3413049">
        <ele>1460.4</ele>
        <time>2026-09-03T06:21:15Z</time>
        <hdop>4.1</hdop>
        <extensions>
          <osmand:speed>0.9</osmand:speed>
        </extensions>
      </trkpt>
      <trkpt lat="47.2329847" lon="9.3413319">
        <ele>1461.4</ele>
        <time>2026-09-03T06:21:21Z</time>
        <hdop>5.1</hdop>
        <extensions>
          <osmand:speed>0.6</osmand:speed>
        </extensions>
      </trkpt>
      <trkpt lat="47.2330367" lon="9.3413521">
        <ele>1463.4</ele>
        <time>2026-09-03T06:21:27Z</time>
        <hdop>6.1</hdop>
        <extensions>
          <osmand:speed>0.9</osmand:speed>
        </extensions>
      </trkpt>
      <trkpt lat="47.233073" lon="9.3413836">
        <ele>1464.4</ele>
        <time>2026-09-03T06:21:33Z</time>
        <hdop>5.6</hdop>
        <extensions>
          <osmand:speed>1.3</osmand:speed>
        </extensions>
      </trkpt>
      <trkpt lat="47.2331141" lon="9.3414215">
        <ele>1465.4</ele>
        <time>2026-09-03T06:21:39Z</time>
        <hdop>5.1</hdop>
        <extensions>
          <osmand:speed>1</osmand:speed>
        </extensions>
      </trkpt>
      <trkpt lat="47.2331513" lon="9.3414538">
        <ele>1466.4</ele>
        <time>2026-09-03T06:21:45Z</time>
        <hdop>4.1</hdop>
        <extensions>
          <osmand:speed>1.1</osmand:speed>
        </extensions>
      </trkpt>
      <trkpt lat="47.2331953" lon="9.3414866">
        <ele>1465.4</ele>
        <time>2026-09-03T06:21:51Z</time>
        <hdop>5.1</hdop>
        <extensions>
          <osmand:speed>1.5</osmand:speed>
        </extensions>
      </trkpt>
      <trkpt lat="47.2332518" lon="9.3415054">
        <ele>1465.4</ele>
        <time>2026-09-03T06:21:57Z</time>
        <hdop>5.1</hdop>
        <extensions>
          <osmand:speed>1.7</osmand:speed>
        </extensions>
      </trkpt>
      <trkpt lat="47.2333092" lon="9.3414907">
        <ele>1467.4</ele>
        <time>2026-09-03T06:22:03Z</time>
        <hdop>4.1</hdop>
        <extensions>
          <osmand:speed>1.3</osmand:speed>
        </extensions>
      </trkpt>
      <trkpt lat="47.2333543" lon="9.3414919">
        <ele>1469.4</ele>
        <time>2026-09-03T06:22:09Z</time>
        <hdop>4.6</hdop>
        <extensions>
          <osmand:speed>0.8</osmand:speed>
        </extensions>
      </trkpt>
      <trkpt lat="47.2334017" lon="9.3414759">
        <ele>1471.4</ele>
        <time>2026-09-03T06:22:15Z</time>
        <hdop>3.6</hdop>
        <extensions>
          <osmand:speed>1.2</osmand:speed>
        </extensions>
      </trkpt>
      <trkpt lat="47.2334732" lon="9.3414633">
        <ele>1472.4</ele>
        <time>2026-09-03T06:22:21Z</time>
        <hdop>5.6</hdop>
        <extensions>
          <osmand:speed>1.4</osmand:speed>
        </extensions>
      </trkpt>
      <trkpt lat="47.2335364" lon="9.3414442">
        <ele>1472.4</ele>
        <time>2026-09-03T06:22:27Z</time>
        <hdop>5.1</hdop>
        <extensions>
          <osmand:speed>1.4</osmand:speed>
        </extensions>
      </trkpt>
      <trkpt lat="47.2336178" lon="9.3414303">
        <ele>1472.4</ele>
        <time>2026-09-03T06:22:33Z</time>
        <hdop>5.1</hdop>
        <extensions>
          <osmand:speed>1.4</osmand:speed>
        </extensions>
      </trkpt>
      <trkpt lat="47.2336896" lon="9.3414054">
        <ele>1471.4</ele>
        <time>2026-09-03T06:22:39Z</time>
        <hdop>5.1</hdop>
        <extensions>
          <osmand:speed>1.2</osmand:speed>
        </extensions>
      </trkpt>
      <trkpt lat="47.2337596" lon="9.3413862">
        <ele>1471.4</ele>
        <time>2026-09-03T06:22:45Z</time>
        <hdop>4.6</hdop>
        <extensions>
          <osmand:speed>1.5</osmand:speed>
        </extensions>
      </trkpt>
      <trkpt lat="47.233816" lon="9.3413477">
        <ele>1470.4</ele>
        <time>2026-09-03T06:22:51Z</time>
        <hdop>5.1</hdop>
        <extensions>
          <osmand:speed>0.7</osmand:speed>
        </extensions>
      </trkpt>
      <trkpt lat="47.2338287" lon="9.3413105">
        <ele>1470.4</ele>
        <time>2026-09-03T06:23:05Z</time>
        <hdop>4.6</hdop>
        <extensions>
          <osmand:speed>1.3</osmand:speed>
        </extensions>
      </trkpt>
      <trkpt lat="47.2338516" lon="9.3412384">
        <ele>1470.4</ele>
        <time>2026-09-03T06:23:11Z</time>
        <hdop>5.1</hdop>
        <extensions>
          <osmand:speed>1.2</osmand:speed>
        </extensions>
      </trkpt>
      <trkpt lat="47.2338482" lon="9.341135">
        <ele>1470.4</ele>
        <time>2026-09-03T06:23:17Z</time>
        <hdop>4.6</hdop>
        <extensions>
          <osmand:speed>1.1</osmand:speed>
        </extensions>
      </trkpt>
      <trkpt lat="47.2338282" lon="9.341021">
        <ele>1471.4</ele>
        <time>2026-09-03T06:23:23Z</time>
        <hdop>5.1</hdop>
        <extensions>
          <osmand:speed>1.2</osmand:speed>
        </extensions>
      </trkpt>
      <trkpt lat="47.233786" lon="9.3409375">
        <ele>1473.4</ele>
        <time>2026-09-03T06:23:29Z</time>
        <hdop>4.1</hdop>
        <extensions>
          <osmand:speed>1.3</osmand:speed>
        </extensions>
      </trkpt>
      <trkpt lat="47.2337654" lon="9.3408362">
        <ele>1474.4</ele>
        <time>2026-09-03T06:23:35Z</time>
        <hdop>4.6</hdop>
        <extensions>
          <osmand:speed>1.2</osmand:speed>
        </extensions>
      </trkpt>
      <trkpt lat="47.2337529" lon="9.3407411">
        <ele>1472.4</ele>
        <time>2026-09-03T06:23:41Z</time>
        <hdop>4.1</hdop>
        <extensions>
          <osmand:speed>1.5</osmand:speed>
        </extensions>
      </trkpt>
      <trkpt lat="47.2337379" lon="9.3406312">
        <ele>1472.4</ele>
        <time>2026-09-03T06:23:47Z</time>
        <hdop>4.1</hdop>
        <extensions>
          <osmand:speed>1.6</osmand:speed>
        </extensions>
      </trkpt>
      <trkpt lat="47.2337227" lon="9.3405176">
        <ele>1472.4</ele>
        <time>2026-09-03T06:23:53Z</time>
        <hdop>4.1</hdop>
        <extensions>
          <osmand:speed>1.2</osmand:speed>
        </extensions>
      </trkpt>
      <trkpt lat="47.2337027" lon="9.340417">
        <ele>1472.4</ele>
        <time>2026-09-03T06:23:59Z</time>
        <hdop>4.1</hdop>
        <extensions>
          <osmand:speed>1.4</osmand:speed>
        </extensions>
      </trkpt>
      <trkpt lat="47.2336905" lon="9.3403132">
        <ele>1472.4</ele>
        <time>2026-09-03T06:24:05Z</time>
        <hdop>4.6</hdop>
        <extensions>
          <osmand:speed>1.2</osmand:speed>
        </extensions>
      </trkpt>
      <trkpt lat="47.2336735" lon="9.3401985">
        <ele>1472.4</ele>
        <time>2026-09-03T06:24:11Z</time>
        <hdop>4.6</hdop>
        <extensions>
          <osmand:speed>1.3</osmand:speed>
        </extensions>
      </trkpt>
      <trkpt lat="47.2336679" lon="9.3400894">
        <ele>1473.4</ele>
        <time>2026-09-03T06:24:17Z</time>
        <hdop>4.1</hdop>
        <extensions>
          <osmand:speed>1.4</osmand:speed>
        </extensions>
      </trkpt>
      <trkpt lat="47.2336591" lon="9.3399841">
        <ele>1472.4</ele>
        <time>2026-09-03T06:24:23Z</time>
        <hdop>5.1</hdop>
        <extensions>
          <osmand:speed>1.4</osmand:speed>
        </extensions>
      </trkpt>
      <trkpt lat="47.2336469" lon="9.3398981">
        <ele>1472.4</ele>
        <time>2026-09-03T06:24:29Z</time>
        <hdop>4.6</hdop>
        <extensions>
          <osmand:speed>1.2</osmand:speed>
        </extensions>
      </trkpt>
      <trkpt lat="47.2336412" lon="9.3397867">
        <ele>1472.4</ele>
        <time>2026-09-03T06:24:35Z</time>
        <hdop>4.1</hdop>
        <extensions>
          <osmand:speed>1</osmand:speed>
        </extensions>
      </trkpt>
      <trkpt lat="47.2336179" lon="9.339677">
        <ele>1472.4</ele>
        <time>2026-09-03T06:24:41Z</time>
        <hdop>4.1</hdop>
        <extensions>
          <osmand:speed>1.4</osmand:speed>
        </extensions>
      </trkpt>
      <trkpt lat="47.2336052" lon="9.3396014">
        <ele>1471.4</ele>
        <time>2026-09-03T06:24:47Z</time>
        <hdop>4.6</hdop>
        <extensions>
          <osmand:speed>0.8</osmand:speed>
        </extensions>
      </trkpt>
      <trkpt lat="47.2335917" lon="9.3395608">
        <ele>1468.4</ele>
        <time>2026-09-03T06:25:04Z</time>
        <hdop>4.1</hdop>
        <extensions>
          <osmand:speed>1.4</osmand:speed>
        </extensions>
      </trkpt>
      <trkpt lat="47.2335643" lon="9.3394489">
        <ele>1469.4</ele>
        <time>2026-09-03T06:25:10Z</time>
        <hdop>4.6</hdop>
        <extensions>
          <osmand:speed>1.1</osmand:speed>
        </extensions>
      </trkpt>
      <trkpt lat="47.2335445" lon="9.3393509">
        <ele>1469.4</ele>
        <time>2026-09-03T06:25:16Z</time>
        <hdop>7.1</hdop>
        <extensions>
          <osmand:speed>1.1</osmand:speed>
        </extensions>
      </trkpt>
      <trkpt lat="47.2335264" lon="9.3392772">
        <ele>1469.4</ele>
        <time>2026-09-03T06:25:22Z</time>
        <hdop>6.6</hdop>
        <extensions>
          <osmand:speed>1.4</osmand:speed>
        </extensions>
      </trkpt>
      <trkpt lat="47.2335247" lon="9.3391686">
        <ele>1469.4</ele>
        <time>2026-09-03T06:25:28Z</time>
        <hdop>5.1</hdop>
        <extensions>
          <osmand:speed>1.2</osmand:speed>
        </extensions>
      </trkpt>
      <trkpt lat="47.2335096" lon="9.3390447">
        <ele>1469.4</ele>
        <time>2026-09-03T06:25:34Z</time>
        <hdop>4.6</hdop>
        <extensions>
          <osmand:speed>1.5</osmand:speed>
        </extensions>
      </trkpt>
      <trkpt lat="47.2334969" lon="9.3389381">
        <ele>1470.4</ele>
        <time>2026-09-03T06:25:40Z</time>
        <hdop>4.1</hdop>
        <extensions>
          <osmand:speed>1.4</osmand:speed>
        </extensions>
      </trkpt>
      <trkpt lat="47.233493" lon="9.3388175">
        <ele>1470.4</ele>
        <time>2026-09-03T06:25:46Z</time>
        <hdop>4.1</hdop>
        <extensions>
          <osmand:speed>1.2</osmand:speed>
        </extensions>
      </trkpt>
      <trkpt lat="47.2334838" lon="9.3387296">
        <ele>1470.4</ele>
        <time>2026-09-03T06:25:52Z</time>
        <hdop>4.1</hdop>
        <extensions>
          <osmand:speed>1.2</osmand:speed>
        </extensions>
      </trkpt>
      <trkpt lat="47.2334819" lon="9.338612">
        <ele>1469.4</ele>
        <time>2026-09-03T06:25:58Z</time>
        <hdop>4.1</hdop>
        <extensions>
          <osmand:speed>1.4</osmand:speed>
        </extensions>
      </trkpt>
      <trkpt lat="47.2334847" lon="9.3384971">
        <ele>1469.4</ele>
        <time>2026-09-03T06:26:04Z</time>
        <hdop>3.6</hdop>
        <extensions>
          <osmand:speed>1.1</osmand:speed>
        </extensions>
      </trkpt>
      <trkpt lat="47.2334874" lon="9.3383974">
        <ele>1468.4</ele>
        <time>2026-09-03T06:26:10Z</time>
        <hdop>4.1</hdop>
        <extensions>
          <osmand:speed>1.1</osmand:speed>
        </extensions>
      </trkpt>
      <trkpt lat="47.2334755" lon="9.3382828">
        <ele>1468.4</ele>
        <time>2026-09-03T06:26:16Z</time>
        <hdop>4.6</hdop>
        <extensions>
          <osmand:speed>1.1</osmand:speed>
        </extensions>
      </trkpt>
      <trkpt lat="47.2334587" lon="9.3381765">
        <ele>1469.4</ele>
        <time>2026-09-03T06:26:22Z</time>
        <hdop>4.1</hdop>
        <extensions>
          <osmand:speed>1.3</osmand:speed>
        </extensions>
      </trkpt>
      <trkpt lat="47.2334465" lon="9.3380785">
        <ele>1469.4</ele>
        <time>2026-09-03T06:26:28Z</time>
        <hdop>4.1</hdop>
        <extensions>
          <osmand:speed>1.4</osmand:speed>
        </extensions>
      </trkpt>
      <trkpt lat="47.2334425" lon="9.3379661">
        <ele>1468.4</ele>
        <time>2026-09-03T06:26:34Z</time>
        <hdop>4.1</hdop>
        <extensions>
          <osmand:speed>1.3</osmand:speed>
        </extensions>
      </trkpt>
      <trkpt lat="47.2334239" lon="9.3378693">
        <ele>1469.4</ele>
        <time>2026-09-03T06:26:40Z</time>
        <hdop>4.1</hdop>
        <extensions>
          <osmand:speed>1.3</osmand:speed>
        </extensions>
      </trkpt>
      <trkpt lat="47.2334248" lon="9.3377612">
        <ele>1468.4</ele>
        <time>2026-09-03T06:26:46Z</time>
        <hdop>4.1</hdop>
        <extensions>
          <osmand:speed>1.6</osmand:speed>
        </extensions>
      </trkpt>
      <trkpt lat="47.2334215" lon="9.3376607">
        <ele>1468.4</ele>
        <time>2026-09-03T06:26:52Z</time>
        <hdop>4.1</hdop>
        <extensions>
          <osmand:speed>1.3</osmand:speed>
        </extensions>
      </trkpt>
      <trkpt lat="47.2334358" lon="9.3375584">
        <ele>1468.4</ele>
        <time>2026-09-03T06:26:58Z</time>
        <hdop>4.6</hdop>
        <extensions>
          <osmand:speed>1</osmand:speed>
        </extensions>
      </trkpt>
      <trkpt lat="47.2334389" lon="9.3374877">
        <ele>1467.4</ele>
        <time>2026-09-03T06:27:04Z</time>
        <hdop>4.1</hdop>
        <extensions>
          <osmand:speed>0.1</osmand:speed>
        </extensions>
      </trkpt>
      <trkpt lat="47.2334472" lon="9.3374527">
        <ele>1467.4</ele>
        <time>2026-09-03T06:27:12Z</time>
        <hdop>3.1</hdop>
        <extensions>
          <osmand:speed>0.9</osmand:speed>
        </extensions>
      </trkpt>
      <trkpt lat="47.2334521" lon="9.3373442">
        <ele>1468.4</ele>
        <time>2026-09-03T06:27:18Z</time>
        <hdop>4.1</hdop>
        <extensions>
          <osmand:speed>1.1</osmand:speed>
        </extensions>
      </trkpt>
      <trkpt lat="47.233454" lon="9.3372443">
        <ele>1468.4</ele>
        <time>2026-09-03T06:27:24Z</time>
        <hdop>4.1</hdop>
        <extensions>
          <osmand:speed>1.4</osmand:speed>
        </extensions>
      </trkpt>
      <trkpt lat="47.2334705" lon="9.3371243">
        <ele>1469.4</ele>
        <time>2026-09-03T06:27:30Z</time>
        <hdop>3.1</hdop>
        <extensions>
          <osmand:speed>1.3</osmand:speed>
        </extensions>
      </trkpt>
      <trkpt lat="47.2335169" lon="9.3370344">
        <ele>1468.4</ele>
        <time>2026-09-03T06:27:36Z</time>
        <hdop>3.6</hdop>
        <extensions>
          <osmand:speed>1.4</osmand:speed>
        </extensions>
      </trkpt>
      <trkpt lat="47.2335621" lon="9.3369416">
        <ele>1469.4</ele>
        <time>2026-09-03T06:27:42Z</time>
        <hdop>4.6</hdop>
        <extensions>
          <osmand:speed>1.8</osmand:speed>
        </extensions>
      </trkpt>
      <trkpt lat="47.2336062" lon="9.3368758">
        <ele>1468.4</ele>
        <time>2026-09-03T06:27:48Z</time>
        <hdop>4.6</hdop>
        <extensions>
          <osmand:speed>1.2</osmand:speed>
        </extensions>
      </trkpt>
      <trkpt lat="47.2336584" lon="9.3368024">
        <ele>1468.4</ele>
        <time>2026-09-03T06:27:54Z</time>
        <hdop>5.1</hdop>
        <extensions>
          <osmand:speed>0.9</osmand:speed>
        </extensions>
      </trkpt>
      <trkpt lat="47.2337181" lon="9.3367681">
        <ele>1468.4</ele>
        <time>2026-09-03T06:28:00Z</time>
        <hdop>5.1</hdop>
        <extensions>
          <osmand:speed>1.1</osmand:speed>
        </extensions>
      </trkpt>
      <trkpt lat="47.2337684" lon="9.3367709">
        <ele>1468.4</ele>
        <time>2026-09-03T06:28:06Z</time>
        <hdop>5.1</hdop>
        <extensions>
          <osmand:speed>0.4</osmand:speed>
        </extensions>
      </trkpt>
      <trkpt lat="47.2338028" lon="9.3367645">
        <ele>1469.4</ele>
        <time>2026-09-03T06:28:12Z</time>
        <hdop>4.6</hdop>
        <extensions>
          <osmand:speed>0.4</osmand:speed>
        </extensions>
      </trkpt>
      <trkpt lat="47.2338253" lon="9.3367285">
        <ele>1470.4</ele>
        <time>2026-09-03T06:28:18Z</time>
        <hdop>4.6</hdop>
        <extensions>
          <osmand:speed>0.1</osmand:speed>
        </extensions>
      </trkpt>
      <trkpt lat="47.2338374" lon="9.3367026">
        <ele>1471.4</ele>
        <time>2026-09-03T06:28:24Z</time>
        <hdop>5.1</hdop>
        <extensions>
          <osmand:speed>1.1</osmand:speed>
        </extensions>
      </trkpt>
      <trkpt lat="47.2338548" lon="9.3366583">
        <ele>1471.4</ele>
        <time>2026-09-03T06:28:30Z</time>
        <hdop>5.1</hdop>
        <extensions>
          <osmand:speed>0.7</osmand:speed>
        </extensions>
      </trkpt>
      <trkpt lat="47.2338668" lon="9.336634">
        <ele>1471.4</ele>
        <time>2026-09-03T06:28:36Z</time>
        <hdop>4.6</hdop>
        <extensions>
          <osmand:speed>0.2</osmand:speed>
        </extensions>
      </trkpt>
      <trkpt lat="47.2338773" lon="9.3366056">
        <ele>1473.4</ele>
        <time>2026-09-03T06:28:42Z</time>
        <hdop>5.1</hdop>
        <extensions>
          <osmand:speed>0.3</osmand:speed>
        </extensions>
      </trkpt>
      <trkpt lat="47.2339015" lon="9.336575">
        <ele>1474.4</ele>
        <time>2026-09-03T06:28:48Z</time>
        <hdop>5.1</hdop>
        <extensions>
          <osmand:speed>1.1</osmand:speed>
        </extensions>
      </trkpt>
      <trkpt lat="47.2339232" lon="9.3365335">
        <ele>1475.4</ele>
        <time>2026-09-03T06:28:54Z</time>
        <hdop>4.6</hdop>
        <extensions>
          <osmand:speed>0.3</osmand:speed>
        </extensions>
      </trkpt>
      <trkpt lat="47.2339375" lon="9.336506">
        <ele>1475.4</ele>
        <time>2026-09-03T06:29:00Z</time>
        <hdop>4.6</hdop>
        <extensions>
          <osmand:speed>0.1</osmand:speed>
        </extensions>
      </trkpt>
      <trkpt lat="47.233954" lon="9.3364594">
        <ele>1475.4</ele>
        <time>2026-09-03T06:29:06Z</time>
        <hdop>5.1</hdop>
        <extensions>
          <osmand:speed>0.7</osmand:speed>
        </extensions>
      </trkpt>
      <trkpt lat="47.2339578" lon="9.3364221">
        <ele>1477.4</ele>
        <time>2026-09-03T06:29:12Z</time>
        <hdop>4.6</hdop>
        <extensions>
          <osmand:speed>1</osmand:speed>
        </extensions>
      </trkpt>
      <trkpt lat="47.2339989" lon="9.3364131">
        <ele>1478.4</ele>
        <time>2026-09-03T06:29:18Z</time>
        <hdop>4.6</hdop>
        <extensions>
          <osmand:speed>0.3</osmand:speed>
        </extensions>
      </trkpt>
      <trkpt lat="47.234018" lon="9.336403">
        <ele>1479.4</ele>
        <time>2026-09-03T06:29:24Z</time>
        <hdop>6.1</hdop>
        <extensions>
          <osmand:speed>0.6</osmand:speed>
        </extensions>
      </trkpt>
      <trkpt lat="47.2340215" lon="9.3363763">
        <ele>1479.4</ele>
        <time>2026-09-03T06:29:33Z</time>
        <hdop>4.6</hdop>
        <extensions>
          <osmand:speed>1.1</osmand:speed>
        </extensions>
      </trkpt>
      <trkpt lat="47.234051" lon="9.3363712">
        <ele>1479.4</ele>
        <time>2026-09-03T06:29:39Z</time>
        <hdop>4.6</hdop>
        <extensions>
          <osmand:speed>0.6</osmand:speed>
        </extensions>
      </trkpt>
      <trkpt lat="47.2340783" lon="9.3363627">
        <ele>1480.4</ele>
        <time>2026-09-03T06:29:45Z</time>
        <hdop>4.6</hdop>
        <extensions>
          <osmand:speed>0.2</osmand:speed>
        </extensions>
      </trkpt>
      <trkpt lat="47.2341179" lon="9.3363386">
        <ele>1480.4</ele>
        <time>2026-09-03T06:29:51Z</time>
        <hdop>5.1</hdop>
        <extensions>
          <osmand:speed>1.2</osmand:speed>
        </extensions>
      </trkpt>
      <trkpt lat="47.234147" lon="9.3363146">
        <ele>1482.4</ele>
        <time>2026-09-03T06:29:57Z</time>
        <hdop>4.1</hdop>
        <extensions>
          <osmand:speed>0.6</osmand:speed>
        </extensions>
      </trkpt>
      <trkpt lat="47.2341789" lon="9.3362725">
        <ele>1483.4</ele>
        <time>2026-09-03T06:30:03Z</time>
        <hdop>4.1</hdop>
        <extensions>
          <osmand:speed>0.2</osmand:speed>
        </extensions>
      </trkpt>
      <trkpt lat="47.2342114" lon="9.3362408">
        <ele>1484.4</ele>
        <time>2026-09-03T06:30:09Z</time>
        <hdop>5.1</hdop>
        <extensions>
          <osmand:speed>0.3</osmand:speed>
        </extensions>
      </trkpt>
      <trkpt lat="47.2342358" lon="9.336231">
        <ele>1485.4</ele>
        <time>2026-09-03T06:30:15Z</time>
        <hdop>4.1</hdop>
        <extensions>
          <osmand:speed>0.4</osmand:speed>
        </extensions>
      </trkpt>
      <trkpt lat="47.2342647" lon="9.3362064">
        <ele>1484.4</ele>
        <time>2026-09-03T06:30:21Z</time>
        <hdop>5.1</hdop>
        <extensions>
          <osmand:speed>0.2</osmand:speed>
        </extensions>
      </trkpt>
      <trkpt lat="47.2343003" lon="9.3361591">
        <ele>1485.4</ele>
        <time>2026-09-03T06:30:27Z</time>
        <hdop>5.1</hdop>
        <extensions>
          <osmand:speed>1</osmand:speed>
        </extensions>
      </trkpt>
      <trkpt lat="47.2343343" lon="9.3361211">
        <ele>1488.4</ele>
        <time>2026-09-03T06:30:33Z</time>
        <hdop>5.1</hdop>
        <extensions>
          <osmand:speed>0.8</osmand:speed>
        </extensions>
      </trkpt>
      <trkpt lat="47.2343913" lon="9.3360894">
        <ele>1489.4</ele>
        <time>2026-09-03T06:30:39Z</time>
        <hdop>5.1</hdop>
        <extensions>
          <osmand:speed>1.1</osmand:speed>
        </extensions>
      </trkpt>
      <trkpt lat="47.2344432" lon="9.3360464">
        <ele>1490.4</ele>
        <time>2026-09-03T06:30:45Z</time>
        <hdop>5.1</hdop>
        <extensions>
          <osmand:speed>1.1</osmand:speed>
        </extensions>
      </trkpt>
      <trkpt lat="47.2344887" lon="9.3360032">
        <ele>1491.4</ele>
        <time>2026-09-03T06:30:51Z</time>
        <hdop>5.1</hdop>
        <extensions>
          <osmand:speed>1</osmand:speed>
        </extensions>
      </trkpt>
      <trkpt lat="47.2345227" lon="9.3359622">
        <ele>1492.4</ele>
        <time>2026-09-03T06:30:57Z</time>
        <hdop>4.1</hdop>
        <extensions>
          <osmand:speed>0.8</osmand:speed>
        </extensions>
      </trkpt>
      <trkpt lat="47.23456" lon="9.3359089">
        <ele>1493.4</ele>
        <time>2026-09-03T06:31:03Z</time>
        <hdop>4.1</hdop>
        <extensions>
          <osmand:speed>1</osmand:speed>
        </extensions>
      </trkpt>
      <trkpt lat="47.2345995" lon="9.3358822">
        <ele>1493.4</ele>
        <time>2026-09-03T06:31:09Z</time>
        <hdop>4.6</hdop>
        <extensions>
          <osmand:speed>1</osmand:speed>
        </extensions>
      </trkpt>
      <trkpt lat="47.2346277" lon="9.3358489">
        <ele>1494.4</ele>
        <time>2026-09-03T06:31:15Z</time>
        <hdop>4.6</hdop>
        <extensions>
          <osmand:speed>1.2</osmand:speed>
        </extensions>
      </trkpt>
      <trkpt lat="47.2346776" lon="9.335811">
        <ele>1494.4</ele>
        <time>2026-09-03T06:31:21Z</time>
        <hdop>4.1</hdop>
        <extensions>
          <osmand:speed>1</osmand:speed>
        </extensions>
      </trkpt>
      <trkpt lat="47.2347298" lon="9.3357482">
        <ele>1494.4</ele>
        <time>2026-09-03T06:31:27Z</time>
        <hdop>4.6</hdop>
        <extensions>
          <osmand:speed>0.8</osmand:speed>
        </extensions>
      </trkpt>
      <trkpt lat="47.2347784" lon="9.3356944">
        <ele>1495.4</ele>
        <time>2026-09-03T06:31:33Z</time>
        <hdop>4.1</hdop>
        <extensions>
          <osmand:speed>1.2</osmand:speed>
        </extensions>
      </trkpt>
      <trkpt lat="47.2348342" lon="9.3356436">
        <ele>1496.4</ele>
        <time>2026-09-03T06:31:39Z</time>
        <hdop>4.6</hdop>
        <extensions>
          <osmand:speed>1.1</osmand:speed>
        </extensions>
      </trkpt>
      <trkpt lat="47.2348805" lon="9.3356114">
        <ele>1497.4</ele>
        <time>2026-09-03T06:31:45Z</time>
        <hdop>4.1</hdop>
        <extensions>
          <osmand:speed>1.1</osmand:speed>
        </extensions>
      </trkpt>
      <trkpt lat="47.2349342" lon="9.3355769">
        <ele>1497.4</ele>
        <time>2026-09-03T06:31:51Z</time>
        <hdop>4.1</hdop>
        <extensions>
          <osmand:speed>1.3</osmand:speed>
        </extensions>
      </trkpt>
      <trkpt lat="47.2349901" lon="9.3355186">
        <ele>1497.4</ele>
        <time>2026-09-03T06:31:57Z</time>
        <hdop>4.1</hdop>
        <extensions>
          <osmand:speed>1</osmand:speed>
        </extensions>
      </trkpt>
      <trkpt lat="47.2350281" lon="9.3355019">
        <ele>1496.4</ele>
        <time>2026-09-03T06:32:03Z</time>
        <hdop>4.6</hdop>
        <extensions>
          <osmand:speed>0.2</osmand:speed>
        </extensions>
      </trkpt>
      <trkpt lat="47.235053" lon="9.3354892">
        <ele>1496.4</ele>
        <time>2026-09-03T06:32:09Z</time>
        <hdop>4.1</hdop>
        <extensions>
          <osmand:speed>1.2</osmand:speed>
        </extensions>
      </trkpt>
      <trkpt lat="47.2350992" lon="9.3354535">
        <ele>1495.4</ele>
        <time>2026-09-03T06:32:15Z</time>
        <hdop>4.1</hdop>
        <extensions>
          <osmand:speed>1.4</osmand:speed>
        </extensions>
      </trkpt>
      <trkpt lat="47.2351527" lon="9.3354505">
        <ele>1494.4</ele>
        <time>2026-09-03T06:32:21Z</time>
        <hdop>5.1</hdop>
        <extensions>
          <osmand:speed>0.6</osmand:speed>
        </extensions>
      </trkpt>
      <trkpt lat="47.2351887" lon="9.3354509">
        <ele>1494.4</ele>
        <time>2026-09-03T06:32:27Z</time>
        <hdop>7.7</hdop>
        <extensions>
          <osmand:speed>0.1</osmand:speed>
        </extensions>
      </trkpt>
      <trkpt lat="47.2352248" lon="9.3354286">
        <ele>1494.4</ele>
        <time>2026-09-03T06:32:33Z</time>
        <hdop>3.6</hdop>
        <extensions>
          <osmand:speed>1.3</osmand:speed>
        </extensions>
      </trkpt>
      <trkpt lat="47.2352619" lon="9.3354219">
        <ele>1494.4</ele>
        <time>2026-09-03T06:32:39Z</time>
        <hdop>4.6</hdop>
        <extensions>
          <osmand:speed>0.7</osmand:speed>
        </extensions>
      </trkpt>
      <trkpt lat="47.2353086" lon="9.3353882">
        <ele>1495.4</ele>
        <time>2026-09-03T06:32:45Z</time>
        <hdop>5.1</hdop>
        <extensions>
          <osmand:speed>0.5</osmand:speed>
        </extensions>
      </trkpt>
      <trkpt lat="47.2353487" lon="9.3353817">
        <ele>1496.4</ele>
        <time>2026-09-03T06:32:51Z</time>
        <hdop>5.1</hdop>
        <extensions>
          <osmand:speed>0.8</osmand:speed>
        </extensions>
      </trkpt>
      <trkpt lat="47.2354001" lon="9.3353662">
        <ele>1497.4</ele>
        <time>2026-09-03T06:32:57Z</time>
        <hdop>5.1</hdop>
        <extensions>
          <osmand:speed>0.8</osmand:speed>
        </extensions>
      </trkpt>
      <trkpt lat="47.2354348" lon="9.3353729">
        <ele>1499.4</ele>
        <time>2026-09-03T06:33:03Z</time>
        <hdop>5.1</hdop>
        <extensions>
          <osmand:speed>1.3</osmand:speed>
        </extensions>
      </trkpt>
      <trkpt lat="47.2354552" lon="9.3353858">
        <ele>1500.4</ele>
        <time>2026-09-03T06:33:09Z</time>
        <hdop>4.6</hdop>
        <extensions>
          <osmand:speed>0.4</osmand:speed>
        </extensions>
      </trkpt>
      <trkpt lat="47.235479" lon="9.3353879">
        <ele>1500.4</ele>
        <time>2026-09-03T06:33:15Z</time>
        <hdop>5.1</hdop>
        <extensions>
          <osmand:speed>0.8</osmand:speed>
        </extensions>
      </trkpt>
      <trkpt lat="47.2354771" lon="9.3353607">
        <ele>1501.4</ele>
        <time>2026-09-03T06:34:23Z</time>
        <hdop>6.1</hdop>
        <extensions>
          <osmand:speed>0.1</osmand:speed>
        </extensions>
      </trkpt>
      <trkpt lat="47.2354729" lon="9.3354361">
        <ele>1502.4</ele>
        <time>2026-09-03T06:34:35Z</time>
        <hdop>11.7</hdop>
        <extensions>
          <osmand:speed>0.9</osmand:speed>
        </extensions>
      </trkpt>
      <trkpt lat="47.2354783" lon="9.3354096">
        <ele>1505.4</ele>
        <time>2026-09-03T06:34:49Z</time>
        <hdop>5.6</hdop>
      </trkpt>
      <trkpt lat="47.235473" lon="9.3353747">
        <ele>1506.4</ele>
        <time>2026-09-03T06:34:55Z</time>
        <hdop>4.6</hdop>
      </trkpt>
      <trkpt lat="47.2357111" lon="9.3354711">
        <ele>1510.4</ele>
        <time>2026-09-03T06:36:30Z</time>
        <hdop>12.8</hdop>
        <extensions>
          <osmand:speed>0.5</osmand:speed>
        </extensions>
      </trkpt>
      <trkpt lat="47.2357534" lon="9.335498">
        <ele>1510.4</ele>
        <time>2026-09-03T06:36:36Z</time>
        <hdop>14.3</hdop>
        <extensions>
          <osmand:speed>1.2</osmand:speed>
        </extensions>
      </trkpt>
      <trkpt lat="47.2357852" lon="9.3354989">
        <ele>1511.4</ele>
        <time>2026-09-03T06:36:42Z</time>
        <hdop>14.8</hdop>
        <extensions>
          <osmand:speed>0.6</osmand:speed>
        </extensions>
      </trkpt>
      <trkpt lat="47.2358078" lon="9.3354944">
        <ele>1512.4</ele>
        <time>2026-09-03T06:36:48Z</time>
        <hdop>12.8</hdop>
        <extensions>
          <osmand:speed>1.1</osmand:speed>
        </extensions>
      </trkpt>
      <trkpt lat="47.2358267" lon="9.3354568">
        <ele>1513.4</ele>
        <time>2026-09-03T06:36:54Z</time>
        <hdop>11.7</hdop>
        <extensions>
          <osmand:speed>0.4</osmand:speed>
        </extensions>
      </trkpt>
      <trkpt lat="47.2358634" lon="9.3354536">
        <ele>1513.4</ele>
        <time>2026-09-03T06:37:00Z</time>
        <hdop>14.3</hdop>
        <extensions>
          <osmand:speed>0.6</osmand:speed>
        </extensions>
      </trkpt>
      <trkpt lat="47.2358853" lon="9.335448">
        <ele>1514.4</ele>
        <time>2026-09-03T06:37:06Z</time>
        <hdop>13.3</hdop>
        <extensions>
          <osmand:speed>1.2</osmand:speed>
        </extensions>
      </trkpt>
      <trkpt lat="47.235889" lon="9.3354037">
        <ele>1518.4</ele>
        <time>2026-09-03T06:37:12Z</time>
        <hdop>12.8</hdop>
        <extensions>
          <osmand:speed>1</osmand:speed>
        </extensions>
      </trkpt>
      <trkpt lat="47.2359051" lon="9.3354249">
        <ele>1519.4</ele>
        <time>2026-09-03T06:37:18Z</time>
        <hdop>12.8</hdop>
        <extensions>
          <osmand:speed>0.3</osmand:speed>
        </extensions>
      </trkpt>
      <trkpt lat="47.2359366" lon="9.3354176">
        <ele>1519.4</ele>
        <time>2026-09-03T06:37:24Z</time>
        <hdop>12.8</hdop>
        <extensions>
          <osmand:speed>0.8</osmand:speed>
        </extensions>
      </trkpt>
      <trkpt lat="47.2359556" lon="9.3354125">
        <ele>1520.4</ele>
        <time>2026-09-03T06:37:31Z</time>
        <hdop>14.8</hdop>
        <extensions>
          <osmand:speed>0.7</osmand:speed>
        </extensions>
      </trkpt>
      <trkpt lat="47.2359746" lon="9.3353939">
        <ele>1521.4</ele>
        <time>2026-09-03T06:37:37Z</time>
        <hdop>13.3</hdop>
        <extensions>
          <osmand:speed>0.4</osmand:speed>
        </extensions>
      </trkpt>
      <trkpt lat="47.23597" lon="9.3354787">
        <ele>1520.4</ele>
        <time>2026-09-03T06:37:45Z</time>
        <hdop>14.3</hdop>
        <extensions>
          <osmand:speed>0.4</osmand:speed>
        </extensions>
      </trkpt>
      <trkpt lat="47.2359792" lon="9.3355065">
        <ele>1521.4</ele>
        <time>2026-09-03T06:37:56Z</time>
        <hdop>14.8</hdop>
        <extensions>
          <osmand:speed>0.6</osmand:speed>
        </extensions>
      </trkpt>
      <trkpt lat="47.2360238" lon="9.3354941">
        <ele>1521.4</ele>
        <time>2026-09-03T06:38:03Z</time>
        <hdop>13.3</hdop>
        <extensions>
          <osmand:speed>0.9</osmand:speed>
        </extensions>
      </trkpt>
      <trkpt lat="47.2360401" lon="9.3354773">
        <ele>1523.4</ele>
        <time>2026-09-03T06:38:15Z</time>
        <hdop>13.8</hdop>
        <extensions>
          <osmand:speed>1.7</osmand:speed>
        </extensions>
      </trkpt>
      <trkpt lat="47.2360597" lon="9.3355311">
        <ele>1524.4</ele>
        <time>2026-09-03T06:38:22Z</time>
        <hdop>14.3</hdop>
        <extensions>
          <osmand:speed>0.4</osmand:speed>
        </extensions>
      </trkpt>
      <trkpt lat="47.2360838" lon="9.3355263">
        <ele>1525.4</ele>
        <time>2026-09-03T06:38:28Z</time>
        <hdop>13.8</hdop>
        <extensions>
          <osmand:speed>0.6</osmand:speed>
        </extensions>
      </trkpt>
      <trkpt lat="47.2361161" lon="9.3355479">
        <ele>1525.4</ele>
        <time>2026-09-03T06:38:34Z</time>
        <hdop>11.7</hdop>
        <extensions>
          <osmand:speed>0.6</osmand:speed>
        </extensions>
      </trkpt>
      <trkpt lat="47.2361446" lon="9.3355605">
        <ele>1526.4</ele>
        <time>2026-09-03T06:38:40Z</time>
        <hdop>12.2</hdop>
        <extensions>
          <osmand:speed>0.6</osmand:speed>
        </extensions>
      </trkpt>
      <trkpt lat="47.2361516" lon="9.3355353">
        <ele>1528.4</ele>
        <time>2026-09-03T06:38:48Z</time>
        <hdop>12.8</hdop>
        <extensions>
          <osmand:speed>0.9</osmand:speed>
        </extensions>
      </trkpt>
      <trkpt lat="47.2361678" lon="9.3355488">
        <ele>1530.4</ele>
        <time>2026-09-03T06:38:54Z</time>
        <hdop>14.8</hdop>
        <extensions>
          <osmand:speed>0.6</osmand:speed>
        </extensions>
      </trkpt>
      <trkpt lat="47.2361872" lon="9.3355463">
        <ele>1531.4</ele>
        <time>2026-09-03T06:39:01Z</time>
        <hdop>12.2</hdop>
        <extensions>
          <osmand:speed>0.5</osmand:speed>
        </extensions>
      </trkpt>
      <trkpt lat="47.2361949" lon="9.3355167">
        <ele>1533.4</ele>
        <time>2026-09-03T06:39:07Z</time>
        <hdop>11.2</hdop>
        <extensions>
          <osmand:speed>0.7</osmand:speed>
        </extensions>
      </trkpt>
      <trkpt lat="47.2362158" lon="9.3355175">
        <ele>1533.4</ele>
        <time>2026-09-03T06:39:14Z</time>
        <hdop>12.8</hdop>
        <extensions>
          <osmand:speed>0.6</osmand:speed>
        </extensions>
      </trkpt>
      <trkpt lat="47.2362543" lon="9.3355024">
        <ele>1534.4</ele>
        <time>2026-09-03T06:39:20Z</time>
        <hdop>12.2</hdop>
        <extensions>
          <osmand:speed>0.6</osmand:speed>
        </extensions>
      </trkpt>
      <trkpt lat="47.2362774" lon="9.3354993">
        <ele>1538.4</ele>
        <time>2026-09-03T06:39:30Z</time>
        <hdop>11.7</hdop>
        <extensions>
          <osmand:speed>0.6</osmand:speed>
        </extensions>
      </trkpt>
      <trkpt lat="47.2362991" lon="9.335482">
        <ele>1539.4</ele>
        <time>2026-09-03T06:39:36Z</time>
        <hdop>11.7</hdop>
        <extensions>
          <osmand:speed>0.5</osmand:speed>
        </extensions>
      </trkpt>
      <trkpt lat="47.2363168" lon="9.3354879">
        <ele>1537.4</ele>
        <time>2026-09-03T06:39:47Z</time>
        <hdop>12.2</hdop>
        <extensions>
          <osmand:speed>0.3</osmand:speed>
        </extensions>
      </trkpt>
      <trkpt lat="47.2363569" lon="9.3355192">
        <ele>1538.4</ele>
        <time>2026-09-03T06:39:54Z</time>
        <hdop>11.7</hdop>
        <extensions>
          <osmand:speed>0.2</osmand:speed>
        </extensions>
      </trkpt>
      <trkpt lat="47.2363837" lon="9.3355122">
        <ele>1539.4</ele>
        <time>2026-09-03T06:40:00Z</time>
        <hdop>14.3</hdop>
        <extensions>
          <osmand:speed>0.5</osmand:speed>
        </extensions>
      </trkpt>
      <trkpt lat="47.2363551" lon="9.3355609">
        <ele>1540.4</ele>
        <time>2026-09-03T06:40:06Z</time>
        <hdop>12.2</hdop>
        <extensions>
          <osmand:speed>0.8</osmand:speed>
        </extensions>
      </trkpt>
      <trkpt lat="47.2363337" lon="9.3355742">
        <ele>1539.4</ele>
        <time>2026-09-03T06:40:13Z</time>
        <hdop>14.8</hdop>
        <extensions>
          <osmand:speed>0.4</osmand:speed>
        </extensions>
      </trkpt>
      <trkpt lat="47.2363362" lon="9.3356187">
        <ele>1538.4</ele>
        <time>2026-09-03T06:40:19Z</time>
        <hdop>13.8</hdop>
        <extensions>
          <osmand:speed>0.1</osmand:speed>
        </extensions>
      </trkpt>
      <trkpt lat="47.236345" lon="9.3356529">
        <ele>1539.4</ele>
        <time>2026-09-03T06:40:27Z</time>
        <hdop>12.8</hdop>
        <extensions>
          <osmand:speed>0.3</osmand:speed>
        </extensions>
      </trkpt>
      <trkpt lat="47.2363722" lon="9.3356436">
        <ele>1542.4</ele>
        <time>2026-09-03T06:40:33Z</time>
        <hdop>12.2</hdop>
        <extensions>
          <osmand:speed>0.8</osmand:speed>
        </extensions>
      </trkpt>
      <trkpt lat="47.2363974" lon="9.3356379">
        <ele>1544.4</ele>
        <time>2026-09-03T06:40:39Z</time>
        <hdop>13.3</hdop>
        <extensions>
          <osmand:speed>0.4</osmand:speed>
        </extensions>
      </trkpt>
      <trkpt lat="47.2364378" lon="9.3356665">
        <ele>1544.4</ele>
        <time>2026-09-03T06:40:46Z</time>
        <hdop>11.2</hdop>
        <extensions>
          <osmand:speed>0.4</osmand:speed>
        </extensions>
      </trkpt>
      <trkpt lat="47.2364283" lon="9.3356439">
        <ele>1548.4</ele>
        <time>2026-09-03T06:40:54Z</time>
        <hdop>14.8</hdop>
        <extensions>
          <osmand:speed>0.1</osmand:speed>
        </extensions>
      </trkpt>
      <trkpt lat="47.2364473" lon="9.335626">
        <ele>1550.4</ele>
        <time>2026-09-03T06:41:00Z</time>
        <hdop>9.2</hdop>
        <extensions>
          <osmand:speed>0.5</osmand:speed>
        </extensions>
      </trkpt>
      <trkpt lat="47.2364879" lon="9.335671">
        <ele>1550.4</ele>
        <time>2026-09-03T06:41:06Z</time>
        <hdop>13.3</hdop>
        <extensions>
          <osmand:speed>0.7</osmand:speed>
        </extensions>
      </trkpt>
      <trkpt lat="47.2365245" lon="9.3356695">
        <ele>1550.4</ele>
        <time>2026-09-03T06:41:15Z</time>
        <hdop>14.3</hdop>
        <extensions>
          <osmand:speed>0.7</osmand:speed>
        </extensions>
      </trkpt>
      <trkpt lat="47.2365596" lon="9.3356881">
        <ele>1550.4</ele>
        <time>2026-09-03T06:41:23Z</time>
        <hdop>13.8</hdop>
        <extensions>
          <osmand:speed>0.6</osmand:speed>
        </extensions>
      </trkpt>
      <trkpt lat="47.2365837" lon="9.3356916">
        <ele>1550.4</ele>
        <time>2026-09-03T06:41:30Z</time>
        <hdop>14.8</hdop>
        <extensions>
          <osmand:speed>0.7</osmand:speed>
        </extensions>
      </trkpt>
      <trkpt lat="47.2365954" lon="9.3357251">
        <ele>1550.4</ele>
        <time>2026-09-03T06:41:37Z</time>
        <hdop>12.2</hdop>
        <extensions>
          <osmand:speed>0.9</osmand:speed>
        </extensions>
      </trkpt>
      <trkpt lat="47.2366317" lon="9.3357604">
        <ele>1550.4</ele>
        <time>2026-09-03T06:41:43Z</time>
        <hdop>12.8</hdop>
        <extensions>
          <osmand:speed>0.5</osmand:speed>
        </extensions>
      </trkpt>
      <trkpt lat="47.2366482" lon="9.3357753">
        <ele>1551.4</ele>
        <time>2026-09-03T06:41:53Z</time>
        <hdop>14.3</hdop>
        <extensions>
          <osmand:speed>0.7</osmand:speed>
        </extensions>
      </trkpt>
      <trkpt lat="47.2366975" lon="9.3357721">
        <ele>1552.4</ele>
        <time>2026-09-03T06:42:04Z</time>
        <hdop>13.3</hdop>
        <extensions>
          <osmand:speed>0</osmand:speed>
        </extensions>
      </trkpt>
      <trkpt lat="47.2367361" lon="9.335744">
        <ele>1552.4</ele>
        <time>2026-09-03T06:42:10Z</time>
        <hdop>14.3</hdop>
        <extensions>
          <osmand:speed>1.4</osmand:speed>
        </extensions>
      </trkpt>
      <trkpt lat="47.2367515" lon="9.3357822">
        <ele>1552.4</ele>
        <time>2026-09-03T06:42:16Z</time>
        <hdop>11.7</hdop>
        <extensions>
          <osmand:speed>0.6</osmand:speed>
        </extensions>
      </trkpt>
      <trkpt lat="47.2367828" lon="9.3357806">
        <ele>1552.4</ele>
        <time>2026-09-03T06:42:22Z</time>
        <hdop>13.8</hdop>
        <extensions>
          <osmand:speed>1.4</osmand:speed>
        </extensions>
      </trkpt>
      <trkpt lat="47.2368277" lon="9.3357596">
        <ele>1554.4</ele>
        <time>2026-09-03T06:42:28Z</time>
        <hdop>14.3</hdop>
        <extensions>
          <osmand:speed>1</osmand:speed>
        </extensions>
      </trkpt>
      <trkpt lat="47.2368604" lon="9.3357581">
        <ele>1557.4</ele>
        <time>2026-09-03T06:42:34Z</time>
        <hdop>14.3</hdop>
        <extensions>
          <osmand:speed>0.9</osmand:speed>
        </extensions>
      </trkpt>
      <trkpt lat="47.2368867" lon="9.3357633">
        <ele>1558.4</ele>
        <time>2026-09-03T06:42:40Z</time>
        <hdop>13.8</hdop>
        <extensions>
          <osmand:speed>0.9</osmand:speed>
        </extensions>
      </trkpt>
      <trkpt lat="47.2369178" lon="9.3357845">
        <ele>1560.4</ele>
        <time>2026-09-03T06:42:46Z</time>
        <hdop>14.8</hdop>
        <extensions>
          <osmand:speed>0.8</osmand:speed>
        </extensions>
      </trkpt>
      <trkpt lat="47.2369596" lon="9.3357903">
        <ele>1561.4</ele>
        <time>2026-09-03T06:42:52Z</time>
        <hdop>13.8</hdop>
        <extensions>
          <osmand:speed>0.1</osmand:speed>
        </extensions>
      </trkpt>
      <trkpt lat="47.236972" lon="9.3358171">
        <ele>1560.4</ele>
        <time>2026-09-03T06:42:59Z</time>
        <hdop>12.2</hdop>
        <extensions>
          <osmand:speed>0.9</osmand:speed>
        </extensions>
      </trkpt>
      <trkpt lat="47.2370115" lon="9.3358227">
        <ele>1561.4</ele>
        <time>2026-09-03T06:43:05Z</time>
        <hdop>12.8</hdop>
        <extensions>
          <osmand:speed>0.5</osmand:speed>
        </extensions>
      </trkpt>
      <trkpt lat="47.2370435" lon="9.3358686">
        <ele>1563.4</ele>
        <time>2026-09-03T06:43:11Z</time>
        <hdop>12.2</hdop>
        <extensions>
          <osmand:speed>1.2</osmand:speed>
        </extensions>
      </trkpt>
      <trkpt lat="47.2370416" lon="9.3359174">
        <ele>1564.4</ele>
        <time>2026-09-03T06:43:18Z</time>
        <hdop>13.8</hdop>
        <extensions>
          <osmand:speed>1</osmand:speed>
        </extensions>
      </trkpt>
      <trkpt lat="47.2370806" lon="9.3359355">
        <ele>1564.4</ele>
        <time>2026-09-03T06:43:24Z</time>
        <hdop>12.2</hdop>
        <extensions>
          <osmand:speed>0.4</osmand:speed>
        </extensions>
      </trkpt>
      <trkpt lat="47.2371119" lon="9.3359556">
        <ele>1565.4</ele>
        <time>2026-09-03T06:43:30Z</time>
        <hdop>11.2</hdop>
        <extensions>
          <osmand:speed>0.7</osmand:speed>
        </extensions>
      </trkpt>
      <trkpt lat="47.2371287" lon="9.3359741">
        <ele>1567.4</ele>
        <time>2026-09-03T06:43:38Z</time>
        <hdop>11.7</hdop>
        <extensions>
          <osmand:speed>0.7</osmand:speed>
        </extensions>
      </trkpt>
      <trkpt lat="47.2371677" lon="9.3359856">
        <ele>1568.4</ele>
        <time>2026-09-03T06:43:44Z</time>
        <hdop>10.7</hdop>
        <extensions>
          <osmand:speed>0.7</osmand:speed>
        </extensions>
      </trkpt>
      <trkpt lat="47.2371858" lon="9.3360077">
        <ele>1568.4</ele>
        <time>2026-09-03T06:43:53Z</time>
        <hdop>11.2</hdop>
        <extensions>
          <osmand:speed>0.9</osmand:speed>
        </extensions>
      </trkpt>
      <trkpt lat="47.2372037" lon="9.3360035">
        <ele>1571.4</ele>
        <time>2026-09-03T06:43:59Z</time>
        <hdop>12.2</hdop>
        <extensions>
          <osmand:speed>0.5</osmand:speed>
        </extensions>
      </trkpt>
      <trkpt lat="47.2372053" lon="9.3359753">
        <ele>1573.4</ele>
        <time>2026-09-03T06:44:05Z</time>
        <hdop>10.2</hdop>
        <extensions>
          <osmand:speed>0.4</osmand:speed>
        </extensions>
      </trkpt>
      <trkpt lat="47.2372123" lon="9.3360022">
        <ele>1573.4</ele>
        <time>2026-09-03T06:44:11Z</time>
        <hdop>10.7</hdop>
        <extensions>
          <osmand:speed>0.3</osmand:speed>
        </extensions>
      </trkpt>
      <trkpt lat="47.2372201" lon="9.3360368">
        <ele>1573.4</ele>
        <time>2026-09-03T06:44:18Z</time>
        <hdop>8.7</hdop>
        <extensions>
          <osmand:speed>0.1</osmand:speed>
        </extensions>
      </trkpt>
      <trkpt lat="47.2372451" lon="9.3360435">
        <ele>1573.4</ele>
        <time>2026-09-03T06:44:41Z</time>
        <hdop>11.2</hdop>
        <extensions>
          <osmand:speed>0.9</osmand:speed>
        </extensions>
      </trkpt>
      <trkpt lat="47.2372658" lon="9.3360295">
        <ele>1576.4</ele>
        <time>2026-09-03T06:44:51Z</time>
        <hdop>8.2</hdop>
        <extensions>
          <osmand:speed>0.7</osmand:speed>
        </extensions>
      </trkpt>
      <trkpt lat="47.2372895" lon="9.3360571">
        <ele>1577.4</ele>
        <time>2026-09-03T06:44:57Z</time>
        <hdop>11.2</hdop>
        <extensions>
          <osmand:speed>0.9</osmand:speed>
        </extensions>
      </trkpt>
      <trkpt lat="47.237302" lon="9.336118">
        <ele>1577.4</ele>
        <time>2026-09-03T06:45:03Z</time>
        <hdop>12.2</hdop>
        <extensions>
          <osmand:speed>0.3</osmand:speed>
        </extensions>
      </trkpt>
      <trkpt lat="47.2372828" lon="9.3361362">
        <ele>1578.4</ele>
        <time>2026-09-03T06:45:10Z</time>
        <hdop>13.3</hdop>
        <extensions>
          <osmand:speed>0.5</osmand:speed>
        </extensions>
      </trkpt>
      <trkpt lat="47.2373012" lon="9.3361495">
        <ele>1581.4</ele>
        <time>2026-09-03T06:45:18Z</time>
        <hdop>13.8</hdop>
        <extensions>
          <osmand:speed>0.7</osmand:speed>
        </extensions>
      </trkpt>
      <trkpt lat="47.2373283" lon="9.3361299">
        <ele>1582.4</ele>
        <time>2026-09-03T06:45:24Z</time>
        <hdop>12.2</hdop>
        <extensions>
          <osmand:speed>0.6</osmand:speed>
        </extensions>
      </trkpt>
      <trkpt lat="47.2373607" lon="9.3361636">
        <ele>1583.4</ele>
        <time>2026-09-03T06:45:30Z</time>
        <hdop>9.7</hdop>
        <extensions>
          <osmand:speed>0.6</osmand:speed>
        </extensions>
      </trkpt>
      <trkpt lat="47.2373723" lon="9.3361181">
        <ele>1586.4</ele>
        <time>2026-09-03T06:45:36Z</time>
        <hdop>10.7</hdop>
        <extensions>
          <osmand:speed>0.9</osmand:speed>
        </extensions>
      </trkpt>
      <trkpt lat="47.2374139" lon="9.3361197">
        <ele>1585.4</ele>
        <time>2026-09-03T06:45:42Z</time>
        <hdop>10.7</hdop>
        <extensions>
          <osmand:speed>0.6</osmand:speed>
        </extensions>
      </trkpt>
      <trkpt lat="47.2374333" lon="9.3361311">
        <ele>1584.4</ele>
        <time>2026-09-03T06:45:48Z</time>
        <hdop>11.2</hdop>
        <extensions>
          <osmand:speed>0.7</osmand:speed>
        </extensions>
      </trkpt>
      <trkpt lat="47.2374495" lon="9.3361731">
        <ele>1586.4</ele>
        <time>2026-09-03T06:45:54Z</time>
        <hdop>11.2</hdop>
        <extensions>
          <osmand:speed>0.3</osmand:speed>
        </extensions>
      </trkpt>
      <trkpt lat="47.2374751" lon="9.3361846">
        <ele>1588.4</ele>
        <time>2026-09-03T06:46:04Z</time>
        <hdop>12.8</hdop>
        <extensions>
          <osmand:speed>0.6</osmand:speed>
        </extensions>
      </trkpt>
      <trkpt lat="47.2374991" lon="9.3361977">
        <ele>1590.4</ele>
        <time>2026-09-03T06:46:12Z</time>
        <hdop>11.2</hdop>
        <extensions>
          <osmand:speed>0.5</osmand:speed>
        </extensions>
      </trkpt>
      <trkpt lat="47.2375258" lon="9.3361941">
        <ele>1591.4</ele>
        <time>2026-09-03T06:46:18Z</time>
        <hdop>9.2</hdop>
        <extensions>
          <osmand:speed>0.1</osmand:speed>
        </extensions>
      </trkpt>
      <trkpt lat="47.2375602" lon="9.3361815">
        <ele>1592.4</ele>
        <time>2026-09-03T06:46:24Z</time>
        <hdop>11.2</hdop>
        <extensions>
          <osmand:speed>0.8</osmand:speed>
        </extensions>
      </trkpt>
      <trkpt lat="47.237577" lon="9.3362027">
        <ele>1594.4</ele>
        <time>2026-09-03T06:46:30Z</time>
        <hdop>9.2</hdop>
        <extensions>
          <osmand:speed>0.4</osmand:speed>
        </extensions>
      </trkpt>
      <trkpt lat="47.237566" lon="9.3362351">
        <ele>1594.4</ele>
        <time>2026-09-03T06:46:36Z</time>
        <hdop>12.2</hdop>
        <extensions>
          <osmand:speed>0.9</osmand:speed>
        </extensions>
      </trkpt>
      <trkpt lat="47.23759" lon="9.3362139">
        <ele>1596.4</ele>
        <time>2026-09-03T06:46:42Z</time>
        <hdop>9.7</hdop>
        <extensions>
          <osmand:speed>0.1</osmand:speed>
        </extensions>
      </trkpt>
      <trkpt lat="47.2376112" lon="9.3362139">
        <ele>1597.4</ele>
        <time>2026-09-03T06:46:56Z</time>
        <hdop>11.7</hdop>
        <extensions>
          <osmand:speed>0.6</osmand:speed>
        </extensions>
      </trkpt>
      <trkpt lat="47.2376351" lon="9.3361861">
        <ele>1598.4</ele>
        <time>2026-09-03T06:47:02Z</time>
        <hdop>9.7</hdop>
        <extensions>
          <osmand:speed>0.9</osmand:speed>
        </extensions>
      </trkpt>
      <trkpt lat="47.2376537" lon="9.3361987">
        <ele>1596.4</ele>
        <time>2026-09-03T06:47:08Z</time>
        <hdop>11.2</hdop>
        <extensions>
          <osmand:speed>0.7</osmand:speed>
        </extensions>
      </trkpt>
      <trkpt lat="47.2376839" lon="9.3362021">
        <ele>1597.4</ele>
        <time>2026-09-03T06:47:15Z</time>
        <hdop>11.2</hdop>
        <extensions>
          <osmand:speed>1</osmand:speed>
        </extensions>
      </trkpt>
      <trkpt lat="47.2377142" lon="9.3362356">
        <ele>1599.4</ele>
        <time>2026-09-03T06:47:21Z</time>
        <hdop>10.7</hdop>
        <extensions>
          <osmand:speed>0.6</osmand:speed>
        </extensions>
      </trkpt>
      <trkpt lat="47.2377282" lon="9.3362098">
        <ele>1602.4</ele>
        <time>2026-09-03T06:47:27Z</time>
        <hdop>10.2</hdop>
        <extensions>
          <osmand:speed>0.2</osmand:speed>
        </extensions>
      </trkpt>
      <trkpt lat="47.2377485" lon="9.3362115">
        <ele>1603.4</ele>
        <time>2026-09-03T06:47:51Z</time>
        <hdop>8.7</hdop>
        <extensions>
          <osmand:speed>0.7</osmand:speed>
        </extensions>
      </trkpt>
      <trkpt lat="47.2377666" lon="9.3362143">
        <ele>1604.4</ele>
        <time>2026-09-03T06:47:57Z</time>
        <hdop>9.7</hdop>
        <extensions>
          <osmand:speed>0.6</osmand:speed>
        </extensions>
      </trkpt>
      <trkpt lat="47.2377914" lon="9.336197">
        <ele>1603.4</ele>
        <time>2026-09-03T06:48:03Z</time>
        <hdop>9.2</hdop>
        <extensions>
          <osmand:speed>0.9</osmand:speed>
        </extensions>
      </trkpt>
      <trkpt lat="47.2378225" lon="9.3361893">
        <ele>1603.4</ele>
        <time>2026-09-03T06:48:09Z</time>
        <hdop>10.2</hdop>
        <extensions>
          <osmand:speed>0.3</osmand:speed>
        </extensions>
      </trkpt>
      <trkpt lat="47.2378399" lon="9.3361711">
        <ele>1604.4</ele>
        <time>2026-09-03T06:48:15Z</time>
        <hdop>10.7</hdop>
        <extensions>
          <osmand:speed>0.6</osmand:speed>
        </extensions>
      </trkpt>
      <trkpt lat="47.2378668" lon="9.3361657">
        <ele>1605.4</ele>
        <time>2026-09-03T06:48:21Z</time>
        <hdop>10.7</hdop>
        <extensions>
          <osmand:speed>0.2</osmand:speed>
        </extensions>
      </trkpt>
      <trkpt lat="47.237893" lon="9.3361963">
        <ele>1604.4</ele>
        <time>2026-09-03T06:48:27Z</time>
        <hdop>11.2</hdop>
        <extensions>
          <osmand:speed>0.6</osmand:speed>
        </extensions>
      </trkpt>
      <trkpt lat="47.2379039" lon="9.3362533">
        <ele>1605.4</ele>
        <time>2026-09-03T06:48:33Z</time>
        <hdop>9.7</hdop>
        <extensions>
          <osmand:speed>0.8</osmand:speed>
        </extensions>
      </trkpt>
      <trkpt lat="47.2379094" lon="9.3362797">
        <ele>1606.4</ele>
        <time>2026-09-03T06:48:39Z</time>
        <hdop>11.7</hdop>
        <extensions>
          <osmand:speed>0.6</osmand:speed>
        </extensions>
      </trkpt>
      <trkpt lat="47.2379357" lon="9.3362868">
        <ele>1609.4</ele>
        <time>2026-09-03T06:48:45Z</time>
        <hdop>10.2</hdop>
        <extensions>
          <osmand:speed>0.4</osmand:speed>
        </extensions>
      </trkpt>
      <trkpt lat="47.2379531" lon="9.3362777">
        <ele>1610.4</ele>
        <time>2026-09-03T06:48:51Z</time>
        <hdop>6.6</hdop>
      </trkpt>
      <trkpt lat="47.2379655" lon="9.3362529">
        <ele>1611.4</ele>
        <time>2026-09-03T06:48:57Z</time>
        <hdop>7.1</hdop>
        <extensions>
          <osmand:speed>0.6</osmand:speed>
        </extensions>
      </trkpt>
      <trkpt lat="47.2379988" lon="9.3362308">
        <ele>1613.4</ele>
        <time>2026-09-03T06:49:03Z</time>
        <hdop>10.7</hdop>
        <extensions>
          <osmand:speed>0.7</osmand:speed>
        </extensions>
      </trkpt>
      <trkpt lat="47.238032" lon="9.3362105">
        <ele>1614.4</ele>
        <time>2026-09-03T06:49:09Z</time>
        <hdop>11.2</hdop>
        <extensions>
          <osmand:speed>0.8</osmand:speed>
        </extensions>
      </trkpt>
      <trkpt lat="47.2380517" lon="9.3361309">
        <ele>1614.4</ele>
        <time>2026-09-03T06:49:15Z</time>
        <hdop>11.7</hdop>
        <extensions>
          <osmand:speed>1.1</osmand:speed>
        </extensions>
      </trkpt>
      <trkpt lat="47.2380783" lon="9.3360749">
        <ele>1613.4</ele>
        <time>2026-09-03T06:49:21Z</time>
        <hdop>11.2</hdop>
        <extensions>
          <osmand:speed>0.8</osmand:speed>
        </extensions>
      </trkpt>
      <trkpt lat="47.2381096" lon="9.3360856">
        <ele>1614.4</ele>
        <time>2026-09-03T06:49:27Z</time>
        <hdop>11.2</hdop>
        <extensions>
          <osmand:speed>0.8</osmand:speed>
        </extensions>
      </trkpt>
      <trkpt lat="47.2381319" lon="9.3360888">
        <ele>1614.4</ele>
        <time>2026-09-03T06:49:33Z</time>
        <hdop>10.7</hdop>
        <extensions>
          <osmand:speed>0.6</osmand:speed>
        </extensions>
      </trkpt>
      <trkpt lat="47.2381709" lon="9.3361105">
        <ele>1616.4</ele>
        <time>2026-09-03T06:49:39Z</time>
        <hdop>10.2</hdop>
        <extensions>
          <osmand:speed>0.7</osmand:speed>
        </extensions>
      </trkpt>
      <trkpt lat="47.2381895" lon="9.3361165">
        <ele>1617.4</ele>
        <time>2026-09-03T06:49:45Z</time>
        <hdop>9.7</hdop>
        <extensions>
          <osmand:speed>0.1</osmand:speed>
        </extensions>
      </trkpt>
      <trkpt lat="47.238209" lon="9.3360918">
        <ele>1618.4</ele>
        <time>2026-09-03T06:49:51Z</time>
        <hdop>10.7</hdop>
        <extensions>
          <osmand:speed>1.2</osmand:speed>
        </extensions>
      </trkpt>
      <trkpt lat="47.2382531" lon="9.3360615">
        <ele>1619.4</ele>
        <time>2026-09-03T06:49:57Z</time>
        <hdop>10.7</hdop>
        <extensions>
          <osmand:speed>1.1</osmand:speed>
        </extensions>
      </trkpt>
      <trkpt lat="47.2382716" lon="9.3360093">
        <ele>1620.4</ele>
        <time>2026-09-03T06:50:03Z</time>
        <hdop>10.7</hdop>
        <extensions>
          <osmand:speed>0.1</osmand:speed>
        </extensions>
      </trkpt>
      <trkpt lat="47.2382873" lon="9.3359765">
        <ele>1621.4</ele>
        <time>2026-09-03T06:50:10Z</time>
        <hdop>9.2</hdop>
        <extensions>
          <osmand:speed>0.8</osmand:speed>
        </extensions>
      </trkpt>
      <trkpt lat="47.2382985" lon="9.3359399">
        <ele>1621.4</ele>
        <time>2026-09-03T06:50:16Z</time>
        <hdop>9.2</hdop>
        <extensions>
          <osmand:speed>0.6</osmand:speed>
        </extensions>
      </trkpt>
      <trkpt lat="47.2383298" lon="9.3359199">
        <ele>1623.4</ele>
        <time>2026-09-03T06:50:22Z</time>
        <hdop>9.7</hdop>
        <extensions>
          <osmand:speed>0.6</osmand:speed>
        </extensions>
      </trkpt>
      <trkpt lat="47.2383191" lon="9.3358818">
        <ele>1623.4</ele>
        <time>2026-09-03T06:50:28Z</time>
        <hdop>8.7</hdop>
        <extensions>
          <osmand:speed>0.6</osmand:speed>
        </extensions>
      </trkpt>
      <trkpt lat="47.2383277" lon="9.3358344">
        <ele>1624.4</ele>
        <time>2026-09-03T06:50:34Z</time>
        <hdop>9.2</hdop>
        <extensions>
          <osmand:speed>0.8</osmand:speed>
        </extensions>
      </trkpt>
      <trkpt lat="47.2383569" lon="9.3357869">
        <ele>1626.4</ele>
        <time>2026-09-03T06:50:40Z</time>
        <hdop>8.2</hdop>
        <extensions>
          <osmand:speed>1.1</osmand:speed>
        </extensions>
      </trkpt>
      <trkpt lat="47.2383434" lon="9.3357395">
        <ele>1627.4</ele>
        <time>2026-09-03T06:50:46Z</time>
        <hdop>9.2</hdop>
        <extensions>
          <osmand:speed>0.6</osmand:speed>
        </extensions>
      </trkpt>
      <trkpt lat="47.2383717" lon="9.3356975">
        <ele>1627.4</ele>
        <time>2026-09-03T06:50:52Z</time>
        <hdop>9.7</hdop>
        <extensions>
          <osmand:speed>0.8</osmand:speed>
        </extensions>
      </trkpt>
      <trkpt lat="47.2383952" lon="9.3357008">
        <ele>1628.4</ele>
        <time>2026-09-03T06:50:58Z</time>
        <hdop>8.2</hdop>
        <extensions>
          <osmand:speed>0.6</osmand:speed>
        </extensions>
      </trkpt>
      <trkpt lat="47.2384254" lon="9.3357156">
        <ele>1629.4</ele>
        <time>2026-09-03T06:51:04Z</time>
        <hdop>9.2</hdop>
        <extensions>
          <osmand:speed>0.7</osmand:speed>
        </extensions>
      </trkpt>
      <trkpt lat="47.2384209" lon="9.3356876">
        <ele>1630.4</ele>
        <time>2026-09-03T06:51:10Z</time>
        <hdop>6.6</hdop>
        <extensions>
          <osmand:speed>0.9</osmand:speed>
        </extensions>
      </trkpt>
      <trkpt lat="47.2384249" lon="9.3356282">
        <ele>1632.4</ele>
        <time>2026-09-03T06:51:16Z</time>
        <hdop>9.2</hdop>
        <extensions>
          <osmand:speed>0.8</osmand:speed>
        </extensions>
      </trkpt>
      <trkpt lat="47.2384276" lon="9.3356009">
        <ele>1631.4</ele>
        <time>2026-09-03T06:51:23Z</time>
        <hdop>9.7</hdop>
        <extensions>
          <osmand:speed>0.6</osmand:speed>
        </extensions>
      </trkpt>
      <trkpt lat="47.238441" lon="9.3355616">
        <ele>1632.4</ele>
        <time>2026-09-03T06:51:29Z</time>
        <hdop>8.2</hdop>
        <extensions>
          <osmand:speed>0.3</osmand:speed>
        </extensions>
      </trkpt>
      <trkpt lat="47.2384284" lon="9.3355145">
        <ele>1633.4</ele>
        <time>2026-09-03T06:51:35Z</time>
        <hdop>9.2</hdop>
        <extensions>
          <osmand:speed>0.6</osmand:speed>
        </extensions>
      </trkpt>
      <trkpt lat="47.2384537" lon="9.3354761">
        <ele>1635.4</ele>
        <time>2026-09-03T06:51:41Z</time>
        <hdop>10.2</hdop>
        <extensions>
          <osmand:speed>0.8</osmand:speed>
        </extensions>
      </trkpt>
      <trkpt lat="47.2384698" lon="9.3354275">
        <ele>1638.4</ele>
        <time>2026-09-03T06:51:47Z</time>
        <hdop>8.7</hdop>
        <extensions>
          <osmand:speed>1.4</osmand:speed>
        </extensions>
      </trkpt>
      <trkpt lat="47.2384893" lon="9.3354182">
        <ele>1640.4</ele>
        <time>2026-09-03T06:51:53Z</time>
        <hdop>8.2</hdop>
        <extensions>
          <osmand:speed>0.3</osmand:speed>
        </extensions>
      </trkpt>
      <trkpt lat="47.2385112" lon="9.3353999">
        <ele>1640.4</ele>
        <time>2026-09-03T06:52:00Z</time>
        <hdop>10.2</hdop>
        <extensions>
          <osmand:speed>0.8</osmand:speed>
        </extensions>
      </trkpt>
      <trkpt lat="47.2385185" lon="9.3353662">
        <ele>1642.4</ele>
        <time>2026-09-03T06:52:07Z</time>
        <hdop>9.2</hdop>
        <extensions>
          <osmand:speed>0.6</osmand:speed>
        </extensions>
      </trkpt>
      <trkpt lat="47.2385232" lon="9.3353333">
        <ele>1642.4</ele>
        <time>2026-09-03T06:52:13Z</time>
        <hdop>8.2</hdop>
        <extensions>
          <osmand:speed>0.4</osmand:speed>
        </extensions>
      </trkpt>
      <trkpt lat="47.2385236" lon="9.3353036">
        <ele>1642.4</ele>
        <time>2026-09-03T06:52:21Z</time>
        <hdop>7.7</hdop>
        <extensions>
          <osmand:speed>0.8</osmand:speed>
        </extensions>
      </trkpt>
      <trkpt lat="47.2385113" lon="9.3352459">
        <ele>1643.4</ele>
        <time>2026-09-03T06:52:27Z</time>
        <hdop>9.7</hdop>
        <extensions>
          <osmand:speed>0.6</osmand:speed>
        </extensions>
      </trkpt>
      <trkpt lat="47.2385063" lon="9.3351847">
        <ele>1644.4</ele>
        <time>2026-09-03T06:52:33Z</time>
        <hdop>9.2</hdop>
        <extensions>
          <osmand:speed>0.8</osmand:speed>
        </extensions>
      </trkpt>
      <trkpt lat="47.2384996" lon="9.3351003">
        <ele>1645.4</ele>
        <time>2026-09-03T06:52:39Z</time>
        <hdop>8.7</hdop>
        <extensions>
          <osmand:speed>0.4</osmand:speed>
        </extensions>
      </trkpt>
      <trkpt lat="47.2385025" lon="9.3350318">
        <ele>1646.4</ele>
        <time>2026-09-03T06:52:45Z</time>
        <hdop>10.2</hdop>
        <extensions>
          <osmand:speed>0.8</osmand:speed>
        </extensions>
      </trkpt>
      <trkpt lat="47.2385035" lon="9.334965">
        <ele>1647.4</ele>
        <time>2026-09-03T06:52:51Z</time>
        <hdop>8.7</hdop>
        <extensions>
          <osmand:speed>0.6</osmand:speed>
        </extensions>
      </trkpt>
      <trkpt lat="47.2385187" lon="9.3349506">
        <ele>1647.4</ele>
        <time>2026-09-03T06:52:57Z</time>
        <hdop>7.7</hdop>
        <extensions>
          <osmand:speed>0.1</osmand:speed>
        </extensions>
      </trkpt>
      <trkpt lat="47.238541" lon="9.3349402">
        <ele>1648.4</ele>
        <time>2026-09-03T06:53:04Z</time>
        <hdop>9.2</hdop>
        <extensions>
          <osmand:speed>0.5</osmand:speed>
        </extensions>
      </trkpt>
      <trkpt lat="47.2385762" lon="9.3349189">
        <ele>1647.4</ele>
        <time>2026-09-03T06:53:10Z</time>
        <hdop>8.7</hdop>
        <extensions>
          <osmand:speed>0.6</osmand:speed>
        </extensions>
      </trkpt>
      <trkpt lat="47.2386132" lon="9.3349194">
        <ele>1647.4</ele>
        <time>2026-09-03T06:53:16Z</time>
        <hdop>8.7</hdop>
        <extensions>
          <osmand:speed>0.9</osmand:speed>
        </extensions>
      </trkpt>
      <trkpt lat="47.2386417" lon="9.3349038">
        <ele>1647.4</ele>
        <time>2026-09-03T06:53:22Z</time>
        <hdop>9.7</hdop>
        <extensions>
          <osmand:speed>0.6</osmand:speed>
        </extensions>
      </trkpt>
      <trkpt lat="47.2386682" lon="9.334936">
        <ele>1648.4</ele>
        <time>2026-09-03T06:53:28Z</time>
        <hdop>8.7</hdop>
        <extensions>
          <osmand:speed>1.9</osmand:speed>
        </extensions>
      </trkpt>
      <trkpt lat="47.2386846" lon="9.3348951">
        <ele>1650.4</ele>
        <time>2026-09-03T06:53:34Z</time>
        <hdop>11.2</hdop>
        <extensions>
          <osmand:speed>0.8</osmand:speed>
        </extensions>
      </trkpt>
      <trkpt lat="47.2387116" lon="9.3348628">
        <ele>1650.4</ele>
        <time>2026-09-03T06:53:40Z</time>
        <hdop>9.7</hdop>
        <extensions>
          <osmand:speed>0.7</osmand:speed>
        </extensions>
      </trkpt>
      <trkpt lat="47.2387176" lon="9.3348051">
        <ele>1650.4</ele>
        <time>2026-09-03T06:53:46Z</time>
        <hdop>10.2</hdop>
        <extensions>
          <osmand:speed>0.9</osmand:speed>
        </extensions>
      </trkpt>
      <trkpt lat="47.238713" lon="9.3347537">
        <ele>1651.4</ele>
        <time>2026-09-03T06:53:52Z</time>
        <hdop>10.2</hdop>
        <extensions>
          <osmand:speed>0.7</osmand:speed>
        </extensions>
      </trkpt>
      <trkpt lat="47.2386905" lon="9.3346919">
        <ele>1652.4</ele>
        <time>2026-09-03T06:53:58Z</time>
        <hdop>11.2</hdop>
        <extensions>
          <osmand:speed>0.5</osmand:speed>
        </extensions>
      </trkpt>
      <trkpt lat="47.2386659" lon="9.3346421">
        <ele>1652.4</ele>
        <time>2026-09-03T06:54:04Z</time>
        <hdop>9.7</hdop>
        <extensions>
          <osmand:speed>1.3</osmand:speed>
        </extensions>
      </trkpt>
      <trkpt lat="47.2386499" lon="9.3345994">
        <ele>1654.4</ele>
        <time>2026-09-03T06:54:10Z</time>
        <hdop>10.7</hdop>
        <extensions>
          <osmand:speed>0.6</osmand:speed>
        </extensions>
      </trkpt>
      <trkpt lat="47.2386233" lon="9.3345558">
        <ele>1655.4</ele>
        <time>2026-09-03T06:54:16Z</time>
        <hdop>7.7</hdop>
        <extensions>
          <osmand:speed>0.9</osmand:speed>
        </extensions>
      </trkpt>
      <trkpt lat="47.2385917" lon="9.3344936">
        <ele>1657.4</ele>
        <time>2026-09-03T06:54:22Z</time>
        <hdop>9.2</hdop>
        <extensions>
          <osmand:speed>1.5</osmand:speed>
        </extensions>
      </trkpt>
      <trkpt lat="47.2385668" lon="9.3343976">
        <ele>1657.4</ele>
        <time>2026-09-03T06:54:28Z</time>
        <hdop>10.7</hdop>
        <extensions>
          <osmand:speed>1.1</osmand:speed>
        </extensions>
      </trkpt>
      <trkpt lat="47.2385535" lon="9.3343019">
        <ele>1658.4</ele>
        <time>2026-09-03T06:54:34Z</time>
        <hdop>9.7</hdop>
        <extensions>
          <osmand:speed>1</osmand:speed>
        </extensions>
      </trkpt>
      <trkpt lat="47.238513" lon="9.3342307">
        <ele>1658.4</ele>
        <time>2026-09-03T06:54:40Z</time>
        <hdop>11.2</hdop>
        <extensions>
          <osmand:speed>1.5</osmand:speed>
        </extensions>
      </trkpt>
      <trkpt lat="47.2384918" lon="9.3341521">
        <ele>1659.4</ele>
        <time>2026-09-03T06:54:46Z</time>
        <hdop>11.7</hdop>
        <extensions>
          <osmand:speed>0.9</osmand:speed>
        </extensions>
      </trkpt>
      <trkpt lat="47.2384707" lon="9.3340657">
        <ele>1658.4</ele>
        <time>2026-09-03T06:54:52Z</time>
        <hdop>11.2</hdop>
        <extensions>
          <osmand:speed>1</osmand:speed>
        </extensions>
      </trkpt>
      <trkpt lat="47.2384548" lon="9.3340442">
        <ele>1658.4</ele>
        <time>2026-09-03T06:55:02Z</time>
        <hdop>7.1</hdop>
        <extensions>
          <osmand:speed>0.5</osmand:speed>
        </extensions>
      </trkpt>
      <trkpt lat="47.2384674" lon="9.3340632">
        <ele>1656.4</ele>
        <time>2026-09-03T06:55:11Z</time>
        <hdop>6.1</hdop>
        <extensions>
          <osmand:speed>0.2</osmand:speed>
        </extensions>
      </trkpt>
      <trkpt lat="47.2384596" lon="9.3339576">
        <ele>1655.4</ele>
        <time>2026-09-03T06:55:17Z</time>
        <hdop>9.2</hdop>
        <extensions>
          <osmand:speed>1.1</osmand:speed>
        </extensions>
      </trkpt>
      <trkpt lat="47.2384678" lon="9.3338751">
        <ele>1655.4</ele>
        <time>2026-09-03T06:55:23Z</time>
        <hdop>7.7</hdop>
        <extensions>
          <osmand:speed>0.9</osmand:speed>
        </extensions>
      </trkpt>
      <trkpt lat="47.2384863" lon="9.3338197">
        <ele>1656.4</ele>
        <time>2026-09-03T06:55:29Z</time>
        <hdop>9.7</hdop>
        <extensions>
          <osmand:speed>1</osmand:speed>
        </extensions>
      </trkpt>
      <trkpt lat="47.2385073" lon="9.3337627">
        <ele>1657.4</ele>
        <time>2026-09-03T06:55:35Z</time>
        <hdop>9.2</hdop>
        <extensions>
          <osmand:speed>1</osmand:speed>
        </extensions>
      </trkpt>
      <trkpt lat="47.238545" lon="9.3337156">
        <ele>1659.4</ele>
        <time>2026-09-03T06:55:41Z</time>
        <hdop>8.2</hdop>
        <extensions>
          <osmand:speed>0.7</osmand:speed>
        </extensions>
      </trkpt>
      <trkpt lat="47.2385604" lon="9.3336493">
        <ele>1659.4</ele>
        <time>2026-09-03T06:55:47Z</time>
        <hdop>8.2</hdop>
        <extensions>
          <osmand:speed>0.9</osmand:speed>
        </extensions>
      </trkpt>
      <trkpt lat="47.238555" lon="9.3335811">
        <ele>1659.4</ele>
        <time>2026-09-03T06:55:53Z</time>
        <hdop>9.7</hdop>
        <extensions>
          <osmand:speed>1.5</osmand:speed>
        </extensions>
      </trkpt>
      <trkpt lat="47.2385523" lon="9.3335188">
        <ele>1660.4</ele>
        <time>2026-09-03T06:55:59Z</time>
        <hdop>8.2</hdop>
        <extensions>
          <osmand:speed>0.9</osmand:speed>
        </extensions>
      </trkpt>
      <trkpt lat="47.2385658" lon="9.3334742">
        <ele>1661.4</ele>
        <time>2026-09-03T06:56:05Z</time>
        <hdop>10.7</hdop>
        <extensions>
          <osmand:speed>0.4</osmand:speed>
        </extensions>
      </trkpt>
      <trkpt lat="47.2385737" lon="9.3334295">
        <ele>1661.4</ele>
        <time>2026-09-03T06:56:11Z</time>
        <hdop>9.7</hdop>
        <extensions>
          <osmand:speed>0.8</osmand:speed>
        </extensions>
      </trkpt>
      <trkpt lat="47.2385902" lon="9.3333975">
        <ele>1662.4</ele>
        <time>2026-09-03T06:56:17Z</time>
        <hdop>9.2</hdop>
        <extensions>
          <osmand:speed>0.4</osmand:speed>
        </extensions>
      </trkpt>
      <trkpt lat="47.2385843" lon="9.3333463">
        <ele>1662.4</ele>
        <time>2026-09-03T06:56:23Z</time>
        <hdop>11.2</hdop>
        <extensions>
          <osmand:speed>0.9</osmand:speed>
        </extensions>
      </trkpt>
      <trkpt lat="47.2385994" lon="9.3333136">
        <ele>1663.4</ele>
        <time>2026-09-03T06:56:29Z</time>
        <hdop>8.7</hdop>
        <extensions>
          <osmand:speed>0.1</osmand:speed>
        </extensions>
      </trkpt>
      <trkpt lat="47.2386193" lon="9.3333045">
        <ele>1664.4</ele>
        <time>2026-09-03T06:56:35Z</time>
        <hdop>10.2</hdop>
        <extensions>
          <osmand:speed>0.3</osmand:speed>
        </extensions>
      </trkpt>
      <trkpt lat="47.2386216" lon="9.3332586">
        <ele>1665.4</ele>
        <time>2026-09-03T06:56:41Z</time>
        <hdop>8.7</hdop>
        <extensions>
          <osmand:speed>0.9</osmand:speed>
        </extensions>
      </trkpt>
      <trkpt lat="47.2386184" lon="9.3332133">
        <ele>1667.4</ele>
        <time>2026-09-03T06:56:47Z</time>
        <hdop>10.7</hdop>
        <extensions>
          <osmand:speed>0.1</osmand:speed>
        </extensions>
      </trkpt>
      <trkpt lat="47.2386279" lon="9.333184">
        <ele>1669.4</ele>
        <time>2026-09-03T06:57:08Z</time>
        <hdop>8.2</hdop>
        <extensions>
          <osmand:speed>0.1</osmand:speed>
        </extensions>
      </trkpt>
      <trkpt lat="47.2386289" lon="9.3331405">
        <ele>1669.4</ele>
        <time>2026-09-03T06:57:14Z</time>
        <hdop>9.2</hdop>
        <extensions>
          <osmand:speed>0.5</osmand:speed>
        </extensions>
      </trkpt>
      <trkpt lat="47.2386439" lon="9.3331048">
        <ele>1670.4</ele>
        <time>2026-09-03T06:57:20Z</time>
        <hdop>10.7</hdop>
        <extensions>
          <osmand:speed>0.7</osmand:speed>
        </extensions>
      </trkpt>
      <trkpt lat="47.2386468" lon="9.3330656">
        <ele>1670.4</ele>
        <time>2026-09-03T06:57:26Z</time>
        <hdop>9.2</hdop>
        <extensions>
          <osmand:speed>0.3</osmand:speed>
        </extensions>
      </trkpt>
      <trkpt lat="47.2386545" lon="9.3330262">
        <ele>1672.4</ele>
        <time>2026-09-03T06:57:32Z</time>
        <hdop>9.7</hdop>
        <extensions>
          <osmand:speed>0.5</osmand:speed>
        </extensions>
      </trkpt>
      <trkpt lat="47.2386825" lon="9.3329991">
        <ele>1673.4</ele>
        <time>2026-09-03T06:57:38Z</time>
        <hdop>8.7</hdop>
        <extensions>
          <osmand:speed>0.4</osmand:speed>
        </extensions>
      </trkpt>
      <trkpt lat="47.2386754" lon="9.3329545">
        <ele>1673.4</ele>
        <time>2026-09-03T06:57:44Z</time>
        <hdop>8.2</hdop>
        <extensions>
          <osmand:speed>0.5</osmand:speed>
        </extensions>
      </trkpt>
      <trkpt lat="47.2386814" lon="9.332925">
        <ele>1676.4</ele>
        <time>2026-09-03T06:57:51Z</time>
        <hdop>9.2</hdop>
        <extensions>
          <osmand:speed>0.2</osmand:speed>
        </extensions>
      </trkpt>
      <trkpt lat="47.2386714" lon="9.3328949">
        <ele>1676.4</ele>
        <time>2026-09-03T06:58:06Z</time>
        <hdop>9.2</hdop>
        <extensions>
          <osmand:speed>1</osmand:speed>
        </extensions>
      </trkpt>
      <trkpt lat="47.2386541" lon="9.3328275">
        <ele>1677.4</ele>
        <time>2026-09-03T06:58:12Z</time>
        <hdop>11.7</hdop>
        <extensions>
          <osmand:speed>0.4</osmand:speed>
        </extensions>
      </trkpt>
      <trkpt lat="47.2386434" lon="9.3327981">
        <ele>1678.4</ele>
        <time>2026-09-03T06:58:27Z</time>
        <hdop>12.2</hdop>
        <extensions>
          <osmand:speed>0.4</osmand:speed>
        </extensions>
      </trkpt>
      <trkpt lat="47.2386385" lon="9.3327438">
        <ele>1679.4</ele>
        <time>2026-09-03T06:58:33Z</time>
        <hdop>8.2</hdop>
        <extensions>
          <osmand:speed>0.9</osmand:speed>
        </extensions>
      </trkpt>
      <trkpt lat="47.2386094" lon="9.3326862">
        <ele>1680.4</ele>
        <time>2026-09-03T06:58:39Z</time>
        <hdop>8.7</hdop>
        <extensions>
          <osmand:speed>0.9</osmand:speed>
        </extensions>
      </trkpt>
      <trkpt lat="47.2386032" lon="9.3326437">
        <ele>1680.4</ele>
        <time>2026-09-03T06:58:45Z</time>
        <hdop>6.6</hdop>
        <extensions>
          <osmand:speed>0.3</osmand:speed>
        </extensions>
      </trkpt>
      <trkpt lat="47.2386234" lon="9.3326308">
        <ele>1682.4</ele>
        <time>2026-09-03T06:58:51Z</time>
        <hdop>8.2</hdop>
        <extensions>
          <osmand:speed>0.4</osmand:speed>
        </extensions>
      </trkpt>
      <trkpt lat="47.2386332" lon="9.3325591">
        <ele>1681.4</ele>
        <time>2026-09-03T06:58:57Z</time>
        <hdop>8.7</hdop>
        <extensions>
          <osmand:speed>0.3</osmand:speed>
        </extensions>
      </trkpt>
      <trkpt lat="47.2386339" lon="9.33252">
        <ele>1681.4</ele>
        <time>2026-09-03T06:59:03Z</time>
        <hdop>9.7</hdop>
        <extensions>
          <osmand:speed>0.5</osmand:speed>
        </extensions>
      </trkpt>
      <trkpt lat="47.2386365" lon="9.3324697">
        <ele>1684.4</ele>
        <time>2026-09-03T06:59:09Z</time>
        <hdop>8.2</hdop>
        <extensions>
          <osmand:speed>0.8</osmand:speed>
        </extensions>
      </trkpt>
      <trkpt lat="47.2386133" lon="9.3324113">
        <ele>1685.4</ele>
        <time>2026-09-03T06:59:15Z</time>
        <hdop>5.6</hdop>
        <extensions>
          <osmand:speed>0.9</osmand:speed>
        </extensions>
      </trkpt>
      <trkpt lat="47.2386056" lon="9.3323404">
        <ele>1686.4</ele>
        <time>2026-09-03T06:59:21Z</time>
        <hdop>7.1</hdop>
        <extensions>
          <osmand:speed>1.2</osmand:speed>
        </extensions>
      </trkpt>
      <trkpt lat="47.2386219" lon="9.3322759">
        <ele>1687.4</ele>
        <time>2026-09-03T06:59:27Z</time>
        <hdop>5.6</hdop>
        <extensions>
          <osmand:speed>1.1</osmand:speed>
        </extensions>
      </trkpt>
      <trkpt lat="47.2386361" lon="9.3322018">
        <ele>1686.4</ele>
        <time>2026-09-03T06:59:33Z</time>
        <hdop>5.1</hdop>
        <extensions>
          <osmand:speed>0.7</osmand:speed>
        </extensions>
      </trkpt>
      <trkpt lat="47.238625" lon="9.3321462">
        <ele>1687.4</ele>
        <time>2026-09-03T06:59:39Z</time>
        <hdop>4.6</hdop>
        <extensions>
          <osmand:speed>0.7</osmand:speed>
        </extensions>
      </trkpt>
      <trkpt lat="47.2386363" lon="9.3320828">
        <ele>1688.4</ele>
        <time>2026-09-03T06:59:45Z</time>
        <hdop>5.1</hdop>
        <extensions>
          <osmand:speed>1.1</osmand:speed>
        </extensions>
      </trkpt>
      <trkpt lat="47.2386502" lon="9.3320115">
        <ele>1688.4</ele>
        <time>2026-09-03T06:59:51Z</time>
        <hdop>5.1</hdop>
        <extensions>
          <osmand:speed>0.6</osmand:speed>
        </extensions>
      </trkpt>
      <trkpt lat="47.2386699" lon="9.3319452">
        <ele>1691.4</ele>
        <time>2026-09-03T06:59:57Z</time>
        <hdop>5.6</hdop>
        <extensions>
          <osmand:speed>1.2</osmand:speed>
        </extensions>
      </trkpt>
      <trkpt lat="47.23867" lon="9.3318792">
        <ele>1693.4</ele>
        <time>2026-09-03T07:00:03Z</time>
        <hdop>6.1</hdop>
        <extensions>
          <osmand:speed>0.9</osmand:speed>
        </extensions>
      </trkpt>
      <trkpt lat="47.2386954" lon="9.3318396">
        <ele>1693.4</ele>
        <time>2026-09-03T07:00:09Z</time>
        <hdop>5.1</hdop>
        <extensions>
          <osmand:speed>0.8</osmand:speed>
        </extensions>
      </trkpt>
      <trkpt lat="47.2387194" lon="9.3318082">
        <ele>1694.4</ele>
        <time>2026-09-03T07:00:15Z</time>
        <hdop>5.6</hdop>
        <extensions>
          <osmand:speed>1</osmand:speed>
        </extensions>
      </trkpt>
      <trkpt lat="47.2387533" lon="9.3317725">
        <ele>1695.4</ele>
        <time>2026-09-03T07:00:21Z</time>
        <hdop>5.1</hdop>
        <extensions>
          <osmand:speed>1.1</osmand:speed>
        </extensions>
      </trkpt>
      <trkpt lat="47.2387934" lon="9.3317176">
        <ele>1695.4</ele>
        <time>2026-09-03T07:00:27Z</time>
        <hdop>4.6</hdop>
        <extensions>
          <osmand:speed>1.1</osmand:speed>
        </extensions>
      </trkpt>
      <trkpt lat="47.2388181" lon="9.3316533">
        <ele>1697.4</ele>
        <time>2026-09-03T07:00:33Z</time>
        <hdop>5.1</hdop>
        <extensions>
          <osmand:speed>0.8</osmand:speed>
        </extensions>
      </trkpt>
      <trkpt lat="47.2388324" lon="9.3316193">
        <ele>1698.4</ele>
        <time>2026-09-03T07:00:39Z</time>
        <hdop>4.6</hdop>
        <extensions>
          <osmand:speed>0.3</osmand:speed>
        </extensions>
      </trkpt>
      <trkpt lat="47.2388561" lon="9.3316073">
        <ele>1698.4</ele>
        <time>2026-09-03T07:00:45Z</time>
        <hdop>5.1</hdop>
        <extensions>
          <osmand:speed>0.4</osmand:speed>
        </extensions>
      </trkpt>
      <trkpt lat="47.2388923" lon="9.3316389">
        <ele>1699.4</ele>
        <time>2026-09-03T07:00:51Z</time>
        <hdop>5.1</hdop>
        <extensions>
          <osmand:speed>0.6</osmand:speed>
        </extensions>
      </trkpt>
      <trkpt lat="47.2389312" lon="9.3316427">
        <ele>1701.4</ele>
        <time>2026-09-03T07:00:57Z</time>
        <hdop>5.6</hdop>
        <extensions>
          <osmand:speed>0.4</osmand:speed>
        </extensions>
      </trkpt>
      <trkpt lat="47.2389705" lon="9.3316497">
        <ele>1700.4</ele>
        <time>2026-09-03T07:01:03Z</time>
        <hdop>5.6</hdop>
        <extensions>
          <osmand:speed>1.1</osmand:speed>
        </extensions>
      </trkpt>
      <trkpt lat="47.2389896" lon="9.3316078">
        <ele>1701.4</ele>
        <time>2026-09-03T07:01:09Z</time>
        <hdop>4.6</hdop>
        <extensions>
          <osmand:speed>0.2</osmand:speed>
        </extensions>
      </trkpt>
      <trkpt lat="47.2390295" lon="9.3315964">
        <ele>1702.4</ele>
        <time>2026-09-03T07:01:15Z</time>
        <hdop>6.1</hdop>
        <extensions>
          <osmand:speed>1</osmand:speed>
        </extensions>
      </trkpt>
      <trkpt lat="47.2390499" lon="9.3315896">
        <ele>1704.4</ele>
        <time>2026-09-03T07:01:21Z</time>
        <hdop>5.6</hdop>
        <extensions>
          <osmand:speed>0.3</osmand:speed>
        </extensions>
      </trkpt>
      <trkpt lat="47.2390772" lon="9.3316171">
        <ele>1704.4</ele>
        <time>2026-09-03T07:01:27Z</time>
        <hdop>5.1</hdop>
        <extensions>
          <osmand:speed>0.3</osmand:speed>
        </extensions>
      </trkpt>
      <trkpt lat="47.2391021" lon="9.3316732">
        <ele>1706.4</ele>
        <time>2026-09-03T07:01:33Z</time>
        <hdop>5.6</hdop>
        <extensions>
          <osmand:speed>0.4</osmand:speed>
        </extensions>
      </trkpt>
      <trkpt lat="47.2391244" lon="9.3316967">
        <ele>1706.4</ele>
        <time>2026-09-03T07:01:39Z</time>
        <hdop>5.6</hdop>
        <extensions>
          <osmand:speed>0.7</osmand:speed>
        </extensions>
      </trkpt>
      <trkpt lat="47.2391287" lon="9.3317382">
        <ele>1706.4</ele>
        <time>2026-09-03T07:01:45Z</time>
        <hdop>4.6</hdop>
        <extensions>
          <osmand:speed>0.5</osmand:speed>
        </extensions>
      </trkpt>
      <trkpt lat="47.2391493" lon="9.3317709">
        <ele>1708.4</ele>
        <time>2026-09-03T07:01:51Z</time>
        <hdop>5.1</hdop>
        <extensions>
          <osmand:speed>0.5</osmand:speed>
        </extensions>
      </trkpt>
      <trkpt lat="47.2391811" lon="9.3317713">
        <ele>1707.4</ele>
        <time>2026-09-03T07:01:57Z</time>
        <hdop>7.1</hdop>
        <extensions>
          <osmand:speed>0.1</osmand:speed>
        </extensions>
      </trkpt>
      <trkpt lat="47.2392005" lon="9.3317753">
        <ele>1708.4</ele>
        <time>2026-09-03T07:02:16Z</time>
        <hdop>5.1</hdop>
        <extensions>
          <osmand:speed>0.8</osmand:speed>
        </extensions>
      </trkpt>
      <trkpt lat="47.2392443" lon="9.3317889">
        <ele>1707.4</ele>
        <time>2026-09-03T07:02:22Z</time>
        <hdop>5.6</hdop>
        <extensions>
          <osmand:speed>0.8</osmand:speed>
        </extensions>
      </trkpt>
      <trkpt lat="47.2392783" lon="9.3317827">
        <ele>1708.4</ele>
        <time>2026-09-03T07:02:28Z</time>
        <hdop>6.6</hdop>
        <extensions>
          <osmand:speed>0.4</osmand:speed>
        </extensions>
      </trkpt>
      <trkpt lat="47.2393008" lon="9.3317781">
        <ele>1710.4</ele>
        <time>2026-09-03T07:02:34Z</time>
        <hdop>4.6</hdop>
        <extensions>
          <osmand:speed>0.3</osmand:speed>
        </extensions>
      </trkpt>
      <trkpt lat="47.2393219" lon="9.3317877">
        <ele>1710.4</ele>
        <time>2026-09-03T07:02:42Z</time>
        <hdop>5.6</hdop>
        <extensions>
          <osmand:speed>0.3</osmand:speed>
        </extensions>
      </trkpt>
      <trkpt lat="47.2393453" lon="9.331797">
        <ele>1712.4</ele>
        <time>2026-09-03T07:02:48Z</time>
        <hdop>5.1</hdop>
        <extensions>
          <osmand:speed>0.5</osmand:speed>
        </extensions>
      </trkpt>
      <trkpt lat="47.2393808" lon="9.3317905">
        <ele>1714.4</ele>
        <time>2026-09-03T07:02:54Z</time>
        <hdop>5.1</hdop>
        <extensions>
          <osmand:speed>0.6</osmand:speed>
        </extensions>
      </trkpt>
      <trkpt lat="47.2394161" lon="9.3317472">
        <ele>1715.4</ele>
        <time>2026-09-03T07:03:00Z</time>
        <hdop>4.6</hdop>
        <extensions>
          <osmand:speed>0.5</osmand:speed>
        </extensions>
      </trkpt>
      <trkpt lat="47.2394452" lon="9.3317137">
        <ele>1715.4</ele>
        <time>2026-09-03T07:03:06Z</time>
        <hdop>4.6</hdop>
        <extensions>
          <osmand:speed>0.6</osmand:speed>
        </extensions>
      </trkpt>
      <trkpt lat="47.2394618" lon="9.3316716">
        <ele>1716.4</ele>
        <time>2026-09-03T07:03:12Z</time>
        <hdop>5.6</hdop>
        <extensions>
          <osmand:speed>0.6</osmand:speed>
        </extensions>
      </trkpt>
      <trkpt lat="47.2394682" lon="9.3316455">
        <ele>1717.4</ele>
        <time>2026-09-03T07:03:19Z</time>
        <hdop>4.6</hdop>
        <extensions>
          <osmand:speed>0.6</osmand:speed>
        </extensions>
      </trkpt>
      <trkpt lat="47.2394846" lon="9.3316274">
        <ele>1719.4</ele>
        <time>2026-09-03T07:03:25Z</time>
        <hdop>5.6</hdop>
        <extensions>
          <osmand:speed>0.1</osmand:speed>
        </extensions>
      </trkpt>
      <trkpt lat="47.239503" lon="9.3316368">
        <ele>1718.4</ele>
        <time>2026-09-03T07:03:31Z</time>
        <hdop>10.2</hdop>
        <extensions>
          <osmand:speed>0</osmand:speed>
        </extensions>
      </trkpt>
      <trkpt lat="47.2395062" lon="9.3316031">
        <ele>1718.4</ele>
        <time>2026-09-03T07:03:58Z</time>
        <hdop>4.6</hdop>
        <extensions>
          <osmand:speed>1.2</osmand:speed>
        </extensions>
      </trkpt>
      <trkpt lat="47.2395312" lon="9.3315841">
        <ele>1720.4</ele>
        <time>2026-09-03T07:04:04Z</time>
        <hdop>5.6</hdop>
        <extensions>
          <osmand:speed>0.5</osmand:speed>
        </extensions>
      </trkpt>
      <trkpt lat="47.2395384" lon="9.331529">
        <ele>1721.4</ele>
        <time>2026-09-03T07:04:10Z</time>
        <hdop>5.6</hdop>
        <extensions>
          <osmand:speed>0.9</osmand:speed>
        </extensions>
      </trkpt>
      <trkpt lat="47.2395452" lon="9.3315036">
        <ele>1724.4</ele>
        <time>2026-09-03T07:04:18Z</time>
        <hdop>5.6</hdop>
        <extensions>
          <osmand:speed>0.6</osmand:speed>
        </extensions>
      </trkpt>
      <trkpt lat="47.2395649" lon="9.3315036">
        <ele>1725.4</ele>
        <time>2026-09-03T07:04:24Z</time>
        <hdop>5.6</hdop>
        <extensions>
          <osmand:speed>1.1</osmand:speed>
        </extensions>
      </trkpt>
      <trkpt lat="47.2395654" lon="9.3315585">
        <ele>1726.4</ele>
        <time>2026-09-03T07:04:30Z</time>
        <hdop>9.2</hdop>
        <extensions>
          <osmand:speed>0.5</osmand:speed>
        </extensions>
      </trkpt>
      <trkpt lat="47.239573" lon="9.3315943">
        <ele>1726.4</ele>
        <time>2026-09-03T07:04:36Z</time>
        <hdop>9.7</hdop>
        <extensions>
          <osmand:speed>0.5</osmand:speed>
        </extensions>
      </trkpt>
      <trkpt lat="47.2396113" lon="9.3316517">
        <ele>1729.4</ele>
        <time>2026-09-03T07:04:42Z</time>
        <hdop>6.6</hdop>
        <extensions>
          <osmand:speed>0.8</osmand:speed>
        </extensions>
      </trkpt>
      <trkpt lat="47.2396166" lon="9.3317069">
        <ele>1730.4</ele>
        <time>2026-09-03T07:04:48Z</time>
        <hdop>7.1</hdop>
        <extensions>
          <osmand:speed>0.8</osmand:speed>
        </extensions>
      </trkpt>
      <trkpt lat="47.2396188" lon="9.3316674">
        <ele>1731.4</ele>
        <time>2026-09-03T07:04:57Z</time>
        <hdop>6.1</hdop>
        <extensions>
          <osmand:speed>0.9</osmand:speed>
        </extensions>
      </trkpt>
      <trkpt lat="47.23961" lon="9.3316232">
        <ele>1731.4</ele>
        <time>2026-09-03T07:05:03Z</time>
        <hdop>6.1</hdop>
        <extensions>
          <osmand:speed>0.5</osmand:speed>
        </extensions>
      </trkpt>
      <trkpt lat="47.2396121" lon="9.331582">
        <ele>1732.4</ele>
        <time>2026-09-03T07:05:09Z</time>
        <hdop>5.6</hdop>
        <extensions>
          <osmand:speed>0.5</osmand:speed>
        </extensions>
      </trkpt>
      <trkpt lat="47.2396082" lon="9.3315558">
        <ele>1734.4</ele>
        <time>2026-09-03T07:05:33Z</time>
        <hdop>9.2</hdop>
        <extensions>
          <osmand:speed>0.2</osmand:speed>
        </extensions>
      </trkpt>
      <trkpt lat="47.2396297" lon="9.3315698">
        <ele>1734.4</ele>
        <time>2026-09-03T07:05:39Z</time>
        <hdop>8.7</hdop>
      </trkpt>
      <trkpt lat="47.2396325" lon="9.3315302">
        <ele>1735.4</ele>
        <time>2026-09-03T07:06:51Z</time>
        <hdop>10.7</hdop>
        <extensions>
          <osmand:speed>3.6</osmand:speed>
        </extensions>
      </trkpt>
      <trkpt lat="47.2396202" lon="9.331567">
        <ele>1735.4</ele>
        <time>2026-09-03T07:06:57Z</time>
        <hdop>4.6</hdop>
      </trkpt>
      <trkpt lat="47.2396322" lon="9.3315386">
        <ele>1735.4</ele>
        <time>2026-09-03T07:07:36Z</time>
        <hdop>6.1</hdop>
        <extensions>
          <osmand:speed>0.6</osmand:speed>
        </extensions>
      </trkpt>
      <trkpt lat="47.2396618" lon="9.3315236">
        <ele>1726.4</ele>
        <time>2026-09-03T07:07:51Z</time>
        <hdop>14.8</hdop>
        <extensions>
          <osmand:speed>0.1</osmand:speed>
        </extensions>
      </trkpt>
      <trkpt lat="47.2396813" lon="9.3314997">
        <ele>1730.4</ele>
        <time>2026-09-03T07:07:57Z</time>
        <hdop>11.2</hdop>
        <extensions>
          <osmand:speed>0.7</osmand:speed>
        </extensions>
      </trkpt>
      <trkpt lat="47.2397063" lon="9.3315104">
        <ele>1732.4</ele>
        <time>2026-09-03T07:08:03Z</time>
        <hdop>12.2</hdop>
        <extensions>
          <osmand:speed>1.1</osmand:speed>
        </extensions>
      </trkpt>
      <trkpt lat="47.2397292" lon="9.3315736">
        <ele>1732.4</ele>
        <time>2026-09-03T07:08:09Z</time>
        <hdop>10.2</hdop>
        <extensions>
          <osmand:speed>0.8</osmand:speed>
        </extensions>
      </trkpt>
      <trkpt lat="47.2397565" lon="9.3316014">
        <ele>1734.4</ele>
        <time>2026-09-03T07:08:15Z</time>
        <hdop>14.8</hdop>
        <extensions>
          <osmand:speed>1.1</osmand:speed>
        </extensions>
      </trkpt>
      <trkpt lat="47.2398056" lon="9.3316528">
        <ele>1733.4</ele>
        <time>2026-09-03T07:08:21Z</time>
        <hdop>10.2</hdop>
        <extensions>
          <osmand:speed>1</osmand:speed>
        </extensions>
      </trkpt>
      <trkpt lat="47.2398501" lon="9.3316802">
        <ele>1732.4</ele>
        <time>2026-09-03T07:08:27Z</time>
        <hdop>11.7</hdop>
        <extensions>
          <osmand:speed>0.7</osmand:speed>
        </extensions>
      </trkpt>
      <trkpt lat="47.2398783" lon="9.3317378">
        <ele>1731.4</ele>
        <time>2026-09-03T07:08:33Z</time>
        <hdop>9.7</hdop>
        <extensions>
          <osmand:speed>0.6</osmand:speed>
        </extensions>
      </trkpt>
      <trkpt lat="47.2399126" lon="9.3317878">
        <ele>1730.4</ele>
        <time>2026-09-03T07:08:39Z</time>
        <hdop>8.7</hdop>
        <extensions>
          <osmand:speed>0.9</osmand:speed>
        </extensions>
      </trkpt>
      <trkpt lat="47.2399638" lon="9.3318077">
        <ele>1729.4</ele>
        <time>2026-09-03T07:08:45Z</time>
        <hdop>10.2</hdop>
        <extensions>
          <osmand:speed>1</osmand:speed>
        </extensions>
      </trkpt>
      <trkpt lat="47.2400011" lon="9.3318472">
        <ele>1729.4</ele>
        <time>2026-09-03T07:08:51Z</time>
        <hdop>10.7</hdop>
        <extensions>
          <osmand:speed>1.1</osmand:speed>
        </extensions>
      </trkpt>
      <trkpt lat="47.2400127" lon="9.3318999">
        <ele>1728.4</ele>
        <time>2026-09-03T07:08:57Z</time>
        <hdop>10.2</hdop>
        <extensions>
          <osmand:speed>0.4</osmand:speed>
        </extensions>
      </trkpt>
      <trkpt lat="47.2400288" lon="9.331942">
        <ele>1729.4</ele>
        <time>2026-09-03T07:09:03Z</time>
        <hdop>9.2</hdop>
        <extensions>
          <osmand:speed>0.9</osmand:speed>
        </extensions>
      </trkpt>
      <trkpt lat="47.2400584" lon="9.332015">
        <ele>1728.4</ele>
        <time>2026-09-03T07:09:09Z</time>
        <hdop>10.2</hdop>
        <extensions>
          <osmand:speed>0.8</osmand:speed>
        </extensions>
      </trkpt>
      <trkpt lat="47.2400962" lon="9.3320446">
        <ele>1728.4</ele>
        <time>2026-09-03T07:09:15Z</time>
        <hdop>10.7</hdop>
        <extensions>
          <osmand:speed>1.2</osmand:speed>
        </extensions>
      </trkpt>
      <trkpt lat="47.2401249" lon="9.3321053">
        <ele>1727.4</ele>
        <time>2026-09-03T07:09:21Z</time>
        <hdop>9.7</hdop>
        <extensions>
          <osmand:speed>1</osmand:speed>
        </extensions>
      </trkpt>
      <trkpt lat="47.240158" lon="9.3321571">
        <ele>1729.4</ele>
        <time>2026-09-03T07:09:27Z</time>
        <hdop>9.7</hdop>
        <extensions>
          <osmand:speed>0.7</osmand:speed>
        </extensions>
      </trkpt>
      <trkpt lat="47.2401641" lon="9.3322028">
        <ele>1731.4</ele>
        <time>2026-09-03T07:09:33Z</time>
        <hdop>10.2</hdop>
        <extensions>
          <osmand:speed>1.2</osmand:speed>
        </extensions>
      </trkpt>
      <trkpt lat="47.2401793" lon="9.332248">
        <ele>1732.4</ele>
        <time>2026-09-03T07:09:39Z</time>
        <hdop>10.7</hdop>
        <extensions>
          <osmand:speed>0.6</osmand:speed>
        </extensions>
      </trkpt>
      <trkpt lat="47.2402368" lon="9.3322636">
        <ele>1735.4</ele>
        <time>2026-09-03T07:09:45Z</time>
        <hdop>10.2</hdop>
        <extensions>
          <osmand:speed>1.4</osmand:speed>
        </extensions>
      </trkpt>
      <trkpt lat="47.2403043" lon="9.3322879">
        <ele>1737.4</ele>
        <time>2026-09-03T07:09:51Z</time>
        <hdop>9.7</hdop>
        <extensions>
          <osmand:speed>1.2</osmand:speed>
        </extensions>
      </trkpt>
      <trkpt lat="47.240319" lon="9.3323371">
        <ele>1739.4</ele>
        <time>2026-09-03T07:09:57Z</time>
        <hdop>10.7</hdop>
        <extensions>
          <osmand:speed>1.1</osmand:speed>
        </extensions>
      </trkpt>
      <trkpt lat="47.2403218" lon="9.3324345">
        <ele>1739.4</ele>
        <time>2026-09-03T07:10:03Z</time>
        <hdop>9.7</hdop>
        <extensions>
          <osmand:speed>0.7</osmand:speed>
        </extensions>
      </trkpt>
      <trkpt lat="47.2403031" lon="9.3324962">
        <ele>1741.4</ele>
        <time>2026-09-03T07:10:09Z</time>
        <hdop>10.7</hdop>
        <extensions>
          <osmand:speed>0.9</osmand:speed>
        </extensions>
      </trkpt>
      <trkpt lat="47.2403209" lon="9.3325374">
        <ele>1742.4</ele>
        <time>2026-09-03T07:10:15Z</time>
        <hdop>11.7</hdop>
        <extensions>
          <osmand:speed>0.9</osmand:speed>
        </extensions>
      </trkpt>
      <trkpt lat="47.2403318" lon="9.3326147">
        <ele>1742.4</ele>
        <time>2026-09-03T07:10:21Z</time>
        <hdop>10.2</hdop>
        <extensions>
          <osmand:speed>1.2</osmand:speed>
        </extensions>
      </trkpt>
      <trkpt lat="47.2403557" lon="9.3326676">
        <ele>1744.4</ele>
        <time>2026-09-03T07:10:27Z</time>
        <hdop>8.7</hdop>
        <extensions>
          <osmand:speed>0.6</osmand:speed>
        </extensions>
      </trkpt>
      <trkpt lat="47.2403928" lon="9.3327253">
        <ele>1745.4</ele>
        <time>2026-09-03T07:10:33Z</time>
        <hdop>10.2</hdop>
        <extensions>
          <osmand:speed>0.7</osmand:speed>
        </extensions>
      </trkpt>
      <trkpt lat="47.2404395" lon="9.3327738">
        <ele>1746.4</ele>
        <time>2026-09-03T07:10:39Z</time>
        <hdop>10.7</hdop>
        <extensions>
          <osmand:speed>0.8</osmand:speed>
        </extensions>
      </trkpt>
      <trkpt lat="47.2404097" lon="9.3328044">
        <ele>1746.4</ele>
        <time>2026-09-03T07:10:45Z</time>
        <hdop>9.7</hdop>
        <extensions>
          <osmand:speed>0.8</osmand:speed>
        </extensions>
      </trkpt>
      <trkpt lat="47.2404204" lon="9.3328608">
        <ele>1747.4</ele>
        <time>2026-09-03T07:10:51Z</time>
        <hdop>10.2</hdop>
        <extensions>
          <osmand:speed>0.6</osmand:speed>
        </extensions>
      </trkpt>
      <trkpt lat="47.2404227" lon="9.332904">
        <ele>1748.4</ele>
        <time>2026-09-03T07:10:57Z</time>
        <hdop>10.2</hdop>
        <extensions>
          <osmand:speed>0.7</osmand:speed>
        </extensions>
      </trkpt>
      <trkpt lat="47.2404548" lon="9.332893">
        <ele>1749.4</ele>
        <time>2026-09-03T07:11:03Z</time>
        <hdop>10.2</hdop>
        <extensions>
          <osmand:speed>0.9</osmand:speed>
        </extensions>
      </trkpt>
      <trkpt lat="47.2404821" lon="9.3328859">
        <ele>1749.4</ele>
        <time>2026-09-03T07:11:09Z</time>
        <hdop>9.7</hdop>
        <extensions>
          <osmand:speed>0.1</osmand:speed>
        </extensions>
      </trkpt>
      <trkpt lat="47.2405013" lon="9.3328782">
        <ele>1752.4</ele>
        <time>2026-09-03T07:11:16Z</time>
        <hdop>10.2</hdop>
        <extensions>
          <osmand:speed>0.1</osmand:speed>
        </extensions>
      </trkpt>
      <trkpt lat="47.2405507" lon="9.3328775">
        <ele>1753.4</ele>
        <time>2026-09-03T07:11:22Z</time>
        <hdop>10.7</hdop>
        <extensions>
          <osmand:speed>0.9</osmand:speed>
        </extensions>
      </trkpt>
      <trkpt lat="47.2405842" lon="9.3328869">
        <ele>1755.4</ele>
        <time>2026-09-03T07:11:28Z</time>
        <hdop>9.7</hdop>
        <extensions>
          <osmand:speed>0.2</osmand:speed>
        </extensions>
      </trkpt>
      <trkpt lat="47.2405885" lon="9.3329182">
        <ele>1758.4</ele>
        <time>2026-09-03T07:11:36Z</time>
        <hdop>10.7</hdop>
        <extensions>
          <osmand:speed>0.4</osmand:speed>
        </extensions>
      </trkpt>
      <trkpt lat="47.2406097" lon="9.3329161">
        <ele>1760.4</ele>
        <time>2026-09-03T07:11:42Z</time>
        <hdop>9.2</hdop>
        <extensions>
          <osmand:speed>1</osmand:speed>
        </extensions>
      </trkpt>
      <trkpt lat="47.2406518" lon="9.3328944">
        <ele>1760.4</ele>
        <time>2026-09-03T07:11:48Z</time>
        <hdop>9.7</hdop>
        <extensions>
          <osmand:speed>1</osmand:speed>
        </extensions>
      </trkpt>
      <trkpt lat="47.2406582" lon="9.3328582">
        <ele>1763.4</ele>
        <time>2026-09-03T07:11:54Z</time>
        <hdop>10.7</hdop>
        <extensions>
          <osmand:speed>0.2</osmand:speed>
        </extensions>
      </trkpt>
      <trkpt lat="47.2406637" lon="9.3328261">
        <ele>1764.4</ele>
        <time>2026-09-03T07:12:00Z</time>
        <hdop>6.1</hdop>
      </trkpt>
      <trkpt lat="47.2406634" lon="9.3327986">
        <ele>1765.4</ele>
        <time>2026-09-03T07:12:07Z</time>
        <hdop>10.2</hdop>
        <extensions>
          <osmand:speed>1</osmand:speed>
        </extensions>
      </trkpt>
      <trkpt lat="47.2406892" lon="9.3328031">
        <ele>1766.4</ele>
        <time>2026-09-03T07:12:13Z</time>
        <hdop>9.7</hdop>
        <extensions>
          <osmand:speed>0.9</osmand:speed>
        </extensions>
      </trkpt>
      <trkpt lat="47.2407154" lon="9.3327681">
        <ele>1766.4</ele>
        <time>2026-09-03T07:12:19Z</time>
        <hdop>10.7</hdop>
        <extensions>
          <osmand:speed>0.6</osmand:speed>
        </extensions>
      </trkpt>
      <trkpt lat="47.2407114" lon="9.3327141">
        <ele>1766.4</ele>
        <time>2026-09-03T07:12:25Z</time>
        <hdop>10.2</hdop>
        <extensions>
          <osmand:speed>0.6</osmand:speed>
        </extensions>
      </trkpt>
      <trkpt lat="47.2407203" lon="9.3326835">
        <ele>1765.4</ele>
        <time>2026-09-03T07:12:31Z</time>
        <hdop>11.7</hdop>
        <extensions>
          <osmand:speed>0.3</osmand:speed>
        </extensions>
      </trkpt>
      <trkpt lat="47.2407343" lon="9.332656">
        <ele>1768.4</ele>
        <time>2026-09-03T07:12:45Z</time>
        <hdop>7.1</hdop>
        <extensions>
          <osmand:speed>0.4</osmand:speed>
        </extensions>
      </trkpt>
      <trkpt lat="47.2407555" lon="9.3326514">
        <ele>1770.4</ele>
        <time>2026-09-03T07:12:53Z</time>
        <hdop>8.2</hdop>
        <extensions>
          <osmand:speed>0.5</osmand:speed>
        </extensions>
      </trkpt>
      <trkpt lat="47.2407828" lon="9.332681">
        <ele>1772.4</ele>
        <time>2026-09-03T07:12:59Z</time>
        <hdop>8.7</hdop>
        <extensions>
          <osmand:speed>0.8</osmand:speed>
        </extensions>
      </trkpt>
      <trkpt lat="47.2407896" lon="9.3327174">
        <ele>1773.4</ele>
        <time>2026-09-03T07:13:05Z</time>
        <hdop>9.2</hdop>
        <extensions>
          <osmand:speed>0.2</osmand:speed>
        </extensions>
      </trkpt>
      <trkpt lat="47.240768" lon="9.332727">
        <ele>1773.4</ele>
        <time>2026-09-03T07:13:11Z</time>
        <hdop>6.1</hdop>
      </trkpt>
      <trkpt lat="47.2407824" lon="9.3327462">
        <ele>1773.4</ele>
        <time>2026-09-03T07:13:21Z</time>
        <hdop>9.2</hdop>
        <extensions>
          <osmand:speed>0.7</osmand:speed>
        </extensions>
      </trkpt>
      <trkpt lat="47.2407943" lon="9.3327819">
        <ele>1773.4</ele>
        <time>2026-09-03T07:13:27Z</time>
        <hdop>8.7</hdop>
        <extensions>
          <osmand:speed>0.5</osmand:speed>
        </extensions>
      </trkpt>
      <trkpt lat="47.2408002" lon="9.3328256">
        <ele>1775.4</ele>
        <time>2026-09-03T07:13:33Z</time>
        <hdop>10.7</hdop>
        <extensions>
          <osmand:speed>0.8</osmand:speed>
        </extensions>
      </trkpt>
      <trkpt lat="47.2408142" lon="9.3328707">
        <ele>1775.4</ele>
        <time>2026-09-03T07:13:39Z</time>
        <hdop>9.7</hdop>
        <extensions>
          <osmand:speed>0.5</osmand:speed>
        </extensions>
      </trkpt>
      <trkpt lat="47.2408185" lon="9.3329131">
        <ele>1775.4</ele>
        <time>2026-09-03T07:13:45Z</time>
        <hdop>9.7</hdop>
        <extensions>
          <osmand:speed>0.3</osmand:speed>
        </extensions>
      </trkpt>
      <trkpt lat="47.240836" lon="9.3329571">
        <ele>1775.4</ele>
        <time>2026-09-03T07:13:51Z</time>
        <hdop>10.2</hdop>
        <extensions>
          <osmand:speed>0.3</osmand:speed>
        </extensions>
      </trkpt>
      <trkpt lat="47.2408387" lon="9.3329842">
        <ele>1775.4</ele>
        <time>2026-09-03T07:13:58Z</time>
        <hdop>9.7</hdop>
        <extensions>
          <osmand:speed>0.4</osmand:speed>
        </extensions>
      </trkpt>
      <trkpt lat="47.2408485" lon="9.3330408">
        <ele>1777.4</ele>
        <time>2026-09-03T07:14:04Z</time>
        <hdop>9.7</hdop>
        <extensions>
          <osmand:speed>0.2</osmand:speed>
        </extensions>
      </trkpt>
      <trkpt lat="47.2408599" lon="9.3330722">
        <ele>1778.4</ele>
        <time>2026-09-03T07:14:10Z</time>
        <hdop>8.2</hdop>
        <extensions>
          <osmand:speed>0.9</osmand:speed>
        </extensions>
      </trkpt>
      <trkpt lat="47.240865" lon="9.3331363">
        <ele>1779.4</ele>
        <time>2026-09-03T07:14:16Z</time>
        <hdop>10.2</hdop>
        <extensions>
          <osmand:speed>0.8</osmand:speed>
        </extensions>
      </trkpt>
      <trkpt lat="47.240862" lon="9.3331765">
        <ele>1779.4</ele>
        <time>2026-09-03T07:14:22Z</time>
        <hdop>10.7</hdop>
        <extensions>
          <osmand:speed>0.8</osmand:speed>
        </extensions>
      </trkpt>
      <trkpt lat="47.2408753" lon="9.3332245">
        <ele>1780.4</ele>
        <time>2026-09-03T07:14:28Z</time>
        <hdop>10.7</hdop>
        <extensions>
          <osmand:speed>0.7</osmand:speed>
        </extensions>
      </trkpt>
      <trkpt lat="47.2408817" lon="9.3332545">
        <ele>1780.4</ele>
        <time>2026-09-03T07:14:34Z</time>
        <hdop>8.7</hdop>
        <extensions>
          <osmand:speed>0.2</osmand:speed>
        </extensions>
      </trkpt>
      <trkpt lat="47.2408797" lon="9.3332912">
        <ele>1781.4</ele>
        <time>2026-09-03T07:14:40Z</time>
        <hdop>8.7</hdop>
        <extensions>
          <osmand:speed>1.1</osmand:speed>
        </extensions>
      </trkpt>
      <trkpt lat="47.2408845" lon="9.3333362">
        <ele>1781.4</ele>
        <time>2026-09-03T07:14:46Z</time>
        <hdop>12.8</hdop>
        <extensions>
          <osmand:speed>0.6</osmand:speed>
        </extensions>
      </trkpt>
      <trkpt lat="47.2408855" lon="9.3333778">
        <ele>1782.4</ele>
        <time>2026-09-03T07:14:52Z</time>
        <hdop>8.7</hdop>
        <extensions>
          <osmand:speed>0.4</osmand:speed>
        </extensions>
      </trkpt>
      <trkpt lat="47.240874" lon="9.3334063">
        <ele>1782.4</ele>
        <time>2026-09-03T07:14:58Z</time>
        <hdop>8.7</hdop>
        <extensions>
          <osmand:speed>0.3</osmand:speed>
        </extensions>
      </trkpt>
      <trkpt lat="47.2408896" lon="9.3334211">
        <ele>1784.4</ele>
        <time>2026-09-03T07:15:15Z</time>
        <hdop>8.7</hdop>
        <extensions>
          <osmand:speed>0.3</osmand:speed>
        </extensions>
      </trkpt>
      <trkpt lat="47.2409165" lon="9.33347">
        <ele>1783.4</ele>
        <time>2026-09-03T07:15:21Z</time>
        <hdop>10.2</hdop>
        <extensions>
          <osmand:speed>0.4</osmand:speed>
        </extensions>
      </trkpt>
      <trkpt lat="47.2409419" lon="9.333491">
        <ele>1784.4</ele>
        <time>2026-09-03T07:15:27Z</time>
        <hdop>8.7</hdop>
        <extensions>
          <osmand:speed>0.6</osmand:speed>
        </extensions>
      </trkpt>
      <trkpt lat="47.2409754" lon="9.3334889">
        <ele>1784.4</ele>
        <time>2026-09-03T07:15:33Z</time>
        <hdop>10.2</hdop>
        <extensions>
          <osmand:speed>1.1</osmand:speed>
        </extensions>
      </trkpt>
      <trkpt lat="47.2409867" lon="9.3335244">
        <ele>1785.4</ele>
        <time>2026-09-03T07:15:39Z</time>
        <hdop>8.7</hdop>
        <extensions>
          <osmand:speed>0.5</osmand:speed>
        </extensions>
      </trkpt>
      <trkpt lat="47.241003" lon="9.3335679">
        <ele>1786.4</ele>
        <time>2026-09-03T07:15:45Z</time>
        <hdop>10.2</hdop>
        <extensions>
          <osmand:speed>0.7</osmand:speed>
        </extensions>
      </trkpt>
      <trkpt lat="47.2410048" lon="9.3336244">
        <ele>1787.4</ele>
        <time>2026-09-03T07:15:51Z</time>
        <hdop>9.7</hdop>
        <extensions>
          <osmand:speed>0.5</osmand:speed>
        </extensions>
      </trkpt>
      <trkpt lat="47.2410215" lon="9.3336477">
        <ele>1787.4</ele>
        <time>2026-09-03T07:16:16Z</time>
        <hdop>8.7</hdop>
        <extensions>
          <osmand:speed>0.7</osmand:speed>
        </extensions>
      </trkpt>
      <trkpt lat="47.2410482" lon="9.3336954">
        <ele>1787.4</ele>
        <time>2026-09-03T07:16:22Z</time>
        <hdop>10.2</hdop>
        <extensions>
          <osmand:speed>0.7</osmand:speed>
        </extensions>
      </trkpt>
      <trkpt lat="47.241071" lon="9.3337269">
        <ele>1788.4</ele>
        <time>2026-09-03T07:16:28Z</time>
        <hdop>9.7</hdop>
        <extensions>
          <osmand:speed>0.2</osmand:speed>
        </extensions>
      </trkpt>
      <trkpt lat="47.241094" lon="9.3337301">
        <ele>1788.4</ele>
        <time>2026-09-03T07:16:34Z</time>
        <hdop>8.7</hdop>
        <extensions>
          <osmand:speed>0.3</osmand:speed>
        </extensions>
      </trkpt>
      <trkpt lat="47.2411363" lon="9.3337661">
        <ele>1790.4</ele>
        <time>2026-09-03T07:16:40Z</time>
        <hdop>10.7</hdop>
        <extensions>
          <osmand:speed>0.6</osmand:speed>
        </extensions>
      </trkpt>
      <trkpt lat="47.2411614" lon="9.3338092">
        <ele>1792.4</ele>
        <time>2026-09-03T07:16:46Z</time>
        <hdop>11.2</hdop>
        <extensions>
          <osmand:speed>0.9</osmand:speed>
        </extensions>
      </trkpt>
      <trkpt lat="47.2411797" lon="9.3337992">
        <ele>1793.4</ele>
        <time>2026-09-03T07:16:53Z</time>
        <hdop>9.2</hdop>
        <extensions>
          <osmand:speed>0.8</osmand:speed>
        </extensions>
      </trkpt>
      <trkpt lat="47.2411892" lon="9.3338324">
        <ele>1797.4</ele>
        <time>2026-09-03T07:17:05Z</time>
        <hdop>8.2</hdop>
        <extensions>
          <osmand:speed>0.5</osmand:speed>
        </extensions>
      </trkpt>
      <trkpt lat="47.2412198" lon="9.3338623">
        <ele>1797.4</ele>
        <time>2026-09-03T07:17:11Z</time>
        <hdop>11.2</hdop>
        <extensions>
          <osmand:speed>0.5</osmand:speed>
        </extensions>
      </trkpt>
      <trkpt lat="47.2412276" lon="9.3339005">
        <ele>1797.4</ele>
        <time>2026-09-03T07:17:17Z</time>
        <hdop>11.7</hdop>
        <extensions>
          <osmand:speed>0.3</osmand:speed>
        </extensions>
      </trkpt>
      <trkpt lat="47.2412583" lon="9.3339294">
        <ele>1797.4</ele>
        <time>2026-09-03T07:17:23Z</time>
        <hdop>11.7</hdop>
        <extensions>
          <osmand:speed>0.8</osmand:speed>
        </extensions>
      </trkpt>
      <trkpt lat="47.2412824" lon="9.3339337">
        <ele>1800.4</ele>
        <time>2026-09-03T07:17:36Z</time>
        <hdop>8.7</hdop>
        <extensions>
          <osmand:speed>0.7</osmand:speed>
        </extensions>
      </trkpt>
      <trkpt lat="47.2413039" lon="9.3339396">
        <ele>1803.4</ele>
        <time>2026-09-03T07:17:43Z</time>
        <hdop>8.7</hdop>
        <extensions>
          <osmand:speed>0.4</osmand:speed>
        </extensions>
      </trkpt>
      <trkpt lat="47.2413254" lon="9.3339621">
        <ele>1803.4</ele>
        <time>2026-09-03T07:17:49Z</time>
        <hdop>9.7</hdop>
        <extensions>
          <osmand:speed>0.8</osmand:speed>
        </extensions>
      </trkpt>
      <trkpt lat="47.2413458" lon="9.3339582">
        <ele>1805.4</ele>
        <time>2026-09-03T07:17:55Z</time>
        <hdop>9.2</hdop>
        <extensions>
          <osmand:speed>0.4</osmand:speed>
        </extensions>
      </trkpt>
      <trkpt lat="47.2413703" lon="9.3339631">
        <ele>1805.4</ele>
        <time>2026-09-03T07:18:01Z</time>
        <hdop>10.7</hdop>
        <extensions>
          <osmand:speed>0.4</osmand:speed>
        </extensions>
      </trkpt>
      <trkpt lat="47.2414039" lon="9.3339875">
        <ele>1806.4</ele>
        <time>2026-09-03T07:18:07Z</time>
        <hdop>8.7</hdop>
        <extensions>
          <osmand:speed>0.2</osmand:speed>
        </extensions>
      </trkpt>
      <trkpt lat="47.2414235" lon="9.3339552">
        <ele>1806.4</ele>
        <time>2026-09-03T07:18:13Z</time>
        <hdop>10.2</hdop>
        <extensions>
          <osmand:speed>0.6</osmand:speed>
        </extensions>
      </trkpt>
      <trkpt lat="47.2414429" lon="9.3339708">
        <ele>1806.4</ele>
        <time>2026-09-03T07:18:20Z</time>
        <hdop>10.7</hdop>
        <extensions>
          <osmand:speed>0.2</osmand:speed>
        </extensions>
      </trkpt>
      <trkpt lat="47.241465" lon="9.3339705">
        <ele>1808.4</ele>
        <time>2026-09-03T07:18:29Z</time>
        <hdop>10.2</hdop>
        <extensions>
          <osmand:speed>1.3</osmand:speed>
        </extensions>
      </trkpt>
      <trkpt lat="47.2414919" lon="9.3339932">
        <ele>1809.4</ele>
        <time>2026-09-03T07:18:35Z</time>
        <hdop>9.2</hdop>
        <extensions>
          <osmand:speed>0.5</osmand:speed>
        </extensions>
      </trkpt>
      <trkpt lat="47.2415069" lon="9.3340085">
        <ele>1811.4</ele>
        <time>2026-09-03T07:18:41Z</time>
        <hdop>8.7</hdop>
      </trkpt>
      <trkpt lat="47.2415217" lon="9.3340352">
        <ele>1811.4</ele>
        <time>2026-09-03T07:18:51Z</time>
        <hdop>8.7</hdop>
        <extensions>
          <osmand:speed>0.1</osmand:speed>
        </extensions>
      </trkpt>
      <trkpt lat="47.2415409" lon="9.3340198">
        <ele>1813.4</ele>
        <time>2026-09-03T07:19:27Z</time>
        <hdop>9.2</hdop>
        <extensions>
          <osmand:speed>0</osmand:speed>
        </extensions>
      </trkpt>
      <trkpt lat="47.2415393" lon="9.3340513">
        <ele>1815.4</ele>
        <time>2026-09-03T07:19:45Z</time>
        <hdop>8.2</hdop>
        <extensions>
          <osmand:speed>0.3</osmand:speed>
        </extensions>
      </trkpt>
      <trkpt lat="47.2415411" lon="9.3340892">
        <ele>1814.4</ele>
        <time>2026-09-03T07:20:05Z</time>
        <hdop>13.3</hdop>
        <extensions>
          <osmand:speed>0.9</osmand:speed>
        </extensions>
      </trkpt>
      <trkpt lat="47.2415723" lon="9.3341268">
        <ele>1815.4</ele>
        <time>2026-09-03T07:20:11Z</time>
        <hdop>10.2</hdop>
        <extensions>
          <osmand:speed>0.7</osmand:speed>
        </extensions>
      </trkpt>
      <trkpt lat="47.2416117" lon="9.3341103">
        <ele>1816.4</ele>
        <time>2026-09-03T07:20:17Z</time>
        <hdop>8.7</hdop>
        <extensions>
          <osmand:speed>0.9</osmand:speed>
        </extensions>
      </trkpt>
      <trkpt lat="47.2416327" lon="9.3341513">
        <ele>1818.4</ele>
        <time>2026-09-03T07:20:23Z</time>
        <hdop>10.7</hdop>
        <extensions>
          <osmand:speed>0.7</osmand:speed>
        </extensions>
      </trkpt>
      <trkpt lat="47.2416249" lon="9.3341769">
        <ele>1821.4</ele>
        <time>2026-09-03T07:20:29Z</time>
        <hdop>13.8</hdop>
        <extensions>
          <osmand:speed>0</osmand:speed>
        </extensions>
      </trkpt>
      <trkpt lat="47.241637" lon="9.3341553">
        <ele>1824.4</ele>
        <time>2026-09-03T07:20:53Z</time>
        <hdop>8.7</hdop>
        <extensions>
          <osmand:speed>0.4</osmand:speed>
        </extensions>
      </trkpt>
      <trkpt lat="47.2416623" lon="9.3341452">
        <ele>1824.4</ele>
        <time>2026-09-03T07:20:59Z</time>
        <hdop>11.2</hdop>
        <extensions>
          <osmand:speed>0.9</osmand:speed>
        </extensions>
      </trkpt>
      <trkpt lat="47.241682" lon="9.3341373">
        <ele>1824.4</ele>
        <time>2026-09-03T07:21:05Z</time>
        <hdop>11.2</hdop>
        <extensions>
          <osmand:speed>0.3</osmand:speed>
        </extensions>
      </trkpt>
      <trkpt lat="47.2417026" lon="9.3341408">
        <ele>1825.4</ele>
        <time>2026-09-03T07:21:11Z</time>
        <hdop>10.2</hdop>
        <extensions>
          <osmand:speed>0.3</osmand:speed>
        </extensions>
      </trkpt>
      <trkpt lat="47.2416978" lon="9.3341781">
        <ele>1826.4</ele>
        <time>2026-09-03T07:21:17Z</time>
        <hdop>9.2</hdop>
        <extensions>
          <osmand:speed>0.6</osmand:speed>
        </extensions>
      </trkpt>
      <trkpt lat="47.2417059" lon="9.3342446">
        <ele>1826.4</ele>
        <time>2026-09-03T07:21:23Z</time>
        <hdop>9.2</hdop>
        <extensions>
          <osmand:speed>0.6</osmand:speed>
        </extensions>
      </trkpt>
      <trkpt lat="47.2417158" lon="9.3342674">
        <ele>1826.4</ele>
        <time>2026-09-03T07:21:29Z</time>
        <hdop>10.2</hdop>
        <extensions>
          <osmand:speed>0.4</osmand:speed>
        </extensions>
      </trkpt>
      <trkpt lat="47.2417323" lon="9.3343023">
        <ele>1827.4</ele>
        <time>2026-09-03T07:21:35Z</time>
        <hdop>9.2</hdop>
        <extensions>
          <osmand:speed>0.9</osmand:speed>
        </extensions>
      </trkpt>
      <trkpt lat="47.2417527" lon="9.3342994">
        <ele>1827.4</ele>
        <time>2026-09-03T07:21:41Z</time>
        <hdop>9.7</hdop>
        <extensions>
          <osmand:speed>0.4</osmand:speed>
        </extensions>
      </trkpt>
      <trkpt lat="47.2417612" lon="9.3342599">
        <ele>1830.4</ele>
        <time>2026-09-03T07:21:47Z</time>
        <hdop>8.7</hdop>
        <extensions>
          <osmand:speed>0.6</osmand:speed>
        </extensions>
      </trkpt>
      <trkpt lat="47.241793" lon="9.3342647">
        <ele>1831.4</ele>
        <time>2026-09-03T07:21:53Z</time>
        <hdop>10.7</hdop>
        <extensions>
          <osmand:speed>0.3</osmand:speed>
        </extensions>
      </trkpt>
      <trkpt lat="47.2418079" lon="9.3342487">
        <ele>1832.4</ele>
        <time>2026-09-03T07:21:59Z</time>
        <hdop>11.7</hdop>
        <extensions>
          <osmand:speed>0.7</osmand:speed>
        </extensions>
      </trkpt>
      <trkpt lat="47.2418221" lon="9.3342844">
        <ele>1833.4</ele>
        <time>2026-09-03T07:22:05Z</time>
        <hdop>10.2</hdop>
        <extensions>
          <osmand:speed>0.8</osmand:speed>
        </extensions>
      </trkpt>
      <trkpt lat="47.2418038" lon="9.3342855">
        <ele>1832.4</ele>
        <time>2026-09-03T07:22:17Z</time>
        <hdop>7.7</hdop>
        <extensions>
          <osmand:speed>0.5</osmand:speed>
        </extensions>
      </trkpt>
      <trkpt lat="47.2418234" lon="9.3343099">
        <ele>1834.4</ele>
        <time>2026-09-03T07:22:23Z</time>
        <hdop>12.2</hdop>
        <extensions>
          <osmand:speed>0.5</osmand:speed>
        </extensions>
      </trkpt>
      <trkpt lat="47.2418623" lon="9.3343189">
        <ele>1835.4</ele>
        <time>2026-09-03T07:22:29Z</time>
        <hdop>8.2</hdop>
        <extensions>
          <osmand:speed>0.3</osmand:speed>
        </extensions>
      </trkpt>
      <trkpt lat="47.241877" lon="9.3343415">
        <ele>1835.4</ele>
        <time>2026-09-03T07:22:35Z</time>
        <hdop>10.2</hdop>
        <extensions>
          <osmand:speed>0.4</osmand:speed>
        </extensions>
      </trkpt>
      <trkpt lat="47.2418796" lon="9.3343924">
        <ele>1836.4</ele>
        <time>2026-09-03T07:22:41Z</time>
        <hdop>9.7</hdop>
        <extensions>
          <osmand:speed>0.6</osmand:speed>
        </extensions>
      </trkpt>
      <trkpt lat="47.2419033" lon="9.3344356">
        <ele>1837.4</ele>
        <time>2026-09-03T07:22:47Z</time>
        <hdop>8.7</hdop>
        <extensions>
          <osmand:speed>0.6</osmand:speed>
        </extensions>
      </trkpt>
      <trkpt lat="47.2419187" lon="9.3344588">
        <ele>1837.4</ele>
        <time>2026-09-03T07:22:53Z</time>
        <hdop>9.2</hdop>
        <extensions>
          <osmand:speed>0.7</osmand:speed>
        </extensions>
      </trkpt>
      <trkpt lat="47.2419216" lon="9.3344865">
        <ele>1838.4</ele>
        <time>2026-09-03T07:23:00Z</time>
        <hdop>10.2</hdop>
        <extensions>
          <osmand:speed>0.3</osmand:speed>
        </extensions>
      </trkpt>
      <trkpt lat="47.2419434" lon="9.3345102">
        <ele>1839.4</ele>
        <time>2026-09-03T07:23:06Z</time>
        <hdop>10.7</hdop>
        <extensions>
          <osmand:speed>0.8</osmand:speed>
        </extensions>
      </trkpt>
      <trkpt lat="47.2419621" lon="9.3344835">
        <ele>1840.4</ele>
        <time>2026-09-03T07:23:12Z</time>
        <hdop>9.7</hdop>
        <extensions>
          <osmand:speed>0.7</osmand:speed>
        </extensions>
      </trkpt>
      <trkpt lat="47.24197" lon="9.3344463">
        <ele>1843.4</ele>
        <time>2026-09-03T07:23:18Z</time>
        <hdop>8.7</hdop>
        <extensions>
          <osmand:speed>0.3</osmand:speed>
        </extensions>
      </trkpt>
      <trkpt lat="47.2419637" lon="9.3344137">
        <ele>1845.4</ele>
        <time>2026-09-03T07:23:24Z</time>
        <hdop>8.7</hdop>
        <extensions>
          <osmand:speed>0.9</osmand:speed>
        </extensions>
      </trkpt>
      <trkpt lat="47.2419687" lon="9.3343786">
        <ele>1847.4</ele>
        <time>2026-09-03T07:23:30Z</time>
        <hdop>7.7</hdop>
        <extensions>
          <osmand:speed>0.4</osmand:speed>
        </extensions>
      </trkpt>
      <trkpt lat="47.2419862" lon="9.3343501">
        <ele>1849.4</ele>
        <time>2026-09-03T07:23:37Z</time>
        <hdop>8.7</hdop>
        <extensions>
          <osmand:speed>0.6</osmand:speed>
        </extensions>
      </trkpt>
      <trkpt lat="47.2420209" lon="9.3342878">
        <ele>1849.4</ele>
        <time>2026-09-03T07:23:43Z</time>
        <hdop>9.2</hdop>
        <extensions>
          <osmand:speed>0.7</osmand:speed>
        </extensions>
      </trkpt>
      <trkpt lat="47.2420252" lon="9.3342289">
        <ele>1850.4</ele>
        <time>2026-09-03T07:23:49Z</time>
        <hdop>9.2</hdop>
        <extensions>
          <osmand:speed>0.3</osmand:speed>
        </extensions>
      </trkpt>
      <trkpt lat="47.242022" lon="9.3341951">
        <ele>1852.4</ele>
        <time>2026-09-03T07:24:26Z</time>
        <hdop>8.2</hdop>
        <extensions>
          <osmand:speed>0.8</osmand:speed>
        </extensions>
      </trkpt>
      <trkpt lat="47.2420171" lon="9.3341505">
        <ele>1852.4</ele>
        <time>2026-09-03T07:24:32Z</time>
        <hdop>6.6</hdop>
        <extensions>
          <osmand:speed>0.7</osmand:speed>
        </extensions>
      </trkpt>
      <trkpt lat="47.2420211" lon="9.3341129">
        <ele>1854.4</ele>
        <time>2026-09-03T07:24:38Z</time>
        <hdop>6.6</hdop>
        <extensions>
          <osmand:speed>0.5</osmand:speed>
        </extensions>
      </trkpt>
      <trkpt lat="47.2420194" lon="9.3340464">
        <ele>1854.4</ele>
        <time>2026-09-03T07:24:44Z</time>
        <hdop>8.7</hdop>
        <extensions>
          <osmand:speed>0.8</osmand:speed>
        </extensions>
      </trkpt>
      <trkpt lat="47.2420237" lon="9.3339714">
        <ele>1855.4</ele>
        <time>2026-09-03T07:24:50Z</time>
        <hdop>8.2</hdop>
        <extensions>
          <osmand:speed>0.7</osmand:speed>
        </extensions>
      </trkpt>
      <trkpt lat="47.2420384" lon="9.3339191">
        <ele>1856.4</ele>
        <time>2026-09-03T07:24:56Z</time>
        <hdop>10.7</hdop>
        <extensions>
          <osmand:speed>0.8</osmand:speed>
        </extensions>
      </trkpt>
      <trkpt lat="47.2420376" lon="9.3338523">
        <ele>1857.4</ele>
        <time>2026-09-03T07:25:02Z</time>
        <hdop>8.7</hdop>
        <extensions>
          <osmand:speed>0.8</osmand:speed>
        </extensions>
      </trkpt>
      <trkpt lat="47.2420131" lon="9.3337997">
        <ele>1857.4</ele>
        <time>2026-09-03T07:25:08Z</time>
        <hdop>8.7</hdop>
        <extensions>
          <osmand:speed>0.3</osmand:speed>
        </extensions>
      </trkpt>
      <trkpt lat="47.2420034" lon="9.333739">
        <ele>1858.4</ele>
        <time>2026-09-03T07:25:14Z</time>
        <hdop>9.2</hdop>
        <extensions>
          <osmand:speed>0.8</osmand:speed>
        </extensions>
      </trkpt>
      <trkpt lat="47.2420459" lon="9.3336861">
        <ele>1858.4</ele>
        <time>2026-09-03T07:25:20Z</time>
        <hdop>10.2</hdop>
        <extensions>
          <osmand:speed>1.3</osmand:speed>
        </extensions>
      </trkpt>
      <trkpt lat="47.2420729" lon="9.3336233">
        <ele>1857.4</ele>
        <time>2026-09-03T07:25:26Z</time>
        <hdop>7.1</hdop>
        <extensions>
          <osmand:speed>1</osmand:speed>
        </extensions>
      </trkpt>
      <trkpt lat="47.2420637" lon="9.3335493">
        <ele>1859.4</ele>
        <time>2026-09-03T07:25:32Z</time>
        <hdop>8.7</hdop>
        <extensions>
          <osmand:speed>0.9</osmand:speed>
        </extensions>
      </trkpt>
      <trkpt lat="47.2420583" lon="9.3334564">
        <ele>1861.4</ele>
        <time>2026-09-03T07:25:38Z</time>
        <hdop>9.2</hdop>
        <extensions>
          <osmand:speed>1.2</osmand:speed>
        </extensions>
      </trkpt>
      <trkpt lat="47.2420596" lon="9.3333695">
        <ele>1861.4</ele>
        <time>2026-09-03T07:25:44Z</time>
        <hdop>8.7</hdop>
        <extensions>
          <osmand:speed>1.2</osmand:speed>
        </extensions>
      </trkpt>
      <trkpt lat="47.2420454" lon="9.3332886">
        <ele>1860.4</ele>
        <time>2026-09-03T07:25:50Z</time>
        <hdop>8.7</hdop>
        <extensions>
          <osmand:speed>0.9</osmand:speed>
        </extensions>
      </trkpt>
      <trkpt lat="47.2420366" lon="9.3332158">
        <ele>1861.4</ele>
        <time>2026-09-03T07:25:56Z</time>
        <hdop>9.7</hdop>
        <extensions>
          <osmand:speed>0.2</osmand:speed>
        </extensions>
      </trkpt>
      <trkpt lat="47.2420441" lon="9.3331836">
        <ele>1861.4</ele>
        <time>2026-09-03T07:26:04Z</time>
        <hdop>8.7</hdop>
        <extensions>
          <osmand:speed>0.8</osmand:speed>
        </extensions>
      </trkpt>
      <trkpt lat="47.2420384" lon="9.3331228">
        <ele>1862.4</ele>
        <time>2026-09-03T07:26:10Z</time>
        <hdop>10.7</hdop>
        <extensions>
          <osmand:speed>0.9</osmand:speed>
        </extensions>
      </trkpt>
      <trkpt lat="47.2420298" lon="9.3330687">
        <ele>1864.4</ele>
        <time>2026-09-03T07:26:16Z</time>
        <hdop>10.2</hdop>
        <extensions>
          <osmand:speed>0.5</osmand:speed>
        </extensions>
      </trkpt>
      <trkpt lat="47.2420362" lon="9.3330191">
        <ele>1865.4</ele>
        <time>2026-09-03T07:26:22Z</time>
        <hdop>8.7</hdop>
        <extensions>
          <osmand:speed>0.7</osmand:speed>
        </extensions>
      </trkpt>
      <trkpt lat="47.2420389" lon="9.3329477">
        <ele>1866.4</ele>
        <time>2026-09-03T07:26:28Z</time>
        <hdop>9.2</hdop>
        <extensions>
          <osmand:speed>1</osmand:speed>
        </extensions>
      </trkpt>
      <trkpt lat="47.2420497" lon="9.3328856">
        <ele>1867.4</ele>
        <time>2026-09-03T07:26:34Z</time>
        <hdop>8.7</hdop>
        <extensions>
          <osmand:speed>0.6</osmand:speed>
        </extensions>
      </trkpt>
      <trkpt lat="47.242053" lon="9.3328383">
        <ele>1868.4</ele>
        <time>2026-09-03T07:26:40Z</time>
        <hdop>10.2</hdop>
        <extensions>
          <osmand:speed>0.8</osmand:speed>
        </extensions>
      </trkpt>
      <trkpt lat="47.2420687" lon="9.3327707">
        <ele>1869.4</ele>
        <time>2026-09-03T07:26:46Z</time>
        <hdop>10.2</hdop>
        <extensions>
          <osmand:speed>0.8</osmand:speed>
        </extensions>
      </trkpt>
      <trkpt lat="47.2420915" lon="9.332721">
        <ele>1870.4</ele>
        <time>2026-09-03T07:26:52Z</time>
        <hdop>10.2</hdop>
        <extensions>
          <osmand:speed>0.8</osmand:speed>
        </extensions>
      </trkpt>
      <trkpt lat="47.2421199" lon="9.3326721">
        <ele>1870.4</ele>
        <time>2026-09-03T07:26:58Z</time>
        <hdop>10.2</hdop>
        <extensions>
          <osmand:speed>0.6</osmand:speed>
        </extensions>
      </trkpt>
      <trkpt lat="47.2421252" lon="9.3326449">
        <ele>1870.4</ele>
        <time>2026-09-03T07:27:04Z</time>
        <hdop>7.7</hdop>
      </trkpt>
      <trkpt lat="47.2421283" lon="9.3326096">
        <ele>1872.4</ele>
        <time>2026-09-03T07:27:20Z</time>
        <hdop>8.2</hdop>
        <extensions>
          <osmand:speed>0.9</osmand:speed>
        </extensions>
      </trkpt>
      <trkpt lat="47.242143" lon="9.3325708">
        <ele>1872.4</ele>
        <time>2026-09-03T07:27:26Z</time>
        <hdop>8.2</hdop>
        <extensions>
          <osmand:speed>0.3</osmand:speed>
        </extensions>
      </trkpt>
      <trkpt lat="47.2421679" lon="9.332541">
        <ele>1872.4</ele>
        <time>2026-09-03T07:27:32Z</time>
        <hdop>8.2</hdop>
        <extensions>
          <osmand:speed>0.5</osmand:speed>
        </extensions>
      </trkpt>
      <trkpt lat="47.2421944" lon="9.3324899">
        <ele>1873.4</ele>
        <time>2026-09-03T07:27:38Z</time>
        <hdop>10.2</hdop>
        <extensions>
          <osmand:speed>0.8</osmand:speed>
        </extensions>
      </trkpt>
      <trkpt lat="47.24222" lon="9.332437">
        <ele>1874.4</ele>
        <time>2026-09-03T07:27:44Z</time>
        <hdop>10.2</hdop>
        <extensions>
          <osmand:speed>0.4</osmand:speed>
        </extensions>
      </trkpt>
      <trkpt lat="47.2422448" lon="9.3324221">
        <ele>1875.4</ele>
        <time>2026-09-03T07:27:50Z</time>
        <hdop>11.2</hdop>
        <extensions>
          <osmand:speed>0.1</osmand:speed>
        </extensions>
      </trkpt>
      <trkpt lat="47.2422287" lon="9.3323953">
        <ele>1876.4</ele>
        <time>2026-09-03T07:27:56Z</time>
        <hdop>9.7</hdop>
        <extensions>
          <osmand:speed>0.7</osmand:speed>
        </extensions>
      </trkpt>
      <trkpt lat="47.2422397" lon="9.3323716">
        <ele>1876.4</ele>
        <time>2026-09-03T07:28:02Z</time>
        <hdop>10.7</hdop>
        <extensions>
          <osmand:speed>0.5</osmand:speed>
        </extensions>
      </trkpt>
      <trkpt lat="47.2422646" lon="9.3323834">
        <ele>1876.4</ele>
        <time>2026-09-03T07:28:08Z</time>
        <hdop>8.7</hdop>
        <extensions>
          <osmand:speed>0.5</osmand:speed>
        </extensions>
      </trkpt>
      <trkpt lat="47.2422878" lon="9.3323984">
        <ele>1876.4</ele>
        <time>2026-09-03T07:28:14Z</time>
        <hdop>9.2</hdop>
        <extensions>
          <osmand:speed>0.4</osmand:speed>
        </extensions>
      </trkpt>
      <trkpt lat="47.2423044" lon="9.3324388">
        <ele>1876.4</ele>
        <time>2026-09-03T07:28:20Z</time>
        <hdop>10.2</hdop>
        <extensions>
          <osmand:speed>0.8</osmand:speed>
        </extensions>
      </trkpt>
      <trkpt lat="47.2423292" lon="9.3324241">
        <ele>1875.4</ele>
        <time>2026-09-03T07:28:36Z</time>
        <hdop>10.7</hdop>
        <extensions>
          <osmand:speed>0.1</osmand:speed>
        </extensions>
      </trkpt>
      <trkpt lat="47.2423057" lon="9.332436">
        <ele>1877.4</ele>
        <time>2026-09-03T07:28:54Z</time>
        <hdop>8.2</hdop>
        <extensions>
          <osmand:speed>0.1</osmand:speed>
        </extensions>
      </trkpt>
      <trkpt lat="47.2423248" lon="9.3324147">
        <ele>1878.4</ele>
        <time>2026-09-03T07:29:14Z</time>
        <hdop>7.7</hdop>
        <extensions>
          <osmand:speed>0.7</osmand:speed>
        </extensions>
      </trkpt>
      <trkpt lat="47.2423548" lon="9.3323871">
        <ele>1880.4</ele>
        <time>2026-09-03T07:29:20Z</time>
        <hdop>10.2</hdop>
        <extensions>
          <osmand:speed>0.8</osmand:speed>
        </extensions>
      </trkpt>
      <trkpt lat="47.2423836" lon="9.3324428">
        <ele>1880.4</ele>
        <time>2026-09-03T07:29:26Z</time>
        <hdop>9.7</hdop>
        <extensions>
          <osmand:speed>0.4</osmand:speed>
        </extensions>
      </trkpt>
      <trkpt lat="47.2424044" lon="9.3324272">
        <ele>1881.4</ele>
        <time>2026-09-03T07:29:32Z</time>
        <hdop>9.7</hdop>
        <extensions>
          <osmand:speed>0.9</osmand:speed>
        </extensions>
      </trkpt>
      <trkpt lat="47.2424218" lon="9.3324349">
        <ele>1881.4</ele>
        <time>2026-09-03T07:29:38Z</time>
        <hdop>11.2</hdop>
        <extensions>
          <osmand:speed>0.9</osmand:speed>
        </extensions>
      </trkpt>
      <trkpt lat="47.2424509" lon="9.3324425">
        <ele>1881.4</ele>
        <time>2026-09-03T07:29:44Z</time>
        <hdop>9.7</hdop>
        <extensions>
          <osmand:speed>0.6</osmand:speed>
        </extensions>
      </trkpt>
      <trkpt lat="47.2424318" lon="9.3323954">
        <ele>1882.4</ele>
        <time>2026-09-03T07:29:50Z</time>
        <hdop>11.7</hdop>
        <extensions>
          <osmand:speed>0.9</osmand:speed>
        </extensions>
      </trkpt>
      <trkpt lat="47.2424365" lon="9.3323431">
        <ele>1884.4</ele>
        <time>2026-09-03T07:29:56Z</time>
        <hdop>9.7</hdop>
        <extensions>
          <osmand:speed>0.4</osmand:speed>
        </extensions>
      </trkpt>
      <trkpt lat="47.2424621" lon="9.3322737">
        <ele>1885.4</ele>
        <time>2026-09-03T07:30:02Z</time>
        <hdop>10.7</hdop>
        <extensions>
          <osmand:speed>0.9</osmand:speed>
        </extensions>
      </trkpt>
      <trkpt lat="47.2424685" lon="9.3322065">
        <ele>1887.4</ele>
        <time>2026-09-03T07:30:08Z</time>
        <hdop>9.7</hdop>
        <extensions>
          <osmand:speed>0.6</osmand:speed>
        </extensions>
      </trkpt>
      <trkpt lat="47.242476" lon="9.3321802">
        <ele>1889.4</ele>
        <time>2026-09-03T07:30:14Z</time>
        <hdop>9.2</hdop>
        <extensions>
          <osmand:speed>0.4</osmand:speed>
        </extensions>
      </trkpt>
      <trkpt lat="47.2425172" lon="9.3322">
        <ele>1889.4</ele>
        <time>2026-09-03T07:30:20Z</time>
        <hdop>9.7</hdop>
        <extensions>
          <osmand:speed>0.9</osmand:speed>
        </extensions>
      </trkpt>
      <trkpt lat="47.2425413" lon="9.332219">
        <ele>1890.4</ele>
        <time>2026-09-03T07:30:26Z</time>
        <hdop>9.7</hdop>
        <extensions>
          <osmand:speed>0.4</osmand:speed>
        </extensions>
      </trkpt>
      <trkpt lat="47.2425535" lon="9.3322494">
        <ele>1890.4</ele>
        <time>2026-09-03T07:30:32Z</time>
        <hdop>9.2</hdop>
        <extensions>
          <osmand:speed>0.4</osmand:speed>
        </extensions>
      </trkpt>
      <trkpt lat="47.242565" lon="9.3322699">
        <ele>1892.4</ele>
        <time>2026-09-03T07:30:40Z</time>
        <hdop>8.7</hdop>
        <extensions>
          <osmand:speed>0.6</osmand:speed>
        </extensions>
      </trkpt>
      <trkpt lat="47.2425857" lon="9.3322947">
        <ele>1891.4</ele>
        <time>2026-09-03T07:30:46Z</time>
        <hdop>9.7</hdop>
        <extensions>
          <osmand:speed>0.7</osmand:speed>
        </extensions>
      </trkpt>
      <trkpt lat="47.2425916" lon="9.3323217">
        <ele>1892.4</ele>
        <time>2026-09-03T07:31:00Z</time>
        <hdop>8.7</hdop>
        <extensions>
          <osmand:speed>0.6</osmand:speed>
        </extensions>
      </trkpt>
      <trkpt lat="47.2425994" lon="9.3323515">
        <ele>1893.4</ele>
        <time>2026-09-03T07:31:08Z</time>
        <hdop>8.7</hdop>
        <extensions>
          <osmand:speed>0.4</osmand:speed>
        </extensions>
      </trkpt>
      <trkpt lat="47.2426056" lon="9.3323881">
        <ele>1895.4</ele>
        <time>2026-09-03T07:31:14Z</time>
        <hdop>9.7</hdop>
        <extensions>
          <osmand:speed>0.5</osmand:speed>
        </extensions>
      </trkpt>
      <trkpt lat="47.242621" lon="9.3323587">
        <ele>1896.4</ele>
        <time>2026-09-03T07:31:20Z</time>
        <hdop>8.7</hdop>
        <extensions>
          <osmand:speed>0.8</osmand:speed>
        </extensions>
      </trkpt>
      <trkpt lat="47.2426286" lon="9.3323076">
        <ele>1897.4</ele>
        <time>2026-09-03T07:31:26Z</time>
        <hdop>8.2</hdop>
        <extensions>
          <osmand:speed>0.9</osmand:speed>
        </extensions>
      </trkpt>
      <trkpt lat="47.2426286" lon="9.3322507">
        <ele>1898.4</ele>
        <time>2026-09-03T07:31:32Z</time>
        <hdop>8.7</hdop>
        <extensions>
          <osmand:speed>0.5</osmand:speed>
        </extensions>
      </trkpt>
      <trkpt lat="47.242635" lon="9.3321805">
        <ele>1899.4</ele>
        <time>2026-09-03T07:31:38Z</time>
        <hdop>9.2</hdop>
        <extensions>
          <osmand:speed>0.5</osmand:speed>
        </extensions>
      </trkpt>
      <trkpt lat="47.2426306" lon="9.332123">
        <ele>1899.4</ele>
        <time>2026-09-03T07:31:44Z</time>
        <hdop>8.2</hdop>
        <extensions>
          <osmand:speed>0.7</osmand:speed>
        </extensions>
      </trkpt>
      <trkpt lat="47.2426186" lon="9.3320898">
        <ele>1900.4</ele>
        <time>2026-09-03T07:31:50Z</time>
        <hdop>9.2</hdop>
        <extensions>
          <osmand:speed>1</osmand:speed>
        </extensions>
      </trkpt>
      <trkpt lat="47.2426292" lon="9.3320557">
        <ele>1901.4</ele>
        <time>2026-09-03T07:31:56Z</time>
        <hdop>10.2</hdop>
        <extensions>
          <osmand:speed>0.3</osmand:speed>
        </extensions>
      </trkpt>
      <trkpt lat="47.2426207" lon="9.3319911">
        <ele>1903.4</ele>
        <time>2026-09-03T07:32:02Z</time>
        <hdop>10.2</hdop>
        <extensions>
          <osmand:speed>1</osmand:speed>
        </extensions>
      </trkpt>
      <trkpt lat="47.2426033" lon="9.3319131">
        <ele>1902.4</ele>
        <time>2026-09-03T07:32:08Z</time>
        <hdop>8.2</hdop>
        <extensions>
          <osmand:speed>1.1</osmand:speed>
        </extensions>
      </trkpt>
      <trkpt lat="47.2425772" lon="9.3318489">
        <ele>1903.4</ele>
        <time>2026-09-03T07:32:14Z</time>
        <hdop>10.2</hdop>
        <extensions>
          <osmand:speed>0.2</osmand:speed>
        </extensions>
      </trkpt>
      <trkpt lat="47.242569" lon="9.3317983">
        <ele>1904.4</ele>
        <time>2026-09-03T07:32:20Z</time>
        <hdop>10.2</hdop>
        <extensions>
          <osmand:speed>1</osmand:speed>
        </extensions>
      </trkpt>
      <trkpt lat="47.2425668" lon="9.3317616">
        <ele>1905.4</ele>
        <time>2026-09-03T07:32:26Z</time>
        <hdop>8.7</hdop>
        <extensions>
          <osmand:speed>0.6</osmand:speed>
        </extensions>
      </trkpt>
      <trkpt lat="47.2425828" lon="9.3317755">
        <ele>1904.4</ele>
        <time>2026-09-03T07:32:48Z</time>
        <hdop>4.6</hdop>
        <extensions>
          <osmand:speed>0.2</osmand:speed>
        </extensions>
      </trkpt>
      <trkpt lat="47.2425717" lon="9.3317462">
        <ele>1905.4</ele>
        <time>2026-09-03T07:33:04Z</time>
        <hdop>6.6</hdop>
        <extensions>
          <osmand:speed>0.5</osmand:speed>
        </extensions>
      </trkpt>
      <trkpt lat="47.2425684" lon="9.3317145">
        <ele>1905.4</ele>
        <time>2026-09-03T07:33:14Z</time>
        <hdop>7.7</hdop>
        <extensions>
          <osmand:speed>1.5</osmand:speed>
        </extensions>
      </trkpt>
      <trkpt lat="47.2425578" lon="9.3316522">
        <ele>1905.4</ele>
        <time>2026-09-03T07:33:20Z</time>
        <hdop>7.7</hdop>
        <extensions>
          <osmand:speed>0.9</osmand:speed>
        </extensions>
      </trkpt>
      <trkpt lat="47.2425889" lon="9.331614">
        <ele>1906.4</ele>
        <time>2026-09-03T07:33:26Z</time>
        <hdop>9.7</hdop>
        <extensions>
          <osmand:speed>0.5</osmand:speed>
        </extensions>
      </trkpt>
      <trkpt lat="47.2425854" lon="9.3315706">
        <ele>1907.4</ele>
        <time>2026-09-03T07:33:32Z</time>
        <hdop>9.7</hdop>
        <extensions>
          <osmand:speed>0.6</osmand:speed>
        </extensions>
      </trkpt>
      <trkpt lat="47.2425951" lon="9.3314986">
        <ele>1908.4</ele>
        <time>2026-09-03T07:33:38Z</time>
        <hdop>9.2</hdop>
        <extensions>
          <osmand:speed>0.6</osmand:speed>
        </extensions>
      </trkpt>
      <trkpt lat="47.2426241" lon="9.3314906">
        <ele>1910.4</ele>
        <time>2026-09-03T07:33:44Z</time>
        <hdop>8.2</hdop>
        <extensions>
          <osmand:speed>0.3</osmand:speed>
        </extensions>
      </trkpt>
      <trkpt lat="47.2426368" lon="9.331461">
        <ele>1911.4</ele>
        <time>2026-09-03T07:33:50Z</time>
        <hdop>8.7</hdop>
        <extensions>
          <osmand:speed>0.5</osmand:speed>
        </extensions>
      </trkpt>
      <trkpt lat="47.2426593" lon="9.3314161">
        <ele>1913.4</ele>
        <time>2026-09-03T07:33:56Z</time>
        <hdop>10.2</hdop>
        <extensions>
          <osmand:speed>0.8</osmand:speed>
        </extensions>
      </trkpt>
      <trkpt lat="47.2426605" lon="9.3313865">
        <ele>1913.4</ele>
        <time>2026-09-03T07:34:02Z</time>
        <hdop>6.1</hdop>
      </trkpt>
      <trkpt lat="47.2426432" lon="9.3313753">
        <ele>1913.4</ele>
        <time>2026-09-03T07:34:15Z</time>
        <hdop>6.1</hdop>
        <extensions>
          <osmand:speed>0.1</osmand:speed>
        </extensions>
      </trkpt>
      <trkpt lat="47.2426599" lon="9.3313546">
        <ele>1913.4</ele>
        <time>2026-09-03T07:34:21Z</time>
        <hdop>7.7</hdop>
        <extensions>
          <osmand:speed>0.7</osmand:speed>
        </extensions>
      </trkpt>
      <trkpt lat="47.2426845" lon="9.3313524">
        <ele>1914.4</ele>
        <time>2026-09-03T07:34:27Z</time>
        <hdop>9.7</hdop>
        <extensions>
          <osmand:speed>0.6</osmand:speed>
        </extensions>
      </trkpt>
      <trkpt lat="47.2427055" lon="9.331345">
        <ele>1914.4</ele>
        <time>2026-09-03T07:34:33Z</time>
        <hdop>10.2</hdop>
        <extensions>
          <osmand:speed>0.3</osmand:speed>
        </extensions>
      </trkpt>
      <trkpt lat="47.2427338" lon="9.331344">
        <ele>1914.4</ele>
        <time>2026-09-03T07:34:39Z</time>
        <hdop>11.2</hdop>
        <extensions>
          <osmand:speed>0.7</osmand:speed>
        </extensions>
      </trkpt>
      <trkpt lat="47.2427614" lon="9.3313313">
        <ele>1914.4</ele>
        <time>2026-09-03T07:34:45Z</time>
        <hdop>10.7</hdop>
        <extensions>
          <osmand:speed>0.7</osmand:speed>
        </extensions>
      </trkpt>
      <trkpt lat="47.2427888" lon="9.3313477">
        <ele>1914.4</ele>
        <time>2026-09-03T07:34:51Z</time>
        <hdop>10.7</hdop>
        <extensions>
          <osmand:speed>0.7</osmand:speed>
        </extensions>
      </trkpt>
      <trkpt lat="47.2427935" lon="9.3313866">
        <ele>1914.4</ele>
        <time>2026-09-03T07:34:57Z</time>
        <hdop>10.2</hdop>
        <extensions>
          <osmand:speed>0.6</osmand:speed>
        </extensions>
      </trkpt>
      <trkpt lat="47.2427896" lon="9.3314307">
        <ele>1915.4</ele>
        <time>2026-09-03T07:35:03Z</time>
        <hdop>9.2</hdop>
        <extensions>
          <osmand:speed>1</osmand:speed>
        </extensions>
      </trkpt>
      <trkpt lat="47.2427809" lon="9.3314826">
        <ele>1916.4</ele>
        <time>2026-09-03T07:35:09Z</time>
        <hdop>10.2</hdop>
        <extensions>
          <osmand:speed>0.5</osmand:speed>
        </extensions>
      </trkpt>
      <trkpt lat="47.2427779" lon="9.331516">
        <ele>1916.4</ele>
        <time>2026-09-03T07:35:15Z</time>
        <hdop>10.2</hdop>
        <extensions>
          <osmand:speed>0.4</osmand:speed>
        </extensions>
      </trkpt>
      <trkpt lat="47.2428015" lon="9.3314976">
        <ele>1916.4</ele>
        <time>2026-09-03T07:35:21Z</time>
        <hdop>10.2</hdop>
        <extensions>
          <osmand:speed>0.5</osmand:speed>
        </extensions>
      </trkpt>
      <trkpt lat="47.2428125" lon="9.3315218">
        <ele>1917.4</ele>
        <time>2026-09-03T07:35:27Z</time>
        <hdop>10.2</hdop>
        <extensions>
          <osmand:speed>0.2</osmand:speed>
        </extensions>
      </trkpt>
      <trkpt lat="47.2428105" lon="9.3315659">
        <ele>1919.4</ele>
        <time>2026-09-03T07:35:36Z</time>
        <hdop>13.3</hdop>
        <extensions>
          <osmand:speed>0.3</osmand:speed>
        </extensions>
      </trkpt>
      <trkpt lat="47.2427977" lon="9.3315902">
        <ele>1921.4</ele>
        <time>2026-09-03T07:35:42Z</time>
        <hdop>8.7</hdop>
        <extensions>
          <osmand:speed>0.4</osmand:speed>
        </extensions>
      </trkpt>
      <trkpt lat="47.242821" lon="9.3315864">
        <ele>1922.4</ele>
        <time>2026-09-03T07:35:51Z</time>
        <hdop>6.1</hdop>
        <extensions>
          <osmand:speed>0.5</osmand:speed>
        </extensions>
      </trkpt>
      <trkpt lat="47.2428307" lon="9.3315602">
        <ele>1925.4</ele>
        <time>2026-09-03T07:36:14Z</time>
        <hdop>5.1</hdop>
        <extensions>
          <osmand:speed>0.7</osmand:speed>
        </extensions>
      </trkpt>
      <trkpt lat="47.2428689" lon="9.3315311">
        <ele>1928.4</ele>
        <time>2026-09-03T07:36:20Z</time>
        <hdop>7.7</hdop>
        <extensions>
          <osmand:speed>1</osmand:speed>
        </extensions>
      </trkpt>
      <trkpt lat="47.2429027" lon="9.3315668">
        <ele>1928.4</ele>
        <time>2026-09-03T07:36:26Z</time>
        <hdop>6.1</hdop>
        <extensions>
          <osmand:speed>0.2</osmand:speed>
        </extensions>
      </trkpt>
      <trkpt lat="47.2429207" lon="9.3315612">
        <ele>1929.4</ele>
        <time>2026-09-03T07:36:33Z</time>
        <hdop>6.6</hdop>
        <extensions>
          <osmand:speed>0.5</osmand:speed>
        </extensions>
      </trkpt>
      <trkpt lat="47.2429303" lon="9.3316055">
        <ele>1930.4</ele>
        <time>2026-09-03T07:36:39Z</time>
        <hdop>6.6</hdop>
        <extensions>
          <osmand:speed>0.5</osmand:speed>
        </extensions>
      </trkpt>
      <trkpt lat="47.2429311" lon="9.3316474">
        <ele>1932.4</ele>
        <time>2026-09-03T07:36:45Z</time>
        <hdop>5.6</hdop>
        <extensions>
          <osmand:speed>1.1</osmand:speed>
        </extensions>
      </trkpt>
      <trkpt lat="47.2429254" lon="9.3317316">
        <ele>1933.4</ele>
        <time>2026-09-03T07:36:51Z</time>
        <hdop>5.1</hdop>
        <extensions>
          <osmand:speed>0.9</osmand:speed>
        </extensions>
      </trkpt>
      <trkpt lat="47.2429207" lon="9.3318202">
        <ele>1933.4</ele>
        <time>2026-09-03T07:36:57Z</time>
        <hdop>5.1</hdop>
        <extensions>
          <osmand:speed>1.1</osmand:speed>
        </extensions>
      </trkpt>
      <trkpt lat="47.2429274" lon="9.3319108">
        <ele>1934.4</ele>
        <time>2026-09-03T07:37:03Z</time>
        <hdop>6.1</hdop>
        <extensions>
          <osmand:speed>0.8</osmand:speed>
        </extensions>
      </trkpt>
      <trkpt lat="47.2429265" lon="9.3319652">
        <ele>1934.4</ele>
        <time>2026-09-03T07:37:09Z</time>
        <hdop>5.1</hdop>
        <extensions>
          <osmand:speed>0.7</osmand:speed>
        </extensions>
      </trkpt>
      <trkpt lat="47.2429293" lon="9.332031">
        <ele>1934.4</ele>
        <time>2026-09-03T07:37:15Z</time>
        <hdop>6.1</hdop>
        <extensions>
          <osmand:speed>1</osmand:speed>
        </extensions>
      </trkpt>
      <trkpt lat="47.2429284" lon="9.3321066">
        <ele>1935.4</ele>
        <time>2026-09-03T07:37:21Z</time>
        <hdop>5.6</hdop>
        <extensions>
          <osmand:speed>1</osmand:speed>
        </extensions>
      </trkpt>
      <trkpt lat="47.2429477" lon="9.3321268">
        <ele>1935.4</ele>
        <time>2026-09-03T07:37:30Z</time>
        <hdop>5.1</hdop>
        <extensions>
          <osmand:speed>0.9</osmand:speed>
        </extensions>
      </trkpt>
      <trkpt lat="47.2429699" lon="9.3322062">
        <ele>1935.4</ele>
        <time>2026-09-03T07:37:36Z</time>
        <hdop>5.6</hdop>
        <extensions>
          <osmand:speed>0.8</osmand:speed>
        </extensions>
      </trkpt>
      <trkpt lat="47.2430093" lon="9.3322413">
        <ele>1935.4</ele>
        <time>2026-09-03T07:37:42Z</time>
        <hdop>5.6</hdop>
        <extensions>
          <osmand:speed>0.8</osmand:speed>
        </extensions>
      </trkpt>
      <trkpt lat="47.2430343" lon="9.3323111">
        <ele>1935.4</ele>
        <time>2026-09-03T07:37:48Z</time>
        <hdop>5.6</hdop>
        <extensions>
          <osmand:speed>0.7</osmand:speed>
        </extensions>
      </trkpt>
      <trkpt lat="47.2430654" lon="9.332349">
        <ele>1934.4</ele>
        <time>2026-09-03T07:37:54Z</time>
        <hdop>6.1</hdop>
        <extensions>
          <osmand:speed>0.6</osmand:speed>
        </extensions>
      </trkpt>
      <trkpt lat="47.2430721" lon="9.3323746">
        <ele>1935.4</ele>
        <time>2026-09-03T07:38:00Z</time>
        <hdop>6.1</hdop>
        <extensions>
          <osmand:speed>0.3</osmand:speed>
        </extensions>
      </trkpt>
      <trkpt lat="47.2430985" lon="9.3323493">
        <ele>1936.4</ele>
        <time>2026-09-03T07:38:06Z</time>
        <hdop>5.1</hdop>
        <extensions>
          <osmand:speed>1.1</osmand:speed>
        </extensions>
      </trkpt>
      <trkpt lat="47.243106" lon="9.332322">
        <ele>1936.4</ele>
        <time>2026-09-03T07:38:12Z</time>
        <hdop>5.1</hdop>
        <extensions>
          <osmand:speed>0.3</osmand:speed>
        </extensions>
      </trkpt>
      <trkpt lat="47.243111" lon="9.3322794">
        <ele>1937.4</ele>
        <time>2026-09-03T07:38:18Z</time>
        <hdop>5.6</hdop>
        <extensions>
          <osmand:speed>0.8</osmand:speed>
        </extensions>
      </trkpt>
      <trkpt lat="47.2431099" lon="9.3322447">
        <ele>1938.4</ele>
        <time>2026-09-03T07:38:24Z</time>
        <hdop>5.6</hdop>
        <extensions>
          <osmand:speed>0.8</osmand:speed>
        </extensions>
      </trkpt>
      <trkpt lat="47.243138" lon="9.3322015">
        <ele>1940.4</ele>
        <time>2026-09-03T07:38:30Z</time>
        <hdop>5.6</hdop>
        <extensions>
          <osmand:speed>0.1</osmand:speed>
        </extensions>
      </trkpt>
      <trkpt lat="47.2431369" lon="9.3322406">
        <ele>1945.4</ele>
        <time>2026-09-03T07:38:36Z</time>
        <hdop>5.1</hdop>
        <extensions>
          <osmand:speed>0.6</osmand:speed>
        </extensions>
      </trkpt>
      <trkpt lat="47.2431444" lon="9.3322777">
        <ele>1948.4</ele>
        <time>2026-09-03T07:38:50Z</time>
        <hdop>5.6</hdop>
        <extensions>
          <osmand:speed>0.8</osmand:speed>
        </extensions>
      </trkpt>
      <trkpt lat="47.2431601" lon="9.3323221">
        <ele>1951.4</ele>
        <time>2026-09-03T07:38:56Z</time>
        <hdop>7.7</hdop>
        <extensions>
          <osmand:speed>0.4</osmand:speed>
        </extensions>
      </trkpt>
      <trkpt lat="47.2431779" lon="9.332382">
        <ele>1953.4</ele>
        <time>2026-09-03T07:39:02Z</time>
        <hdop>6.6</hdop>
        <extensions>
          <osmand:speed>0.6</osmand:speed>
        </extensions>
      </trkpt>
      <trkpt lat="47.2431974" lon="9.3324435">
        <ele>1954.4</ele>
        <time>2026-09-03T07:39:08Z</time>
        <hdop>6.1</hdop>
        <extensions>
          <osmand:speed>0.8</osmand:speed>
        </extensions>
      </trkpt>
      <trkpt lat="47.2432173" lon="9.3324834">
        <ele>1954.4</ele>
        <time>2026-09-03T07:39:14Z</time>
        <hdop>6.1</hdop>
        <extensions>
          <osmand:speed>0.3</osmand:speed>
        </extensions>
      </trkpt>
      <trkpt lat="47.2432274" lon="9.3325171">
        <ele>1954.4</ele>
        <time>2026-09-03T07:39:20Z</time>
        <hdop>5.1</hdop>
        <extensions>
          <osmand:speed>0.4</osmand:speed>
        </extensions>
      </trkpt>
      <trkpt lat="47.2432266" lon="9.3325495">
        <ele>1954.4</ele>
        <time>2026-09-03T07:39:26Z</time>
        <hdop>6.6</hdop>
        <extensions>
          <osmand:speed>0.6</osmand:speed>
        </extensions>
      </trkpt>
      <trkpt lat="47.2432285" lon="9.3325764">
        <ele>1955.4</ele>
        <time>2026-09-03T07:39:32Z</time>
        <hdop>6.1</hdop>
        <extensions>
          <osmand:speed>0.3</osmand:speed>
        </extensions>
      </trkpt>
      <trkpt lat="47.2432475" lon="9.3325839">
        <ele>1956.4</ele>
        <time>2026-09-03T07:41:41Z</time>
        <hdop>6.1</hdop>
        <extensions>
          <osmand:speed>0.1</osmand:speed>
        </extensions>
      </trkpt>
      <trkpt lat="47.243266" lon="9.332591">
        <ele>1954.4</ele>
        <time>2026-09-03T07:41:50Z</time>
        <hdop>6.6</hdop>
        <extensions>
          <osmand:speed>0.1</osmand:speed>
        </extensions>
      </trkpt>
      <trkpt lat="47.2432834" lon="9.3326136">
        <ele>1957.4</ele>
        <time>2026-09-03T07:42:11Z</time>
        <hdop>7.1</hdop>
        <extensions>
          <osmand:speed>1.1</osmand:speed>
        </extensions>
      </trkpt>
      <trkpt lat="47.2432887" lon="9.3326604">
        <ele>1960.4</ele>
        <time>2026-09-03T07:42:17Z</time>
        <hdop>5.1</hdop>
        <extensions>
          <osmand:speed>0.6</osmand:speed>
        </extensions>
      </trkpt>
      <trkpt lat="47.2433013" lon="9.3326926">
        <ele>1962.4</ele>
        <time>2026-09-03T07:42:23Z</time>
        <hdop>5.6</hdop>
        <extensions>
          <osmand:speed>0.4</osmand:speed>
        </extensions>
      </trkpt>
      <trkpt lat="47.2433108" lon="9.3327208">
        <ele>1964.4</ele>
        <time>2026-09-03T07:42:29Z</time>
        <hdop>6.1</hdop>
        <extensions>
          <osmand:speed>1</osmand:speed>
        </extensions>
      </trkpt>
      <trkpt lat="47.2433313" lon="9.3327486">
        <ele>1963.4</ele>
        <time>2026-09-03T07:42:35Z</time>
        <hdop>6.6</hdop>
        <extensions>
          <osmand:speed>0.2</osmand:speed>
        </extensions>
      </trkpt>
      <trkpt lat="47.2433616" lon="9.3327809">
        <ele>1964.4</ele>
        <time>2026-09-03T07:42:41Z</time>
        <hdop>5.6</hdop>
        <extensions>
          <osmand:speed>0.8</osmand:speed>
        </extensions>
      </trkpt>
      <trkpt lat="47.2433778" lon="9.3328201">
        <ele>1964.4</ele>
        <time>2026-09-03T07:42:47Z</time>
        <hdop>5.1</hdop>
        <extensions>
          <osmand:speed>0.5</osmand:speed>
        </extensions>
      </trkpt>
      <trkpt lat="47.2433959" lon="9.3328596">
        <ele>1964.4</ele>
        <time>2026-09-03T07:42:53Z</time>
        <hdop>5.1</hdop>
        <extensions>
          <osmand:speed>0.6</osmand:speed>
        </extensions>
      </trkpt>
      <trkpt lat="47.2434079" lon="9.3328865">
        <ele>1965.4</ele>
        <time>2026-09-03T07:42:59Z</time>
        <hdop>5.1</hdop>
        <extensions>
          <osmand:speed>0.3</osmand:speed>
        </extensions>
      </trkpt>
      <trkpt lat="47.2434256" lon="9.3328715">
        <ele>1966.4</ele>
        <time>2026-09-03T07:43:09Z</time>
        <hdop>5.1</hdop>
        <extensions>
          <osmand:speed>0.6</osmand:speed>
        </extensions>
      </trkpt>
      <trkpt lat="47.2434387" lon="9.3328226">
        <ele>1965.4</ele>
        <time>2026-09-03T07:43:15Z</time>
        <hdop>6.1</hdop>
        <extensions>
          <osmand:speed>0.5</osmand:speed>
        </extensions>
      </trkpt>
      <trkpt lat="47.2434437" lon="9.332771">
        <ele>1965.4</ele>
        <time>2026-09-03T07:43:21Z</time>
        <hdop>5.1</hdop>
        <extensions>
          <osmand:speed>0.7</osmand:speed>
        </extensions>
      </trkpt>
      <trkpt lat="47.2434635" lon="9.3327258">
        <ele>1966.4</ele>
        <time>2026-09-03T07:43:27Z</time>
        <hdop>5.1</hdop>
        <extensions>
          <osmand:speed>0.3</osmand:speed>
        </extensions>
      </trkpt>
      <trkpt lat="47.2434858" lon="9.3327325">
        <ele>1967.4</ele>
        <time>2026-09-03T07:43:33Z</time>
        <hdop>5.6</hdop>
        <extensions>
          <osmand:speed>0.8</osmand:speed>
        </extensions>
      </trkpt>
      <trkpt lat="47.2434994" lon="9.3327615">
        <ele>1968.4</ele>
        <time>2026-09-03T07:43:39Z</time>
        <hdop>6.6</hdop>
        <extensions>
          <osmand:speed>0.6</osmand:speed>
        </extensions>
      </trkpt>
      <trkpt lat="47.2435281" lon="9.3327829">
        <ele>1970.4</ele>
        <time>2026-09-03T07:43:45Z</time>
        <hdop>5.6</hdop>
        <extensions>
          <osmand:speed>0.6</osmand:speed>
        </extensions>
      </trkpt>
      <trkpt lat="47.2435598" lon="9.3328019">
        <ele>1971.4</ele>
        <time>2026-09-03T07:43:51Z</time>
        <hdop>5.1</hdop>
        <extensions>
          <osmand:speed>0.5</osmand:speed>
        </extensions>
      </trkpt>
      <trkpt lat="47.2436015" lon="9.3327873">
        <ele>1971.4</ele>
        <time>2026-09-03T07:43:57Z</time>
        <hdop>4.6</hdop>
        <extensions>
          <osmand:speed>0.9</osmand:speed>
        </extensions>
      </trkpt>
      <trkpt lat="47.2436431" lon="9.3327629">
        <ele>1971.4</ele>
        <time>2026-09-03T07:44:03Z</time>
        <hdop>4.6</hdop>
        <extensions>
          <osmand:speed>0.4</osmand:speed>
        </extensions>
      </trkpt>
      <trkpt lat="47.2436712" lon="9.3327499">
        <ele>1970.4</ele>
        <time>2026-09-03T07:44:09Z</time>
        <hdop>4.6</hdop>
        <extensions>
          <osmand:speed>0.1</osmand:speed>
        </extensions>
      </trkpt>
      <trkpt lat="47.2437034" lon="9.3327555">
        <ele>1972.4</ele>
        <time>2026-09-03T07:44:15Z</time>
        <hdop>5.1</hdop>
        <extensions>
          <osmand:speed>0.8</osmand:speed>
        </extensions>
      </trkpt>
      <trkpt lat="47.2437236" lon="9.3327925">
        <ele>1974.4</ele>
        <time>2026-09-03T07:44:21Z</time>
        <hdop>5.1</hdop>
        <extensions>
          <osmand:speed>0.1</osmand:speed>
        </extensions>
      </trkpt>
      <trkpt lat="47.2437387" lon="9.3328096">
        <ele>1977.4</ele>
        <time>2026-09-03T07:44:27Z</time>
        <hdop>5.1</hdop>
        <extensions>
          <osmand:speed>0.6</osmand:speed>
        </extensions>
      </trkpt>
      <trkpt lat="47.243754" lon="9.332795">
        <ele>1976.4</ele>
        <time>2026-09-03T07:44:36Z</time>
        <hdop>4.6</hdop>
        <extensions>
          <osmand:speed>0.3</osmand:speed>
        </extensions>
      </trkpt>
      <trkpt lat="47.2437502" lon="9.3327479">
        <ele>1975.4</ele>
        <time>2026-09-03T07:44:42Z</time>
        <hdop>4.1</hdop>
        <extensions>
          <osmand:speed>0.9</osmand:speed>
        </extensions>
      </trkpt>
      <trkpt lat="47.2437594" lon="9.3326935">
        <ele>1975.4</ele>
        <time>2026-09-03T07:44:48Z</time>
        <hdop>5.1</hdop>
        <extensions>
          <osmand:speed>0.3</osmand:speed>
        </extensions>
      </trkpt>
      <trkpt lat="47.243767" lon="9.3326391">
        <ele>1974.4</ele>
        <time>2026-09-03T07:44:54Z</time>
        <hdop>4.6</hdop>
        <extensions>
          <osmand:speed>0.4</osmand:speed>
        </extensions>
      </trkpt>
      <trkpt lat="47.2437725" lon="9.3325842">
        <ele>1974.4</ele>
        <time>2026-09-03T07:45:00Z</time>
        <hdop>5.1</hdop>
        <extensions>
          <osmand:speed>0.5</osmand:speed>
        </extensions>
      </trkpt>
      <trkpt lat="47.243774" lon="9.3325485">
        <ele>1973.4</ele>
        <time>2026-09-03T07:45:10Z</time>
        <hdop>5.1</hdop>
        <extensions>
          <osmand:speed>1</osmand:speed>
        </extensions>
      </trkpt>
      <trkpt lat="47.2437765" lon="9.3324995">
        <ele>1974.4</ele>
        <time>2026-09-03T07:45:16Z</time>
        <hdop>4.1</hdop>
        <extensions>
          <osmand:speed>0.4</osmand:speed>
        </extensions>
      </trkpt>
      <trkpt lat="47.2437913" lon="9.3324703">
        <ele>1973.4</ele>
        <time>2026-09-03T07:45:27Z</time>
        <hdop>4.6</hdop>
        <extensions>
          <osmand:speed>1.1</osmand:speed>
        </extensions>
      </trkpt>
      <trkpt lat="47.2437884" lon="9.3323853">
        <ele>1974.4</ele>
        <time>2026-09-03T07:45:33Z</time>
        <hdop>5.6</hdop>
        <extensions>
          <osmand:speed>0.1</osmand:speed>
        </extensions>
      </trkpt>
      <trkpt lat="47.2438149" lon="9.3323835">
        <ele>1977.4</ele>
        <time>2026-09-03T07:45:39Z</time>
        <hdop>5.1</hdop>
        <extensions>
          <osmand:speed>1.1</osmand:speed>
        </extensions>
      </trkpt>
      <trkpt lat="47.2438356" lon="9.3323679">
        <ele>1979.4</ele>
        <time>2026-09-03T07:45:48Z</time>
        <hdop>5.1</hdop>
        <extensions>
          <osmand:speed>0.9</osmand:speed>
        </extensions>
      </trkpt>
      <trkpt lat="47.2438562" lon="9.3323363">
        <ele>1980.4</ele>
        <time>2026-09-03T07:45:54Z</time>
        <hdop>5.1</hdop>
        <extensions>
          <osmand:speed>0.3</osmand:speed>
        </extensions>
      </trkpt>
      <trkpt lat="47.243871" lon="9.3323036">
        <ele>1982.4</ele>
        <time>2026-09-03T07:46:02Z</time>
        <hdop>5.1</hdop>
        <extensions>
          <osmand:speed>0.4</osmand:speed>
        </extensions>
      </trkpt>
      <trkpt lat="47.2438798" lon="9.3322805">
        <ele>1985.4</ele>
        <time>2026-09-03T07:46:08Z</time>
        <hdop>5.6</hdop>
        <extensions>
          <osmand:speed>0.8</osmand:speed>
        </extensions>
      </trkpt>
      <trkpt lat="47.2438766" lon="9.3323336">
        <ele>1987.4</ele>
        <time>2026-09-03T07:46:14Z</time>
        <hdop>6.1</hdop>
        <extensions>
          <osmand:speed>0.3</osmand:speed>
        </extensions>
      </trkpt>
      <trkpt lat="47.2438964" lon="9.3323767">
        <ele>1986.4</ele>
        <time>2026-09-03T07:46:20Z</time>
        <hdop>5.1</hdop>
        <extensions>
          <osmand:speed>0.2</osmand:speed>
        </extensions>
      </trkpt>
      <trkpt lat="47.2439341" lon="9.3324153">
        <ele>1989.4</ele>
        <time>2026-09-03T07:46:26Z</time>
        <hdop>5.6</hdop>
        <extensions>
          <osmand:speed>0.8</osmand:speed>
        </extensions>
      </trkpt>
      <trkpt lat="47.2439547" lon="9.3324705">
        <ele>1991.4</ele>
        <time>2026-09-03T07:46:32Z</time>
        <hdop>5.1</hdop>
        <extensions>
          <osmand:speed>0.6</osmand:speed>
        </extensions>
      </trkpt>
      <trkpt lat="47.2439571" lon="9.3325097">
        <ele>1991.4</ele>
        <time>2026-09-03T07:46:38Z</time>
        <hdop>6.6</hdop>
        <extensions>
          <osmand:speed>0.7</osmand:speed>
        </extensions>
      </trkpt>
      <trkpt lat="47.2439551" lon="9.3325761">
        <ele>1993.4</ele>
        <time>2026-09-03T07:46:44Z</time>
        <hdop>6.1</hdop>
        <extensions>
          <osmand:speed>0.8</osmand:speed>
        </extensions>
      </trkpt>
      <trkpt lat="47.2439581" lon="9.3326181">
        <ele>1994.4</ele>
        <time>2026-09-03T07:46:50Z</time>
        <hdop>8.7</hdop>
        <extensions>
          <osmand:speed>0.1</osmand:speed>
        </extensions>
      </trkpt>
      <trkpt lat="47.2439688" lon="9.3326478">
        <ele>1995.4</ele>
        <time>2026-09-03T07:46:59Z</time>
        <hdop>6.1</hdop>
        <extensions>
          <osmand:speed>0.3</osmand:speed>
        </extensions>
      </trkpt>
      <trkpt lat="47.2439839" lon="9.3326973">
        <ele>1994.4</ele>
        <time>2026-09-03T07:47:05Z</time>
        <hdop>5.6</hdop>
        <extensions>
          <osmand:speed>0.7</osmand:speed>
        </extensions>
      </trkpt>
      <trkpt lat="47.2440198" lon="9.3327721">
        <ele>1993.4</ele>
        <time>2026-09-03T07:47:11Z</time>
        <hdop>6.6</hdop>
        <extensions>
          <osmand:speed>1</osmand:speed>
        </extensions>
      </trkpt>
      <trkpt lat="47.2440399" lon="9.3328028">
        <ele>1993.4</ele>
        <time>2026-09-03T07:47:17Z</time>
        <hdop>5.6</hdop>
        <extensions>
          <osmand:speed>0.8</osmand:speed>
        </extensions>
      </trkpt>
      <trkpt lat="47.2440775" lon="9.332862">
        <ele>1993.4</ele>
        <time>2026-09-03T07:47:23Z</time>
        <hdop>5.6</hdop>
        <extensions>
          <osmand:speed>1.1</osmand:speed>
        </extensions>
      </trkpt>
      <trkpt lat="47.2441171" lon="9.3329596">
        <ele>1994.4</ele>
        <time>2026-09-03T07:47:29Z</time>
        <hdop>5.1</hdop>
        <extensions>
          <osmand:speed>1.1</osmand:speed>
        </extensions>
      </trkpt>
      <trkpt lat="47.24414" lon="9.3330463">
        <ele>1993.4</ele>
        <time>2026-09-03T07:47:35Z</time>
        <hdop>5.1</hdop>
        <extensions>
          <osmand:speed>1.2</osmand:speed>
        </extensions>
      </trkpt>
      <trkpt lat="47.2441495" lon="9.3330849">
        <ele>1992.4</ele>
        <time>2026-09-03T07:47:41Z</time>
        <hdop>4.6</hdop>
        <extensions>
          <osmand:speed>0.7</osmand:speed>
        </extensions>
      </trkpt>
      <trkpt lat="47.2441566" lon="9.3329997">
        <ele>1992.4</ele>
        <time>2026-09-03T07:47:47Z</time>
        <hdop>4.6</hdop>
        <extensions>
          <osmand:speed>0.9</osmand:speed>
        </extensions>
      </trkpt>
      <trkpt lat="47.2441482" lon="9.3329189">
        <ele>1992.4</ele>
        <time>2026-09-03T07:47:53Z</time>
        <hdop>4.6</hdop>
        <extensions>
          <osmand:speed>1.1</osmand:speed>
        </extensions>
      </trkpt>
      <trkpt lat="47.244138" lon="9.3328431">
        <ele>1993.4</ele>
        <time>2026-09-03T07:47:59Z</time>
        <hdop>5.6</hdop>
        <extensions>
          <osmand:speed>0.4</osmand:speed>
        </extensions>
      </trkpt>
      <trkpt lat="47.2441569" lon="9.3327765">
        <ele>1993.4</ele>
        <time>2026-09-03T07:48:05Z</time>
        <hdop>7.1</hdop>
        <extensions>
          <osmand:speed>0.4</osmand:speed>
        </extensions>
      </trkpt>
      <trkpt lat="47.2441516" lon="9.3327492">
        <ele>1990.4</ele>
        <time>2026-09-03T07:48:42Z</time>
        <hdop>4.6</hdop>
        <extensions>
          <osmand:speed>1.4</osmand:speed>
        </extensions>
      </trkpt>
      <trkpt lat="47.2441366" lon="9.332679">
        <ele>1990.4</ele>
        <time>2026-09-03T07:48:48Z</time>
        <hdop>4.1</hdop>
        <extensions>
          <osmand:speed>0.6</osmand:speed>
        </extensions>
      </trkpt>
      <trkpt lat="47.2441571" lon="9.3326159">
        <ele>1990.4</ele>
        <time>2026-09-03T07:48:54Z</time>
        <hdop>5.6</hdop>
        <extensions>
          <osmand:speed>0.2</osmand:speed>
        </extensions>
      </trkpt>
      <trkpt lat="47.2441571" lon="9.3325723">
        <ele>1992.4</ele>
        <time>2026-09-03T07:49:00Z</time>
        <hdop>4.6</hdop>
        <extensions>
          <osmand:speed>0.9</osmand:speed>
        </extensions>
      </trkpt>
      <trkpt lat="47.2441814" lon="9.3325488">
        <ele>1993.4</ele>
        <time>2026-09-03T07:49:06Z</time>
        <hdop>5.1</hdop>
        <extensions>
          <osmand:speed>0.2</osmand:speed>
        </extensions>
      </trkpt>
      <trkpt lat="47.2441845" lon="9.3325183">
        <ele>1993.4</ele>
        <time>2026-09-03T07:49:14Z</time>
        <hdop>5.6</hdop>
        <extensions>
          <osmand:speed>0.1</osmand:speed>
        </extensions>
      </trkpt>
      <trkpt lat="47.2441801" lon="9.3324703">
        <ele>1995.4</ele>
        <time>2026-09-03T07:49:20Z</time>
        <hdop>6.1</hdop>
        <extensions>
          <osmand:speed>0.8</osmand:speed>
        </extensions>
      </trkpt>
      <trkpt lat="47.2441934" lon="9.3324484">
        <ele>1995.4</ele>
        <time>2026-09-03T07:49:26Z</time>
        <hdop>4.6</hdop>
        <extensions>
          <osmand:speed>0.3</osmand:speed>
        </extensions>
      </trkpt>
      <trkpt lat="47.2442332" lon="9.3323948">
        <ele>1995.4</ele>
        <time>2026-09-03T07:49:32Z</time>
        <hdop>5.1</hdop>
        <extensions>
          <osmand:speed>1.1</osmand:speed>
        </extensions>
      </trkpt>
      <trkpt lat="47.2442635" lon="9.3323516">
        <ele>1998.4</ele>
        <time>2026-09-03T07:49:38Z</time>
        <hdop>5.1</hdop>
        <extensions>
          <osmand:speed>0.6</osmand:speed>
        </extensions>
      </trkpt>
      <trkpt lat="47.2442924" lon="9.3323297">
        <ele>1999.4</ele>
        <time>2026-09-03T07:49:44Z</time>
        <hdop>4.6</hdop>
        <extensions>
          <osmand:speed>0.6</osmand:speed>
        </extensions>
      </trkpt>
      <trkpt lat="47.2443108" lon="9.3322773">
        <ele>2000.4</ele>
        <time>2026-09-03T07:49:50Z</time>
        <hdop>4.6</hdop>
        <extensions>
          <osmand:speed>0.7</osmand:speed>
        </extensions>
      </trkpt>
      <trkpt lat="47.2443123" lon="9.3322244">
        <ele>2000.4</ele>
        <time>2026-09-03T07:49:56Z</time>
        <hdop>4.6</hdop>
        <extensions>
          <osmand:speed>0.4</osmand:speed>
        </extensions>
      </trkpt>
      <trkpt lat="47.2443368" lon="9.3321938">
        <ele>2002.4</ele>
        <time>2026-09-03T07:50:02Z</time>
        <hdop>3.6</hdop>
        <extensions>
          <osmand:speed>0.7</osmand:speed>
        </extensions>
      </trkpt>
      <trkpt lat="47.2443474" lon="9.332131">
        <ele>2002.4</ele>
        <time>2026-09-03T07:50:08Z</time>
        <hdop>4.6</hdop>
        <extensions>
          <osmand:speed>0.7</osmand:speed>
        </extensions>
      </trkpt>
      <trkpt lat="47.2443347" lon="9.3320723">
        <ele>2003.4</ele>
        <time>2026-09-03T07:50:14Z</time>
        <hdop>4.6</hdop>
        <extensions>
          <osmand:speed>1.1</osmand:speed>
        </extensions>
      </trkpt>
      <trkpt lat="47.2443197" lon="9.331982">
        <ele>2003.4</ele>
        <time>2026-09-03T07:50:20Z</time>
        <hdop>4.6</hdop>
        <extensions>
          <osmand:speed>1.3</osmand:speed>
        </extensions>
      </trkpt>
      <trkpt lat="47.2443184" lon="9.3319008">
        <ele>2004.4</ele>
        <time>2026-09-03T07:50:26Z</time>
        <hdop>5.1</hdop>
        <extensions>
          <osmand:speed>0.8</osmand:speed>
        </extensions>
      </trkpt>
      <trkpt lat="47.2443427" lon="9.3318293">
        <ele>2006.4</ele>
        <time>2026-09-03T07:50:32Z</time>
        <hdop>5.1</hdop>
        <extensions>
          <osmand:speed>0.8</osmand:speed>
        </extensions>
      </trkpt>
      <trkpt lat="47.2443724" lon="9.3318398">
        <ele>2006.4</ele>
        <time>2026-09-03T07:50:38Z</time>
        <hdop>5.6</hdop>
        <extensions>
          <osmand:speed>0.5</osmand:speed>
        </extensions>
      </trkpt>
      <trkpt lat="47.2443956" lon="9.3318741">
        <ele>2007.4</ele>
        <time>2026-09-03T07:50:44Z</time>
        <hdop>5.6</hdop>
        <extensions>
          <osmand:speed>0.4</osmand:speed>
        </extensions>
      </trkpt>
      <trkpt lat="47.2444149" lon="9.3319048">
        <ele>2006.4</ele>
        <time>2026-09-03T07:50:50Z</time>
        <hdop>5.1</hdop>
        <extensions>
          <osmand:speed>0.5</osmand:speed>
        </extensions>
      </trkpt>
      <trkpt lat="47.2444481" lon="9.3319243">
        <ele>2007.4</ele>
        <time>2026-09-03T07:50:56Z</time>
        <hdop>6.1</hdop>
        <extensions>
          <osmand:speed>0.6</osmand:speed>
        </extensions>
      </trkpt>
      <trkpt lat="47.244436" lon="9.3319796">
        <ele>2009.4</ele>
        <time>2026-09-03T07:51:02Z</time>
        <hdop>6.1</hdop>
        <extensions>
          <osmand:speed>0.3</osmand:speed>
        </extensions>
      </trkpt>
      <trkpt lat="47.2444528" lon="9.3319913">
        <ele>2012.4</ele>
        <time>2026-09-03T07:51:08Z</time>
        <hdop>5.6</hdop>
        <extensions>
          <osmand:speed>0.4</osmand:speed>
        </extensions>
      </trkpt>
      <trkpt lat="47.2444455" lon="9.3320253">
        <ele>2015.4</ele>
        <time>2026-09-03T07:51:19Z</time>
        <hdop>5.6</hdop>
        <extensions>
          <osmand:speed>0.4</osmand:speed>
        </extensions>
      </trkpt>
      <trkpt lat="47.2444633" lon="9.3320497">
        <ele>2015.4</ele>
        <time>2026-09-03T07:51:25Z</time>
        <hdop>6.6</hdop>
        <extensions>
          <osmand:speed>0.3</osmand:speed>
        </extensions>
      </trkpt>
      <trkpt lat="47.2444813" lon="9.3320627">
        <ele>2015.4</ele>
        <time>2026-09-03T07:51:31Z</time>
        <hdop>6.1</hdop>
        <extensions>
          <osmand:speed>0.8</osmand:speed>
        </extensions>
      </trkpt>
      <trkpt lat="47.2444994" lon="9.3321014">
        <ele>2015.4</ele>
        <time>2026-09-03T07:51:37Z</time>
        <hdop>5.6</hdop>
        <extensions>
          <osmand:speed>0.7</osmand:speed>
        </extensions>
      </trkpt>
      <trkpt lat="47.2445192" lon="9.3321133">
        <ele>2017.4</ele>
        <time>2026-09-03T07:51:43Z</time>
        <hdop>5.1</hdop>
        <extensions>
          <osmand:speed>0.1</osmand:speed>
        </extensions>
      </trkpt>
      <trkpt lat="47.2445396" lon="9.3320632">
        <ele>2018.4</ele>
        <time>2026-09-03T07:51:49Z</time>
        <hdop>5.6</hdop>
        <extensions>
          <osmand:speed>0.3</osmand:speed>
        </extensions>
      </trkpt>
      <trkpt lat="47.2445536" lon="9.3320238">
        <ele>2018.4</ele>
        <time>2026-09-03T07:51:55Z</time>
        <hdop>5.1</hdop>
        <extensions>
          <osmand:speed>0.2</osmand:speed>
        </extensions>
      </trkpt>
      <trkpt lat="47.2445774" lon="9.331983">
        <ele>2017.4</ele>
        <time>2026-09-03T07:52:01Z</time>
        <hdop>5.1</hdop>
        <extensions>
          <osmand:speed>0.7</osmand:speed>
        </extensions>
      </trkpt>
      <trkpt lat="47.2445955" lon="9.3319744">
        <ele>2017.4</ele>
        <time>2026-09-03T07:52:08Z</time>
        <hdop>5.1</hdop>
        <extensions>
          <osmand:speed>0.2</osmand:speed>
        </extensions>
      </trkpt>
      <trkpt lat="47.2446046" lon="9.3319362">
        <ele>2018.4</ele>
        <time>2026-09-03T07:52:14Z</time>
        <hdop>5.6</hdop>
        <extensions>
          <osmand:speed>0.5</osmand:speed>
        </extensions>
      </trkpt>
      <trkpt lat="47.2446381" lon="9.3319496">
        <ele>2019.4</ele>
        <time>2026-09-03T07:52:20Z</time>
        <hdop>5.6</hdop>
        <extensions>
          <osmand:speed>0.5</osmand:speed>
        </extensions>
      </trkpt>
      <trkpt lat="47.2446481" lon="9.3319852">
        <ele>2020.4</ele>
        <time>2026-09-03T07:52:26Z</time>
        <hdop>5.1</hdop>
        <extensions>
          <osmand:speed>0.8</osmand:speed>
        </extensions>
      </trkpt>
      <trkpt lat="47.2446672" lon="9.331977">
        <ele>2021.4</ele>
        <time>2026-09-03T07:52:37Z</time>
        <hdop>3.6</hdop>
        <extensions>
          <osmand:speed>0.7</osmand:speed>
        </extensions>
      </trkpt>
      <trkpt lat="47.2446818" lon="9.3319265">
        <ele>2022.4</ele>
        <time>2026-09-03T07:52:43Z</time>
        <hdop>4.6</hdop>
        <extensions>
          <osmand:speed>0.4</osmand:speed>
        </extensions>
      </trkpt>
      <trkpt lat="47.2447222" lon="9.3319393">
        <ele>2023.4</ele>
        <time>2026-09-03T07:52:49Z</time>
        <hdop>4.1</hdop>
        <extensions>
          <osmand:speed>0.8</osmand:speed>
        </extensions>
      </trkpt>
      <trkpt lat="47.2447538" lon="9.3319341">
        <ele>2025.4</ele>
        <time>2026-09-03T07:52:55Z</time>
        <hdop>5.1</hdop>
        <extensions>
          <osmand:speed>0.7</osmand:speed>
        </extensions>
      </trkpt>
      <trkpt lat="47.2447943" lon="9.3319682">
        <ele>2024.4</ele>
        <time>2026-09-03T07:53:01Z</time>
        <hdop>4.1</hdop>
        <extensions>
          <osmand:speed>0.4</osmand:speed>
        </extensions>
      </trkpt>
      <trkpt lat="47.2448235" lon="9.3319909">
        <ele>2024.4</ele>
        <time>2026-09-03T07:53:07Z</time>
        <hdop>4.1</hdop>
        <extensions>
          <osmand:speed>0.6</osmand:speed>
        </extensions>
      </trkpt>
      <trkpt lat="47.2448576" lon="9.3320123">
        <ele>2022.4</ele>
        <time>2026-09-03T07:53:13Z</time>
        <hdop>4.6</hdop>
        <extensions>
          <osmand:speed>0.7</osmand:speed>
        </extensions>
      </trkpt>
      <trkpt lat="47.2449022" lon="9.331967">
        <ele>2021.4</ele>
        <time>2026-09-03T07:53:19Z</time>
        <hdop>4.1</hdop>
        <extensions>
          <osmand:speed>1.2</osmand:speed>
        </extensions>
      </trkpt>
      <trkpt lat="47.2449478" lon="9.331914">
        <ele>2021.4</ele>
        <time>2026-09-03T07:53:25Z</time>
        <hdop>4.1</hdop>
        <extensions>
          <osmand:speed>0.4</osmand:speed>
        </extensions>
      </trkpt>
      <trkpt lat="47.2449615" lon="9.3318592">
        <ele>2021.4</ele>
        <time>2026-09-03T07:53:31Z</time>
        <hdop>4.1</hdop>
        <extensions>
          <osmand:speed>1.1</osmand:speed>
        </extensions>
      </trkpt>
      <trkpt lat="47.2450073" lon="9.3318802">
        <ele>2022.4</ele>
        <time>2026-09-03T07:53:37Z</time>
        <hdop>4.1</hdop>
        <extensions>
          <osmand:speed>0.5</osmand:speed>
        </extensions>
      </trkpt>
      <trkpt lat="47.2450352" lon="9.3318584">
        <ele>2023.4</ele>
        <time>2026-09-03T07:53:43Z</time>
        <hdop>4.6</hdop>
        <extensions>
          <osmand:speed>0.6</osmand:speed>
        </extensions>
      </trkpt>
      <trkpt lat="47.2450473" lon="9.331835">
        <ele>2025.4</ele>
        <time>2026-09-03T07:54:01Z</time>
        <hdop>4.6</hdop>
        <extensions>
          <osmand:speed>0.7</osmand:speed>
        </extensions>
      </trkpt>
      <trkpt lat="47.2450669" lon="9.3318291">
        <ele>2026.4</ele>
        <time>2026-09-03T07:54:09Z</time>
        <hdop>4.1</hdop>
        <extensions>
          <osmand:speed>1</osmand:speed>
        </extensions>
      </trkpt>
      <trkpt lat="47.2450902" lon="9.3317949">
        <ele>2026.4</ele>
        <time>2026-09-03T07:54:15Z</time>
        <hdop>5.1</hdop>
        <extensions>
          <osmand:speed>0.8</osmand:speed>
        </extensions>
      </trkpt>
      <trkpt lat="47.2451301" lon="9.3317673">
        <ele>2026.4</ele>
        <time>2026-09-03T07:54:21Z</time>
        <hdop>5.1</hdop>
        <extensions>
          <osmand:speed>0.4</osmand:speed>
        </extensions>
      </trkpt>
      <trkpt lat="47.2451346" lon="9.3317993">
        <ele>2027.4</ele>
        <time>2026-09-03T07:54:27Z</time>
        <hdop>4.1</hdop>
      </trkpt>
      <trkpt lat="47.2451298" lon="9.3317649">
        <ele>2026.4</ele>
        <time>2026-09-03T07:54:45Z</time>
        <hdop>4.1</hdop>
        <extensions>
          <osmand:speed>1.1</osmand:speed>
        </extensions>
      </trkpt>
      <trkpt lat="47.2451563" lon="9.3317236">
        <ele>2027.4</ele>
        <time>2026-09-03T07:54:51Z</time>
        <hdop>4.6</hdop>
        <extensions>
          <osmand:speed>0.3</osmand:speed>
        </extensions>
      </trkpt>
      <trkpt lat="47.2451594" lon="9.331689">
        <ele>2028.4</ele>
        <time>2026-09-03T07:55:01Z</time>
        <hdop>5.1</hdop>
        <extensions>
          <osmand:speed>0.9</osmand:speed>
        </extensions>
      </trkpt>
      <trkpt lat="47.2451819" lon="9.3316212">
        <ele>2029.4</ele>
        <time>2026-09-03T07:55:07Z</time>
        <hdop>4.6</hdop>
        <extensions>
          <osmand:speed>0.7</osmand:speed>
        </extensions>
      </trkpt>
      <trkpt lat="47.2452202" lon="9.3315886">
        <ele>2030.4</ele>
        <time>2026-09-03T07:55:13Z</time>
        <hdop>4.6</hdop>
        <extensions>
          <osmand:speed>0.5</osmand:speed>
        </extensions>
      </trkpt>
      <trkpt lat="47.2452492" lon="9.331559">
        <ele>2031.4</ele>
        <time>2026-09-03T07:55:19Z</time>
        <hdop>4.6</hdop>
        <extensions>
          <osmand:speed>0.8</osmand:speed>
        </extensions>
      </trkpt>
      <trkpt lat="47.2452642" lon="9.3315131">
        <ele>2031.4</ele>
        <time>2026-09-03T07:55:25Z</time>
        <hdop>4.1</hdop>
        <extensions>
          <osmand:speed>0.9</osmand:speed>
        </extensions>
      </trkpt>
      <trkpt lat="47.2452878" lon="9.3314596">
        <ele>2032.4</ele>
        <time>2026-09-03T07:55:31Z</time>
        <hdop>4.6</hdop>
        <extensions>
          <osmand:speed>0.9</osmand:speed>
        </extensions>
      </trkpt>
      <trkpt lat="47.2452811" lon="9.3314045">
        <ele>2032.4</ele>
        <time>2026-09-03T07:55:37Z</time>
        <hdop>5.1</hdop>
        <extensions>
          <osmand:speed>0.5</osmand:speed>
        </extensions>
      </trkpt>
      <trkpt lat="47.2453151" lon="9.3313463">
        <ele>2034.4</ele>
        <time>2026-09-03T07:55:43Z</time>
        <hdop>4.6</hdop>
        <extensions>
          <osmand:speed>1.1</osmand:speed>
        </extensions>
      </trkpt>
      <trkpt lat="47.2453366" lon="9.3313327">
        <ele>2035.4</ele>
        <time>2026-09-03T07:55:49Z</time>
        <hdop>4.6</hdop>
        <extensions>
          <osmand:speed>1.1</osmand:speed>
        </extensions>
      </trkpt>
      <trkpt lat="47.2453582" lon="9.3313266">
        <ele>2034.4</ele>
        <time>2026-09-03T07:55:55Z</time>
        <hdop>5.1</hdop>
        <extensions>
          <osmand:speed>0.4</osmand:speed>
        </extensions>
      </trkpt>
      <trkpt lat="47.2453754" lon="9.3313442">
        <ele>2036.4</ele>
        <time>2026-09-03T07:56:03Z</time>
        <hdop>4.6</hdop>
        <extensions>
          <osmand:speed>0.7</osmand:speed>
        </extensions>
      </trkpt>
      <trkpt lat="47.2453935" lon="9.3313876">
        <ele>2036.4</ele>
        <time>2026-09-03T07:56:09Z</time>
        <hdop>6.1</hdop>
        <extensions>
          <osmand:speed>0.1</osmand:speed>
        </extensions>
      </trkpt>
      <trkpt lat="47.2454189" lon="9.3314">
        <ele>2037.4</ele>
        <time>2026-09-03T07:56:15Z</time>
        <hdop>5.1</hdop>
        <extensions>
          <osmand:speed>0.7</osmand:speed>
        </extensions>
      </trkpt>
      <trkpt lat="47.2454375" lon="9.3314015">
        <ele>2037.4</ele>
        <time>2026-09-03T07:56:21Z</time>
        <hdop>6.1</hdop>
        <extensions>
          <osmand:speed>0.5</osmand:speed>
        </extensions>
      </trkpt>
      <trkpt lat="47.2454674" lon="9.3313913">
        <ele>2039.4</ele>
        <time>2026-09-03T07:56:27Z</time>
        <hdop>5.1</hdop>
        <extensions>
          <osmand:speed>1.4</osmand:speed>
        </extensions>
      </trkpt>
      <trkpt lat="47.2455031" lon="9.3313965">
        <ele>2039.4</ele>
        <time>2026-09-03T07:56:33Z</time>
        <hdop>5.6</hdop>
        <extensions>
          <osmand:speed>0.6</osmand:speed>
        </extensions>
      </trkpt>
      <trkpt lat="47.2455204" lon="9.3313815">
        <ele>2040.4</ele>
        <time>2026-09-03T07:56:40Z</time>
        <hdop>7.7</hdop>
        <extensions>
          <osmand:speed>0.1</osmand:speed>
        </extensions>
      </trkpt>
      <trkpt lat="47.245546" lon="9.3313997">
        <ele>2040.4</ele>
        <time>2026-09-03T07:56:46Z</time>
        <hdop>7.1</hdop>
        <extensions>
          <osmand:speed>0.1</osmand:speed>
        </extensions>
      </trkpt>
      <trkpt lat="47.2455716" lon="9.3313897">
        <ele>2042.4</ele>
        <time>2026-09-03T07:56:52Z</time>
        <hdop>6.1</hdop>
        <extensions>
          <osmand:speed>0.7</osmand:speed>
        </extensions>
      </trkpt>
      <trkpt lat="47.2455957" lon="9.3313741">
        <ele>2042.4</ele>
        <time>2026-09-03T07:56:58Z</time>
        <hdop>5.6</hdop>
        <extensions>
          <osmand:speed>0.6</osmand:speed>
        </extensions>
      </trkpt>
      <trkpt lat="47.2456094" lon="9.3313151">
        <ele>2043.4</ele>
        <time>2026-09-03T07:57:04Z</time>
        <hdop>6.1</hdop>
        <extensions>
          <osmand:speed>0.6</osmand:speed>
        </extensions>
      </trkpt>
      <trkpt lat="47.2456314" lon="9.3312722">
        <ele>2044.4</ele>
        <time>2026-09-03T07:57:10Z</time>
        <hdop>4.6</hdop>
        <extensions>
          <osmand:speed>0.6</osmand:speed>
        </extensions>
      </trkpt>
      <trkpt lat="47.2456614" lon="9.3312182">
        <ele>2045.4</ele>
        <time>2026-09-03T07:57:16Z</time>
        <hdop>5.6</hdop>
        <extensions>
          <osmand:speed>0.4</osmand:speed>
        </extensions>
      </trkpt>
      <trkpt lat="47.2456635" lon="9.3311652">
        <ele>2045.4</ele>
        <time>2026-09-03T07:57:22Z</time>
        <hdop>4.6</hdop>
        <extensions>
          <osmand:speed>0.8</osmand:speed>
        </extensions>
      </trkpt>
      <trkpt lat="47.2457094" lon="9.3311157">
        <ele>2046.4</ele>
        <time>2026-09-03T07:57:28Z</time>
        <hdop>5.1</hdop>
        <extensions>
          <osmand:speed>1.1</osmand:speed>
        </extensions>
      </trkpt>
      <trkpt lat="47.2457571" lon="9.3312048">
        <ele>2044.4</ele>
        <time>2026-09-03T07:57:34Z</time>
        <hdop>6.1</hdop>
        <extensions>
          <osmand:speed>0.7</osmand:speed>
        </extensions>
      </trkpt>
      <trkpt lat="47.2457932" lon="9.3312257">
        <ele>2044.4</ele>
        <time>2026-09-03T07:57:40Z</time>
        <hdop>6.1</hdop>
        <extensions>
          <osmand:speed>0.5</osmand:speed>
        </extensions>
      </trkpt>
      <trkpt lat="47.2458165" lon="9.3312371">
        <ele>2044.4</ele>
        <time>2026-09-03T07:57:46Z</time>
        <hdop>5.1</hdop>
        <extensions>
          <osmand:speed>0.2</osmand:speed>
        </extensions>
      </trkpt>
      <trkpt lat="47.245828" lon="9.33119">
        <ele>2044.4</ele>
        <time>2026-09-03T07:57:52Z</time>
        <hdop>4.6</hdop>
        <extensions>
          <osmand:speed>1</osmand:speed>
        </extensions>
      </trkpt>
      <trkpt lat="47.2458669" lon="9.3311533">
        <ele>2044.4</ele>
        <time>2026-09-03T07:57:58Z</time>
        <hdop>5.1</hdop>
        <extensions>
          <osmand:speed>0.9</osmand:speed>
        </extensions>
      </trkpt>
      <trkpt lat="47.2458859" lon="9.3311094">
        <ele>2042.4</ele>
        <time>2026-09-03T07:58:04Z</time>
        <hdop>4.6</hdop>
        <extensions>
          <osmand:speed>0.5</osmand:speed>
        </extensions>
      </trkpt>
      <trkpt lat="47.245916" lon="9.3310691">
        <ele>2042.4</ele>
        <time>2026-09-03T07:58:10Z</time>
        <hdop>4.6</hdop>
        <extensions>
          <osmand:speed>0.7</osmand:speed>
        </extensions>
      </trkpt>
      <trkpt lat="47.2459274" lon="9.3310459">
        <ele>2042.4</ele>
        <time>2026-09-03T07:58:16Z</time>
        <hdop>5.1</hdop>
        <extensions>
          <osmand:speed>1</osmand:speed>
        </extensions>
      </trkpt>
      <trkpt lat="47.2459233" lon="9.3309851">
        <ele>2042.4</ele>
        <time>2026-09-03T07:58:22Z</time>
        <hdop>5.1</hdop>
        <extensions>
          <osmand:speed>0.5</osmand:speed>
        </extensions>
      </trkpt>
      <trkpt lat="47.2459478" lon="9.3309198">
        <ele>2043.4</ele>
        <time>2026-09-03T07:58:28Z</time>
        <hdop>4.6</hdop>
        <extensions>
          <osmand:speed>0.7</osmand:speed>
        </extensions>
      </trkpt>
      <trkpt lat="47.2459577" lon="9.3308527">
        <ele>2043.4</ele>
        <time>2026-09-03T07:58:34Z</time>
        <hdop>5.1</hdop>
        <extensions>
          <osmand:speed>1.1</osmand:speed>
        </extensions>
      </trkpt>
      <trkpt lat="47.2459311" lon="9.3307759">
        <ele>2043.4</ele>
        <time>2026-09-03T07:58:40Z</time>
        <hdop>4.6</hdop>
        <extensions>
          <osmand:speed>0.9</osmand:speed>
        </extensions>
      </trkpt>
      <trkpt lat="47.2459333" lon="9.3307101">
        <ele>2042.4</ele>
        <time>2026-09-03T07:58:46Z</time>
        <hdop>6.1</hdop>
        <extensions>
          <osmand:speed>0.9</osmand:speed>
        </extensions>
      </trkpt>
      <trkpt lat="47.2459393" lon="9.3306461">
        <ele>2042.4</ele>
        <time>2026-09-03T07:58:52Z</time>
        <hdop>5.1</hdop>
        <extensions>
          <osmand:speed>0.6</osmand:speed>
        </extensions>
      </trkpt>
      <trkpt lat="47.2459523" lon="9.3306199">
        <ele>2043.4</ele>
        <time>2026-09-03T07:58:58Z</time>
        <hdop>7.7</hdop>
        <extensions>
          <osmand:speed>0.2</osmand:speed>
        </extensions>
      </trkpt>
      <trkpt lat="47.2459711" lon="9.3305489">
        <ele>2043.4</ele>
        <time>2026-09-03T07:59:04Z</time>
        <hdop>5.1</hdop>
        <extensions>
          <osmand:speed>0.8</osmand:speed>
        </extensions>
      </trkpt>
      <trkpt lat="47.2459476" lon="9.3305004">
        <ele>2045.4</ele>
        <time>2026-09-03T07:59:10Z</time>
        <hdop>5.6</hdop>
        <extensions>
          <osmand:speed>0.9</osmand:speed>
        </extensions>
      </trkpt>
      <trkpt lat="47.2459447" lon="9.3304205">
        <ele>2045.4</ele>
        <time>2026-09-03T07:59:16Z</time>
        <hdop>5.1</hdop>
        <extensions>
          <osmand:speed>0.9</osmand:speed>
        </extensions>
      </trkpt>
      <trkpt lat="47.245971" lon="9.3303912">
        <ele>2045.4</ele>
        <time>2026-09-03T07:59:22Z</time>
        <hdop>4.1</hdop>
      </trkpt>
      <trkpt lat="47.2459788" lon="9.3304268">
        <ele>2045.4</ele>
        <time>2026-09-03T07:59:30Z</time>
        <hdop>4.6</hdop>
        <extensions>
          <osmand:speed>0.6</osmand:speed>
        </extensions>
      </trkpt>
      <trkpt lat="47.2460156" lon="9.330494">
        <ele>2044.4</ele>
        <time>2026-09-03T07:59:36Z</time>
        <hdop>4.6</hdop>
        <extensions>
          <osmand:speed>0.9</osmand:speed>
        </extensions>
      </trkpt>
      <trkpt lat="47.2460633" lon="9.3305049">
        <ele>2043.4</ele>
        <time>2026-09-03T07:59:42Z</time>
        <hdop>4.6</hdop>
        <extensions>
          <osmand:speed>0.4</osmand:speed>
        </extensions>
      </trkpt>
      <trkpt lat="47.2460629" lon="9.3304433">
        <ele>2042.4</ele>
        <time>2026-09-03T07:59:48Z</time>
        <hdop>5.6</hdop>
        <extensions>
          <osmand:speed>0.6</osmand:speed>
        </extensions>
      </trkpt>
      <trkpt lat="47.2460403" lon="9.3303801">
        <ele>2042.4</ele>
        <time>2026-09-03T07:59:54Z</time>
        <hdop>4.6</hdop>
        <extensions>
          <osmand:speed>0.6</osmand:speed>
        </extensions>
      </trkpt>
      <trkpt lat="47.2460414" lon="9.3303176">
        <ele>2040.4</ele>
        <time>2026-09-03T08:00:00Z</time>
        <hdop>4.6</hdop>
        <extensions>
          <osmand:speed>0.9</osmand:speed>
        </extensions>
      </trkpt>
      <trkpt lat="47.2460713" lon="9.3302913">
        <ele>2041.4</ele>
        <time>2026-09-03T08:00:06Z</time>
        <hdop>4.1</hdop>
        <extensions>
          <osmand:speed>0.4</osmand:speed>
        </extensions>
      </trkpt>
      <trkpt lat="47.2461028" lon="9.3302544">
        <ele>2041.4</ele>
        <time>2026-09-03T08:00:12Z</time>
        <hdop>4.6</hdop>
        <extensions>
          <osmand:speed>0.3</osmand:speed>
        </extensions>
      </trkpt>
      <trkpt lat="47.2461218" lon="9.330267">
        <ele>2039.4</ele>
        <time>2026-09-03T08:00:38Z</time>
        <hdop>4.6</hdop>
        <extensions>
          <osmand:speed>0.8</osmand:speed>
        </extensions>
      </trkpt>
      <trkpt lat="47.246161" lon="9.3302674">
        <ele>2040.4</ele>
        <time>2026-09-03T08:00:44Z</time>
        <hdop>4.1</hdop>
        <extensions>
          <osmand:speed>0.8</osmand:speed>
        </extensions>
      </trkpt>
      <trkpt lat="47.2461682" lon="9.3302078">
        <ele>2040.4</ele>
        <time>2026-09-03T08:00:50Z</time>
        <hdop>4.6</hdop>
        <extensions>
          <osmand:speed>0.6</osmand:speed>
        </extensions>
      </trkpt>
      <trkpt lat="47.2461796" lon="9.3301758">
        <ele>2040.4</ele>
        <time>2026-09-03T08:01:02Z</time>
        <hdop>4.1</hdop>
        <extensions>
          <osmand:speed>0.6</osmand:speed>
        </extensions>
      </trkpt>
      <trkpt lat="47.2461984" lon="9.3301619">
        <ele>2039.4</ele>
        <time>2026-09-03T08:01:12Z</time>
        <hdop>4.1</hdop>
        <extensions>
          <osmand:speed>0.4</osmand:speed>
        </extensions>
      </trkpt>
      <trkpt lat="47.2462119" lon="9.3301372">
        <ele>2040.4</ele>
        <time>2026-09-03T08:01:18Z</time>
        <hdop>3.1</hdop>
        <extensions>
          <osmand:speed>1.2</osmand:speed>
        </extensions>
      </trkpt>
      <trkpt lat="47.2462325" lon="9.3301161">
        <ele>2040.4</ele>
        <time>2026-09-03T08:01:24Z</time>
        <hdop>4.1</hdop>
        <extensions>
          <osmand:speed>0.5</osmand:speed>
        </extensions>
      </trkpt>
      <trkpt lat="47.2462544" lon="9.3300797">
        <ele>2040.4</ele>
        <time>2026-09-03T08:01:30Z</time>
        <hdop>4.1</hdop>
        <extensions>
          <osmand:speed>0.4</osmand:speed>
        </extensions>
      </trkpt>
      <trkpt lat="47.2462993" lon="9.3300599">
        <ele>2040.4</ele>
        <time>2026-09-03T08:01:36Z</time>
        <hdop>4.1</hdop>
        <extensions>
          <osmand:speed>0.4</osmand:speed>
        </extensions>
      </trkpt>
      <trkpt lat="47.2463187" lon="9.3300488">
        <ele>2040.4</ele>
        <time>2026-09-03T08:01:42Z</time>
        <hdop>4.1</hdop>
        <extensions>
          <osmand:speed>0.2</osmand:speed>
        </extensions>
      </trkpt>
      <trkpt lat="47.2463405" lon="9.330047">
        <ele>2039.4</ele>
        <time>2026-09-03T08:01:48Z</time>
        <hdop>4.6</hdop>
        <extensions>
          <osmand:speed>0.3</osmand:speed>
        </extensions>
      </trkpt>
      <trkpt lat="47.2463597" lon="9.3300516">
        <ele>2037.4</ele>
        <time>2026-09-03T08:01:54Z</time>
        <hdop>4.1</hdop>
        <extensions>
          <osmand:speed>0.9</osmand:speed>
        </extensions>
      </trkpt>
      <trkpt lat="47.2463783" lon="9.3300515">
        <ele>2037.4</ele>
        <time>2026-09-03T08:02:02Z</time>
        <hdop>4.1</hdop>
        <extensions>
          <osmand:speed>0.7</osmand:speed>
        </extensions>
      </trkpt>
      <trkpt lat="47.2463917" lon="9.3300322">
        <ele>2037.4</ele>
        <time>2026-09-03T08:02:12Z</time>
        <hdop>4.6</hdop>
        <extensions>
          <osmand:speed>0.3</osmand:speed>
        </extensions>
      </trkpt>
      <trkpt lat="47.2464252" lon="9.3300066">
        <ele>2037.4</ele>
        <time>2026-09-03T08:02:18Z</time>
        <hdop>4.6</hdop>
        <extensions>
          <osmand:speed>0.7</osmand:speed>
        </extensions>
      </trkpt>
      <trkpt lat="47.246457" lon="9.3299621">
        <ele>2037.4</ele>
        <time>2026-09-03T08:02:24Z</time>
        <hdop>4.1</hdop>
        <extensions>
          <osmand:speed>0.9</osmand:speed>
        </extensions>
      </trkpt>
      <trkpt lat="47.2464645" lon="9.3298898">
        <ele>2037.4</ele>
        <time>2026-09-03T08:02:30Z</time>
        <hdop>4.1</hdop>
        <extensions>
          <osmand:speed>1</osmand:speed>
        </extensions>
      </trkpt>
      <trkpt lat="47.2464645" lon="9.3298292">
        <ele>2038.4</ele>
        <time>2026-09-03T08:02:36Z</time>
        <hdop>4.1</hdop>
        <extensions>
          <osmand:speed>0.7</osmand:speed>
        </extensions>
      </trkpt>
      <trkpt lat="47.2464699" lon="9.3297841">
        <ele>2039.4</ele>
        <time>2026-09-03T08:02:42Z</time>
        <hdop>4.1</hdop>
        <extensions>
          <osmand:speed>0.1</osmand:speed>
        </extensions>
      </trkpt>
      <trkpt lat="47.2464773" lon="9.3297494">
        <ele>2040.4</ele>
        <time>2026-09-03T08:02:48Z</time>
        <hdop>4.6</hdop>
        <extensions>
          <osmand:speed>0.6</osmand:speed>
        </extensions>
      </trkpt>
      <trkpt lat="47.246463" lon="9.3297119">
        <ele>2040.4</ele>
        <time>2026-09-03T08:02:54Z</time>
        <hdop>4.1</hdop>
        <extensions>
          <osmand:speed>0.2</osmand:speed>
        </extensions>
      </trkpt>
      <trkpt lat="47.2464635" lon="9.3296646">
        <ele>2039.4</ele>
        <time>2026-09-03T08:03:00Z</time>
        <hdop>4.1</hdop>
        <extensions>
          <osmand:speed>1</osmand:speed>
        </extensions>
      </trkpt>
      <trkpt lat="47.2464618" lon="9.3296275">
        <ele>2041.4</ele>
        <time>2026-09-03T08:03:06Z</time>
        <hdop>3.6</hdop>
      </trkpt>
      <trkpt lat="47.2464608" lon="9.3295749">
        <ele>2042.4</ele>
        <time>2026-09-03T08:03:12Z</time>
        <hdop>4.1</hdop>
        <extensions>
          <osmand:speed>0.6</osmand:speed>
        </extensions>
      </trkpt>
      <trkpt lat="47.2464634" lon="9.3295157">
        <ele>2043.4</ele>
        <time>2026-09-03T08:03:18Z</time>
        <hdop>4.6</hdop>
        <extensions>
          <osmand:speed>0.5</osmand:speed>
        </extensions>
      </trkpt>
      <trkpt lat="47.2464715" lon="9.3294653">
        <ele>2044.4</ele>
        <time>2026-09-03T08:03:24Z</time>
        <hdop>6.1</hdop>
        <extensions>
          <osmand:speed>0.2</osmand:speed>
        </extensions>
      </trkpt>
      <trkpt lat="47.2464661" lon="9.3294126">
        <ele>2044.4</ele>
        <time>2026-09-03T08:03:30Z</time>
        <hdop>5.1</hdop>
        <extensions>
          <osmand:speed>0.5</osmand:speed>
        </extensions>
      </trkpt>
      <trkpt lat="47.2464698" lon="9.3293456">
        <ele>2043.4</ele>
        <time>2026-09-03T08:03:36Z</time>
        <hdop>4.1</hdop>
        <extensions>
          <osmand:speed>0.5</osmand:speed>
        </extensions>
      </trkpt>
      <trkpt lat="47.2464839" lon="9.3293194">
        <ele>2043.4</ele>
        <time>2026-09-03T08:03:42Z</time>
        <hdop>3.6</hdop>
      </trkpt>
      <trkpt lat="47.2464707" lon="9.3292845">
        <ele>2044.4</ele>
        <time>2026-09-03T08:03:53Z</time>
        <hdop>4.1</hdop>
        <extensions>
          <osmand:speed>0.7</osmand:speed>
        </extensions>
      </trkpt>
      <trkpt lat="47.24647" lon="9.3292257">
        <ele>2043.4</ele>
        <time>2026-09-03T08:03:59Z</time>
        <hdop>4.1</hdop>
        <extensions>
          <osmand:speed>0.7</osmand:speed>
        </extensions>
      </trkpt>
      <trkpt lat="47.246502" lon="9.3291928">
        <ele>2043.4</ele>
        <time>2026-09-03T08:04:05Z</time>
        <hdop>3.1</hdop>
        <extensions>
          <osmand:speed>0.9</osmand:speed>
        </extensions>
      </trkpt>
      <trkpt lat="47.2465292" lon="9.3291891">
        <ele>2044.4</ele>
        <time>2026-09-03T08:04:11Z</time>
        <hdop>3.6</hdop>
        <extensions>
          <osmand:speed>0.5</osmand:speed>
        </extensions>
      </trkpt>
      <trkpt lat="47.2465313" lon="9.3291329">
        <ele>2044.4</ele>
        <time>2026-09-03T08:04:17Z</time>
        <hdop>3.6</hdop>
        <extensions>
          <osmand:speed>0.9</osmand:speed>
        </extensions>
      </trkpt>
      <trkpt lat="47.2465512" lon="9.3290953">
        <ele>2044.4</ele>
        <time>2026-09-03T08:04:23Z</time>
        <hdop>4.6</hdop>
        <extensions>
          <osmand:speed>0.5</osmand:speed>
        </extensions>
      </trkpt>
      <trkpt lat="47.2465733" lon="9.3290909">
        <ele>2044.4</ele>
        <time>2026-09-03T08:04:29Z</time>
        <hdop>4.6</hdop>
        <extensions>
          <osmand:speed>0.3</osmand:speed>
        </extensions>
      </trkpt>
      <trkpt lat="47.2465903" lon="9.3291014">
        <ele>2041.4</ele>
        <time>2026-09-03T08:04:44Z</time>
        <hdop>8.2</hdop>
        <extensions>
          <osmand:speed>0.3</osmand:speed>
        </extensions>
      </trkpt>
      <trkpt lat="47.2466034" lon="9.3290808">
        <ele>2041.4</ele>
        <time>2026-09-03T08:04:50Z</time>
        <hdop>4.1</hdop>
        <extensions>
          <osmand:speed>0.2</osmand:speed>
        </extensions>
      </trkpt>
      <trkpt lat="47.2466297" lon="9.3291078">
        <ele>2039.4</ele>
        <time>2026-09-03T08:04:56Z</time>
        <hdop>5.6</hdop>
        <extensions>
          <osmand:speed>0.4</osmand:speed>
        </extensions>
      </trkpt>
      <trkpt lat="47.2466496" lon="9.3291091">
        <ele>2039.4</ele>
        <time>2026-09-03T08:05:02Z</time>
        <hdop>3.1</hdop>
      </trkpt>
      <trkpt lat="47.2466627" lon="9.3291317">
        <ele>2039.4</ele>
        <time>2026-09-03T08:05:26Z</time>
        <hdop>4.6</hdop>
        <extensions>
          <osmand:speed>0.3</osmand:speed>
        </extensions>
      </trkpt>
      <trkpt lat="47.2466753" lon="9.3291548">
        <ele>2040.4</ele>
        <time>2026-09-03T08:05:33Z</time>
        <hdop>7.1</hdop>
        <extensions>
          <osmand:speed>0.4</osmand:speed>
        </extensions>
      </trkpt>
      <trkpt lat="47.2466914" lon="9.3291768">
        <ele>2038.4</ele>
        <time>2026-09-03T08:05:39Z</time>
        <hdop>4.6</hdop>
        <extensions>
          <osmand:speed>0.5</osmand:speed>
        </extensions>
      </trkpt>
      <trkpt lat="47.2467202" lon="9.3291904">
        <ele>2035.4</ele>
        <time>2026-09-03T08:05:45Z</time>
        <hdop>4.6</hdop>
        <extensions>
          <osmand:speed>0.6</osmand:speed>
        </extensions>
      </trkpt>
      <trkpt lat="47.2467386" lon="9.3291954">
        <ele>2034.4</ele>
        <time>2026-09-03T08:05:52Z</time>
        <hdop>4.6</hdop>
        <extensions>
          <osmand:speed>0.8</osmand:speed>
        </extensions>
      </trkpt>
      <trkpt lat="47.2467429" lon="9.3291571">
        <ele>2032.4</ele>
        <time>2026-09-03T08:05:58Z</time>
        <hdop>5.1</hdop>
        <extensions>
          <osmand:speed>0.5</osmand:speed>
        </extensions>
      </trkpt>
      <trkpt lat="47.2467747" lon="9.3291125">
        <ele>2031.4</ele>
        <time>2026-09-03T08:06:04Z</time>
        <hdop>4.1</hdop>
        <extensions>
          <osmand:speed>0.5</osmand:speed>
        </extensions>
      </trkpt>
      <trkpt lat="47.2467699" lon="9.3291436">
        <ele>2029.4</ele>
        <time>2026-09-03T08:06:17Z</time>
        <hdop>6.1</hdop>
        <extensions>
          <osmand:speed>0.3</osmand:speed>
        </extensions>
      </trkpt>
      <trkpt lat="47.2467371" lon="9.3291421">
        <ele>2028.4</ele>
        <time>2026-09-03T08:06:23Z</time>
        <hdop>4.1</hdop>
        <extensions>
          <osmand:speed>0.7</osmand:speed>
        </extensions>
      </trkpt>
      <trkpt lat="47.2467049" lon="9.3290714">
        <ele>2027.4</ele>
        <time>2026-09-03T08:06:29Z</time>
        <hdop>4.6</hdop>
        <extensions>
          <osmand:speed>0.6</osmand:speed>
        </extensions>
      </trkpt>
      <trkpt lat="47.2467003" lon="9.3289776">
        <ele>2029.4</ele>
        <time>2026-09-03T08:06:35Z</time>
        <hdop>4.6</hdop>
        <extensions>
          <osmand:speed>1.2</osmand:speed>
        </extensions>
      </trkpt>
      <trkpt lat="47.2467027" lon="9.3289001">
        <ele>2028.4</ele>
        <time>2026-09-03T08:06:41Z</time>
        <hdop>4.1</hdop>
        <extensions>
          <osmand:speed>0.5</osmand:speed>
        </extensions>
      </trkpt>
      <trkpt lat="47.2467364" lon="9.3288073">
        <ele>2028.4</ele>
        <time>2026-09-03T08:06:47Z</time>
        <hdop>4.6</hdop>
        <extensions>
          <osmand:speed>1.1</osmand:speed>
        </extensions>
      </trkpt>
      <trkpt lat="47.2467514" lon="9.3287209">
        <ele>2029.4</ele>
        <time>2026-09-03T08:06:53Z</time>
        <hdop>4.6</hdop>
        <extensions>
          <osmand:speed>0.9</osmand:speed>
        </extensions>
      </trkpt>
      <trkpt lat="47.2467693" lon="9.328637">
        <ele>2028.4</ele>
        <time>2026-09-03T08:06:59Z</time>
        <hdop>5.1</hdop>
        <extensions>
          <osmand:speed>1</osmand:speed>
        </extensions>
      </trkpt>
      <trkpt lat="47.2468134" lon="9.3285588">
        <ele>2028.4</ele>
        <time>2026-09-03T08:07:05Z</time>
        <hdop>4.6</hdop>
        <extensions>
          <osmand:speed>1</osmand:speed>
        </extensions>
      </trkpt>
      <trkpt lat="47.2468778" lon="9.3285177">
        <ele>2029.4</ele>
        <time>2026-09-03T08:07:11Z</time>
        <hdop>4.6</hdop>
        <extensions>
          <osmand:speed>1.2</osmand:speed>
        </extensions>
      </trkpt>
      <trkpt lat="47.2469229" lon="9.3285148">
        <ele>2029.4</ele>
        <time>2026-09-03T08:07:17Z</time>
        <hdop>4.6</hdop>
        <extensions>
          <osmand:speed>0.6</osmand:speed>
        </extensions>
      </trkpt>
      <trkpt lat="47.246953" lon="9.3284821">
        <ele>2030.4</ele>
        <time>2026-09-03T08:07:23Z</time>
        <hdop>5.1</hdop>
        <extensions>
          <osmand:speed>0.7</osmand:speed>
        </extensions>
      </trkpt>
      <trkpt lat="47.2469848" lon="9.3284487">
        <ele>2029.4</ele>
        <time>2026-09-03T08:07:29Z</time>
        <hdop>5.1</hdop>
        <extensions>
          <osmand:speed>0.8</osmand:speed>
        </extensions>
      </trkpt>
      <trkpt lat="47.2470219" lon="9.3284034">
        <ele>2030.4</ele>
        <time>2026-09-03T08:07:35Z</time>
        <hdop>3.6</hdop>
        <extensions>
          <osmand:speed>0.9</osmand:speed>
        </extensions>
      </trkpt>
      <trkpt lat="47.2470366" lon="9.3283583">
        <ele>2030.4</ele>
        <time>2026-09-03T08:07:41Z</time>
        <hdop>5.1</hdop>
        <extensions>
          <osmand:speed>0.6</osmand:speed>
        </extensions>
      </trkpt>
      <trkpt lat="47.2470652" lon="9.328328">
        <ele>2031.4</ele>
        <time>2026-09-03T08:07:47Z</time>
        <hdop>4.6</hdop>
        <extensions>
          <osmand:speed>0.9</osmand:speed>
        </extensions>
      </trkpt>
      <trkpt lat="47.2471088" lon="9.3283331">
        <ele>2032.4</ele>
        <time>2026-09-03T08:07:53Z</time>
        <hdop>4.1</hdop>
        <extensions>
          <osmand:speed>0.7</osmand:speed>
        </extensions>
      </trkpt>
      <trkpt lat="47.2471614" lon="9.3283311">
        <ele>2033.4</ele>
        <time>2026-09-03T08:07:59Z</time>
        <hdop>4.6</hdop>
        <extensions>
          <osmand:speed>1.1</osmand:speed>
        </extensions>
      </trkpt>
      <trkpt lat="47.247213" lon="9.3283179">
        <ele>2033.4</ele>
        <time>2026-09-03T08:08:05Z</time>
        <hdop>4.1</hdop>
        <extensions>
          <osmand:speed>0.9</osmand:speed>
        </extensions>
      </trkpt>
      <trkpt lat="47.2472698" lon="9.3283018">
        <ele>2033.4</ele>
        <time>2026-09-03T08:08:11Z</time>
        <hdop>4.6</hdop>
        <extensions>
          <osmand:speed>0.9</osmand:speed>
        </extensions>
      </trkpt>
      <trkpt lat="47.2473261" lon="9.3282816">
        <ele>2034.4</ele>
        <time>2026-09-03T08:08:17Z</time>
        <hdop>4.6</hdop>
        <extensions>
          <osmand:speed>1.2</osmand:speed>
        </extensions>
      </trkpt>
      <trkpt lat="47.2473838" lon="9.3282637">
        <ele>2033.4</ele>
        <time>2026-09-03T08:08:23Z</time>
        <hdop>4.6</hdop>
        <extensions>
          <osmand:speed>1.1</osmand:speed>
        </extensions>
      </trkpt>
      <trkpt lat="47.2474511" lon="9.328252">
        <ele>2034.4</ele>
        <time>2026-09-03T08:08:29Z</time>
        <hdop>5.1</hdop>
        <extensions>
          <osmand:speed>1.1</osmand:speed>
        </extensions>
      </trkpt>
      <trkpt lat="47.2475116" lon="9.3282469">
        <ele>2034.4</ele>
        <time>2026-09-03T08:08:35Z</time>
        <hdop>4.1</hdop>
        <extensions>
          <osmand:speed>1</osmand:speed>
        </extensions>
      </trkpt>
      <trkpt lat="47.247562" lon="9.3282368">
        <ele>2034.4</ele>
        <time>2026-09-03T08:08:41Z</time>
        <hdop>4.6</hdop>
        <extensions>
          <osmand:speed>1.1</osmand:speed>
        </extensions>
      </trkpt>
      <trkpt lat="47.2476049" lon="9.3282828">
        <ele>2035.4</ele>
        <time>2026-09-03T08:08:47Z</time>
        <hdop>4.6</hdop>
        <extensions>
          <osmand:speed>0.7</osmand:speed>
        </extensions>
      </trkpt>
      <trkpt lat="47.2476404" lon="9.3283137">
        <ele>2037.4</ele>
        <time>2026-09-03T08:08:53Z</time>
        <hdop>4.6</hdop>
        <extensions>
          <osmand:speed>0.8</osmand:speed>
        </extensions>
      </trkpt>
      <trkpt lat="47.2476787" lon="9.3283563">
        <ele>2038.4</ele>
        <time>2026-09-03T08:08:59Z</time>
        <hdop>5.1</hdop>
        <extensions>
          <osmand:speed>0.3</osmand:speed>
        </extensions>
      </trkpt>
      <trkpt lat="47.2476902" lon="9.3283925">
        <ele>2038.4</ele>
        <time>2026-09-03T08:09:05Z</time>
        <hdop>5.6</hdop>
        <extensions>
          <osmand:speed>0.3</osmand:speed>
        </extensions>
      </trkpt>
      <trkpt lat="47.2477168" lon="9.3284439">
        <ele>2038.4</ele>
        <time>2026-09-03T08:09:11Z</time>
        <hdop>5.1</hdop>
        <extensions>
          <osmand:speed>0.1</osmand:speed>
        </extensions>
      </trkpt>
      <trkpt lat="47.2477303" lon="9.3284656">
        <ele>2041.4</ele>
        <time>2026-09-03T08:09:19Z</time>
        <hdop>5.1</hdop>
        <extensions>
          <osmand:speed>0.8</osmand:speed>
        </extensions>
      </trkpt>
      <trkpt lat="47.2477586" lon="9.3284947">
        <ele>2043.4</ele>
        <time>2026-09-03T08:09:25Z</time>
        <hdop>5.1</hdop>
        <extensions>
          <osmand:speed>0.6</osmand:speed>
        </extensions>
      </trkpt>
      <trkpt lat="47.2478044" lon="9.3285063">
        <ele>2045.4</ele>
        <time>2026-09-03T08:09:31Z</time>
        <hdop>4.1</hdop>
        <extensions>
          <osmand:speed>0.6</osmand:speed>
        </extensions>
      </trkpt>
      <trkpt lat="47.2478353" lon="9.3285375">
        <ele>2045.4</ele>
        <time>2026-09-03T08:09:37Z</time>
        <hdop>3.6</hdop>
        <extensions>
          <osmand:speed>0.6</osmand:speed>
        </extensions>
      </trkpt>
      <trkpt lat="47.2478621" lon="9.3285587">
        <ele>2043.4</ele>
        <time>2026-09-03T08:09:43Z</time>
        <hdop>4.1</hdop>
        <extensions>
          <osmand:speed>0.8</osmand:speed>
        </extensions>
      </trkpt>
      <trkpt lat="47.2478992" lon="9.3286223">
        <ele>2045.4</ele>
        <time>2026-09-03T08:09:49Z</time>
        <hdop>3.6</hdop>
        <extensions>
          <osmand:speed>1</osmand:speed>
        </extensions>
      </trkpt>
      <trkpt lat="47.247924" lon="9.3286377">
        <ele>2046.4</ele>
        <time>2026-09-03T08:09:55Z</time>
        <hdop>5.1</hdop>
        <extensions>
          <osmand:speed>0.5</osmand:speed>
        </extensions>
      </trkpt>
      <trkpt lat="47.2479459" lon="9.3286691">
        <ele>2046.4</ele>
        <time>2026-09-03T08:10:01Z</time>
        <hdop>5.1</hdop>
        <extensions>
          <osmand:speed>1.1</osmand:speed>
        </extensions>
      </trkpt>
      <trkpt lat="47.2479807" lon="9.3287224">
        <ele>2045.4</ele>
        <time>2026-09-03T08:10:07Z</time>
        <hdop>5.1</hdop>
        <extensions>
          <osmand:speed>0.9</osmand:speed>
        </extensions>
      </trkpt>
      <trkpt lat="47.2480003" lon="9.3287707">
        <ele>2045.4</ele>
        <time>2026-09-03T08:10:13Z</time>
        <hdop>5.1</hdop>
        <extensions>
          <osmand:speed>0.5</osmand:speed>
        </extensions>
      </trkpt>
      <trkpt lat="47.2480393" lon="9.3287684">
        <ele>2045.4</ele>
        <time>2026-09-03T08:10:19Z</time>
        <hdop>4.1</hdop>
        <extensions>
          <osmand:speed>1</osmand:speed>
        </extensions>
      </trkpt>
      <trkpt lat="47.2480654" lon="9.3288299">
        <ele>2045.4</ele>
        <time>2026-09-03T08:10:25Z</time>
        <hdop>4.1</hdop>
        <extensions>
          <osmand:speed>0.6</osmand:speed>
        </extensions>
      </trkpt>
      <trkpt lat="47.2480629" lon="9.3288804">
        <ele>2045.4</ele>
        <time>2026-09-03T08:10:31Z</time>
        <hdop>4.1</hdop>
        <extensions>
          <osmand:speed>0.5</osmand:speed>
        </extensions>
      </trkpt>
      <trkpt lat="47.2480738" lon="9.3289329">
        <ele>2047.4</ele>
        <time>2026-09-03T08:10:37Z</time>
        <hdop>5.6</hdop>
        <extensions>
          <osmand:speed>0.3</osmand:speed>
        </extensions>
      </trkpt>
      <trkpt lat="47.2480875" lon="9.3289633">
        <ele>2047.4</ele>
        <time>2026-09-03T08:10:45Z</time>
        <hdop>3.6</hdop>
        <extensions>
          <osmand:speed>1</osmand:speed>
        </extensions>
      </trkpt>
      <trkpt lat="47.2481066" lon="9.3289793">
        <ele>2048.4</ele>
        <time>2026-09-03T08:10:52Z</time>
        <hdop>4.1</hdop>
        <extensions>
          <osmand:speed>1.1</osmand:speed>
        </extensions>
      </trkpt>
      <trkpt lat="47.2481444" lon="9.3289962">
        <ele>2050.4</ele>
        <time>2026-09-03T08:10:58Z</time>
        <hdop>4.6</hdop>
        <extensions>
          <osmand:speed>0.6</osmand:speed>
        </extensions>
      </trkpt>
      <trkpt lat="47.2481738" lon="9.329025">
        <ele>2051.4</ele>
        <time>2026-09-03T08:11:04Z</time>
        <hdop>4.1</hdop>
        <extensions>
          <osmand:speed>1</osmand:speed>
        </extensions>
      </trkpt>
      <trkpt lat="47.2482076" lon="9.3290614">
        <ele>2053.4</ele>
        <time>2026-09-03T08:11:10Z</time>
        <hdop>4.1</hdop>
        <extensions>
          <osmand:speed>0.6</osmand:speed>
        </extensions>
      </trkpt>
      <trkpt lat="47.2482185" lon="9.3291373">
        <ele>2052.4</ele>
        <time>2026-09-03T08:11:16Z</time>
        <hdop>4.6</hdop>
        <extensions>
          <osmand:speed>1.4</osmand:speed>
        </extensions>
      </trkpt>
      <trkpt lat="47.2482519" lon="9.3291767">
        <ele>2052.4</ele>
        <time>2026-09-03T08:11:22Z</time>
        <hdop>6.1</hdop>
        <extensions>
          <osmand:speed>0.5</osmand:speed>
        </extensions>
      </trkpt>
      <trkpt lat="47.2482612" lon="9.3292163">
        <ele>2053.4</ele>
        <time>2026-09-03T08:11:28Z</time>
        <hdop>4.1</hdop>
        <extensions>
          <osmand:speed>0.1</osmand:speed>
        </extensions>
      </trkpt>
      <trkpt lat="47.2482745" lon="9.3292653">
        <ele>2054.4</ele>
        <time>2026-09-03T08:11:34Z</time>
        <hdop>4.6</hdop>
        <extensions>
          <osmand:speed>0.8</osmand:speed>
        </extensions>
      </trkpt>
      <trkpt lat="47.2482708" lon="9.3293295">
        <ele>2056.4</ele>
        <time>2026-09-03T08:11:40Z</time>
        <hdop>5.1</hdop>
        <extensions>
          <osmand:speed>0.8</osmand:speed>
        </extensions>
      </trkpt>
      <trkpt lat="47.2482758" lon="9.3292917">
        <ele>2056.4</ele>
        <time>2026-09-03T08:11:48Z</time>
        <hdop>4.1</hdop>
        <extensions>
          <osmand:speed>1.4</osmand:speed>
        </extensions>
      </trkpt>
      <trkpt lat="47.2483084" lon="9.3292606">
        <ele>2058.4</ele>
        <time>2026-09-03T08:11:54Z</time>
        <hdop>4.1</hdop>
        <extensions>
          <osmand:speed>0.7</osmand:speed>
        </extensions>
      </trkpt>
      <trkpt lat="47.2483312" lon="9.3292504">
        <ele>2058.4</ele>
        <time>2026-09-03T08:12:00Z</time>
        <hdop>5.1</hdop>
        <extensions>
          <osmand:speed>0.4</osmand:speed>
        </extensions>
      </trkpt>
      <trkpt lat="47.2483529" lon="9.3292254">
        <ele>2059.4</ele>
        <time>2026-09-03T08:12:06Z</time>
        <hdop>4.6</hdop>
        <extensions>
          <osmand:speed>0.5</osmand:speed>
        </extensions>
      </trkpt>
      <trkpt lat="47.2483846" lon="9.3292058">
        <ele>2061.4</ele>
        <time>2026-09-03T08:12:12Z</time>
        <hdop>4.6</hdop>
        <extensions>
          <osmand:speed>1.2</osmand:speed>
        </extensions>
      </trkpt>
      <trkpt lat="47.2484012" lon="9.3291914">
        <ele>2062.4</ele>
        <time>2026-09-03T08:12:18Z</time>
        <hdop>4.6</hdop>
        <extensions>
          <osmand:speed>0.2</osmand:speed>
        </extensions>
      </trkpt>
      <trkpt lat="47.2484203" lon="9.3291902">
        <ele>2062.4</ele>
        <time>2026-09-03T08:12:26Z</time>
        <hdop>4.6</hdop>
        <extensions>
          <osmand:speed>0.2</osmand:speed>
        </extensions>
      </trkpt>
      <trkpt lat="47.2484427" lon="9.3291657">
        <ele>2062.4</ele>
        <time>2026-09-03T08:12:32Z</time>
        <hdop>5.6</hdop>
        <extensions>
          <osmand:speed>0.1</osmand:speed>
        </extensions>
      </trkpt>
      <trkpt lat="47.2484611" lon="9.3291454">
        <ele>2063.4</ele>
        <time>2026-09-03T08:12:39Z</time>
        <hdop>5.1</hdop>
        <extensions>
          <osmand:speed>0.8</osmand:speed>
        </extensions>
      </trkpt>
      <trkpt lat="47.2484491" lon="9.3290907">
        <ele>2064.4</ele>
        <time>2026-09-03T08:12:45Z</time>
        <hdop>4.1</hdop>
        <extensions>
          <osmand:speed>0.5</osmand:speed>
        </extensions>
      </trkpt>
      <trkpt lat="47.2484616" lon="9.3290315">
        <ele>2064.4</ele>
        <time>2026-09-03T08:12:51Z</time>
        <hdop>4.1</hdop>
        <extensions>
          <osmand:speed>1</osmand:speed>
        </extensions>
      </trkpt>
      <trkpt lat="47.2485034" lon="9.329039">
        <ele>2064.4</ele>
        <time>2026-09-03T08:12:57Z</time>
        <hdop>6.1</hdop>
        <extensions>
          <osmand:speed>0.5</osmand:speed>
        </extensions>
      </trkpt>
      <trkpt lat="47.248525" lon="9.3290579">
        <ele>2066.4</ele>
        <time>2026-09-03T08:13:03Z</time>
        <hdop>6.6</hdop>
        <extensions>
          <osmand:speed>0.7</osmand:speed>
        </extensions>
      </trkpt>
      <trkpt lat="47.2485173" lon="9.3290252">
        <ele>2069.4</ele>
        <time>2026-09-03T08:13:18Z</time>
        <hdop>3.6</hdop>
        <extensions>
          <osmand:speed>0.9</osmand:speed>
        </extensions>
      </trkpt>
      <trkpt lat="47.2485445" lon="9.3290613">
        <ele>2070.4</ele>
        <time>2026-09-03T08:13:24Z</time>
        <hdop>5.6</hdop>
        <extensions>
          <osmand:speed>0.7</osmand:speed>
        </extensions>
      </trkpt>
      <trkpt lat="47.2485719" lon="9.3290689">
        <ele>2071.4</ele>
        <time>2026-09-03T08:13:30Z</time>
        <hdop>5.1</hdop>
        <extensions>
          <osmand:speed>0</osmand:speed>
        </extensions>
      </trkpt>
      <trkpt lat="47.2485917" lon="9.3290775">
        <ele>2072.4</ele>
        <time>2026-09-03T08:13:36Z</time>
        <hdop>5.6</hdop>
        <extensions>
          <osmand:speed>1.4</osmand:speed>
        </extensions>
      </trkpt>
      <trkpt lat="47.2486086" lon="9.3290966">
        <ele>2072.4</ele>
        <time>2026-09-03T08:13:44Z</time>
        <hdop>4.6</hdop>
        <extensions>
          <osmand:speed>0.7</osmand:speed>
        </extensions>
      </trkpt>
      <trkpt lat="47.2486278" lon="9.3291491">
        <ele>2073.4</ele>
        <time>2026-09-03T08:13:50Z</time>
        <hdop>4.1</hdop>
        <extensions>
          <osmand:speed>0</osmand:speed>
        </extensions>
      </trkpt>
      <trkpt lat="47.2486361" lon="9.3291196">
        <ele>2073.4</ele>
        <time>2026-09-03T08:13:57Z</time>
        <hdop>5.1</hdop>
        <extensions>
          <osmand:speed>0.9</osmand:speed>
        </extensions>
      </trkpt>
      <trkpt lat="47.2486542" lon="9.3290784">
        <ele>2072.4</ele>
        <time>2026-09-03T08:14:03Z</time>
        <hdop>6.1</hdop>
        <extensions>
          <osmand:speed>0.6</osmand:speed>
        </extensions>
      </trkpt>
      <trkpt lat="47.2486838" lon="9.3290707">
        <ele>2072.4</ele>
        <time>2026-09-03T08:14:10Z</time>
        <hdop>7.1</hdop>
        <extensions>
          <osmand:speed>0.7</osmand:speed>
        </extensions>
      </trkpt>
      <trkpt lat="47.2486682" lon="9.3290488">
        <ele>2074.4</ele>
        <time>2026-09-03T08:14:16Z</time>
        <hdop>8.7</hdop>
        <extensions>
          <osmand:speed>0.1</osmand:speed>
        </extensions>
      </trkpt>
      <trkpt lat="47.2486607" lon="9.3290109">
        <ele>2075.4</ele>
        <time>2026-09-03T08:14:22Z</time>
        <hdop>5.1</hdop>
        <extensions>
          <osmand:speed>0.9</osmand:speed>
        </extensions>
      </trkpt>
      <trkpt lat="47.2486542" lon="9.3289796">
        <ele>2077.4</ele>
        <time>2026-09-03T08:14:28Z</time>
        <hdop>4.6</hdop>
        <extensions>
          <osmand:speed>0.4</osmand:speed>
        </extensions>
      </trkpt>
      <trkpt lat="47.2486728" lon="9.3289717">
        <ele>2080.4</ele>
        <time>2026-09-03T08:14:34Z</time>
        <hdop>5.1</hdop>
        <extensions>
          <osmand:speed>0.4</osmand:speed>
        </extensions>
      </trkpt>
      <trkpt lat="47.248694" lon="9.328943">
        <ele>2080.4</ele>
        <time>2026-09-03T08:14:40Z</time>
        <hdop>6.1</hdop>
        <extensions>
          <osmand:speed>0.4</osmand:speed>
        </extensions>
      </trkpt>
      <trkpt lat="47.2487087" lon="9.3289177">
        <ele>2080.4</ele>
        <time>2026-09-03T08:14:54Z</time>
        <hdop>5.6</hdop>
        <extensions>
          <osmand:speed>0.3</osmand:speed>
        </extensions>
      </trkpt>
      <trkpt lat="47.2487381" lon="9.328858">
        <ele>2080.4</ele>
        <time>2026-09-03T08:15:00Z</time>
        <hdop>5.6</hdop>
        <extensions>
          <osmand:speed>0.5</osmand:speed>
        </extensions>
      </trkpt>
      <trkpt lat="47.2487689" lon="9.3288304">
        <ele>2083.4</ele>
        <time>2026-09-03T08:15:06Z</time>
        <hdop>5.6</hdop>
        <extensions>
          <osmand:speed>0.5</osmand:speed>
        </extensions>
      </trkpt>
      <trkpt lat="47.2487768" lon="9.3288676">
        <ele>2086.4</ele>
        <time>2026-09-03T08:15:58Z</time>
        <hdop>4.1</hdop>
        <extensions>
          <osmand:speed>1</osmand:speed>
        </extensions>
      </trkpt>
      <trkpt lat="47.2487539" lon="9.3288934">
        <ele>2087.4</ele>
        <time>2026-09-03T08:16:04Z</time>
        <hdop>4.6</hdop>
        <extensions>
          <osmand:speed>0.7</osmand:speed>
        </extensions>
      </trkpt>
      <trkpt lat="47.2487289" lon="9.3288877">
        <ele>2087.4</ele>
        <time>2026-09-03T08:16:10Z</time>
        <hdop>4.1</hdop>
      </trkpt>
      <trkpt lat="47.2487143" lon="9.3289103">
        <ele>2087.4</ele>
        <time>2026-09-03T08:16:17Z</time>
        <hdop>5.6</hdop>
        <extensions>
          <osmand:speed>0.5</osmand:speed>
        </extensions>
      </trkpt>
      <trkpt lat="47.2486938" lon="9.3289434">
        <ele>2087.4</ele>
        <time>2026-09-03T08:16:23Z</time>
        <hdop>5.1</hdop>
        <extensions>
          <osmand:speed>0.4</osmand:speed>
        </extensions>
      </trkpt>
      <trkpt lat="47.2486975" lon="9.3290306">
        <ele>2087.4</ele>
        <time>2026-09-03T08:16:29Z</time>
        <hdop>4.6</hdop>
        <extensions>
          <osmand:speed>1.1</osmand:speed>
        </extensions>
      </trkpt>
      <trkpt lat="47.2487106" lon="9.3291229">
        <ele>2088.4</ele>
        <time>2026-09-03T08:16:35Z</time>
        <hdop>5.6</hdop>
        <extensions>
          <osmand:speed>0.6</osmand:speed>
        </extensions>
      </trkpt>
      <trkpt lat="47.2487188" lon="9.3292124">
        <ele>2087.4</ele>
        <time>2026-09-03T08:16:41Z</time>
        <hdop>5.1</hdop>
        <extensions>
          <osmand:speed>1.3</osmand:speed>
        </extensions>
      </trkpt>
      <trkpt lat="47.2487231" lon="9.3292895">
        <ele>2087.4</ele>
        <time>2026-09-03T08:16:47Z</time>
        <hdop>6.1</hdop>
        <extensions>
          <osmand:speed>0.6</osmand:speed>
        </extensions>
      </trkpt>
      <trkpt lat="47.2487342" lon="9.3293326">
        <ele>2086.4</ele>
        <time>2026-09-03T08:16:53Z</time>
        <hdop>4.6</hdop>
        <extensions>
          <osmand:speed>0.6</osmand:speed>
        </extensions>
      </trkpt>
      <trkpt lat="47.2487386" lon="9.3293891">
        <ele>2085.4</ele>
        <time>2026-09-03T08:16:59Z</time>
        <hdop>5.6</hdop>
        <extensions>
          <osmand:speed>0.7</osmand:speed>
        </extensions>
      </trkpt>
      <trkpt lat="47.248751" lon="9.3294491">
        <ele>2085.4</ele>
        <time>2026-09-03T08:17:05Z</time>
        <hdop>5.6</hdop>
        <extensions>
          <osmand:speed>0.7</osmand:speed>
        </extensions>
      </trkpt>
      <trkpt lat="47.2487448" lon="9.3295217">
        <ele>2085.4</ele>
        <time>2026-09-03T08:17:11Z</time>
        <hdop>5.1</hdop>
        <extensions>
          <osmand:speed>0.8</osmand:speed>
        </extensions>
      </trkpt>
      <trkpt lat="47.2487329" lon="9.3296051">
        <ele>2086.4</ele>
        <time>2026-09-03T08:17:17Z</time>
        <hdop>5.6</hdop>
        <extensions>
          <osmand:speed>0.6</osmand:speed>
        </extensions>
      </trkpt>
      <trkpt lat="47.2487227" lon="9.3296282">
        <ele>2086.4</ele>
        <time>2026-09-03T08:17:23Z</time>
        <hdop>3.6</hdop>
      </trkpt>
      <trkpt lat="47.2487281" lon="9.3296573">
        <ele>2088.4</ele>
        <time>2026-09-03T08:17:41Z</time>
        <hdop>5.1</hdop>
        <extensions>
          <osmand:speed>0.4</osmand:speed>
        </extensions>
      </trkpt>
      <trkpt lat="47.2487539" lon="9.3296189">
        <ele>2089.4</ele>
        <time>2026-09-03T08:17:47Z</time>
        <hdop>5.1</hdop>
        <extensions>
          <osmand:speed>0.3</osmand:speed>
        </extensions>
      </trkpt>
      <trkpt lat="47.2487795" lon="9.3295896">
        <ele>2088.4</ele>
        <time>2026-09-03T08:17:53Z</time>
        <hdop>5.1</hdop>
        <extensions>
          <osmand:speed>0.5</osmand:speed>
        </extensions>
      </trkpt>
      <trkpt lat="47.248793" lon="9.329564">
        <ele>2089.4</ele>
        <time>2026-09-03T08:17:59Z</time>
        <hdop>4.6</hdop>
        <extensions>
          <osmand:speed>0.1</osmand:speed>
        </extensions>
      </trkpt>
      <trkpt lat="47.2488308" lon="9.3295706">
        <ele>2091.4</ele>
        <time>2026-09-03T08:18:05Z</time>
        <hdop>6.1</hdop>
        <extensions>
          <osmand:speed>0.8</osmand:speed>
        </extensions>
      </trkpt>
      <trkpt lat="47.2488463" lon="9.3295905">
        <ele>2090.4</ele>
        <time>2026-09-03T08:18:13Z</time>
        <hdop>5.6</hdop>
        <extensions>
          <osmand:speed>1.1</osmand:speed>
        </extensions>
      </trkpt>
      <trkpt lat="47.2488307" lon="9.3296575">
        <ele>2091.4</ele>
        <time>2026-09-03T08:18:19Z</time>
        <hdop>4.6</hdop>
        <extensions>
          <osmand:speed>0.5</osmand:speed>
        </extensions>
      </trkpt>
      <trkpt lat="47.2488123" lon="9.3296907">
        <ele>2094.4</ele>
        <time>2026-09-03T08:18:25Z</time>
        <hdop>4.6</hdop>
        <extensions>
          <osmand:speed>0.2</osmand:speed>
        </extensions>
      </trkpt>
      <trkpt lat="47.2488185" lon="9.3297289">
        <ele>2095.4</ele>
        <time>2026-09-03T08:18:31Z</time>
        <hdop>5.6</hdop>
        <extensions>
          <osmand:speed>0.5</osmand:speed>
        </extensions>
      </trkpt>
      <trkpt lat="47.2488245" lon="9.329754">
        <ele>2096.4</ele>
        <time>2026-09-03T08:18:37Z</time>
        <hdop>5.6</hdop>
        <extensions>
          <osmand:speed>0.5</osmand:speed>
        </extensions>
      </trkpt>
      <trkpt lat="47.2488062" lon="9.3298067">
        <ele>2099.4</ele>
        <time>2026-09-03T08:18:43Z</time>
        <hdop>4.6</hdop>
        <extensions>
          <osmand:speed>0.3</osmand:speed>
        </extensions>
      </trkpt>
      <trkpt lat="47.2487929" lon="9.3298279">
        <ele>2100.4</ele>
        <time>2026-09-03T08:18:49Z</time>
        <hdop>4.6</hdop>
        <extensions>
          <osmand:speed>0.4</osmand:speed>
        </extensions>
      </trkpt>
      <trkpt lat="47.2487908" lon="9.3298568">
        <ele>2100.4</ele>
        <time>2026-09-03T08:18:56Z</time>
        <hdop>5.6</hdop>
        <extensions>
          <osmand:speed>0.1</osmand:speed>
        </extensions>
      </trkpt>
      <trkpt lat="47.2487868" lon="9.3298305">
        <ele>2103.4</ele>
        <time>2026-09-03T08:19:17Z</time>
        <hdop>5.6</hdop>
        <extensions>
          <osmand:speed>0</osmand:speed>
        </extensions>
      </trkpt>
      <trkpt lat="47.2488038" lon="9.3298476">
        <ele>2102.4</ele>
        <time>2026-09-03T08:19:42Z</time>
        <hdop>11.7</hdop>
        <extensions>
          <osmand:speed>2.2</osmand:speed>
        </extensions>
      </trkpt>
      <trkpt lat="47.2487842" lon="9.3298677">
        <ele>2101.4</ele>
        <time>2026-09-03T08:19:49Z</time>
        <hdop>6.6</hdop>
        <extensions>
          <osmand:speed>0.9</osmand:speed>
        </extensions>
      </trkpt>
      <trkpt lat="47.2487795" lon="9.3298284">
        <ele>2101.4</ele>
        <time>2026-09-03T08:19:55Z</time>
        <hdop>5.1</hdop>
        <extensions>
          <osmand:speed>0.2</osmand:speed>
        </extensions>
      </trkpt>
      <trkpt lat="47.2487884" lon="9.3298571">
        <ele>2102.4</ele>
        <time>2026-09-03T08:21:44Z</time>
        <hdop>9.2</hdop>
        <extensions>
          <osmand:speed>1.4</osmand:speed>
        </extensions>
      </trkpt>
      <trkpt lat="47.2488011" lon="9.3298382">
        <ele>2102.4</ele>
        <time>2026-09-03T08:22:44Z</time>
        <hdop>6.6</hdop>
      </trkpt>
      <trkpt lat="47.2488122" lon="9.329812">
        <ele>2102.4</ele>
        <time>2026-09-03T08:23:39Z</time>
        <hdop>9.7</hdop>
        <extensions>
          <osmand:speed>0.6</osmand:speed>
        </extensions>
      </trkpt>
      <trkpt lat="47.2487816" lon="9.329839">
        <ele>2101.4</ele>
        <time>2026-09-03T08:23:45Z</time>
        <hdop>6.6</hdop>
      </trkpt>
      <trkpt lat="47.2487845" lon="9.3298061">
        <ele>2102.4</ele>
        <time>2026-09-03T08:24:27Z</time>
        <hdop>14.8</hdop>
        <extensions>
          <osmand:speed>0.2</osmand:speed>
        </extensions>
      </trkpt>
      <trkpt lat="47.2488031" lon="9.3297965">
        <ele>2101.4</ele>
        <time>2026-09-03T08:24:39Z</time>
        <hdop>12.8</hdop>
        <extensions>
          <osmand:speed>0.1</osmand:speed>
        </extensions>
      </trkpt>
      <trkpt lat="47.2487902" lon="9.3298155">
        <ele>2102.4</ele>
        <time>2026-09-03T08:25:29Z</time>
        <hdop>11.2</hdop>
        <extensions>
          <osmand:speed>0.8</osmand:speed>
        </extensions>
      </trkpt>
      <trkpt lat="47.248777" lon="9.3298374">
        <ele>2102.4</ele>
        <time>2026-09-03T08:25:35Z</time>
        <hdop>8.2</hdop>
      </trkpt>
      <trkpt lat="47.2487831" lon="9.329868">
        <ele>2103.4</ele>
        <time>2026-09-03T08:25:43Z</time>
        <hdop>7.7</hdop>
        <extensions>
          <osmand:speed>0.8</osmand:speed>
        </extensions>
      </trkpt>
      <trkpt lat="47.2487924" lon="9.3299073">
        <ele>2104.4</ele>
        <time>2026-09-03T08:25:49Z</time>
        <hdop>10.7</hdop>
        <extensions>
          <osmand:speed>0.6</osmand:speed>
        </extensions>
      </trkpt>
      <trkpt lat="47.2488064" lon="9.3299249">
        <ele>2104.4</ele>
        <time>2026-09-03T08:25:56Z</time>
        <hdop>9.7</hdop>
        <extensions>
          <osmand:speed>0.4</osmand:speed>
        </extensions>
      </trkpt>
      <trkpt lat="47.2488065" lon="9.3299854">
        <ele>2103.4</ele>
        <time>2026-09-03T08:26:02Z</time>
        <hdop>9.2</hdop>
        <extensions>
          <osmand:speed>0.6</osmand:speed>
        </extensions>
      </trkpt>
      <trkpt lat="47.2488025" lon="9.3300242">
        <ele>2102.4</ele>
        <time>2026-09-03T08:26:08Z</time>
        <hdop>9.2</hdop>
        <extensions>
          <osmand:speed>0.4</osmand:speed>
        </extensions>
      </trkpt>
      <trkpt lat="47.2487956" lon="9.3300571">
        <ele>2103.4</ele>
        <time>2026-09-03T08:26:14Z</time>
        <hdop>13.3</hdop>
        <extensions>
          <osmand:speed>0.4</osmand:speed>
        </extensions>
      </trkpt>
      <trkpt lat="47.2488049" lon="9.3301134">
        <ele>2103.4</ele>
        <time>2026-09-03T08:26:22Z</time>
        <hdop>13.8</hdop>
        <extensions>
          <osmand:speed>1</osmand:speed>
        </extensions>
      </trkpt>
      <trkpt lat="47.2488087" lon="9.3301518">
        <ele>2104.4</ele>
        <time>2026-09-03T08:26:28Z</time>
        <hdop>11.2</hdop>
        <extensions>
          <osmand:speed>0.6</osmand:speed>
        </extensions>
      </trkpt>
      <trkpt lat="47.2488233" lon="9.3301818">
        <ele>2105.4</ele>
        <time>2026-09-03T08:26:34Z</time>
        <hdop>12.8</hdop>
        <extensions>
          <osmand:speed>1.1</osmand:speed>
        </extensions>
      </trkpt>
      <trkpt lat="47.2488538" lon="9.3301255">
        <ele>2106.4</ele>
        <time>2026-09-03T08:26:40Z</time>
        <hdop>10.2</hdop>
        <extensions>
          <osmand:speed>0.4</osmand:speed>
        </extensions>
      </trkpt>
      <trkpt lat="47.2488846" lon="9.3301475">
        <ele>2106.4</ele>
        <time>2026-09-03T08:26:46Z</time>
        <hdop>9.7</hdop>
        <extensions>
          <osmand:speed>0.5</osmand:speed>
        </extensions>
      </trkpt>
      <trkpt lat="47.2489015" lon="9.330179">
        <ele>2107.4</ele>
        <time>2026-09-03T08:26:52Z</time>
        <hdop>9.7</hdop>
        <extensions>
          <osmand:speed>0.4</osmand:speed>
        </extensions>
      </trkpt>
      <trkpt lat="47.248928" lon="9.3301693">
        <ele>2109.4</ele>
        <time>2026-09-03T08:26:58Z</time>
        <hdop>11.2</hdop>
        <extensions>
          <osmand:speed>0.2</osmand:speed>
        </extensions>
      </trkpt>
      <trkpt lat="47.2489513" lon="9.3301493">
        <ele>2109.4</ele>
        <time>2026-09-03T08:27:04Z</time>
        <hdop>14.3</hdop>
        <extensions>
          <osmand:speed>0.1</osmand:speed>
        </extensions>
      </trkpt>
      <trkpt lat="47.2489546" lon="9.3301035">
        <ele>2111.4</ele>
        <time>2026-09-03T08:27:10Z</time>
        <hdop>7.7</hdop>
      </trkpt>
      <trkpt lat="47.2489598" lon="9.330043">
        <ele>2111.4</ele>
        <time>2026-09-03T08:27:16Z</time>
        <hdop>9.7</hdop>
        <extensions>
          <osmand:speed>0.7</osmand:speed>
        </extensions>
      </trkpt>
      <trkpt lat="47.2489769" lon="9.3299562">
        <ele>2113.4</ele>
        <time>2026-09-03T08:27:22Z</time>
        <hdop>9.7</hdop>
        <extensions>
          <osmand:speed>1.2</osmand:speed>
        </extensions>
      </trkpt>
      <trkpt lat="47.2489779" lon="9.3299191">
        <ele>2114.4</ele>
        <time>2026-09-03T08:27:28Z</time>
        <hdop>9.2</hdop>
        <extensions>
          <osmand:speed>0.3</osmand:speed>
        </extensions>
      </trkpt>
      <trkpt lat="47.2489735" lon="9.3298918">
        <ele>2116.4</ele>
        <time>2026-09-03T08:27:40Z</time>
        <hdop>12.8</hdop>
        <extensions>
          <osmand:speed>0</osmand:speed>
        </extensions>
      </trkpt>
      <trkpt lat="47.2489575" lon="9.3298789">
        <ele>2117.4</ele>
        <time>2026-09-03T08:27:54Z</time>
        <hdop>14.3</hdop>
        <extensions>
          <osmand:speed>0.8</osmand:speed>
        </extensions>
      </trkpt>
      <trkpt lat="47.2489465" lon="9.3299117">
        <ele>2119.4</ele>
        <time>2026-09-03T08:28:00Z</time>
        <hdop>7.1</hdop>
        <extensions>
          <osmand:speed>0.9</osmand:speed>
        </extensions>
      </trkpt>
      <trkpt lat="47.2489385" lon="9.3299888">
        <ele>2119.4</ele>
        <time>2026-09-03T08:28:06Z</time>
        <hdop>10.2</hdop>
        <extensions>
          <osmand:speed>0.7</osmand:speed>
        </extensions>
      </trkpt>
      <trkpt lat="47.2489482" lon="9.3300174">
        <ele>2120.4</ele>
        <time>2026-09-03T08:28:12Z</time>
        <hdop>4.6</hdop>
        <extensions>
          <osmand:speed>0.5</osmand:speed>
        </extensions>
      </trkpt>
      <trkpt lat="47.2489594" lon="9.3300492">
        <ele>2121.4</ele>
        <time>2026-09-03T08:28:18Z</time>
        <hdop>5.1</hdop>
        <extensions>
          <osmand:speed>0.3</osmand:speed>
        </extensions>
      </trkpt>
      <trkpt lat="47.248961" lon="9.3301028">
        <ele>2120.4</ele>
        <time>2026-09-03T08:28:24Z</time>
        <hdop>5.6</hdop>
        <extensions>
          <osmand:speed>0.3</osmand:speed>
        </extensions>
      </trkpt>
      <trkpt lat="47.2489622" lon="9.3301572">
        <ele>2121.4</ele>
        <time>2026-09-03T08:28:30Z</time>
        <hdop>5.1</hdop>
        <extensions>
          <osmand:speed>0.8</osmand:speed>
        </extensions>
      </trkpt>
      <trkpt lat="47.2489623" lon="9.330193">
        <ele>2123.4</ele>
        <time>2026-09-03T08:28:36Z</time>
        <hdop>5.1</hdop>
        <extensions>
          <osmand:speed>0.4</osmand:speed>
        </extensions>
      </trkpt>
      <trkpt lat="47.2489661" lon="9.3302295">
        <ele>2123.4</ele>
        <time>2026-09-03T08:28:42Z</time>
        <hdop>4.1</hdop>
        <extensions>
          <osmand:speed>0.8</osmand:speed>
        </extensions>
      </trkpt>
      <trkpt lat="47.2489816" lon="9.3302442">
        <ele>2124.4</ele>
        <time>2026-09-03T08:29:05Z</time>
        <hdop>7.1</hdop>
        <extensions>
          <osmand:speed>0.5</osmand:speed>
        </extensions>
      </trkpt>
      <trkpt lat="47.2490004" lon="9.3302604">
        <ele>2124.4</ele>
        <time>2026-09-03T08:29:11Z</time>
        <hdop>4.1</hdop>
        <extensions>
          <osmand:speed>0.7</osmand:speed>
        </extensions>
      </trkpt>
      <trkpt lat="47.2489856" lon="9.3302988">
        <ele>2126.4</ele>
        <time>2026-09-03T08:29:17Z</time>
        <hdop>4.6</hdop>
        <extensions>
          <osmand:speed>0.7</osmand:speed>
        </extensions>
      </trkpt>
      <trkpt lat="47.248967" lon="9.3303085">
        <ele>2127.4</ele>
        <time>2026-09-03T08:29:25Z</time>
        <hdop>5.6</hdop>
        <extensions>
          <osmand:speed>0.3</osmand:speed>
        </extensions>
      </trkpt>
      <trkpt lat="47.2489444" lon="9.3303374">
        <ele>2128.4</ele>
        <time>2026-09-03T08:29:31Z</time>
        <hdop>6.6</hdop>
        <extensions>
          <osmand:speed>0.2</osmand:speed>
        </extensions>
      </trkpt>
      <trkpt lat="47.2489398" lon="9.3303633">
        <ele>2129.4</ele>
        <time>2026-09-03T08:29:37Z</time>
        <hdop>4.6</hdop>
      </trkpt>
      <trkpt lat="47.2489207" lon="9.3303603">
        <ele>2132.4</ele>
        <time>2026-09-03T08:30:01Z</time>
        <hdop>6.1</hdop>
        <extensions>
          <osmand:speed>0.8</osmand:speed>
        </extensions>
      </trkpt>
      <trkpt lat="47.2489013" lon="9.3303698">
        <ele>2133.4</ele>
        <time>2026-09-03T08:30:07Z</time>
        <hdop>5.6</hdop>
        <extensions>
          <osmand:speed>0.1</osmand:speed>
        </extensions>
      </trkpt>
      <trkpt lat="47.2488918" lon="9.3303971">
        <ele>2134.4</ele>
        <time>2026-09-03T08:30:14Z</time>
        <hdop>6.1</hdop>
        <extensions>
          <osmand:speed>0.4</osmand:speed>
        </extensions>
      </trkpt>
      <trkpt lat="47.2488844" lon="9.3304473">
        <ele>2135.4</ele>
        <time>2026-09-03T08:30:20Z</time>
        <hdop>5.1</hdop>
        <extensions>
          <osmand:speed>0.7</osmand:speed>
        </extensions>
      </trkpt>
      <trkpt lat="47.2488648" lon="9.3305032">
        <ele>2135.4</ele>
        <time>2026-09-03T08:30:26Z</time>
        <hdop>5.6</hdop>
        <extensions>
          <osmand:speed>0.3</osmand:speed>
        </extensions>
      </trkpt>
      <trkpt lat="47.248871" lon="9.3305351">
        <ele>2136.4</ele>
        <time>2026-09-03T08:30:32Z</time>
        <hdop>6.1</hdop>
        <extensions>
          <osmand:speed>1.1</osmand:speed>
        </extensions>
      </trkpt>
      <trkpt lat="47.2488616" lon="9.3305846">
        <ele>2136.4</ele>
        <time>2026-09-03T08:30:38Z</time>
        <hdop>5.6</hdop>
        <extensions>
          <osmand:speed>0.4</osmand:speed>
        </extensions>
      </trkpt>
      <trkpt lat="47.2488181" lon="9.3306153">
        <ele>2136.4</ele>
        <time>2026-09-03T08:30:44Z</time>
        <hdop>5.6</hdop>
        <extensions>
          <osmand:speed>0.7</osmand:speed>
        </extensions>
      </trkpt>
      <trkpt lat="47.2488083" lon="9.3306704">
        <ele>2137.4</ele>
        <time>2026-09-03T08:30:50Z</time>
        <hdop>5.6</hdop>
        <extensions>
          <osmand:speed>1</osmand:speed>
        </extensions>
      </trkpt>
      <trkpt lat="47.2488002" lon="9.3307002">
        <ele>2138.4</ele>
        <time>2026-09-03T08:30:59Z</time>
        <hdop>4.6</hdop>
        <extensions>
          <osmand:speed>0.6</osmand:speed>
        </extensions>
      </trkpt>
      <trkpt lat="47.2488149" lon="9.3307347">
        <ele>2139.4</ele>
        <time>2026-09-03T08:31:05Z</time>
        <hdop>5.1</hdop>
        <extensions>
          <osmand:speed>0.6</osmand:speed>
        </extensions>
      </trkpt>
      <trkpt lat="47.2488289" lon="9.3307939">
        <ele>2139.4</ele>
        <time>2026-09-03T08:31:11Z</time>
        <hdop>5.6</hdop>
        <extensions>
          <osmand:speed>0.6</osmand:speed>
        </extensions>
      </trkpt>
      <trkpt lat="47.2488497" lon="9.3308104">
        <ele>2141.4</ele>
        <time>2026-09-03T08:31:26Z</time>
        <hdop>4.6</hdop>
        <extensions>
          <osmand:speed>0.4</osmand:speed>
        </extensions>
      </trkpt>
      <trkpt lat="47.2488635" lon="9.330851">
        <ele>2142.4</ele>
        <time>2026-09-03T08:31:32Z</time>
        <hdop>5.1</hdop>
        <extensions>
          <osmand:speed>0.6</osmand:speed>
        </extensions>
      </trkpt>
      <trkpt lat="47.2488619" lon="9.3309019">
        <ele>2144.4</ele>
        <time>2026-09-03T08:31:38Z</time>
        <hdop>4.6</hdop>
        <extensions>
          <osmand:speed>0.1</osmand:speed>
        </extensions>
      </trkpt>
      <trkpt lat="47.2488649" lon="9.3309603">
        <ele>2144.4</ele>
        <time>2026-09-03T08:31:44Z</time>
        <hdop>4.6</hdop>
        <extensions>
          <osmand:speed>0.4</osmand:speed>
        </extensions>
      </trkpt>
      <trkpt lat="47.2488546" lon="9.3309976">
        <ele>2145.4</ele>
        <time>2026-09-03T08:31:51Z</time>
        <hdop>5.1</hdop>
        <extensions>
          <osmand:speed>0.8</osmand:speed>
        </extensions>
      </trkpt>
      <trkpt lat="47.2488074" lon="9.3310442">
        <ele>2145.4</ele>
        <time>2026-09-03T08:31:57Z</time>
        <hdop>4.6</hdop>
        <extensions>
          <osmand:speed>0.1</osmand:speed>
        </extensions>
      </trkpt>
      <trkpt lat="47.2487883" lon="9.3310261">
        <ele>2145.4</ele>
        <time>2026-09-03T08:32:15Z</time>
        <hdop>5.6</hdop>
        <extensions>
          <osmand:speed>0.5</osmand:speed>
        </extensions>
      </trkpt>
      <trkpt lat="47.2487641" lon="9.3310802">
        <ele>2144.4</ele>
        <time>2026-09-03T08:32:21Z</time>
        <hdop>5.6</hdop>
        <extensions>
          <osmand:speed>0.8</osmand:speed>
        </extensions>
      </trkpt>
      <trkpt lat="47.248735" lon="9.3311397">
        <ele>2144.4</ele>
        <time>2026-09-03T08:32:27Z</time>
        <hdop>6.1</hdop>
        <extensions>
          <osmand:speed>0.8</osmand:speed>
        </extensions>
      </trkpt>
      <trkpt lat="47.2487026" lon="9.3311785">
        <ele>2145.4</ele>
        <time>2026-09-03T08:32:33Z</time>
        <hdop>6.1</hdop>
        <extensions>
          <osmand:speed>0.7</osmand:speed>
        </extensions>
      </trkpt>
      <trkpt lat="47.2486537" lon="9.3312144">
        <ele>2144.4</ele>
        <time>2026-09-03T08:32:39Z</time>
        <hdop>5.6</hdop>
        <extensions>
          <osmand:speed>0.5</osmand:speed>
        </extensions>
      </trkpt>
      <trkpt lat="47.2486392" lon="9.3312386">
        <ele>2145.4</ele>
        <time>2026-09-03T08:32:45Z</time>
        <hdop>6.1</hdop>
        <extensions>
          <osmand:speed>0.6</osmand:speed>
        </extensions>
      </trkpt>
      <trkpt lat="47.2486156" lon="9.3312641">
        <ele>2146.4</ele>
        <time>2026-09-03T08:32:51Z</time>
        <hdop>5.6</hdop>
        <extensions>
          <osmand:speed>0.3</osmand:speed>
        </extensions>
      </trkpt>
      <trkpt lat="47.2485836" lon="9.3313109">
        <ele>2146.4</ele>
        <time>2026-09-03T08:32:57Z</time>
        <hdop>5.1</hdop>
        <extensions>
          <osmand:speed>0.6</osmand:speed>
        </extensions>
      </trkpt>
      <trkpt lat="47.2485634" lon="9.3313131">
        <ele>2146.4</ele>
        <time>2026-09-03T08:33:03Z</time>
        <hdop>4.6</hdop>
        <extensions>
          <osmand:speed>0.2</osmand:speed>
        </extensions>
      </trkpt>
      <trkpt lat="47.2485633" lon="9.3313424">
        <ele>2149.4</ele>
        <time>2026-09-03T08:33:28Z</time>
        <hdop>4.6</hdop>
        <extensions>
          <osmand:speed>1.4</osmand:speed>
        </extensions>
      </trkpt>
      <trkpt lat="47.2485708" lon="9.3313722">
        <ele>2148.4</ele>
        <time>2026-09-03T08:33:40Z</time>
        <hdop>3.6</hdop>
        <extensions>
          <osmand:speed>0.3</osmand:speed>
        </extensions>
      </trkpt>
      <trkpt lat="47.2485669" lon="9.3314102">
        <ele>2146.4</ele>
        <time>2026-09-03T08:33:46Z</time>
        <hdop>4.6</hdop>
        <extensions>
          <osmand:speed>0.4</osmand:speed>
        </extensions>
      </trkpt>
      <trkpt lat="47.2485852" lon="9.3314893">
        <ele>2147.4</ele>
        <time>2026-09-03T08:33:52Z</time>
        <hdop>5.1</hdop>
        <extensions>
          <osmand:speed>0.5</osmand:speed>
        </extensions>
      </trkpt>
      <trkpt lat="47.2485972" lon="9.3315648">
        <ele>2148.4</ele>
        <time>2026-09-03T08:33:58Z</time>
        <hdop>6.6</hdop>
        <extensions>
          <osmand:speed>0.7</osmand:speed>
        </extensions>
      </trkpt>
      <trkpt lat="47.2485924" lon="9.331632">
        <ele>2149.4</ele>
        <time>2026-09-03T08:34:04Z</time>
        <hdop>4.6</hdop>
        <extensions>
          <osmand:speed>1</osmand:speed>
        </extensions>
      </trkpt>
      <trkpt lat="47.2485978" lon="9.3316976">
        <ele>2147.4</ele>
        <time>2026-09-03T08:34:10Z</time>
        <hdop>4.6</hdop>
        <extensions>
          <osmand:speed>1.2</osmand:speed>
        </extensions>
      </trkpt>
      <trkpt lat="47.24861" lon="9.331736">
        <ele>2148.4</ele>
        <time>2026-09-03T08:34:16Z</time>
        <hdop>4.1</hdop>
        <extensions>
          <osmand:speed>0.7</osmand:speed>
        </extensions>
      </trkpt>
      <trkpt lat="47.2486169" lon="9.3317684">
        <ele>2147.4</ele>
        <time>2026-09-03T08:34:22Z</time>
        <hdop>3.6</hdop>
      </trkpt>
      <trkpt lat="47.248636" lon="9.3317767">
        <ele>2149.4</ele>
        <time>2026-09-03T08:34:33Z</time>
        <hdop>4.1</hdop>
        <extensions>
          <osmand:speed>0.3</osmand:speed>
        </extensions>
      </trkpt>
      <trkpt lat="47.2486446" lon="9.3318051">
        <ele>2149.4</ele>
        <time>2026-09-03T08:34:39Z</time>
        <hdop>4.1</hdop>
        <extensions>
          <osmand:speed>0.5</osmand:speed>
        </extensions>
      </trkpt>
      <trkpt lat="47.2486494" lon="9.3318731">
        <ele>2149.4</ele>
        <time>2026-09-03T08:34:45Z</time>
        <hdop>4.6</hdop>
        <extensions>
          <osmand:speed>0.8</osmand:speed>
        </extensions>
      </trkpt>
      <trkpt lat="47.2486622" lon="9.331931">
        <ele>2150.4</ele>
        <time>2026-09-03T08:34:51Z</time>
        <hdop>4.6</hdop>
        <extensions>
          <osmand:speed>0.5</osmand:speed>
        </extensions>
      </trkpt>
      <trkpt lat="47.2487003" lon="9.3319711">
        <ele>2151.4</ele>
        <time>2026-09-03T08:34:57Z</time>
        <hdop>5.6</hdop>
        <extensions>
          <osmand:speed>0.8</osmand:speed>
        </extensions>
      </trkpt>
      <trkpt lat="47.2487135" lon="9.331998">
        <ele>2152.4</ele>
        <time>2026-09-03T08:35:03Z</time>
        <hdop>6.1</hdop>
        <extensions>
          <osmand:speed>0.3</osmand:speed>
        </extensions>
      </trkpt>
      <trkpt lat="47.2487494" lon="9.3320172">
        <ele>2153.4</ele>
        <time>2026-09-03T08:35:09Z</time>
        <hdop>6.6</hdop>
        <extensions>
          <osmand:speed>0.5</osmand:speed>
        </extensions>
      </trkpt>
      <trkpt lat="47.2487665" lon="9.3320733">
        <ele>2154.4</ele>
        <time>2026-09-03T08:35:15Z</time>
        <hdop>5.6</hdop>
        <extensions>
          <osmand:speed>0.6</osmand:speed>
        </extensions>
      </trkpt>
      <trkpt lat="47.2487938" lon="9.3321114">
        <ele>2154.4</ele>
        <time>2026-09-03T08:35:21Z</time>
        <hdop>6.1</hdop>
        <extensions>
          <osmand:speed>0.7</osmand:speed>
        </extensions>
      </trkpt>
      <trkpt lat="47.2488112" lon="9.3321753">
        <ele>2154.4</ele>
        <time>2026-09-03T08:35:27Z</time>
        <hdop>5.1</hdop>
        <extensions>
          <osmand:speed>0.6</osmand:speed>
        </extensions>
      </trkpt>
      <trkpt lat="47.2488116" lon="9.3322102">
        <ele>2155.4</ele>
        <time>2026-09-03T08:35:33Z</time>
        <hdop>5.1</hdop>
        <extensions>
          <osmand:speed>0.3</osmand:speed>
        </extensions>
      </trkpt>
      <trkpt lat="47.2488283" lon="9.3322524">
        <ele>2156.4</ele>
        <time>2026-09-03T08:35:39Z</time>
        <hdop>4.1</hdop>
        <extensions>
          <osmand:speed>0.3</osmand:speed>
        </extensions>
      </trkpt>
      <trkpt lat="47.2488505" lon="9.3322959">
        <ele>2156.4</ele>
        <time>2026-09-03T08:35:45Z</time>
        <hdop>4.1</hdop>
        <extensions>
          <osmand:speed>0.7</osmand:speed>
        </extensions>
      </trkpt>
      <trkpt lat="47.2488283" lon="9.332325">
        <ele>2156.4</ele>
        <time>2026-09-03T08:35:51Z</time>
        <hdop>4.6</hdop>
        <extensions>
          <osmand:speed>0.1</osmand:speed>
        </extensions>
      </trkpt>
      <trkpt lat="47.2488229" lon="9.3323516">
        <ele>2156.4</ele>
        <time>2026-09-03T08:35:58Z</time>
        <hdop>3.6</hdop>
        <extensions>
          <osmand:speed>0.3</osmand:speed>
        </extensions>
      </trkpt>
      <trkpt lat="47.2488154" lon="9.3323887">
        <ele>2156.4</ele>
        <time>2026-09-03T08:36:04Z</time>
        <hdop>4.1</hdop>
        <extensions>
          <osmand:speed>0.4</osmand:speed>
        </extensions>
      </trkpt>
      <trkpt lat="47.2488177" lon="9.3324182">
        <ele>2155.4</ele>
        <time>2026-09-03T08:36:10Z</time>
        <hdop>4.6</hdop>
        <extensions>
          <osmand:speed>0.7</osmand:speed>
        </extensions>
      </trkpt>
      <trkpt lat="47.2488211" lon="9.3324515">
        <ele>2154.4</ele>
        <time>2026-09-03T08:36:16Z</time>
        <hdop>5.1</hdop>
        <extensions>
          <osmand:speed>0.7</osmand:speed>
        </extensions>
      </trkpt>
      <trkpt lat="47.248819" lon="9.3324961">
        <ele>2153.4</ele>
        <time>2026-09-03T08:36:22Z</time>
        <hdop>4.6</hdop>
        <extensions>
          <osmand:speed>0.5</osmand:speed>
        </extensions>
      </trkpt>
      <trkpt lat="47.2488272" lon="9.332542">
        <ele>2151.4</ele>
        <time>2026-09-03T08:36:28Z</time>
        <hdop>3.6</hdop>
        <extensions>
          <osmand:speed>0.5</osmand:speed>
        </extensions>
      </trkpt>
      <trkpt lat="47.2488163" lon="9.3325896">
        <ele>2153.4</ele>
        <time>2026-09-03T08:36:34Z</time>
        <hdop>4.6</hdop>
        <extensions>
          <osmand:speed>0.8</osmand:speed>
        </extensions>
      </trkpt>
      <trkpt lat="47.248819" lon="9.3326233">
        <ele>2154.4</ele>
        <time>2026-09-03T08:36:40Z</time>
        <hdop>5.1</hdop>
        <extensions>
          <osmand:speed>0.3</osmand:speed>
        </extensions>
      </trkpt>
      <trkpt lat="47.2488201" lon="9.3326893">
        <ele>2153.4</ele>
        <time>2026-09-03T08:36:46Z</time>
        <hdop>5.1</hdop>
        <extensions>
          <osmand:speed>0.3</osmand:speed>
        </extensions>
      </trkpt>
      <trkpt lat="47.2488286" lon="9.332722">
        <ele>2152.4</ele>
        <time>2026-09-03T08:36:52Z</time>
        <hdop>5.1</hdop>
        <extensions>
          <osmand:speed>0.5</osmand:speed>
        </extensions>
      </trkpt>
      <trkpt lat="47.2488282" lon="9.3327759">
        <ele>2152.4</ele>
        <time>2026-09-03T08:36:58Z</time>
        <hdop>4.1</hdop>
        <extensions>
          <osmand:speed>1.4</osmand:speed>
        </extensions>
      </trkpt>
      <trkpt lat="47.2488376" lon="9.3328288">
        <ele>2152.4</ele>
        <time>2026-09-03T08:37:04Z</time>
        <hdop>4.6</hdop>
        <extensions>
          <osmand:speed>1.1</osmand:speed>
        </extensions>
      </trkpt>
      <trkpt lat="47.2488264" lon="9.3329009">
        <ele>2151.4</ele>
        <time>2026-09-03T08:37:10Z</time>
        <hdop>4.1</hdop>
        <extensions>
          <osmand:speed>0.8</osmand:speed>
        </extensions>
      </trkpt>
      <trkpt lat="47.2488467" lon="9.3329544">
        <ele>2152.4</ele>
        <time>2026-09-03T08:37:16Z</time>
        <hdop>4.1</hdop>
        <extensions>
          <osmand:speed>0.7</osmand:speed>
        </extensions>
      </trkpt>
      <trkpt lat="47.2488631" lon="9.3330266">
        <ele>2152.4</ele>
        <time>2026-09-03T08:37:22Z</time>
        <hdop>4.1</hdop>
        <extensions>
          <osmand:speed>0.9</osmand:speed>
        </extensions>
      </trkpt>
      <trkpt lat="47.2488803" lon="9.3330963">
        <ele>2152.4</ele>
        <time>2026-09-03T08:37:28Z</time>
        <hdop>3.1</hdop>
        <extensions>
          <osmand:speed>0.9</osmand:speed>
        </extensions>
      </trkpt>
      <trkpt lat="47.2489043" lon="9.3331576">
        <ele>2151.4</ele>
        <time>2026-09-03T08:37:34Z</time>
        <hdop>4.1</hdop>
        <extensions>
          <osmand:speed>1.8</osmand:speed>
        </extensions>
      </trkpt>
      <trkpt lat="47.2489165" lon="9.3332109">
        <ele>2151.4</ele>
        <time>2026-09-03T08:37:40Z</time>
        <hdop>3.6</hdop>
        <extensions>
          <osmand:speed>1.1</osmand:speed>
        </extensions>
      </trkpt>
      <trkpt lat="47.2489222" lon="9.3332404">
        <ele>2152.4</ele>
        <time>2026-09-03T08:37:46Z</time>
        <hdop>3.1</hdop>
        <extensions>
          <osmand:speed>0.4</osmand:speed>
        </extensions>
      </trkpt>
      <trkpt lat="47.2489347" lon="9.3332764">
        <ele>2153.4</ele>
        <time>2026-09-03T08:37:52Z</time>
        <hdop>4.1</hdop>
        <extensions>
          <osmand:speed>0.6</osmand:speed>
        </extensions>
      </trkpt>
      <trkpt lat="47.2489494" lon="9.3333624">
        <ele>2153.4</ele>
        <time>2026-09-03T08:37:58Z</time>
        <hdop>3.6</hdop>
        <extensions>
          <osmand:speed>0.6</osmand:speed>
        </extensions>
      </trkpt>
      <trkpt lat="47.2489825" lon="9.33342">
        <ele>2154.4</ele>
        <time>2026-09-03T08:38:04Z</time>
        <hdop>3.6</hdop>
        <extensions>
          <osmand:speed>0.7</osmand:speed>
        </extensions>
      </trkpt>
      <trkpt lat="47.2489793" lon="9.3334473">
        <ele>2155.4</ele>
        <time>2026-09-03T08:38:17Z</time>
        <hdop>3.6</hdop>
        <extensions>
          <osmand:speed>1.3</osmand:speed>
        </extensions>
      </trkpt>
      <trkpt lat="47.2490052" lon="9.3335072">
        <ele>2156.4</ele>
        <time>2026-09-03T08:38:23Z</time>
        <hdop>3.6</hdop>
        <extensions>
          <osmand:speed>0.9</osmand:speed>
        </extensions>
      </trkpt>
      <trkpt lat="47.2490354" lon="9.3335778">
        <ele>2155.4</ele>
        <time>2026-09-03T08:38:29Z</time>
        <hdop>4.1</hdop>
        <extensions>
          <osmand:speed>0.8</osmand:speed>
        </extensions>
      </trkpt>
      <trkpt lat="47.249057" lon="9.3336571">
        <ele>2155.4</ele>
        <time>2026-09-03T08:38:35Z</time>
        <hdop>3.6</hdop>
        <extensions>
          <osmand:speed>0.7</osmand:speed>
        </extensions>
      </trkpt>
      <trkpt lat="47.2490597" lon="9.3337146">
        <ele>2155.4</ele>
        <time>2026-09-03T08:38:41Z</time>
        <hdop>4.6</hdop>
        <extensions>
          <osmand:speed>1.1</osmand:speed>
        </extensions>
      </trkpt>
      <trkpt lat="47.2490755" lon="9.3337878">
        <ele>2155.4</ele>
        <time>2026-09-03T08:38:47Z</time>
        <hdop>3.6</hdop>
        <extensions>
          <osmand:speed>1</osmand:speed>
        </extensions>
      </trkpt>
      <trkpt lat="47.2490998" lon="9.3338573">
        <ele>2155.4</ele>
        <time>2026-09-03T08:38:53Z</time>
        <hdop>4.6</hdop>
        <extensions>
          <osmand:speed>0.5</osmand:speed>
        </extensions>
      </trkpt>
      <trkpt lat="47.2491095" lon="9.3339313">
        <ele>2156.4</ele>
        <time>2026-09-03T08:38:59Z</time>
        <hdop>4.1</hdop>
        <extensions>
          <osmand:speed>0.8</osmand:speed>
        </extensions>
      </trkpt>
      <trkpt lat="47.2491239" lon="9.3339808">
        <ele>2156.4</ele>
        <time>2026-09-03T08:39:05Z</time>
        <hdop>4.1</hdop>
        <extensions>
          <osmand:speed>0.9</osmand:speed>
        </extensions>
      </trkpt>
      <trkpt lat="47.2491468" lon="9.3340688">
        <ele>2158.4</ele>
        <time>2026-09-03T08:39:11Z</time>
        <hdop>4.1</hdop>
        <extensions>
          <osmand:speed>1.1</osmand:speed>
        </extensions>
      </trkpt>
      <trkpt lat="47.2491705" lon="9.33414">
        <ele>2159.4</ele>
        <time>2026-09-03T08:39:17Z</time>
        <hdop>3.1</hdop>
        <extensions>
          <osmand:speed>1.3</osmand:speed>
        </extensions>
      </trkpt>
      <trkpt lat="47.2491913" lon="9.3342188">
        <ele>2160.4</ele>
        <time>2026-09-03T08:39:23Z</time>
        <hdop>3.6</hdop>
        <extensions>
          <osmand:speed>0.8</osmand:speed>
        </extensions>
      </trkpt>
      <trkpt lat="47.2492159" lon="9.3342707">
        <ele>2162.4</ele>
        <time>2026-09-03T08:39:29Z</time>
        <hdop>4.1</hdop>
        <extensions>
          <osmand:speed>0.7</osmand:speed>
        </extensions>
      </trkpt>
      <trkpt lat="47.2492298" lon="9.3343268">
        <ele>2162.4</ele>
        <time>2026-09-03T08:39:35Z</time>
        <hdop>4.1</hdop>
        <extensions>
          <osmand:speed>0.6</osmand:speed>
        </extensions>
      </trkpt>
      <trkpt lat="47.2492337" lon="9.3343696">
        <ele>2160.4</ele>
        <time>2026-09-03T08:39:41Z</time>
        <hdop>4.1</hdop>
        <extensions>
          <osmand:speed>0.5</osmand:speed>
        </extensions>
      </trkpt>
      <trkpt lat="47.2492335" lon="9.3343974">
        <ele>2159.4</ele>
        <time>2026-09-03T08:39:48Z</time>
        <hdop>4.1</hdop>
        <extensions>
          <osmand:speed>0.3</osmand:speed>
        </extensions>
      </trkpt>
      <trkpt lat="47.2492348" lon="9.3344643">
        <ele>2158.4</ele>
        <time>2026-09-03T08:39:54Z</time>
        <hdop>3.1</hdop>
        <extensions>
          <osmand:speed>0.4</osmand:speed>
        </extensions>
      </trkpt>
      <trkpt lat="47.2492301" lon="9.3345015">
        <ele>2157.4</ele>
        <time>2026-09-03T08:40:02Z</time>
        <hdop>4.1</hdop>
        <extensions>
          <osmand:speed>0.9</osmand:speed>
        </extensions>
      </trkpt>
      <trkpt lat="47.2492279" lon="9.3345293">
        <ele>2156.4</ele>
        <time>2026-09-03T08:40:09Z</time>
        <hdop>4.1</hdop>
        <extensions>
          <osmand:speed>0.5</osmand:speed>
        </extensions>
      </trkpt>
      <trkpt lat="47.2492103" lon="9.3345679">
        <ele>2155.4</ele>
        <time>2026-09-03T08:40:15Z</time>
        <hdop>4.6</hdop>
        <extensions>
          <osmand:speed>0.5</osmand:speed>
        </extensions>
      </trkpt>
      <trkpt lat="47.2492064" lon="9.3346032">
        <ele>2153.4</ele>
        <time>2026-09-03T08:40:28Z</time>
        <hdop>5.1</hdop>
        <extensions>
          <osmand:speed>0.4</osmand:speed>
        </extensions>
      </trkpt>
      <trkpt lat="47.2491914" lon="9.3346219">
        <ele>2152.4</ele>
        <time>2026-09-03T08:40:34Z</time>
        <hdop>3.6</hdop>
        <extensions>
          <osmand:speed>0.5</osmand:speed>
        </extensions>
      </trkpt>
      <trkpt lat="47.2492002" lon="9.3346788">
        <ele>2152.4</ele>
        <time>2026-09-03T08:40:40Z</time>
        <hdop>3.6</hdop>
        <extensions>
          <osmand:speed>0.4</osmand:speed>
        </extensions>
      </trkpt>
      <trkpt lat="47.2492178" lon="9.3347413">
        <ele>2152.4</ele>
        <time>2026-09-03T08:40:46Z</time>
        <hdop>4.6</hdop>
        <extensions>
          <osmand:speed>1.1</osmand:speed>
        </extensions>
      </trkpt>
      <trkpt lat="47.2492359" lon="9.3347921">
        <ele>2151.4</ele>
        <time>2026-09-03T08:40:52Z</time>
        <hdop>4.1</hdop>
        <extensions>
          <osmand:speed>0.5</osmand:speed>
        </extensions>
      </trkpt>
      <trkpt lat="47.2492424" lon="9.3348458">
        <ele>2150.4</ele>
        <time>2026-09-03T08:40:58Z</time>
        <hdop>4.1</hdop>
        <extensions>
          <osmand:speed>0.6</osmand:speed>
        </extensions>
      </trkpt>
      <trkpt lat="47.2492557" lon="9.3348775">
        <ele>2150.4</ele>
        <time>2026-09-03T08:41:04Z</time>
        <hdop>4.1</hdop>
        <extensions>
          <osmand:speed>0.9</osmand:speed>
        </extensions>
      </trkpt>
      <trkpt lat="47.2492878" lon="9.3349178">
        <ele>2151.4</ele>
        <time>2026-09-03T08:41:10Z</time>
        <hdop>4.1</hdop>
        <extensions>
          <osmand:speed>0.5</osmand:speed>
        </extensions>
      </trkpt>
      <trkpt lat="47.2493092" lon="9.334972">
        <ele>2151.4</ele>
        <time>2026-09-03T08:41:16Z</time>
        <hdop>4.1</hdop>
        <extensions>
          <osmand:speed>1</osmand:speed>
        </extensions>
      </trkpt>
      <trkpt lat="47.2493379" lon="9.3350484">
        <ele>2150.4</ele>
        <time>2026-09-03T08:41:22Z</time>
        <hdop>4.1</hdop>
        <extensions>
          <osmand:speed>0.9</osmand:speed>
        </extensions>
      </trkpt>
      <trkpt lat="47.2493513" lon="9.3351138">
        <ele>2151.4</ele>
        <time>2026-09-03T08:41:28Z</time>
        <hdop>4.1</hdop>
        <extensions>
          <osmand:speed>0.9</osmand:speed>
        </extensions>
      </trkpt>
      <trkpt lat="47.2493689" lon="9.3351539">
        <ele>2151.4</ele>
        <time>2026-09-03T08:41:34Z</time>
        <hdop>4.1</hdop>
        <extensions>
          <osmand:speed>0.5</osmand:speed>
        </extensions>
      </trkpt>
      <trkpt lat="47.249381" lon="9.3351942">
        <ele>2150.4</ele>
        <time>2026-09-03T08:41:40Z</time>
        <hdop>4.1</hdop>
        <extensions>
          <osmand:speed>0.8</osmand:speed>
        </extensions>
      </trkpt>
      <trkpt lat="47.2494047" lon="9.3352357">
        <ele>2151.4</ele>
        <time>2026-09-03T08:41:46Z</time>
        <hdop>3.6</hdop>
        <extensions>
          <osmand:speed>0.2</osmand:speed>
        </extensions>
      </trkpt>
      <trkpt lat="47.2494225" lon="9.335284">
        <ele>2151.4</ele>
        <time>2026-09-03T08:41:52Z</time>
        <hdop>4.1</hdop>
        <extensions>
          <osmand:speed>0.8</osmand:speed>
        </extensions>
      </trkpt>
      <trkpt lat="47.2494587" lon="9.3353116">
        <ele>2151.4</ele>
        <time>2026-09-03T08:41:58Z</time>
        <hdop>4.1</hdop>
        <extensions>
          <osmand:speed>0.9</osmand:speed>
        </extensions>
      </trkpt>
      <trkpt lat="47.2494628" lon="9.3353639">
        <ele>2151.4</ele>
        <time>2026-09-03T08:42:04Z</time>
        <hdop>3.1</hdop>
        <extensions>
          <osmand:speed>0.9</osmand:speed>
        </extensions>
      </trkpt>
      <trkpt lat="47.2494821" lon="9.3354454">
        <ele>2151.4</ele>
        <time>2026-09-03T08:42:10Z</time>
        <hdop>4.1</hdop>
        <extensions>
          <osmand:speed>0.8</osmand:speed>
        </extensions>
      </trkpt>
      <trkpt lat="47.2494962" lon="9.3355039">
        <ele>2151.4</ele>
        <time>2026-09-03T08:42:16Z</time>
        <hdop>4.6</hdop>
        <extensions>
          <osmand:speed>0.4</osmand:speed>
        </extensions>
      </trkpt>
      <trkpt lat="47.2494983" lon="9.3355534">
        <ele>2152.4</ele>
        <time>2026-09-03T08:42:22Z</time>
        <hdop>4.1</hdop>
        <extensions>
          <osmand:speed>0.4</osmand:speed>
        </extensions>
      </trkpt>
      <trkpt lat="47.2494985" lon="9.3355894">
        <ele>2153.4</ele>
        <time>2026-09-03T08:42:28Z</time>
        <hdop>5.1</hdop>
        <extensions>
          <osmand:speed>0.1</osmand:speed>
        </extensions>
      </trkpt>
      <trkpt lat="47.2495174" lon="9.3356058">
        <ele>2153.4</ele>
        <time>2026-09-03T08:42:44Z</time>
        <hdop>4.1</hdop>
        <extensions>
          <osmand:speed>0.3</osmand:speed>
        </extensions>
      </trkpt>
      <trkpt lat="47.249531" lon="9.3356324">
        <ele>2154.4</ele>
        <time>2026-09-03T08:42:50Z</time>
        <hdop>4.6</hdop>
        <extensions>
          <osmand:speed>0.1</osmand:speed>
        </extensions>
      </trkpt>
      <trkpt lat="47.2495396" lon="9.3356749">
        <ele>2155.4</ele>
        <time>2026-09-03T08:42:56Z</time>
        <hdop>4.1</hdop>
        <extensions>
          <osmand:speed>0.3</osmand:speed>
        </extensions>
      </trkpt>
      <trkpt lat="47.2495471" lon="9.3357083">
        <ele>2156.4</ele>
        <time>2026-09-03T08:43:02Z</time>
        <hdop>4.6</hdop>
        <extensions>
          <osmand:speed>0.8</osmand:speed>
        </extensions>
      </trkpt>
      <trkpt lat="47.2495663" lon="9.3357275">
        <ele>2158.4</ele>
        <time>2026-09-03T08:43:08Z</time>
        <hdop>4.6</hdop>
        <extensions>
          <osmand:speed>0.4</osmand:speed>
        </extensions>
      </trkpt>
      <trkpt lat="47.2495645" lon="9.3357565">
        <ele>2159.4</ele>
        <time>2026-09-03T08:43:14Z</time>
        <hdop>5.1</hdop>
        <extensions>
          <osmand:speed>0.4</osmand:speed>
        </extensions>
      </trkpt>
      <trkpt lat="47.2495905" lon="9.3358165">
        <ele>2158.4</ele>
        <time>2026-09-03T08:43:20Z</time>
        <hdop>5.1</hdop>
        <extensions>
          <osmand:speed>0.7</osmand:speed>
        </extensions>
      </trkpt>
      <trkpt lat="47.2495905" lon="9.3358542">
        <ele>2160.4</ele>
        <time>2026-09-03T08:43:26Z</time>
        <hdop>4.1</hdop>
        <extensions>
          <osmand:speed>0</osmand:speed>
        </extensions>
      </trkpt>
      <trkpt lat="47.249599" lon="9.3358865">
        <ele>2161.4</ele>
        <time>2026-09-03T08:43:47Z</time>
        <hdop>3.6</hdop>
        <extensions>
          <osmand:speed>0.8</osmand:speed>
        </extensions>
      </trkpt>
      <trkpt lat="47.2496145" lon="9.3359264">
        <ele>2162.4</ele>
        <time>2026-09-03T08:43:53Z</time>
        <hdop>4.1</hdop>
        <extensions>
          <osmand:speed>0.6</osmand:speed>
        </extensions>
      </trkpt>
      <trkpt lat="47.249621" lon="9.3359537">
        <ele>2164.4</ele>
        <time>2026-09-03T08:43:59Z</time>
        <hdop>4.1</hdop>
        <extensions>
          <osmand:speed>0.7</osmand:speed>
        </extensions>
      </trkpt>
      <trkpt lat="47.2496267" lon="9.3359893">
        <ele>2166.4</ele>
        <time>2026-09-03T08:44:05Z</time>
        <hdop>4.6</hdop>
        <extensions>
          <osmand:speed>0.5</osmand:speed>
        </extensions>
      </trkpt>
      <trkpt lat="47.2496435" lon="9.3360188">
        <ele>2168.4</ele>
        <time>2026-09-03T08:44:11Z</time>
        <hdop>4.1</hdop>
        <extensions>
          <osmand:speed>0.1</osmand:speed>
        </extensions>
      </trkpt>
      <trkpt lat="47.2496678" lon="9.3360627">
        <ele>2169.4</ele>
        <time>2026-09-03T08:44:17Z</time>
        <hdop>4.1</hdop>
        <extensions>
          <osmand:speed>0.4</osmand:speed>
        </extensions>
      </trkpt>
      <trkpt lat="47.2496869" lon="9.3360807">
        <ele>2169.4</ele>
        <time>2026-09-03T08:44:23Z</time>
        <hdop>4.1</hdop>
        <extensions>
          <osmand:speed>0.6</osmand:speed>
        </extensions>
      </trkpt>
      <trkpt lat="47.2497041" lon="9.3361145">
        <ele>2168.4</ele>
        <time>2026-09-03T08:44:29Z</time>
        <hdop>4.1</hdop>
        <extensions>
          <osmand:speed>0.9</osmand:speed>
        </extensions>
      </trkpt>
      <trkpt lat="47.2497148" lon="9.336151">
        <ele>2168.4</ele>
        <time>2026-09-03T08:44:35Z</time>
        <hdop>4.6</hdop>
        <extensions>
          <osmand:speed>0.4</osmand:speed>
        </extensions>
      </trkpt>
      <trkpt lat="47.2497159" lon="9.3361797">
        <ele>2170.4</ele>
        <time>2026-09-03T08:44:41Z</time>
        <hdop>4.1</hdop>
        <extensions>
          <osmand:speed>0.3</osmand:speed>
        </extensions>
      </trkpt>
      <trkpt lat="47.249728" lon="9.3362031">
        <ele>2172.4</ele>
        <time>2026-09-03T08:44:49Z</time>
        <hdop>4.1</hdop>
        <extensions>
          <osmand:speed>0.6</osmand:speed>
        </extensions>
      </trkpt>
      <trkpt lat="47.2497479" lon="9.3362401">
        <ele>2173.4</ele>
        <time>2026-09-03T08:44:55Z</time>
        <hdop>4.1</hdop>
        <extensions>
          <osmand:speed>0.9</osmand:speed>
        </extensions>
      </trkpt>
      <trkpt lat="47.2497666" lon="9.3362797">
        <ele>2174.4</ele>
        <time>2026-09-03T08:45:01Z</time>
        <hdop>4.1</hdop>
        <extensions>
          <osmand:speed>0.9</osmand:speed>
        </extensions>
      </trkpt>
      <trkpt lat="47.2497846" lon="9.3362958">
        <ele>2174.4</ele>
        <time>2026-09-03T08:45:08Z</time>
        <hdop>4.6</hdop>
        <extensions>
          <osmand:speed>0.6</osmand:speed>
        </extensions>
      </trkpt>
      <trkpt lat="47.249784" lon="9.3363223">
        <ele>2176.4</ele>
        <time>2026-09-03T08:45:16Z</time>
        <hdop>4.1</hdop>
        <extensions>
          <osmand:speed>0.3</osmand:speed>
        </extensions>
      </trkpt>
      <trkpt lat="47.2498078" lon="9.336345">
        <ele>2178.4</ele>
        <time>2026-09-03T08:45:22Z</time>
        <hdop>4.6</hdop>
        <extensions>
          <osmand:speed>0</osmand:speed>
        </extensions>
      </trkpt>
      <trkpt lat="47.2498069" lon="9.3363742">
        <ele>2179.4</ele>
        <time>2026-09-03T08:45:28Z</time>
        <hdop>4.1</hdop>
        <extensions>
          <osmand:speed>0.6</osmand:speed>
        </extensions>
      </trkpt>
      <trkpt lat="47.2498205" lon="9.3363973">
        <ele>2179.4</ele>
        <time>2026-09-03T08:45:34Z</time>
        <hdop>3.6</hdop>
      </trkpt>
      <trkpt lat="47.2498367" lon="9.3364368">
        <ele>2180.4</ele>
        <time>2026-09-03T08:45:40Z</time>
        <hdop>4.1</hdop>
        <extensions>
          <osmand:speed>0.1</osmand:speed>
        </extensions>
      </trkpt>
      <trkpt lat="47.2498492" lon="9.3364641">
        <ele>2183.4</ele>
        <time>2026-09-03T08:45:51Z</time>
        <hdop>4.6</hdop>
        <extensions>
          <osmand:speed>0.5</osmand:speed>
        </extensions>
      </trkpt>
      <trkpt lat="47.2498471" lon="9.3364923">
        <ele>2182.4</ele>
        <time>2026-09-03T08:45:57Z</time>
        <hdop>4.1</hdop>
        <extensions>
          <osmand:speed>0.3</osmand:speed>
        </extensions>
      </trkpt>
      <trkpt lat="47.2498628" lon="9.3365413">
        <ele>2181.4</ele>
        <time>2026-09-03T08:46:03Z</time>
        <hdop>4.6</hdop>
        <extensions>
          <osmand:speed>1</osmand:speed>
        </extensions>
      </trkpt>
      <trkpt lat="47.2498682" lon="9.3365788">
        <ele>2182.4</ele>
        <time>2026-09-03T08:46:10Z</time>
        <hdop>4.1</hdop>
        <extensions>
          <osmand:speed>1.2</osmand:speed>
        </extensions>
      </trkpt>
      <trkpt lat="47.249887" lon="9.3366305">
        <ele>2183.4</ele>
        <time>2026-09-03T08:46:16Z</time>
        <hdop>4.1</hdop>
        <extensions>
          <osmand:speed>0.2</osmand:speed>
        </extensions>
      </trkpt>
      <trkpt lat="47.2498983" lon="9.336671">
        <ele>2184.4</ele>
        <time>2026-09-03T08:46:22Z</time>
        <hdop>4.1</hdop>
        <extensions>
          <osmand:speed>0.8</osmand:speed>
        </extensions>
      </trkpt>
      <trkpt lat="47.2499129" lon="9.3367309">
        <ele>2185.4</ele>
        <time>2026-09-03T08:46:28Z</time>
        <hdop>4.6</hdop>
        <extensions>
          <osmand:speed>0.3</osmand:speed>
        </extensions>
      </trkpt>
      <trkpt lat="47.249922" lon="9.3367664">
        <ele>2185.4</ele>
        <time>2026-09-03T08:46:34Z</time>
        <hdop>5.1</hdop>
        <extensions>
          <osmand:speed>0.2</osmand:speed>
        </extensions>
      </trkpt>
      <trkpt lat="47.249933" lon="9.3367981">
        <ele>2186.4</ele>
        <time>2026-09-03T08:46:44Z</time>
        <hdop>4.6</hdop>
        <extensions>
          <osmand:speed>1.6</osmand:speed>
        </extensions>
      </trkpt>
      <trkpt lat="47.2499575" lon="9.3368239">
        <ele>2185.4</ele>
        <time>2026-09-03T08:46:50Z</time>
        <hdop>5.1</hdop>
        <extensions>
          <osmand:speed>0.1</osmand:speed>
        </extensions>
      </trkpt>
      <trkpt lat="47.2499507" lon="9.3367863">
        <ele>2186.4</ele>
        <time>2026-09-03T08:46:58Z</time>
        <hdop>5.6</hdop>
        <extensions>
          <osmand:speed>0.9</osmand:speed>
        </extensions>
      </trkpt>
      <trkpt lat="47.2499685" lon="9.3367944">
        <ele>2187.4</ele>
        <time>2026-09-03T08:47:05Z</time>
        <hdop>5.6</hdop>
        <extensions>
          <osmand:speed>0.7</osmand:speed>
        </extensions>
      </trkpt>
      <trkpt lat="47.2499924" lon="9.3368495">
        <ele>2188.4</ele>
        <time>2026-09-03T08:47:11Z</time>
        <hdop>6.1</hdop>
        <extensions>
          <osmand:speed>0.6</osmand:speed>
        </extensions>
      </trkpt>
      <trkpt lat="47.2499883" lon="9.3368785">
        <ele>2190.4</ele>
        <time>2026-09-03T08:47:18Z</time>
        <hdop>5.6</hdop>
        <extensions>
          <osmand:speed>0.3</osmand:speed>
        </extensions>
      </trkpt>
      <trkpt lat="47.2500046" lon="9.3368899">
        <ele>2192.7</ele>
        <time>2026-09-03T08:47:26Z</time>
        <hdop>5.1</hdop>
        <extensions>
          <osmand:speed>0.4</osmand:speed>
        </extensions>
      </trkpt>
      <trkpt lat="47.2500261" lon="9.336893">
        <ele>2193.7</ele>
        <time>2026-09-03T08:47:32Z</time>
        <hdop>5.1</hdop>
        <extensions>
          <osmand:speed>0.1</osmand:speed>
        </extensions>
      </trkpt>
      <trkpt lat="47.2500479" lon="9.3369128">
        <ele>2194.7</ele>
        <time>2026-09-03T08:47:38Z</time>
        <hdop>5.1</hdop>
        <extensions>
          <osmand:speed>0.3</osmand:speed>
        </extensions>
      </trkpt>
      <trkpt lat="47.2500597" lon="9.3369359">
        <ele>2194.7</ele>
        <time>2026-09-03T08:47:48Z</time>
        <hdop>5.6</hdop>
        <extensions>
          <osmand:speed>0.1</osmand:speed>
        </extensions>
      </trkpt>
      <trkpt lat="47.2500524" lon="9.3369647">
        <ele>2196.7</ele>
        <time>2026-09-03T08:47:54Z</time>
        <hdop>6.1</hdop>
        <extensions>
          <osmand:speed>0.1</osmand:speed>
        </extensions>
      </trkpt>
      <trkpt lat="47.2500572" lon="9.3369915">
        <ele>2196.7</ele>
        <time>2026-09-03T08:48:00Z</time>
        <hdop>5.6</hdop>
        <extensions>
          <osmand:speed>0.2</osmand:speed>
        </extensions>
      </trkpt>
      <trkpt lat="47.2500404" lon="9.3370053">
        <ele>2197.7</ele>
        <time>2026-09-03T08:48:08Z</time>
        <hdop>5.1</hdop>
        <extensions>
          <osmand:speed>0.4</osmand:speed>
        </extensions>
      </trkpt>
      <trkpt lat="47.2500584" lon="9.3370184">
        <ele>2200.7</ele>
        <time>2026-09-03T08:48:20Z</time>
        <hdop>6.1</hdop>
        <extensions>
          <osmand:speed>0.6</osmand:speed>
        </extensions>
      </trkpt>
      <trkpt lat="47.2500684" lon="9.3370428">
        <ele>2201.7</ele>
        <time>2026-09-03T08:48:29Z</time>
        <hdop>4.1</hdop>
        <extensions>
          <osmand:speed>1.2</osmand:speed>
        </extensions>
      </trkpt>
      <trkpt lat="47.2500776" lon="9.3370837">
        <ele>2203.7</ele>
        <time>2026-09-03T08:48:35Z</time>
        <hdop>5.1</hdop>
        <extensions>
          <osmand:speed>0.9</osmand:speed>
        </extensions>
      </trkpt>
      <trkpt lat="47.250089" lon="9.337118">
        <ele>2203.7</ele>
        <time>2026-09-03T08:48:46Z</time>
        <hdop>4.6</hdop>
        <extensions>
          <osmand:speed>0.4</osmand:speed>
        </extensions>
      </trkpt>
      <trkpt lat="47.2501045" lon="9.3371514">
        <ele>2204.7</ele>
        <time>2026-09-03T08:48:52Z</time>
        <hdop>4.6</hdop>
        <extensions>
          <osmand:speed>0.6</osmand:speed>
        </extensions>
      </trkpt>
      <trkpt lat="47.2501093" lon="9.3371937">
        <ele>2205.7</ele>
        <time>2026-09-03T08:48:58Z</time>
        <hdop>4.1</hdop>
        <extensions>
          <osmand:speed>0.4</osmand:speed>
        </extensions>
      </trkpt>
      <trkpt lat="47.2501307" lon="9.337223">
        <ele>2206.7</ele>
        <time>2026-09-03T08:49:04Z</time>
        <hdop>4.6</hdop>
        <extensions>
          <osmand:speed>0.6</osmand:speed>
        </extensions>
      </trkpt>
      <trkpt lat="47.2501529" lon="9.337239">
        <ele>2207.7</ele>
        <time>2026-09-03T08:49:10Z</time>
        <hdop>4.6</hdop>
        <extensions>
          <osmand:speed>0.5</osmand:speed>
        </extensions>
      </trkpt>
      <trkpt lat="47.250163" lon="9.3372619">
        <ele>2208.7</ele>
        <time>2026-09-03T08:49:17Z</time>
        <hdop>4.6</hdop>
        <extensions>
          <osmand:speed>0.8</osmand:speed>
        </extensions>
      </trkpt>
      <trkpt lat="47.2501858" lon="9.3372779">
        <ele>2208.7</ele>
        <time>2026-09-03T08:49:23Z</time>
        <hdop>4.6</hdop>
        <extensions>
          <osmand:speed>0.6</osmand:speed>
        </extensions>
      </trkpt>
      <trkpt lat="47.2501982" lon="9.337342">
        <ele>2207.7</ele>
        <time>2026-09-03T08:49:29Z</time>
        <hdop>4.6</hdop>
        <extensions>
          <osmand:speed>0.7</osmand:speed>
        </extensions>
      </trkpt>
      <trkpt lat="47.250209" lon="9.3373747">
        <ele>2208.7</ele>
        <time>2026-09-03T08:49:35Z</time>
        <hdop>4.1</hdop>
        <extensions>
          <osmand:speed>0.1</osmand:speed>
        </extensions>
      </trkpt>
      <trkpt lat="47.2502226" lon="9.3374068">
        <ele>2209.7</ele>
        <time>2026-09-03T08:49:41Z</time>
        <hdop>6.6</hdop>
        <extensions>
          <osmand:speed>0.8</osmand:speed>
        </extensions>
      </trkpt>
      <trkpt lat="47.2502294" lon="9.3374382">
        <ele>2212.7</ele>
        <time>2026-09-03T08:49:47Z</time>
        <hdop>5.1</hdop>
        <extensions>
          <osmand:speed>0.6</osmand:speed>
        </extensions>
      </trkpt>
      <trkpt lat="47.2502447" lon="9.3374708">
        <ele>2212.7</ele>
        <time>2026-09-03T08:49:53Z</time>
        <hdop>4.6</hdop>
        <extensions>
          <osmand:speed>0.5</osmand:speed>
        </extensions>
      </trkpt>
      <trkpt lat="47.250274" lon="9.337517">
        <ele>2213.7</ele>
        <time>2026-09-03T08:49:59Z</time>
        <hdop>5.6</hdop>
        <extensions>
          <osmand:speed>0.5</osmand:speed>
        </extensions>
      </trkpt>
      <trkpt lat="47.2502509" lon="9.3375502">
        <ele>2214.7</ele>
        <time>2026-09-03T08:50:05Z</time>
        <hdop>7.7</hdop>
        <extensions>
          <osmand:speed>0.3</osmand:speed>
        </extensions>
      </trkpt>
      <trkpt lat="47.2502441" lon="9.3375773">
        <ele>2214.7</ele>
        <time>2026-09-03T08:50:18Z</time>
        <hdop>5.1</hdop>
        <extensions>
          <osmand:speed>1.2</osmand:speed>
        </extensions>
      </trkpt>
      <trkpt lat="47.2502835" lon="9.3376052">
        <ele>2215.7</ele>
        <time>2026-09-03T08:50:24Z</time>
        <hdop>4.6</hdop>
        <extensions>
          <osmand:speed>1.1</osmand:speed>
        </extensions>
      </trkpt>
      <trkpt lat="47.2503033" lon="9.3376443">
        <ele>2216.7</ele>
        <time>2026-09-03T08:50:30Z</time>
        <hdop>5.6</hdop>
        <extensions>
          <osmand:speed>0.6</osmand:speed>
        </extensions>
      </trkpt>
      <trkpt lat="47.2503217" lon="9.3376649">
        <ele>2216.7</ele>
        <time>2026-09-03T08:50:36Z</time>
        <hdop>5.1</hdop>
        <extensions>
          <osmand:speed>0.8</osmand:speed>
        </extensions>
      </trkpt>
      <trkpt lat="47.2503571" lon="9.3376933">
        <ele>2216.7</ele>
        <time>2026-09-03T08:50:42Z</time>
        <hdop>4.6</hdop>
        <extensions>
          <osmand:speed>0.4</osmand:speed>
        </extensions>
      </trkpt>
      <trkpt lat="47.2503813" lon="9.33774">
        <ele>2218.7</ele>
        <time>2026-09-03T08:50:48Z</time>
        <hdop>6.6</hdop>
        <extensions>
          <osmand:speed>0.5</osmand:speed>
        </extensions>
      </trkpt>
      <trkpt lat="47.2503899" lon="9.3377042">
        <ele>2217.7</ele>
        <time>2026-09-03T08:51:00Z</time>
        <hdop>4.1</hdop>
        <extensions>
          <osmand:speed>1.3</osmand:speed>
        </extensions>
      </trkpt>
      <trkpt lat="47.2504192" lon="9.3377245">
        <ele>2218.7</ele>
        <time>2026-09-03T08:51:06Z</time>
        <hdop>4.6</hdop>
        <extensions>
          <osmand:speed>0.2</osmand:speed>
        </extensions>
      </trkpt>
      <trkpt lat="47.2504302" lon="9.3377013">
        <ele>2220.7</ele>
        <time>2026-09-03T08:51:12Z</time>
        <hdop>4.6</hdop>
        <extensions>
          <osmand:speed>0.1</osmand:speed>
        </extensions>
      </trkpt>
      <trkpt lat="47.2504422" lon="9.3376795">
        <ele>2221.7</ele>
        <time>2026-09-03T08:51:19Z</time>
        <hdop>5.6</hdop>
        <extensions>
          <osmand:speed>0.7</osmand:speed>
        </extensions>
      </trkpt>
      <trkpt lat="47.2504276" lon="9.3376592">
        <ele>2221.7</ele>
        <time>2026-09-03T08:51:26Z</time>
        <hdop>5.1</hdop>
        <extensions>
          <osmand:speed>0.8</osmand:speed>
        </extensions>
      </trkpt>
      <trkpt lat="47.2504283" lon="9.3376063">
        <ele>2222.7</ele>
        <time>2026-09-03T08:51:32Z</time>
        <hdop>5.6</hdop>
        <extensions>
          <osmand:speed>0.5</osmand:speed>
        </extensions>
      </trkpt>
      <trkpt lat="47.2504575" lon="9.3376064">
        <ele>2222.7</ele>
        <time>2026-09-03T08:51:38Z</time>
        <hdop>5.6</hdop>
        <extensions>
          <osmand:speed>0.3</osmand:speed>
        </extensions>
      </trkpt>
      <trkpt lat="47.2504962" lon="9.337671">
        <ele>2224.7</ele>
        <time>2026-09-03T08:51:44Z</time>
        <hdop>5.6</hdop>
        <extensions>
          <osmand:speed>0.6</osmand:speed>
        </extensions>
      </trkpt>
      <trkpt lat="47.2505162" lon="9.3377411">
        <ele>2222.7</ele>
        <time>2026-09-03T08:51:50Z</time>
        <hdop>5.1</hdop>
        <extensions>
          <osmand:speed>0.9</osmand:speed>
        </extensions>
      </trkpt>
      <trkpt lat="47.2505297" lon="9.3377736">
        <ele>2222.7</ele>
        <time>2026-09-03T08:51:56Z</time>
        <hdop>5.1</hdop>
        <extensions>
          <osmand:speed>0.3</osmand:speed>
        </extensions>
      </trkpt>
      <trkpt lat="47.2505385" lon="9.3378158">
        <ele>2222.7</ele>
        <time>2026-09-03T08:52:02Z</time>
        <hdop>5.6</hdop>
        <extensions>
          <osmand:speed>0.4</osmand:speed>
        </extensions>
      </trkpt>
      <trkpt lat="47.2505745" lon="9.3378456">
        <ele>2223.7</ele>
        <time>2026-09-03T08:52:08Z</time>
        <hdop>5.1</hdop>
        <extensions>
          <osmand:speed>0.6</osmand:speed>
        </extensions>
      </trkpt>
      <trkpt lat="47.2505673" lon="9.3378706">
        <ele>2223.7</ele>
        <time>2026-09-03T08:52:14Z</time>
        <hdop>4.6</hdop>
      </trkpt>
      <trkpt lat="47.2505659" lon="9.3379066">
        <ele>2224.7</ele>
        <time>2026-09-03T08:52:21Z</time>
        <hdop>5.6</hdop>
        <extensions>
          <osmand:speed>1</osmand:speed>
        </extensions>
      </trkpt>
      <trkpt lat="47.2505774" lon="9.3379528">
        <ele>2225.7</ele>
        <time>2026-09-03T08:52:27Z</time>
        <hdop>5.6</hdop>
        <extensions>
          <osmand:speed>0.5</osmand:speed>
        </extensions>
      </trkpt>
      <trkpt lat="47.2505913" lon="9.3380145">
        <ele>2225.7</ele>
        <time>2026-09-03T08:52:33Z</time>
        <hdop>5.6</hdop>
        <extensions>
          <osmand:speed>0.4</osmand:speed>
        </extensions>
      </trkpt>
      <trkpt lat="47.2506034" lon="9.3380459">
        <ele>2226.7</ele>
        <time>2026-09-03T08:52:39Z</time>
        <hdop>4.6</hdop>
        <extensions>
          <osmand:speed>0.4</osmand:speed>
        </extensions>
      </trkpt>
      <trkpt lat="47.2506313" lon="9.3380656">
        <ele>2227.7</ele>
        <time>2026-09-03T08:52:45Z</time>
        <hdop>4.6</hdop>
        <extensions>
          <osmand:speed>0.9</osmand:speed>
        </extensions>
      </trkpt>
      <trkpt lat="47.2506418" lon="9.3381101">
        <ele>2228.7</ele>
        <time>2026-09-03T08:52:51Z</time>
        <hdop>5.1</hdop>
        <extensions>
          <osmand:speed>0.5</osmand:speed>
        </extensions>
      </trkpt>
      <trkpt lat="47.2506451" lon="9.3380837">
        <ele>2226.7</ele>
        <time>2026-09-03T08:53:30Z</time>
        <hdop>4.6</hdop>
        <extensions>
          <osmand:speed>0.2</osmand:speed>
        </extensions>
      </trkpt>
      <trkpt lat="47.2506657" lon="9.3381064">
        <ele>2227.7</ele>
        <time>2026-09-03T08:53:41Z</time>
        <hdop>4.1</hdop>
        <extensions>
          <osmand:speed>1.1</osmand:speed>
        </extensions>
      </trkpt>
      <trkpt lat="47.2506538" lon="9.3380712">
        <ele>2229.7</ele>
        <time>2026-09-03T08:53:53Z</time>
        <hdop>5.1</hdop>
        <extensions>
          <osmand:speed>0.8</osmand:speed>
        </extensions>
      </trkpt>
      <trkpt lat="47.2506717" lon="9.3380657">
        <ele>2229.7</ele>
        <time>2026-09-03T08:54:01Z</time>
        <hdop>3.6</hdop>
        <extensions>
          <osmand:speed>0.1</osmand:speed>
        </extensions>
      </trkpt>
      <trkpt lat="47.250681" lon="9.3380329">
        <ele>2229.7</ele>
        <time>2026-09-03T08:54:07Z</time>
        <hdop>5.1</hdop>
        <extensions>
          <osmand:speed>0.7</osmand:speed>
        </extensions>
      </trkpt>
      <trkpt lat="47.2506709" lon="9.3380017">
        <ele>2230.7</ele>
        <time>2026-09-03T08:54:13Z</time>
        <hdop>5.6</hdop>
        <extensions>
          <osmand:speed>0.4</osmand:speed>
        </extensions>
      </trkpt>
      <trkpt lat="47.2506655" lon="9.3379514">
        <ele>2230.7</ele>
        <time>2026-09-03T08:54:19Z</time>
        <hdop>5.1</hdop>
        <extensions>
          <osmand:speed>0.5</osmand:speed>
        </extensions>
      </trkpt>
      <trkpt lat="47.2506636" lon="9.3379219">
        <ele>2231.7</ele>
        <time>2026-09-03T08:54:36Z</time>
        <hdop>6.1</hdop>
        <extensions>
          <osmand:speed>0</osmand:speed>
        </extensions>
      </trkpt>
      <trkpt lat="47.2506816" lon="9.3379511">
        <ele>2231.7</ele>
        <time>2026-09-03T08:54:47Z</time>
        <hdop>4.6</hdop>
        <extensions>
          <osmand:speed>1.1</osmand:speed>
        </extensions>
      </trkpt>
      <trkpt lat="47.2507144" lon="9.3379749">
        <ele>2232.7</ele>
        <time>2026-09-03T08:54:53Z</time>
        <hdop>6.1</hdop>
        <extensions>
          <osmand:speed>1</osmand:speed>
        </extensions>
      </trkpt>
      <trkpt lat="47.2507408" lon="9.3380133">
        <ele>2233.7</ele>
        <time>2026-09-03T08:54:59Z</time>
        <hdop>4.1</hdop>
        <extensions>
          <osmand:speed>1.2</osmand:speed>
        </extensions>
      </trkpt>
      <trkpt lat="47.2507599" lon="9.3380317">
        <ele>2235.7</ele>
        <time>2026-09-03T08:55:05Z</time>
        <hdop>4.6</hdop>
        <extensions>
          <osmand:speed>0.1</osmand:speed>
        </extensions>
      </trkpt>
      <trkpt lat="47.2507874" lon="9.3380633">
        <ele>2234.7</ele>
        <time>2026-09-03T08:55:11Z</time>
        <hdop>5.6</hdop>
        <extensions>
          <osmand:speed>0.5</osmand:speed>
        </extensions>
      </trkpt>
      <trkpt lat="47.2507956" lon="9.3381234">
        <ele>2235.7</ele>
        <time>2026-09-03T08:55:17Z</time>
        <hdop>5.1</hdop>
        <extensions>
          <osmand:speed>0.4</osmand:speed>
        </extensions>
      </trkpt>
      <trkpt lat="47.2507938" lon="9.3381683">
        <ele>2235.7</ele>
        <time>2026-09-03T08:55:23Z</time>
        <hdop>6.1</hdop>
        <extensions>
          <osmand:speed>0.7</osmand:speed>
        </extensions>
      </trkpt>
      <trkpt lat="47.2508065" lon="9.3382004">
        <ele>2235.7</ele>
        <time>2026-09-03T08:55:47Z</time>
        <hdop>11.2</hdop>
        <extensions>
          <osmand:speed>0</osmand:speed>
        </extensions>
      </trkpt>
      <trkpt lat="47.2508159" lon="9.33823">
        <ele>2235.7</ele>
        <time>2026-09-03T08:55:54Z</time>
        <hdop>12.8</hdop>
        <extensions>
          <osmand:speed>0</osmand:speed>
        </extensions>
      </trkpt>
      <trkpt lat="47.2507783" lon="9.3382638">
        <ele>2234.7</ele>
        <time>2026-09-03T08:56:10Z</time>
        <hdop>7.1</hdop>
      </trkpt>
      <trkpt lat="47.2507562" lon="9.3382977">
        <ele>2231.7</ele>
        <time>2026-09-03T08:56:31Z</time>
        <hdop>10.7</hdop>
        <extensions>
          <osmand:speed>0.1</osmand:speed>
        </extensions>
      </trkpt>
      <trkpt lat="47.2507693" lon="9.3382762">
        <ele>2232.7</ele>
        <time>2026-09-03T08:57:03Z</time>
        <hdop>10.2</hdop>
        <extensions>
          <osmand:speed>0.2</osmand:speed>
        </extensions>
      </trkpt>
      <trkpt lat="47.2507714" lon="9.3382394">
        <ele>2234.7</ele>
        <time>2026-09-03T08:57:13Z</time>
        <hdop>11.7</hdop>
        <extensions>
          <osmand:speed>0</osmand:speed>
        </extensions>
      </trkpt>
      <trkpt lat="47.2507702" lon="9.3382071">
        <ele>2235.7</ele>
        <time>2026-09-03T08:57:21Z</time>
        <hdop>6.6</hdop>
        <extensions>
          <osmand:speed>0.6</osmand:speed>
        </extensions>
      </trkpt>
      <trkpt lat="47.2507764" lon="9.3381655">
        <ele>2237.7</ele>
        <time>2026-09-03T08:57:27Z</time>
        <hdop>6.1</hdop>
        <extensions>
          <osmand:speed>0.8</osmand:speed>
        </extensions>
      </trkpt>
      <trkpt lat="47.2507541" lon="9.3381505">
        <ele>2236.7</ele>
        <time>2026-09-03T08:57:33Z</time>
        <hdop>6.6</hdop>
        <extensions>
          <osmand:speed>0.6</osmand:speed>
        </extensions>
      </trkpt>
      <trkpt lat="47.2507396" lon="9.3381293">
        <ele>2235.7</ele>
        <time>2026-09-03T08:57:39Z</time>
        <hdop>4.6</hdop>
        <extensions>
          <osmand:speed>0</osmand:speed>
        </extensions>
      </trkpt>
      <trkpt lat="47.2507547" lon="9.3381557">
        <ele>2234.7</ele>
        <time>2026-09-03T08:57:47Z</time>
        <hdop>7.1</hdop>
        <extensions>
          <osmand:speed>0.2</osmand:speed>
        </extensions>
      </trkpt>
      <trkpt lat="47.2507766" lon="9.3381668">
        <ele>2235.7</ele>
        <time>2026-09-03T08:57:53Z</time>
        <hdop>8.2</hdop>
        <extensions>
          <osmand:speed>0.2</osmand:speed>
        </extensions>
      </trkpt>
      <trkpt lat="47.2507894" lon="9.3380865">
        <ele>2241.7</ele>
        <time>2026-09-03T08:58:36Z</time>
        <hdop>13.3</hdop>
        <extensions>
          <osmand:speed>0.2</osmand:speed>
        </extensions>
      </trkpt>
      <trkpt lat="47.2508021" lon="9.3381396">
        <ele>2241.7</ele>
        <time>2026-09-03T08:58:42Z</time>
        <hdop>12.2</hdop>
        <extensions>
          <osmand:speed>0.3</osmand:speed>
        </extensions>
      </trkpt>
      <trkpt lat="47.2508086" lon="9.3382124">
        <ele>2241.7</ele>
        <time>2026-09-03T08:58:48Z</time>
        <hdop>11.2</hdop>
        <extensions>
          <osmand:speed>1</osmand:speed>
        </extensions>
      </trkpt>
      <trkpt lat="47.2508176" lon="9.3382392">
        <ele>2242.7</ele>
        <time>2026-09-03T08:58:54Z</time>
        <hdop>8.2</hdop>
        <extensions>
          <osmand:speed>0.7</osmand:speed>
        </extensions>
      </trkpt>
      <trkpt lat="47.2508352" lon="9.3382948">
        <ele>2243.7</ele>
        <time>2026-09-03T08:59:00Z</time>
        <hdop>10.7</hdop>
        <extensions>
          <osmand:speed>0.8</osmand:speed>
        </extensions>
      </trkpt>
      <trkpt lat="47.2508171" lon="9.3382971">
        <ele>2244.7</ele>
        <time>2026-09-03T08:59:06Z</time>
        <hdop>10.2</hdop>
        <extensions>
          <osmand:speed>0.3</osmand:speed>
        </extensions>
      </trkpt>
      <trkpt lat="47.2508202" lon="9.3383625">
        <ele>2244.7</ele>
        <time>2026-09-03T08:59:12Z</time>
        <hdop>11.2</hdop>
        <extensions>
          <osmand:speed>0.4</osmand:speed>
        </extensions>
      </trkpt>
      <trkpt lat="47.2508146" lon="9.3383911">
        <ele>2245.7</ele>
        <time>2026-09-03T08:59:24Z</time>
        <hdop>9.2</hdop>
        <extensions>
          <osmand:speed>0.4</osmand:speed>
        </extensions>
      </trkpt>
      <trkpt lat="47.2508356" lon="9.3383946">
        <ele>2247.7</ele>
        <time>2026-09-03T08:59:34Z</time>
        <hdop>10.7</hdop>
        <extensions>
          <osmand:speed>0.4</osmand:speed>
        </extensions>
      </trkpt>
      <trkpt lat="47.2508251" lon="9.3384417">
        <ele>2247.7</ele>
        <time>2026-09-03T08:59:40Z</time>
        <hdop>13.8</hdop>
        <extensions>
          <osmand:speed>0.7</osmand:speed>
        </extensions>
      </trkpt>
      <trkpt lat="47.2508468" lon="9.3385362">
        <ele>2247.7</ele>
        <time>2026-09-03T08:59:53Z</time>
        <hdop>14.8</hdop>
        <extensions>
          <osmand:speed>0.3</osmand:speed>
        </extensions>
      </trkpt>
      <trkpt lat="47.2508564" lon="9.3385613">
        <ele>2247.7</ele>
        <time>2026-09-03T08:59:59Z</time>
        <hdop>14.3</hdop>
        <extensions>
          <osmand:speed>0.8</osmand:speed>
        </extensions>
      </trkpt>
      <trkpt lat="47.2508683" lon="9.3386162">
        <ele>2246.7</ele>
        <time>2026-09-03T09:00:05Z</time>
        <hdop>12.8</hdop>
        <extensions>
          <osmand:speed>0.3</osmand:speed>
        </extensions>
      </trkpt>
      <trkpt lat="47.2508487" lon="9.3386429">
        <ele>2245.7</ele>
        <time>2026-09-03T09:00:11Z</time>
        <hdop>14.8</hdop>
        <extensions>
          <osmand:speed>0.2</osmand:speed>
        </extensions>
      </trkpt>
      <trkpt lat="47.2508443" lon="9.3386755">
        <ele>2246.7</ele>
        <time>2026-09-03T09:00:17Z</time>
        <hdop>14.3</hdop>
        <extensions>
          <osmand:speed>0.8</osmand:speed>
        </extensions>
      </trkpt>
      <trkpt lat="47.2508293" lon="9.3387092">
        <ele>2246.7</ele>
        <time>2026-09-03T09:00:23Z</time>
        <hdop>14.8</hdop>
        <extensions>
          <osmand:speed>0.6</osmand:speed>
        </extensions>
      </trkpt>
      <trkpt lat="47.2508162" lon="9.3387519">
        <ele>2247.7</ele>
        <time>2026-09-03T09:00:30Z</time>
        <hdop>11.7</hdop>
        <extensions>
          <osmand:speed>0.8</osmand:speed>
        </extensions>
      </trkpt>
      <trkpt lat="47.2508245" lon="9.3387209">
        <ele>2247.7</ele>
        <time>2026-09-03T09:00:37Z</time>
        <hdop>13.3</hdop>
        <extensions>
          <osmand:speed>0</osmand:speed>
        </extensions>
      </trkpt>
      <trkpt lat="47.2507922" lon="9.3387249">
        <ele>2245.7</ele>
        <time>2026-09-03T09:00:43Z</time>
        <hdop>9.2</hdop>
        <extensions>
          <osmand:speed>0.7</osmand:speed>
        </extensions>
      </trkpt>
      <trkpt lat="47.2508098" lon="9.338744">
        <ele>2246.7</ele>
        <time>2026-09-03T09:00:50Z</time>
        <hdop>8.2</hdop>
        <extensions>
          <osmand:speed>0.3</osmand:speed>
        </extensions>
      </trkpt>
      <trkpt lat="47.2508303" lon="9.3387808">
        <ele>2247.7</ele>
        <time>2026-09-03T09:00:56Z</time>
        <hdop>11.7</hdop>
        <extensions>
          <osmand:speed>0.1</osmand:speed>
        </extensions>
      </trkpt>
      <trkpt lat="47.2508388" lon="9.3388206">
        <ele>2247.7</ele>
        <time>2026-09-03T09:01:02Z</time>
        <hdop>11.7</hdop>
        <extensions>
          <osmand:speed>0.7</osmand:speed>
        </extensions>
      </trkpt>
      <trkpt lat="47.2508361" lon="9.3388843">
        <ele>2248.7</ele>
        <time>2026-09-03T09:01:08Z</time>
        <hdop>11.7</hdop>
        <extensions>
          <osmand:speed>0.6</osmand:speed>
        </extensions>
      </trkpt>
      <trkpt lat="47.2508414" lon="9.3389117">
        <ele>2250.7</ele>
        <time>2026-09-03T09:01:18Z</time>
        <hdop>10.2</hdop>
        <extensions>
          <osmand:speed>0.1</osmand:speed>
        </extensions>
      </trkpt>
      <trkpt lat="47.2508521" lon="9.3389353">
        <ele>2251.7</ele>
        <time>2026-09-03T09:01:26Z</time>
        <hdop>9.7</hdop>
        <extensions>
          <osmand:speed>0.4</osmand:speed>
        </extensions>
      </trkpt>
      <trkpt lat="47.2508531" lon="9.3389627">
        <ele>2252.7</ele>
        <time>2026-09-03T09:01:33Z</time>
        <hdop>8.2</hdop>
        <extensions>
          <osmand:speed>0.3</osmand:speed>
        </extensions>
      </trkpt>
      <trkpt lat="47.2508847" lon="9.3389946">
        <ele>2254.7</ele>
        <time>2026-09-03T09:01:39Z</time>
        <hdop>10.2</hdop>
        <extensions>
          <osmand:speed>0.7</osmand:speed>
        </extensions>
      </trkpt>
      <trkpt lat="47.2508768" lon="9.3390285">
        <ele>2255.7</ele>
        <time>2026-09-03T09:01:45Z</time>
        <hdop>11.7</hdop>
        <extensions>
          <osmand:speed>0.2</osmand:speed>
        </extensions>
      </trkpt>
      <trkpt lat="47.2508847" lon="9.3390625">
        <ele>2255.7</ele>
        <time>2026-09-03T09:01:52Z</time>
        <hdop>13.3</hdop>
        <extensions>
          <osmand:speed>0.5</osmand:speed>
        </extensions>
      </trkpt>
      <trkpt lat="47.2509" lon="9.3390801">
        <ele>2256.7</ele>
        <time>2026-09-03T09:01:58Z</time>
        <hdop>10.7</hdop>
        <extensions>
          <osmand:speed>0.6</osmand:speed>
        </extensions>
      </trkpt>
      <trkpt lat="47.2509044" lon="9.3391117">
        <ele>2259.7</ele>
        <time>2026-09-03T09:02:10Z</time>
        <hdop>8.2</hdop>
        <extensions>
          <osmand:speed>0.4</osmand:speed>
        </extensions>
      </trkpt>
      <trkpt lat="47.250887" lon="9.3391293">
        <ele>2263.7</ele>
        <time>2026-09-03T09:02:26Z</time>
        <hdop>11.2</hdop>
        <extensions>
          <osmand:speed>0.4</osmand:speed>
        </extensions>
      </trkpt>
      <trkpt lat="47.250872" lon="9.3391439">
        <ele>2264.7</ele>
        <time>2026-09-03T09:02:32Z</time>
        <hdop>11.7</hdop>
        <extensions>
          <osmand:speed>0.2</osmand:speed>
        </extensions>
      </trkpt>
      <trkpt lat="47.250874" lon="9.3391901">
        <ele>2264.7</ele>
        <time>2026-09-03T09:02:38Z</time>
        <hdop>11.2</hdop>
        <extensions>
          <osmand:speed>0.7</osmand:speed>
        </extensions>
      </trkpt>
      <trkpt lat="47.2508796" lon="9.3392513">
        <ele>2264.7</ele>
        <time>2026-09-03T09:02:44Z</time>
        <hdop>7.7</hdop>
        <extensions>
          <osmand:speed>0.8</osmand:speed>
        </extensions>
      </trkpt>
      <trkpt lat="47.2508922" lon="9.3392935">
        <ele>2264.7</ele>
        <time>2026-09-03T09:02:50Z</time>
        <hdop>9.2</hdop>
        <extensions>
          <osmand:speed>0.7</osmand:speed>
        </extensions>
      </trkpt>
      <trkpt lat="47.2509031" lon="9.3393215">
        <ele>2265.7</ele>
        <time>2026-09-03T09:02:56Z</time>
        <hdop>9.2</hdop>
        <extensions>
          <osmand:speed>0.9</osmand:speed>
        </extensions>
      </trkpt>
      <trkpt lat="47.2509321" lon="9.3393498">
        <ele>2265.7</ele>
        <time>2026-09-03T09:03:02Z</time>
        <hdop>11.2</hdop>
        <extensions>
          <osmand:speed>0.5</osmand:speed>
        </extensions>
      </trkpt>
      <trkpt lat="47.2509302" lon="9.3393769">
        <ele>2266.7</ele>
        <time>2026-09-03T09:03:08Z</time>
        <hdop>8.2</hdop>
        <extensions>
          <osmand:speed>0.4</osmand:speed>
        </extensions>
      </trkpt>
      <trkpt lat="47.25095" lon="9.3393534">
        <ele>2268.7</ele>
        <time>2026-09-03T09:03:15Z</time>
        <hdop>9.7</hdop>
        <extensions>
          <osmand:speed>0.2</osmand:speed>
        </extensions>
      </trkpt>
      <trkpt lat="47.2509363" lon="9.3393904">
        <ele>2268.7</ele>
        <time>2026-09-03T09:03:21Z</time>
        <hdop>10.2</hdop>
        <extensions>
          <osmand:speed>0.2</osmand:speed>
        </extensions>
      </trkpt>
      <trkpt lat="47.2509425" lon="9.339417">
        <ele>2269.7</ele>
        <time>2026-09-03T09:03:27Z</time>
        <hdop>6.6</hdop>
        <extensions>
          <osmand:speed>0.6</osmand:speed>
        </extensions>
      </trkpt>
      <trkpt lat="47.2509523" lon="9.3394536">
        <ele>2268.7</ele>
        <time>2026-09-03T09:03:33Z</time>
        <hdop>5.6</hdop>
      </trkpt>
      <trkpt lat="47.2509704" lon="9.3394695">
        <ele>2269.7</ele>
        <time>2026-09-03T09:03:40Z</time>
        <hdop>9.7</hdop>
        <extensions>
          <osmand:speed>0.3</osmand:speed>
        </extensions>
      </trkpt>
      <trkpt lat="47.2509938" lon="9.3394926">
        <ele>2269.7</ele>
        <time>2026-09-03T09:03:46Z</time>
        <hdop>12.8</hdop>
        <extensions>
          <osmand:speed>0.4</osmand:speed>
        </extensions>
      </trkpt>
      <trkpt lat="47.2509761" lon="9.3395044">
        <ele>2271.7</ele>
        <time>2026-09-03T09:03:56Z</time>
        <hdop>11.7</hdop>
        <extensions>
          <osmand:speed>0.4</osmand:speed>
        </extensions>
      </trkpt>
      <trkpt lat="47.2509513" lon="9.3395134">
        <ele>2274.7</ele>
        <time>2026-09-03T09:04:06Z</time>
        <hdop>10.7</hdop>
        <extensions>
          <osmand:speed>2.2</osmand:speed>
        </extensions>
      </trkpt>
      <trkpt lat="47.2509371" lon="9.3395354">
        <ele>2277.7</ele>
        <time>2026-09-03T09:04:12Z</time>
        <hdop>9.2</hdop>
        <extensions>
          <osmand:speed>0.5</osmand:speed>
        </extensions>
      </trkpt>
      <trkpt lat="47.2509313" lon="9.3395716">
        <ele>2281.7</ele>
        <time>2026-09-03T09:04:20Z</time>
        <hdop>12.2</hdop>
        <extensions>
          <osmand:speed>0.8</osmand:speed>
        </extensions>
      </trkpt>
      <trkpt lat="47.2509017" lon="9.3396224">
        <ele>2281.7</ele>
        <time>2026-09-03T09:04:26Z</time>
        <hdop>11.2</hdop>
        <extensions>
          <osmand:speed>0.5</osmand:speed>
        </extensions>
      </trkpt>
      <trkpt lat="47.2508766" lon="9.3395866">
        <ele>2282.7</ele>
        <time>2026-09-03T09:04:32Z</time>
        <hdop>7.7</hdop>
      </trkpt>
      <trkpt lat="47.2508595" lon="9.3396033">
        <ele>2284.7</ele>
        <time>2026-09-03T09:04:48Z</time>
        <hdop>9.7</hdop>
        <extensions>
          <osmand:speed>0.1</osmand:speed>
        </extensions>
      </trkpt>
      <trkpt lat="47.2508782" lon="9.3395831">
        <ele>2285.7</ele>
        <time>2026-09-03T09:05:06Z</time>
        <hdop>10.2</hdop>
      </trkpt>
      <trkpt lat="47.2508876" lon="9.3395483">
        <ele>2286.7</ele>
        <time>2026-09-03T09:06:24Z</time>
        <hdop>13.8</hdop>
        <extensions>
          <osmand:speed>0</osmand:speed>
        </extensions>
      </trkpt>
      <trkpt lat="47.2508708" lon="9.3395641">
        <ele>2286.7</ele>
        <time>2026-09-03T09:06:30Z</time>
        <hdop>11.7</hdop>
        <extensions>
          <osmand:speed>0.5</osmand:speed>
        </extensions>
      </trkpt>
      <trkpt lat="47.2508595" lon="9.339538">
        <ele>2284.7</ele>
        <time>2026-09-03T09:06:36Z</time>
        <hdop>3.1</hdop>
      </trkpt>
      <trkpt lat="47.2508332" lon="9.3395458">
        <ele>2284.7</ele>
        <time>2026-09-03T09:06:47Z</time>
        <hdop>7.1</hdop>
        <extensions>
          <osmand:speed>0.6</osmand:speed>
        </extensions>
      </trkpt>
      <trkpt lat="47.2508769" lon="9.3395872">
        <ele>2286.7</ele>
        <time>2026-09-03T09:07:23Z</time>
        <hdop>11.2</hdop>
        <extensions>
          <osmand:speed>1.2</osmand:speed>
        </extensions>
      </trkpt>
      <trkpt lat="47.2508952" lon="9.3395465">
        <ele>2286.7</ele>
        <time>2026-09-03T09:07:29Z</time>
        <hdop>12.8</hdop>
        <extensions>
          <osmand:speed>0.1</osmand:speed>
        </extensions>
      </trkpt>
      <trkpt lat="47.2508779" lon="9.339528">
        <ele>2287.7</ele>
        <time>2026-09-03T09:07:35Z</time>
        <hdop>14.3</hdop>
        <extensions>
          <osmand:speed>0.4</osmand:speed>
        </extensions>
      </trkpt>
      <trkpt lat="47.2508422" lon="9.3395916">
        <ele>2287.7</ele>
        <time>2026-09-03T09:07:41Z</time>
        <hdop>14.3</hdop>
        <extensions>
          <osmand:speed>0.9</osmand:speed>
        </extensions>
      </trkpt>
      <trkpt lat="47.2508112" lon="9.3396358">
        <ele>2287.7</ele>
        <time>2026-09-03T09:07:49Z</time>
        <hdop>13.8</hdop>
        <extensions>
          <osmand:speed>0.8</osmand:speed>
        </extensions>
      </trkpt>
      <trkpt lat="47.2507865" lon="9.3397377">
        <ele>2287.7</ele>
        <time>2026-09-03T09:07:59Z</time>
        <hdop>13.8</hdop>
        <extensions>
          <osmand:speed>0.7</osmand:speed>
        </extensions>
      </trkpt>
      <trkpt lat="47.2507729" lon="9.3397959">
        <ele>2288.7</ele>
        <time>2026-09-03T09:08:05Z</time>
        <hdop>13.3</hdop>
        <extensions>
          <osmand:speed>0.7</osmand:speed>
        </extensions>
      </trkpt>
      <trkpt lat="47.2507753" lon="9.3398231">
        <ele>2289.7</ele>
        <time>2026-09-03T09:08:12Z</time>
        <hdop>11.7</hdop>
        <extensions>
          <osmand:speed>0.5</osmand:speed>
        </extensions>
      </trkpt>
      <trkpt lat="47.2508197" lon="9.3399192">
        <ele>2290.7</ele>
        <time>2026-09-03T09:08:19Z</time>
        <hdop>12.8</hdop>
        <extensions>
          <osmand:speed>0.9</osmand:speed>
        </extensions>
      </trkpt>
      <trkpt lat="47.2508159" lon="9.3399626">
        <ele>2289.7</ele>
        <time>2026-09-03T09:08:25Z</time>
        <hdop>12.8</hdop>
        <extensions>
          <osmand:speed>0.3</osmand:speed>
        </extensions>
      </trkpt>
      <trkpt lat="47.2508153" lon="9.3399902">
        <ele>2288.7</ele>
        <time>2026-09-03T09:08:50Z</time>
        <hdop>11.7</hdop>
        <extensions>
          <osmand:speed>0.7</osmand:speed>
        </extensions>
      </trkpt>
      <trkpt lat="47.25083" lon="9.3400089">
        <ele>2289.7</ele>
        <time>2026-09-03T09:09:08Z</time>
        <hdop>10.2</hdop>
        <extensions>
          <osmand:speed>0.4</osmand:speed>
        </extensions>
      </trkpt>
      <trkpt lat="47.2508337" lon="9.3400464">
        <ele>2289.7</ele>
        <time>2026-09-03T09:09:14Z</time>
        <hdop>10.2</hdop>
        <extensions>
          <osmand:speed>0.4</osmand:speed>
        </extensions>
      </trkpt>
      <trkpt lat="47.2508117" lon="9.3401146">
        <ele>2290.7</ele>
        <time>2026-09-03T09:09:20Z</time>
        <hdop>11.7</hdop>
        <extensions>
          <osmand:speed>0.5</osmand:speed>
        </extensions>
      </trkpt>
      <trkpt lat="47.2508147" lon="9.3401523">
        <ele>2291.7</ele>
        <time>2026-09-03T09:09:26Z</time>
        <hdop>11.7</hdop>
        <extensions>
          <osmand:speed>1</osmand:speed>
        </extensions>
      </trkpt>
      <trkpt lat="47.2508241" lon="9.3401885">
        <ele>2293.7</ele>
        <time>2026-09-03T09:09:40Z</time>
        <hdop>11.7</hdop>
        <extensions>
          <osmand:speed>0.6</osmand:speed>
        </extensions>
      </trkpt>
      <trkpt lat="47.2508257" lon="9.3402199">
        <ele>2295.7</ele>
        <time>2026-09-03T09:09:50Z</time>
        <hdop>12.2</hdop>
        <extensions>
          <osmand:speed>0.3</osmand:speed>
        </extensions>
      </trkpt>
      <trkpt lat="47.2508436" lon="9.3402379">
        <ele>2295.7</ele>
        <time>2026-09-03T09:10:00Z</time>
        <hdop>13.3</hdop>
        <extensions>
          <osmand:speed>0.7</osmand:speed>
        </extensions>
      </trkpt>
      <trkpt lat="47.2508328" lon="9.3402659">
        <ele>2293.7</ele>
        <time>2026-09-03T09:10:13Z</time>
        <hdop>11.7</hdop>
        <extensions>
          <osmand:speed>0.3</osmand:speed>
        </extensions>
      </trkpt>
      <trkpt lat="47.2508421" lon="9.3402917">
        <ele>2294.7</ele>
        <time>2026-09-03T09:10:22Z</time>
        <hdop>8.2</hdop>
        <extensions>
          <osmand:speed>0.6</osmand:speed>
        </extensions>
      </trkpt>
      <trkpt lat="47.2508111" lon="9.3403561">
        <ele>2294.7</ele>
        <time>2026-09-03T09:10:28Z</time>
        <hdop>9.7</hdop>
        <extensions>
          <osmand:speed>0.2</osmand:speed>
        </extensions>
      </trkpt>
      <trkpt lat="47.2508205" lon="9.3403841">
        <ele>2295.7</ele>
        <time>2026-09-03T09:10:44Z</time>
        <hdop>10.2</hdop>
        <extensions>
          <osmand:speed>0.3</osmand:speed>
        </extensions>
      </trkpt>
      <trkpt lat="47.2507996" lon="9.3403952">
        <ele>2298.7</ele>
        <time>2026-09-03T09:10:54Z</time>
        <hdop>9.2</hdop>
        <extensions>
          <osmand:speed>0.1</osmand:speed>
        </extensions>
      </trkpt>
      <trkpt lat="47.2507992" lon="9.3404288">
        <ele>2300.7</ele>
        <time>2026-09-03T09:11:17Z</time>
        <hdop>9.7</hdop>
        <extensions>
          <osmand:speed>0.7</osmand:speed>
        </extensions>
      </trkpt>
      <trkpt lat="47.2507992" lon="9.3404623">
        <ele>2300.7</ele>
        <time>2026-09-03T09:11:23Z</time>
        <hdop>9.7</hdop>
        <extensions>
          <osmand:speed>0.3</osmand:speed>
        </extensions>
      </trkpt>
      <trkpt lat="47.2508172" lon="9.3404491">
        <ele>2301.7</ele>
        <time>2026-09-03T09:11:31Z</time>
        <hdop>11.2</hdop>
        <extensions>
          <osmand:speed>0.7</osmand:speed>
        </extensions>
      </trkpt>
      <trkpt lat="47.2508128" lon="9.340478">
        <ele>2302.7</ele>
        <time>2026-09-03T09:11:39Z</time>
        <hdop>11.2</hdop>
        <extensions>
          <osmand:speed>0.2</osmand:speed>
        </extensions>
      </trkpt>
      <trkpt lat="47.2508318" lon="9.3404652">
        <ele>2304.7</ele>
        <time>2026-09-03T09:11:48Z</time>
        <hdop>13.8</hdop>
        <extensions>
          <osmand:speed>0.7</osmand:speed>
        </extensions>
      </trkpt>
      <trkpt lat="47.2508462" lon="9.3404188">
        <ele>2305.7</ele>
        <time>2026-09-03T09:11:54Z</time>
        <hdop>14.3</hdop>
        <extensions>
          <osmand:speed>0.3</osmand:speed>
        </extensions>
      </trkpt>
      <trkpt lat="47.2508656" lon="9.3404028">
        <ele>2306.7</ele>
        <time>2026-09-03T09:12:00Z</time>
        <hdop>12.8</hdop>
        <extensions>
          <osmand:speed>0.4</osmand:speed>
        </extensions>
      </trkpt>
      <trkpt lat="47.2508959" lon="9.3403979">
        <ele>2305.7</ele>
        <time>2026-09-03T09:12:06Z</time>
        <hdop>12.2</hdop>
        <extensions>
          <osmand:speed>0.1</osmand:speed>
        </extensions>
      </trkpt>
      <trkpt lat="47.2509078" lon="9.3404393">
        <ele>2308.7</ele>
        <time>2026-09-03T09:12:18Z</time>
        <hdop>12.8</hdop>
        <extensions>
          <osmand:speed>0.9</osmand:speed>
        </extensions>
      </trkpt>
      <trkpt lat="47.2509235" lon="9.3403917">
        <ele>2309.7</ele>
        <time>2026-09-03T09:12:24Z</time>
        <hdop>9.2</hdop>
        <extensions>
          <osmand:speed>0</osmand:speed>
        </extensions>
      </trkpt>
      <trkpt lat="47.2509419" lon="9.34038">
        <ele>2311.7</ele>
        <time>2026-09-03T09:12:46Z</time>
        <hdop>10.7</hdop>
        <extensions>
          <osmand:speed>1</osmand:speed>
        </extensions>
      </trkpt>
      <trkpt lat="47.250966" lon="9.3403866">
        <ele>2312.7</ele>
        <time>2026-09-03T09:12:52Z</time>
        <hdop>13.8</hdop>
        <extensions>
          <osmand:speed>0.3</osmand:speed>
        </extensions>
      </trkpt>
      <trkpt lat="47.2509562" lon="9.340359">
        <ele>2313.7</ele>
        <time>2026-09-03T09:13:00Z</time>
        <hdop>14.3</hdop>
        <extensions>
          <osmand:speed>0.5</osmand:speed>
        </extensions>
      </trkpt>
      <trkpt lat="47.2509736" lon="9.3403963">
        <ele>2314.7</ele>
        <time>2026-09-03T09:13:06Z</time>
        <hdop>13.3</hdop>
        <extensions>
          <osmand:speed>0.8</osmand:speed>
        </extensions>
      </trkpt>
      <trkpt lat="47.2509837" lon="9.3404464">
        <ele>2313.7</ele>
        <time>2026-09-03T09:13:12Z</time>
        <hdop>8.7</hdop>
        <extensions>
          <osmand:speed>0.1</osmand:speed>
        </extensions>
      </trkpt>
      <trkpt lat="47.2509624" lon="9.3404301">
        <ele>2314.7</ele>
        <time>2026-09-03T09:13:18Z</time>
        <hdop>10.2</hdop>
        <extensions>
          <osmand:speed>0.2</osmand:speed>
        </extensions>
      </trkpt>
      <trkpt lat="47.2509733" lon="9.3404705">
        <ele>2314.7</ele>
        <time>2026-09-03T09:13:25Z</time>
        <hdop>10.2</hdop>
        <extensions>
          <osmand:speed>0.8</osmand:speed>
        </extensions>
      </trkpt>
      <trkpt lat="47.2509945" lon="9.3404853">
        <ele>2313.7</ele>
        <time>2026-09-03T09:13:36Z</time>
        <hdop>12.2</hdop>
        <extensions>
          <osmand:speed>0.2</osmand:speed>
        </extensions>
      </trkpt>
      <trkpt lat="47.2510156" lon="9.3404676">
        <ele>2316.7</ele>
        <time>2026-09-03T09:13:46Z</time>
        <hdop>11.7</hdop>
        <extensions>
          <osmand:speed>0.2</osmand:speed>
        </extensions>
      </trkpt>
      <trkpt lat="47.2509957" lon="9.3404181">
        <ele>2317.7</ele>
        <time>2026-09-03T09:13:53Z</time>
        <hdop>10.7</hdop>
        <extensions>
          <osmand:speed>0.3</osmand:speed>
        </extensions>
      </trkpt>
      <trkpt lat="47.2509824" lon="9.3404638">
        <ele>2318.7</ele>
        <time>2026-09-03T09:13:59Z</time>
        <hdop>9.7</hdop>
        <extensions>
          <osmand:speed>0.2</osmand:speed>
        </extensions>
      </trkpt>
      <trkpt lat="47.2509896" lon="9.3404928">
        <ele>2319.7</ele>
        <time>2026-09-03T09:14:06Z</time>
        <hdop>10.2</hdop>
        <extensions>
          <osmand:speed>0.4</osmand:speed>
        </extensions>
      </trkpt>
      <trkpt lat="47.2509915" lon="9.3405259">
        <ele>2320.7</ele>
        <time>2026-09-03T09:14:14Z</time>
        <hdop>13.8</hdop>
        <extensions>
          <osmand:speed>0.3</osmand:speed>
        </extensions>
      </trkpt>
      <trkpt lat="47.2509948" lon="9.34056">
        <ele>2321.7</ele>
        <time>2026-09-03T09:14:20Z</time>
        <hdop>7.1</hdop>
      </trkpt>
      <trkpt lat="47.2510136" lon="9.3405577">
        <ele>2322.7</ele>
        <time>2026-09-03T09:14:38Z</time>
        <hdop>14.3</hdop>
        <extensions>
          <osmand:speed>0.2</osmand:speed>
        </extensions>
      </trkpt>
      <trkpt lat="47.2509893" lon="9.3405491">
        <ele>2325.7</ele>
        <time>2026-09-03T09:14:44Z</time>
        <hdop>12.8</hdop>
        <extensions>
          <osmand:speed>0.1</osmand:speed>
        </extensions>
      </trkpt>
      <trkpt lat="47.250992" lon="9.3405184">
        <ele>2325.7</ele>
        <time>2026-09-03T09:14:50Z</time>
        <hdop>11.2</hdop>
        <extensions>
          <osmand:speed>0.1</osmand:speed>
        </extensions>
      </trkpt>
      <trkpt lat="47.2510129" lon="9.340522">
        <ele>2325.7</ele>
        <time>2026-09-03T09:15:02Z</time>
        <hdop>12.2</hdop>
        <extensions>
          <osmand:speed>0.8</osmand:speed>
        </extensions>
      </trkpt>
      <trkpt lat="47.2510332" lon="9.3405187">
        <ele>2328.7</ele>
        <time>2026-09-03T09:15:11Z</time>
        <hdop>12.2</hdop>
        <extensions>
          <osmand:speed>0.5</osmand:speed>
        </extensions>
      </trkpt>
      <trkpt lat="47.2510638" lon="9.3405339">
        <ele>2328.7</ele>
        <time>2026-09-03T09:15:17Z</time>
        <hdop>12.2</hdop>
        <extensions>
          <osmand:speed>0.8</osmand:speed>
        </extensions>
      </trkpt>
      <trkpt lat="47.2510622" lon="9.3405044">
        <ele>2329.7</ele>
        <time>2026-09-03T09:15:30Z</time>
        <hdop>11.7</hdop>
        <extensions>
          <osmand:speed>0</osmand:speed>
        </extensions>
      </trkpt>
      <trkpt lat="47.2510769" lon="9.3405279">
        <ele>2330.7</ele>
        <time>2026-09-03T09:15:46Z</time>
        <hdop>11.2</hdop>
        <extensions>
          <osmand:speed>0.3</osmand:speed>
        </extensions>
      </trkpt>
      <trkpt lat="47.2510832" lon="9.3405554">
        <ele>2331.7</ele>
        <time>2026-09-03T09:15:52Z</time>
        <hdop>12.2</hdop>
        <extensions>
          <osmand:speed>0.4</osmand:speed>
        </extensions>
      </trkpt>
      <trkpt lat="47.2510999" lon="9.3405366">
        <ele>2332.7</ele>
        <time>2026-09-03T09:15:59Z</time>
        <hdop>13.8</hdop>
        <extensions>
          <osmand:speed>1.1</osmand:speed>
        </extensions>
      </trkpt>
      <trkpt lat="47.2511054" lon="9.3405665">
        <ele>2334.7</ele>
        <time>2026-09-03T09:16:06Z</time>
        <hdop>13.8</hdop>
        <extensions>
          <osmand:speed>0.6</osmand:speed>
        </extensions>
      </trkpt>
      <trkpt lat="47.2510984" lon="9.3405409">
        <ele>2335.7</ele>
        <time>2026-09-03T09:16:12Z</time>
        <hdop>12.8</hdop>
        <extensions>
          <osmand:speed>0</osmand:speed>
        </extensions>
      </trkpt>
      <trkpt lat="47.251117" lon="9.3405315">
        <ele>2333.7</ele>
        <time>2026-09-03T09:16:26Z</time>
        <hdop>6.6</hdop>
        <extensions>
          <osmand:speed>0</osmand:speed>
        </extensions>
      </trkpt>
      <trkpt lat="47.2511" lon="9.3405409">
        <ele>2334.7</ele>
        <time>2026-09-03T09:16:40Z</time>
        <hdop>11.2</hdop>
        <extensions>
          <osmand:speed>0.6</osmand:speed>
        </extensions>
      </trkpt>
      <trkpt lat="47.2510929" lon="9.3405692">
        <ele>2334.7</ele>
        <time>2026-09-03T09:16:46Z</time>
        <hdop>11.2</hdop>
        <extensions>
          <osmand:speed>0.3</osmand:speed>
        </extensions>
      </trkpt>
      <trkpt lat="47.2510616" lon="9.3405891">
        <ele>2335.7</ele>
        <time>2026-09-03T09:16:52Z</time>
        <hdop>12.2</hdop>
        <extensions>
          <osmand:speed>0.6</osmand:speed>
        </extensions>
      </trkpt>
      <trkpt lat="47.2510605" lon="9.3406449">
        <ele>2335.7</ele>
        <time>2026-09-03T09:16:58Z</time>
        <hdop>14.8</hdop>
        <extensions>
          <osmand:speed>0.5</osmand:speed>
        </extensions>
      </trkpt>
      <trkpt lat="47.2510805" lon="9.3407002">
        <ele>2331.7</ele>
        <time>2026-09-03T09:17:31Z</time>
        <hdop>13.8</hdop>
        <extensions>
          <osmand:speed>0.8</osmand:speed>
        </extensions>
      </trkpt>
      <trkpt lat="47.2510472" lon="9.3407183">
        <ele>2332.7</ele>
        <time>2026-09-03T09:17:37Z</time>
        <hdop>12.2</hdop>
        <extensions>
          <osmand:speed>0.3</osmand:speed>
        </extensions>
      </trkpt>
      <trkpt lat="47.2510322" lon="9.3407021">
        <ele>2335.7</ele>
        <time>2026-09-03T09:17:46Z</time>
        <hdop>14.3</hdop>
        <extensions>
          <osmand:speed>0.7</osmand:speed>
        </extensions>
      </trkpt>
      <trkpt lat="47.2510228" lon="9.3407473">
        <ele>2335.7</ele>
        <time>2026-09-03T09:17:52Z</time>
        <hdop>10.7</hdop>
        <extensions>
          <osmand:speed>0.6</osmand:speed>
        </extensions>
      </trkpt>
      <trkpt lat="47.2510126" lon="9.3408005">
        <ele>2337.7</ele>
        <time>2026-09-03T09:17:58Z</time>
        <hdop>10.2</hdop>
        <extensions>
          <osmand:speed>0.6</osmand:speed>
        </extensions>
      </trkpt>
      <trkpt lat="47.2509969" lon="9.3408376">
        <ele>2341.7</ele>
        <time>2026-09-03T09:18:04Z</time>
        <hdop>7.7</hdop>
        <extensions>
          <osmand:speed>0.5</osmand:speed>
        </extensions>
      </trkpt>
      <trkpt lat="47.2509703" lon="9.3408659">
        <ele>2341.7</ele>
        <time>2026-09-03T09:18:10Z</time>
        <hdop>5.6</hdop>
      </trkpt>
      <trkpt lat="47.2509731" lon="9.3408923">
        <ele>2339.7</ele>
        <time>2026-09-03T09:18:19Z</time>
        <hdop>5.6</hdop>
        <extensions>
          <osmand:speed>1.1</osmand:speed>
        </extensions>
      </trkpt>
      <trkpt lat="47.250959" lon="9.3409332">
        <ele>2340.7</ele>
        <time>2026-09-03T09:18:25Z</time>
        <hdop>6.1</hdop>
        <extensions>
          <osmand:speed>1.4</osmand:speed>
        </extensions>
      </trkpt>
      <trkpt lat="47.2509696" lon="9.3409694">
        <ele>2341.7</ele>
        <time>2026-09-03T09:18:31Z</time>
        <hdop>6.6</hdop>
        <extensions>
          <osmand:speed>1.3</osmand:speed>
        </extensions>
      </trkpt>
      <trkpt lat="47.2509841" lon="9.3410133">
        <ele>2341.7</ele>
        <time>2026-09-03T09:18:37Z</time>
        <hdop>5.6</hdop>
        <extensions>
          <osmand:speed>0.4</osmand:speed>
        </extensions>
      </trkpt>
      <trkpt lat="47.2509735" lon="9.3410484">
        <ele>2342.7</ele>
        <time>2026-09-03T09:18:43Z</time>
        <hdop>9.7</hdop>
        <extensions>
          <osmand:speed>0.3</osmand:speed>
        </extensions>
      </trkpt>
      <trkpt lat="47.2509622" lon="9.3410801">
        <ele>2343.7</ele>
        <time>2026-09-03T09:18:49Z</time>
        <hdop>7.7</hdop>
        <extensions>
          <osmand:speed>0.2</osmand:speed>
        </extensions>
      </trkpt>
      <trkpt lat="47.250981" lon="9.3410756">
        <ele>2344.7</ele>
        <time>2026-09-03T09:18:57Z</time>
        <hdop>8.7</hdop>
        <extensions>
          <osmand:speed>0.4</osmand:speed>
        </extensions>
      </trkpt>
      <trkpt lat="47.2509603" lon="9.3410804">
        <ele>2345.7</ele>
        <time>2026-09-03T09:19:03Z</time>
        <hdop>8.2</hdop>
        <extensions>
          <osmand:speed>0.2</osmand:speed>
        </extensions>
      </trkpt>
      <trkpt lat="47.2509762" lon="9.3410933">
        <ele>2344.7</ele>
        <time>2026-09-03T09:19:15Z</time>
        <hdop>7.1</hdop>
        <extensions>
          <osmand:speed>0.1</osmand:speed>
        </extensions>
      </trkpt>
      <trkpt lat="47.2509832" lon="9.3411275">
        <ele>2344.7</ele>
        <time>2026-09-03T09:19:25Z</time>
        <hdop>6.6</hdop>
        <extensions>
          <osmand:speed>0.8</osmand:speed>
        </extensions>
      </trkpt>
      <trkpt lat="47.2509868" lon="9.3411573">
        <ele>2345.7</ele>
        <time>2026-09-03T09:19:31Z</time>
        <hdop>10.2</hdop>
        <extensions>
          <osmand:speed>0.6</osmand:speed>
        </extensions>
      </trkpt>
      <trkpt lat="47.2510036" lon="9.3411473">
        <ele>2345.7</ele>
        <time>2026-09-03T09:19:37Z</time>
        <hdop>5.6</hdop>
        <extensions>
          <osmand:speed>0.7</osmand:speed>
        </extensions>
      </trkpt>
      <trkpt lat="47.2510235" lon="9.3411576">
        <ele>2346.7</ele>
        <time>2026-09-03T09:19:43Z</time>
        <hdop>6.1</hdop>
        <extensions>
          <osmand:speed>0.6</osmand:speed>
        </extensions>
      </trkpt>
      <trkpt lat="47.2510254" lon="9.3411887">
        <ele>2346.7</ele>
        <time>2026-09-03T09:20:06Z</time>
        <hdop>7.7</hdop>
        <extensions>
          <osmand:speed>0.6</osmand:speed>
        </extensions>
      </trkpt>
      <trkpt lat="47.2510164" lon="9.3412135">
        <ele>2347.7</ele>
        <time>2026-09-03T09:20:18Z</time>
        <hdop>6.6</hdop>
        <extensions>
          <osmand:speed>0.8</osmand:speed>
        </extensions>
      </trkpt>
      <trkpt lat="47.2510397" lon="9.3412038">
        <ele>2348.7</ele>
        <time>2026-09-03T09:20:26Z</time>
        <hdop>6.6</hdop>
        <extensions>
          <osmand:speed>0.3</osmand:speed>
        </extensions>
      </trkpt>
      <trkpt lat="47.2510418" lon="9.3412319">
        <ele>2347.7</ele>
        <time>2026-09-03T09:20:36Z</time>
        <hdop>7.1</hdop>
        <extensions>
          <osmand:speed>0.2</osmand:speed>
        </extensions>
      </trkpt>
      <trkpt lat="47.251041" lon="9.3412681">
        <ele>2350.7</ele>
        <time>2026-09-03T09:20:44Z</time>
        <hdop>8.2</hdop>
        <extensions>
          <osmand:speed>0.4</osmand:speed>
        </extensions>
      </trkpt>
      <trkpt lat="47.2510533" lon="9.3412971">
        <ele>2350.7</ele>
        <time>2026-09-03T09:20:54Z</time>
        <hdop>6.1</hdop>
        <extensions>
          <osmand:speed>1.3</osmand:speed>
        </extensions>
      </trkpt>
      <trkpt lat="47.2510305" lon="9.341337">
        <ele>2352.7</ele>
        <time>2026-09-03T09:21:00Z</time>
        <hdop>7.1</hdop>
        <extensions>
          <osmand:speed>0.2</osmand:speed>
        </extensions>
      </trkpt>
      <trkpt lat="47.2510235" lon="9.3413617">
        <ele>2351.7</ele>
        <time>2026-09-03T09:21:06Z</time>
        <hdop>6.1</hdop>
      </trkpt>
      <trkpt lat="47.2510298" lon="9.3413335">
        <ele>2358.7</ele>
        <time>2026-09-03T09:21:55Z</time>
        <hdop>6.6</hdop>
        <extensions>
          <osmand:speed>0.3</osmand:speed>
        </extensions>
      </trkpt>
      <trkpt lat="47.2510458" lon="9.3412982">
        <ele>2359.7</ele>
        <time>2026-09-03T09:22:01Z</time>
        <hdop>5.6</hdop>
        <extensions>
          <osmand:speed>0.3</osmand:speed>
        </extensions>
      </trkpt>
      <trkpt lat="47.2510619" lon="9.3412399">
        <ele>2360.7</ele>
        <time>2026-09-03T09:22:07Z</time>
        <hdop>9.2</hdop>
        <extensions>
          <osmand:speed>0.6</osmand:speed>
        </extensions>
      </trkpt>
      <trkpt lat="47.2510688" lon="9.3411899">
        <ele>2360.7</ele>
        <time>2026-09-03T09:22:13Z</time>
        <hdop>6.6</hdop>
        <extensions>
          <osmand:speed>0.7</osmand:speed>
        </extensions>
      </trkpt>
      <trkpt lat="47.2510707" lon="9.3411464">
        <ele>2361.7</ele>
        <time>2026-09-03T09:22:19Z</time>
        <hdop>4.6</hdop>
        <extensions>
          <osmand:speed>0.5</osmand:speed>
        </extensions>
      </trkpt>
      <trkpt lat="47.2511049" lon="9.3411247">
        <ele>2362.7</ele>
        <time>2026-09-03T09:22:25Z</time>
        <hdop>7.1</hdop>
        <extensions>
          <osmand:speed>0.4</osmand:speed>
        </extensions>
      </trkpt>
      <trkpt lat="47.2511367" lon="9.3411175">
        <ele>2362.7</ele>
        <time>2026-09-03T09:22:31Z</time>
        <hdop>8.7</hdop>
        <extensions>
          <osmand:speed>0.4</osmand:speed>
        </extensions>
      </trkpt>
      <trkpt lat="47.2511287" lon="9.3411452">
        <ele>2362.7</ele>
        <time>2026-09-03T09:22:37Z</time>
        <hdop>7.1</hdop>
        <extensions>
          <osmand:speed>0.2</osmand:speed>
        </extensions>
      </trkpt>
      <trkpt lat="47.2511217" lon="9.3412153">
        <ele>2361.7</ele>
        <time>2026-09-03T09:22:43Z</time>
        <hdop>6.6</hdop>
        <extensions>
          <osmand:speed>0</osmand:speed>
        </extensions>
      </trkpt>
      <trkpt lat="47.2511081" lon="9.3411876">
        <ele>2364.7</ele>
        <time>2026-09-03T09:22:49Z</time>
        <hdop>6.1</hdop>
        <extensions>
          <osmand:speed>0.4</osmand:speed>
        </extensions>
      </trkpt>
      <trkpt lat="47.2511184" lon="9.341163">
        <ele>2365.7</ele>
        <time>2026-09-03T09:22:58Z</time>
        <hdop>6.6</hdop>
        <extensions>
          <osmand:speed>0.4</osmand:speed>
        </extensions>
      </trkpt>
      <trkpt lat="47.2511362" lon="9.3411459">
        <ele>2366.7</ele>
        <time>2026-09-03T09:23:05Z</time>
        <hdop>5.1</hdop>
        <extensions>
          <osmand:speed>0.6</osmand:speed>
        </extensions>
      </trkpt>
      <trkpt lat="47.2511609" lon="9.3411046">
        <ele>2367.7</ele>
        <time>2026-09-03T09:23:11Z</time>
        <hdop>5.1</hdop>
        <extensions>
          <osmand:speed>0.2</osmand:speed>
        </extensions>
      </trkpt>
      <trkpt lat="47.2511836" lon="9.3411269">
        <ele>2367.7</ele>
        <time>2026-09-03T09:23:17Z</time>
        <hdop>6.1</hdop>
        <extensions>
          <osmand:speed>0.6</osmand:speed>
        </extensions>
      </trkpt>
      <trkpt lat="47.2512064" lon="9.341149">
        <ele>2367.7</ele>
        <time>2026-09-03T09:23:23Z</time>
        <hdop>5.6</hdop>
        <extensions>
          <osmand:speed>1</osmand:speed>
        </extensions>
      </trkpt>
      <trkpt lat="47.2512128" lon="9.3411757">
        <ele>2372.7</ele>
        <time>2026-09-03T09:23:35Z</time>
        <hdop>5.6</hdop>
        <extensions>
          <osmand:speed>0.3</osmand:speed>
        </extensions>
      </trkpt>
      <trkpt lat="47.2511998" lon="9.3411961">
        <ele>2372.7</ele>
        <time>2026-09-03T09:23:42Z</time>
        <hdop>6.1</hdop>
        <extensions>
          <osmand:speed>0.2</osmand:speed>
        </extensions>
      </trkpt>
      <trkpt lat="47.2511985" lon="9.341223">
        <ele>2373.7</ele>
        <time>2026-09-03T09:23:48Z</time>
        <hdop>7.7</hdop>
        <extensions>
          <osmand:speed>0.7</osmand:speed>
        </extensions>
      </trkpt>
      <trkpt lat="47.2512156" lon="9.3412076">
        <ele>2372.7</ele>
        <time>2026-09-03T09:23:56Z</time>
        <hdop>6.1</hdop>
        <extensions>
          <osmand:speed>0.1</osmand:speed>
        </extensions>
      </trkpt>
      <trkpt lat="47.2512279" lon="9.3411814">
        <ele>2373.7</ele>
        <time>2026-09-03T09:24:02Z</time>
        <hdop>5.1</hdop>
        <extensions>
          <osmand:speed>0.2</osmand:speed>
        </extensions>
      </trkpt>
      <trkpt lat="47.2512195" lon="9.3411511">
        <ele>2373.7</ele>
        <time>2026-09-03T09:24:08Z</time>
        <hdop>9.2</hdop>
        <extensions>
          <osmand:speed>0.1</osmand:speed>
        </extensions>
      </trkpt>
      <trkpt lat="47.251217" lon="9.341118">
        <ele>2372.7</ele>
        <time>2026-09-03T09:24:16Z</time>
        <hdop>5.1</hdop>
        <extensions>
          <osmand:speed>0.5</osmand:speed>
        </extensions>
      </trkpt>
      <trkpt lat="47.2512061" lon="9.3410925">
        <ele>2372.7</ele>
        <time>2026-09-03T09:24:22Z</time>
        <hdop>5.6</hdop>
        <extensions>
          <osmand:speed>0.5</osmand:speed>
        </extensions>
      </trkpt>
      <trkpt lat="47.2512145" lon="9.3410529">
        <ele>2374.7</ele>
        <time>2026-09-03T09:24:28Z</time>
        <hdop>5.1</hdop>
        <extensions>
          <osmand:speed>0.3</osmand:speed>
        </extensions>
      </trkpt>
      <trkpt lat="47.2512257" lon="9.3410098">
        <ele>2375.7</ele>
        <time>2026-09-03T09:24:34Z</time>
        <hdop>5.6</hdop>
        <extensions>
          <osmand:speed>0.6</osmand:speed>
        </extensions>
      </trkpt>
      <trkpt lat="47.2512429" lon="9.3409819">
        <ele>2375.7</ele>
        <time>2026-09-03T09:24:41Z</time>
        <hdop>8.2</hdop>
        <extensions>
          <osmand:speed>0</osmand:speed>
        </extensions>
      </trkpt>
      <trkpt lat="47.2512615" lon="9.3409563">
        <ele>2377.7</ele>
        <time>2026-09-03T09:24:47Z</time>
        <hdop>6.6</hdop>
        <extensions>
          <osmand:speed>1</osmand:speed>
        </extensions>
      </trkpt>
      <trkpt lat="47.2512812" lon="9.3409369">
        <ele>2378.7</ele>
        <time>2026-09-03T09:24:53Z</time>
        <hdop>5.1</hdop>
      </trkpt>
      <trkpt lat="47.2512796" lon="9.3409718">
        <ele>2378.7</ele>
        <time>2026-09-03T09:25:01Z</time>
        <hdop>6.1</hdop>
        <extensions>
          <osmand:speed>0.4</osmand:speed>
        </extensions>
      </trkpt>
      <trkpt lat="47.2512855" lon="9.3409984">
        <ele>2379.7</ele>
        <time>2026-09-03T09:25:26Z</time>
        <hdop>5.6</hdop>
        <extensions>
          <osmand:speed>0.9</osmand:speed>
        </extensions>
      </trkpt>
      <trkpt lat="47.2512958" lon="9.3410583">
        <ele>2381.7</ele>
        <time>2026-09-03T09:25:32Z</time>
        <hdop>7.1</hdop>
        <extensions>
          <osmand:speed>0.5</osmand:speed>
        </extensions>
      </trkpt>
      <trkpt lat="47.2513025" lon="9.3410874">
        <ele>2382.7</ele>
        <time>2026-09-03T09:25:41Z</time>
        <hdop>5.1</hdop>
        <extensions>
          <osmand:speed>0.5</osmand:speed>
        </extensions>
      </trkpt>
      <trkpt lat="47.2513136" lon="9.3411324">
        <ele>2382.7</ele>
        <time>2026-09-03T09:25:47Z</time>
        <hdop>5.1</hdop>
        <extensions>
          <osmand:speed>0.9</osmand:speed>
        </extensions>
      </trkpt>
      <trkpt lat="47.2513279" lon="9.3411506">
        <ele>2380.7</ele>
        <time>2026-09-03T09:25:54Z</time>
        <hdop>8.7</hdop>
        <extensions>
          <osmand:speed>0.2</osmand:speed>
        </extensions>
      </trkpt>
      <trkpt lat="47.2513178" lon="9.3411813">
        <ele>2383.7</ele>
        <time>2026-09-03T09:26:19Z</time>
        <hdop>5.1</hdop>
        <extensions>
          <osmand:speed>0.5</osmand:speed>
        </extensions>
      </trkpt>
      <trkpt lat="47.2513179" lon="9.3412185">
        <ele>2384.7</ele>
        <time>2026-09-03T09:26:25Z</time>
        <hdop>7.7</hdop>
        <extensions>
          <osmand:speed>0.6</osmand:speed>
        </extensions>
      </trkpt>
      <trkpt lat="47.2513253" lon="9.3412502">
        <ele>2385.7</ele>
        <time>2026-09-03T09:26:31Z</time>
        <hdop>6.1</hdop>
        <extensions>
          <osmand:speed>0.8</osmand:speed>
        </extensions>
      </trkpt>
      <trkpt lat="47.2513398" lon="9.3412661">
        <ele>2385.7</ele>
        <time>2026-09-03T09:26:37Z</time>
        <hdop>5.6</hdop>
        <extensions>
          <osmand:speed>0.8</osmand:speed>
        </extensions>
      </trkpt>
      <trkpt lat="47.2513406" lon="9.3413027">
        <ele>2385.7</ele>
        <time>2026-09-03T09:26:43Z</time>
        <hdop>4.6</hdop>
      </trkpt>
      <trkpt lat="47.2513261" lon="9.3413211">
        <ele>2386.7</ele>
        <time>2026-09-03T09:26:50Z</time>
        <hdop>5.1</hdop>
        <extensions>
          <osmand:speed>0.2</osmand:speed>
        </extensions>
      </trkpt>
      <trkpt lat="47.2513419" lon="9.3412957">
        <ele>2388.7</ele>
        <time>2026-09-03T09:27:06Z</time>
        <hdop>10.7</hdop>
        <extensions>
          <osmand:speed>0.7</osmand:speed>
        </extensions>
      </trkpt>
      <trkpt lat="47.2513671" lon="9.3412614">
        <ele>2388.7</ele>
        <time>2026-09-03T09:27:12Z</time>
        <hdop>5.1</hdop>
        <extensions>
          <osmand:speed>0.5</osmand:speed>
        </extensions>
      </trkpt>
      <trkpt lat="47.2513932" lon="9.3412471">
        <ele>2390.7</ele>
        <time>2026-09-03T09:27:18Z</time>
        <hdop>5.1</hdop>
        <extensions>
          <osmand:speed>0.6</osmand:speed>
        </extensions>
      </trkpt>
      <trkpt lat="47.251384" lon="9.3412761">
        <ele>2391.7</ele>
        <time>2026-09-03T09:27:25Z</time>
        <hdop>7.7</hdop>
        <extensions>
          <osmand:speed>0.2</osmand:speed>
        </extensions>
      </trkpt>
      <trkpt lat="47.2513719" lon="9.3413264">
        <ele>2393.7</ele>
        <time>2026-09-03T09:27:31Z</time>
        <hdop>6.6</hdop>
        <extensions>
          <osmand:speed>0.5</osmand:speed>
        </extensions>
      </trkpt>
      <trkpt lat="47.25136" lon="9.3413484">
        <ele>2394.7</ele>
        <time>2026-09-03T09:27:39Z</time>
        <hdop>6.6</hdop>
        <extensions>
          <osmand:speed>0.9</osmand:speed>
        </extensions>
      </trkpt>
      <trkpt lat="47.2513708" lon="9.3414035">
        <ele>2395.7</ele>
        <time>2026-09-03T09:27:45Z</time>
        <hdop>5.6</hdop>
        <extensions>
          <osmand:speed>0.9</osmand:speed>
        </extensions>
      </trkpt>
      <trkpt lat="47.2513836" lon="9.3414299">
        <ele>2395.7</ele>
        <time>2026-09-03T09:28:03Z</time>
        <hdop>5.6</hdop>
        <extensions>
          <osmand:speed>0.2</osmand:speed>
        </extensions>
      </trkpt>
      <trkpt lat="47.2513801" lon="9.3414002">
        <ele>2394.7</ele>
        <time>2026-09-03T09:28:09Z</time>
        <hdop>3.1</hdop>
      </trkpt>
      <trkpt lat="47.2513799" lon="9.3414269">
        <ele>2395.7</ele>
        <time>2026-09-03T09:28:34Z</time>
        <hdop>5.6</hdop>
        <extensions>
          <osmand:speed>0.1</osmand:speed>
        </extensions>
      </trkpt>
      <trkpt lat="47.2513807" lon="9.3414551">
        <ele>2396.7</ele>
        <time>2026-09-03T09:28:56Z</time>
        <hdop>3.6</hdop>
        <extensions>
          <osmand:speed>0.7</osmand:speed>
        </extensions>
      </trkpt>
      <trkpt lat="47.2513723" lon="9.3415195">
        <ele>2398.7</ele>
        <time>2026-09-03T09:29:02Z</time>
        <hdop>5.6</hdop>
        <extensions>
          <osmand:speed>0.7</osmand:speed>
        </extensions>
      </trkpt>
      <trkpt lat="47.2513891" lon="9.3415593">
        <ele>2398.7</ele>
        <time>2026-09-03T09:29:08Z</time>
        <hdop>6.1</hdop>
        <extensions>
          <osmand:speed>0.8</osmand:speed>
        </extensions>
      </trkpt>
      <trkpt lat="47.2513955" lon="9.3415844">
        <ele>2400.7</ele>
        <time>2026-09-03T09:29:15Z</time>
        <hdop>5.1</hdop>
        <extensions>
          <osmand:speed>0.3</osmand:speed>
        </extensions>
      </trkpt>
      <trkpt lat="47.2513922" lon="9.3416117">
        <ele>2401.7</ele>
        <time>2026-09-03T09:29:28Z</time>
        <hdop>5.1</hdop>
        <extensions>
          <osmand:speed>0.1</osmand:speed>
        </extensions>
      </trkpt>
      <trkpt lat="47.2513968" lon="9.3415812">
        <ele>2401.7</ele>
        <time>2026-09-03T09:29:54Z</time>
        <hdop>5.1</hdop>
        <extensions>
          <osmand:speed>0.6</osmand:speed>
        </extensions>
      </trkpt>
      <trkpt lat="47.251392" lon="9.3415556">
        <ele>2400.7</ele>
        <time>2026-09-03T09:30:55Z</time>
        <hdop>7.7</hdop>
        <extensions>
          <osmand:speed>0.1</osmand:speed>
        </extensions>
      </trkpt>
      <trkpt lat="47.2514001" lon="9.3415926">
        <ele>2400.7</ele>
        <time>2026-09-03T09:31:25Z</time>
        <hdop>7.7</hdop>
        <extensions>
          <osmand:speed>0.7</osmand:speed>
        </extensions>
      </trkpt>
      <trkpt lat="47.2513818" lon="9.3415981">
        <ele>2403.7</ele>
        <time>2026-09-03T09:32:08Z</time>
        <hdop>4.6</hdop>
        <extensions>
          <osmand:speed>0.2</osmand:speed>
        </extensions>
      </trkpt>
      <trkpt lat="47.2513714" lon="9.3416291">
        <ele>2403.7</ele>
        <time>2026-09-03T09:32:14Z</time>
        <hdop>4.1</hdop>
        <extensions>
          <osmand:speed>0.5</osmand:speed>
        </extensions>
      </trkpt>
      <trkpt lat="47.2513542" lon="9.3416614">
        <ele>2402.7</ele>
        <time>2026-09-03T09:32:20Z</time>
        <hdop>4.1</hdop>
        <extensions>
          <osmand:speed>0</osmand:speed>
        </extensions>
      </trkpt>
      <trkpt lat="47.2513429" lon="9.3416835">
        <ele>2401.7</ele>
        <time>2026-09-03T09:32:37Z</time>
        <hdop>4.1</hdop>
        <extensions>
          <osmand:speed>0.7</osmand:speed>
        </extensions>
      </trkpt>
      <trkpt lat="47.251318" lon="9.3417029">
        <ele>2401.7</ele>
        <time>2026-09-03T09:32:43Z</time>
        <hdop>5.6</hdop>
        <extensions>
          <osmand:speed>0.3</osmand:speed>
        </extensions>
      </trkpt>
      <trkpt lat="47.2512995" lon="9.3417212">
        <ele>2402.7</ele>
        <time>2026-09-03T09:33:14Z</time>
        <hdop>4.1</hdop>
        <extensions>
          <osmand:speed>0.8</osmand:speed>
        </extensions>
      </trkpt>
      <trkpt lat="47.2512704" lon="9.3417306">
        <ele>2402.7</ele>
        <time>2026-09-03T09:33:20Z</time>
        <hdop>6.1</hdop>
        <extensions>
          <osmand:speed>0.5</osmand:speed>
        </extensions>
      </trkpt>
      <trkpt lat="47.2512373" lon="9.3417646">
        <ele>2402.7</ele>
        <time>2026-09-03T09:33:26Z</time>
        <hdop>6.1</hdop>
        <extensions>
          <osmand:speed>1.1</osmand:speed>
        </extensions>
      </trkpt>
      <trkpt lat="47.2512182" lon="9.3418008">
        <ele>2402.7</ele>
        <time>2026-09-03T09:33:32Z</time>
        <hdop>6.1</hdop>
        <extensions>
          <osmand:speed>0.1</osmand:speed>
        </extensions>
      </trkpt>
      <trkpt lat="47.2512227" lon="9.341839">
        <ele>2402.7</ele>
        <time>2026-09-03T09:33:38Z</time>
        <hdop>5.6</hdop>
        <extensions>
          <osmand:speed>0.7</osmand:speed>
        </extensions>
      </trkpt>
      <trkpt lat="47.2511947" lon="9.3418561">
        <ele>2403.7</ele>
        <time>2026-09-03T09:33:44Z</time>
        <hdop>8.7</hdop>
        <extensions>
          <osmand:speed>0.2</osmand:speed>
        </extensions>
      </trkpt>
      <trkpt lat="47.2511899" lon="9.3418865">
        <ele>2403.7</ele>
        <time>2026-09-03T09:33:50Z</time>
        <hdop>7.7</hdop>
        <extensions>
          <osmand:speed>0.6</osmand:speed>
        </extensions>
      </trkpt>
      <trkpt lat="47.2511554" lon="9.3418639">
        <ele>2403.7</ele>
        <time>2026-09-03T09:33:56Z</time>
        <hdop>6.1</hdop>
        <extensions>
          <osmand:speed>0.2</osmand:speed>
        </extensions>
      </trkpt>
      <trkpt lat="47.2511426" lon="9.3418826">
        <ele>2401.7</ele>
        <time>2026-09-03T09:34:12Z</time>
        <hdop>5.6</hdop>
        <extensions>
          <osmand:speed>0.8</osmand:speed>
        </extensions>
      </trkpt>
      <trkpt lat="47.2511225" lon="9.3419092">
        <ele>2401.7</ele>
        <time>2026-09-03T09:34:18Z</time>
        <hdop>4.6</hdop>
      </trkpt>
      <trkpt lat="47.251103" lon="9.3419181">
        <ele>2403.7</ele>
        <time>2026-09-03T09:34:31Z</time>
        <hdop>4.6</hdop>
        <extensions>
          <osmand:speed>0.9</osmand:speed>
        </extensions>
      </trkpt>
      <trkpt lat="47.2510462" lon="9.3419601">
        <ele>2404.7</ele>
        <time>2026-09-03T09:34:37Z</time>
        <hdop>5.6</hdop>
        <extensions>
          <osmand:speed>1.1</osmand:speed>
        </extensions>
      </trkpt>
      <trkpt lat="47.2509893" lon="9.341971">
        <ele>2405.7</ele>
        <time>2026-09-03T09:34:43Z</time>
        <hdop>6.1</hdop>
        <extensions>
          <osmand:speed>1.2</osmand:speed>
        </extensions>
      </trkpt>
      <trkpt lat="47.2509517" lon="9.3419566">
        <ele>2406.7</ele>
        <time>2026-09-03T09:34:49Z</time>
        <hdop>5.1</hdop>
        <extensions>
          <osmand:speed>1.1</osmand:speed>
        </extensions>
      </trkpt>
      <trkpt lat="47.2508878" lon="9.3419164">
        <ele>2407.7</ele>
        <time>2026-09-03T09:34:55Z</time>
        <hdop>5.1</hdop>
        <extensions>
          <osmand:speed>0.4</osmand:speed>
        </extensions>
      </trkpt>
      <trkpt lat="47.2508689" lon="9.3419149">
        <ele>2406.7</ele>
        <time>2026-09-03T09:35:01Z</time>
        <hdop>8.7</hdop>
        <extensions>
          <osmand:speed>0.2</osmand:speed>
        </extensions>
      </trkpt>
      <trkpt lat="47.2508554" lon="9.3419372">
        <ele>2407.7</ele>
        <time>2026-09-03T09:35:07Z</time>
        <hdop>6.1</hdop>
        <extensions>
          <osmand:speed>0.2</osmand:speed>
        </extensions>
      </trkpt>
      <trkpt lat="47.2508362" lon="9.3419651">
        <ele>2407.7</ele>
        <time>2026-09-03T09:35:13Z</time>
        <hdop>6.6</hdop>
        <extensions>
          <osmand:speed>0.6</osmand:speed>
        </extensions>
      </trkpt>
      <trkpt lat="47.2508084" lon="9.3419969">
        <ele>2409.7</ele>
        <time>2026-09-03T09:35:19Z</time>
        <hdop>6.6</hdop>
        <extensions>
          <osmand:speed>0.8</osmand:speed>
        </extensions>
      </trkpt>
      <trkpt lat="47.2507648" lon="9.3420061">
        <ele>2409.7</ele>
        <time>2026-09-03T09:35:25Z</time>
        <hdop>5.6</hdop>
        <extensions>
          <osmand:speed>0.9</osmand:speed>
        </extensions>
      </trkpt>
      <trkpt lat="47.2507306" lon="9.3420275">
        <ele>2410.7</ele>
        <time>2026-09-03T09:35:31Z</time>
        <hdop>5.6</hdop>
        <extensions>
          <osmand:speed>0.7</osmand:speed>
        </extensions>
      </trkpt>
      <trkpt lat="47.2507007" lon="9.3420076">
        <ele>2412.7</ele>
        <time>2026-09-03T09:35:37Z</time>
        <hdop>6.1</hdop>
        <extensions>
          <osmand:speed>0.4</osmand:speed>
        </extensions>
      </trkpt>
      <trkpt lat="47.2506483" lon="9.3419986">
        <ele>2412.7</ele>
        <time>2026-09-03T09:35:43Z</time>
        <hdop>4.6</hdop>
        <extensions>
          <osmand:speed>0.4</osmand:speed>
        </extensions>
      </trkpt>
      <trkpt lat="47.2506182" lon="9.3419814">
        <ele>2411.7</ele>
        <time>2026-09-03T09:35:49Z</time>
        <hdop>7.1</hdop>
        <extensions>
          <osmand:speed>0.6</osmand:speed>
        </extensions>
      </trkpt>
      <trkpt lat="47.250588" lon="9.3419836">
        <ele>2411.7</ele>
        <time>2026-09-03T09:35:55Z</time>
        <hdop>4.6</hdop>
        <extensions>
          <osmand:speed>0.3</osmand:speed>
        </extensions>
      </trkpt>
      <trkpt lat="47.2505644" lon="9.341997">
        <ele>2413.7</ele>
        <time>2026-09-03T09:36:36Z</time>
        <hdop>4.6</hdop>
        <extensions>
          <osmand:speed>0.4</osmand:speed>
        </extensions>
      </trkpt>
      <trkpt lat="47.2505413" lon="9.341998">
        <ele>2412.7</ele>
        <time>2026-09-03T09:36:45Z</time>
        <hdop>5.1</hdop>
        <extensions>
          <osmand:speed>0.2</osmand:speed>
        </extensions>
      </trkpt>
      <trkpt lat="47.2505014" lon="9.3419964">
        <ele>2412.7</ele>
        <time>2026-09-03T09:36:51Z</time>
        <hdop>5.1</hdop>
        <extensions>
          <osmand:speed>0.4</osmand:speed>
        </extensions>
      </trkpt>
      <trkpt lat="47.2504788" lon="9.3420095">
        <ele>2410.7</ele>
        <time>2026-09-03T09:36:57Z</time>
        <hdop>5.1</hdop>
        <extensions>
          <osmand:speed>0.5</osmand:speed>
        </extensions>
      </trkpt>
      <trkpt lat="47.2504544" lon="9.3419912">
        <ele>2409.7</ele>
        <time>2026-09-03T09:37:03Z</time>
        <hdop>6.6</hdop>
        <extensions>
          <osmand:speed>0.4</osmand:speed>
        </extensions>
      </trkpt>
      <trkpt lat="47.2504496" lon="9.3419597">
        <ele>2408.7</ele>
        <time>2026-09-03T09:37:10Z</time>
        <hdop>4.6</hdop>
        <extensions>
          <osmand:speed>0.6</osmand:speed>
        </extensions>
      </trkpt>
      <trkpt lat="47.2504291" lon="9.3419496">
        <ele>2407.7</ele>
        <time>2026-09-03T09:37:16Z</time>
        <hdop>4.6</hdop>
        <extensions>
          <osmand:speed>0.3</osmand:speed>
        </extensions>
      </trkpt>
      <trkpt lat="47.2504106" lon="9.3419587">
        <ele>2408.7</ele>
        <time>2026-09-03T09:37:33Z</time>
        <hdop>5.1</hdop>
        <extensions>
          <osmand:speed>0.4</osmand:speed>
        </extensions>
      </trkpt>
      <trkpt lat="47.2504171" lon="9.3419925">
        <ele>2406.7</ele>
        <time>2026-09-03T09:37:39Z</time>
        <hdop>4.6</hdop>
        <extensions>
          <osmand:speed>0.3</osmand:speed>
        </extensions>
      </trkpt>
      <trkpt lat="47.2503897" lon="9.3419992">
        <ele>2405.7</ele>
        <time>2026-09-03T09:37:50Z</time>
        <hdop>6.1</hdop>
        <extensions>
          <osmand:speed>0.4</osmand:speed>
        </extensions>
      </trkpt>
      <trkpt lat="47.2503715" lon="9.3419959">
        <ele>2406.7</ele>
        <time>2026-09-03T09:38:08Z</time>
        <hdop>4.1</hdop>
      </trkpt>
      <trkpt lat="47.2503612" lon="9.3419667">
        <ele>2403.7</ele>
        <time>2026-09-03T09:38:29Z</time>
        <hdop>6.1</hdop>
        <extensions>
          <osmand:speed>0.3</osmand:speed>
        </extensions>
      </trkpt>
      <trkpt lat="47.250333" lon="9.3419633">
        <ele>2402.7</ele>
        <time>2026-09-03T09:38:35Z</time>
        <hdop>7.1</hdop>
        <extensions>
          <osmand:speed>0.1</osmand:speed>
        </extensions>
      </trkpt>
      <trkpt lat="47.2503532" lon="9.341972">
        <ele>2401.7</ele>
        <time>2026-09-03T09:38:44Z</time>
        <hdop>8.7</hdop>
        <extensions>
          <osmand:speed>0</osmand:speed>
        </extensions>
      </trkpt>
      <trkpt lat="47.250348" lon="9.3419434">
        <ele>2399.7</ele>
        <time>2026-09-03T09:38:51Z</time>
        <hdop>5.6</hdop>
        <extensions>
          <osmand:speed>0.2</osmand:speed>
        </extensions>
      </trkpt>
      <trkpt lat="47.2503348" lon="9.3419198">
        <ele>2396.7</ele>
        <time>2026-09-03T09:39:04Z</time>
        <hdop>7.7</hdop>
        <extensions>
          <osmand:speed>0.3</osmand:speed>
        </extensions>
      </trkpt>
      <trkpt lat="47.2503259" lon="9.3419558">
        <ele>2397.7</ele>
        <time>2026-09-03T09:39:10Z</time>
        <hdop>5.6</hdop>
        <extensions>
          <osmand:speed>0.5</osmand:speed>
        </extensions>
      </trkpt>
      <trkpt lat="47.2503349" lon="9.3419317">
        <ele>2396.7</ele>
        <time>2026-09-03T09:39:53Z</time>
        <hdop>5.6</hdop>
        <extensions>
          <osmand:speed>0.2</osmand:speed>
        </extensions>
      </trkpt>
      <trkpt lat="47.2503163" lon="9.3419255">
        <ele>2400.7</ele>
        <time>2026-09-03T09:40:08Z</time>
        <hdop>7.1</hdop>
        <extensions>
          <osmand:speed>0.1</osmand:speed>
        </extensions>
      </trkpt>
      <trkpt lat="47.2502926" lon="9.3419287">
        <ele>2401.7</ele>
        <time>2026-09-03T09:40:14Z</time>
        <hdop>5.6</hdop>
        <extensions>
          <osmand:speed>0.1</osmand:speed>
        </extensions>
      </trkpt>
      <trkpt lat="47.2502918" lon="9.3419564">
        <ele>2400.7</ele>
        <time>2026-09-03T09:40:21Z</time>
        <hdop>4.6</hdop>
        <extensions>
          <osmand:speed>0.7</osmand:speed>
        </extensions>
      </trkpt>
      <trkpt lat="47.2502887" lon="9.3419835">
        <ele>2401.7</ele>
        <time>2026-09-03T09:40:29Z</time>
        <hdop>5.1</hdop>
        <extensions>
          <osmand:speed>0.2</osmand:speed>
        </extensions>
      </trkpt>
      <trkpt lat="47.2502807" lon="9.3420078">
        <ele>2402.7</ele>
        <time>2026-09-03T09:40:37Z</time>
        <hdop>5.6</hdop>
        <extensions>
          <osmand:speed>0.8</osmand:speed>
        </extensions>
      </trkpt>
      <trkpt lat="47.250274" lon="9.3420374">
        <ele>2402.7</ele>
        <time>2026-09-03T09:40:55Z</time>
        <hdop>5.6</hdop>
        <extensions>
          <osmand:speed>0.5</osmand:speed>
        </extensions>
      </trkpt>
      <trkpt lat="47.2502833" lon="9.342012">
        <ele>2403.7</ele>
        <time>2026-09-03T09:41:01Z</time>
        <hdop>5.6</hdop>
        <extensions>
          <osmand:speed>0.2</osmand:speed>
        </extensions>
      </trkpt>
      <trkpt lat="47.2502559" lon="9.342023">
        <ele>2404.7</ele>
        <time>2026-09-03T09:41:07Z</time>
        <hdop>5.6</hdop>
        <extensions>
          <osmand:speed>0.3</osmand:speed>
        </extensions>
      </trkpt>
      <trkpt lat="47.2502332" lon="9.3420151">
        <ele>2406.7</ele>
        <time>2026-09-03T09:41:20Z</time>
        <hdop>7.1</hdop>
        <extensions>
          <osmand:speed>0.2</osmand:speed>
        </extensions>
      </trkpt>
      <trkpt lat="47.2502143" lon="9.3420207">
        <ele>2406.7</ele>
        <time>2026-09-03T09:41:26Z</time>
        <hdop>5.6</hdop>
        <extensions>
          <osmand:speed>0.2</osmand:speed>
        </extensions>
      </trkpt>
      <trkpt lat="47.2501996" lon="9.3420473">
        <ele>2407.7</ele>
        <time>2026-09-03T09:41:41Z</time>
        <hdop>7.1</hdop>
        <extensions>
          <osmand:speed>0</osmand:speed>
        </extensions>
      </trkpt>
      <trkpt lat="47.2501943" lon="9.3420897">
        <ele>2408.7</ele>
        <time>2026-09-03T09:41:47Z</time>
        <hdop>4.6</hdop>
        <extensions>
          <osmand:speed>0.6</osmand:speed>
        </extensions>
      </trkpt>
      <trkpt lat="47.2501761" lon="9.3420793">
        <ele>2414.7</ele>
        <time>2026-09-03T09:42:34Z</time>
        <hdop>6.1</hdop>
        <extensions>
          <osmand:speed>0.2</osmand:speed>
        </extensions>
      </trkpt>
      <trkpt lat="47.2501551" lon="9.3420864">
        <ele>2415.7</ele>
        <time>2026-09-03T09:42:40Z</time>
        <hdop>7.1</hdop>
        <extensions>
          <osmand:speed>0.1</osmand:speed>
        </extensions>
      </trkpt>
      <trkpt lat="47.2501371" lon="9.3420964">
        <ele>2415.7</ele>
        <time>2026-09-03T09:42:55Z</time>
        <hdop>9.7</hdop>
        <extensions>
          <osmand:speed>0.1</osmand:speed>
        </extensions>
      </trkpt>
      <trkpt lat="47.2501132" lon="9.3421135">
        <ele>2416.7</ele>
        <time>2026-09-03T09:43:01Z</time>
        <hdop>6.1</hdop>
        <extensions>
          <osmand:speed>0.4</osmand:speed>
        </extensions>
      </trkpt>
      <trkpt lat="47.2501033" lon="9.3420904">
        <ele>2418.7</ele>
        <time>2026-09-03T09:43:39Z</time>
        <hdop>9.7</hdop>
        <extensions>
          <osmand:speed>0.1</osmand:speed>
        </extensions>
      </trkpt>
      <trkpt lat="47.2500967" lon="9.3421169">
        <ele>2418.7</ele>
        <time>2026-09-03T09:43:45Z</time>
        <hdop>7.1</hdop>
        <extensions>
          <osmand:speed>0.4</osmand:speed>
        </extensions>
      </trkpt>
      <trkpt lat="47.2500772" lon="9.3421365">
        <ele>2417.7</ele>
        <time>2026-09-03T09:43:58Z</time>
        <hdop>7.1</hdop>
        <extensions>
          <osmand:speed>0.7</osmand:speed>
        </extensions>
      </trkpt>
      <trkpt lat="47.2500577" lon="9.3421502">
        <ele>2421.7</ele>
        <time>2026-09-03T09:44:37Z</time>
        <hdop>5.6</hdop>
        <extensions>
          <osmand:speed>0.1</osmand:speed>
        </extensions>
      </trkpt>
      <trkpt lat="47.2500471" lon="9.342172">
        <ele>2425.7</ele>
        <time>2026-09-03T09:44:58Z</time>
        <hdop>5.6</hdop>
        <extensions>
          <osmand:speed>0.3</osmand:speed>
        </extensions>
      </trkpt>
      <trkpt lat="47.2500358" lon="9.3421978">
        <ele>2426.7</ele>
        <time>2026-09-03T09:45:13Z</time>
        <hdop>7.7</hdop>
        <extensions>
          <osmand:speed>0.2</osmand:speed>
        </extensions>
      </trkpt>
      <trkpt lat="47.2500218" lon="9.3422182">
        <ele>2426.7</ele>
        <time>2026-09-03T09:45:19Z</time>
        <hdop>6.6</hdop>
        <extensions>
          <osmand:speed>0.3</osmand:speed>
        </extensions>
      </trkpt>
      <trkpt lat="47.2500086" lon="9.3422364">
        <ele>2427.7</ele>
        <time>2026-09-03T09:45:25Z</time>
        <hdop>9.2</hdop>
        <extensions>
          <osmand:speed>0.1</osmand:speed>
        </extensions>
      </trkpt>
      <trkpt lat="47.2499879" lon="9.3422409">
        <ele>2428.4</ele>
        <time>2026-09-03T09:45:41Z</time>
        <hdop>10.2</hdop>
        <extensions>
          <osmand:speed>0.2</osmand:speed>
        </extensions>
      </trkpt>
      <trkpt lat="47.2499971" lon="9.3422661">
        <ele>2432.4</ele>
        <time>2026-09-03T09:45:54Z</time>
        <hdop>10.2</hdop>
        <extensions>
          <osmand:speed>0.1</osmand:speed>
        </extensions>
      </trkpt>
      <trkpt lat="47.2499797" lon="9.3422765">
        <ele>2435.4</ele>
        <time>2026-09-03T09:46:12Z</time>
        <hdop>6.1</hdop>
        <extensions>
          <osmand:speed>0.5</osmand:speed>
        </extensions>
      </trkpt>
      <trkpt lat="47.2499944" lon="9.3422993">
        <ele>2439.4</ele>
        <time>2026-09-03T09:46:33Z</time>
        <hdop>6.6</hdop>
        <extensions>
          <osmand:speed>0.2</osmand:speed>
        </extensions>
      </trkpt>
      <trkpt lat="47.2499735" lon="9.3422997">
        <ele>2439.4</ele>
        <time>2026-09-03T09:46:39Z</time>
        <hdop>5.6</hdop>
        <extensions>
          <osmand:speed>0.2</osmand:speed>
        </extensions>
      </trkpt>
      <trkpt lat="47.2499614" lon="9.3423402">
        <ele>2438.4</ele>
        <time>2026-09-03T09:46:45Z</time>
        <hdop>6.6</hdop>
        <extensions>
          <osmand:speed>0.1</osmand:speed>
        </extensions>
      </trkpt>
      <trkpt lat="47.2499384" lon="9.3423327">
        <ele>2441.4</ele>
        <time>2026-09-03T09:47:11Z</time>
        <hdop>5.6</hdop>
        <extensions>
          <osmand:speed>0.8</osmand:speed>
        </extensions>
      </trkpt>
      <trkpt lat="47.2499428" lon="9.3423608">
        <ele>2442.4</ele>
        <time>2026-09-03T09:47:19Z</time>
        <hdop>5.1</hdop>
        <extensions>
          <osmand:speed>0.8</osmand:speed>
        </extensions>
      </trkpt>
      <trkpt lat="47.2499246" lon="9.3423661">
        <ele>2445.4</ele>
        <time>2026-09-03T09:47:39Z</time>
        <hdop>6.6</hdop>
        <extensions>
          <osmand:speed>0.5</osmand:speed>
        </extensions>
      </trkpt>
      <trkpt lat="47.2499235" lon="9.3423937">
        <ele>2445.4</ele>
        <time>2026-09-03T09:47:46Z</time>
        <hdop>7.1</hdop>
        <extensions>
          <osmand:speed>0.8</osmand:speed>
        </extensions>
      </trkpt>
      <trkpt lat="47.2499045" lon="9.3423771">
        <ele>2446.4</ele>
        <time>2026-09-03T09:47:56Z</time>
        <hdop>6.6</hdop>
        <extensions>
          <osmand:speed>0.4</osmand:speed>
        </extensions>
      </trkpt>
      <trkpt lat="47.249887" lon="9.3423839">
        <ele>2446.4</ele>
        <time>2026-09-03T09:48:03Z</time>
        <hdop>7.1</hdop>
        <extensions>
          <osmand:speed>0.1</osmand:speed>
        </extensions>
      </trkpt>
      <trkpt lat="47.2498703" lon="9.3424019">
        <ele>2447.4</ele>
        <time>2026-09-03T09:48:09Z</time>
        <hdop>5.1</hdop>
        <extensions>
          <osmand:speed>0.2</osmand:speed>
        </extensions>
      </trkpt>
      <trkpt lat="47.2498518" lon="9.3423837">
        <ele>2449.4</ele>
        <time>2026-09-03T09:49:08Z</time>
        <hdop>5.6</hdop>
        <extensions>
          <osmand:speed>0.1</osmand:speed>
        </extensions>
      </trkpt>
      <trkpt lat="47.2498709" lon="9.3423714">
        <ele>2448.4</ele>
        <time>2026-09-03T09:49:19Z</time>
        <hdop>8.7</hdop>
        <extensions>
          <osmand:speed>0.1</osmand:speed>
        </extensions>
      </trkpt>
      <trkpt lat="47.2498795" lon="9.3423992">
        <ele>2449.4</ele>
        <time>2026-09-03T09:50:11Z</time>
        <hdop>4.6</hdop>
        <extensions>
          <osmand:speed>0.1</osmand:speed>
        </extensions>
      </trkpt>
      <trkpt lat="47.2498794" lon="9.3424303">
        <ele>2449.4</ele>
        <time>2026-09-03T09:50:19Z</time>
        <hdop>5.1</hdop>
        <extensions>
          <osmand:speed>1</osmand:speed>
        </extensions>
      </trkpt>
      <trkpt lat="47.2498607" lon="9.3424229">
        <ele>2451.4</ele>
        <time>2026-09-03T09:50:26Z</time>
        <hdop>7.1</hdop>
        <extensions>
          <osmand:speed>0.6</osmand:speed>
        </extensions>
      </trkpt>
      <trkpt lat="47.2498329" lon="9.3424273">
        <ele>2452.4</ele>
        <time>2026-09-03T09:50:36Z</time>
        <hdop>7.7</hdop>
        <extensions>
          <osmand:speed>0.8</osmand:speed>
        </extensions>
      </trkpt>
      <trkpt lat="47.2498169" lon="9.3424122">
        <ele>2455.4</ele>
        <time>2026-09-03T09:50:43Z</time>
        <hdop>6.6</hdop>
        <extensions>
          <osmand:speed>0.2</osmand:speed>
        </extensions>
      </trkpt>
      <trkpt lat="47.2497917" lon="9.342393">
        <ele>2457.4</ele>
        <time>2026-09-03T09:51:01Z</time>
        <hdop>6.1</hdop>
        <extensions>
          <osmand:speed>0.9</osmand:speed>
        </extensions>
      </trkpt>
      <trkpt lat="47.2497714" lon="9.342399">
        <ele>2459.4</ele>
        <time>2026-09-03T09:51:08Z</time>
        <hdop>5.6</hdop>
        <extensions>
          <osmand:speed>0.4</osmand:speed>
        </extensions>
      </trkpt>
      <trkpt lat="47.2497534" lon="9.3423834">
        <ele>2460.4</ele>
        <time>2026-09-03T09:51:14Z</time>
        <hdop>5.6</hdop>
        <extensions>
          <osmand:speed>0.4</osmand:speed>
        </extensions>
      </trkpt>
      <trkpt lat="47.2497192" lon="9.342415">
        <ele>2461.4</ele>
        <time>2026-09-03T09:51:20Z</time>
        <hdop>5.1</hdop>
        <extensions>
          <osmand:speed>1</osmand:speed>
        </extensions>
      </trkpt>
      <trkpt lat="47.2496891" lon="9.3424097">
        <ele>2461.4</ele>
        <time>2026-09-03T09:51:26Z</time>
        <hdop>5.6</hdop>
        <extensions>
          <osmand:speed>0.4</osmand:speed>
        </extensions>
      </trkpt>
      <trkpt lat="47.2496487" lon="9.3424074">
        <ele>2462.4</ele>
        <time>2026-09-03T09:51:32Z</time>
        <hdop>10.2</hdop>
        <extensions>
          <osmand:speed>0.5</osmand:speed>
        </extensions>
      </trkpt>
      <trkpt lat="47.2496188" lon="9.3423906">
        <ele>2463.4</ele>
        <time>2026-09-03T09:51:38Z</time>
        <hdop>9.2</hdop>
        <extensions>
          <osmand:speed>0.3</osmand:speed>
        </extensions>
      </trkpt>
      <trkpt lat="47.2495966" lon="9.3423881">
        <ele>2464.4</ele>
        <time>2026-09-03T09:51:44Z</time>
        <hdop>10.2</hdop>
        <extensions>
          <osmand:speed>0.9</osmand:speed>
        </extensions>
      </trkpt>
      <trkpt lat="47.2495403" lon="9.3423893">
        <ele>2464.4</ele>
        <time>2026-09-03T09:51:50Z</time>
        <hdop>8.7</hdop>
        <extensions>
          <osmand:speed>1</osmand:speed>
        </extensions>
      </trkpt>
      <trkpt lat="47.2495083" lon="9.3424108">
        <ele>2464.4</ele>
        <time>2026-09-03T09:51:57Z</time>
        <hdop>14.8</hdop>
        <extensions>
          <osmand:speed>0.8</osmand:speed>
        </extensions>
      </trkpt>
      <trkpt lat="47.2489587" lon="9.3427658">
        <ele>2472.4</ele>
        <time>2026-09-03T09:53:33Z</time>
        <hdop>13.8</hdop>
      </trkpt>
      <trkpt lat="47.2489275" lon="9.3428221">
        <ele>2472.4</ele>
        <time>2026-09-03T09:53:39Z</time>
        <hdop>12.2</hdop>
        <extensions>
          <osmand:speed>0.9</osmand:speed>
        </extensions>
      </trkpt>
      <trkpt lat="47.2489087" lon="9.3428464">
        <ele>2475.4</ele>
        <time>2026-09-03T09:53:45Z</time>
        <hdop>7.7</hdop>
        <extensions>
          <osmand:speed>0.6</osmand:speed>
        </extensions>
      </trkpt>
      <trkpt lat="47.2488923" lon="9.3429104">
        <ele>2475.4</ele>
        <time>2026-09-03T09:53:51Z</time>
        <hdop>8.7</hdop>
        <extensions>
          <osmand:speed>0.6</osmand:speed>
        </extensions>
      </trkpt>
      <trkpt lat="47.2488947" lon="9.3429646">
        <ele>2474.4</ele>
        <time>2026-09-03T09:53:57Z</time>
        <hdop>8.2</hdop>
        <extensions>
          <osmand:speed>0.3</osmand:speed>
        </extensions>
      </trkpt>
      <trkpt lat="47.2488864" lon="9.3430173">
        <ele>2472.4</ele>
        <time>2026-09-03T09:54:03Z</time>
        <hdop>6.6</hdop>
        <extensions>
          <osmand:speed>0.2</osmand:speed>
        </extensions>
      </trkpt>
      <trkpt lat="47.2488971" lon="9.3429861">
        <ele>2473.4</ele>
        <time>2026-09-03T09:54:09Z</time>
        <hdop>5.6</hdop>
        <extensions>
          <osmand:speed>0.2</osmand:speed>
        </extensions>
      </trkpt>
      <trkpt lat="47.2489198" lon="9.3430381">
        <ele>2473.4</ele>
        <time>2026-09-03T09:54:15Z</time>
        <hdop>6.1</hdop>
        <extensions>
          <osmand:speed>0.5</osmand:speed>
        </extensions>
      </trkpt>
      <trkpt lat="47.248933" lon="9.34302">
        <ele>2472.4</ele>
        <time>2026-09-03T09:54:23Z</time>
        <hdop>5.1</hdop>
        <extensions>
          <osmand:speed>0.3</osmand:speed>
        </extensions>
      </trkpt>
      <trkpt lat="47.2489395" lon="9.3429945">
        <ele>2473.4</ele>
        <time>2026-09-03T09:54:29Z</time>
        <hdop>5.1</hdop>
        <extensions>
          <osmand:speed>0.7</osmand:speed>
        </extensions>
      </trkpt>
      <trkpt lat="47.2489561" lon="9.3430103">
        <ele>2475.4</ele>
        <time>2026-09-03T09:54:35Z</time>
        <hdop>5.1</hdop>
        <extensions>
          <osmand:speed>0.1</osmand:speed>
        </extensions>
      </trkpt>
      <trkpt lat="47.2489627" lon="9.343039">
        <ele>2477.4</ele>
        <time>2026-09-03T09:54:42Z</time>
        <hdop>5.6</hdop>
        <extensions>
          <osmand:speed>0.7</osmand:speed>
        </extensions>
      </trkpt>
      <trkpt lat="47.2489632" lon="9.3430769">
        <ele>2477.4</ele>
        <time>2026-09-03T09:54:48Z</time>
        <hdop>6.1</hdop>
        <extensions>
          <osmand:speed>0.2</osmand:speed>
        </extensions>
      </trkpt>
      <trkpt lat="47.2489804" lon="9.3430895">
        <ele>2478.4</ele>
        <time>2026-09-03T09:54:54Z</time>
        <hdop>5.6</hdop>
        <extensions>
          <osmand:speed>0.3</osmand:speed>
        </extensions>
      </trkpt>
      <trkpt lat="47.2489927" lon="9.3430669">
        <ele>2480.4</ele>
        <time>2026-09-03T09:55:05Z</time>
        <hdop>5.1</hdop>
        <extensions>
          <osmand:speed>0.5</osmand:speed>
        </extensions>
      </trkpt>
      <trkpt lat="47.249016" lon="9.3430957">
        <ele>2481.4</ele>
        <time>2026-09-03T09:55:11Z</time>
        <hdop>5.1</hdop>
        <extensions>
          <osmand:speed>0.5</osmand:speed>
        </extensions>
      </trkpt>
      <trkpt lat="47.2490295" lon="9.3431551">
        <ele>2483.4</ele>
        <time>2026-09-03T09:55:17Z</time>
        <hdop>5.1</hdop>
        <extensions>
          <osmand:speed>0.9</osmand:speed>
        </extensions>
      </trkpt>
      <trkpt lat="47.2490423" lon="9.343179">
        <ele>2483.4</ele>
        <time>2026-09-03T09:55:23Z</time>
        <hdop>5.6</hdop>
        <extensions>
          <osmand:speed>0.4</osmand:speed>
        </extensions>
      </trkpt>
      <trkpt lat="47.2490621" lon="9.3431582">
        <ele>2483.4</ele>
        <time>2026-09-03T09:55:30Z</time>
        <hdop>5.6</hdop>
        <extensions>
          <osmand:speed>0.3</osmand:speed>
        </extensions>
      </trkpt>
      <trkpt lat="47.2490723" lon="9.3431216">
        <ele>2484.4</ele>
        <time>2026-09-03T09:55:36Z</time>
        <hdop>4.6</hdop>
        <extensions>
          <osmand:speed>0.7</osmand:speed>
        </extensions>
      </trkpt>
      <trkpt lat="47.2491137" lon="9.3431464">
        <ele>2484.4</ele>
        <time>2026-09-03T09:55:42Z</time>
        <hdop>4.6</hdop>
        <extensions>
          <osmand:speed>0.7</osmand:speed>
        </extensions>
      </trkpt>
      <trkpt lat="47.2491315" lon="9.3431356">
        <ele>2489.4</ele>
        <time>2026-09-03T09:55:57Z</time>
        <hdop>5.1</hdop>
        <extensions>
          <osmand:speed>0.4</osmand:speed>
        </extensions>
      </trkpt>
      <trkpt lat="47.2491512" lon="9.3431575">
        <ele>2490.4</ele>
        <time>2026-09-03T09:56:05Z</time>
        <hdop>5.6</hdop>
        <extensions>
          <osmand:speed>0.7</osmand:speed>
        </extensions>
      </trkpt>
      <trkpt lat="47.2491706" lon="9.3431739">
        <ele>2491.4</ele>
        <time>2026-09-03T09:56:12Z</time>
        <hdop>5.1</hdop>
        <extensions>
          <osmand:speed>0.8</osmand:speed>
        </extensions>
      </trkpt>
      <trkpt lat="47.2492058" lon="9.3431933">
        <ele>2492.4</ele>
        <time>2026-09-03T09:56:18Z</time>
        <hdop>5.1</hdop>
        <extensions>
          <osmand:speed>0.8</osmand:speed>
        </extensions>
      </trkpt>
      <trkpt lat="47.2492408" lon="9.3432451">
        <ele>2493.4</ele>
        <time>2026-09-03T09:56:24Z</time>
        <hdop>5.1</hdop>
        <extensions>
          <osmand:speed>1</osmand:speed>
        </extensions>
      </trkpt>
      <trkpt lat="47.2492781" lon="9.3433223">
        <ele>2494.4</ele>
        <time>2026-09-03T09:56:30Z</time>
        <hdop>5.6</hdop>
        <extensions>
          <osmand:speed>1.3</osmand:speed>
        </extensions>
      </trkpt>
      <trkpt lat="47.2492928" lon="9.3433446">
        <ele>2494.4</ele>
        <time>2026-09-03T09:56:36Z</time>
        <hdop>6.6</hdop>
        <extensions>
          <osmand:speed>0.3</osmand:speed>
        </extensions>
      </trkpt>
      <trkpt lat="47.2492921" lon="9.3433141">
        <ele>2496.4</ele>
        <time>2026-09-03T09:56:46Z</time>
        <hdop>4.1</hdop>
        <extensions>
          <osmand:speed>1.1</osmand:speed>
        </extensions>
      </trkpt>
      <trkpt lat="47.2492804" lon="9.343248">
        <ele>2496.4</ele>
        <time>2026-09-03T09:56:52Z</time>
        <hdop>4.6</hdop>
        <extensions>
          <osmand:speed>1.4</osmand:speed>
        </extensions>
      </trkpt>
      <trkpt lat="47.2493119" lon="9.3432167">
        <ele>2496.4</ele>
        <time>2026-09-03T09:56:58Z</time>
        <hdop>5.1</hdop>
        <extensions>
          <osmand:speed>0.8</osmand:speed>
        </extensions>
      </trkpt>
      <trkpt lat="47.2493337" lon="9.3432231">
        <ele>2498.4</ele>
        <time>2026-09-03T09:57:04Z</time>
        <hdop>5.1</hdop>
        <extensions>
          <osmand:speed>1.1</osmand:speed>
        </extensions>
      </trkpt>
      <trkpt lat="47.2493573" lon="9.343266">
        <ele>2500.4</ele>
        <time>2026-09-03T09:57:10Z</time>
        <hdop>5.1</hdop>
        <extensions>
          <osmand:speed>1.1</osmand:speed>
        </extensions>
      </trkpt>
      <trkpt lat="47.2493938" lon="9.3433268">
        <ele>2500.4</ele>
        <time>2026-09-03T09:57:16Z</time>
        <hdop>5.1</hdop>
        <extensions>
          <osmand:speed>0.6</osmand:speed>
        </extensions>
      </trkpt>
      <trkpt lat="47.2494171" lon="9.3433875">
        <ele>2501.4</ele>
        <time>2026-09-03T09:57:22Z</time>
        <hdop>4.6</hdop>
        <extensions>
          <osmand:speed>0.6</osmand:speed>
        </extensions>
      </trkpt>
      <trkpt lat="47.2494317" lon="9.3434593">
        <ele>2502.4</ele>
        <time>2026-09-03T09:57:28Z</time>
        <hdop>4.6</hdop>
        <extensions>
          <osmand:speed>0.5</osmand:speed>
        </extensions>
      </trkpt>
      <trkpt lat="47.2494161" lon="9.3434785">
        <ele>2503.4</ele>
        <time>2026-09-03T09:57:37Z</time>
        <hdop>5.1</hdop>
        <extensions>
          <osmand:speed>0.3</osmand:speed>
        </extensions>
      </trkpt>
      <trkpt lat="47.249441" lon="9.3434989">
        <ele>2502.4</ele>
        <time>2026-09-03T09:57:43Z</time>
        <hdop>6.1</hdop>
        <extensions>
          <osmand:speed>0.8</osmand:speed>
        </extensions>
      </trkpt>
      <trkpt lat="47.2494555" lon="9.3435319">
        <ele>2503.4</ele>
        <time>2026-09-03T09:57:49Z</time>
        <hdop>0.5</hdop>
      </trkpt>
      <trkpt lat="47.2494456" lon="9.3434939">
        <ele>2503.4</ele>
        <time>2026-09-03T09:58:07Z</time>
        <hdop>3.1</hdop>
        <extensions>
          <osmand:speed>3.4</osmand:speed>
        </extensions>
      </trkpt>
      <trkpt lat="47.2494376" lon="9.3435179">
        <ele>2502.4</ele>
        <time>2026-09-03T09:58:37Z</time>
        <hdop>5.1</hdop>
        <extensions>
          <osmand:speed>0.3</osmand:speed>
        </extensions>
      </trkpt>
      <trkpt lat="47.2494149" lon="9.3435311">
        <ele>2501.4</ele>
        <time>2026-09-03T09:59:16Z</time>
        <hdop>3.6</hdop>
        <extensions>
          <osmand:speed>1</osmand:speed>
        </extensions>
      </trkpt>
      <trkpt lat="47.2494141" lon="9.3435008">
        <ele>2500.4</ele>
        <time>2026-09-03T10:00:11Z</time>
        <hdop>6.1</hdop>
        <extensions>
          <osmand:speed>0.5</osmand:speed>
        </extensions>
      </trkpt>
      <trkpt lat="47.2494038" lon="9.3434541">
        <ele>2500.4</ele>
        <time>2026-09-03T10:00:17Z</time>
        <hdop>7.7</hdop>
        <extensions>
          <osmand:speed>0.6</osmand:speed>
        </extensions>
      </trkpt>
      <trkpt lat="47.2494157" lon="9.343378">
        <ele>2500.4</ele>
        <time>2026-09-03T10:00:23Z</time>
        <hdop>8.2</hdop>
        <extensions>
          <osmand:speed>0.8</osmand:speed>
        </extensions>
      </trkpt>
      <trkpt lat="47.249431" lon="9.3432884">
        <ele>2500.4</ele>
        <time>2026-09-03T10:00:29Z</time>
        <hdop>9.2</hdop>
        <extensions>
          <osmand:speed>0.7</osmand:speed>
        </extensions>
      </trkpt>
      <trkpt lat="47.2494509" lon="9.3432756">
        <ele>2501.4</ele>
        <time>2026-09-03T10:00:35Z</time>
        <hdop>9.7</hdop>
        <extensions>
          <osmand:speed>0.2</osmand:speed>
        </extensions>
      </trkpt>
      <trkpt lat="47.2494288" lon="9.3432712">
        <ele>2501.4</ele>
        <time>2026-09-03T10:00:41Z</time>
        <hdop>7.7</hdop>
        <extensions>
          <osmand:speed>1</osmand:speed>
        </extensions>
      </trkpt>
      <trkpt lat="47.2494287" lon="9.3432016">
        <ele>2502.4</ele>
        <time>2026-09-03T10:00:47Z</time>
        <hdop>9.7</hdop>
        <extensions>
          <osmand:speed>0.8</osmand:speed>
        </extensions>
      </trkpt>
      <trkpt lat="47.2494125" lon="9.3432199">
        <ele>2502.4</ele>
        <time>2026-09-03T10:01:04Z</time>
        <hdop>5.1</hdop>
        <extensions>
          <osmand:speed>0.5</osmand:speed>
        </extensions>
      </trkpt>
      <trkpt lat="47.2493927" lon="9.3432605">
        <ele>2501.4</ele>
        <time>2026-09-03T10:01:10Z</time>
        <hdop>6.1</hdop>
        <extensions>
          <osmand:speed>0.3</osmand:speed>
        </extensions>
      </trkpt>
      <trkpt lat="47.2494022" lon="9.3432837">
        <ele>2501.4</ele>
        <time>2026-09-03T10:01:17Z</time>
        <hdop>8.2</hdop>
        <extensions>
          <osmand:speed>0.3</osmand:speed>
        </extensions>
      </trkpt>
      <trkpt lat="47.2494114" lon="9.3433099">
        <ele>2501.4</ele>
        <time>2026-09-03T10:02:33Z</time>
        <hdop>4.6</hdop>
        <extensions>
          <osmand:speed>0.1</osmand:speed>
        </extensions>
      </trkpt>
      <trkpt lat="47.2493959" lon="9.3432831">
        <ele>2500.4</ele>
        <time>2026-09-03T10:02:51Z</time>
        <hdop>4.6</hdop>
        <extensions>
          <osmand:speed>0.1</osmand:speed>
        </extensions>
      </trkpt>
      <trkpt lat="47.2493927" lon="9.3433167">
        <ele>2500.4</ele>
        <time>2026-09-03T10:02:57Z</time>
        <hdop>4.1</hdop>
        <extensions>
          <osmand:speed>0.6</osmand:speed>
        </extensions>
      </trkpt>
      <trkpt lat="47.2493869" lon="9.3433761">
        <ele>2501.4</ele>
        <time>2026-09-03T10:03:03Z</time>
        <hdop>7.7</hdop>
        <extensions>
          <osmand:speed>1.3</osmand:speed>
        </extensions>
      </trkpt>
      <trkpt lat="47.2493917" lon="9.3434416">
        <ele>2501.4</ele>
        <time>2026-09-03T10:03:09Z</time>
        <hdop>8.7</hdop>
        <extensions>
          <osmand:speed>0</osmand:speed>
        </extensions>
      </trkpt>
      <trkpt lat="47.2494" lon="9.3434838">
        <ele>2502.4</ele>
        <time>2026-09-03T10:03:15Z</time>
        <hdop>10.2</hdop>
        <extensions>
          <osmand:speed>1.1</osmand:speed>
        </extensions>
      </trkpt>
      <trkpt lat="47.2494131" lon="9.3435187">
        <ele>2502.4</ele>
        <time>2026-09-03T10:03:21Z</time>
        <hdop>8.2</hdop>
      </trkpt>
      <trkpt lat="47.2493938" lon="9.3435147">
        <ele>2502.4</ele>
        <time>2026-09-03T10:03:37Z</time>
        <hdop>4.6</hdop>
        <extensions>
          <osmand:speed>0.4</osmand:speed>
        </extensions>
      </trkpt>
      <trkpt lat="47.2493687" lon="9.343481">
        <ele>2503.4</ele>
        <time>2026-09-03T10:03:43Z</time>
        <hdop>5.6</hdop>
        <extensions>
          <osmand:speed>0.2</osmand:speed>
        </extensions>
      </trkpt>
      <trkpt lat="47.2493702" lon="9.3434532">
        <ele>2503.4</ele>
        <time>2026-09-03T10:03:49Z</time>
        <hdop>4.6</hdop>
      </trkpt>
      <trkpt lat="47.2493644" lon="9.3434272">
        <ele>2503.4</ele>
        <time>2026-09-03T10:03:56Z</time>
        <hdop>6.1</hdop>
        <extensions>
          <osmand:speed>0.3</osmand:speed>
        </extensions>
      </trkpt>
      <trkpt lat="47.2493504" lon="9.3434022">
        <ele>2502.4</ele>
        <time>2026-09-03T10:04:05Z</time>
        <hdop>6.1</hdop>
        <extensions>
          <osmand:speed>0.6</osmand:speed>
        </extensions>
      </trkpt>
      <trkpt lat="47.2493302" lon="9.3433435">
        <ele>2502.4</ele>
        <time>2026-09-03T10:04:11Z</time>
        <hdop>7.1</hdop>
        <extensions>
          <osmand:speed>0.5</osmand:speed>
        </extensions>
      </trkpt>
      <trkpt lat="47.2493213" lon="9.3432654">
        <ele>2502.4</ele>
        <time>2026-09-03T10:04:17Z</time>
        <hdop>8.2</hdop>
        <extensions>
          <osmand:speed>0.6</osmand:speed>
        </extensions>
      </trkpt>
      <trkpt lat="47.2492886" lon="9.3432324">
        <ele>2503.4</ele>
        <time>2026-09-03T10:04:23Z</time>
        <hdop>7.1</hdop>
        <extensions>
          <osmand:speed>0.4</osmand:speed>
        </extensions>
      </trkpt>
      <trkpt lat="47.2492697" lon="9.3432412">
        <ele>2502.4</ele>
        <time>2026-09-03T10:04:32Z</time>
        <hdop>6.6</hdop>
        <extensions>
          <osmand:speed>0.9</osmand:speed>
        </extensions>
      </trkpt>
      <trkpt lat="47.2492676" lon="9.3432138">
        <ele>2505.4</ele>
        <time>2026-09-03T10:04:38Z</time>
        <hdop>8.2</hdop>
        <extensions>
          <osmand:speed>0.4</osmand:speed>
        </extensions>
      </trkpt>
      <trkpt lat="47.2492946" lon="9.3432738">
        <ele>2506.4</ele>
        <time>2026-09-03T10:04:44Z</time>
        <hdop>8.2</hdop>
        <extensions>
          <osmand:speed>0.9</osmand:speed>
        </extensions>
      </trkpt>
      <trkpt lat="47.2493031" lon="9.3433283">
        <ele>2504.4</ele>
        <time>2026-09-03T10:04:50Z</time>
        <hdop>9.2</hdop>
        <extensions>
          <osmand:speed>0.7</osmand:speed>
        </extensions>
      </trkpt>
      <trkpt lat="47.2493311" lon="9.3433651">
        <ele>2502.4</ele>
        <time>2026-09-03T10:04:56Z</time>
        <hdop>5.6</hdop>
        <extensions>
          <osmand:speed>0.8</osmand:speed>
        </extensions>
      </trkpt>
      <trkpt lat="47.2493344" lon="9.3434255">
        <ele>2499.4</ele>
        <time>2026-09-03T10:05:02Z</time>
        <hdop>6.6</hdop>
        <extensions>
          <osmand:speed>0.8</osmand:speed>
        </extensions>
      </trkpt>
      <trkpt lat="47.2493462" lon="9.3434752">
        <ele>2498.4</ele>
        <time>2026-09-03T10:05:08Z</time>
        <hdop>6.6</hdop>
        <extensions>
          <osmand:speed>0.9</osmand:speed>
        </extensions>
      </trkpt>
      <trkpt lat="47.2493566" lon="9.3435042">
        <ele>2497.4</ele>
        <time>2026-09-03T10:05:14Z</time>
        <hdop>6.6</hdop>
        <extensions>
          <osmand:speed>0.1</osmand:speed>
        </extensions>
      </trkpt>
      <trkpt lat="47.2493739" lon="9.3435263">
        <ele>2498.4</ele>
        <time>2026-09-03T10:05:22Z</time>
        <hdop>6.1</hdop>
        <extensions>
          <osmand:speed>0.4</osmand:speed>
        </extensions>
      </trkpt>
      <trkpt lat="47.2494044" lon="9.3435391">
        <ele>2498.4</ele>
        <time>2026-09-03T10:05:28Z</time>
        <hdop>8.2</hdop>
        <extensions>
          <osmand:speed>0</osmand:speed>
        </extensions>
      </trkpt>
      <trkpt lat="47.2493978" lon="9.3435729">
        <ele>2495.4</ele>
        <time>2026-09-03T10:05:41Z</time>
        <hdop>8.2</hdop>
        <extensions>
          <osmand:speed>0.7</osmand:speed>
        </extensions>
      </trkpt>
      <trkpt lat="47.2494187" lon="9.3436305">
        <ele>2495.4</ele>
        <time>2026-09-03T10:06:28Z</time>
        <hdop>6.1</hdop>
        <extensions>
          <osmand:speed>6.2</osmand:speed>
        </extensions>
      </trkpt>
      <trkpt lat="47.2494151" lon="9.3436007">
        <ele>2496.4</ele>
        <time>2026-09-03T10:07:10Z</time>
        <hdop>14.8</hdop>
        <extensions>
          <osmand:speed>0</osmand:speed>
        </extensions>
      </trkpt>
      <trkpt lat="47.2494115" lon="9.3435725">
        <ele>2495.4</ele>
        <time>2026-09-03T10:07:45Z</time>
        <hdop>14.8</hdop>
        <extensions>
          <osmand:speed>0.1</osmand:speed>
        </extensions>
      </trkpt>
      <trkpt lat="47.2494076" lon="9.3435455">
        <ele>2495.4</ele>
        <time>2026-09-03T10:08:24Z</time>
        <hdop>14.8</hdop>
        <extensions>
          <osmand:speed>0.2</osmand:speed>
        </extensions>
      </trkpt>
      <trkpt lat="47.2493981" lon="9.3435226">
        <ele>2496.4</ele>
        <time>2026-09-03T10:08:56Z</time>
        <hdop>10.7</hdop>
      </trkpt>
      <trkpt lat="47.2493863" lon="9.3435022">
        <ele>2495.4</ele>
        <time>2026-09-03T10:10:21Z</time>
        <hdop>13.3</hdop>
        <extensions>
          <osmand:speed>0</osmand:speed>
        </extensions>
      </trkpt>
      <trkpt lat="47.2493854" lon="9.3435291">
        <ele>2493.4</ele>
        <time>2026-09-03T10:14:53Z</time>
        <hdop>6.1</hdop>
      </trkpt>
      <trkpt lat="47.249384" lon="9.3435646">
        <ele>2492.4</ele>
        <time>2026-09-03T10:14:59Z</time>
        <hdop>10.7</hdop>
        <extensions>
          <osmand:speed>0.1</osmand:speed>
        </extensions>
      </trkpt>
      <trkpt lat="47.2493993" lon="9.3435452">
        <ele>2492.4</ele>
        <time>2026-09-03T10:15:12Z</time>
        <hdop>10.2</hdop>
        <extensions>
          <osmand:speed>0.4</osmand:speed>
        </extensions>
      </trkpt>
      <trkpt lat="47.2494128" lon="9.343566">
        <ele>2493.4</ele>
        <time>2026-09-03T10:15:34Z</time>
        <hdop>8.7</hdop>
        <extensions>
          <osmand:speed>0.1</osmand:speed>
        </extensions>
      </trkpt>
      <trkpt lat="47.2493925" lon="9.3435772">
        <ele>2493.4</ele>
        <time>2026-09-03T10:15:40Z</time>
        <hdop>9.7</hdop>
        <extensions>
          <osmand:speed>0.1</osmand:speed>
        </extensions>
      </trkpt>
      <trkpt lat="47.2494157" lon="9.3435862">
        <ele>2494.4</ele>
        <time>2026-09-03T10:15:46Z</time>
        <hdop>12.2</hdop>
        <extensions>
          <osmand:speed>0.7</osmand:speed>
        </extensions>
      </trkpt>
      <trkpt lat="47.2494355" lon="9.343602">
        <ele>2493.4</ele>
        <time>2026-09-03T10:15:55Z</time>
        <hdop>10.7</hdop>
        <extensions>
          <osmand:speed>0.6</osmand:speed>
        </extensions>
      </trkpt>
      <trkpt lat="47.2494464" lon="9.3436248">
        <ele>2494.4</ele>
        <time>2026-09-03T10:16:01Z</time>
        <hdop>14.3</hdop>
        <extensions>
          <osmand:speed>0.1</osmand:speed>
        </extensions>
      </trkpt>
      <trkpt lat="47.2494265" lon="9.343638">
        <ele>2494.4</ele>
        <time>2026-09-03T10:16:14Z</time>
        <hdop>13.8</hdop>
        <extensions>
          <osmand:speed>0.3</osmand:speed>
        </extensions>
      </trkpt>
      <trkpt lat="47.2494448" lon="9.3436691">
        <ele>2493.4</ele>
        <time>2026-09-03T10:16:20Z</time>
        <hdop>11.2</hdop>
        <extensions>
          <osmand:speed>0</osmand:speed>
        </extensions>
      </trkpt>
      <trkpt lat="47.2494622" lon="9.34368">
        <ele>2492.4</ele>
        <time>2026-09-03T10:16:46Z</time>
        <hdop>10.7</hdop>
        <extensions>
          <osmand:speed>0.6</osmand:speed>
        </extensions>
      </trkpt>
      <trkpt lat="47.2494812" lon="9.343693">
        <ele>2490.4</ele>
        <time>2026-09-03T10:16:52Z</time>
        <hdop>10.7</hdop>
        <extensions>
          <osmand:speed>0.4</osmand:speed>
        </extensions>
      </trkpt>
      <trkpt lat="47.2494887" lon="9.3437203">
        <ele>2486.4</ele>
        <time>2026-09-03T10:17:00Z</time>
        <hdop>9.2</hdop>
        <extensions>
          <osmand:speed>0.5</osmand:speed>
        </extensions>
      </trkpt>
      <trkpt lat="47.2495052" lon="9.3437363">
        <ele>2485.4</ele>
        <time>2026-09-03T10:17:06Z</time>
        <hdop>8.2</hdop>
        <extensions>
          <osmand:speed>0.5</osmand:speed>
        </extensions>
      </trkpt>
      <trkpt lat="47.2495199" lon="9.3437695">
        <ele>2484.4</ele>
        <time>2026-09-03T10:17:12Z</time>
        <hdop>9.7</hdop>
        <extensions>
          <osmand:speed>0.3</osmand:speed>
        </extensions>
      </trkpt>
      <trkpt lat="47.2495418" lon="9.3437802">
        <ele>2484.4</ele>
        <time>2026-09-03T10:17:19Z</time>
        <hdop>6.6</hdop>
        <extensions>
          <osmand:speed>0.7</osmand:speed>
        </extensions>
      </trkpt>
      <trkpt lat="47.2495727" lon="9.3438242">
        <ele>2483.4</ele>
        <time>2026-09-03T10:17:25Z</time>
        <hdop>8.2</hdop>
        <extensions>
          <osmand:speed>0.6</osmand:speed>
        </extensions>
      </trkpt>
      <trkpt lat="47.2496089" lon="9.3438898">
        <ele>2482.4</ele>
        <time>2026-09-03T10:17:31Z</time>
        <hdop>8.7</hdop>
        <extensions>
          <osmand:speed>0.9</osmand:speed>
        </extensions>
      </trkpt>
      <trkpt lat="47.2496383" lon="9.3439296">
        <ele>2480.4</ele>
        <time>2026-09-03T10:17:37Z</time>
        <hdop>10.2</hdop>
        <extensions>
          <osmand:speed>0.8</osmand:speed>
        </extensions>
      </trkpt>
      <trkpt lat="47.2496689" lon="9.3439602">
        <ele>2478.4</ele>
        <time>2026-09-03T10:17:43Z</time>
        <hdop>8.2</hdop>
        <extensions>
          <osmand:speed>1.1</osmand:speed>
        </extensions>
      </trkpt>
      <trkpt lat="47.2496998" lon="9.3439952">
        <ele>2476.4</ele>
        <time>2026-09-03T10:17:49Z</time>
        <hdop>5.6</hdop>
        <extensions>
          <osmand:speed>1</osmand:speed>
        </extensions>
      </trkpt>
      <trkpt lat="47.2497427" lon="9.3440534">
        <ele>2476.4</ele>
        <time>2026-09-03T10:17:55Z</time>
        <hdop>7.7</hdop>
        <extensions>
          <osmand:speed>1.1</osmand:speed>
        </extensions>
      </trkpt>
      <trkpt lat="47.2497667" lon="9.3441075">
        <ele>2475.4</ele>
        <time>2026-09-03T10:18:01Z</time>
        <hdop>8.2</hdop>
        <extensions>
          <osmand:speed>0.7</osmand:speed>
        </extensions>
      </trkpt>
      <trkpt lat="47.2497823" lon="9.3441448">
        <ele>2475.4</ele>
        <time>2026-09-03T10:18:07Z</time>
        <hdop>7.1</hdop>
        <extensions>
          <osmand:speed>0</osmand:speed>
        </extensions>
      </trkpt>
      <trkpt lat="47.2497829" lon="9.3441714">
        <ele>2471.4</ele>
        <time>2026-09-03T10:18:25Z</time>
        <hdop>6.6</hdop>
        <extensions>
          <osmand:speed>0.2</osmand:speed>
        </extensions>
      </trkpt>
      <trkpt lat="47.249775" lon="9.3441442">
        <ele>2471.4</ele>
        <time>2026-09-03T10:18:50Z</time>
        <hdop>7.7</hdop>
        <extensions>
          <osmand:speed>1</osmand:speed>
        </extensions>
      </trkpt>
      <trkpt lat="47.249741" lon="9.3441003">
        <ele>2472.4</ele>
        <time>2026-09-03T10:18:56Z</time>
        <hdop>7.1</hdop>
        <extensions>
          <osmand:speed>0.7</osmand:speed>
        </extensions>
      </trkpt>
      <trkpt lat="47.2497406" lon="9.3441291">
        <ele>2472.4</ele>
        <time>2026-09-03T10:19:03Z</time>
        <hdop>6.1</hdop>
        <extensions>
          <osmand:speed>1.1</osmand:speed>
        </extensions>
      </trkpt>
      <trkpt lat="47.2497528" lon="9.3442099">
        <ele>2471.4</ele>
        <time>2026-09-03T10:19:09Z</time>
        <hdop>5.6</hdop>
        <extensions>
          <osmand:speed>0.7</osmand:speed>
        </extensions>
      </trkpt>
      <trkpt lat="47.2497412" lon="9.3442576">
        <ele>2471.4</ele>
        <time>2026-09-03T10:19:15Z</time>
        <hdop>6.6</hdop>
        <extensions>
          <osmand:speed>0.7</osmand:speed>
        </extensions>
      </trkpt>
      <trkpt lat="47.2497304" lon="9.3443018">
        <ele>2469.4</ele>
        <time>2026-09-03T10:19:21Z</time>
        <hdop>7.1</hdop>
        <extensions>
          <osmand:speed>0.3</osmand:speed>
        </extensions>
      </trkpt>
      <trkpt lat="47.2497355" lon="9.3443519">
        <ele>2468.4</ele>
        <time>2026-09-03T10:19:27Z</time>
        <hdop>8.7</hdop>
        <extensions>
          <osmand:speed>0.6</osmand:speed>
        </extensions>
      </trkpt>
      <trkpt lat="47.2497547" lon="9.3443803">
        <ele>2467.4</ele>
        <time>2026-09-03T10:19:33Z</time>
        <hdop>8.2</hdop>
        <extensions>
          <osmand:speed>0.6</osmand:speed>
        </extensions>
      </trkpt>
      <trkpt lat="47.2497546" lon="9.3444109">
        <ele>2466.4</ele>
        <time>2026-09-03T10:19:45Z</time>
        <hdop>9.2</hdop>
        <extensions>
          <osmand:speed>0.7</osmand:speed>
        </extensions>
      </trkpt>
      <trkpt lat="47.2497737" lon="9.3444265">
        <ele>2467.4</ele>
        <time>2026-09-03T10:19:51Z</time>
        <hdop>10.7</hdop>
        <extensions>
          <osmand:speed>0.1</osmand:speed>
        </extensions>
      </trkpt>
      <trkpt lat="47.2497323" lon="9.3444932">
        <ele>2466.4</ele>
        <time>2026-09-03T10:19:57Z</time>
        <hdop>10.2</hdop>
        <extensions>
          <osmand:speed>0.9</osmand:speed>
        </extensions>
      </trkpt>
      <trkpt lat="47.2496791" lon="9.3445373">
        <ele>2465.4</ele>
        <time>2026-09-03T10:20:03Z</time>
        <hdop>7.1</hdop>
        <extensions>
          <osmand:speed>1.1</osmand:speed>
        </extensions>
      </trkpt>
      <trkpt lat="47.2496579" lon="9.3445938">
        <ele>2465.4</ele>
        <time>2026-09-03T10:20:09Z</time>
        <hdop>5.1</hdop>
        <extensions>
          <osmand:speed>0.7</osmand:speed>
        </extensions>
      </trkpt>
      <trkpt lat="47.249646" lon="9.344614">
        <ele>2465.4</ele>
        <time>2026-09-03T10:20:15Z</time>
        <hdop>4.6</hdop>
        <extensions>
          <osmand:speed>0</osmand:speed>
        </extensions>
      </trkpt>
      <trkpt lat="47.2496214" lon="9.3445918">
        <ele>2465.4</ele>
        <time>2026-09-03T10:20:37Z</time>
        <hdop>8.7</hdop>
        <extensions>
          <osmand:speed>0.9</osmand:speed>
        </extensions>
      </trkpt>
      <trkpt lat="47.2495991" lon="9.3445375">
        <ele>2464.4</ele>
        <time>2026-09-03T10:20:43Z</time>
        <hdop>7.7</hdop>
        <extensions>
          <osmand:speed>0.9</osmand:speed>
        </extensions>
      </trkpt>
      <trkpt lat="47.2495689" lon="9.3444697">
        <ele>2465.4</ele>
        <time>2026-09-03T10:20:49Z</time>
        <hdop>9.2</hdop>
        <extensions>
          <osmand:speed>0.8</osmand:speed>
        </extensions>
      </trkpt>
      <trkpt lat="47.2495268" lon="9.3443902">
        <ele>2465.4</ele>
        <time>2026-09-03T10:20:55Z</time>
        <hdop>8.7</hdop>
        <extensions>
          <osmand:speed>1.2</osmand:speed>
        </extensions>
      </trkpt>
      <trkpt lat="47.2494985" lon="9.3443073">
        <ele>2465.4</ele>
        <time>2026-09-03T10:21:01Z</time>
        <hdop>7.1</hdop>
        <extensions>
          <osmand:speed>1.2</osmand:speed>
        </extensions>
      </trkpt>
      <trkpt lat="47.2494677" lon="9.3442376">
        <ele>2464.4</ele>
        <time>2026-09-03T10:21:07Z</time>
        <hdop>8.2</hdop>
        <extensions>
          <osmand:speed>1.2</osmand:speed>
        </extensions>
      </trkpt>
      <trkpt lat="47.2494593" lon="9.3441586">
        <ele>2463.4</ele>
        <time>2026-09-03T10:21:13Z</time>
        <hdop>6.6</hdop>
        <extensions>
          <osmand:speed>0.6</osmand:speed>
        </extensions>
      </trkpt>
      <trkpt lat="47.2494755" lon="9.3440979">
        <ele>2462.4</ele>
        <time>2026-09-03T10:21:19Z</time>
        <hdop>8.2</hdop>
        <extensions>
          <osmand:speed>1.5</osmand:speed>
        </extensions>
      </trkpt>
      <trkpt lat="47.2494916" lon="9.3440701">
        <ele>2462.4</ele>
        <time>2026-09-03T10:21:25Z</time>
        <hdop>6.1</hdop>
      </trkpt>
      <trkpt lat="47.2494709" lon="9.3440473">
        <ele>2463.4</ele>
        <time>2026-09-03T10:21:36Z</time>
        <hdop>9.2</hdop>
        <extensions>
          <osmand:speed>0.7</osmand:speed>
        </extensions>
      </trkpt>
      <trkpt lat="47.2494427" lon="9.344032">
        <ele>2463.4</ele>
        <time>2026-09-03T10:21:42Z</time>
        <hdop>6.6</hdop>
        <extensions>
          <osmand:speed>0.3</osmand:speed>
        </extensions>
      </trkpt>
      <trkpt lat="47.2494093" lon="9.3440208">
        <ele>2463.4</ele>
        <time>2026-09-03T10:21:48Z</time>
        <hdop>5.6</hdop>
        <extensions>
          <osmand:speed>0.6</osmand:speed>
        </extensions>
      </trkpt>
      <trkpt lat="47.2493872" lon="9.3440138">
        <ele>2463.4</ele>
        <time>2026-09-03T10:21:54Z</time>
        <hdop>5.6</hdop>
        <extensions>
          <osmand:speed>0.6</osmand:speed>
        </extensions>
      </trkpt>
      <trkpt lat="47.2493413" lon="9.3439513">
        <ele>2461.4</ele>
        <time>2026-09-03T10:22:00Z</time>
        <hdop>5.6</hdop>
        <extensions>
          <osmand:speed>1.1</osmand:speed>
        </extensions>
      </trkpt>
      <trkpt lat="47.2493024" lon="9.343889">
        <ele>2461.4</ele>
        <time>2026-09-03T10:22:06Z</time>
        <hdop>6.1</hdop>
        <extensions>
          <osmand:speed>1</osmand:speed>
        </extensions>
      </trkpt>
      <trkpt lat="47.249273" lon="9.3438323">
        <ele>2459.4</ele>
        <time>2026-09-03T10:22:12Z</time>
        <hdop>7.1</hdop>
        <extensions>
          <osmand:speed>0.8</osmand:speed>
        </extensions>
      </trkpt>
      <trkpt lat="47.2492286" lon="9.343811">
        <ele>2459.4</ele>
        <time>2026-09-03T10:22:18Z</time>
        <hdop>7.1</hdop>
        <extensions>
          <osmand:speed>0.7</osmand:speed>
        </extensions>
      </trkpt>
      <trkpt lat="47.2491934" lon="9.3437981">
        <ele>2459.4</ele>
        <time>2026-09-03T10:22:24Z</time>
        <hdop>11.2</hdop>
        <extensions>
          <osmand:speed>0.8</osmand:speed>
        </extensions>
      </trkpt>
      <trkpt lat="47.2491587" lon="9.3437818">
        <ele>2459.4</ele>
        <time>2026-09-03T10:22:30Z</time>
        <hdop>9.7</hdop>
        <extensions>
          <osmand:speed>0.8</osmand:speed>
        </extensions>
      </trkpt>
      <trkpt lat="47.2491214" lon="9.3437882">
        <ele>2459.4</ele>
        <time>2026-09-03T10:22:36Z</time>
        <hdop>11.7</hdop>
        <extensions>
          <osmand:speed>1.1</osmand:speed>
        </extensions>
      </trkpt>
      <trkpt lat="47.2490782" lon="9.3438001">
        <ele>2458.4</ele>
        <time>2026-09-03T10:22:42Z</time>
        <hdop>7.7</hdop>
        <extensions>
          <osmand:speed>0.8</osmand:speed>
        </extensions>
      </trkpt>
      <trkpt lat="47.2490665" lon="9.3437793">
        <ele>2459.4</ele>
        <time>2026-09-03T10:22:49Z</time>
        <hdop>6.6</hdop>
        <extensions>
          <osmand:speed>0.7</osmand:speed>
        </extensions>
      </trkpt>
      <trkpt lat="47.2490437" lon="9.3437667">
        <ele>2458.4</ele>
        <time>2026-09-03T10:22:55Z</time>
        <hdop>7.1</hdop>
        <extensions>
          <osmand:speed>0.3</osmand:speed>
        </extensions>
      </trkpt>
      <trkpt lat="47.24902" lon="9.343781">
        <ele>2458.4</ele>
        <time>2026-09-03T10:23:01Z</time>
        <hdop>7.1</hdop>
        <extensions>
          <osmand:speed>0.3</osmand:speed>
        </extensions>
      </trkpt>
      <trkpt lat="47.248997" lon="9.3437738">
        <ele>2457.4</ele>
        <time>2026-09-03T10:23:07Z</time>
        <hdop>8.7</hdop>
        <extensions>
          <osmand:speed>0.5</osmand:speed>
        </extensions>
      </trkpt>
      <trkpt lat="47.248953" lon="9.3437678">
        <ele>2457.4</ele>
        <time>2026-09-03T10:23:13Z</time>
        <hdop>8.7</hdop>
        <extensions>
          <osmand:speed>0.6</osmand:speed>
        </extensions>
      </trkpt>
      <trkpt lat="47.248913" lon="9.3437333">
        <ele>2456.4</ele>
        <time>2026-09-03T10:23:19Z</time>
        <hdop>8.2</hdop>
        <extensions>
          <osmand:speed>0.7</osmand:speed>
        </extensions>
      </trkpt>
      <trkpt lat="47.2488681" lon="9.3437229">
        <ele>2456.4</ele>
        <time>2026-09-03T10:23:25Z</time>
        <hdop>8.7</hdop>
        <extensions>
          <osmand:speed>0.9</osmand:speed>
        </extensions>
      </trkpt>
      <trkpt lat="47.2488227" lon="9.3436968">
        <ele>2455.4</ele>
        <time>2026-09-03T10:23:31Z</time>
        <hdop>8.7</hdop>
        <extensions>
          <osmand:speed>0.8</osmand:speed>
        </extensions>
      </trkpt>
      <trkpt lat="47.2487879" lon="9.3436586">
        <ele>2453.4</ele>
        <time>2026-09-03T10:23:37Z</time>
        <hdop>9.7</hdop>
        <extensions>
          <osmand:speed>0.8</osmand:speed>
        </extensions>
      </trkpt>
      <trkpt lat="47.2487547" lon="9.3436301">
        <ele>2452.4</ele>
        <time>2026-09-03T10:23:43Z</time>
        <hdop>7.7</hdop>
        <extensions>
          <osmand:speed>0.6</osmand:speed>
        </extensions>
      </trkpt>
      <trkpt lat="47.2487175" lon="9.3436064">
        <ele>2450.4</ele>
        <time>2026-09-03T10:23:49Z</time>
        <hdop>6.6</hdop>
        <extensions>
          <osmand:speed>0.6</osmand:speed>
        </extensions>
      </trkpt>
      <trkpt lat="47.248685" lon="9.3435803">
        <ele>2450.4</ele>
        <time>2026-09-03T10:23:55Z</time>
        <hdop>7.1</hdop>
        <extensions>
          <osmand:speed>1.3</osmand:speed>
        </extensions>
      </trkpt>
      <trkpt lat="47.2486472" lon="9.3435287">
        <ele>2449.4</ele>
        <time>2026-09-03T10:24:01Z</time>
        <hdop>6.6</hdop>
        <extensions>
          <osmand:speed>0.4</osmand:speed>
        </extensions>
      </trkpt>
      <trkpt lat="47.2486287" lon="9.3434816">
        <ele>2448.4</ele>
        <time>2026-09-03T10:24:07Z</time>
        <hdop>7.7</hdop>
        <extensions>
          <osmand:speed>0.4</osmand:speed>
        </extensions>
      </trkpt>
      <trkpt lat="47.2486101" lon="9.3434562">
        <ele>2447.4</ele>
        <time>2026-09-03T10:24:13Z</time>
        <hdop>7.7</hdop>
        <extensions>
          <osmand:speed>0.5</osmand:speed>
        </extensions>
      </trkpt>
      <trkpt lat="47.2485875" lon="9.3434501">
        <ele>2443.4</ele>
        <time>2026-09-03T10:24:29Z</time>
        <hdop>5.6</hdop>
        <extensions>
          <osmand:speed>0.8</osmand:speed>
        </extensions>
      </trkpt>
      <trkpt lat="47.2485542" lon="9.343399">
        <ele>2443.4</ele>
        <time>2026-09-03T10:24:35Z</time>
        <hdop>6.6</hdop>
        <extensions>
          <osmand:speed>0.7</osmand:speed>
        </extensions>
      </trkpt>
      <trkpt lat="47.248519" lon="9.3433561">
        <ele>2442.4</ele>
        <time>2026-09-03T10:24:41Z</time>
        <hdop>9.2</hdop>
        <extensions>
          <osmand:speed>0.9</osmand:speed>
        </extensions>
      </trkpt>
      <trkpt lat="47.2484883" lon="9.3432951">
        <ele>2441.4</ele>
        <time>2026-09-03T10:24:47Z</time>
        <hdop>8.2</hdop>
        <extensions>
          <osmand:speed>0.6</osmand:speed>
        </extensions>
      </trkpt>
      <trkpt lat="47.2484722" lon="9.3432759">
        <ele>2442.4</ele>
        <time>2026-09-03T10:25:12Z</time>
        <hdop>8.2</hdop>
        <extensions>
          <osmand:speed>0.9</osmand:speed>
        </extensions>
      </trkpt>
      <trkpt lat="47.2484418" lon="9.3432739">
        <ele>2441.4</ele>
        <time>2026-09-03T10:25:18Z</time>
        <hdop>7.7</hdop>
        <extensions>
          <osmand:speed>0.7</osmand:speed>
        </extensions>
      </trkpt>
      <trkpt lat="47.2484314" lon="9.3432438">
        <ele>2440.4</ele>
        <time>2026-09-03T10:25:24Z</time>
        <hdop>6.6</hdop>
        <extensions>
          <osmand:speed>0.5</osmand:speed>
        </extensions>
      </trkpt>
      <trkpt lat="47.2484135" lon="9.3432499">
        <ele>2440.4</ele>
        <time>2026-09-03T10:25:30Z</time>
        <hdop>5.1</hdop>
        <extensions>
          <osmand:speed>0.4</osmand:speed>
        </extensions>
      </trkpt>
      <trkpt lat="47.2484032" lon="9.3432993">
        <ele>2440.4</ele>
        <time>2026-09-03T10:25:36Z</time>
        <hdop>4.6</hdop>
        <extensions>
          <osmand:speed>0.5</osmand:speed>
        </extensions>
      </trkpt>
      <trkpt lat="47.248388" lon="9.3433185">
        <ele>2439.4</ele>
        <time>2026-09-03T10:25:42Z</time>
        <hdop>5.6</hdop>
        <extensions>
          <osmand:speed>0.8</osmand:speed>
        </extensions>
      </trkpt>
      <trkpt lat="47.2483758" lon="9.3432981">
        <ele>2438.4</ele>
        <time>2026-09-03T10:25:48Z</time>
        <hdop>5.1</hdop>
        <extensions>
          <osmand:speed>0.6</osmand:speed>
        </extensions>
      </trkpt>
      <trkpt lat="47.2483799" lon="9.3433248">
        <ele>2436.4</ele>
        <time>2026-09-03T10:26:01Z</time>
        <hdop>4.6</hdop>
        <extensions>
          <osmand:speed>0</osmand:speed>
        </extensions>
      </trkpt>
      <trkpt lat="47.2483596" lon="9.3433431">
        <ele>2435.4</ele>
        <time>2026-09-03T10:26:08Z</time>
        <hdop>5.6</hdop>
        <extensions>
          <osmand:speed>0.5</osmand:speed>
        </extensions>
      </trkpt>
      <trkpt lat="47.2483338" lon="9.3433266">
        <ele>2433.4</ele>
        <time>2026-09-03T10:26:14Z</time>
        <hdop>5.6</hdop>
        <extensions>
          <osmand:speed>0.6</osmand:speed>
        </extensions>
      </trkpt>
      <trkpt lat="47.2483252" lon="9.3432826">
        <ele>2431.4</ele>
        <time>2026-09-03T10:26:20Z</time>
        <hdop>7.1</hdop>
        <extensions>
          <osmand:speed>0.2</osmand:speed>
        </extensions>
      </trkpt>
      <trkpt lat="47.2483074" lon="9.3433338">
        <ele>2431.4</ele>
        <time>2026-09-03T10:26:26Z</time>
        <hdop>5.6</hdop>
        <extensions>
          <osmand:speed>0.8</osmand:speed>
        </extensions>
      </trkpt>
      <trkpt lat="47.2482801" lon="9.3433884">
        <ele>2430.4</ele>
        <time>2026-09-03T10:26:32Z</time>
        <hdop>6.1</hdop>
        <extensions>
          <osmand:speed>1</osmand:speed>
        </extensions>
      </trkpt>
      <trkpt lat="47.2482426" lon="9.3434173">
        <ele>2429.4</ele>
        <time>2026-09-03T10:26:38Z</time>
        <hdop>6.6</hdop>
        <extensions>
          <osmand:speed>0.6</osmand:speed>
        </extensions>
      </trkpt>
      <trkpt lat="47.2482168" lon="9.3434087">
        <ele>2429.4</ele>
        <time>2026-09-03T10:26:44Z</time>
        <hdop>6.1</hdop>
      </trkpt>
      <trkpt lat="47.2481728" lon="9.343442">
        <ele>2430.4</ele>
        <time>2026-09-03T10:26:50Z</time>
        <hdop>9.7</hdop>
        <extensions>
          <osmand:speed>0.8</osmand:speed>
        </extensions>
      </trkpt>
      <trkpt lat="47.2481385" lon="9.3434462">
        <ele>2429.4</ele>
        <time>2026-09-03T10:26:56Z</time>
        <hdop>9.7</hdop>
        <extensions>
          <osmand:speed>0.4</osmand:speed>
        </extensions>
      </trkpt>
      <trkpt lat="47.2481106" lon="9.3434488">
        <ele>2428.4</ele>
        <time>2026-09-03T10:27:02Z</time>
        <hdop>8.2</hdop>
        <extensions>
          <osmand:speed>0.4</osmand:speed>
        </extensions>
      </trkpt>
      <trkpt lat="47.2480901" lon="9.3434298">
        <ele>2430.4</ele>
        <time>2026-09-03T10:27:41Z</time>
        <hdop>7.7</hdop>
        <extensions>
          <osmand:speed>0.5</osmand:speed>
        </extensions>
      </trkpt>
      <trkpt lat="47.2480675" lon="9.3434033">
        <ele>2429.4</ele>
        <time>2026-09-03T10:27:47Z</time>
        <hdop>8.7</hdop>
        <extensions>
          <osmand:speed>0.7</osmand:speed>
        </extensions>
      </trkpt>
      <trkpt lat="47.2480467" lon="9.3434047">
        <ele>2429.4</ele>
        <time>2026-09-03T10:27:54Z</time>
        <hdop>9.7</hdop>
        <extensions>
          <osmand:speed>0.5</osmand:speed>
        </extensions>
      </trkpt>
      <trkpt lat="47.2480088" lon="9.3434372">
        <ele>2430.4</ele>
        <time>2026-09-03T10:28:00Z</time>
        <hdop>10.2</hdop>
        <extensions>
          <osmand:speed>0.1</osmand:speed>
        </extensions>
      </trkpt>
      <trkpt lat="47.2479883" lon="9.3434408">
        <ele>2431.4</ele>
        <time>2026-09-03T10:28:08Z</time>
        <hdop>9.2</hdop>
        <extensions>
          <osmand:speed>0.3</osmand:speed>
        </extensions>
      </trkpt>
      <trkpt lat="47.2479679" lon="9.3434412">
        <ele>2434.4</ele>
        <time>2026-09-03T10:28:26Z</time>
        <hdop>12.8</hdop>
        <extensions>
          <osmand:speed>0.1</osmand:speed>
        </extensions>
      </trkpt>
      <trkpt lat="47.2479481" lon="9.3434341">
        <ele>2434.4</ele>
        <time>2026-09-03T10:28:35Z</time>
        <hdop>13.8</hdop>
        <extensions>
          <osmand:speed>0.2</osmand:speed>
        </extensions>
      </trkpt>
      <trkpt lat="47.247931" lon="9.343378">
        <ele>2434.4</ele>
        <time>2026-09-03T10:28:42Z</time>
        <hdop>12.8</hdop>
        <extensions>
          <osmand:speed>0.2</osmand:speed>
        </extensions>
      </trkpt>
      <trkpt lat="47.2479301" lon="9.3434085">
        <ele>2434.4</ele>
        <time>2026-09-03T10:28:56Z</time>
        <hdop>11.7</hdop>
        <extensions>
          <osmand:speed>0.3</osmand:speed>
        </extensions>
      </trkpt>
      <trkpt lat="47.2479491" lon="9.3434323">
        <ele>2433.4</ele>
        <time>2026-09-03T10:29:02Z</time>
        <hdop>13.8</hdop>
        <extensions>
          <osmand:speed>0.3</osmand:speed>
        </extensions>
      </trkpt>
      <trkpt lat="47.247933" lon="9.3434519">
        <ele>2434.4</ele>
        <time>2026-09-03T10:29:11Z</time>
        <hdop>11.7</hdop>
        <extensions>
          <osmand:speed>0.8</osmand:speed>
        </extensions>
      </trkpt>
      <trkpt lat="47.2479167" lon="9.3434752">
        <ele>2433.4</ele>
        <time>2026-09-03T10:29:17Z</time>
        <hdop>13.3</hdop>
        <extensions>
          <osmand:speed>0.4</osmand:speed>
        </extensions>
      </trkpt>
      <trkpt lat="47.2478937" lon="9.3434919">
        <ele>2434.4</ele>
        <time>2026-09-03T10:29:23Z</time>
        <hdop>14.8</hdop>
        <extensions>
          <osmand:speed>0.4</osmand:speed>
        </extensions>
      </trkpt>
      <trkpt lat="47.2478619" lon="9.3434961">
        <ele>2434.4</ele>
        <time>2026-09-03T10:29:29Z</time>
        <hdop>11.7</hdop>
        <extensions>
          <osmand:speed>0.8</osmand:speed>
        </extensions>
      </trkpt>
      <trkpt lat="47.2478523" lon="9.3435212">
        <ele>2435.4</ele>
        <time>2026-09-03T10:29:38Z</time>
        <hdop>11.2</hdop>
        <extensions>
          <osmand:speed>0.3</osmand:speed>
        </extensions>
      </trkpt>
      <trkpt lat="47.2478297" lon="9.3435375">
        <ele>2436.4</ele>
        <time>2026-09-03T10:29:44Z</time>
        <hdop>9.2</hdop>
        <extensions>
          <osmand:speed>0.1</osmand:speed>
        </extensions>
      </trkpt>
      <trkpt lat="47.2478442" lon="9.3435923">
        <ele>2440.4</ele>
        <time>2026-09-03T10:29:50Z</time>
        <hdop>9.7</hdop>
        <extensions>
          <osmand:speed>0.8</osmand:speed>
        </extensions>
      </trkpt>
      <trkpt lat="47.2478731" lon="9.343621">
        <ele>2444.4</ele>
        <time>2026-09-03T10:29:56Z</time>
        <hdop>6.6</hdop>
        <extensions>
          <osmand:speed>0.6</osmand:speed>
        </extensions>
      </trkpt>
      <trkpt lat="47.2478487" lon="9.3436581">
        <ele>2445.4</ele>
        <time>2026-09-03T10:30:02Z</time>
        <hdop>6.6</hdop>
        <extensions>
          <osmand:speed>0.4</osmand:speed>
        </extensions>
      </trkpt>
      <trkpt lat="47.2478276" lon="9.3436861">
        <ele>2445.4</ele>
        <time>2026-09-03T10:30:08Z</time>
        <hdop>6.6</hdop>
        <extensions>
          <osmand:speed>0.8</osmand:speed>
        </extensions>
      </trkpt>
      <trkpt lat="47.2478051" lon="9.3437032">
        <ele>2445.4</ele>
        <time>2026-09-03T10:30:14Z</time>
        <hdop>6.1</hdop>
        <extensions>
          <osmand:speed>0.7</osmand:speed>
        </extensions>
      </trkpt>
      <trkpt lat="47.2477722" lon="9.3437201">
        <ele>2443.4</ele>
        <time>2026-09-03T10:30:20Z</time>
        <hdop>6.1</hdop>
        <extensions>
          <osmand:speed>0.9</osmand:speed>
        </extensions>
      </trkpt>
      <trkpt lat="47.2477299" lon="9.343739">
        <ele>2442.4</ele>
        <time>2026-09-03T10:30:26Z</time>
        <hdop>4.6</hdop>
        <extensions>
          <osmand:speed>0.8</osmand:speed>
        </extensions>
      </trkpt>
      <trkpt lat="47.2477193" lon="9.3437739">
        <ele>2440.4</ele>
        <time>2026-09-03T10:30:32Z</time>
        <hdop>5.1</hdop>
      </trkpt>
      <trkpt lat="47.2477007" lon="9.3437838">
        <ele>2439.4</ele>
        <time>2026-09-03T10:30:52Z</time>
        <hdop>5.1</hdop>
        <extensions>
          <osmand:speed>0.8</osmand:speed>
        </extensions>
      </trkpt>
      <trkpt lat="47.2476775" lon="9.3438079">
        <ele>2439.4</ele>
        <time>2026-09-03T10:30:58Z</time>
        <hdop>5.6</hdop>
        <extensions>
          <osmand:speed>0.5</osmand:speed>
        </extensions>
      </trkpt>
      <trkpt lat="47.2476738" lon="9.3438543">
        <ele>2440.4</ele>
        <time>2026-09-03T10:31:04Z</time>
        <hdop>5.6</hdop>
        <extensions>
          <osmand:speed>0.7</osmand:speed>
        </extensions>
      </trkpt>
      <trkpt lat="47.2476487" lon="9.3438678">
        <ele>2440.4</ele>
        <time>2026-09-03T10:31:10Z</time>
        <hdop>6.1</hdop>
        <extensions>
          <osmand:speed>0.2</osmand:speed>
        </extensions>
      </trkpt>
      <trkpt lat="47.2476526" lon="9.3439084">
        <ele>2439.4</ele>
        <time>2026-09-03T10:31:16Z</time>
        <hdop>5.6</hdop>
        <extensions>
          <osmand:speed>0.4</osmand:speed>
        </extensions>
      </trkpt>
      <trkpt lat="47.2476488" lon="9.3439741">
        <ele>2440.4</ele>
        <time>2026-09-03T10:31:22Z</time>
        <hdop>8.2</hdop>
        <extensions>
          <osmand:speed>0.6</osmand:speed>
        </extensions>
      </trkpt>
      <trkpt lat="47.2476592" lon="9.3439988">
        <ele>2441.4</ele>
        <time>2026-09-03T10:31:28Z</time>
        <hdop>7.7</hdop>
        <extensions>
          <osmand:speed>0.5</osmand:speed>
        </extensions>
      </trkpt>
      <trkpt lat="47.2476372" lon="9.344025">
        <ele>2440.4</ele>
        <time>2026-09-03T10:31:35Z</time>
        <hdop>9.2</hdop>
        <extensions>
          <osmand:speed>0.2</osmand:speed>
        </extensions>
      </trkpt>
      <trkpt lat="47.2476188" lon="9.3440595">
        <ele>2439.4</ele>
        <time>2026-09-03T10:31:41Z</time>
        <hdop>7.1</hdop>
        <extensions>
          <osmand:speed>0.7</osmand:speed>
        </extensions>
      </trkpt>
      <trkpt lat="47.2475888" lon="9.3440656">
        <ele>2436.4</ele>
        <time>2026-09-03T10:31:47Z</time>
        <hdop>9.2</hdop>
      </trkpt>
      <trkpt lat="47.2475833" lon="9.3440981">
        <ele>2436.4</ele>
        <time>2026-09-03T10:32:13Z</time>
        <hdop>7.7</hdop>
        <extensions>
          <osmand:speed>0.6</osmand:speed>
        </extensions>
      </trkpt>
      <trkpt lat="47.2475722" lon="9.3441223">
        <ele>2434.4</ele>
        <time>2026-09-03T10:32:20Z</time>
        <hdop>8.2</hdop>
        <extensions>
          <osmand:speed>0.7</osmand:speed>
        </extensions>
      </trkpt>
      <trkpt lat="47.247557" lon="9.3441665">
        <ele>2434.4</ele>
        <time>2026-09-03T10:32:26Z</time>
        <hdop>7.1</hdop>
        <extensions>
          <osmand:speed>0.5</osmand:speed>
        </extensions>
      </trkpt>
      <trkpt lat="47.2475653" lon="9.3442101">
        <ele>2433.4</ele>
        <time>2026-09-03T10:32:32Z</time>
        <hdop>7.1</hdop>
        <extensions>
          <osmand:speed>0.8</osmand:speed>
        </extensions>
      </trkpt>
      <trkpt lat="47.2475604" lon="9.344236">
        <ele>2433.4</ele>
        <time>2026-09-03T10:32:38Z</time>
        <hdop>9.2</hdop>
        <extensions>
          <osmand:speed>0.6</osmand:speed>
        </extensions>
      </trkpt>
      <trkpt lat="47.2475493" lon="9.3442588">
        <ele>2430.4</ele>
        <time>2026-09-03T10:32:47Z</time>
        <hdop>7.7</hdop>
        <extensions>
          <osmand:speed>0.2</osmand:speed>
        </extensions>
      </trkpt>
      <trkpt lat="47.2475326" lon="9.3442886">
        <ele>2429.4</ele>
        <time>2026-09-03T10:32:53Z</time>
        <hdop>6.6</hdop>
        <extensions>
          <osmand:speed>0.6</osmand:speed>
        </extensions>
      </trkpt>
      <trkpt lat="47.2475286" lon="9.3443254">
        <ele>2429.4</ele>
        <time>2026-09-03T10:33:00Z</time>
        <hdop>6.6</hdop>
        <extensions>
          <osmand:speed>0.8</osmand:speed>
        </extensions>
      </trkpt>
      <trkpt lat="47.2474876" lon="9.3443698">
        <ele>2428.4</ele>
        <time>2026-09-03T10:33:06Z</time>
        <hdop>7.7</hdop>
        <extensions>
          <osmand:speed>1</osmand:speed>
        </extensions>
      </trkpt>
      <trkpt lat="47.2474318" lon="9.3444099">
        <ele>2426.4</ele>
        <time>2026-09-03T10:33:12Z</time>
        <hdop>9.2</hdop>
        <extensions>
          <osmand:speed>0.8</osmand:speed>
        </extensions>
      </trkpt>
      <trkpt lat="47.2474139" lon="9.3444343">
        <ele>2427.4</ele>
        <time>2026-09-03T10:33:18Z</time>
        <hdop>6.1</hdop>
        <extensions>
          <osmand:speed>0.2</osmand:speed>
        </extensions>
      </trkpt>
      <trkpt lat="47.2474093" lon="9.344462">
        <ele>2424.4</ele>
        <time>2026-09-03T10:33:29Z</time>
        <hdop>6.1</hdop>
        <extensions>
          <osmand:speed>0.5</osmand:speed>
        </extensions>
      </trkpt>
      <trkpt lat="47.2474104" lon="9.344502">
        <ele>2425.4</ele>
        <time>2026-09-03T10:33:35Z</time>
        <hdop>6.6</hdop>
        <extensions>
          <osmand:speed>0.3</osmand:speed>
        </extensions>
      </trkpt>
      <trkpt lat="47.2473773" lon="9.3445088">
        <ele>2425.4</ele>
        <time>2026-09-03T10:33:41Z</time>
        <hdop>5.6</hdop>
        <extensions>
          <osmand:speed>0.7</osmand:speed>
        </extensions>
      </trkpt>
      <trkpt lat="47.2473597" lon="9.3445181">
        <ele>2425.4</ele>
        <time>2026-09-03T10:33:47Z</time>
        <hdop>6.6</hdop>
        <extensions>
          <osmand:speed>0.6</osmand:speed>
        </extensions>
      </trkpt>
      <trkpt lat="47.247335" lon="9.3445167">
        <ele>2423.4</ele>
        <time>2026-09-03T10:33:53Z</time>
        <hdop>5.1</hdop>
        <extensions>
          <osmand:speed>0.3</osmand:speed>
        </extensions>
      </trkpt>
      <trkpt lat="47.2473254" lon="9.3445747">
        <ele>2423.4</ele>
        <time>2026-09-03T10:33:59Z</time>
        <hdop>5.1</hdop>
        <extensions>
          <osmand:speed>0.9</osmand:speed>
        </extensions>
      </trkpt>
      <trkpt lat="47.2472986" lon="9.3446017">
        <ele>2421.4</ele>
        <time>2026-09-03T10:34:05Z</time>
        <hdop>4.6</hdop>
        <extensions>
          <osmand:speed>0.7</osmand:speed>
        </extensions>
      </trkpt>
      <trkpt lat="47.2472807" lon="9.344644">
        <ele>2421.4</ele>
        <time>2026-09-03T10:34:11Z</time>
        <hdop>5.1</hdop>
        <extensions>
          <osmand:speed>0.5</osmand:speed>
        </extensions>
      </trkpt>
      <trkpt lat="47.2472592" lon="9.3447104">
        <ele>2419.4</ele>
        <time>2026-09-03T10:34:17Z</time>
        <hdop>5.1</hdop>
        <extensions>
          <osmand:speed>0.7</osmand:speed>
        </extensions>
      </trkpt>
      <trkpt lat="47.2472199" lon="9.3447324">
        <ele>2419.4</ele>
        <time>2026-09-03T10:34:23Z</time>
        <hdop>5.6</hdop>
        <extensions>
          <osmand:speed>0.6</osmand:speed>
        </extensions>
      </trkpt>
      <trkpt lat="47.2471969" lon="9.3447835">
        <ele>2417.4</ele>
        <time>2026-09-03T10:34:29Z</time>
        <hdop>5.1</hdop>
        <extensions>
          <osmand:speed>0.8</osmand:speed>
        </extensions>
      </trkpt>
      <trkpt lat="47.2471559" lon="9.3448153">
        <ele>2417.4</ele>
        <time>2026-09-03T10:34:35Z</time>
        <hdop>5.6</hdop>
        <extensions>
          <osmand:speed>0.9</osmand:speed>
        </extensions>
      </trkpt>
      <trkpt lat="47.2471333" lon="9.3448568">
        <ele>2416.4</ele>
        <time>2026-09-03T10:34:41Z</time>
        <hdop>4.6</hdop>
        <extensions>
          <osmand:speed>0.5</osmand:speed>
        </extensions>
      </trkpt>
      <trkpt lat="47.2471313" lon="9.3448936">
        <ele>2414.4</ele>
        <time>2026-09-03T10:34:47Z</time>
        <hdop>5.1</hdop>
        <extensions>
          <osmand:speed>0.9</osmand:speed>
        </extensions>
      </trkpt>
      <trkpt lat="47.2470962" lon="9.3449066">
        <ele>2413.4</ele>
        <time>2026-09-03T10:34:53Z</time>
        <hdop>5.6</hdop>
        <extensions>
          <osmand:speed>1.2</osmand:speed>
        </extensions>
      </trkpt>
      <trkpt lat="47.2471008" lon="9.3449483">
        <ele>2411.4</ele>
        <time>2026-09-03T10:34:59Z</time>
        <hdop>6.1</hdop>
        <extensions>
          <osmand:speed>0.4</osmand:speed>
        </extensions>
      </trkpt>
      <trkpt lat="47.2470838" lon="9.3449714">
        <ele>2410.4</ele>
        <time>2026-09-03T10:35:05Z</time>
        <hdop>6.1</hdop>
        <extensions>
          <osmand:speed>0.6</osmand:speed>
        </extensions>
      </trkpt>
      <trkpt lat="47.2470662" lon="9.3449645">
        <ele>2408.4</ele>
        <time>2026-09-03T10:35:11Z</time>
        <hdop>5.1</hdop>
        <extensions>
          <osmand:speed>0.6</osmand:speed>
        </extensions>
      </trkpt>
      <trkpt lat="47.2470635" lon="9.3449955">
        <ele>2407.4</ele>
        <time>2026-09-03T10:35:17Z</time>
        <hdop>6.1</hdop>
        <extensions>
          <osmand:speed>0.4</osmand:speed>
        </extensions>
      </trkpt>
      <trkpt lat="47.2470429" lon="9.3450324">
        <ele>2407.4</ele>
        <time>2026-09-03T10:35:23Z</time>
        <hdop>5.6</hdop>
        <extensions>
          <osmand:speed>0.5</osmand:speed>
        </extensions>
      </trkpt>
      <trkpt lat="47.2470211" lon="9.3450326">
        <ele>2406.4</ele>
        <time>2026-09-03T10:35:29Z</time>
        <hdop>5.1</hdop>
        <extensions>
          <osmand:speed>0.2</osmand:speed>
        </extensions>
      </trkpt>
      <trkpt lat="47.2470099" lon="9.3450665">
        <ele>2406.4</ele>
        <time>2026-09-03T10:35:35Z</time>
        <hdop>5.1</hdop>
        <extensions>
          <osmand:speed>0.6</osmand:speed>
        </extensions>
      </trkpt>
      <trkpt lat="47.2469964" lon="9.3450843">
        <ele>2406.4</ele>
        <time>2026-09-03T10:35:43Z</time>
        <hdop>6.1</hdop>
        <extensions>
          <osmand:speed>0.5</osmand:speed>
        </extensions>
      </trkpt>
      <trkpt lat="47.2469898" lon="9.3451217">
        <ele>2405.4</ele>
        <time>2026-09-03T10:35:50Z</time>
        <hdop>5.6</hdop>
        <extensions>
          <osmand:speed>0.7</osmand:speed>
        </extensions>
      </trkpt>
      <trkpt lat="47.2469655" lon="9.3451481">
        <ele>2405.4</ele>
        <time>2026-09-03T10:35:56Z</time>
        <hdop>7.1</hdop>
        <extensions>
          <osmand:speed>0.5</osmand:speed>
        </extensions>
      </trkpt>
      <trkpt lat="47.2469385" lon="9.3451357">
        <ele>2404.4</ele>
        <time>2026-09-03T10:36:02Z</time>
        <hdop>6.6</hdop>
        <extensions>
          <osmand:speed>0.7</osmand:speed>
        </extensions>
      </trkpt>
      <trkpt lat="47.2469373" lon="9.3451651">
        <ele>2403.4</ele>
        <time>2026-09-03T10:36:08Z</time>
        <hdop>5.6</hdop>
        <extensions>
          <osmand:speed>0.6</osmand:speed>
        </extensions>
      </trkpt>
      <trkpt lat="47.2469277" lon="9.3451894">
        <ele>2402.4</ele>
        <time>2026-09-03T10:36:15Z</time>
        <hdop>4.6</hdop>
        <extensions>
          <osmand:speed>0.6</osmand:speed>
        </extensions>
      </trkpt>
      <trkpt lat="47.2469046" lon="9.3452094">
        <ele>2400.4</ele>
        <time>2026-09-03T10:36:21Z</time>
        <hdop>5.1</hdop>
        <extensions>
          <osmand:speed>0.5</osmand:speed>
        </extensions>
      </trkpt>
      <trkpt lat="47.2468789" lon="9.3452214">
        <ele>2400.4</ele>
        <time>2026-09-03T10:36:27Z</time>
        <hdop>5.1</hdop>
        <extensions>
          <osmand:speed>0.3</osmand:speed>
        </extensions>
      </trkpt>
      <trkpt lat="47.2468753" lon="9.345255">
        <ele>2399.4</ele>
        <time>2026-09-03T10:36:33Z</time>
        <hdop>4.1</hdop>
        <extensions>
          <osmand:speed>0.4</osmand:speed>
        </extensions>
      </trkpt>
      <trkpt lat="47.2468867" lon="9.34529">
        <ele>2398.4</ele>
        <time>2026-09-03T10:36:39Z</time>
        <hdop>5.1</hdop>
        <extensions>
          <osmand:speed>1</osmand:speed>
        </extensions>
      </trkpt>
      <trkpt lat="47.2468761" lon="9.3453495">
        <ele>2396.4</ele>
        <time>2026-09-03T10:36:45Z</time>
        <hdop>5.6</hdop>
        <extensions>
          <osmand:speed>0.7</osmand:speed>
        </extensions>
      </trkpt>
      <trkpt lat="47.2468595" lon="9.345378">
        <ele>2396.4</ele>
        <time>2026-09-03T10:36:51Z</time>
        <hdop>6.6</hdop>
        <extensions>
          <osmand:speed>0.6</osmand:speed>
        </extensions>
      </trkpt>
      <trkpt lat="47.246824" lon="9.3453925">
        <ele>2395.4</ele>
        <time>2026-09-03T10:36:57Z</time>
        <hdop>7.1</hdop>
        <extensions>
          <osmand:speed>0.5</osmand:speed>
        </extensions>
      </trkpt>
      <trkpt lat="47.2467939" lon="9.3454131">
        <ele>2394.4</ele>
        <time>2026-09-03T10:37:03Z</time>
        <hdop>5.1</hdop>
        <extensions>
          <osmand:speed>0.3</osmand:speed>
        </extensions>
      </trkpt>
      <trkpt lat="47.2467606" lon="9.3454526">
        <ele>2392.4</ele>
        <time>2026-09-03T10:37:09Z</time>
        <hdop>5.6</hdop>
        <extensions>
          <osmand:speed>1</osmand:speed>
        </extensions>
      </trkpt>
      <trkpt lat="47.2467225" lon="9.3454411">
        <ele>2391.4</ele>
        <time>2026-09-03T10:37:15Z</time>
        <hdop>6.1</hdop>
        <extensions>
          <osmand:speed>0.5</osmand:speed>
        </extensions>
      </trkpt>
      <trkpt lat="47.246724" lon="9.3455041">
        <ele>2388.4</ele>
        <time>2026-09-03T10:37:21Z</time>
        <hdop>5.6</hdop>
        <extensions>
          <osmand:speed>0.6</osmand:speed>
        </extensions>
      </trkpt>
      <trkpt lat="47.2467255" lon="9.3455563">
        <ele>2386.4</ele>
        <time>2026-09-03T10:37:27Z</time>
        <hdop>5.6</hdop>
        <extensions>
          <osmand:speed>0.2</osmand:speed>
        </extensions>
      </trkpt>
      <trkpt lat="47.2467291" lon="9.3456188">
        <ele>2386.4</ele>
        <time>2026-09-03T10:37:33Z</time>
        <hdop>6.6</hdop>
        <extensions>
          <osmand:speed>0.8</osmand:speed>
        </extensions>
      </trkpt>
      <trkpt lat="47.2467104" lon="9.3456566">
        <ele>2386.4</ele>
        <time>2026-09-03T10:37:39Z</time>
        <hdop>6.1</hdop>
        <extensions>
          <osmand:speed>1.1</osmand:speed>
        </extensions>
      </trkpt>
      <trkpt lat="47.2466679" lon="9.3457075">
        <ele>2386.4</ele>
        <time>2026-09-03T10:37:45Z</time>
        <hdop>6.1</hdop>
        <extensions>
          <osmand:speed>1</osmand:speed>
        </extensions>
      </trkpt>
      <trkpt lat="47.2466202" lon="9.345743">
        <ele>2385.4</ele>
        <time>2026-09-03T10:37:51Z</time>
        <hdop>6.1</hdop>
        <extensions>
          <osmand:speed>1.4</osmand:speed>
        </extensions>
      </trkpt>
      <trkpt lat="47.246579" lon="9.3458064">
        <ele>2383.4</ele>
        <time>2026-09-03T10:37:57Z</time>
        <hdop>6.1</hdop>
        <extensions>
          <osmand:speed>0.9</osmand:speed>
        </extensions>
      </trkpt>
      <trkpt lat="47.246562" lon="9.3458996">
        <ele>2381.4</ele>
        <time>2026-09-03T10:38:03Z</time>
        <hdop>5.6</hdop>
        <extensions>
          <osmand:speed>1.5</osmand:speed>
        </extensions>
      </trkpt>
      <trkpt lat="47.2465346" lon="9.3459695">
        <ele>2381.4</ele>
        <time>2026-09-03T10:38:09Z</time>
        <hdop>6.1</hdop>
        <extensions>
          <osmand:speed>1.1</osmand:speed>
        </extensions>
      </trkpt>
      <trkpt lat="47.2465137" lon="9.3460489">
        <ele>2379.4</ele>
        <time>2026-09-03T10:38:15Z</time>
        <hdop>4.6</hdop>
        <extensions>
          <osmand:speed>1.1</osmand:speed>
        </extensions>
      </trkpt>
      <trkpt lat="47.2464659" lon="9.3461048">
        <ele>2379.4</ele>
        <time>2026-09-03T10:38:21Z</time>
        <hdop>5.6</hdop>
        <extensions>
          <osmand:speed>1.2</osmand:speed>
        </extensions>
      </trkpt>
      <trkpt lat="47.2463981" lon="9.3461739">
        <ele>2377.4</ele>
        <time>2026-09-03T10:38:27Z</time>
        <hdop>6.6</hdop>
        <extensions>
          <osmand:speed>1.8</osmand:speed>
        </extensions>
      </trkpt>
      <trkpt lat="47.2463867" lon="9.3462079">
        <ele>2376.4</ele>
        <time>2026-09-03T10:38:33Z</time>
        <hdop>4.6</hdop>
      </trkpt>
      <trkpt lat="47.2463925" lon="9.3462335">
        <ele>2376.4</ele>
        <time>2026-09-03T10:38:45Z</time>
        <hdop>5.1</hdop>
        <extensions>
          <osmand:speed>0.9</osmand:speed>
        </extensions>
      </trkpt>
      <trkpt lat="47.2463676" lon="9.3463068">
        <ele>2376.4</ele>
        <time>2026-09-03T10:38:51Z</time>
        <hdop>5.6</hdop>
        <extensions>
          <osmand:speed>1.2</osmand:speed>
        </extensions>
      </trkpt>
      <trkpt lat="47.2463284" lon="9.3463789">
        <ele>2375.4</ele>
        <time>2026-09-03T10:38:57Z</time>
        <hdop>7.1</hdop>
        <extensions>
          <osmand:speed>0.9</osmand:speed>
        </extensions>
      </trkpt>
      <trkpt lat="47.246306" lon="9.3464613">
        <ele>2375.4</ele>
        <time>2026-09-03T10:39:03Z</time>
        <hdop>9.2</hdop>
        <extensions>
          <osmand:speed>1.3</osmand:speed>
        </extensions>
      </trkpt>
      <trkpt lat="47.2462951" lon="9.346545">
        <ele>2375.4</ele>
        <time>2026-09-03T10:39:09Z</time>
        <hdop>8.2</hdop>
        <extensions>
          <osmand:speed>1</osmand:speed>
        </extensions>
      </trkpt>
      <trkpt lat="47.2462847" lon="9.3466311">
        <ele>2376.4</ele>
        <time>2026-09-03T10:39:15Z</time>
        <hdop>6.6</hdop>
        <extensions>
          <osmand:speed>0.8</osmand:speed>
        </extensions>
      </trkpt>
      <trkpt lat="47.2462624" lon="9.3467486">
        <ele>2376.4</ele>
        <time>2026-09-03T10:39:21Z</time>
        <hdop>9.7</hdop>
        <extensions>
          <osmand:speed>1.3</osmand:speed>
        </extensions>
      </trkpt>
      <trkpt lat="47.2462196" lon="9.346821">
        <ele>2375.4</ele>
        <time>2026-09-03T10:39:27Z</time>
        <hdop>6.6</hdop>
        <extensions>
          <osmand:speed>1.1</osmand:speed>
        </extensions>
      </trkpt>
      <trkpt lat="47.2462257" lon="9.3469013">
        <ele>2374.4</ele>
        <time>2026-09-03T10:39:33Z</time>
        <hdop>10.2</hdop>
        <extensions>
          <osmand:speed>1.2</osmand:speed>
        </extensions>
      </trkpt>
      <trkpt lat="47.2462057" lon="9.3469656">
        <ele>2375.4</ele>
        <time>2026-09-03T10:39:39Z</time>
        <hdop>10.7</hdop>
        <extensions>
          <osmand:speed>1.4</osmand:speed>
        </extensions>
      </trkpt>
      <trkpt lat="47.2461863" lon="9.3470305">
        <ele>2375.4</ele>
        <time>2026-09-03T10:39:45Z</time>
        <hdop>7.1</hdop>
        <extensions>
          <osmand:speed>0.4</osmand:speed>
        </extensions>
      </trkpt>
      <trkpt lat="47.246204" lon="9.3470511">
        <ele>2375.4</ele>
        <time>2026-09-03T10:39:59Z</time>
        <hdop>5.6</hdop>
        <extensions>
          <osmand:speed>0.8</osmand:speed>
        </extensions>
      </trkpt>
      <trkpt lat="47.2461626" lon="9.3471099">
        <ele>2376.4</ele>
        <time>2026-09-03T10:40:05Z</time>
        <hdop>6.1</hdop>
        <extensions>
          <osmand:speed>0.8</osmand:speed>
        </extensions>
      </trkpt>
      <trkpt lat="47.2461226" lon="9.3471706">
        <ele>2375.4</ele>
        <time>2026-09-03T10:40:11Z</time>
        <hdop>8.2</hdop>
        <extensions>
          <osmand:speed>1.2</osmand:speed>
        </extensions>
      </trkpt>
      <trkpt lat="47.2460877" lon="9.3471623">
        <ele>2375.4</ele>
        <time>2026-09-03T10:40:17Z</time>
        <hdop>8.2</hdop>
        <extensions>
          <osmand:speed>1.1</osmand:speed>
        </extensions>
      </trkpt>
      <trkpt lat="47.2460711" lon="9.3472128">
        <ele>2374.4</ele>
        <time>2026-09-03T10:40:23Z</time>
        <hdop>5.1</hdop>
        <extensions>
          <osmand:speed>0.2</osmand:speed>
        </extensions>
      </trkpt>
      <trkpt lat="47.246073" lon="9.347262">
        <ele>2374.4</ele>
        <time>2026-09-03T10:40:29Z</time>
        <hdop>9.2</hdop>
        <extensions>
          <osmand:speed>1.4</osmand:speed>
        </extensions>
      </trkpt>
      <trkpt lat="47.2460612" lon="9.3473571">
        <ele>2373.4</ele>
        <time>2026-09-03T10:40:35Z</time>
        <hdop>8.2</hdop>
        <extensions>
          <osmand:speed>1.3</osmand:speed>
        </extensions>
      </trkpt>
      <trkpt lat="47.246025" lon="9.3474382">
        <ele>2373.4</ele>
        <time>2026-09-03T10:40:41Z</time>
        <hdop>5.6</hdop>
        <extensions>
          <osmand:speed>1.4</osmand:speed>
        </extensions>
      </trkpt>
      <trkpt lat="47.2459898" lon="9.3475003">
        <ele>2373.4</ele>
        <time>2026-09-03T10:40:47Z</time>
        <hdop>8.7</hdop>
        <extensions>
          <osmand:speed>1.1</osmand:speed>
        </extensions>
      </trkpt>
      <trkpt lat="47.2459484" lon="9.347535">
        <ele>2373.4</ele>
        <time>2026-09-03T10:40:53Z</time>
        <hdop>6.6</hdop>
        <extensions>
          <osmand:speed>0.4</osmand:speed>
        </extensions>
      </trkpt>
      <trkpt lat="47.2459652" lon="9.3475533">
        <ele>2373.4</ele>
        <time>2026-09-03T10:41:11Z</time>
        <hdop>6.1</hdop>
        <extensions>
          <osmand:speed>0.1</osmand:speed>
        </extensions>
      </trkpt>
      <trkpt lat="47.2459317" lon="9.3475231">
        <ele>2373.4</ele>
        <time>2026-09-03T10:41:17Z</time>
        <hdop>5.1</hdop>
        <extensions>
          <osmand:speed>0.4</osmand:speed>
        </extensions>
      </trkpt>
      <trkpt lat="47.245915" lon="9.3474977">
        <ele>2372.4</ele>
        <time>2026-09-03T10:41:23Z</time>
        <hdop>7.1</hdop>
        <extensions>
          <osmand:speed>0.4</osmand:speed>
        </extensions>
      </trkpt>
      <trkpt lat="47.2458871" lon="9.3474951">
        <ele>2372.4</ele>
        <time>2026-09-03T10:41:29Z</time>
        <hdop>4.1</hdop>
        <extensions>
          <osmand:speed>0.6</osmand:speed>
        </extensions>
      </trkpt>
      <trkpt lat="47.2458581" lon="9.3475169">
        <ele>2370.4</ele>
        <time>2026-09-03T10:41:35Z</time>
        <hdop>5.6</hdop>
        <extensions>
          <osmand:speed>0.6</osmand:speed>
        </extensions>
      </trkpt>
      <trkpt lat="47.2458297" lon="9.3475155">
        <ele>2369.4</ele>
        <time>2026-09-03T10:41:43Z</time>
        <hdop>5.1</hdop>
        <extensions>
          <osmand:speed>0.5</osmand:speed>
        </extensions>
      </trkpt>
      <trkpt lat="47.2458247" lon="9.3474853">
        <ele>2369.4</ele>
        <time>2026-09-03T10:41:49Z</time>
        <hdop>5.6</hdop>
        <extensions>
          <osmand:speed>0.3</osmand:speed>
        </extensions>
      </trkpt>
      <trkpt lat="47.2458083" lon="9.3475267">
        <ele>2368.4</ele>
        <time>2026-09-03T10:41:55Z</time>
        <hdop>4.6</hdop>
        <extensions>
          <osmand:speed>0.6</osmand:speed>
        </extensions>
      </trkpt>
      <trkpt lat="47.2457896" lon="9.3475542">
        <ele>2367.4</ele>
        <time>2026-09-03T10:42:01Z</time>
        <hdop>5.1</hdop>
        <extensions>
          <osmand:speed>0.8</osmand:speed>
        </extensions>
      </trkpt>
      <trkpt lat="47.2457881" lon="9.3476023">
        <ele>2366.4</ele>
        <time>2026-09-03T10:42:07Z</time>
        <hdop>4.1</hdop>
        <extensions>
          <osmand:speed>0.4</osmand:speed>
        </extensions>
      </trkpt>
      <trkpt lat="47.2457891" lon="9.3476345">
        <ele>2366.4</ele>
        <time>2026-09-03T10:42:13Z</time>
        <hdop>5.6</hdop>
        <extensions>
          <osmand:speed>0.8</osmand:speed>
        </extensions>
      </trkpt>
      <trkpt lat="47.245783" lon="9.3476903">
        <ele>2365.4</ele>
        <time>2026-09-03T10:42:19Z</time>
        <hdop>5.1</hdop>
        <extensions>
          <osmand:speed>0.4</osmand:speed>
        </extensions>
      </trkpt>
      <trkpt lat="47.2457763" lon="9.347737">
        <ele>2364.4</ele>
        <time>2026-09-03T10:42:25Z</time>
        <hdop>5.6</hdop>
        <extensions>
          <osmand:speed>0.5</osmand:speed>
        </extensions>
      </trkpt>
      <trkpt lat="47.2457638" lon="9.3477652">
        <ele>2363.4</ele>
        <time>2026-09-03T10:42:37Z</time>
        <hdop>6.1</hdop>
        <extensions>
          <osmand:speed>0.3</osmand:speed>
        </extensions>
      </trkpt>
      <trkpt lat="47.2457685" lon="9.3478084">
        <ele>2362.4</ele>
        <time>2026-09-03T10:42:43Z</time>
        <hdop>6.1</hdop>
        <extensions>
          <osmand:speed>0.7</osmand:speed>
        </extensions>
      </trkpt>
      <trkpt lat="47.2457699" lon="9.3478479">
        <ele>2361.4</ele>
        <time>2026-09-03T10:42:49Z</time>
        <hdop>5.6</hdop>
        <extensions>
          <osmand:speed>0.9</osmand:speed>
        </extensions>
      </trkpt>
      <trkpt lat="47.2457473" lon="9.3478709">
        <ele>2360.4</ele>
        <time>2026-09-03T10:42:55Z</time>
        <hdop>8.2</hdop>
        <extensions>
          <osmand:speed>0.6</osmand:speed>
        </extensions>
      </trkpt>
      <trkpt lat="47.2457161" lon="9.3478693">
        <ele>2359.4</ele>
        <time>2026-09-03T10:43:01Z</time>
        <hdop>4.6</hdop>
        <extensions>
          <osmand:speed>0.2</osmand:speed>
        </extensions>
      </trkpt>
      <trkpt lat="47.2457118" lon="9.3478991">
        <ele>2357.4</ele>
        <time>2026-09-03T10:43:07Z</time>
        <hdop>5.6</hdop>
        <extensions>
          <osmand:speed>0.7</osmand:speed>
        </extensions>
      </trkpt>
      <trkpt lat="47.2457347" lon="9.3479635">
        <ele>2356.4</ele>
        <time>2026-09-03T10:43:13Z</time>
        <hdop>6.1</hdop>
        <extensions>
          <osmand:speed>0.9</osmand:speed>
        </extensions>
      </trkpt>
      <trkpt lat="47.2457367" lon="9.3480279">
        <ele>2355.4</ele>
        <time>2026-09-03T10:43:19Z</time>
        <hdop>4.6</hdop>
        <extensions>
          <osmand:speed>0.8</osmand:speed>
        </extensions>
      </trkpt>
      <trkpt lat="47.2457266" lon="9.3480696">
        <ele>2355.4</ele>
        <time>2026-09-03T10:43:25Z</time>
        <hdop>7.1</hdop>
        <extensions>
          <osmand:speed>1</osmand:speed>
        </extensions>
      </trkpt>
      <trkpt lat="47.245715" lon="9.3480907">
        <ele>2353.4</ele>
        <time>2026-09-03T10:43:31Z</time>
        <hdop>5.6</hdop>
        <extensions>
          <osmand:speed>0.9</osmand:speed>
        </extensions>
      </trkpt>
      <trkpt lat="47.2456838" lon="9.3481031">
        <ele>2351.4</ele>
        <time>2026-09-03T10:43:37Z</time>
        <hdop>7.1</hdop>
        <extensions>
          <osmand:speed>0.7</osmand:speed>
        </extensions>
      </trkpt>
      <trkpt lat="47.2456565" lon="9.3480738">
        <ele>2351.4</ele>
        <time>2026-09-03T10:43:43Z</time>
        <hdop>7.1</hdop>
        <extensions>
          <osmand:speed>0.3</osmand:speed>
        </extensions>
      </trkpt>
      <trkpt lat="47.2456349" lon="9.3480708">
        <ele>2351.4</ele>
        <time>2026-09-03T10:43:49Z</time>
        <hdop>5.1</hdop>
        <extensions>
          <osmand:speed>0.3</osmand:speed>
        </extensions>
      </trkpt>
      <trkpt lat="47.2456134" lon="9.3480742">
        <ele>2351.4</ele>
        <time>2026-09-03T10:43:55Z</time>
        <hdop>6.1</hdop>
        <extensions>
          <osmand:speed>0.3</osmand:speed>
        </extensions>
      </trkpt>
      <trkpt lat="47.2455914" lon="9.3481079">
        <ele>2349.4</ele>
        <time>2026-09-03T10:44:01Z</time>
        <hdop>5.6</hdop>
        <extensions>
          <osmand:speed>0.9</osmand:speed>
        </extensions>
      </trkpt>
      <trkpt lat="47.2456093" lon="9.3481581">
        <ele>2348.4</ele>
        <time>2026-09-03T10:44:07Z</time>
        <hdop>6.1</hdop>
        <extensions>
          <osmand:speed>0.7</osmand:speed>
        </extensions>
      </trkpt>
      <trkpt lat="47.2456039" lon="9.3481867">
        <ele>2348.4</ele>
        <time>2026-09-03T10:44:13Z</time>
        <hdop>8.2</hdop>
        <extensions>
          <osmand:speed>0.6</osmand:speed>
        </extensions>
      </trkpt>
      <trkpt lat="47.2455775" lon="9.3482072">
        <ele>2345.4</ele>
        <time>2026-09-03T10:44:19Z</time>
        <hdop>5.6</hdop>
        <extensions>
          <osmand:speed>0.6</osmand:speed>
        </extensions>
      </trkpt>
      <trkpt lat="47.2455558" lon="9.3482469">
        <ele>2345.4</ele>
        <time>2026-09-03T10:44:25Z</time>
        <hdop>4.6</hdop>
        <extensions>
          <osmand:speed>0.2</osmand:speed>
        </extensions>
      </trkpt>
      <trkpt lat="47.2455508" lon="9.3482876">
        <ele>2344.4</ele>
        <time>2026-09-03T10:44:31Z</time>
        <hdop>5.1</hdop>
        <extensions>
          <osmand:speed>0.8</osmand:speed>
        </extensions>
      </trkpt>
      <trkpt lat="47.2455373" lon="9.3483472">
        <ele>2342.4</ele>
        <time>2026-09-03T10:44:37Z</time>
        <hdop>4.6</hdop>
        <extensions>
          <osmand:speed>0.8</osmand:speed>
        </extensions>
      </trkpt>
      <trkpt lat="47.24554" lon="9.3483814">
        <ele>2341.4</ele>
        <time>2026-09-03T10:44:43Z</time>
        <hdop>6.1</hdop>
        <extensions>
          <osmand:speed>1</osmand:speed>
        </extensions>
      </trkpt>
      <trkpt lat="47.2455437" lon="9.3484231">
        <ele>2339.4</ele>
        <time>2026-09-03T10:44:50Z</time>
        <hdop>6.1</hdop>
        <extensions>
          <osmand:speed>0.5</osmand:speed>
        </extensions>
      </trkpt>
      <trkpt lat="47.2455411" lon="9.3484695">
        <ele>2338.4</ele>
        <time>2026-09-03T10:44:56Z</time>
        <hdop>5.6</hdop>
        <extensions>
          <osmand:speed>0.7</osmand:speed>
        </extensions>
      </trkpt>
      <trkpt lat="47.245543" lon="9.3485169">
        <ele>2336.4</ele>
        <time>2026-09-03T10:45:02Z</time>
        <hdop>5.6</hdop>
        <extensions>
          <osmand:speed>0.5</osmand:speed>
        </extensions>
      </trkpt>
      <trkpt lat="47.2455381" lon="9.3485537">
        <ele>2335.4</ele>
        <time>2026-09-03T10:45:08Z</time>
        <hdop>6.1</hdop>
        <extensions>
          <osmand:speed>0.5</osmand:speed>
        </extensions>
      </trkpt>
      <trkpt lat="47.2455124" lon="9.3485948">
        <ele>2334.4</ele>
        <time>2026-09-03T10:45:14Z</time>
        <hdop>7.7</hdop>
        <extensions>
          <osmand:speed>0.4</osmand:speed>
        </extensions>
      </trkpt>
      <trkpt lat="47.2454896" lon="9.3486103">
        <ele>2334.4</ele>
        <time>2026-09-03T10:45:20Z</time>
        <hdop>6.1</hdop>
        <extensions>
          <osmand:speed>0.4</osmand:speed>
        </extensions>
      </trkpt>
      <trkpt lat="47.2454519" lon="9.3486106">
        <ele>2334.4</ele>
        <time>2026-09-03T10:45:26Z</time>
        <hdop>7.1</hdop>
        <extensions>
          <osmand:speed>0.5</osmand:speed>
        </extensions>
      </trkpt>
      <trkpt lat="47.2454297" lon="9.3485974">
        <ele>2333.4</ele>
        <time>2026-09-03T10:45:32Z</time>
        <hdop>7.1</hdop>
        <extensions>
          <osmand:speed>0.1</osmand:speed>
        </extensions>
      </trkpt>
      <trkpt lat="47.2454139" lon="9.3486107">
        <ele>2335.4</ele>
        <time>2026-09-03T10:46:54Z</time>
        <hdop>6.1</hdop>
        <extensions>
          <osmand:speed>0.6</osmand:speed>
        </extensions>
      </trkpt>
      <trkpt lat="47.245399" lon="9.3486412">
        <ele>2333.4</ele>
        <time>2026-09-03T10:47:00Z</time>
        <hdop>6.1</hdop>
        <extensions>
          <osmand:speed>0.4</osmand:speed>
        </extensions>
      </trkpt>
      <trkpt lat="47.2453816" lon="9.3486932">
        <ele>2332.4</ele>
        <time>2026-09-03T10:47:06Z</time>
        <hdop>6.6</hdop>
        <extensions>
          <osmand:speed>1.1</osmand:speed>
        </extensions>
      </trkpt>
      <trkpt lat="47.2453728" lon="9.3487372">
        <ele>2331.4</ele>
        <time>2026-09-03T10:47:12Z</time>
        <hdop>7.7</hdop>
        <extensions>
          <osmand:speed>0.7</osmand:speed>
        </extensions>
      </trkpt>
      <trkpt lat="47.2453757" lon="9.3487933">
        <ele>2332.4</ele>
        <time>2026-09-03T10:47:18Z</time>
        <hdop>8.2</hdop>
        <extensions>
          <osmand:speed>1.4</osmand:speed>
        </extensions>
      </trkpt>
      <trkpt lat="47.2453493" lon="9.3488254">
        <ele>2331.4</ele>
        <time>2026-09-03T10:47:24Z</time>
        <hdop>9.7</hdop>
        <extensions>
          <osmand:speed>0.6</osmand:speed>
        </extensions>
      </trkpt>
      <trkpt lat="47.2453216" lon="9.348872">
        <ele>2332.4</ele>
        <time>2026-09-03T10:47:30Z</time>
        <hdop>10.7</hdop>
        <extensions>
          <osmand:speed>1.3</osmand:speed>
        </extensions>
      </trkpt>
      <trkpt lat="47.2452647" lon="9.3488875">
        <ele>2331.4</ele>
        <time>2026-09-03T10:47:36Z</time>
        <hdop>10.7</hdop>
        <extensions>
          <osmand:speed>1.6</osmand:speed>
        </extensions>
      </trkpt>
      <trkpt lat="47.2452345" lon="9.3489479">
        <ele>2330.4</ele>
        <time>2026-09-03T10:47:42Z</time>
        <hdop>10.2</hdop>
        <extensions>
          <osmand:speed>0.6</osmand:speed>
        </extensions>
      </trkpt>
      <trkpt lat="47.2452136" lon="9.3489814">
        <ele>2327.4</ele>
        <time>2026-09-03T10:47:48Z</time>
        <hdop>8.7</hdop>
        <extensions>
          <osmand:speed>0.9</osmand:speed>
        </extensions>
      </trkpt>
      <trkpt lat="47.2451881" lon="9.3490366">
        <ele>2326.4</ele>
        <time>2026-09-03T10:47:54Z</time>
        <hdop>9.7</hdop>
        <extensions>
          <osmand:speed>0.6</osmand:speed>
        </extensions>
      </trkpt>
      <trkpt lat="47.2451576" lon="9.3490461">
        <ele>2326.4</ele>
        <time>2026-09-03T10:48:00Z</time>
        <hdop>10.2</hdop>
        <extensions>
          <osmand:speed>0.2</osmand:speed>
        </extensions>
      </trkpt>
      <trkpt lat="47.2451304" lon="9.3490715">
        <ele>2326.4</ele>
        <time>2026-09-03T10:48:06Z</time>
        <hdop>9.2</hdop>
        <extensions>
          <osmand:speed>0.4</osmand:speed>
        </extensions>
      </trkpt>
      <trkpt lat="47.2451244" lon="9.3491021">
        <ele>2326.4</ele>
        <time>2026-09-03T10:48:12Z</time>
        <hdop>8.7</hdop>
        <extensions>
          <osmand:speed>0.7</osmand:speed>
        </extensions>
      </trkpt>
      <trkpt lat="47.2450894" lon="9.3491254">
        <ele>2327.4</ele>
        <time>2026-09-03T10:48:18Z</time>
        <hdop>8.2</hdop>
        <extensions>
          <osmand:speed>0.7</osmand:speed>
        </extensions>
      </trkpt>
      <trkpt lat="47.2450634" lon="9.3491173">
        <ele>2330.4</ele>
        <time>2026-09-03T10:48:24Z</time>
        <hdop>9.7</hdop>
        <extensions>
          <osmand:speed>0.5</osmand:speed>
        </extensions>
      </trkpt>
      <trkpt lat="47.2450359" lon="9.3491666">
        <ele>2330.4</ele>
        <time>2026-09-03T10:48:30Z</time>
        <hdop>7.1</hdop>
        <extensions>
          <osmand:speed>0.9</osmand:speed>
        </extensions>
      </trkpt>
      <trkpt lat="47.2450176" lon="9.3492429">
        <ele>2331.4</ele>
        <time>2026-09-03T10:48:36Z</time>
        <hdop>8.7</hdop>
        <extensions>
          <osmand:speed>1.1</osmand:speed>
        </extensions>
      </trkpt>
      <trkpt lat="47.2449793" lon="9.3492781">
        <ele>2333.4</ele>
        <time>2026-09-03T10:48:42Z</time>
        <hdop>6.6</hdop>
        <extensions>
          <osmand:speed>0.2</osmand:speed>
        </extensions>
      </trkpt>
      <trkpt lat="47.244984" lon="9.3493079">
        <ele>2334.4</ele>
        <time>2026-09-03T10:48:48Z</time>
        <hdop>6.1</hdop>
        <extensions>
          <osmand:speed>1</osmand:speed>
        </extensions>
      </trkpt>
      <trkpt lat="47.2449369" lon="9.3493605">
        <ele>2334.4</ele>
        <time>2026-09-03T10:48:54Z</time>
        <hdop>8.2</hdop>
        <extensions>
          <osmand:speed>1.1</osmand:speed>
        </extensions>
      </trkpt>
      <trkpt lat="47.244913" lon="9.3493907">
        <ele>2334.4</ele>
        <time>2026-09-03T10:49:00Z</time>
        <hdop>7.1</hdop>
        <extensions>
          <osmand:speed>0.9</osmand:speed>
        </extensions>
      </trkpt>
      <trkpt lat="47.244894" lon="9.3494327">
        <ele>2335.4</ele>
        <time>2026-09-03T10:49:06Z</time>
        <hdop>6.1</hdop>
        <extensions>
          <osmand:speed>0.7</osmand:speed>
        </extensions>
      </trkpt>
      <trkpt lat="47.2448741" lon="9.3494173">
        <ele>2335.4</ele>
        <time>2026-09-03T10:49:14Z</time>
        <hdop>9.7</hdop>
        <extensions>
          <osmand:speed>0.8</osmand:speed>
        </extensions>
      </trkpt>
      <trkpt lat="47.2448325" lon="9.3494263">
        <ele>2334.4</ele>
        <time>2026-09-03T10:49:20Z</time>
        <hdop>6.6</hdop>
        <extensions>
          <osmand:speed>0.7</osmand:speed>
        </extensions>
      </trkpt>
      <trkpt lat="47.2448213" lon="9.3494812">
        <ele>2335.4</ele>
        <time>2026-09-03T10:49:26Z</time>
        <hdop>5.6</hdop>
        <extensions>
          <osmand:speed>0.5</osmand:speed>
        </extensions>
      </trkpt>
      <trkpt lat="47.2448329" lon="9.3495355">
        <ele>2333.4</ele>
        <time>2026-09-03T10:49:32Z</time>
        <hdop>6.1</hdop>
        <extensions>
          <osmand:speed>1.3</osmand:speed>
        </extensions>
      </trkpt>
      <trkpt lat="47.2448015" lon="9.3496061">
        <ele>2333.4</ele>
        <time>2026-09-03T10:49:38Z</time>
        <hdop>6.6</hdop>
        <extensions>
          <osmand:speed>0.2</osmand:speed>
        </extensions>
      </trkpt>
      <trkpt lat="47.2447788" lon="9.3496741">
        <ele>2332.4</ele>
        <time>2026-09-03T10:49:44Z</time>
        <hdop>6.1</hdop>
        <extensions>
          <osmand:speed>0.4</osmand:speed>
        </extensions>
      </trkpt>
      <trkpt lat="47.2447682" lon="9.3497304">
        <ele>2331.4</ele>
        <time>2026-09-03T10:49:50Z</time>
        <hdop>6.6</hdop>
        <extensions>
          <osmand:speed>0.8</osmand:speed>
        </extensions>
      </trkpt>
      <trkpt lat="47.2447489" lon="9.3497864">
        <ele>2331.4</ele>
        <time>2026-09-03T10:49:56Z</time>
        <hdop>6.1</hdop>
        <extensions>
          <osmand:speed>1</osmand:speed>
        </extensions>
      </trkpt>
      <trkpt lat="47.2447074" lon="9.3498404">
        <ele>2331.4</ele>
        <time>2026-09-03T10:50:02Z</time>
        <hdop>6.6</hdop>
        <extensions>
          <osmand:speed>1.1</osmand:speed>
        </extensions>
      </trkpt>
      <trkpt lat="47.2446856" lon="9.3498572">
        <ele>2331.4</ele>
        <time>2026-09-03T10:50:08Z</time>
        <hdop>5.6</hdop>
        <extensions>
          <osmand:speed>0.9</osmand:speed>
        </extensions>
      </trkpt>
      <trkpt lat="47.2446747" lon="9.3498854">
        <ele>2329.4</ele>
        <time>2026-09-03T10:50:14Z</time>
        <hdop>5.6</hdop>
        <extensions>
          <osmand:speed>0.7</osmand:speed>
        </extensions>
      </trkpt>
      <trkpt lat="47.2446609" lon="9.3499396">
        <ele>2328.4</ele>
        <time>2026-09-03T10:50:20Z</time>
        <hdop>5.1</hdop>
        <extensions>
          <osmand:speed>0.8</osmand:speed>
        </extensions>
      </trkpt>
      <trkpt lat="47.2446525" lon="9.3499961">
        <ele>2327.4</ele>
        <time>2026-09-03T10:50:26Z</time>
        <hdop>5.1</hdop>
        <extensions>
          <osmand:speed>0.7</osmand:speed>
        </extensions>
      </trkpt>
      <trkpt lat="47.2446415" lon="9.3500762">
        <ele>2327.4</ele>
        <time>2026-09-03T10:50:32Z</time>
        <hdop>5.1</hdop>
        <extensions>
          <osmand:speed>0.7</osmand:speed>
        </extensions>
      </trkpt>
      <trkpt lat="47.2446228" lon="9.3501349">
        <ele>2327.4</ele>
        <time>2026-09-03T10:50:38Z</time>
        <hdop>5.1</hdop>
        <extensions>
          <osmand:speed>0.7</osmand:speed>
        </extensions>
      </trkpt>
      <trkpt lat="47.2446355" lon="9.3501699">
        <ele>2328.4</ele>
        <time>2026-09-03T10:50:44Z</time>
        <hdop>5.1</hdop>
        <extensions>
          <osmand:speed>1</osmand:speed>
        </extensions>
      </trkpt>
      <trkpt lat="47.2446327" lon="9.3502364">
        <ele>2326.4</ele>
        <time>2026-09-03T10:50:50Z</time>
        <hdop>5.1</hdop>
        <extensions>
          <osmand:speed>0.7</osmand:speed>
        </extensions>
      </trkpt>
      <trkpt lat="47.244653" lon="9.3502737">
        <ele>2327.4</ele>
        <time>2026-09-03T10:50:56Z</time>
        <hdop>5.1</hdop>
        <extensions>
          <osmand:speed>0.8</osmand:speed>
        </extensions>
      </trkpt>
      <trkpt lat="47.2446439" lon="9.350303">
        <ele>2326.4</ele>
        <time>2026-09-03T10:51:02Z</time>
        <hdop>4.6</hdop>
        <extensions>
          <osmand:speed>0.8</osmand:speed>
        </extensions>
      </trkpt>
      <trkpt lat="47.2446395" lon="9.3503556">
        <ele>2329.4</ele>
        <time>2026-09-03T10:51:08Z</time>
        <hdop>5.6</hdop>
        <extensions>
          <osmand:speed>0.6</osmand:speed>
        </extensions>
      </trkpt>
      <trkpt lat="47.2446351" lon="9.3504134">
        <ele>2329.4</ele>
        <time>2026-09-03T10:51:14Z</time>
        <hdop>5.6</hdop>
        <extensions>
          <osmand:speed>0.1</osmand:speed>
        </extensions>
      </trkpt>
      <trkpt lat="47.2446124" lon="9.3504593">
        <ele>2331.4</ele>
        <time>2026-09-03T10:51:20Z</time>
        <hdop>4.6</hdop>
        <extensions>
          <osmand:speed>1.1</osmand:speed>
        </extensions>
      </trkpt>
      <trkpt lat="47.244587" lon="9.3505142">
        <ele>2328.4</ele>
        <time>2026-09-03T10:51:26Z</time>
        <hdop>5.1</hdop>
        <extensions>
          <osmand:speed>0.7</osmand:speed>
        </extensions>
      </trkpt>
      <trkpt lat="47.2445878" lon="9.3505786">
        <ele>2327.4</ele>
        <time>2026-09-03T10:51:32Z</time>
        <hdop>4.6</hdop>
        <extensions>
          <osmand:speed>0.7</osmand:speed>
        </extensions>
      </trkpt>
      <trkpt lat="47.244567" lon="9.3506312">
        <ele>2326.4</ele>
        <time>2026-09-03T10:51:38Z</time>
        <hdop>4.6</hdop>
        <extensions>
          <osmand:speed>1.1</osmand:speed>
        </extensions>
      </trkpt>
      <trkpt lat="47.2445263" lon="9.3506722">
        <ele>2324.4</ele>
        <time>2026-09-03T10:51:44Z</time>
        <hdop>4.6</hdop>
        <extensions>
          <osmand:speed>0.9</osmand:speed>
        </extensions>
      </trkpt>
      <trkpt lat="47.2445208" lon="9.3507103">
        <ele>2323.4</ele>
        <time>2026-09-03T10:51:50Z</time>
        <hdop>4.6</hdop>
        <extensions>
          <osmand:speed>0.6</osmand:speed>
        </extensions>
      </trkpt>
      <trkpt lat="47.2445083" lon="9.3507509">
        <ele>2322.4</ele>
        <time>2026-09-03T10:51:56Z</time>
        <hdop>4.6</hdop>
        <extensions>
          <osmand:speed>1</osmand:speed>
        </extensions>
      </trkpt>
      <trkpt lat="47.2444815" lon="9.3507722">
        <ele>2321.4</ele>
        <time>2026-09-03T10:52:02Z</time>
        <hdop>4.1</hdop>
        <extensions>
          <osmand:speed>0.1</osmand:speed>
        </extensions>
      </trkpt>
      <trkpt lat="47.244486" lon="9.3508066">
        <ele>2320.4</ele>
        <time>2026-09-03T10:52:25Z</time>
        <hdop>4.1</hdop>
        <extensions>
          <osmand:speed>0.8</osmand:speed>
        </extensions>
      </trkpt>
      <trkpt lat="47.2445106" lon="9.3508399">
        <ele>2321.4</ele>
        <time>2026-09-03T10:52:31Z</time>
        <hdop>3.6</hdop>
        <extensions>
          <osmand:speed>0.6</osmand:speed>
        </extensions>
      </trkpt>
      <trkpt lat="47.2445243" lon="9.3508782">
        <ele>2320.4</ele>
        <time>2026-09-03T10:52:37Z</time>
        <hdop>4.1</hdop>
        <extensions>
          <osmand:speed>0.3</osmand:speed>
        </extensions>
      </trkpt>
      <trkpt lat="47.2445303" lon="9.3509294">
        <ele>2320.4</ele>
        <time>2026-09-03T10:52:43Z</time>
        <hdop>4.1</hdop>
        <extensions>
          <osmand:speed>0.6</osmand:speed>
        </extensions>
      </trkpt>
      <trkpt lat="47.2445226" lon="9.3509861">
        <ele>2319.4</ele>
        <time>2026-09-03T10:52:49Z</time>
        <hdop>4.1</hdop>
        <extensions>
          <osmand:speed>0.9</osmand:speed>
        </extensions>
      </trkpt>
      <trkpt lat="47.2444976" lon="9.351067">
        <ele>2318.4</ele>
        <time>2026-09-03T10:52:55Z</time>
        <hdop>4.6</hdop>
        <extensions>
          <osmand:speed>0.7</osmand:speed>
        </extensions>
      </trkpt>
      <trkpt lat="47.244508" lon="9.3511213">
        <ele>2316.4</ele>
        <time>2026-09-03T10:53:01Z</time>
        <hdop>4.6</hdop>
        <extensions>
          <osmand:speed>0.8</osmand:speed>
        </extensions>
      </trkpt>
      <trkpt lat="47.2444902" lon="9.3511772">
        <ele>2317.4</ele>
        <time>2026-09-03T10:53:07Z</time>
        <hdop>4.6</hdop>
        <extensions>
          <osmand:speed>0.1</osmand:speed>
        </extensions>
      </trkpt>
      <trkpt lat="47.2444707" lon="9.351237">
        <ele>2316.4</ele>
        <time>2026-09-03T10:53:13Z</time>
        <hdop>4.6</hdop>
        <extensions>
          <osmand:speed>1</osmand:speed>
        </extensions>
      </trkpt>
      <trkpt lat="47.2444806" lon="9.3513301">
        <ele>2315.4</ele>
        <time>2026-09-03T10:53:19Z</time>
        <hdop>4.6</hdop>
        <extensions>
          <osmand:speed>1.4</osmand:speed>
        </extensions>
      </trkpt>
      <trkpt lat="47.2445035" lon="9.3514164">
        <ele>2314.4</ele>
        <time>2026-09-03T10:53:25Z</time>
        <hdop>5.1</hdop>
        <extensions>
          <osmand:speed>0.9</osmand:speed>
        </extensions>
      </trkpt>
      <trkpt lat="47.2445314" lon="9.351445">
        <ele>2314.4</ele>
        <time>2026-09-03T10:53:31Z</time>
        <hdop>4.6</hdop>
        <extensions>
          <osmand:speed>0.9</osmand:speed>
        </extensions>
      </trkpt>
      <trkpt lat="47.2445628" lon="9.3515116">
        <ele>2313.4</ele>
        <time>2026-09-03T10:53:37Z</time>
        <hdop>5.1</hdop>
        <extensions>
          <osmand:speed>0.9</osmand:speed>
        </extensions>
      </trkpt>
      <trkpt lat="47.2445625" lon="9.3515927">
        <ele>2312.4</ele>
        <time>2026-09-03T10:53:43Z</time>
        <hdop>5.1</hdop>
        <extensions>
          <osmand:speed>0.8</osmand:speed>
        </extensions>
      </trkpt>
      <trkpt lat="47.2445779" lon="9.3516654">
        <ele>2311.4</ele>
        <time>2026-09-03T10:53:49Z</time>
        <hdop>5.1</hdop>
        <extensions>
          <osmand:speed>1.4</osmand:speed>
        </extensions>
      </trkpt>
      <trkpt lat="47.2446054" lon="9.351765">
        <ele>2310.4</ele>
        <time>2026-09-03T10:53:55Z</time>
        <hdop>4.6</hdop>
        <extensions>
          <osmand:speed>0.9</osmand:speed>
        </extensions>
      </trkpt>
      <trkpt lat="47.2446251" lon="9.35186">
        <ele>2310.4</ele>
        <time>2026-09-03T10:54:01Z</time>
        <hdop>4.6</hdop>
        <extensions>
          <osmand:speed>1.1</osmand:speed>
        </extensions>
      </trkpt>
      <trkpt lat="47.2446437" lon="9.3519267">
        <ele>2309.4</ele>
        <time>2026-09-03T10:54:07Z</time>
        <hdop>5.1</hdop>
        <extensions>
          <osmand:speed>1.1</osmand:speed>
        </extensions>
      </trkpt>
      <trkpt lat="47.2446594" lon="9.3520101">
        <ele>2308.4</ele>
        <time>2026-09-03T10:54:13Z</time>
        <hdop>5.1</hdop>
        <extensions>
          <osmand:speed>0.9</osmand:speed>
        </extensions>
      </trkpt>
      <trkpt lat="47.244687" lon="9.3520771">
        <ele>2308.4</ele>
        <time>2026-09-03T10:54:19Z</time>
        <hdop>5.1</hdop>
        <extensions>
          <osmand:speed>0.9</osmand:speed>
        </extensions>
      </trkpt>
      <trkpt lat="47.2447148" lon="9.3521231">
        <ele>2308.4</ele>
        <time>2026-09-03T10:54:25Z</time>
        <hdop>5.1</hdop>
        <extensions>
          <osmand:speed>0.6</osmand:speed>
        </extensions>
      </trkpt>
      <trkpt lat="47.2447152" lon="9.3521686">
        <ele>2307.4</ele>
        <time>2026-09-03T10:54:31Z</time>
        <hdop>4.1</hdop>
        <extensions>
          <osmand:speed>0.6</osmand:speed>
        </extensions>
      </trkpt>
      <trkpt lat="47.2447231" lon="9.3521973">
        <ele>2306.4</ele>
        <time>2026-09-03T10:54:37Z</time>
        <hdop>4.1</hdop>
        <extensions>
          <osmand:speed>0.9</osmand:speed>
        </extensions>
      </trkpt>
      <trkpt lat="47.2447227" lon="9.3522251">
        <ele>2308.4</ele>
        <time>2026-09-03T10:54:51Z</time>
        <hdop>4.1</hdop>
        <extensions>
          <osmand:speed>0.8</osmand:speed>
        </extensions>
      </trkpt>
      <trkpt lat="47.2447236" lon="9.3522524">
        <ele>2306.4</ele>
        <time>2026-09-03T10:54:57Z</time>
        <hdop>4.6</hdop>
        <extensions>
          <osmand:speed>0.1</osmand:speed>
        </extensions>
      </trkpt>
      <trkpt lat="47.2447067" lon="9.3522655">
        <ele>2307.4</ele>
        <time>2026-09-03T10:55:21Z</time>
        <hdop>7.1</hdop>
        <extensions>
          <osmand:speed>0.1</osmand:speed>
        </extensions>
      </trkpt>
      <trkpt lat="47.2447147" lon="9.3521054">
        <ele>2292.4</ele>
        <time>2026-09-03T10:56:47Z</time>
        <hdop>12.2</hdop>
        <extensions>
          <osmand:speed>0.6</osmand:speed>
        </extensions>
      </trkpt>
      <trkpt lat="47.2445803" lon="9.3521979">
        <ele>2298.4</ele>
        <time>2026-09-03T10:57:00Z</time>
        <hdop>1</hdop>
        <extensions>
          <osmand:speed>1</osmand:speed>
        </extensions>
      </trkpt>
      <trkpt lat="47.2444999" lon="9.3523171">
        <ele>2305.4</ele>
        <time>2026-09-03T10:57:15Z</time>
        <hdop>13.8</hdop>
        <extensions>
          <osmand:speed>0.9</osmand:speed>
        </extensions>
      </trkpt>
      <trkpt lat="47.2444987" lon="9.3522858">
        <ele>2306.4</ele>
        <time>2026-09-03T10:57:24Z</time>
        <hdop>10.2</hdop>
        <extensions>
          <osmand:speed>0</osmand:speed>
        </extensions>
      </trkpt>
      <trkpt lat="47.2444834" lon="9.3523032">
        <ele>2306.4</ele>
        <time>2026-09-03T10:57:43Z</time>
        <hdop>9.7</hdop>
        <extensions>
          <osmand:speed>0.6</osmand:speed>
        </extensions>
      </trkpt>
      <trkpt lat="47.2444925" lon="9.3523283">
        <ele>2304.4</ele>
        <time>2026-09-03T10:57:49Z</time>
        <hdop>6.6</hdop>
        <extensions>
          <osmand:speed>0.4</osmand:speed>
        </extensions>
      </trkpt>
      <trkpt lat="47.2445037" lon="9.3523532">
        <ele>2304.4</ele>
        <time>2026-09-03T10:57:55Z</time>
        <hdop>11.2</hdop>
        <extensions>
          <osmand:speed>0.4</osmand:speed>
        </extensions>
      </trkpt>
      <trkpt lat="47.244502" lon="9.3523802">
        <ele>2303.4</ele>
        <time>2026-09-03T10:58:02Z</time>
        <hdop>9.2</hdop>
        <extensions>
          <osmand:speed>0.4</osmand:speed>
        </extensions>
      </trkpt>
      <trkpt lat="47.2445139" lon="9.3524422">
        <ele>2303.4</ele>
        <time>2026-09-03T10:58:08Z</time>
        <hdop>8.7</hdop>
        <extensions>
          <osmand:speed>0.9</osmand:speed>
        </extensions>
      </trkpt>
      <trkpt lat="47.2445331" lon="9.3525122">
        <ele>2303.4</ele>
        <time>2026-09-03T10:58:14Z</time>
        <hdop>9.2</hdop>
        <extensions>
          <osmand:speed>1.4</osmand:speed>
        </extensions>
      </trkpt>
      <trkpt lat="47.244555" lon="9.3525711">
        <ele>2305.4</ele>
        <time>2026-09-03T10:58:20Z</time>
        <hdop>9.7</hdop>
        <extensions>
          <osmand:speed>0.6</osmand:speed>
        </extensions>
      </trkpt>
      <trkpt lat="47.2445527" lon="9.3526157">
        <ele>2304.4</ele>
        <time>2026-09-03T10:58:26Z</time>
        <hdop>7.1</hdop>
        <extensions>
          <osmand:speed>0.8</osmand:speed>
        </extensions>
      </trkpt>
      <trkpt lat="47.2445352" lon="9.3526623">
        <ele>2305.4</ele>
        <time>2026-09-03T10:58:32Z</time>
        <hdop>8.2</hdop>
        <extensions>
          <osmand:speed>0.8</osmand:speed>
        </extensions>
      </trkpt>
      <trkpt lat="47.2445146" lon="9.3527115">
        <ele>2304.4</ele>
        <time>2026-09-03T10:58:38Z</time>
        <hdop>8.2</hdop>
        <extensions>
          <osmand:speed>0.8</osmand:speed>
        </extensions>
      </trkpt>
      <trkpt lat="47.2444964" lon="9.3527414">
        <ele>2303.4</ele>
        <time>2026-09-03T10:58:44Z</time>
        <hdop>9.2</hdop>
        <extensions>
          <osmand:speed>0.3</osmand:speed>
        </extensions>
      </trkpt>
      <trkpt lat="47.2444707" lon="9.3527667">
        <ele>2303.4</ele>
        <time>2026-09-03T10:58:50Z</time>
        <hdop>9.7</hdop>
        <extensions>
          <osmand:speed>0.1</osmand:speed>
        </extensions>
      </trkpt>
      <trkpt lat="47.2444553" lon="9.3527882">
        <ele>2302.4</ele>
        <time>2026-09-03T10:59:16Z</time>
        <hdop>8.2</hdop>
        <extensions>
          <osmand:speed>0.5</osmand:speed>
        </extensions>
      </trkpt>
      <trkpt lat="47.2444399" lon="9.3528092">
        <ele>2301.4</ele>
        <time>2026-09-03T10:59:25Z</time>
        <hdop>8.2</hdop>
        <extensions>
          <osmand:speed>1</osmand:speed>
        </extensions>
      </trkpt>
      <trkpt lat="47.2444238" lon="9.3528394">
        <ele>2300.4</ele>
        <time>2026-09-03T10:59:31Z</time>
        <hdop>8.7</hdop>
        <extensions>
          <osmand:speed>0.3</osmand:speed>
        </extensions>
      </trkpt>
      <trkpt lat="47.2443974" lon="9.3528668">
        <ele>2299.4</ele>
        <time>2026-09-03T10:59:37Z</time>
        <hdop>8.7</hdop>
        <extensions>
          <osmand:speed>0.3</osmand:speed>
        </extensions>
      </trkpt>
      <trkpt lat="47.2443826" lon="9.352883">
        <ele>2297.4</ele>
        <time>2026-09-03T10:59:45Z</time>
        <hdop>8.7</hdop>
        <extensions>
          <osmand:speed>0.3</osmand:speed>
        </extensions>
      </trkpt>
      <trkpt lat="47.2443761" lon="9.3529187">
        <ele>2295.4</ele>
        <time>2026-09-03T10:59:51Z</time>
        <hdop>10.7</hdop>
        <extensions>
          <osmand:speed>0.7</osmand:speed>
        </extensions>
      </trkpt>
      <trkpt lat="47.2443801" lon="9.3529633">
        <ele>2294.4</ele>
        <time>2026-09-03T10:59:57Z</time>
        <hdop>13.8</hdop>
        <extensions>
          <osmand:speed>0.5</osmand:speed>
        </extensions>
      </trkpt>
      <trkpt lat="47.244362" lon="9.3530134">
        <ele>2293.4</ele>
        <time>2026-09-03T11:00:03Z</time>
        <hdop>11.2</hdop>
        <extensions>
          <osmand:speed>0.9</osmand:speed>
        </extensions>
      </trkpt>
      <trkpt lat="47.2443581" lon="9.353068">
        <ele>2292.4</ele>
        <time>2026-09-03T11:00:09Z</time>
        <hdop>9.7</hdop>
        <extensions>
          <osmand:speed>0.4</osmand:speed>
        </extensions>
      </trkpt>
      <trkpt lat="47.2443493" lon="9.3531096">
        <ele>2292.4</ele>
        <time>2026-09-03T11:00:15Z</time>
        <hdop>7.7</hdop>
        <extensions>
          <osmand:speed>0.4</osmand:speed>
        </extensions>
      </trkpt>
      <trkpt lat="47.2443549" lon="9.353137">
        <ele>2291.4</ele>
        <time>2026-09-03T11:00:21Z</time>
        <hdop>7.7</hdop>
        <extensions>
          <osmand:speed>0.2</osmand:speed>
        </extensions>
      </trkpt>
      <trkpt lat="47.2443373" lon="9.3531562">
        <ele>2290.4</ele>
        <time>2026-09-03T11:00:27Z</time>
        <hdop>7.1</hdop>
        <extensions>
          <osmand:speed>0.6</osmand:speed>
        </extensions>
      </trkpt>
      <trkpt lat="47.2443171" lon="9.3531683">
        <ele>2288.4</ele>
        <time>2026-09-03T11:00:33Z</time>
        <hdop>6.6</hdop>
        <extensions>
          <osmand:speed>0.4</osmand:speed>
        </extensions>
      </trkpt>
      <trkpt lat="47.2442968" lon="9.3531964">
        <ele>2287.4</ele>
        <time>2026-09-03T11:00:39Z</time>
        <hdop>7.1</hdop>
        <extensions>
          <osmand:speed>0.2</osmand:speed>
        </extensions>
      </trkpt>
      <trkpt lat="47.2442936" lon="9.3532382">
        <ele>2286.4</ele>
        <time>2026-09-03T11:00:45Z</time>
        <hdop>8.2</hdop>
        <extensions>
          <osmand:speed>0.3</osmand:speed>
        </extensions>
      </trkpt>
      <trkpt lat="47.2442746" lon="9.3532613">
        <ele>2285.4</ele>
        <time>2026-09-03T11:00:51Z</time>
        <hdop>9.2</hdop>
        <extensions>
          <osmand:speed>0.4</osmand:speed>
        </extensions>
      </trkpt>
      <trkpt lat="47.2442765" lon="9.353289">
        <ele>2285.4</ele>
        <time>2026-09-03T11:00:57Z</time>
        <hdop>9.2</hdop>
        <extensions>
          <osmand:speed>0.5</osmand:speed>
        </extensions>
      </trkpt>
      <trkpt lat="47.2442795" lon="9.3533324">
        <ele>2284.4</ele>
        <time>2026-09-03T11:01:03Z</time>
        <hdop>9.7</hdop>
        <extensions>
          <osmand:speed>0.8</osmand:speed>
        </extensions>
      </trkpt>
      <trkpt lat="47.244299" lon="9.35338">
        <ele>2284.4</ele>
        <time>2026-09-03T11:01:09Z</time>
        <hdop>7.1</hdop>
        <extensions>
          <osmand:speed>0.8</osmand:speed>
        </extensions>
      </trkpt>
      <trkpt lat="47.2443014" lon="9.3534326">
        <ele>2284.4</ele>
        <time>2026-09-03T11:01:15Z</time>
        <hdop>7.7</hdop>
        <extensions>
          <osmand:speed>0.8</osmand:speed>
        </extensions>
      </trkpt>
      <trkpt lat="47.2442809" lon="9.3534553">
        <ele>2284.4</ele>
        <time>2026-09-03T11:01:47Z</time>
        <hdop>6.6</hdop>
        <extensions>
          <osmand:speed>0.7</osmand:speed>
        </extensions>
      </trkpt>
      <trkpt lat="47.244263" lon="9.3534821">
        <ele>2284.4</ele>
        <time>2026-09-03T11:01:53Z</time>
        <hdop>8.7</hdop>
        <extensions>
          <osmand:speed>1</osmand:speed>
        </extensions>
      </trkpt>
      <trkpt lat="47.2442337" lon="9.3534972">
        <ele>2285.4</ele>
        <time>2026-09-03T11:01:59Z</time>
        <hdop>9.7</hdop>
        <extensions>
          <osmand:speed>1</osmand:speed>
        </extensions>
      </trkpt>
      <trkpt lat="47.2442173" lon="9.3535265">
        <ele>2285.4</ele>
        <time>2026-09-03T11:02:05Z</time>
        <hdop>10.2</hdop>
        <extensions>
          <osmand:speed>0.9</osmand:speed>
        </extensions>
      </trkpt>
      <trkpt lat="47.2442129" lon="9.353557">
        <ele>2285.4</ele>
        <time>2026-09-03T11:02:11Z</time>
        <hdop>10.7</hdop>
        <extensions>
          <osmand:speed>0.4</osmand:speed>
        </extensions>
      </trkpt>
      <trkpt lat="47.2442075" lon="9.3535921">
        <ele>2287.4</ele>
        <time>2026-09-03T11:02:17Z</time>
        <hdop>9.7</hdop>
        <extensions>
          <osmand:speed>0.2</osmand:speed>
        </extensions>
      </trkpt>
      <trkpt lat="47.2442135" lon="9.3536219">
        <ele>2288.4</ele>
        <time>2026-09-03T11:02:24Z</time>
        <hdop>10.7</hdop>
        <extensions>
          <osmand:speed>0.5</osmand:speed>
        </extensions>
      </trkpt>
      <trkpt lat="47.2441986" lon="9.3536465">
        <ele>2290.4</ele>
        <time>2026-09-03T11:02:30Z</time>
        <hdop>11.7</hdop>
        <extensions>
          <osmand:speed>0.1</osmand:speed>
        </extensions>
      </trkpt>
      <trkpt lat="47.2442065" lon="9.3536925">
        <ele>2291.4</ele>
        <time>2026-09-03T11:02:36Z</time>
        <hdop>9.2</hdop>
        <extensions>
          <osmand:speed>0.4</osmand:speed>
        </extensions>
      </trkpt>
      <trkpt lat="47.2441843" lon="9.3537302">
        <ele>2292.4</ele>
        <time>2026-09-03T11:02:42Z</time>
        <hdop>11.2</hdop>
        <extensions>
          <osmand:speed>1.1</osmand:speed>
        </extensions>
      </trkpt>
      <trkpt lat="47.2441677" lon="9.3537419">
        <ele>2290.4</ele>
        <time>2026-09-03T11:02:55Z</time>
        <hdop>10.7</hdop>
        <extensions>
          <osmand:speed>0.6</osmand:speed>
        </extensions>
      </trkpt>
      <trkpt lat="47.2441662" lon="9.3538203">
        <ele>2297.4</ele>
        <time>2026-09-03T11:03:35Z</time>
        <hdop>14.3</hdop>
        <extensions>
          <osmand:speed>0.4</osmand:speed>
        </extensions>
      </trkpt>
      <trkpt lat="47.2441761" lon="9.3538856">
        <ele>2297.4</ele>
        <time>2026-09-03T11:03:41Z</time>
        <hdop>9.7</hdop>
        <extensions>
          <osmand:speed>0.7</osmand:speed>
        </extensions>
      </trkpt>
      <trkpt lat="47.24417" lon="9.3539111">
        <ele>2297.4</ele>
        <time>2026-09-03T11:03:47Z</time>
        <hdop>6.1</hdop>
      </trkpt>
      <trkpt lat="47.2441856" lon="9.3539262">
        <ele>2299.4</ele>
        <time>2026-09-03T11:04:04Z</time>
        <hdop>5.1</hdop>
        <extensions>
          <osmand:speed>0.9</osmand:speed>
        </extensions>
      </trkpt>
      <trkpt lat="47.2441927" lon="9.3539532">
        <ele>2299.4</ele>
        <time>2026-09-03T11:04:11Z</time>
        <hdop>6.1</hdop>
        <extensions>
          <osmand:speed>0.4</osmand:speed>
        </extensions>
      </trkpt>
      <trkpt lat="47.2442042" lon="9.3540951">
        <ele>2291.4</ele>
        <time>2026-09-03T11:04:46Z</time>
        <hdop>13.3</hdop>
        <extensions>
          <osmand:speed>0.3</osmand:speed>
        </extensions>
      </trkpt>
      <trkpt lat="47.2442433" lon="9.3541608">
        <ele>2291.4</ele>
        <time>2026-09-03T11:05:02Z</time>
        <hdop>12.8</hdop>
      </trkpt>
      <trkpt lat="47.2442224" lon="9.3541389">
        <ele>2291.4</ele>
        <time>2026-09-03T11:05:08Z</time>
        <hdop>12.8</hdop>
      </trkpt>
      <trkpt lat="47.2442195" lon="9.3541701">
        <ele>2292.4</ele>
        <time>2026-09-03T11:05:15Z</time>
        <hdop>12.2</hdop>
        <extensions>
          <osmand:speed>0.3</osmand:speed>
        </extensions>
      </trkpt>
      <trkpt lat="47.244243" lon="9.3542128">
        <ele>2291.4</ele>
        <time>2026-09-03T11:05:21Z</time>
        <hdop>13.3</hdop>
        <extensions>
          <osmand:speed>0.4</osmand:speed>
        </extensions>
      </trkpt>
      <trkpt lat="47.2442376" lon="9.354249">
        <ele>2292.4</ele>
        <time>2026-09-03T11:05:27Z</time>
        <hdop>9.2</hdop>
        <extensions>
          <osmand:speed>0.3</osmand:speed>
        </extensions>
      </trkpt>
      <trkpt lat="47.2442588" lon="9.3542639">
        <ele>2289.4</ele>
        <time>2026-09-03T11:05:38Z</time>
        <hdop>12.2</hdop>
        <extensions>
          <osmand:speed>0.1</osmand:speed>
        </extensions>
      </trkpt>
      <trkpt lat="47.2442538" lon="9.3543309">
        <ele>2289.4</ele>
        <time>2026-09-03T11:05:47Z</time>
        <hdop>11.7</hdop>
        <extensions>
          <osmand:speed>0.5</osmand:speed>
        </extensions>
      </trkpt>
      <trkpt lat="47.2442648" lon="9.3543613">
        <ele>2289.4</ele>
        <time>2026-09-03T11:05:53Z</time>
        <hdop>13.8</hdop>
        <extensions>
          <osmand:speed>0.6</osmand:speed>
        </extensions>
      </trkpt>
      <trkpt lat="47.2442687" lon="9.3544225">
        <ele>2291.4</ele>
        <time>2026-09-03T11:06:01Z</time>
        <hdop>13.3</hdop>
        <extensions>
          <osmand:speed>0.5</osmand:speed>
        </extensions>
      </trkpt>
      <trkpt lat="47.2442452" lon="9.3544315">
        <ele>2291.4</ele>
        <time>2026-09-03T11:06:09Z</time>
        <hdop>11.7</hdop>
        <extensions>
          <osmand:speed>0.1</osmand:speed>
        </extensions>
      </trkpt>
      <trkpt lat="47.2442291" lon="9.3544165">
        <ele>2295.4</ele>
        <time>2026-09-03T11:06:19Z</time>
        <hdop>8.7</hdop>
        <extensions>
          <osmand:speed>0.3</osmand:speed>
        </extensions>
      </trkpt>
      <trkpt lat="47.2442125" lon="9.3544059">
        <ele>2300.4</ele>
        <time>2026-09-03T11:06:25Z</time>
        <hdop>6.1</hdop>
        <extensions>
          <osmand:speed>0.5</osmand:speed>
        </extensions>
      </trkpt>
      <trkpt lat="47.2442055" lon="9.3543809">
        <ele>2301.4</ele>
        <time>2026-09-03T11:07:21Z</time>
        <hdop>6.6</hdop>
        <extensions>
          <osmand:speed>0.1</osmand:speed>
        </extensions>
      </trkpt>
      <trkpt lat="47.2442154" lon="9.3544477">
        <ele>2298.4</ele>
        <time>2026-09-03T11:07:27Z</time>
        <hdop>8.7</hdop>
        <extensions>
          <osmand:speed>0.8</osmand:speed>
        </extensions>
      </trkpt>
      <trkpt lat="47.2442163" lon="9.354378">
        <ele>2301.4</ele>
        <time>2026-09-03T11:07:33Z</time>
        <hdop>4.6</hdop>
        <extensions>
          <osmand:speed>0.3</osmand:speed>
        </extensions>
      </trkpt>
      <trkpt lat="47.2441964" lon="9.3543786">
        <ele>2304.4</ele>
        <time>2026-09-03T11:08:35Z</time>
        <hdop>11.2</hdop>
        <extensions>
          <osmand:speed>1.4</osmand:speed>
        </extensions>
      </trkpt>
      <trkpt lat="47.2442064" lon="9.3544012">
        <ele>2305.4</ele>
        <time>2026-09-03T11:09:30Z</time>
        <hdop>10.7</hdop>
        <extensions>
          <osmand:speed>0.1</osmand:speed>
        </extensions>
      </trkpt>
      <trkpt lat="47.2441976" lon="9.3544331">
        <ele>2306.4</ele>
        <time>2026-09-03T11:09:49Z</time>
        <hdop>7.7</hdop>
        <extensions>
          <osmand:speed>0.9</osmand:speed>
        </extensions>
      </trkpt>
      <trkpt lat="47.244209" lon="9.3544612">
        <ele>2307.4</ele>
        <time>2026-09-03T11:09:55Z</time>
        <hdop>9.7</hdop>
        <extensions>
          <osmand:speed>0.3</osmand:speed>
        </extensions>
      </trkpt>
      <trkpt lat="47.2442106" lon="9.354496">
        <ele>2307.4</ele>
        <time>2026-09-03T11:10:01Z</time>
        <hdop>7.7</hdop>
        <extensions>
          <osmand:speed>0.4</osmand:speed>
        </extensions>
      </trkpt>
      <trkpt lat="47.2442076" lon="9.3545248">
        <ele>2307.4</ele>
        <time>2026-09-03T11:10:07Z</time>
        <hdop>7.7</hdop>
        <extensions>
          <osmand:speed>0.7</osmand:speed>
        </extensions>
      </trkpt>
      <trkpt lat="47.2441641" lon="9.3545631">
        <ele>2307.4</ele>
        <time>2026-09-03T11:10:13Z</time>
        <hdop>12.2</hdop>
        <extensions>
          <osmand:speed>0.8</osmand:speed>
        </extensions>
      </trkpt>
      <trkpt lat="47.2441461" lon="9.3545577">
        <ele>2305.4</ele>
        <time>2026-09-03T11:10:22Z</time>
        <hdop>11.7</hdop>
        <extensions>
          <osmand:speed>0.3</osmand:speed>
        </extensions>
      </trkpt>
      <trkpt lat="47.2441177" lon="9.3545585">
        <ele>2305.4</ele>
        <time>2026-09-03T11:10:28Z</time>
        <hdop>9.2</hdop>
        <extensions>
          <osmand:speed>0.7</osmand:speed>
        </extensions>
      </trkpt>
      <trkpt lat="47.2441266" lon="9.3546245">
        <ele>2306.4</ele>
        <time>2026-09-03T11:10:34Z</time>
        <hdop>12.8</hdop>
        <extensions>
          <osmand:speed>1.3</osmand:speed>
        </extensions>
      </trkpt>
      <trkpt lat="47.2441446" lon="9.3546098">
        <ele>2305.4</ele>
        <time>2026-09-03T11:10:53Z</time>
        <hdop>10.2</hdop>
        <extensions>
          <osmand:speed>0.7</osmand:speed>
        </extensions>
      </trkpt>
      <trkpt lat="47.2441141" lon="9.3546051">
        <ele>2306.4</ele>
        <time>2026-09-03T11:11:00Z</time>
        <hdop>10.2</hdop>
        <extensions>
          <osmand:speed>1.4</osmand:speed>
        </extensions>
      </trkpt>
      <trkpt lat="47.2441037" lon="9.3546437">
        <ele>2305.4</ele>
        <time>2026-09-03T11:11:06Z</time>
        <hdop>6.1</hdop>
        <extensions>
          <osmand:speed>0.1</osmand:speed>
        </extensions>
      </trkpt>
      <trkpt lat="47.2441273" lon="9.3546709">
        <ele>2305.4</ele>
        <time>2026-09-03T11:11:12Z</time>
        <hdop>8.7</hdop>
        <extensions>
          <osmand:speed>0.7</osmand:speed>
        </extensions>
      </trkpt>
      <trkpt lat="47.2441555" lon="9.3546914">
        <ele>2303.4</ele>
        <time>2026-09-03T11:11:18Z</time>
        <hdop>8.2</hdop>
        <extensions>
          <osmand:speed>0.5</osmand:speed>
        </extensions>
      </trkpt>
      <trkpt lat="47.2441685" lon="9.3547114">
        <ele>2304.4</ele>
        <time>2026-09-03T11:11:26Z</time>
        <hdop>7.7</hdop>
        <extensions>
          <osmand:speed>0.4</osmand:speed>
        </extensions>
      </trkpt>
      <trkpt lat="47.2441642" lon="9.3547623">
        <ele>2304.4</ele>
        <time>2026-09-03T11:11:32Z</time>
        <hdop>9.2</hdop>
        <extensions>
          <osmand:speed>0.5</osmand:speed>
        </extensions>
      </trkpt>
      <trkpt lat="47.2441772" lon="9.354787">
        <ele>2304.4</ele>
        <time>2026-09-03T11:11:38Z</time>
        <hdop>8.7</hdop>
        <extensions>
          <osmand:speed>0.4</osmand:speed>
        </extensions>
      </trkpt>
      <trkpt lat="47.2441952" lon="9.3548141">
        <ele>2303.4</ele>
        <time>2026-09-03T11:11:44Z</time>
        <hdop>10.2</hdop>
        <extensions>
          <osmand:speed>0.6</osmand:speed>
        </extensions>
      </trkpt>
      <trkpt lat="47.2441793" lon="9.3548">
        <ele>2302.4</ele>
        <time>2026-09-03T11:11:58Z</time>
        <hdop>5.6</hdop>
        <extensions>
          <osmand:speed>0.7</osmand:speed>
        </extensions>
      </trkpt>
      <trkpt lat="47.2441628" lon="9.3547873">
        <ele>2300.4</ele>
        <time>2026-09-03T11:12:06Z</time>
        <hdop>6.1</hdop>
        <extensions>
          <osmand:speed>0.3</osmand:speed>
        </extensions>
      </trkpt>
      <trkpt lat="47.2441429" lon="9.3547763">
        <ele>2299.4</ele>
        <time>2026-09-03T11:12:12Z</time>
        <hdop>6.6</hdop>
        <extensions>
          <osmand:speed>0.4</osmand:speed>
        </extensions>
      </trkpt>
      <trkpt lat="47.2441247" lon="9.3547621">
        <ele>2297.4</ele>
        <time>2026-09-03T11:12:18Z</time>
        <hdop>6.6</hdop>
        <extensions>
          <osmand:speed>0</osmand:speed>
        </extensions>
      </trkpt>
      <trkpt lat="47.2441049" lon="9.3547543">
        <ele>2297.4</ele>
        <time>2026-09-03T11:12:24Z</time>
        <hdop>6.1</hdop>
        <extensions>
          <osmand:speed>0.8</osmand:speed>
        </extensions>
      </trkpt>
      <trkpt lat="47.2440834" lon="9.354746">
        <ele>2297.4</ele>
        <time>2026-09-03T11:12:30Z</time>
        <hdop>7.1</hdop>
        <extensions>
          <osmand:speed>0.4</osmand:speed>
        </extensions>
      </trkpt>
      <trkpt lat="47.2440661" lon="9.3547564">
        <ele>2296.4</ele>
        <time>2026-09-03T11:12:37Z</time>
        <hdop>7.1</hdop>
        <extensions>
          <osmand:speed>0.5</osmand:speed>
        </extensions>
      </trkpt>
      <trkpt lat="47.2440812" lon="9.3547752">
        <ele>2295.4</ele>
        <time>2026-09-03T11:12:44Z</time>
        <hdop>8.2</hdop>
        <extensions>
          <osmand:speed>0.6</osmand:speed>
        </extensions>
      </trkpt>
      <trkpt lat="47.2440478" lon="9.3547903">
        <ele>2294.4</ele>
        <time>2026-09-03T11:12:50Z</time>
        <hdop>8.2</hdop>
        <extensions>
          <osmand:speed>0.5</osmand:speed>
        </extensions>
      </trkpt>
      <trkpt lat="47.2440338" lon="9.3548169">
        <ele>2295.4</ele>
        <time>2026-09-03T11:12:56Z</time>
        <hdop>7.7</hdop>
        <extensions>
          <osmand:speed>0.8</osmand:speed>
        </extensions>
      </trkpt>
      <trkpt lat="47.2440188" lon="9.3548483">
        <ele>2296.4</ele>
        <time>2026-09-03T11:13:02Z</time>
        <hdop>7.7</hdop>
        <extensions>
          <osmand:speed>0.4</osmand:speed>
        </extensions>
      </trkpt>
      <trkpt lat="47.2440029" lon="9.3548736">
        <ele>2295.4</ele>
        <time>2026-09-03T11:13:08Z</time>
        <hdop>11.2</hdop>
        <extensions>
          <osmand:speed>0.6</osmand:speed>
        </extensions>
      </trkpt>
      <trkpt lat="47.2440167" lon="9.3548528">
        <ele>2295.4</ele>
        <time>2026-09-03T11:13:15Z</time>
        <hdop>10.7</hdop>
        <extensions>
          <osmand:speed>0.2</osmand:speed>
        </extensions>
      </trkpt>
      <trkpt lat="47.2440437" lon="9.3548561">
        <ele>2294.4</ele>
        <time>2026-09-03T11:13:21Z</time>
        <hdop>11.2</hdop>
        <extensions>
          <osmand:speed>0.3</osmand:speed>
        </extensions>
      </trkpt>
      <trkpt lat="47.2440308" lon="9.3548774">
        <ele>2290.4</ele>
        <time>2026-09-03T11:13:37Z</time>
        <hdop>7.7</hdop>
        <extensions>
          <osmand:speed>0.2</osmand:speed>
        </extensions>
      </trkpt>
      <trkpt lat="47.244051" lon="9.354901">
        <ele>2290.4</ele>
        <time>2026-09-03T11:13:43Z</time>
        <hdop>6.6</hdop>
        <extensions>
          <osmand:speed>0.4</osmand:speed>
        </extensions>
      </trkpt>
      <trkpt lat="47.244067" lon="9.3549318">
        <ele>2289.4</ele>
        <time>2026-09-03T11:13:49Z</time>
        <hdop>10.2</hdop>
        <extensions>
          <osmand:speed>0.6</osmand:speed>
        </extensions>
      </trkpt>
      <trkpt lat="47.2440838" lon="9.3549436">
        <ele>2288.4</ele>
        <time>2026-09-03T11:13:59Z</time>
        <hdop>9.2</hdop>
        <extensions>
          <osmand:speed>0.4</osmand:speed>
        </extensions>
      </trkpt>
      <trkpt lat="47.2440997" lon="9.3549579">
        <ele>2286.4</ele>
        <time>2026-09-03T11:14:05Z</time>
        <hdop>10.2</hdop>
        <extensions>
          <osmand:speed>0.5</osmand:speed>
        </extensions>
      </trkpt>
      <trkpt lat="47.2440953" lon="9.3549848">
        <ele>2286.4</ele>
        <time>2026-09-03T11:14:11Z</time>
        <hdop>8.7</hdop>
        <extensions>
          <osmand:speed>0.5</osmand:speed>
        </extensions>
      </trkpt>
      <trkpt lat="47.2440998" lon="9.3550132">
        <ele>2285.4</ele>
        <time>2026-09-03T11:14:23Z</time>
        <hdop>9.7</hdop>
        <extensions>
          <osmand:speed>0.1</osmand:speed>
        </extensions>
      </trkpt>
      <trkpt lat="47.244119" lon="9.3549965">
        <ele>2281.4</ele>
        <time>2026-09-03T11:14:44Z</time>
        <hdop>13.8</hdop>
        <extensions>
          <osmand:speed>0.4</osmand:speed>
        </extensions>
      </trkpt>
      <trkpt lat="47.2441472" lon="9.3549792">
        <ele>2280.4</ele>
        <time>2026-09-03T11:14:52Z</time>
        <hdop>13.8</hdop>
        <extensions>
          <osmand:speed>0.2</osmand:speed>
        </extensions>
      </trkpt>
      <trkpt lat="47.2441547" lon="9.355023">
        <ele>2279.4</ele>
        <time>2026-09-03T11:15:01Z</time>
        <hdop>13.3</hdop>
        <extensions>
          <osmand:speed>0.1</osmand:speed>
        </extensions>
      </trkpt>
      <trkpt lat="47.2441791" lon="9.3550277">
        <ele>2277.4</ele>
        <time>2026-09-03T11:15:07Z</time>
        <hdop>12.8</hdop>
        <extensions>
          <osmand:speed>0.1</osmand:speed>
        </extensions>
      </trkpt>
      <trkpt lat="47.2441788" lon="9.3550575">
        <ele>2271.4</ele>
        <time>2026-09-03T11:15:42Z</time>
        <hdop>11.7</hdop>
        <extensions>
          <osmand:speed>0.2</osmand:speed>
        </extensions>
      </trkpt>
      <trkpt lat="47.2441769" lon="9.3550844">
        <ele>2269.4</ele>
        <time>2026-09-03T11:15:50Z</time>
        <hdop>7.7</hdop>
        <extensions>
          <osmand:speed>0.4</osmand:speed>
        </extensions>
      </trkpt>
      <trkpt lat="47.2441483" lon="9.3551186">
        <ele>2271.4</ele>
        <time>2026-09-03T11:15:56Z</time>
        <hdop>8.7</hdop>
        <extensions>
          <osmand:speed>0.8</osmand:speed>
        </extensions>
      </trkpt>
      <trkpt lat="47.2441369" lon="9.3551524">
        <ele>2270.4</ele>
        <time>2026-09-03T11:16:02Z</time>
        <hdop>8.7</hdop>
        <extensions>
          <osmand:speed>0.6</osmand:speed>
        </extensions>
      </trkpt>
      <trkpt lat="47.2441379" lon="9.3551923">
        <ele>2270.4</ele>
        <time>2026-09-03T11:16:08Z</time>
        <hdop>8.2</hdop>
        <extensions>
          <osmand:speed>0.2</osmand:speed>
        </extensions>
      </trkpt>
      <trkpt lat="47.2441335" lon="9.3552292">
        <ele>2270.4</ele>
        <time>2026-09-03T11:16:14Z</time>
        <hdop>10.2</hdop>
        <extensions>
          <osmand:speed>0</osmand:speed>
        </extensions>
      </trkpt>
      <trkpt lat="47.2441302" lon="9.3552629">
        <ele>2269.4</ele>
        <time>2026-09-03T11:16:20Z</time>
        <hdop>9.2</hdop>
        <extensions>
          <osmand:speed>0.1</osmand:speed>
        </extensions>
      </trkpt>
      <trkpt lat="47.2441401" lon="9.35529">
        <ele>2269.4</ele>
        <time>2026-09-03T11:16:26Z</time>
        <hdop>8.7</hdop>
        <extensions>
          <osmand:speed>0.7</osmand:speed>
        </extensions>
      </trkpt>
      <trkpt lat="47.2441583" lon="9.3553041">
        <ele>2265.4</ele>
        <time>2026-09-03T11:16:38Z</time>
        <hdop>7.7</hdop>
        <extensions>
          <osmand:speed>0.6</osmand:speed>
        </extensions>
      </trkpt>
      <trkpt lat="47.2441887" lon="9.3553198">
        <ele>2264.4</ele>
        <time>2026-09-03T11:16:44Z</time>
        <hdop>9.7</hdop>
        <extensions>
          <osmand:speed>0.4</osmand:speed>
        </extensions>
      </trkpt>
      <trkpt lat="47.2442262" lon="9.3553">
        <ele>2260.4</ele>
        <time>2026-09-03T11:16:50Z</time>
        <hdop>8.7</hdop>
        <extensions>
          <osmand:speed>0.4</osmand:speed>
        </extensions>
      </trkpt>
      <trkpt lat="47.2442054" lon="9.3553147">
        <ele>2259.4</ele>
        <time>2026-09-03T11:16:56Z</time>
        <hdop>7.1</hdop>
        <extensions>
          <osmand:speed>0.6</osmand:speed>
        </extensions>
      </trkpt>
      <trkpt lat="47.2441678" lon="9.3553525">
        <ele>2259.4</ele>
        <time>2026-09-03T11:17:02Z</time>
        <hdop>6.6</hdop>
        <extensions>
          <osmand:speed>0.9</osmand:speed>
        </extensions>
      </trkpt>
      <trkpt lat="47.2441459" lon="9.3553656">
        <ele>2258.4</ele>
        <time>2026-09-03T11:17:08Z</time>
        <hdop>5.6</hdop>
        <extensions>
          <osmand:speed>0.2</osmand:speed>
        </extensions>
      </trkpt>
      <trkpt lat="47.2441567" lon="9.3553929">
        <ele>2258.4</ele>
        <time>2026-09-03T11:17:14Z</time>
        <hdop>8.7</hdop>
        <extensions>
          <osmand:speed>0.8</osmand:speed>
        </extensions>
      </trkpt>
      <trkpt lat="47.2441743" lon="9.3554072">
        <ele>2256.4</ele>
        <time>2026-09-03T11:17:23Z</time>
        <hdop>5.6</hdop>
        <extensions>
          <osmand:speed>0.5</osmand:speed>
        </extensions>
      </trkpt>
      <trkpt lat="47.2442036" lon="9.355412">
        <ele>2253.4</ele>
        <time>2026-09-03T11:17:29Z</time>
        <hdop>4.6</hdop>
        <extensions>
          <osmand:speed>0.5</osmand:speed>
        </extensions>
      </trkpt>
      <trkpt lat="47.2442251" lon="9.3554357">
        <ele>2253.4</ele>
        <time>2026-09-03T11:17:35Z</time>
        <hdop>6.1</hdop>
        <extensions>
          <osmand:speed>0.3</osmand:speed>
        </extensions>
      </trkpt>
      <trkpt lat="47.2442384" lon="9.3554564">
        <ele>2251.4</ele>
        <time>2026-09-03T11:17:43Z</time>
        <hdop>7.1</hdop>
        <extensions>
          <osmand:speed>0.4</osmand:speed>
        </extensions>
      </trkpt>
      <trkpt lat="47.2442422" lon="9.3554943">
        <ele>2251.4</ele>
        <time>2026-09-03T11:17:49Z</time>
        <hdop>8.7</hdop>
        <extensions>
          <osmand:speed>0.3</osmand:speed>
        </extensions>
      </trkpt>
      <trkpt lat="47.2442324" lon="9.3555233">
        <ele>2251.4</ele>
        <time>2026-09-03T11:17:57Z</time>
        <hdop>7.1</hdop>
        <extensions>
          <osmand:speed>0.5</osmand:speed>
        </extensions>
      </trkpt>
      <trkpt lat="47.2442197" lon="9.3555454">
        <ele>2250.4</ele>
        <time>2026-09-03T11:18:03Z</time>
        <hdop>5.6</hdop>
        <extensions>
          <osmand:speed>0.1</osmand:speed>
        </extensions>
      </trkpt>
      <trkpt lat="47.2441927" lon="9.3555844">
        <ele>2250.4</ele>
        <time>2026-09-03T11:18:09Z</time>
        <hdop>6.1</hdop>
        <extensions>
          <osmand:speed>0.8</osmand:speed>
        </extensions>
      </trkpt>
      <trkpt lat="47.2441719" lon="9.3556193">
        <ele>2250.4</ele>
        <time>2026-09-03T11:18:15Z</time>
        <hdop>6.6</hdop>
        <extensions>
          <osmand:speed>0.4</osmand:speed>
        </extensions>
      </trkpt>
      <trkpt lat="47.244192" lon="9.3556368">
        <ele>2246.4</ele>
        <time>2026-09-03T11:18:28Z</time>
        <hdop>8.2</hdop>
        <extensions>
          <osmand:speed>1.1</osmand:speed>
        </extensions>
      </trkpt>
      <trkpt lat="47.244227" lon="9.355632">
        <ele>2245.4</ele>
        <time>2026-09-03T11:18:34Z</time>
        <hdop>8.2</hdop>
        <extensions>
          <osmand:speed>0.6</osmand:speed>
        </extensions>
      </trkpt>
      <trkpt lat="47.2442564" lon="9.3556465">
        <ele>2243.4</ele>
        <time>2026-09-03T11:18:40Z</time>
        <hdop>7.7</hdop>
        <extensions>
          <osmand:speed>0.4</osmand:speed>
        </extensions>
      </trkpt>
      <trkpt lat="47.2442477" lon="9.3556927">
        <ele>2242.4</ele>
        <time>2026-09-03T11:18:46Z</time>
        <hdop>7.1</hdop>
        <extensions>
          <osmand:speed>0.4</osmand:speed>
        </extensions>
      </trkpt>
      <trkpt lat="47.2442286" lon="9.3557104">
        <ele>2238.4</ele>
        <time>2026-09-03T11:18:54Z</time>
        <hdop>6.1</hdop>
        <extensions>
          <osmand:speed>0.4</osmand:speed>
        </extensions>
      </trkpt>
      <trkpt lat="47.2442327" lon="9.3557396">
        <ele>2236.4</ele>
        <time>2026-09-03T11:19:02Z</time>
        <hdop>6.6</hdop>
        <extensions>
          <osmand:speed>0.5</osmand:speed>
        </extensions>
      </trkpt>
      <trkpt lat="47.244226" lon="9.3557698">
        <ele>2236.4</ele>
        <time>2026-09-03T11:19:09Z</time>
        <hdop>8.2</hdop>
        <extensions>
          <osmand:speed>0.6</osmand:speed>
        </extensions>
      </trkpt>
      <trkpt lat="47.2442459" lon="9.3557727">
        <ele>2234.4</ele>
        <time>2026-09-03T11:19:15Z</time>
        <hdop>8.2</hdop>
        <extensions>
          <osmand:speed>0.6</osmand:speed>
        </extensions>
      </trkpt>
      <trkpt lat="47.2442774" lon="9.3557903">
        <ele>2234.4</ele>
        <time>2026-09-03T11:19:21Z</time>
        <hdop>6.6</hdop>
        <extensions>
          <osmand:speed>0.5</osmand:speed>
        </extensions>
      </trkpt>
      <trkpt lat="47.2442974" lon="9.3557812">
        <ele>2232.4</ele>
        <time>2026-09-03T11:19:27Z</time>
        <hdop>5.1</hdop>
        <extensions>
          <osmand:speed>0</osmand:speed>
        </extensions>
      </trkpt>
      <trkpt lat="47.2443016" lon="9.3558145">
        <ele>2231.4</ele>
        <time>2026-09-03T11:19:35Z</time>
        <hdop>7.7</hdop>
        <extensions>
          <osmand:speed>0.1</osmand:speed>
        </extensions>
      </trkpt>
      <trkpt lat="47.2442973" lon="9.355846">
        <ele>2231.4</ele>
        <time>2026-09-03T11:20:37Z</time>
        <hdop>6.6</hdop>
        <extensions>
          <osmand:speed>0.6</osmand:speed>
        </extensions>
      </trkpt>
      <trkpt lat="47.2442717" lon="9.3558776">
        <ele>2231.4</ele>
        <time>2026-09-03T11:20:43Z</time>
        <hdop>6.6</hdop>
        <extensions>
          <osmand:speed>0.3</osmand:speed>
        </extensions>
      </trkpt>
      <trkpt lat="47.2442523" lon="9.3559012">
        <ele>2229.4</ele>
        <time>2026-09-03T11:20:49Z</time>
        <hdop>6.1</hdop>
        <extensions>
          <osmand:speed>0.7</osmand:speed>
        </extensions>
      </trkpt>
      <trkpt lat="47.2442677" lon="9.355942">
        <ele>2228.4</ele>
        <time>2026-09-03T11:20:55Z</time>
        <hdop>5.6</hdop>
        <extensions>
          <osmand:speed>0.7</osmand:speed>
        </extensions>
      </trkpt>
      <trkpt lat="47.2442739" lon="9.3559703">
        <ele>2227.4</ele>
        <time>2026-09-03T11:21:05Z</time>
        <hdop>5.1</hdop>
        <extensions>
          <osmand:speed>0.5</osmand:speed>
        </extensions>
      </trkpt>
      <trkpt lat="47.2442849" lon="9.3560211">
        <ele>2225.4</ele>
        <time>2026-09-03T11:21:11Z</time>
        <hdop>5.6</hdop>
        <extensions>
          <osmand:speed>0.7</osmand:speed>
        </extensions>
      </trkpt>
      <trkpt lat="47.2443019" lon="9.3560662">
        <ele>2224.4</ele>
        <time>2026-09-03T11:21:17Z</time>
        <hdop>6.1</hdop>
        <extensions>
          <osmand:speed>0.8</osmand:speed>
        </extensions>
      </trkpt>
      <trkpt lat="47.2443138" lon="9.3560941">
        <ele>2223.4</ele>
        <time>2026-09-03T11:21:26Z</time>
        <hdop>5.6</hdop>
        <extensions>
          <osmand:speed>0.4</osmand:speed>
        </extensions>
      </trkpt>
      <trkpt lat="47.2443257" lon="9.3561402">
        <ele>2222.4</ele>
        <time>2026-09-03T11:21:32Z</time>
        <hdop>5.6</hdop>
        <extensions>
          <osmand:speed>0.5</osmand:speed>
        </extensions>
      </trkpt>
      <trkpt lat="47.2443302" lon="9.3561696">
        <ele>2222.4</ele>
        <time>2026-09-03T11:21:38Z</time>
        <hdop>7.1</hdop>
        <extensions>
          <osmand:speed>0.8</osmand:speed>
        </extensions>
      </trkpt>
      <trkpt lat="47.2443106" lon="9.3561961">
        <ele>2220.4</ele>
        <time>2026-09-03T11:21:44Z</time>
        <hdop>5.6</hdop>
        <extensions>
          <osmand:speed>0.6</osmand:speed>
        </extensions>
      </trkpt>
      <trkpt lat="47.2443351" lon="9.3562186">
        <ele>2216.4</ele>
        <time>2026-09-03T11:21:50Z</time>
        <hdop>5.6</hdop>
        <extensions>
          <osmand:speed>0.5</osmand:speed>
        </extensions>
      </trkpt>
      <trkpt lat="47.2443241" lon="9.3562788">
        <ele>2216.4</ele>
        <time>2026-09-03T11:21:56Z</time>
        <hdop>5.1</hdop>
        <extensions>
          <osmand:speed>0.6</osmand:speed>
        </extensions>
      </trkpt>
      <trkpt lat="47.2443063" lon="9.3562972">
        <ele>2214.4</ele>
        <time>2026-09-03T11:22:03Z</time>
        <hdop>5.6</hdop>
        <extensions>
          <osmand:speed>1.1</osmand:speed>
        </extensions>
      </trkpt>
      <trkpt lat="47.2442729" lon="9.3562952">
        <ele>2213.4</ele>
        <time>2026-09-03T11:22:09Z</time>
        <hdop>8.7</hdop>
        <extensions>
          <osmand:speed>0.7</osmand:speed>
        </extensions>
      </trkpt>
      <trkpt lat="47.2442539" lon="9.3563098">
        <ele>2213.4</ele>
        <time>2026-09-03T11:22:16Z</time>
        <hdop>4.1</hdop>
        <extensions>
          <osmand:speed>0.6</osmand:speed>
        </extensions>
      </trkpt>
      <trkpt lat="47.2442565" lon="9.3563484">
        <ele>2212.4</ele>
        <time>2026-09-03T11:22:22Z</time>
        <hdop>5.1</hdop>
        <extensions>
          <osmand:speed>0.3</osmand:speed>
        </extensions>
      </trkpt>
      <trkpt lat="47.2442704" lon="9.3564111">
        <ele>2211.4</ele>
        <time>2026-09-03T11:22:28Z</time>
        <hdop>4.6</hdop>
        <extensions>
          <osmand:speed>0.5</osmand:speed>
        </extensions>
      </trkpt>
      <trkpt lat="47.2442742" lon="9.3564458">
        <ele>2209.4</ele>
        <time>2026-09-03T11:22:34Z</time>
        <hdop>4.6</hdop>
        <extensions>
          <osmand:speed>0.4</osmand:speed>
        </extensions>
      </trkpt>
      <trkpt lat="47.2442744" lon="9.3565077">
        <ele>2209.4</ele>
        <time>2026-09-03T11:22:40Z</time>
        <hdop>5.1</hdop>
        <extensions>
          <osmand:speed>0.9</osmand:speed>
        </extensions>
      </trkpt>
      <trkpt lat="47.2442749" lon="9.3565818">
        <ele>2208.4</ele>
        <time>2026-09-03T11:22:46Z</time>
        <hdop>5.1</hdop>
        <extensions>
          <osmand:speed>0.5</osmand:speed>
        </extensions>
      </trkpt>
      <trkpt lat="47.2442726" lon="9.3566444">
        <ele>2207.4</ele>
        <time>2026-09-03T11:22:52Z</time>
        <hdop>6.1</hdop>
        <extensions>
          <osmand:speed>0.6</osmand:speed>
        </extensions>
      </trkpt>
      <trkpt lat="47.2442563" lon="9.3566897">
        <ele>2205.4</ele>
        <time>2026-09-03T11:22:58Z</time>
        <hdop>4.6</hdop>
        <extensions>
          <osmand:speed>1</osmand:speed>
        </extensions>
      </trkpt>
      <trkpt lat="47.2442519" lon="9.3567208">
        <ele>2204.4</ele>
        <time>2026-09-03T11:23:04Z</time>
        <hdop>5.1</hdop>
        <extensions>
          <osmand:speed>0</osmand:speed>
        </extensions>
      </trkpt>
      <trkpt lat="47.2442394" lon="9.3567412">
        <ele>2206.4</ele>
        <time>2026-09-03T11:23:32Z</time>
        <hdop>5.1</hdop>
        <extensions>
          <osmand:speed>0.7</osmand:speed>
        </extensions>
      </trkpt>
      <trkpt lat="47.2442399" lon="9.3567706">
        <ele>2205.4</ele>
        <time>2026-09-03T11:23:45Z</time>
        <hdop>5.6</hdop>
        <extensions>
          <osmand:speed>0.6</osmand:speed>
        </extensions>
      </trkpt>
      <trkpt lat="47.2442418" lon="9.3568171">
        <ele>2205.4</ele>
        <time>2026-09-03T11:23:51Z</time>
        <hdop>9.2</hdop>
        <extensions>
          <osmand:speed>0.6</osmand:speed>
        </extensions>
      </trkpt>
      <trkpt lat="47.2442548" lon="9.3568737">
        <ele>2204.4</ele>
        <time>2026-09-03T11:23:57Z</time>
        <hdop>9.7</hdop>
        <extensions>
          <osmand:speed>0.6</osmand:speed>
        </extensions>
      </trkpt>
      <trkpt lat="47.2442412" lon="9.3569131">
        <ele>2203.4</ele>
        <time>2026-09-03T11:24:03Z</time>
        <hdop>6.1</hdop>
        <extensions>
          <osmand:speed>0.7</osmand:speed>
        </extensions>
      </trkpt>
      <trkpt lat="47.2442267" lon="9.3569752">
        <ele>2202.4</ele>
        <time>2026-09-03T11:24:09Z</time>
        <hdop>5.6</hdop>
        <extensions>
          <osmand:speed>0.5</osmand:speed>
        </extensions>
      </trkpt>
      <trkpt lat="47.2442142" lon="9.3570042">
        <ele>2201.4</ele>
        <time>2026-09-03T11:24:15Z</time>
        <hdop>4.1</hdop>
        <extensions>
          <osmand:speed>0.5</osmand:speed>
        </extensions>
      </trkpt>
      <trkpt lat="47.2442125" lon="9.3570514">
        <ele>2199.4</ele>
        <time>2026-09-03T11:24:21Z</time>
        <hdop>4.6</hdop>
        <extensions>
          <osmand:speed>1.2</osmand:speed>
        </extensions>
      </trkpt>
      <trkpt lat="47.2442241" lon="9.3570909">
        <ele>2198.4</ele>
        <time>2026-09-03T11:24:52Z</time>
        <hdop>4.1</hdop>
        <extensions>
          <osmand:speed>2.5</osmand:speed>
        </extensions>
      </trkpt>
      <trkpt lat="47.2442367" lon="9.3571114">
        <ele>2199.4</ele>
        <time>2026-09-03T11:25:02Z</time>
        <hdop>5.1</hdop>
        <extensions>
          <osmand:speed>0.5</osmand:speed>
        </extensions>
      </trkpt>
      <trkpt lat="47.2442547" lon="9.3571601">
        <ele>2197.4</ele>
        <time>2026-09-03T11:25:08Z</time>
        <hdop>5.6</hdop>
        <extensions>
          <osmand:speed>0.3</osmand:speed>
        </extensions>
      </trkpt>
      <trkpt lat="47.2442624" lon="9.35719">
        <ele>2197.4</ele>
        <time>2026-09-03T11:25:16Z</time>
        <hdop>5.6</hdop>
        <extensions>
          <osmand:speed>0.5</osmand:speed>
        </extensions>
      </trkpt>
      <trkpt lat="47.2442585" lon="9.3572344">
        <ele>2196.4</ele>
        <time>2026-09-03T11:25:22Z</time>
        <hdop>5.6</hdop>
        <extensions>
          <osmand:speed>0.3</osmand:speed>
        </extensions>
      </trkpt>
      <trkpt lat="47.2442446" lon="9.3572773">
        <ele>2195.4</ele>
        <time>2026-09-03T11:25:28Z</time>
        <hdop>6.1</hdop>
        <extensions>
          <osmand:speed>0.9</osmand:speed>
        </extensions>
      </trkpt>
      <trkpt lat="47.2442374" lon="9.3573159">
        <ele>2193.4</ele>
        <time>2026-09-03T11:25:35Z</time>
        <hdop>6.1</hdop>
        <extensions>
          <osmand:speed>0.5</osmand:speed>
        </extensions>
      </trkpt>
      <trkpt lat="47.2442539" lon="9.3573329">
        <ele>2192.4</ele>
        <time>2026-09-03T11:25:41Z</time>
        <hdop>5.6</hdop>
        <extensions>
          <osmand:speed>0.1</osmand:speed>
        </extensions>
      </trkpt>
      <trkpt lat="47.2442537" lon="9.3573639">
        <ele>2192.4</ele>
        <time>2026-09-03T11:25:47Z</time>
        <hdop>5.1</hdop>
        <extensions>
          <osmand:speed>0.7</osmand:speed>
        </extensions>
      </trkpt>
      <trkpt lat="47.2442544" lon="9.3573932">
        <ele>2192.4</ele>
        <time>2026-09-03T11:25:55Z</time>
        <hdop>5.1</hdop>
        <extensions>
          <osmand:speed>0.5</osmand:speed>
        </extensions>
      </trkpt>
      <trkpt lat="47.2442326" lon="9.3574215">
        <ele>2192.4</ele>
        <time>2026-09-03T11:26:01Z</time>
        <hdop>5.6</hdop>
        <extensions>
          <osmand:speed>0.1</osmand:speed>
        </extensions>
      </trkpt>
      <trkpt lat="47.2442203" lon="9.3574449">
        <ele>2191.4</ele>
        <time>2026-09-03T11:26:08Z</time>
        <hdop>4.6</hdop>
        <extensions>
          <osmand:speed>1</osmand:speed>
        </extensions>
      </trkpt>
      <trkpt lat="47.2442034" lon="9.3574282">
        <ele>2190.4</ele>
        <time>2026-09-03T11:26:14Z</time>
        <hdop>5.1</hdop>
        <extensions>
          <osmand:speed>0.3</osmand:speed>
        </extensions>
      </trkpt>
      <trkpt lat="47.2441825" lon="9.3574014">
        <ele>2189.4</ele>
        <time>2026-09-03T11:26:20Z</time>
        <hdop>5.6</hdop>
        <extensions>
          <osmand:speed>0.7</osmand:speed>
        </extensions>
      </trkpt>
      <trkpt lat="47.2441612" lon="9.3573662">
        <ele>2188.4</ele>
        <time>2026-09-03T11:26:26Z</time>
        <hdop>4.6</hdop>
        <extensions>
          <osmand:speed>0.5</osmand:speed>
        </extensions>
      </trkpt>
      <trkpt lat="47.2441408" lon="9.3573438">
        <ele>2186.4</ele>
        <time>2026-09-03T11:26:34Z</time>
        <hdop>5.1</hdop>
        <extensions>
          <osmand:speed>0.8</osmand:speed>
        </extensions>
      </trkpt>
      <trkpt lat="47.244125" lon="9.3573303">
        <ele>2185.4</ele>
        <time>2026-09-03T11:26:41Z</time>
        <hdop>5.6</hdop>
        <extensions>
          <osmand:speed>0.9</osmand:speed>
        </extensions>
      </trkpt>
      <trkpt lat="47.2440949" lon="9.357274">
        <ele>2185.4</ele>
        <time>2026-09-03T11:26:47Z</time>
        <hdop>4.6</hdop>
        <extensions>
          <osmand:speed>0.4</osmand:speed>
        </extensions>
      </trkpt>
      <trkpt lat="47.2440793" lon="9.3572441">
        <ele>2185.4</ele>
        <time>2026-09-03T11:26:53Z</time>
        <hdop>6.1</hdop>
        <extensions>
          <osmand:speed>0.4</osmand:speed>
        </extensions>
      </trkpt>
      <trkpt lat="47.2440884" lon="9.3572775">
        <ele>2184.4</ele>
        <time>2026-09-03T11:26:59Z</time>
        <hdop>5.6</hdop>
        <extensions>
          <osmand:speed>0.1</osmand:speed>
        </extensions>
      </trkpt>
      <trkpt lat="47.2440998" lon="9.357316">
        <ele>2183.4</ele>
        <time>2026-09-03T11:27:05Z</time>
        <hdop>5.6</hdop>
        <extensions>
          <osmand:speed>0.6</osmand:speed>
        </extensions>
      </trkpt>
      <trkpt lat="47.244101" lon="9.3573529">
        <ele>2182.4</ele>
        <time>2026-09-03T11:27:11Z</time>
        <hdop>5.1</hdop>
        <extensions>
          <osmand:speed>0.2</osmand:speed>
        </extensions>
      </trkpt>
      <trkpt lat="47.2441037" lon="9.3574052">
        <ele>2181.4</ele>
        <time>2026-09-03T11:27:17Z</time>
        <hdop>5.1</hdop>
        <extensions>
          <osmand:speed>0.5</osmand:speed>
        </extensions>
      </trkpt>
      <trkpt lat="47.2440964" lon="9.3574671">
        <ele>2180.4</ele>
        <time>2026-09-03T11:27:23Z</time>
        <hdop>5.6</hdop>
        <extensions>
          <osmand:speed>0.6</osmand:speed>
        </extensions>
      </trkpt>
      <trkpt lat="47.2440853" lon="9.3574901">
        <ele>2180.4</ele>
        <time>2026-09-03T11:27:29Z</time>
        <hdop>5.1</hdop>
        <extensions>
          <osmand:speed>0.4</osmand:speed>
        </extensions>
      </trkpt>
      <trkpt lat="47.2440054" lon="9.3576894">
        <ele>2173.4</ele>
        <time>2026-09-03T11:27:58Z</time>
        <hdop>9.2</hdop>
        <extensions>
          <osmand:speed>0.7</osmand:speed>
        </extensions>
      </trkpt>
      <trkpt lat="47.2439926" lon="9.3577394">
        <ele>2173.4</ele>
        <time>2026-09-03T11:28:04Z</time>
        <hdop>6.1</hdop>
        <extensions>
          <osmand:speed>0.9</osmand:speed>
        </extensions>
      </trkpt>
      <trkpt lat="47.2439851" lon="9.3577897">
        <ele>2173.4</ele>
        <time>2026-09-03T11:28:10Z</time>
        <hdop>5.6</hdop>
        <extensions>
          <osmand:speed>0.3</osmand:speed>
        </extensions>
      </trkpt>
      <trkpt lat="47.2439865" lon="9.3578239">
        <ele>2174.4</ele>
        <time>2026-09-03T11:28:16Z</time>
        <hdop>5.6</hdop>
        <extensions>
          <osmand:speed>0.5</osmand:speed>
        </extensions>
      </trkpt>
      <trkpt lat="47.2440052" lon="9.3578831">
        <ele>2173.4</ele>
        <time>2026-09-03T11:28:22Z</time>
        <hdop>5.6</hdop>
        <extensions>
          <osmand:speed>1</osmand:speed>
        </extensions>
      </trkpt>
      <trkpt lat="47.2440084" lon="9.3579551">
        <ele>2173.4</ele>
        <time>2026-09-03T11:28:28Z</time>
        <hdop>4.6</hdop>
        <extensions>
          <osmand:speed>0.7</osmand:speed>
        </extensions>
      </trkpt>
      <trkpt lat="47.24401" lon="9.358019">
        <ele>2173.4</ele>
        <time>2026-09-03T11:28:34Z</time>
        <hdop>5.1</hdop>
        <extensions>
          <osmand:speed>0.8</osmand:speed>
        </extensions>
      </trkpt>
      <trkpt lat="47.2439956" lon="9.3580822">
        <ele>2174.4</ele>
        <time>2026-09-03T11:28:40Z</time>
        <hdop>4.6</hdop>
        <extensions>
          <osmand:speed>0.8</osmand:speed>
        </extensions>
      </trkpt>
      <trkpt lat="47.2440016" lon="9.3581254">
        <ele>2173.4</ele>
        <time>2026-09-03T11:28:46Z</time>
        <hdop>5.1</hdop>
        <extensions>
          <osmand:speed>0.8</osmand:speed>
        </extensions>
      </trkpt>
      <trkpt lat="47.2440181" lon="9.3581709">
        <ele>2173.4</ele>
        <time>2026-09-03T11:28:52Z</time>
        <hdop>3.1</hdop>
        <extensions>
          <osmand:speed>0.6</osmand:speed>
        </extensions>
      </trkpt>
      <trkpt lat="47.2440138" lon="9.3581988">
        <ele>2173.4</ele>
        <time>2026-09-03T11:29:03Z</time>
        <hdop>3.6</hdop>
        <extensions>
          <osmand:speed>0.8</osmand:speed>
        </extensions>
      </trkpt>
      <trkpt lat="47.2440425" lon="9.3582242">
        <ele>2171.4</ele>
        <time>2026-09-03T11:29:09Z</time>
        <hdop>5.6</hdop>
        <extensions>
          <osmand:speed>0.8</osmand:speed>
        </extensions>
      </trkpt>
      <trkpt lat="47.2440506" lon="9.3582766">
        <ele>2170.4</ele>
        <time>2026-09-03T11:29:15Z</time>
        <hdop>6.1</hdop>
        <extensions>
          <osmand:speed>0.6</osmand:speed>
        </extensions>
      </trkpt>
      <trkpt lat="47.2440571" lon="9.3583138">
        <ele>2170.4</ele>
        <time>2026-09-03T11:29:21Z</time>
        <hdop>6.1</hdop>
        <extensions>
          <osmand:speed>0.4</osmand:speed>
        </extensions>
      </trkpt>
      <trkpt lat="47.2440838" lon="9.3583445">
        <ele>2170.4</ele>
        <time>2026-09-03T11:29:27Z</time>
        <hdop>5.1</hdop>
        <extensions>
          <osmand:speed>0.2</osmand:speed>
        </extensions>
      </trkpt>
      <trkpt lat="47.2440969" lon="9.3583887">
        <ele>2169.4</ele>
        <time>2026-09-03T11:29:33Z</time>
        <hdop>5.6</hdop>
        <extensions>
          <osmand:speed>0.4</osmand:speed>
        </extensions>
      </trkpt>
      <trkpt lat="47.2440997" lon="9.3584265">
        <ele>2168.4</ele>
        <time>2026-09-03T11:29:39Z</time>
        <hdop>5.6</hdop>
        <extensions>
          <osmand:speed>0.4</osmand:speed>
        </extensions>
      </trkpt>
      <trkpt lat="47.2441247" lon="9.358467">
        <ele>2169.4</ele>
        <time>2026-09-03T11:29:45Z</time>
        <hdop>5.1</hdop>
        <extensions>
          <osmand:speed>0.5</osmand:speed>
        </extensions>
      </trkpt>
      <trkpt lat="47.2441249" lon="9.3585118">
        <ele>2168.4</ele>
        <time>2026-09-03T11:29:51Z</time>
        <hdop>4.1</hdop>
        <extensions>
          <osmand:speed>0.6</osmand:speed>
        </extensions>
      </trkpt>
      <trkpt lat="47.2441268" lon="9.3585519">
        <ele>2167.4</ele>
        <time>2026-09-03T11:29:57Z</time>
        <hdop>4.6</hdop>
        <extensions>
          <osmand:speed>0.6</osmand:speed>
        </extensions>
      </trkpt>
      <trkpt lat="47.2441312" lon="9.3586122">
        <ele>2165.4</ele>
        <time>2026-09-03T11:30:03Z</time>
        <hdop>4.6</hdop>
        <extensions>
          <osmand:speed>0.8</osmand:speed>
        </extensions>
      </trkpt>
      <trkpt lat="47.2441465" lon="9.3586521">
        <ele>2164.4</ele>
        <time>2026-09-03T11:30:09Z</time>
        <hdop>4.6</hdop>
        <extensions>
          <osmand:speed>0.6</osmand:speed>
        </extensions>
      </trkpt>
      <trkpt lat="47.2441403" lon="9.3586796">
        <ele>2163.4</ele>
        <time>2026-09-03T11:30:30Z</time>
        <hdop>4.1</hdop>
        <extensions>
          <osmand:speed>0.3</osmand:speed>
        </extensions>
      </trkpt>
      <trkpt lat="47.2441337" lon="9.3587392">
        <ele>2163.4</ele>
        <time>2026-09-03T11:30:36Z</time>
        <hdop>5.1</hdop>
        <extensions>
          <osmand:speed>0.8</osmand:speed>
        </extensions>
      </trkpt>
      <trkpt lat="47.2441283" lon="9.3587756">
        <ele>2161.4</ele>
        <time>2026-09-03T11:30:42Z</time>
        <hdop>3.6</hdop>
        <extensions>
          <osmand:speed>0.6</osmand:speed>
        </extensions>
      </trkpt>
      <trkpt lat="47.2441252" lon="9.3588387">
        <ele>2162.4</ele>
        <time>2026-09-03T11:30:48Z</time>
        <hdop>4.1</hdop>
        <extensions>
          <osmand:speed>1.2</osmand:speed>
        </extensions>
      </trkpt>
      <trkpt lat="47.2441312" lon="9.3589034">
        <ele>2161.4</ele>
        <time>2026-09-03T11:30:54Z</time>
        <hdop>5.1</hdop>
        <extensions>
          <osmand:speed>0.7</osmand:speed>
        </extensions>
      </trkpt>
      <trkpt lat="47.2441403" lon="9.3589447">
        <ele>2160.4</ele>
        <time>2026-09-03T11:31:00Z</time>
        <hdop>6.1</hdop>
        <extensions>
          <osmand:speed>0.6</osmand:speed>
        </extensions>
      </trkpt>
      <trkpt lat="47.2441398" lon="9.3590055">
        <ele>2159.4</ele>
        <time>2026-09-03T11:31:06Z</time>
        <hdop>5.6</hdop>
        <extensions>
          <osmand:speed>0.8</osmand:speed>
        </extensions>
      </trkpt>
      <trkpt lat="47.2441451" lon="9.3590568">
        <ele>2158.4</ele>
        <time>2026-09-03T11:31:12Z</time>
        <hdop>6.1</hdop>
        <extensions>
          <osmand:speed>0.9</osmand:speed>
        </extensions>
      </trkpt>
      <trkpt lat="47.2441445" lon="9.3591001">
        <ele>2156.4</ele>
        <time>2026-09-03T11:31:18Z</time>
        <hdop>5.6</hdop>
        <extensions>
          <osmand:speed>0.5</osmand:speed>
        </extensions>
      </trkpt>
      <trkpt lat="47.2441458" lon="9.3591734">
        <ele>2156.4</ele>
        <time>2026-09-03T11:31:24Z</time>
        <hdop>4.6</hdop>
        <extensions>
          <osmand:speed>1.1</osmand:speed>
        </extensions>
      </trkpt>
      <trkpt lat="47.2441567" lon="9.359223">
        <ele>2154.4</ele>
        <time>2026-09-03T11:31:30Z</time>
        <hdop>5.1</hdop>
        <extensions>
          <osmand:speed>0.4</osmand:speed>
        </extensions>
      </trkpt>
      <trkpt lat="47.2441371" lon="9.3592854">
        <ele>2153.4</ele>
        <time>2026-09-03T11:31:36Z</time>
        <hdop>5.1</hdop>
        <extensions>
          <osmand:speed>0.6</osmand:speed>
        </extensions>
      </trkpt>
      <trkpt lat="47.2441405" lon="9.3593503">
        <ele>2153.4</ele>
        <time>2026-09-03T11:31:42Z</time>
        <hdop>4.6</hdop>
        <extensions>
          <osmand:speed>0.8</osmand:speed>
        </extensions>
      </trkpt>
      <trkpt lat="47.2441407" lon="9.3593924">
        <ele>2152.4</ele>
        <time>2026-09-03T11:31:48Z</time>
        <hdop>3.6</hdop>
        <extensions>
          <osmand:speed>0.6</osmand:speed>
        </extensions>
      </trkpt>
      <trkpt lat="47.2441314" lon="9.3594578">
        <ele>2151.4</ele>
        <time>2026-09-03T11:31:54Z</time>
        <hdop>4.6</hdop>
        <extensions>
          <osmand:speed>0.7</osmand:speed>
        </extensions>
      </trkpt>
      <trkpt lat="47.2441368" lon="9.3594929">
        <ele>2150.4</ele>
        <time>2026-09-03T11:32:00Z</time>
        <hdop>4.1</hdop>
        <extensions>
          <osmand:speed>0.2</osmand:speed>
        </extensions>
      </trkpt>
      <trkpt lat="47.2441181" lon="9.3595074">
        <ele>2150.4</ele>
        <time>2026-09-03T11:32:07Z</time>
        <hdop>4.6</hdop>
        <extensions>
          <osmand:speed>0.7</osmand:speed>
        </extensions>
      </trkpt>
      <trkpt lat="47.2440918" lon="9.3595067">
        <ele>2149.4</ele>
        <time>2026-09-03T11:32:13Z</time>
        <hdop>4.6</hdop>
        <extensions>
          <osmand:speed>1</osmand:speed>
        </extensions>
      </trkpt>
      <trkpt lat="47.2440763" lon="9.3594566">
        <ele>2147.4</ele>
        <time>2026-09-03T11:32:19Z</time>
        <hdop>4.1</hdop>
        <extensions>
          <osmand:speed>0.8</osmand:speed>
        </extensions>
      </trkpt>
      <trkpt lat="47.2440553" lon="9.3594151">
        <ele>2146.4</ele>
        <time>2026-09-03T11:32:25Z</time>
        <hdop>5.1</hdop>
        <extensions>
          <osmand:speed>0.8</osmand:speed>
        </extensions>
      </trkpt>
      <trkpt lat="47.2440308" lon="9.3593598">
        <ele>2144.4</ele>
        <time>2026-09-03T11:32:31Z</time>
        <hdop>4.6</hdop>
        <extensions>
          <osmand:speed>0.4</osmand:speed>
        </extensions>
      </trkpt>
      <trkpt lat="47.244017" lon="9.3594022">
        <ele>2145.4</ele>
        <time>2026-09-03T11:32:37Z</time>
        <hdop>4.6</hdop>
        <extensions>
          <osmand:speed>1.1</osmand:speed>
        </extensions>
      </trkpt>
      <trkpt lat="47.2440006" lon="9.3594641">
        <ele>2143.4</ele>
        <time>2026-09-03T11:32:43Z</time>
        <hdop>5.1</hdop>
        <extensions>
          <osmand:speed>1.2</osmand:speed>
        </extensions>
      </trkpt>
      <trkpt lat="47.2440076" lon="9.3595388">
        <ele>2143.4</ele>
        <time>2026-09-03T11:32:49Z</time>
        <hdop>4.6</hdop>
        <extensions>
          <osmand:speed>0.6</osmand:speed>
        </extensions>
      </trkpt>
      <trkpt lat="47.2440012" lon="9.3595901">
        <ele>2143.4</ele>
        <time>2026-09-03T11:32:55Z</time>
        <hdop>3.6</hdop>
        <extensions>
          <osmand:speed>0.7</osmand:speed>
        </extensions>
      </trkpt>
      <trkpt lat="47.2440073" lon="9.3596312">
        <ele>2143.4</ele>
        <time>2026-09-03T11:33:01Z</time>
        <hdop>3.1</hdop>
        <extensions>
          <osmand:speed>0.5</osmand:speed>
        </extensions>
      </trkpt>
      <trkpt lat="47.2439964" lon="9.359658">
        <ele>2141.4</ele>
        <time>2026-09-03T11:33:07Z</time>
        <hdop>4.1</hdop>
        <extensions>
          <osmand:speed>0.2</osmand:speed>
        </extensions>
      </trkpt>
      <trkpt lat="47.2439856" lon="9.359708">
        <ele>2139.4</ele>
        <time>2026-09-03T11:33:13Z</time>
        <hdop>3.1</hdop>
        <extensions>
          <osmand:speed>1.1</osmand:speed>
        </extensions>
      </trkpt>
      <trkpt lat="47.2439691" lon="9.3597645">
        <ele>2137.4</ele>
        <time>2026-09-03T11:33:19Z</time>
        <hdop>4.1</hdop>
        <extensions>
          <osmand:speed>0.5</osmand:speed>
        </extensions>
      </trkpt>
      <trkpt lat="47.2439765" lon="9.3598148">
        <ele>2135.4</ele>
        <time>2026-09-03T11:33:25Z</time>
        <hdop>4.1</hdop>
        <extensions>
          <osmand:speed>0.7</osmand:speed>
        </extensions>
      </trkpt>
      <trkpt lat="47.2439673" lon="9.3598623">
        <ele>2135.4</ele>
        <time>2026-09-03T11:33:31Z</time>
        <hdop>3.1</hdop>
        <extensions>
          <osmand:speed>0.9</osmand:speed>
        </extensions>
      </trkpt>
      <trkpt lat="47.2439596" lon="9.3599141">
        <ele>2133.4</ele>
        <time>2026-09-03T11:33:37Z</time>
        <hdop>3.6</hdop>
        <extensions>
          <osmand:speed>0.5</osmand:speed>
        </extensions>
      </trkpt>
      <trkpt lat="47.2439531" lon="9.3599544">
        <ele>2133.4</ele>
        <time>2026-09-03T11:33:43Z</time>
        <hdop>4.1</hdop>
        <extensions>
          <osmand:speed>0.2</osmand:speed>
        </extensions>
      </trkpt>
      <trkpt lat="47.2439431" lon="9.3600059">
        <ele>2131.4</ele>
        <time>2026-09-03T11:33:49Z</time>
        <hdop>4.6</hdop>
        <extensions>
          <osmand:speed>0.6</osmand:speed>
        </extensions>
      </trkpt>
      <trkpt lat="47.2439481" lon="9.3600339">
        <ele>2130.4</ele>
        <time>2026-09-03T11:33:55Z</time>
        <hdop>4.1</hdop>
        <extensions>
          <osmand:speed>0.7</osmand:speed>
        </extensions>
      </trkpt>
      <trkpt lat="47.2439551" lon="9.3600659">
        <ele>2130.4</ele>
        <time>2026-09-03T11:34:08Z</time>
        <hdop>4.1</hdop>
        <extensions>
          <osmand:speed>0.9</osmand:speed>
        </extensions>
      </trkpt>
      <trkpt lat="47.243969" lon="9.3601512">
        <ele>2131.4</ele>
        <time>2026-09-03T11:34:14Z</time>
        <hdop>3.6</hdop>
        <extensions>
          <osmand:speed>1.3</osmand:speed>
        </extensions>
      </trkpt>
      <trkpt lat="47.2439875" lon="9.3602395">
        <ele>2131.4</ele>
        <time>2026-09-03T11:34:20Z</time>
        <hdop>4.6</hdop>
        <extensions>
          <osmand:speed>1.1</osmand:speed>
        </extensions>
      </trkpt>
      <trkpt lat="47.2440131" lon="9.3603075">
        <ele>2129.4</ele>
        <time>2026-09-03T11:34:26Z</time>
        <hdop>6.1</hdop>
        <extensions>
          <osmand:speed>0.8</osmand:speed>
        </extensions>
      </trkpt>
      <trkpt lat="47.2440508" lon="9.3603862">
        <ele>2129.4</ele>
        <time>2026-09-03T11:34:32Z</time>
        <hdop>5.6</hdop>
        <extensions>
          <osmand:speed>0.9</osmand:speed>
        </extensions>
      </trkpt>
      <trkpt lat="47.2440653" lon="9.3604961">
        <ele>2127.4</ele>
        <time>2026-09-03T11:34:38Z</time>
        <hdop>5.6</hdop>
        <extensions>
          <osmand:speed>2</osmand:speed>
        </extensions>
      </trkpt>
      <trkpt lat="47.2440788" lon="9.3605924">
        <ele>2127.4</ele>
        <time>2026-09-03T11:34:44Z</time>
        <hdop>4.1</hdop>
        <extensions>
          <osmand:speed>1.1</osmand:speed>
        </extensions>
      </trkpt>
      <trkpt lat="47.2440538" lon="9.3606603">
        <ele>2126.4</ele>
        <time>2026-09-03T11:34:50Z</time>
        <hdop>4.1</hdop>
        <extensions>
          <osmand:speed>1</osmand:speed>
        </extensions>
      </trkpt>
      <trkpt lat="47.2440354" lon="9.3607423">
        <ele>2127.4</ele>
        <time>2026-09-03T11:34:56Z</time>
        <hdop>3.6</hdop>
        <extensions>
          <osmand:speed>0.6</osmand:speed>
        </extensions>
      </trkpt>
      <trkpt lat="47.2440287" lon="9.3607684">
        <ele>2127.4</ele>
        <time>2026-09-03T11:35:13Z</time>
        <hdop>3.6</hdop>
        <extensions>
          <osmand:speed>0.6</osmand:speed>
        </extensions>
      </trkpt>
      <trkpt lat="47.2440098" lon="9.3608208">
        <ele>2127.4</ele>
        <time>2026-09-03T11:35:19Z</time>
        <hdop>4.6</hdop>
        <extensions>
          <osmand:speed>0.8</osmand:speed>
        </extensions>
      </trkpt>
      <trkpt lat="47.2439691" lon="9.3608981">
        <ele>2127.4</ele>
        <time>2026-09-03T11:35:25Z</time>
        <hdop>4.1</hdop>
        <extensions>
          <osmand:speed>1</osmand:speed>
        </extensions>
      </trkpt>
      <trkpt lat="47.2439426" lon="9.3609872">
        <ele>2127.4</ele>
        <time>2026-09-03T11:35:31Z</time>
        <hdop>5.1</hdop>
        <extensions>
          <osmand:speed>1</osmand:speed>
        </extensions>
      </trkpt>
      <trkpt lat="47.2439481" lon="9.3610499">
        <ele>2126.4</ele>
        <time>2026-09-03T11:35:37Z</time>
        <hdop>5.1</hdop>
        <extensions>
          <osmand:speed>0.6</osmand:speed>
        </extensions>
      </trkpt>
      <trkpt lat="47.2439427" lon="9.3611229">
        <ele>2126.4</ele>
        <time>2026-09-03T11:35:43Z</time>
        <hdop>4.6</hdop>
        <extensions>
          <osmand:speed>0.4</osmand:speed>
        </extensions>
      </trkpt>
      <trkpt lat="47.2439368" lon="9.3611502">
        <ele>2126.4</ele>
        <time>2026-09-03T11:36:05Z</time>
        <hdop>3.6</hdop>
        <extensions>
          <osmand:speed>1</osmand:speed>
        </extensions>
      </trkpt>
      <trkpt lat="47.2439208" lon="9.361215">
        <ele>2125.4</ele>
        <time>2026-09-03T11:36:11Z</time>
        <hdop>4.6</hdop>
        <extensions>
          <osmand:speed>1.1</osmand:speed>
        </extensions>
      </trkpt>
      <trkpt lat="47.2438983" lon="9.3613006">
        <ele>2125.4</ele>
        <time>2026-09-03T11:36:17Z</time>
        <hdop>4.1</hdop>
        <extensions>
          <osmand:speed>1.3</osmand:speed>
        </extensions>
      </trkpt>
      <trkpt lat="47.2438569" lon="9.3613917">
        <ele>2126.4</ele>
        <time>2026-09-03T11:36:23Z</time>
        <hdop>4.1</hdop>
        <extensions>
          <osmand:speed>0.5</osmand:speed>
        </extensions>
      </trkpt>
      <trkpt lat="47.2438157" lon="9.3614484">
        <ele>2126.4</ele>
        <time>2026-09-03T11:36:29Z</time>
        <hdop>4.6</hdop>
        <extensions>
          <osmand:speed>0.6</osmand:speed>
        </extensions>
      </trkpt>
      <trkpt lat="47.2437879" lon="9.3614493">
        <ele>2126.4</ele>
        <time>2026-09-03T11:36:35Z</time>
        <hdop>3.6</hdop>
      </trkpt>
      <trkpt lat="47.2437683" lon="9.3614519">
        <ele>2127.4</ele>
        <time>2026-09-03T11:36:56Z</time>
        <hdop>5.6</hdop>
        <extensions>
          <osmand:speed>0.9</osmand:speed>
        </extensions>
      </trkpt>
      <trkpt lat="47.2437226" lon="9.3614619">
        <ele>2127.4</ele>
        <time>2026-09-03T11:37:02Z</time>
        <hdop>7.7</hdop>
        <extensions>
          <osmand:speed>0.6</osmand:speed>
        </extensions>
      </trkpt>
      <trkpt lat="47.2437188" lon="9.3615344">
        <ele>2127.4</ele>
        <time>2026-09-03T11:37:08Z</time>
        <hdop>5.6</hdop>
        <extensions>
          <osmand:speed>1.1</osmand:speed>
        </extensions>
      </trkpt>
      <trkpt lat="47.2437375" lon="9.3616122">
        <ele>2127.4</ele>
        <time>2026-09-03T11:37:14Z</time>
        <hdop>5.6</hdop>
        <extensions>
          <osmand:speed>0.8</osmand:speed>
        </extensions>
      </trkpt>
      <trkpt lat="47.2437548" lon="9.3616855">
        <ele>2125.4</ele>
        <time>2026-09-03T11:37:20Z</time>
        <hdop>4.1</hdop>
        <extensions>
          <osmand:speed>0.8</osmand:speed>
        </extensions>
      </trkpt>
      <trkpt lat="47.2437415" lon="9.3617818">
        <ele>2125.4</ele>
        <time>2026-09-03T11:37:26Z</time>
        <hdop>4.6</hdop>
        <extensions>
          <osmand:speed>1.2</osmand:speed>
        </extensions>
      </trkpt>
      <trkpt lat="47.2437357" lon="9.3618615">
        <ele>2124.4</ele>
        <time>2026-09-03T11:37:32Z</time>
        <hdop>4.1</hdop>
        <extensions>
          <osmand:speed>0.8</osmand:speed>
        </extensions>
      </trkpt>
      <trkpt lat="47.24373" lon="9.3619392">
        <ele>2125.4</ele>
        <time>2026-09-03T11:37:38Z</time>
        <hdop>4.6</hdop>
        <extensions>
          <osmand:speed>0.2</osmand:speed>
        </extensions>
      </trkpt>
      <trkpt lat="47.243717" lon="9.3619678">
        <ele>2124.4</ele>
        <time>2026-09-03T11:37:50Z</time>
        <hdop>4.6</hdop>
        <extensions>
          <osmand:speed>1.1</osmand:speed>
        </extensions>
      </trkpt>
      <trkpt lat="47.2436862" lon="9.3620097">
        <ele>2125.4</ele>
        <time>2026-09-03T11:37:56Z</time>
        <hdop>4.6</hdop>
        <extensions>
          <osmand:speed>0.2</osmand:speed>
        </extensions>
      </trkpt>
      <trkpt lat="47.2436645" lon="9.3620407">
        <ele>2127.4</ele>
        <time>2026-09-03T11:38:02Z</time>
        <hdop>4.6</hdop>
        <extensions>
          <osmand:speed>0.8</osmand:speed>
        </extensions>
      </trkpt>
      <trkpt lat="47.2436398" lon="9.3620526">
        <ele>2127.4</ele>
        <time>2026-09-03T11:38:08Z</time>
        <hdop>4.6</hdop>
        <extensions>
          <osmand:speed>0.6</osmand:speed>
        </extensions>
      </trkpt>
      <trkpt lat="47.2436097" lon="9.3620879">
        <ele>2126.4</ele>
        <time>2026-09-03T11:38:14Z</time>
        <hdop>4.1</hdop>
        <extensions>
          <osmand:speed>0.6</osmand:speed>
        </extensions>
      </trkpt>
      <trkpt lat="47.2435725" lon="9.3621101">
        <ele>2126.4</ele>
        <time>2026-09-03T11:38:20Z</time>
        <hdop>6.1</hdop>
        <extensions>
          <osmand:speed>0.7</osmand:speed>
        </extensions>
      </trkpt>
      <trkpt lat="47.2435543" lon="9.3621256">
        <ele>2125.4</ele>
        <time>2026-09-03T11:38:29Z</time>
        <hdop>10.2</hdop>
        <extensions>
          <osmand:speed>0.5</osmand:speed>
        </extensions>
      </trkpt>
      <trkpt lat="47.2435121" lon="9.3621265">
        <ele>2124.4</ele>
        <time>2026-09-03T11:38:35Z</time>
        <hdop>6.1</hdop>
        <extensions>
          <osmand:speed>0.9</osmand:speed>
        </extensions>
      </trkpt>
      <trkpt lat="47.2434936" lon="9.3621385">
        <ele>2123.4</ele>
        <time>2026-09-03T11:39:02Z</time>
        <hdop>5.1</hdop>
        <extensions>
          <osmand:speed>0.1</osmand:speed>
        </extensions>
      </trkpt>
      <trkpt lat="47.2434933" lon="9.3621662">
        <ele>2123.4</ele>
        <time>2026-09-03T11:39:10Z</time>
        <hdop>5.6</hdop>
        <extensions>
          <osmand:speed>0.4</osmand:speed>
        </extensions>
      </trkpt>
      <trkpt lat="47.2434952" lon="9.3622342">
        <ele>2123.4</ele>
        <time>2026-09-03T11:39:16Z</time>
        <hdop>6.1</hdop>
        <extensions>
          <osmand:speed>0.9</osmand:speed>
        </extensions>
      </trkpt>
      <trkpt lat="47.2434972" lon="9.3622899">
        <ele>2123.4</ele>
        <time>2026-09-03T11:39:22Z</time>
        <hdop>5.1</hdop>
        <extensions>
          <osmand:speed>0.9</osmand:speed>
        </extensions>
      </trkpt>
      <trkpt lat="47.2435064" lon="9.3623542">
        <ele>2125.4</ele>
        <time>2026-09-03T11:39:28Z</time>
        <hdop>4.6</hdop>
        <extensions>
          <osmand:speed>0.9</osmand:speed>
        </extensions>
      </trkpt>
      <trkpt lat="47.2434921" lon="9.3624168">
        <ele>2126.4</ele>
        <time>2026-09-03T11:39:34Z</time>
        <hdop>5.6</hdop>
        <extensions>
          <osmand:speed>0.6</osmand:speed>
        </extensions>
      </trkpt>
      <trkpt lat="47.2435076" lon="9.3625008">
        <ele>2128.4</ele>
        <time>2026-09-03T11:39:40Z</time>
        <hdop>4.6</hdop>
        <extensions>
          <osmand:speed>1</osmand:speed>
        </extensions>
      </trkpt>
      <trkpt lat="47.2435207" lon="9.3625606">
        <ele>2128.4</ele>
        <time>2026-09-03T11:39:46Z</time>
        <hdop>4.6</hdop>
        <extensions>
          <osmand:speed>1.1</osmand:speed>
        </extensions>
      </trkpt>
      <trkpt lat="47.243512" lon="9.3626425">
        <ele>2129.4</ele>
        <time>2026-09-03T11:39:52Z</time>
        <hdop>4.6</hdop>
        <extensions>
          <osmand:speed>0.9</osmand:speed>
        </extensions>
      </trkpt>
      <trkpt lat="47.2434929" lon="9.36271">
        <ele>2129.4</ele>
        <time>2026-09-03T11:39:58Z</time>
        <hdop>4.6</hdop>
        <extensions>
          <osmand:speed>0.9</osmand:speed>
        </extensions>
      </trkpt>
      <trkpt lat="47.2434564" lon="9.3627898">
        <ele>2130.4</ele>
        <time>2026-09-03T11:40:04Z</time>
        <hdop>4.6</hdop>
        <extensions>
          <osmand:speed>0.9</osmand:speed>
        </extensions>
      </trkpt>
      <trkpt lat="47.2434083" lon="9.3628319">
        <ele>2130.4</ele>
        <time>2026-09-03T11:40:10Z</time>
        <hdop>3.6</hdop>
        <extensions>
          <osmand:speed>0.8</osmand:speed>
        </extensions>
      </trkpt>
      <trkpt lat="47.2433789" lon="9.3629016">
        <ele>2132.4</ele>
        <time>2026-09-03T11:40:16Z</time>
        <hdop>4.6</hdop>
        <extensions>
          <osmand:speed>0.8</osmand:speed>
        </extensions>
      </trkpt>
      <trkpt lat="47.2433855" lon="9.3629671">
        <ele>2133.4</ele>
        <time>2026-09-03T11:40:22Z</time>
        <hdop>4.6</hdop>
        <extensions>
          <osmand:speed>1</osmand:speed>
        </extensions>
      </trkpt>
      <trkpt lat="47.2433715" lon="9.3630107">
        <ele>2132.4</ele>
        <time>2026-09-03T11:40:28Z</time>
        <hdop>4.1</hdop>
        <extensions>
          <osmand:speed>0.3</osmand:speed>
        </extensions>
      </trkpt>
      <trkpt lat="47.2433887" lon="9.3630235">
        <ele>2133.4</ele>
        <time>2026-09-03T11:40:34Z</time>
        <hdop>5.1</hdop>
      </trkpt>
      <trkpt lat="47.2433688" lon="9.3630181">
        <ele>2133.4</ele>
        <time>2026-09-03T11:40:42Z</time>
        <hdop>5.1</hdop>
        <extensions>
          <osmand:speed>0.3</osmand:speed>
        </extensions>
      </trkpt>
      <trkpt lat="47.2433665" lon="9.3630641">
        <ele>2133.4</ele>
        <time>2026-09-03T11:40:50Z</time>
        <hdop>6.6</hdop>
        <extensions>
          <osmand:speed>1.1</osmand:speed>
        </extensions>
      </trkpt>
      <trkpt lat="47.2433516" lon="9.3631744">
        <ele>2133.4</ele>
        <time>2026-09-03T11:40:56Z</time>
        <hdop>4.1</hdop>
        <extensions>
          <osmand:speed>1</osmand:speed>
        </extensions>
      </trkpt>
      <trkpt lat="47.2433466" lon="9.3632577">
        <ele>2132.4</ele>
        <time>2026-09-03T11:41:02Z</time>
        <hdop>5.1</hdop>
        <extensions>
          <osmand:speed>1</osmand:speed>
        </extensions>
      </trkpt>
      <trkpt lat="47.2433463" lon="9.3633737">
        <ele>2133.4</ele>
        <time>2026-09-03T11:41:08Z</time>
        <hdop>4.6</hdop>
        <extensions>
          <osmand:speed>1.2</osmand:speed>
        </extensions>
      </trkpt>
      <trkpt lat="47.2433331" lon="9.3634747">
        <ele>2133.4</ele>
        <time>2026-09-03T11:41:14Z</time>
        <hdop>5.1</hdop>
        <extensions>
          <osmand:speed>1.5</osmand:speed>
        </extensions>
      </trkpt>
      <trkpt lat="47.243329" lon="9.3635861">
        <ele>2132.4</ele>
        <time>2026-09-03T11:41:20Z</time>
        <hdop>4.6</hdop>
        <extensions>
          <osmand:speed>1.3</osmand:speed>
        </extensions>
      </trkpt>
      <trkpt lat="47.2433252" lon="9.3636956">
        <ele>2131.4</ele>
        <time>2026-09-03T11:41:26Z</time>
        <hdop>4.6</hdop>
        <extensions>
          <osmand:speed>1.3</osmand:speed>
        </extensions>
      </trkpt>
      <trkpt lat="47.2433103" lon="9.3638122">
        <ele>2130.4</ele>
        <time>2026-09-03T11:41:32Z</time>
        <hdop>4.1</hdop>
        <extensions>
          <osmand:speed>1.5</osmand:speed>
        </extensions>
      </trkpt>
      <trkpt lat="47.2433008" lon="9.3639205">
        <ele>2131.4</ele>
        <time>2026-09-03T11:41:38Z</time>
        <hdop>4.1</hdop>
        <extensions>
          <osmand:speed>1.1</osmand:speed>
        </extensions>
      </trkpt>
      <trkpt lat="47.2432769" lon="9.3640058">
        <ele>2131.4</ele>
        <time>2026-09-03T11:41:44Z</time>
        <hdop>5.1</hdop>
        <extensions>
          <osmand:speed>1.3</osmand:speed>
        </extensions>
      </trkpt>
      <trkpt lat="47.2432594" lon="9.3641021">
        <ele>2130.4</ele>
        <time>2026-09-03T11:41:50Z</time>
        <hdop>4.1</hdop>
        <extensions>
          <osmand:speed>1.1</osmand:speed>
        </extensions>
      </trkpt>
      <trkpt lat="47.2432353" lon="9.364204">
        <ele>2129.4</ele>
        <time>2026-09-03T11:41:56Z</time>
        <hdop>4.6</hdop>
        <extensions>
          <osmand:speed>1.1</osmand:speed>
        </extensions>
      </trkpt>
      <trkpt lat="47.2432034" lon="9.3643157">
        <ele>2128.4</ele>
        <time>2026-09-03T11:42:02Z</time>
        <hdop>4.6</hdop>
        <extensions>
          <osmand:speed>1.2</osmand:speed>
        </extensions>
      </trkpt>
      <trkpt lat="47.2431659" lon="9.3644182">
        <ele>2127.4</ele>
        <time>2026-09-03T11:42:08Z</time>
        <hdop>4.6</hdop>
        <extensions>
          <osmand:speed>1.5</osmand:speed>
        </extensions>
      </trkpt>
      <trkpt lat="47.2431396" lon="9.3645019">
        <ele>2128.4</ele>
        <time>2026-09-03T11:42:14Z</time>
        <hdop>5.1</hdop>
        <extensions>
          <osmand:speed>1</osmand:speed>
        </extensions>
      </trkpt>
      <trkpt lat="47.2430843" lon="9.3645735">
        <ele>2126.4</ele>
        <time>2026-09-03T11:42:20Z</time>
        <hdop>4.6</hdop>
        <extensions>
          <osmand:speed>1.1</osmand:speed>
        </extensions>
      </trkpt>
      <trkpt lat="47.2430535" lon="9.3646477">
        <ele>2125.4</ele>
        <time>2026-09-03T11:42:26Z</time>
        <hdop>4.6</hdop>
        <extensions>
          <osmand:speed>1.2</osmand:speed>
        </extensions>
      </trkpt>
      <trkpt lat="47.243015" lon="9.3647244">
        <ele>2125.4</ele>
        <time>2026-09-03T11:42:32Z</time>
        <hdop>4.6</hdop>
        <extensions>
          <osmand:speed>1.2</osmand:speed>
        </extensions>
      </trkpt>
      <trkpt lat="47.2429728" lon="9.3648107">
        <ele>2124.4</ele>
        <time>2026-09-03T11:42:38Z</time>
        <hdop>5.1</hdop>
        <extensions>
          <osmand:speed>1.2</osmand:speed>
        </extensions>
      </trkpt>
      <trkpt lat="47.2429223" lon="9.3648774">
        <ele>2124.4</ele>
        <time>2026-09-03T11:42:44Z</time>
        <hdop>4.6</hdop>
        <extensions>
          <osmand:speed>1</osmand:speed>
        </extensions>
      </trkpt>
      <trkpt lat="47.2429172" lon="9.3649723">
        <ele>2126.4</ele>
        <time>2026-09-03T11:42:50Z</time>
        <hdop>5.1</hdop>
        <extensions>
          <osmand:speed>0.8</osmand:speed>
        </extensions>
      </trkpt>
      <trkpt lat="47.2428864" lon="9.3650443">
        <ele>2125.4</ele>
        <time>2026-09-03T11:42:56Z</time>
        <hdop>5.6</hdop>
        <extensions>
          <osmand:speed>1</osmand:speed>
        </extensions>
      </trkpt>
      <trkpt lat="47.2428834" lon="9.3651162">
        <ele>2124.4</ele>
        <time>2026-09-03T11:43:02Z</time>
        <hdop>3.6</hdop>
        <extensions>
          <osmand:speed>1</osmand:speed>
        </extensions>
      </trkpt>
      <trkpt lat="47.2428935" lon="9.3651857">
        <ele>2124.4</ele>
        <time>2026-09-03T11:43:08Z</time>
        <hdop>4.6</hdop>
        <extensions>
          <osmand:speed>0.8</osmand:speed>
        </extensions>
      </trkpt>
      <trkpt lat="47.24295" lon="9.3652438">
        <ele>2124.4</ele>
        <time>2026-09-03T11:43:14Z</time>
        <hdop>4.1</hdop>
        <extensions>
          <osmand:speed>1.3</osmand:speed>
        </extensions>
      </trkpt>
      <trkpt lat="47.2429995" lon="9.3652992">
        <ele>2123.4</ele>
        <time>2026-09-03T11:43:20Z</time>
        <hdop>4.6</hdop>
        <extensions>
          <osmand:speed>1.3</osmand:speed>
        </extensions>
      </trkpt>
      <trkpt lat="47.2430415" lon="9.3653326">
        <ele>2123.4</ele>
        <time>2026-09-03T11:43:26Z</time>
        <hdop>6.1</hdop>
        <extensions>
          <osmand:speed>0.8</osmand:speed>
        </extensions>
      </trkpt>
      <trkpt lat="47.2430744" lon="9.365323">
        <ele>2124.4</ele>
        <time>2026-09-03T11:43:32Z</time>
        <hdop>4.6</hdop>
        <extensions>
          <osmand:speed>0.7</osmand:speed>
        </extensions>
      </trkpt>
      <trkpt lat="47.2430579" lon="9.3653511">
        <ele>2122.4</ele>
        <time>2026-09-03T11:43:38Z</time>
        <hdop>4.6</hdop>
        <extensions>
          <osmand:speed>0.6</osmand:speed>
        </extensions>
      </trkpt>
      <trkpt lat="47.2430416" lon="9.3653399">
        <ele>2123.4</ele>
        <time>2026-09-03T11:43:56Z</time>
        <hdop>10.2</hdop>
        <extensions>
          <osmand:speed>0.7</osmand:speed>
        </extensions>
      </trkpt>
      <trkpt lat="47.2432189" lon="9.3651489">
        <ele>2129.4</ele>
        <time>2026-09-03T11:45:59Z</time>
        <hdop>14.8</hdop>
        <extensions>
          <osmand:speed>1</osmand:speed>
        </extensions>
      </trkpt>
      <trkpt lat="47.2432894" lon="9.3651593">
        <ele>2129.4</ele>
        <time>2026-09-03T11:46:05Z</time>
        <hdop>11.7</hdop>
        <extensions>
          <osmand:speed>1</osmand:speed>
        </extensions>
      </trkpt>
      <trkpt lat="47.2433617" lon="9.3651759">
        <ele>2129.4</ele>
        <time>2026-09-03T11:46:11Z</time>
        <hdop>9.7</hdop>
        <extensions>
          <osmand:speed>0.8</osmand:speed>
        </extensions>
      </trkpt>
      <trkpt lat="47.2434046" lon="9.3651795">
        <ele>2129.4</ele>
        <time>2026-09-03T11:46:17Z</time>
        <hdop>6.1</hdop>
        <extensions>
          <osmand:speed>0.8</osmand:speed>
        </extensions>
      </trkpt>
      <trkpt lat="47.2434309" lon="9.3652016">
        <ele>2128.4</ele>
        <time>2026-09-03T11:46:23Z</time>
        <hdop>6.1</hdop>
      </trkpt>
      <trkpt lat="47.2434133" lon="9.3652171">
        <ele>2128.4</ele>
        <time>2026-09-03T11:46:43Z</time>
        <hdop>6.6</hdop>
        <extensions>
          <osmand:speed>0.8</osmand:speed>
        </extensions>
      </trkpt>
      <trkpt lat="47.2433697" lon="9.3652025">
        <ele>2129.4</ele>
        <time>2026-09-03T11:46:49Z</time>
        <hdop>10.2</hdop>
        <extensions>
          <osmand:speed>1.2</osmand:speed>
        </extensions>
      </trkpt>
      <trkpt lat="47.2433296" lon="9.3652013">
        <ele>2128.4</ele>
        <time>2026-09-03T11:46:55Z</time>
        <hdop>7.7</hdop>
        <extensions>
          <osmand:speed>1.2</osmand:speed>
        </extensions>
      </trkpt>
      <trkpt lat="47.2432684" lon="9.3652056">
        <ele>2128.4</ele>
        <time>2026-09-03T11:47:01Z</time>
        <hdop>8.7</hdop>
        <extensions>
          <osmand:speed>1</osmand:speed>
        </extensions>
      </trkpt>
      <trkpt lat="47.2432008" lon="9.3651794">
        <ele>2127.4</ele>
        <time>2026-09-03T11:47:07Z</time>
        <hdop>10.2</hdop>
        <extensions>
          <osmand:speed>1</osmand:speed>
        </extensions>
      </trkpt>
      <trkpt lat="47.2431342" lon="9.3651701">
        <ele>2126.4</ele>
        <time>2026-09-03T11:47:13Z</time>
        <hdop>11.7</hdop>
        <extensions>
          <osmand:speed>0.9</osmand:speed>
        </extensions>
      </trkpt>
      <trkpt lat="47.2430809" lon="9.3652199">
        <ele>2125.4</ele>
        <time>2026-09-03T11:47:19Z</time>
        <hdop>8.7</hdop>
        <extensions>
          <osmand:speed>1.3</osmand:speed>
        </extensions>
      </trkpt>
      <trkpt lat="47.2430399" lon="9.3652676">
        <ele>2124.4</ele>
        <time>2026-09-03T11:47:25Z</time>
        <hdop>8.2</hdop>
        <extensions>
          <osmand:speed>1.3</osmand:speed>
        </extensions>
      </trkpt>
      <trkpt lat="47.2429819" lon="9.3652577">
        <ele>2124.4</ele>
        <time>2026-09-03T11:47:31Z</time>
        <hdop>9.2</hdop>
        <extensions>
          <osmand:speed>1</osmand:speed>
        </extensions>
      </trkpt>
      <trkpt lat="47.2429447" lon="9.3651801">
        <ele>2124.4</ele>
        <time>2026-09-03T11:47:37Z</time>
        <hdop>9.2</hdop>
        <extensions>
          <osmand:speed>1.5</osmand:speed>
        </extensions>
      </trkpt>
      <trkpt lat="47.2429084" lon="9.3651303">
        <ele>2125.4</ele>
        <time>2026-09-03T11:47:43Z</time>
        <hdop>10.2</hdop>
        <extensions>
          <osmand:speed>1.1</osmand:speed>
        </extensions>
      </trkpt>
      <trkpt lat="47.2428897" lon="9.3650261">
        <ele>2126.4</ele>
        <time>2026-09-03T11:47:49Z</time>
        <hdop>8.7</hdop>
        <extensions>
          <osmand:speed>1.2</osmand:speed>
        </extensions>
      </trkpt>
      <trkpt lat="47.2428902" lon="9.3649328">
        <ele>2125.4</ele>
        <time>2026-09-03T11:47:55Z</time>
        <hdop>9.7</hdop>
        <extensions>
          <osmand:speed>0.9</osmand:speed>
        </extensions>
      </trkpt>
      <trkpt lat="47.242895" lon="9.3648741">
        <ele>2124.4</ele>
        <time>2026-09-03T11:48:01Z</time>
        <hdop>6.6</hdop>
        <extensions>
          <osmand:speed>0.7</osmand:speed>
        </extensions>
      </trkpt>
      <trkpt lat="47.242919" lon="9.3647688">
        <ele>2124.4</ele>
        <time>2026-09-03T11:48:07Z</time>
        <hdop>7.7</hdop>
        <extensions>
          <osmand:speed>0.7</osmand:speed>
        </extensions>
      </trkpt>
      <trkpt lat="47.2429532" lon="9.364684">
        <ele>2123.4</ele>
        <time>2026-09-03T11:48:13Z</time>
        <hdop>7.1</hdop>
        <extensions>
          <osmand:speed>0.8</osmand:speed>
        </extensions>
      </trkpt>
      <trkpt lat="47.2429737" lon="9.3645748">
        <ele>2122.4</ele>
        <time>2026-09-03T11:48:19Z</time>
        <hdop>9.2</hdop>
        <extensions>
          <osmand:speed>1.3</osmand:speed>
        </extensions>
      </trkpt>
      <trkpt lat="47.2429898" lon="9.3644925">
        <ele>2121.4</ele>
        <time>2026-09-03T11:48:25Z</time>
        <hdop>8.7</hdop>
        <extensions>
          <osmand:speed>1.1</osmand:speed>
        </extensions>
      </trkpt>
      <trkpt lat="47.2430014" lon="9.3644281">
        <ele>2120.4</ele>
        <time>2026-09-03T11:48:31Z</time>
        <hdop>8.2</hdop>
        <extensions>
          <osmand:speed>1.1</osmand:speed>
        </extensions>
      </trkpt>
      <trkpt lat="47.2430186" lon="9.3643274">
        <ele>2118.4</ele>
        <time>2026-09-03T11:48:37Z</time>
        <hdop>7.7</hdop>
        <extensions>
          <osmand:speed>1.2</osmand:speed>
        </extensions>
      </trkpt>
      <trkpt lat="47.243018" lon="9.36423">
        <ele>2116.4</ele>
        <time>2026-09-03T11:48:43Z</time>
        <hdop>6.6</hdop>
        <extensions>
          <osmand:speed>1.1</osmand:speed>
        </extensions>
      </trkpt>
      <trkpt lat="47.2430338" lon="9.3641527">
        <ele>2116.4</ele>
        <time>2026-09-03T11:48:49Z</time>
        <hdop>7.1</hdop>
        <extensions>
          <osmand:speed>0.9</osmand:speed>
        </extensions>
      </trkpt>
      <trkpt lat="47.2430315" lon="9.3640633">
        <ele>2116.4</ele>
        <time>2026-09-03T11:48:55Z</time>
        <hdop>7.1</hdop>
        <extensions>
          <osmand:speed>1</osmand:speed>
        </extensions>
      </trkpt>
      <trkpt lat="47.2430323" lon="9.3639855">
        <ele>2115.4</ele>
        <time>2026-09-03T11:49:01Z</time>
        <hdop>7.7</hdop>
        <extensions>
          <osmand:speed>1.2</osmand:speed>
        </extensions>
      </trkpt>
      <trkpt lat="47.2430049" lon="9.3639285">
        <ele>2114.4</ele>
        <time>2026-09-03T11:49:07Z</time>
        <hdop>7.1</hdop>
        <extensions>
          <osmand:speed>0.6</osmand:speed>
        </extensions>
      </trkpt>
      <trkpt lat="47.2429989" lon="9.3638749">
        <ele>2113.4</ele>
        <time>2026-09-03T11:49:13Z</time>
        <hdop>7.1</hdop>
        <extensions>
          <osmand:speed>0.8</osmand:speed>
        </extensions>
      </trkpt>
      <trkpt lat="47.2429865" lon="9.3638097">
        <ele>2112.4</ele>
        <time>2026-09-03T11:49:19Z</time>
        <hdop>7.7</hdop>
        <extensions>
          <osmand:speed>0.7</osmand:speed>
        </extensions>
      </trkpt>
      <trkpt lat="47.2429833" lon="9.3637101">
        <ele>2111.4</ele>
        <time>2026-09-03T11:49:25Z</time>
        <hdop>8.2</hdop>
        <extensions>
          <osmand:speed>1.1</osmand:speed>
        </extensions>
      </trkpt>
      <trkpt lat="47.2429894" lon="9.3635814">
        <ele>2110.4</ele>
        <time>2026-09-03T11:49:31Z</time>
        <hdop>8.2</hdop>
        <extensions>
          <osmand:speed>1.4</osmand:speed>
        </extensions>
      </trkpt>
      <trkpt lat="47.2429519" lon="9.3635305">
        <ele>2110.4</ele>
        <time>2026-09-03T11:49:37Z</time>
        <hdop>7.1</hdop>
        <extensions>
          <osmand:speed>1.3</osmand:speed>
        </extensions>
      </trkpt>
      <trkpt lat="47.2429352" lon="9.3635047">
        <ele>2108.4</ele>
        <time>2026-09-03T11:49:43Z</time>
        <hdop>8.7</hdop>
        <extensions>
          <osmand:speed>0.9</osmand:speed>
        </extensions>
      </trkpt>
      <trkpt lat="47.2428762" lon="9.3634861">
        <ele>2107.4</ele>
        <time>2026-09-03T11:49:49Z</time>
        <hdop>6.6</hdop>
        <extensions>
          <osmand:speed>1</osmand:speed>
        </extensions>
      </trkpt>
      <trkpt lat="47.2428429" lon="9.3634207">
        <ele>2107.4</ele>
        <time>2026-09-03T11:49:55Z</time>
        <hdop>7.7</hdop>
        <extensions>
          <osmand:speed>1.2</osmand:speed>
        </extensions>
      </trkpt>
      <trkpt lat="47.2428209" lon="9.3633926">
        <ele>2105.4</ele>
        <time>2026-09-03T11:50:01Z</time>
        <hdop>9.2</hdop>
        <extensions>
          <osmand:speed>1.3</osmand:speed>
        </extensions>
      </trkpt>
      <trkpt lat="47.2427701" lon="9.363365">
        <ele>2102.4</ele>
        <time>2026-09-03T11:50:07Z</time>
        <hdop>7.1</hdop>
        <extensions>
          <osmand:speed>0.9</osmand:speed>
        </extensions>
      </trkpt>
      <trkpt lat="47.2427431" lon="9.3633043">
        <ele>2100.4</ele>
        <time>2026-09-03T11:50:13Z</time>
        <hdop>7.1</hdop>
        <extensions>
          <osmand:speed>0.9</osmand:speed>
        </extensions>
      </trkpt>
      <trkpt lat="47.2426993" lon="9.3632794">
        <ele>2099.4</ele>
        <time>2026-09-03T11:50:19Z</time>
        <hdop>7.7</hdop>
        <extensions>
          <osmand:speed>1.1</osmand:speed>
        </extensions>
      </trkpt>
      <trkpt lat="47.2426518" lon="9.3632136">
        <ele>2097.4</ele>
        <time>2026-09-03T11:50:25Z</time>
        <hdop>9.7</hdop>
        <extensions>
          <osmand:speed>1.1</osmand:speed>
        </extensions>
      </trkpt>
      <trkpt lat="47.2426374" lon="9.3631121">
        <ele>2095.4</ele>
        <time>2026-09-03T11:50:31Z</time>
        <hdop>8.7</hdop>
        <extensions>
          <osmand:speed>1.4</osmand:speed>
        </extensions>
      </trkpt>
      <trkpt lat="47.2426449" lon="9.363036">
        <ele>2094.4</ele>
        <time>2026-09-03T11:50:37Z</time>
        <hdop>6.6</hdop>
        <extensions>
          <osmand:speed>0.9</osmand:speed>
        </extensions>
      </trkpt>
      <trkpt lat="47.242642" lon="9.3629915">
        <ele>2093.4</ele>
        <time>2026-09-03T11:50:43Z</time>
        <hdop>9.7</hdop>
        <extensions>
          <osmand:speed>0.9</osmand:speed>
        </extensions>
      </trkpt>
      <trkpt lat="47.242615" lon="9.3629375">
        <ele>2094.4</ele>
        <time>2026-09-03T11:50:49Z</time>
        <hdop>6.6</hdop>
        <extensions>
          <osmand:speed>0.5</osmand:speed>
        </extensions>
      </trkpt>
      <trkpt lat="47.2425868" lon="9.3628957">
        <ele>2094.4</ele>
        <time>2026-09-03T11:50:55Z</time>
        <hdop>6.1</hdop>
        <extensions>
          <osmand:speed>0.7</osmand:speed>
        </extensions>
      </trkpt>
      <trkpt lat="47.2425894" lon="9.3628349">
        <ele>2093.4</ele>
        <time>2026-09-03T11:51:01Z</time>
        <hdop>6.6</hdop>
        <extensions>
          <osmand:speed>0.8</osmand:speed>
        </extensions>
      </trkpt>
      <trkpt lat="47.2425773" lon="9.3627516">
        <ele>2093.4</ele>
        <time>2026-09-03T11:51:07Z</time>
        <hdop>6.6</hdop>
        <extensions>
          <osmand:speed>0.9</osmand:speed>
        </extensions>
      </trkpt>
      <trkpt lat="47.2425777" lon="9.3626952">
        <ele>2091.4</ele>
        <time>2026-09-03T11:51:13Z</time>
        <hdop>6.6</hdop>
        <extensions>
          <osmand:speed>0.3</osmand:speed>
        </extensions>
      </trkpt>
      <trkpt lat="47.2425703" lon="9.3626413">
        <ele>2091.4</ele>
        <time>2026-09-03T11:51:19Z</time>
        <hdop>6.6</hdop>
        <extensions>
          <osmand:speed>0.9</osmand:speed>
        </extensions>
      </trkpt>
      <trkpt lat="47.2425338" lon="9.3625835">
        <ele>2091.4</ele>
        <time>2026-09-03T11:51:25Z</time>
        <hdop>9.2</hdop>
        <extensions>
          <osmand:speed>1.3</osmand:speed>
        </extensions>
      </trkpt>
      <trkpt lat="47.2424919" lon="9.3625371">
        <ele>2089.4</ele>
        <time>2026-09-03T11:51:31Z</time>
        <hdop>8.7</hdop>
        <extensions>
          <osmand:speed>1.5</osmand:speed>
        </extensions>
      </trkpt>
      <trkpt lat="47.2424832" lon="9.362448">
        <ele>2088.4</ele>
        <time>2026-09-03T11:51:37Z</time>
        <hdop>9.2</hdop>
        <extensions>
          <osmand:speed>1.3</osmand:speed>
        </extensions>
      </trkpt>
      <trkpt lat="47.242447" lon="9.3623895">
        <ele>2086.4</ele>
        <time>2026-09-03T11:51:43Z</time>
        <hdop>8.2</hdop>
        <extensions>
          <osmand:speed>1.3</osmand:speed>
        </extensions>
      </trkpt>
      <trkpt lat="47.2424101" lon="9.3623545">
        <ele>2086.4</ele>
        <time>2026-09-03T11:51:49Z</time>
        <hdop>7.7</hdop>
        <extensions>
          <osmand:speed>0.9</osmand:speed>
        </extensions>
      </trkpt>
      <trkpt lat="47.2423858" lon="9.3622634">
        <ele>2084.4</ele>
        <time>2026-09-03T11:51:55Z</time>
        <hdop>9.7</hdop>
        <extensions>
          <osmand:speed>1.1</osmand:speed>
        </extensions>
      </trkpt>
      <trkpt lat="47.24236" lon="9.362179">
        <ele>2084.4</ele>
        <time>2026-09-03T11:52:01Z</time>
        <hdop>8.7</hdop>
        <extensions>
          <osmand:speed>1.1</osmand:speed>
        </extensions>
      </trkpt>
      <trkpt lat="47.2423331" lon="9.3621144">
        <ele>2083.4</ele>
        <time>2026-09-03T11:52:07Z</time>
        <hdop>9.7</hdop>
        <extensions>
          <osmand:speed>0.8</osmand:speed>
        </extensions>
      </trkpt>
      <trkpt lat="47.2423168" lon="9.3620727">
        <ele>2083.4</ele>
        <time>2026-09-03T11:52:13Z</time>
        <hdop>8.7</hdop>
        <extensions>
          <osmand:speed>1</osmand:speed>
        </extensions>
      </trkpt>
      <trkpt lat="47.2423174" lon="9.3619993">
        <ele>2083.4</ele>
        <time>2026-09-03T11:52:19Z</time>
        <hdop>7.1</hdop>
        <extensions>
          <osmand:speed>1</osmand:speed>
        </extensions>
      </trkpt>
      <trkpt lat="47.2423474" lon="9.3619787">
        <ele>2081.4</ele>
        <time>2026-09-03T11:52:25Z</time>
        <hdop>5.6</hdop>
        <extensions>
          <osmand:speed>0.8</osmand:speed>
        </extensions>
      </trkpt>
      <trkpt lat="47.2423864" lon="9.3619521">
        <ele>2080.4</ele>
        <time>2026-09-03T11:52:31Z</time>
        <hdop>6.6</hdop>
        <extensions>
          <osmand:speed>0.9</osmand:speed>
        </extensions>
      </trkpt>
      <trkpt lat="47.2424278" lon="9.3619079">
        <ele>2078.4</ele>
        <time>2026-09-03T11:52:37Z</time>
        <hdop>4.6</hdop>
        <extensions>
          <osmand:speed>0.3</osmand:speed>
        </extensions>
      </trkpt>
      <trkpt lat="47.2424554" lon="9.3618554">
        <ele>2078.4</ele>
        <time>2026-09-03T11:52:43Z</time>
        <hdop>6.6</hdop>
        <extensions>
          <osmand:speed>1.2</osmand:speed>
        </extensions>
      </trkpt>
      <trkpt lat="47.2424779" lon="9.3618021">
        <ele>2077.4</ele>
        <time>2026-09-03T11:52:49Z</time>
        <hdop>7.1</hdop>
        <extensions>
          <osmand:speed>0.7</osmand:speed>
        </extensions>
      </trkpt>
      <trkpt lat="47.242494" lon="9.3617781">
        <ele>2073.4</ele>
        <time>2026-09-03T11:54:05Z</time>
        <hdop>10.2</hdop>
        <extensions>
          <osmand:speed>0.3</osmand:speed>
        </extensions>
      </trkpt>
      <trkpt lat="47.2424791" lon="9.3617951">
        <ele>2075.4</ele>
        <time>2026-09-03T11:55:37Z</time>
        <hdop>8.7</hdop>
        <extensions>
          <osmand:speed>0</osmand:speed>
        </extensions>
      </trkpt>
      <trkpt lat="47.2424965" lon="9.3618151">
        <ele>2076.4</ele>
        <time>2026-09-03T11:56:07Z</time>
        <hdop>10.7</hdop>
        <extensions>
          <osmand:speed>0.1</osmand:speed>
        </extensions>
      </trkpt>
      <trkpt lat="47.2425111" lon="9.3617947">
        <ele>2074.4</ele>
        <time>2026-09-03T11:57:48Z</time>
        <hdop>13.3</hdop>
        <extensions>
          <osmand:speed>0.1</osmand:speed>
        </extensions>
      </trkpt>
      <trkpt lat="47.2424922" lon="9.3617948">
        <ele>2074.4</ele>
        <time>2026-09-03T11:58:25Z</time>
        <hdop>10.7</hdop>
        <extensions>
          <osmand:speed>0</osmand:speed>
        </extensions>
      </trkpt>
      <trkpt lat="47.242515" lon="9.3618056">
        <ele>2076.4</ele>
        <time>2026-09-03T11:58:46Z</time>
        <hdop>9.2</hdop>
        <extensions>
          <osmand:speed>1.4</osmand:speed>
        </extensions>
      </trkpt>
      <trkpt lat="47.2425002" lon="9.361784">
        <ele>2079.4</ele>
        <time>2026-09-03T11:59:35Z</time>
        <hdop>11.7</hdop>
        <extensions>
          <osmand:speed>0.2</osmand:speed>
        </extensions>
      </trkpt>
      <trkpt lat="47.242503" lon="9.3618111">
        <ele>2080.4</ele>
        <time>2026-09-03T11:59:54Z</time>
        <hdop>13.3</hdop>
        <extensions>
          <osmand:speed>0</osmand:speed>
        </extensions>
      </trkpt>
      <trkpt lat="47.2424822" lon="9.3618006">
        <ele>2079.4</ele>
        <time>2026-09-03T12:00:01Z</time>
        <hdop>12.8</hdop>
        <extensions>
          <osmand:speed>0.2</osmand:speed>
        </extensions>
      </trkpt>
      <trkpt lat="47.2424461" lon="9.3618336">
        <ele>2077.4</ele>
        <time>2026-09-03T12:00:53Z</time>
        <hdop>14.8</hdop>
        <extensions>
          <osmand:speed>1.3</osmand:speed>
        </extensions>
      </trkpt>
      <trkpt lat="47.2425233" lon="9.3618082">
        <ele>2076.4</ele>
        <time>2026-09-03T12:00:59Z</time>
        <hdop>8.7</hdop>
        <extensions>
          <osmand:speed>0.5</osmand:speed>
        </extensions>
      </trkpt>
      <trkpt lat="47.2425858" lon="9.3617973">
        <ele>2076.4</ele>
        <time>2026-09-03T12:01:05Z</time>
        <hdop>6.6</hdop>
        <extensions>
          <osmand:speed>1.2</osmand:speed>
        </extensions>
      </trkpt>
      <trkpt lat="47.2426268" lon="9.3617551">
        <ele>2073.4</ele>
        <time>2026-09-03T12:01:11Z</time>
        <hdop>4.1</hdop>
        <extensions>
          <osmand:speed>0.7</osmand:speed>
        </extensions>
      </trkpt>
      <trkpt lat="47.2426764" lon="9.3617066">
        <ele>2070.4</ele>
        <time>2026-09-03T12:01:17Z</time>
        <hdop>4.1</hdop>
        <extensions>
          <osmand:speed>0.8</osmand:speed>
        </extensions>
      </trkpt>
      <trkpt lat="47.2426986" lon="9.3616677">
        <ele>2069.4</ele>
        <time>2026-09-03T12:01:23Z</time>
        <hdop>4.1</hdop>
        <extensions>
          <osmand:speed>0.4</osmand:speed>
        </extensions>
      </trkpt>
      <trkpt lat="47.2427419" lon="9.3616241">
        <ele>2069.4</ele>
        <time>2026-09-03T12:01:29Z</time>
        <hdop>3.1</hdop>
        <extensions>
          <osmand:speed>1</osmand:speed>
        </extensions>
      </trkpt>
      <trkpt lat="47.2427833" lon="9.3615877">
        <ele>2068.4</ele>
        <time>2026-09-03T12:01:35Z</time>
        <hdop>3.6</hdop>
        <extensions>
          <osmand:speed>0.9</osmand:speed>
        </extensions>
      </trkpt>
      <trkpt lat="47.2428219" lon="9.3616142">
        <ele>2067.4</ele>
        <time>2026-09-03T12:01:41Z</time>
        <hdop>4.6</hdop>
        <extensions>
          <osmand:speed>0.6</osmand:speed>
        </extensions>
      </trkpt>
      <trkpt lat="47.2428504" lon="9.3616084">
        <ele>2066.4</ele>
        <time>2026-09-03T12:01:47Z</time>
        <hdop>3.6</hdop>
      </trkpt>
      <trkpt lat="47.2428291" lon="9.3615905">
        <ele>2067.4</ele>
        <time>2026-09-03T12:02:15Z</time>
        <hdop>5.1</hdop>
        <extensions>
          <osmand:speed>1.1</osmand:speed>
        </extensions>
      </trkpt>
      <trkpt lat="47.2427747" lon="9.3615628">
        <ele>2066.4</ele>
        <time>2026-09-03T12:02:21Z</time>
        <hdop>5.1</hdop>
        <extensions>
          <osmand:speed>0.7</osmand:speed>
        </extensions>
      </trkpt>
      <trkpt lat="47.2427252" lon="9.3615442">
        <ele>2066.4</ele>
        <time>2026-09-03T12:02:27Z</time>
        <hdop>5.1</hdop>
        <extensions>
          <osmand:speed>0.8</osmand:speed>
        </extensions>
      </trkpt>
      <trkpt lat="47.2426539" lon="9.3615299">
        <ele>2065.4</ele>
        <time>2026-09-03T12:02:33Z</time>
        <hdop>4.6</hdop>
        <extensions>
          <osmand:speed>0.9</osmand:speed>
        </extensions>
      </trkpt>
      <trkpt lat="47.2425914" lon="9.3615159">
        <ele>2064.4</ele>
        <time>2026-09-03T12:02:39Z</time>
        <hdop>4.6</hdop>
        <extensions>
          <osmand:speed>1</osmand:speed>
        </extensions>
      </trkpt>
      <trkpt lat="47.2425381" lon="9.3615032">
        <ele>2063.4</ele>
        <time>2026-09-03T12:02:45Z</time>
        <hdop>4.6</hdop>
        <extensions>
          <osmand:speed>1.3</osmand:speed>
        </extensions>
      </trkpt>
      <trkpt lat="47.2424816" lon="9.3614843">
        <ele>2062.4</ele>
        <time>2026-09-03T12:02:51Z</time>
        <hdop>4.6</hdop>
        <extensions>
          <osmand:speed>0.7</osmand:speed>
        </extensions>
      </trkpt>
      <trkpt lat="47.2424572" lon="9.3614819">
        <ele>2062.4</ele>
        <time>2026-09-03T12:02:57Z</time>
        <hdop>2.6</hdop>
      </trkpt>
      <trkpt lat="47.2424336" lon="9.3614836">
        <ele>2062.4</ele>
        <time>2026-09-03T12:03:04Z</time>
        <hdop>4.6</hdop>
        <extensions>
          <osmand:speed>1</osmand:speed>
        </extensions>
      </trkpt>
      <trkpt lat="47.2423919" lon="9.3614685">
        <ele>2062.4</ele>
        <time>2026-09-03T12:03:10Z</time>
        <hdop>5.1</hdop>
        <extensions>
          <osmand:speed>1</osmand:speed>
        </extensions>
      </trkpt>
      <trkpt lat="47.2423739" lon="9.3614678">
        <ele>2061.4</ele>
        <time>2026-09-03T12:03:29Z</time>
        <hdop>4.1</hdop>
        <extensions>
          <osmand:speed>1.2</osmand:speed>
        </extensions>
      </trkpt>
      <trkpt lat="47.2423106" lon="9.361462">
        <ele>2060.4</ele>
        <time>2026-09-03T12:03:35Z</time>
        <hdop>4.6</hdop>
        <extensions>
          <osmand:speed>0.7</osmand:speed>
        </extensions>
      </trkpt>
      <trkpt lat="47.2423039" lon="9.3614275">
        <ele>2058.4</ele>
        <time>2026-09-03T12:03:41Z</time>
        <hdop>6.1</hdop>
        <extensions>
          <osmand:speed>1.6</osmand:speed>
        </extensions>
      </trkpt>
      <trkpt lat="47.2423552" lon="9.3613971">
        <ele>2056.4</ele>
        <time>2026-09-03T12:03:47Z</time>
        <hdop>4.1</hdop>
        <extensions>
          <osmand:speed>0.7</osmand:speed>
        </extensions>
      </trkpt>
      <trkpt lat="47.2424089" lon="9.3613571">
        <ele>2053.4</ele>
        <time>2026-09-03T12:03:53Z</time>
        <hdop>4.1</hdop>
        <extensions>
          <osmand:speed>0.5</osmand:speed>
        </extensions>
      </trkpt>
      <trkpt lat="47.2424468" lon="9.361316">
        <ele>2049.4</ele>
        <time>2026-09-03T12:03:59Z</time>
        <hdop>4.1</hdop>
        <extensions>
          <osmand:speed>0.8</osmand:speed>
        </extensions>
      </trkpt>
      <trkpt lat="47.242473" lon="9.3612796">
        <ele>2049.4</ele>
        <time>2026-09-03T12:04:05Z</time>
        <hdop>4.1</hdop>
        <extensions>
          <osmand:speed>0.8</osmand:speed>
        </extensions>
      </trkpt>
      <trkpt lat="47.2425049" lon="9.3612281">
        <ele>2047.4</ele>
        <time>2026-09-03T12:04:11Z</time>
        <hdop>3.6</hdop>
        <extensions>
          <osmand:speed>1.1</osmand:speed>
        </extensions>
      </trkpt>
      <trkpt lat="47.242561" lon="9.3612019">
        <ele>2045.4</ele>
        <time>2026-09-03T12:04:17Z</time>
        <hdop>4.1</hdop>
        <extensions>
          <osmand:speed>1.1</osmand:speed>
        </extensions>
      </trkpt>
      <trkpt lat="47.2425303" lon="9.3611671">
        <ele>2044.4</ele>
        <time>2026-09-03T12:04:23Z</time>
        <hdop>4.1</hdop>
        <extensions>
          <osmand:speed>1.1</osmand:speed>
        </extensions>
      </trkpt>
      <trkpt lat="47.2424819" lon="9.3611356">
        <ele>2043.4</ele>
        <time>2026-09-03T12:04:29Z</time>
        <hdop>3.6</hdop>
      </trkpt>
      <trkpt lat="47.2424358" lon="9.3611205">
        <ele>2042.4</ele>
        <time>2026-09-03T12:04:35Z</time>
        <hdop>4.1</hdop>
        <extensions>
          <osmand:speed>1.1</osmand:speed>
        </extensions>
      </trkpt>
      <trkpt lat="47.2423791" lon="9.3611323">
        <ele>2042.4</ele>
        <time>2026-09-03T12:04:41Z</time>
        <hdop>3.6</hdop>
        <extensions>
          <osmand:speed>0.8</osmand:speed>
        </extensions>
      </trkpt>
      <trkpt lat="47.2423287" lon="9.3611284">
        <ele>2042.4</ele>
        <time>2026-09-03T12:04:47Z</time>
        <hdop>4.1</hdop>
        <extensions>
          <osmand:speed>0.9</osmand:speed>
        </extensions>
      </trkpt>
      <trkpt lat="47.2422918" lon="9.3611167">
        <ele>2040.4</ele>
        <time>2026-09-03T12:04:53Z</time>
        <hdop>4.6</hdop>
        <extensions>
          <osmand:speed>0.2</osmand:speed>
        </extensions>
      </trkpt>
      <trkpt lat="47.2422356" lon="9.3611193">
        <ele>2039.4</ele>
        <time>2026-09-03T12:04:59Z</time>
        <hdop>4.6</hdop>
        <extensions>
          <osmand:speed>0.8</osmand:speed>
        </extensions>
      </trkpt>
      <trkpt lat="47.2421816" lon="9.3611119">
        <ele>2037.4</ele>
        <time>2026-09-03T12:05:05Z</time>
        <hdop>4.6</hdop>
        <extensions>
          <osmand:speed>0.6</osmand:speed>
        </extensions>
      </trkpt>
      <trkpt lat="47.2422211" lon="9.3610663">
        <ele>2035.4</ele>
        <time>2026-09-03T12:05:11Z</time>
        <hdop>5.1</hdop>
        <extensions>
          <osmand:speed>1.3</osmand:speed>
        </extensions>
      </trkpt>
      <trkpt lat="47.2422546" lon="9.3610316">
        <ele>2032.4</ele>
        <time>2026-09-03T12:05:17Z</time>
        <hdop>3.6</hdop>
        <extensions>
          <osmand:speed>1</osmand:speed>
        </extensions>
      </trkpt>
      <trkpt lat="47.2422875" lon="9.3610083">
        <ele>2030.4</ele>
        <time>2026-09-03T12:05:23Z</time>
        <hdop>4.6</hdop>
        <extensions>
          <osmand:speed>0.8</osmand:speed>
        </extensions>
      </trkpt>
      <trkpt lat="47.2423444" lon="9.360976">
        <ele>2029.4</ele>
        <time>2026-09-03T12:05:29Z</time>
        <hdop>4.1</hdop>
        <extensions>
          <osmand:speed>1</osmand:speed>
        </extensions>
      </trkpt>
      <trkpt lat="47.2424078" lon="9.360935">
        <ele>2027.4</ele>
        <time>2026-09-03T12:05:35Z</time>
        <hdop>4.1</hdop>
        <extensions>
          <osmand:speed>1.1</osmand:speed>
        </extensions>
      </trkpt>
      <trkpt lat="47.2424408" lon="9.3609144">
        <ele>2026.4</ele>
        <time>2026-09-03T12:05:41Z</time>
        <hdop>4.6</hdop>
        <extensions>
          <osmand:speed>0.3</osmand:speed>
        </extensions>
      </trkpt>
      <trkpt lat="47.2423859" lon="9.3608795">
        <ele>2026.4</ele>
        <time>2026-09-03T12:05:47Z</time>
        <hdop>4.1</hdop>
        <extensions>
          <osmand:speed>0.8</osmand:speed>
        </extensions>
      </trkpt>
      <trkpt lat="47.2423175" lon="9.3608907">
        <ele>2027.4</ele>
        <time>2026-09-03T12:05:53Z</time>
        <hdop>5.1</hdop>
        <extensions>
          <osmand:speed>1.5</osmand:speed>
        </extensions>
      </trkpt>
      <trkpt lat="47.2423284" lon="9.3608489">
        <ele>2024.4</ele>
        <time>2026-09-03T12:05:59Z</time>
        <hdop>3.1</hdop>
        <extensions>
          <osmand:speed>1</osmand:speed>
        </extensions>
      </trkpt>
      <trkpt lat="47.2423521" lon="9.3607714">
        <ele>2021.4</ele>
        <time>2026-09-03T12:06:05Z</time>
        <hdop>3.6</hdop>
        <extensions>
          <osmand:speed>1.2</osmand:speed>
        </extensions>
      </trkpt>
      <trkpt lat="47.2423964" lon="9.3607176">
        <ele>2019.4</ele>
        <time>2026-09-03T12:06:11Z</time>
        <hdop>3.6</hdop>
        <extensions>
          <osmand:speed>0.9</osmand:speed>
        </extensions>
      </trkpt>
      <trkpt lat="47.2424395" lon="9.3606626">
        <ele>2018.4</ele>
        <time>2026-09-03T12:06:17Z</time>
        <hdop>4.1</hdop>
        <extensions>
          <osmand:speed>1.5</osmand:speed>
        </extensions>
      </trkpt>
      <trkpt lat="47.2424949" lon="9.3606154">
        <ele>2017.4</ele>
        <time>2026-09-03T12:06:23Z</time>
        <hdop>4.6</hdop>
        <extensions>
          <osmand:speed>1.2</osmand:speed>
        </extensions>
      </trkpt>
      <trkpt lat="47.2425336" lon="9.3605923">
        <ele>2014.4</ele>
        <time>2026-09-03T12:06:29Z</time>
        <hdop>4.1</hdop>
        <extensions>
          <osmand:speed>1</osmand:speed>
        </extensions>
      </trkpt>
      <trkpt lat="47.2425043" lon="9.3605002">
        <ele>2013.4</ele>
        <time>2026-09-03T12:06:35Z</time>
        <hdop>4.1</hdop>
        <extensions>
          <osmand:speed>0.7</osmand:speed>
        </extensions>
      </trkpt>
      <trkpt lat="47.2424937" lon="9.3604274">
        <ele>2013.4</ele>
        <time>2026-09-03T12:06:41Z</time>
        <hdop>3.6</hdop>
        <extensions>
          <osmand:speed>0.9</osmand:speed>
        </extensions>
      </trkpt>
      <trkpt lat="47.2425043" lon="9.3603674">
        <ele>2012.4</ele>
        <time>2026-09-03T12:06:47Z</time>
        <hdop>3.1</hdop>
        <extensions>
          <osmand:speed>0.9</osmand:speed>
        </extensions>
      </trkpt>
      <trkpt lat="47.2424909" lon="9.3602977">
        <ele>2010.4</ele>
        <time>2026-09-03T12:06:53Z</time>
        <hdop>4.1</hdop>
        <extensions>
          <osmand:speed>1.1</osmand:speed>
        </extensions>
      </trkpt>
      <trkpt lat="47.2424909" lon="9.3602061">
        <ele>2010.4</ele>
        <time>2026-09-03T12:06:59Z</time>
        <hdop>4.1</hdop>
        <extensions>
          <osmand:speed>1.2</osmand:speed>
        </extensions>
      </trkpt>
      <trkpt lat="47.2424904" lon="9.360122">
        <ele>2009.4</ele>
        <time>2026-09-03T12:07:05Z</time>
        <hdop>4.6</hdop>
        <extensions>
          <osmand:speed>1.1</osmand:speed>
        </extensions>
      </trkpt>
      <trkpt lat="47.2424836" lon="9.3600624">
        <ele>2007.4</ele>
        <time>2026-09-03T12:07:11Z</time>
        <hdop>4.1</hdop>
        <extensions>
          <osmand:speed>1.2</osmand:speed>
        </extensions>
      </trkpt>
      <trkpt lat="47.2424838" lon="9.3599812">
        <ele>2005.4</ele>
        <time>2026-09-03T12:07:17Z</time>
        <hdop>5.6</hdop>
        <extensions>
          <osmand:speed>0.8</osmand:speed>
        </extensions>
      </trkpt>
      <trkpt lat="47.2424916" lon="9.3598893">
        <ele>2004.4</ele>
        <time>2026-09-03T12:07:23Z</time>
        <hdop>4.1</hdop>
        <extensions>
          <osmand:speed>0.8</osmand:speed>
        </extensions>
      </trkpt>
      <trkpt lat="47.2425115" lon="9.3598159">
        <ele>2002.4</ele>
        <time>2026-09-03T12:07:29Z</time>
        <hdop>4.1</hdop>
        <extensions>
          <osmand:speed>0.8</osmand:speed>
        </extensions>
      </trkpt>
      <trkpt lat="47.2424943" lon="9.3597207">
        <ele>2002.4</ele>
        <time>2026-09-03T12:07:35Z</time>
        <hdop>4.6</hdop>
        <extensions>
          <osmand:speed>1.2</osmand:speed>
        </extensions>
      </trkpt>
      <trkpt lat="47.242521" lon="9.3596533">
        <ele>2001.4</ele>
        <time>2026-09-03T12:07:41Z</time>
        <hdop>4.1</hdop>
        <extensions>
          <osmand:speed>1</osmand:speed>
        </extensions>
      </trkpt>
      <trkpt lat="47.2425166" lon="9.3595584">
        <ele>1999.4</ele>
        <time>2026-09-03T12:07:47Z</time>
        <hdop>4.6</hdop>
        <extensions>
          <osmand:speed>1.2</osmand:speed>
        </extensions>
      </trkpt>
      <trkpt lat="47.2424825" lon="9.3594893">
        <ele>1998.4</ele>
        <time>2026-09-03T12:07:53Z</time>
        <hdop>4.6</hdop>
        <extensions>
          <osmand:speed>1.3</osmand:speed>
        </extensions>
      </trkpt>
      <trkpt lat="47.2424487" lon="9.3593995">
        <ele>1998.4</ele>
        <time>2026-09-03T12:07:59Z</time>
        <hdop>4.6</hdop>
        <extensions>
          <osmand:speed>1.1</osmand:speed>
        </extensions>
      </trkpt>
      <trkpt lat="47.2424285" lon="9.3593527">
        <ele>1997.4</ele>
        <time>2026-09-03T12:08:05Z</time>
        <hdop>7.1</hdop>
        <extensions>
          <osmand:speed>0.5</osmand:speed>
        </extensions>
      </trkpt>
      <trkpt lat="47.242386" lon="9.3592826">
        <ele>1994.4</ele>
        <time>2026-09-03T12:08:11Z</time>
        <hdop>4.6</hdop>
        <extensions>
          <osmand:speed>1</osmand:speed>
        </extensions>
      </trkpt>
      <trkpt lat="47.2423972" lon="9.3592022">
        <ele>1992.4</ele>
        <time>2026-09-03T12:08:17Z</time>
        <hdop>4.6</hdop>
        <extensions>
          <osmand:speed>1.2</osmand:speed>
        </extensions>
      </trkpt>
      <trkpt lat="47.2423655" lon="9.359135">
        <ele>1992.4</ele>
        <time>2026-09-03T12:08:23Z</time>
        <hdop>4.6</hdop>
        <extensions>
          <osmand:speed>1.1</osmand:speed>
        </extensions>
      </trkpt>
      <trkpt lat="47.2423271" lon="9.3590408">
        <ele>1992.4</ele>
        <time>2026-09-03T12:08:29Z</time>
        <hdop>4.1</hdop>
        <extensions>
          <osmand:speed>0.9</osmand:speed>
        </extensions>
      </trkpt>
      <trkpt lat="47.2422901" lon="9.3589785">
        <ele>1992.4</ele>
        <time>2026-09-03T12:08:35Z</time>
        <hdop>4.1</hdop>
        <extensions>
          <osmand:speed>1</osmand:speed>
        </extensions>
      </trkpt>
      <trkpt lat="47.2422862" lon="9.3589419">
        <ele>1990.4</ele>
        <time>2026-09-03T12:08:41Z</time>
        <hdop>5.1</hdop>
        <extensions>
          <osmand:speed>0.9</osmand:speed>
        </extensions>
      </trkpt>
      <trkpt lat="47.2422616" lon="9.3588734">
        <ele>1988.4</ele>
        <time>2026-09-03T12:08:47Z</time>
        <hdop>4.1</hdop>
        <extensions>
          <osmand:speed>0.9</osmand:speed>
        </extensions>
      </trkpt>
      <trkpt lat="47.2422234" lon="9.358826">
        <ele>1987.4</ele>
        <time>2026-09-03T12:08:53Z</time>
        <hdop>4.6</hdop>
        <extensions>
          <osmand:speed>0.9</osmand:speed>
        </extensions>
      </trkpt>
      <trkpt lat="47.242197" lon="9.3587475">
        <ele>1984.4</ele>
        <time>2026-09-03T12:08:59Z</time>
        <hdop>4.1</hdop>
        <extensions>
          <osmand:speed>0.9</osmand:speed>
        </extensions>
      </trkpt>
      <trkpt lat="47.2421801" lon="9.3586981">
        <ele>1983.4</ele>
        <time>2026-09-03T12:09:05Z</time>
        <hdop>4.6</hdop>
        <extensions>
          <osmand:speed>1.1</osmand:speed>
        </extensions>
      </trkpt>
      <trkpt lat="47.2421385" lon="9.3586422">
        <ele>1982.4</ele>
        <time>2026-09-03T12:09:11Z</time>
        <hdop>4.6</hdop>
        <extensions>
          <osmand:speed>1</osmand:speed>
        </extensions>
      </trkpt>
      <trkpt lat="47.2421116" lon="9.3586037">
        <ele>1982.4</ele>
        <time>2026-09-03T12:09:17Z</time>
        <hdop>4.6</hdop>
        <extensions>
          <osmand:speed>0.8</osmand:speed>
        </extensions>
      </trkpt>
      <trkpt lat="47.2420918" lon="9.358579">
        <ele>1982.4</ele>
        <time>2026-09-03T12:09:23Z</time>
        <hdop>5.6</hdop>
        <extensions>
          <osmand:speed>0.9</osmand:speed>
        </extensions>
      </trkpt>
      <trkpt lat="47.2420802" lon="9.3586536">
        <ele>1980.4</ele>
        <time>2026-09-03T12:09:29Z</time>
        <hdop>5.6</hdop>
        <extensions>
          <osmand:speed>0.9</osmand:speed>
        </extensions>
      </trkpt>
      <trkpt lat="47.242053" lon="9.3587177">
        <ele>1979.4</ele>
        <time>2026-09-03T12:09:35Z</time>
        <hdop>4.6</hdop>
        <extensions>
          <osmand:speed>0.9</osmand:speed>
        </extensions>
      </trkpt>
      <trkpt lat="47.2420313" lon="9.3588012">
        <ele>1978.4</ele>
        <time>2026-09-03T12:09:41Z</time>
        <hdop>5.1</hdop>
        <extensions>
          <osmand:speed>0.6</osmand:speed>
        </extensions>
      </trkpt>
      <trkpt lat="47.2420128" lon="9.35886">
        <ele>1976.4</ele>
        <time>2026-09-03T12:09:47Z</time>
        <hdop>5.6</hdop>
        <extensions>
          <osmand:speed>0.8</osmand:speed>
        </extensions>
      </trkpt>
      <trkpt lat="47.2419995" lon="9.3589204">
        <ele>1975.4</ele>
        <time>2026-09-03T12:09:53Z</time>
        <hdop>5.1</hdop>
        <extensions>
          <osmand:speed>0.7</osmand:speed>
        </extensions>
      </trkpt>
      <trkpt lat="47.2419845" lon="9.3590084">
        <ele>1974.4</ele>
        <time>2026-09-03T12:09:59Z</time>
        <hdop>5.1</hdop>
        <extensions>
          <osmand:speed>1</osmand:speed>
        </extensions>
      </trkpt>
      <trkpt lat="47.241976" lon="9.3590859">
        <ele>1971.4</ele>
        <time>2026-09-03T12:10:05Z</time>
        <hdop>6.1</hdop>
        <extensions>
          <osmand:speed>0.6</osmand:speed>
        </extensions>
      </trkpt>
      <trkpt lat="47.2419211" lon="9.3591714">
        <ele>1970.4</ele>
        <time>2026-09-03T12:10:11Z</time>
        <hdop>4.6</hdop>
        <extensions>
          <osmand:speed>1</osmand:speed>
        </extensions>
      </trkpt>
      <trkpt lat="47.2418911" lon="9.359229">
        <ele>1970.4</ele>
        <time>2026-09-03T12:10:17Z</time>
        <hdop>5.6</hdop>
        <extensions>
          <osmand:speed>1</osmand:speed>
        </extensions>
      </trkpt>
      <trkpt lat="47.2418395" lon="9.3592363">
        <ele>1969.4</ele>
        <time>2026-09-03T12:10:23Z</time>
        <hdop>4.6</hdop>
        <extensions>
          <osmand:speed>1.1</osmand:speed>
        </extensions>
      </trkpt>
      <trkpt lat="47.2417893" lon="9.3591327">
        <ele>1968.4</ele>
        <time>2026-09-03T12:10:29Z</time>
        <hdop>5.1</hdop>
        <extensions>
          <osmand:speed>1.3</osmand:speed>
        </extensions>
      </trkpt>
      <trkpt lat="47.2417486" lon="9.3590695">
        <ele>1968.4</ele>
        <time>2026-09-03T12:10:35Z</time>
        <hdop>3.6</hdop>
        <extensions>
          <osmand:speed>1.1</osmand:speed>
        </extensions>
      </trkpt>
      <trkpt lat="47.2417283" lon="9.3589712">
        <ele>1967.4</ele>
        <time>2026-09-03T12:10:41Z</time>
        <hdop>4.1</hdop>
        <extensions>
          <osmand:speed>1.2</osmand:speed>
        </extensions>
      </trkpt>
      <trkpt lat="47.2416872" lon="9.3588851">
        <ele>1966.4</ele>
        <time>2026-09-03T12:10:47Z</time>
        <hdop>4.6</hdop>
        <extensions>
          <osmand:speed>1</osmand:speed>
        </extensions>
      </trkpt>
      <trkpt lat="47.2416701" lon="9.3588484">
        <ele>1963.4</ele>
        <time>2026-09-03T12:10:53Z</time>
        <hdop>5.6</hdop>
        <extensions>
          <osmand:speed>1.4</osmand:speed>
        </extensions>
      </trkpt>
      <trkpt lat="47.2416147" lon="9.3588961">
        <ele>1962.4</ele>
        <time>2026-09-03T12:10:59Z</time>
        <hdop>5.6</hdop>
        <extensions>
          <osmand:speed>0.9</osmand:speed>
        </extensions>
      </trkpt>
      <trkpt lat="47.2415537" lon="9.3589411">
        <ele>1961.4</ele>
        <time>2026-09-03T12:11:05Z</time>
        <hdop>5.1</hdop>
        <extensions>
          <osmand:speed>0.9</osmand:speed>
        </extensions>
      </trkpt>
      <trkpt lat="47.241503" lon="9.3589365">
        <ele>1961.4</ele>
        <time>2026-09-03T12:11:11Z</time>
        <hdop>5.1</hdop>
        <extensions>
          <osmand:speed>1</osmand:speed>
        </extensions>
      </trkpt>
      <trkpt lat="47.2414497" lon="9.3589775">
        <ele>1960.4</ele>
        <time>2026-09-03T12:11:17Z</time>
        <hdop>5.1</hdop>
        <extensions>
          <osmand:speed>1.3</osmand:speed>
        </extensions>
      </trkpt>
      <trkpt lat="47.2413994" lon="9.3590151">
        <ele>1958.4</ele>
        <time>2026-09-03T12:11:23Z</time>
        <hdop>5.1</hdop>
        <extensions>
          <osmand:speed>0.8</osmand:speed>
        </extensions>
      </trkpt>
      <trkpt lat="47.2413865" lon="9.3589679">
        <ele>1955.4</ele>
        <time>2026-09-03T12:11:29Z</time>
        <hdop>4.6</hdop>
        <extensions>
          <osmand:speed>1</osmand:speed>
        </extensions>
      </trkpt>
      <trkpt lat="47.2413883" lon="9.3588962">
        <ele>1953.4</ele>
        <time>2026-09-03T12:11:35Z</time>
        <hdop>4.6</hdop>
        <extensions>
          <osmand:speed>1.2</osmand:speed>
        </extensions>
      </trkpt>
      <trkpt lat="47.2413779" lon="9.3588236">
        <ele>1951.4</ele>
        <time>2026-09-03T12:11:41Z</time>
        <hdop>5.6</hdop>
        <extensions>
          <osmand:speed>0.9</osmand:speed>
        </extensions>
      </trkpt>
      <trkpt lat="47.241373" lon="9.3587497">
        <ele>1948.4</ele>
        <time>2026-09-03T12:11:47Z</time>
        <hdop>4.1</hdop>
        <extensions>
          <osmand:speed>1.3</osmand:speed>
        </extensions>
      </trkpt>
      <trkpt lat="47.2413836" lon="9.3587085">
        <ele>1946.4</ele>
        <time>2026-09-03T12:11:53Z</time>
        <hdop>4.1</hdop>
        <extensions>
          <osmand:speed>0.9</osmand:speed>
        </extensions>
      </trkpt>
      <trkpt lat="47.2413686" lon="9.3586564">
        <ele>1946.4</ele>
        <time>2026-09-03T12:11:59Z</time>
        <hdop>4.1</hdop>
        <extensions>
          <osmand:speed>1</osmand:speed>
        </extensions>
      </trkpt>
      <trkpt lat="47.2413515" lon="9.3585624">
        <ele>1944.4</ele>
        <time>2026-09-03T12:12:05Z</time>
        <hdop>4.1</hdop>
        <extensions>
          <osmand:speed>1.1</osmand:speed>
        </extensions>
      </trkpt>
      <trkpt lat="47.2413333" lon="9.3584803">
        <ele>1944.4</ele>
        <time>2026-09-03T12:12:11Z</time>
        <hdop>4.6</hdop>
        <extensions>
          <osmand:speed>1.2</osmand:speed>
        </extensions>
      </trkpt>
      <trkpt lat="47.2412835" lon="9.3584391">
        <ele>1944.4</ele>
        <time>2026-09-03T12:12:17Z</time>
        <hdop>4.6</hdop>
        <extensions>
          <osmand:speed>0.9</osmand:speed>
        </extensions>
      </trkpt>
      <trkpt lat="47.2412343" lon="9.3583936">
        <ele>1943.4</ele>
        <time>2026-09-03T12:12:23Z</time>
        <hdop>4.6</hdop>
        <extensions>
          <osmand:speed>1.1</osmand:speed>
        </extensions>
      </trkpt>
      <trkpt lat="47.2411865" lon="9.3583402">
        <ele>1943.4</ele>
        <time>2026-09-03T12:12:29Z</time>
        <hdop>4.1</hdop>
        <extensions>
          <osmand:speed>1.8</osmand:speed>
        </extensions>
      </trkpt>
      <trkpt lat="47.241153" lon="9.3582462">
        <ele>1944.4</ele>
        <time>2026-09-03T12:12:35Z</time>
        <hdop>4.1</hdop>
        <extensions>
          <osmand:speed>1.2</osmand:speed>
        </extensions>
      </trkpt>
      <trkpt lat="47.2411123" lon="9.3581798">
        <ele>1943.4</ele>
        <time>2026-09-03T12:12:41Z</time>
        <hdop>4.1</hdop>
        <extensions>
          <osmand:speed>1</osmand:speed>
        </extensions>
      </trkpt>
      <trkpt lat="47.2410859" lon="9.3581132">
        <ele>1942.4</ele>
        <time>2026-09-03T12:12:47Z</time>
        <hdop>4.1</hdop>
        <extensions>
          <osmand:speed>1.2</osmand:speed>
        </extensions>
      </trkpt>
      <trkpt lat="47.241066" lon="9.358043">
        <ele>1940.4</ele>
        <time>2026-09-03T12:12:53Z</time>
        <hdop>4.1</hdop>
        <extensions>
          <osmand:speed>1.2</osmand:speed>
        </extensions>
      </trkpt>
      <trkpt lat="47.2410258" lon="9.3579926">
        <ele>1940.4</ele>
        <time>2026-09-03T12:12:59Z</time>
        <hdop>4.6</hdop>
        <extensions>
          <osmand:speed>1.1</osmand:speed>
        </extensions>
      </trkpt>
      <trkpt lat="47.2409949" lon="9.3579263">
        <ele>1937.4</ele>
        <time>2026-09-03T12:13:05Z</time>
        <hdop>4.1</hdop>
        <extensions>
          <osmand:speed>0.9</osmand:speed>
        </extensions>
      </trkpt>
      <trkpt lat="47.2409642" lon="9.3578428">
        <ele>1936.4</ele>
        <time>2026-09-03T12:13:11Z</time>
        <hdop>4.1</hdop>
        <extensions>
          <osmand:speed>0.7</osmand:speed>
        </extensions>
      </trkpt>
      <trkpt lat="47.2409461" lon="9.3577839">
        <ele>1934.4</ele>
        <time>2026-09-03T12:13:17Z</time>
        <hdop>4.1</hdop>
        <extensions>
          <osmand:speed>0.8</osmand:speed>
        </extensions>
      </trkpt>
      <trkpt lat="47.2409381" lon="9.3577179">
        <ele>1933.4</ele>
        <time>2026-09-03T12:13:23Z</time>
        <hdop>4.6</hdop>
        <extensions>
          <osmand:speed>1.2</osmand:speed>
        </extensions>
      </trkpt>
      <trkpt lat="47.2409229" lon="9.3576435">
        <ele>1931.4</ele>
        <time>2026-09-03T12:13:29Z</time>
        <hdop>4.1</hdop>
        <extensions>
          <osmand:speed>1.4</osmand:speed>
        </extensions>
      </trkpt>
      <trkpt lat="47.2409052" lon="9.3575404">
        <ele>1927.4</ele>
        <time>2026-09-03T12:13:35Z</time>
        <hdop>4.6</hdop>
        <extensions>
          <osmand:speed>1.4</osmand:speed>
        </extensions>
      </trkpt>
      <trkpt lat="47.24092" lon="9.3574803">
        <ele>1925.4</ele>
        <time>2026-09-03T12:13:41Z</time>
        <hdop>4.1</hdop>
      </trkpt>
      <trkpt lat="47.2409383" lon="9.3574471">
        <ele>1923.4</ele>
        <time>2026-09-03T12:13:48Z</time>
        <hdop>5.1</hdop>
        <extensions>
          <osmand:speed>1.4</osmand:speed>
        </extensions>
      </trkpt>
      <trkpt lat="47.2409543" lon="9.3573825">
        <ele>1923.4</ele>
        <time>2026-09-03T12:13:54Z</time>
        <hdop>5.6</hdop>
        <extensions>
          <osmand:speed>0.7</osmand:speed>
        </extensions>
      </trkpt>
      <trkpt lat="47.2409844" lon="9.3573244">
        <ele>1922.4</ele>
        <time>2026-09-03T12:14:00Z</time>
        <hdop>5.1</hdop>
        <extensions>
          <osmand:speed>1</osmand:speed>
        </extensions>
      </trkpt>
      <trkpt lat="47.2410065" lon="9.3572573">
        <ele>1920.4</ele>
        <time>2026-09-03T12:14:06Z</time>
        <hdop>4.6</hdop>
        <extensions>
          <osmand:speed>1.1</osmand:speed>
        </extensions>
      </trkpt>
      <trkpt lat="47.2409977" lon="9.3571649">
        <ele>1920.4</ele>
        <time>2026-09-03T12:14:12Z</time>
        <hdop>4.6</hdop>
        <extensions>
          <osmand:speed>1.2</osmand:speed>
        </extensions>
      </trkpt>
      <trkpt lat="47.241019" lon="9.3570664">
        <ele>1919.4</ele>
        <time>2026-09-03T12:14:18Z</time>
        <hdop>4.6</hdop>
        <extensions>
          <osmand:speed>0.9</osmand:speed>
        </extensions>
      </trkpt>
      <trkpt lat="47.2410425" lon="9.3570017">
        <ele>1917.4</ele>
        <time>2026-09-03T12:14:24Z</time>
        <hdop>4.1</hdop>
        <extensions>
          <osmand:speed>0.9</osmand:speed>
        </extensions>
      </trkpt>
      <trkpt lat="47.2410817" lon="9.3569047">
        <ele>1916.4</ele>
        <time>2026-09-03T12:14:30Z</time>
        <hdop>4.6</hdop>
        <extensions>
          <osmand:speed>2</osmand:speed>
        </extensions>
      </trkpt>
      <trkpt lat="47.2411148" lon="9.356836">
        <ele>1916.4</ele>
        <time>2026-09-03T12:14:36Z</time>
        <hdop>4.1</hdop>
        <extensions>
          <osmand:speed>0.8</osmand:speed>
        </extensions>
      </trkpt>
      <trkpt lat="47.2411216" lon="9.3567455">
        <ele>1915.4</ele>
        <time>2026-09-03T12:14:42Z</time>
        <hdop>4.6</hdop>
        <extensions>
          <osmand:speed>1.1</osmand:speed>
        </extensions>
      </trkpt>
      <trkpt lat="47.2411355" lon="9.3566614">
        <ele>1913.4</ele>
        <time>2026-09-03T12:14:48Z</time>
        <hdop>4.1</hdop>
        <extensions>
          <osmand:speed>0.9</osmand:speed>
        </extensions>
      </trkpt>
      <trkpt lat="47.2411075" lon="9.3565998">
        <ele>1912.4</ele>
        <time>2026-09-03T12:14:54Z</time>
        <hdop>4.1</hdop>
        <extensions>
          <osmand:speed>1</osmand:speed>
        </extensions>
      </trkpt>
      <trkpt lat="47.2411022" lon="9.3565315">
        <ele>1911.4</ele>
        <time>2026-09-03T12:15:00Z</time>
        <hdop>5.1</hdop>
        <extensions>
          <osmand:speed>0.9</osmand:speed>
        </extensions>
      </trkpt>
      <trkpt lat="47.2410932" lon="9.3564355">
        <ele>1910.4</ele>
        <time>2026-09-03T12:15:06Z</time>
        <hdop>4.1</hdop>
        <extensions>
          <osmand:speed>1.1</osmand:speed>
        </extensions>
      </trkpt>
      <trkpt lat="47.2410911" lon="9.3563475">
        <ele>1910.4</ele>
        <time>2026-09-03T12:15:12Z</time>
        <hdop>4.1</hdop>
        <extensions>
          <osmand:speed>1.2</osmand:speed>
        </extensions>
      </trkpt>
      <trkpt lat="47.2410903" lon="9.3562833">
        <ele>1909.4</ele>
        <time>2026-09-03T12:15:18Z</time>
        <hdop>3.6</hdop>
        <extensions>
          <osmand:speed>0.6</osmand:speed>
        </extensions>
      </trkpt>
      <trkpt lat="47.2410454" lon="9.3563532">
        <ele>1908.4</ele>
        <time>2026-09-03T12:15:24Z</time>
        <hdop>5.6</hdop>
        <extensions>
          <osmand:speed>1.6</osmand:speed>
        </extensions>
      </trkpt>
      <trkpt lat="47.2409957" lon="9.356447">
        <ele>1908.4</ele>
        <time>2026-09-03T12:15:30Z</time>
        <hdop>5.1</hdop>
        <extensions>
          <osmand:speed>1</osmand:speed>
        </extensions>
      </trkpt>
      <trkpt lat="47.2409547" lon="9.3565176">
        <ele>1906.4</ele>
        <time>2026-09-03T12:15:36Z</time>
        <hdop>5.6</hdop>
        <extensions>
          <osmand:speed>0.9</osmand:speed>
        </extensions>
      </trkpt>
      <trkpt lat="47.2409522" lon="9.3564674">
        <ele>1906.4</ele>
        <time>2026-09-03T12:15:42Z</time>
        <hdop>5.1</hdop>
        <extensions>
          <osmand:speed>1.4</osmand:speed>
        </extensions>
      </trkpt>
      <trkpt lat="47.2409569" lon="9.3563651">
        <ele>1904.4</ele>
        <time>2026-09-03T12:15:48Z</time>
        <hdop>4.1</hdop>
        <extensions>
          <osmand:speed>0.9</osmand:speed>
        </extensions>
      </trkpt>
      <trkpt lat="47.24094" lon="9.356279">
        <ele>1903.4</ele>
        <time>2026-09-03T12:15:54Z</time>
        <hdop>5.6</hdop>
        <extensions>
          <osmand:speed>1.2</osmand:speed>
        </extensions>
      </trkpt>
      <trkpt lat="47.240953" lon="9.3561853">
        <ele>1902.4</ele>
        <time>2026-09-03T12:16:00Z</time>
        <hdop>4.6</hdop>
        <extensions>
          <osmand:speed>0.9</osmand:speed>
        </extensions>
      </trkpt>
      <trkpt lat="47.2409527" lon="9.3560824">
        <ele>1900.4</ele>
        <time>2026-09-03T12:16:06Z</time>
        <hdop>4.6</hdop>
        <extensions>
          <osmand:speed>1</osmand:speed>
        </extensions>
      </trkpt>
      <trkpt lat="47.2409253" lon="9.3560323">
        <ele>1899.4</ele>
        <time>2026-09-03T12:16:12Z</time>
        <hdop>3.6</hdop>
        <extensions>
          <osmand:speed>0.9</osmand:speed>
        </extensions>
      </trkpt>
      <trkpt lat="47.2408658" lon="9.355975">
        <ele>1898.4</ele>
        <time>2026-09-03T12:16:18Z</time>
        <hdop>4.6</hdop>
        <extensions>
          <osmand:speed>1.1</osmand:speed>
        </extensions>
      </trkpt>
      <trkpt lat="47.2408074" lon="9.3559125">
        <ele>1898.4</ele>
        <time>2026-09-03T12:16:24Z</time>
        <hdop>4.6</hdop>
        <extensions>
          <osmand:speed>1.2</osmand:speed>
        </extensions>
      </trkpt>
      <trkpt lat="47.2407493" lon="9.3558541">
        <ele>1897.4</ele>
        <time>2026-09-03T12:16:30Z</time>
        <hdop>3.6</hdop>
        <extensions>
          <osmand:speed>1.7</osmand:speed>
        </extensions>
      </trkpt>
      <trkpt lat="47.2407138" lon="9.3558333">
        <ele>1896.4</ele>
        <time>2026-09-03T12:16:36Z</time>
        <hdop>7.1</hdop>
        <extensions>
          <osmand:speed>0.1</osmand:speed>
        </extensions>
      </trkpt>
      <trkpt lat="47.2407033" lon="9.3558007">
        <ele>1897.4</ele>
        <time>2026-09-03T12:16:45Z</time>
        <hdop>5.1</hdop>
        <extensions>
          <osmand:speed>1.3</osmand:speed>
        </extensions>
      </trkpt>
      <trkpt lat="47.2406385" lon="9.3557941">
        <ele>1896.4</ele>
        <time>2026-09-03T12:16:51Z</time>
        <hdop>4.6</hdop>
        <extensions>
          <osmand:speed>1.2</osmand:speed>
        </extensions>
      </trkpt>
      <trkpt lat="47.2405651" lon="9.3557509">
        <ele>1896.4</ele>
        <time>2026-09-03T12:16:57Z</time>
        <hdop>4.1</hdop>
        <extensions>
          <osmand:speed>1.4</osmand:speed>
        </extensions>
      </trkpt>
      <trkpt lat="47.2405317" lon="9.3556919">
        <ele>1896.4</ele>
        <time>2026-09-03T12:17:03Z</time>
        <hdop>5.1</hdop>
        <extensions>
          <osmand:speed>1</osmand:speed>
        </extensions>
      </trkpt>
      <trkpt lat="47.240489" lon="9.3557078">
        <ele>1896.4</ele>
        <time>2026-09-03T12:17:09Z</time>
        <hdop>5.1</hdop>
        <extensions>
          <osmand:speed>1</osmand:speed>
        </extensions>
      </trkpt>
      <trkpt lat="47.2404574" lon="9.3557078">
        <ele>1894.4</ele>
        <time>2026-09-03T12:17:15Z</time>
        <hdop>5.6</hdop>
      </trkpt>
      <trkpt lat="47.24044" lon="9.3557004">
        <ele>1893.4</ele>
        <time>2026-09-03T12:17:25Z</time>
        <hdop>4.6</hdop>
        <extensions>
          <osmand:speed>0.9</osmand:speed>
        </extensions>
      </trkpt>
      <trkpt lat="47.240402" lon="9.3556727">
        <ele>1896.4</ele>
        <time>2026-09-03T12:17:31Z</time>
        <hdop>5.1</hdop>
        <extensions>
          <osmand:speed>0.3</osmand:speed>
        </extensions>
      </trkpt>
      <trkpt lat="47.2403676" lon="9.3556714">
        <ele>1897.4</ele>
        <time>2026-09-03T12:17:37Z</time>
        <hdop>3.6</hdop>
        <extensions>
          <osmand:speed>1.4</osmand:speed>
        </extensions>
      </trkpt>
      <trkpt lat="47.2402959" lon="9.3556548">
        <ele>1898.4</ele>
        <time>2026-09-03T12:17:43Z</time>
        <hdop>5.6</hdop>
        <extensions>
          <osmand:speed>1.2</osmand:speed>
        </extensions>
      </trkpt>
      <trkpt lat="47.240216" lon="9.3556518">
        <ele>1897.4</ele>
        <time>2026-09-03T12:17:49Z</time>
        <hdop>4.6</hdop>
        <extensions>
          <osmand:speed>1.7</osmand:speed>
        </extensions>
      </trkpt>
      <trkpt lat="47.2401551" lon="9.3556127">
        <ele>1898.4</ele>
        <time>2026-09-03T12:17:55Z</time>
        <hdop>4.6</hdop>
        <extensions>
          <osmand:speed>1.4</osmand:speed>
        </extensions>
      </trkpt>
      <trkpt lat="47.2400974" lon="9.3555741">
        <ele>1898.4</ele>
        <time>2026-09-03T12:18:01Z</time>
        <hdop>4.6</hdop>
        <extensions>
          <osmand:speed>1.3</osmand:speed>
        </extensions>
      </trkpt>
      <trkpt lat="47.2400335" lon="9.3555038">
        <ele>1898.4</ele>
        <time>2026-09-03T12:18:07Z</time>
        <hdop>4.6</hdop>
        <extensions>
          <osmand:speed>1.3</osmand:speed>
        </extensions>
      </trkpt>
      <trkpt lat="47.2399745" lon="9.3554224">
        <ele>1898.4</ele>
        <time>2026-09-03T12:18:13Z</time>
        <hdop>4.1</hdop>
        <extensions>
          <osmand:speed>1.2</osmand:speed>
        </extensions>
      </trkpt>
      <trkpt lat="47.2399602" lon="9.3553427">
        <ele>1896.4</ele>
        <time>2026-09-03T12:18:19Z</time>
        <hdop>4.6</hdop>
        <extensions>
          <osmand:speed>1.1</osmand:speed>
        </extensions>
      </trkpt>
      <trkpt lat="47.2399338" lon="9.3552337">
        <ele>1895.4</ele>
        <time>2026-09-03T12:18:25Z</time>
        <hdop>4.1</hdop>
        <extensions>
          <osmand:speed>0.8</osmand:speed>
        </extensions>
      </trkpt>
      <trkpt lat="47.2399148" lon="9.3551498">
        <ele>1895.4</ele>
        <time>2026-09-03T12:18:31Z</time>
        <hdop>4.1</hdop>
        <extensions>
          <osmand:speed>0.9</osmand:speed>
        </extensions>
      </trkpt>
      <trkpt lat="47.2399058" lon="9.3551249">
        <ele>1891.4</ele>
        <time>2026-09-03T12:18:42Z</time>
        <hdop>5.1</hdop>
        <extensions>
          <osmand:speed>0.9</osmand:speed>
        </extensions>
      </trkpt>
      <trkpt lat="47.2398661" lon="9.3550825">
        <ele>1891.4</ele>
        <time>2026-09-03T12:18:48Z</time>
        <hdop>4.1</hdop>
        <extensions>
          <osmand:speed>1</osmand:speed>
        </extensions>
      </trkpt>
      <trkpt lat="47.2398666" lon="9.3550291">
        <ele>1892.4</ele>
        <time>2026-09-03T12:18:54Z</time>
        <hdop>5.1</hdop>
        <extensions>
          <osmand:speed>0.3</osmand:speed>
        </extensions>
      </trkpt>
      <trkpt lat="47.2398874" lon="9.3550016">
        <ele>1893.4</ele>
        <time>2026-09-03T12:19:07Z</time>
        <hdop>7.1</hdop>
        <extensions>
          <osmand:speed>0.1</osmand:speed>
        </extensions>
      </trkpt>
      <trkpt lat="47.2398692" lon="9.3550019">
        <ele>1893.4</ele>
        <time>2026-09-03T12:19:22Z</time>
        <hdop>7.1</hdop>
        <extensions>
          <osmand:speed>0.1</osmand:speed>
        </extensions>
      </trkpt>
      <trkpt lat="47.2398497" lon="9.3549921">
        <ele>1893.4</ele>
        <time>2026-09-03T12:19:36Z</time>
        <hdop>7.7</hdop>
        <extensions>
          <osmand:speed>0.4</osmand:speed>
        </extensions>
      </trkpt>
      <trkpt lat="47.2397891" lon="9.3550094">
        <ele>1899.4</ele>
        <time>2026-09-03T12:21:32Z</time>
        <hdop>8.7</hdop>
        <extensions>
          <osmand:speed>0.9</osmand:speed>
        </extensions>
      </trkpt>
      <trkpt lat="47.2398379" lon="9.3549736">
        <ele>1896.4</ele>
        <time>2026-09-03T12:21:38Z</time>
        <hdop>5.1</hdop>
      </trkpt>
      <trkpt lat="47.239856" lon="9.3549692">
        <ele>1896.4</ele>
        <time>2026-09-03T12:21:44Z</time>
        <hdop>5.1</hdop>
        <extensions>
          <osmand:speed>0</osmand:speed>
        </extensions>
      </trkpt>
      <trkpt lat="47.2398496" lon="9.3550147">
        <ele>1893.4</ele>
        <time>2026-09-03T12:22:14Z</time>
        <hdop>14.8</hdop>
      </trkpt>
      <trkpt lat="47.2397942" lon="9.3550057">
        <ele>1893.4</ele>
        <time>2026-09-03T12:22:38Z</time>
        <hdop>11.2</hdop>
      </trkpt>
      <trkpt lat="47.2398094" lon="9.355044">
        <ele>1897.4</ele>
        <time>2026-09-03T12:22:45Z</time>
        <hdop>14.8</hdop>
        <extensions>
          <osmand:speed>1.2</osmand:speed>
        </extensions>
      </trkpt>
      <trkpt lat="47.2398567" lon="9.3551603">
        <ele>1897.4</ele>
        <time>2026-09-03T12:22:51Z</time>
        <hdop>13.3</hdop>
        <extensions>
          <osmand:speed>0.7</osmand:speed>
        </extensions>
      </trkpt>
      <trkpt lat="47.2398653" lon="9.3551889">
        <ele>1892.4</ele>
        <time>2026-09-03T12:22:57Z</time>
        <hdop>10.7</hdop>
        <extensions>
          <osmand:speed>1.4</osmand:speed>
        </extensions>
      </trkpt>
      <trkpt lat="47.2398256" lon="9.3551236">
        <ele>1889.4</ele>
        <time>2026-09-03T12:23:03Z</time>
        <hdop>11.2</hdop>
        <extensions>
          <osmand:speed>1.5</osmand:speed>
        </extensions>
      </trkpt>
      <trkpt lat="47.2397948" lon="9.3550956">
        <ele>1887.4</ele>
        <time>2026-09-03T12:23:09Z</time>
        <hdop>11.2</hdop>
        <extensions>
          <osmand:speed>1.1</osmand:speed>
        </extensions>
      </trkpt>
      <trkpt lat="47.2397465" lon="9.3550129">
        <ele>1886.4</ele>
        <time>2026-09-03T12:23:15Z</time>
        <hdop>10.2</hdop>
        <extensions>
          <osmand:speed>1.7</osmand:speed>
        </extensions>
      </trkpt>
      <trkpt lat="47.2397652" lon="9.3549362">
        <ele>1885.4</ele>
        <time>2026-09-03T12:23:21Z</time>
        <hdop>14.8</hdop>
        <extensions>
          <osmand:speed>0.3</osmand:speed>
        </extensions>
      </trkpt>
      <trkpt lat="47.2397543" lon="9.3548499">
        <ele>1884.4</ele>
        <time>2026-09-03T12:23:27Z</time>
        <hdop>10.2</hdop>
        <extensions>
          <osmand:speed>1.2</osmand:speed>
        </extensions>
      </trkpt>
      <trkpt lat="47.2396967" lon="9.3547804">
        <ele>1884.4</ele>
        <time>2026-09-03T12:23:33Z</time>
        <hdop>11.2</hdop>
        <extensions>
          <osmand:speed>0.6</osmand:speed>
        </extensions>
      </trkpt>
      <trkpt lat="47.2396037" lon="9.3547352">
        <ele>1885.4</ele>
        <time>2026-09-03T12:23:39Z</time>
        <hdop>10.2</hdop>
        <extensions>
          <osmand:speed>1</osmand:speed>
        </extensions>
      </trkpt>
      <trkpt lat="47.2395218" lon="9.3546911">
        <ele>1883.4</ele>
        <time>2026-09-03T12:23:45Z</time>
        <hdop>10.2</hdop>
        <extensions>
          <osmand:speed>1.4</osmand:speed>
        </extensions>
      </trkpt>
      <trkpt lat="47.2395012" lon="9.3546318">
        <ele>1883.4</ele>
        <time>2026-09-03T12:23:51Z</time>
        <hdop>5.6</hdop>
      </trkpt>
      <trkpt lat="47.239501" lon="9.3546035">
        <ele>1884.4</ele>
        <time>2026-09-03T12:23:58Z</time>
        <hdop>9.7</hdop>
        <extensions>
          <osmand:speed>1.1</osmand:speed>
        </extensions>
      </trkpt>
      <trkpt lat="47.2395097" lon="9.3545649">
        <ele>1885.4</ele>
        <time>2026-09-03T12:24:04Z</time>
        <hdop>6.6</hdop>
        <extensions>
          <osmand:speed>0.8</osmand:speed>
        </extensions>
      </trkpt>
      <trkpt lat="47.2394526" lon="9.3544795">
        <ele>1885.4</ele>
        <time>2026-09-03T12:24:10Z</time>
        <hdop>8.2</hdop>
        <extensions>
          <osmand:speed>1.3</osmand:speed>
        </extensions>
      </trkpt>
      <trkpt lat="47.2394135" lon="9.3544055">
        <ele>1885.4</ele>
        <time>2026-09-03T12:24:16Z</time>
        <hdop>10.2</hdop>
        <extensions>
          <osmand:speed>1.1</osmand:speed>
        </extensions>
      </trkpt>
      <trkpt lat="47.2394194" lon="9.3543227">
        <ele>1884.4</ele>
        <time>2026-09-03T12:24:22Z</time>
        <hdop>8.2</hdop>
        <extensions>
          <osmand:speed>1.2</osmand:speed>
        </extensions>
      </trkpt>
      <trkpt lat="47.2394102" lon="9.3542509">
        <ele>1882.4</ele>
        <time>2026-09-03T12:24:28Z</time>
        <hdop>6.6</hdop>
        <extensions>
          <osmand:speed>1.2</osmand:speed>
        </extensions>
      </trkpt>
      <trkpt lat="47.2393962" lon="9.3541849">
        <ele>1877.4</ele>
        <time>2026-09-03T12:24:34Z</time>
        <hdop>8.2</hdop>
        <extensions>
          <osmand:speed>1.1</osmand:speed>
        </extensions>
      </trkpt>
      <trkpt lat="47.2393623" lon="9.3541201">
        <ele>1875.4</ele>
        <time>2026-09-03T12:24:40Z</time>
        <hdop>7.1</hdop>
        <extensions>
          <osmand:speed>1.5</osmand:speed>
        </extensions>
      </trkpt>
      <trkpt lat="47.2393398" lon="9.3540578">
        <ele>1874.4</ele>
        <time>2026-09-03T12:24:46Z</time>
        <hdop>7.7</hdop>
        <extensions>
          <osmand:speed>1</osmand:speed>
        </extensions>
      </trkpt>
      <trkpt lat="47.2393232" lon="9.3540092">
        <ele>1872.4</ele>
        <time>2026-09-03T12:24:52Z</time>
        <hdop>11.7</hdop>
        <extensions>
          <osmand:speed>1</osmand:speed>
        </extensions>
      </trkpt>
      <trkpt lat="47.23932" lon="9.3539272">
        <ele>1869.4</ele>
        <time>2026-09-03T12:24:58Z</time>
        <hdop>8.7</hdop>
        <extensions>
          <osmand:speed>1.2</osmand:speed>
        </extensions>
      </trkpt>
      <trkpt lat="47.239315" lon="9.3538379">
        <ele>1869.4</ele>
        <time>2026-09-03T12:25:04Z</time>
        <hdop>7.7</hdop>
        <extensions>
          <osmand:speed>0.9</osmand:speed>
        </extensions>
      </trkpt>
      <trkpt lat="47.239291" lon="9.3537345">
        <ele>1868.4</ele>
        <time>2026-09-03T12:25:10Z</time>
        <hdop>7.7</hdop>
        <extensions>
          <osmand:speed>0.8</osmand:speed>
        </extensions>
      </trkpt>
      <trkpt lat="47.2392896" lon="9.3536732">
        <ele>1869.4</ele>
        <time>2026-09-03T12:25:16Z</time>
        <hdop>6.6</hdop>
        <extensions>
          <osmand:speed>1.1</osmand:speed>
        </extensions>
      </trkpt>
      <trkpt lat="47.2392836" lon="9.3535853">
        <ele>1868.4</ele>
        <time>2026-09-03T12:25:22Z</time>
        <hdop>6.1</hdop>
        <extensions>
          <osmand:speed>0.9</osmand:speed>
        </extensions>
      </trkpt>
      <trkpt lat="47.2392888" lon="9.3535167">
        <ele>1868.4</ele>
        <time>2026-09-03T12:25:28Z</time>
        <hdop>6.1</hdop>
        <extensions>
          <osmand:speed>1.2</osmand:speed>
        </extensions>
      </trkpt>
      <trkpt lat="47.2393016" lon="9.3534487">
        <ele>1865.4</ele>
        <time>2026-09-03T12:25:34Z</time>
        <hdop>6.1</hdop>
        <extensions>
          <osmand:speed>1</osmand:speed>
        </extensions>
      </trkpt>
      <trkpt lat="47.2393165" lon="9.3533637">
        <ele>1864.4</ele>
        <time>2026-09-03T12:25:40Z</time>
        <hdop>7.7</hdop>
        <extensions>
          <osmand:speed>1.4</osmand:speed>
        </extensions>
      </trkpt>
      <trkpt lat="47.2393226" lon="9.3532931">
        <ele>1862.4</ele>
        <time>2026-09-03T12:25:46Z</time>
        <hdop>7.1</hdop>
        <extensions>
          <osmand:speed>1.1</osmand:speed>
        </extensions>
      </trkpt>
      <trkpt lat="47.2393247" lon="9.3532175">
        <ele>1862.4</ele>
        <time>2026-09-03T12:25:52Z</time>
        <hdop>7.7</hdop>
        <extensions>
          <osmand:speed>1.3</osmand:speed>
        </extensions>
      </trkpt>
      <trkpt lat="47.2393281" lon="9.3531254">
        <ele>1860.4</ele>
        <time>2026-09-03T12:25:58Z</time>
        <hdop>6.1</hdop>
        <extensions>
          <osmand:speed>1.5</osmand:speed>
        </extensions>
      </trkpt>
      <trkpt lat="47.2393599" lon="9.3530329">
        <ele>1859.4</ele>
        <time>2026-09-03T12:26:04Z</time>
        <hdop>8.2</hdop>
        <extensions>
          <osmand:speed>1.1</osmand:speed>
        </extensions>
      </trkpt>
      <trkpt lat="47.2394044" lon="9.3529514">
        <ele>1857.4</ele>
        <time>2026-09-03T12:26:10Z</time>
        <hdop>7.7</hdop>
        <extensions>
          <osmand:speed>1.4</osmand:speed>
        </extensions>
      </trkpt>
      <trkpt lat="47.239425" lon="9.3528638">
        <ele>1856.4</ele>
        <time>2026-09-03T12:26:16Z</time>
        <hdop>9.2</hdop>
        <extensions>
          <osmand:speed>1.1</osmand:speed>
        </extensions>
      </trkpt>
      <trkpt lat="47.239439" lon="9.3527518">
        <ele>1855.4</ele>
        <time>2026-09-03T12:26:22Z</time>
        <hdop>8.2</hdop>
        <extensions>
          <osmand:speed>1.3</osmand:speed>
        </extensions>
      </trkpt>
      <trkpt lat="47.2394218" lon="9.3526859">
        <ele>1854.4</ele>
        <time>2026-09-03T12:26:28Z</time>
        <hdop>8.2</hdop>
        <extensions>
          <osmand:speed>0.8</osmand:speed>
        </extensions>
      </trkpt>
      <trkpt lat="47.2394118" lon="9.3526277">
        <ele>1853.4</ele>
        <time>2026-09-03T12:26:34Z</time>
        <hdop>9.7</hdop>
        <extensions>
          <osmand:speed>1.2</osmand:speed>
        </extensions>
      </trkpt>
      <trkpt lat="47.2393662" lon="9.3525731">
        <ele>1852.4</ele>
        <time>2026-09-03T12:26:40Z</time>
        <hdop>9.7</hdop>
        <extensions>
          <osmand:speed>1.1</osmand:speed>
        </extensions>
      </trkpt>
      <trkpt lat="47.2393291" lon="9.3524762">
        <ele>1851.4</ele>
        <time>2026-09-03T12:26:46Z</time>
        <hdop>7.7</hdop>
        <extensions>
          <osmand:speed>1.2</osmand:speed>
        </extensions>
      </trkpt>
      <trkpt lat="47.2393221" lon="9.3524048">
        <ele>1851.4</ele>
        <time>2026-09-03T12:26:52Z</time>
        <hdop>9.2</hdop>
        <extensions>
          <osmand:speed>1.4</osmand:speed>
        </extensions>
      </trkpt>
      <trkpt lat="47.2393133" lon="9.3523371">
        <ele>1850.4</ele>
        <time>2026-09-03T12:26:58Z</time>
        <hdop>9.7</hdop>
        <extensions>
          <osmand:speed>1</osmand:speed>
        </extensions>
      </trkpt>
      <trkpt lat="47.2393355" lon="9.3522779">
        <ele>1850.4</ele>
        <time>2026-09-03T12:27:04Z</time>
        <hdop>7.7</hdop>
        <extensions>
          <osmand:speed>1.2</osmand:speed>
        </extensions>
      </trkpt>
      <trkpt lat="47.2393429" lon="9.3522127">
        <ele>1847.4</ele>
        <time>2026-09-03T12:27:10Z</time>
        <hdop>8.7</hdop>
        <extensions>
          <osmand:speed>1</osmand:speed>
        </extensions>
      </trkpt>
      <trkpt lat="47.2393468" lon="9.3521239">
        <ele>1845.4</ele>
        <time>2026-09-03T12:27:16Z</time>
        <hdop>7.1</hdop>
        <extensions>
          <osmand:speed>1.1</osmand:speed>
        </extensions>
      </trkpt>
      <trkpt lat="47.2393604" lon="9.352027">
        <ele>1844.4</ele>
        <time>2026-09-03T12:27:22Z</time>
        <hdop>5.6</hdop>
        <extensions>
          <osmand:speed>1.1</osmand:speed>
        </extensions>
      </trkpt>
      <trkpt lat="47.2393704" lon="9.3519588">
        <ele>1843.4</ele>
        <time>2026-09-03T12:27:28Z</time>
        <hdop>6.6</hdop>
        <extensions>
          <osmand:speed>1.5</osmand:speed>
        </extensions>
      </trkpt>
      <trkpt lat="47.2393489" lon="9.3518993">
        <ele>1843.4</ele>
        <time>2026-09-03T12:27:34Z</time>
        <hdop>8.7</hdop>
        <extensions>
          <osmand:speed>1.6</osmand:speed>
        </extensions>
      </trkpt>
      <trkpt lat="47.2392788" lon="9.35187">
        <ele>1842.4</ele>
        <time>2026-09-03T12:27:40Z</time>
        <hdop>8.2</hdop>
        <extensions>
          <osmand:speed>0.6</osmand:speed>
        </extensions>
      </trkpt>
      <trkpt lat="47.239216" lon="9.3518578">
        <ele>1841.4</ele>
        <time>2026-09-03T12:27:46Z</time>
        <hdop>8.2</hdop>
        <extensions>
          <osmand:speed>0.8</osmand:speed>
        </extensions>
      </trkpt>
      <trkpt lat="47.2391949" lon="9.3518315">
        <ele>1840.4</ele>
        <time>2026-09-03T12:27:52Z</time>
        <hdop>11.2</hdop>
        <extensions>
          <osmand:speed>0.7</osmand:speed>
        </extensions>
      </trkpt>
      <trkpt lat="47.2391692" lon="9.3517912">
        <ele>1838.4</ele>
        <time>2026-09-03T12:27:58Z</time>
        <hdop>8.7</hdop>
        <extensions>
          <osmand:speed>0.9</osmand:speed>
        </extensions>
      </trkpt>
      <trkpt lat="47.2391461" lon="9.3517298">
        <ele>1836.4</ele>
        <time>2026-09-03T12:28:04Z</time>
        <hdop>8.7</hdop>
        <extensions>
          <osmand:speed>1</osmand:speed>
        </extensions>
      </trkpt>
      <trkpt lat="47.2391162" lon="9.3516897">
        <ele>1833.4</ele>
        <time>2026-09-03T12:28:10Z</time>
        <hdop>9.7</hdop>
        <extensions>
          <osmand:speed>0.6</osmand:speed>
        </extensions>
      </trkpt>
      <trkpt lat="47.2390824" lon="9.3516767">
        <ele>1831.4</ele>
        <time>2026-09-03T12:28:16Z</time>
        <hdop>9.2</hdop>
        <extensions>
          <osmand:speed>0.6</osmand:speed>
        </extensions>
      </trkpt>
      <trkpt lat="47.2390916" lon="9.351635">
        <ele>1830.4</ele>
        <time>2026-09-03T12:28:22Z</time>
        <hdop>9.2</hdop>
        <extensions>
          <osmand:speed>0.8</osmand:speed>
        </extensions>
      </trkpt>
      <trkpt lat="47.2390595" lon="9.3515973">
        <ele>1829.4</ele>
        <time>2026-09-03T12:28:28Z</time>
        <hdop>7.7</hdop>
        <extensions>
          <osmand:speed>0.9</osmand:speed>
        </extensions>
      </trkpt>
      <trkpt lat="47.2390158" lon="9.3515398">
        <ele>1828.4</ele>
        <time>2026-09-03T12:28:34Z</time>
        <hdop>10.2</hdop>
        <extensions>
          <osmand:speed>1.3</osmand:speed>
        </extensions>
      </trkpt>
      <trkpt lat="47.2389787" lon="9.3514919">
        <ele>1826.4</ele>
        <time>2026-09-03T12:28:40Z</time>
        <hdop>9.2</hdop>
        <extensions>
          <osmand:speed>1.3</osmand:speed>
        </extensions>
      </trkpt>
      <trkpt lat="47.2389342" lon="9.3514294">
        <ele>1825.4</ele>
        <time>2026-09-03T12:28:46Z</time>
        <hdop>7.1</hdop>
        <extensions>
          <osmand:speed>1.3</osmand:speed>
        </extensions>
      </trkpt>
      <trkpt lat="47.2389212" lon="9.3513418">
        <ele>1825.4</ele>
        <time>2026-09-03T12:28:52Z</time>
        <hdop>10.2</hdop>
        <extensions>
          <osmand:speed>0.9</osmand:speed>
        </extensions>
      </trkpt>
      <trkpt lat="47.2388874" lon="9.3512932">
        <ele>1826.4</ele>
        <time>2026-09-03T12:28:58Z</time>
        <hdop>8.2</hdop>
        <extensions>
          <osmand:speed>1.2</osmand:speed>
        </extensions>
      </trkpt>
      <trkpt lat="47.2388407" lon="9.3512689">
        <ele>1825.4</ele>
        <time>2026-09-03T12:29:04Z</time>
        <hdop>8.2</hdop>
        <extensions>
          <osmand:speed>1.2</osmand:speed>
        </extensions>
      </trkpt>
      <trkpt lat="47.23882" lon="9.3512024">
        <ele>1825.4</ele>
        <time>2026-09-03T12:29:10Z</time>
        <hdop>10.2</hdop>
        <extensions>
          <osmand:speed>0.7</osmand:speed>
        </extensions>
      </trkpt>
      <trkpt lat="47.2388148" lon="9.3511382">
        <ele>1823.4</ele>
        <time>2026-09-03T12:29:16Z</time>
        <hdop>8.2</hdop>
        <extensions>
          <osmand:speed>1.3</osmand:speed>
        </extensions>
      </trkpt>
      <trkpt lat="47.2387857" lon="9.3511103">
        <ele>1822.4</ele>
        <time>2026-09-03T12:29:22Z</time>
        <hdop>8.2</hdop>
        <extensions>
          <osmand:speed>3.6</osmand:speed>
        </extensions>
      </trkpt>
      <trkpt lat="47.2387575" lon="9.3510587">
        <ele>1819.4</ele>
        <time>2026-09-03T12:29:28Z</time>
        <hdop>10.2</hdop>
        <extensions>
          <osmand:speed>0.6</osmand:speed>
        </extensions>
      </trkpt>
      <trkpt lat="47.2387335" lon="9.3510342">
        <ele>1818.4</ele>
        <time>2026-09-03T12:29:34Z</time>
        <hdop>9.2</hdop>
        <extensions>
          <osmand:speed>0.8</osmand:speed>
        </extensions>
      </trkpt>
      <trkpt lat="47.2387203" lon="9.3509705">
        <ele>1818.4</ele>
        <time>2026-09-03T12:29:40Z</time>
        <hdop>11.2</hdop>
        <extensions>
          <osmand:speed>0.8</osmand:speed>
        </extensions>
      </trkpt>
      <trkpt lat="47.2387169" lon="9.3509133">
        <ele>1815.4</ele>
        <time>2026-09-03T12:29:46Z</time>
        <hdop>10.2</hdop>
        <extensions>
          <osmand:speed>1.1</osmand:speed>
        </extensions>
      </trkpt>
      <trkpt lat="47.2387122" lon="9.3508495">
        <ele>1813.4</ele>
        <time>2026-09-03T12:29:52Z</time>
        <hdop>11.2</hdop>
        <extensions>
          <osmand:speed>0.9</osmand:speed>
        </extensions>
      </trkpt>
      <trkpt lat="47.2386913" lon="9.3507672">
        <ele>1810.4</ele>
        <time>2026-09-03T12:29:58Z</time>
        <hdop>10.7</hdop>
        <extensions>
          <osmand:speed>1.1</osmand:speed>
        </extensions>
      </trkpt>
      <trkpt lat="47.2386642" lon="9.3507272">
        <ele>1809.4</ele>
        <time>2026-09-03T12:30:04Z</time>
        <hdop>9.2</hdop>
        <extensions>
          <osmand:speed>0.8</osmand:speed>
        </extensions>
      </trkpt>
      <trkpt lat="47.2386351" lon="9.3507928">
        <ele>1807.4</ele>
        <time>2026-09-03T12:30:10Z</time>
        <hdop>6.6</hdop>
        <extensions>
          <osmand:speed>0.7</osmand:speed>
        </extensions>
      </trkpt>
      <trkpt lat="47.2385853" lon="9.350828">
        <ele>1805.4</ele>
        <time>2026-09-03T12:30:16Z</time>
        <hdop>6.1</hdop>
        <extensions>
          <osmand:speed>1.1</osmand:speed>
        </extensions>
      </trkpt>
      <trkpt lat="47.2385597" lon="9.3508818">
        <ele>1803.4</ele>
        <time>2026-09-03T12:30:22Z</time>
        <hdop>6.1</hdop>
        <extensions>
          <osmand:speed>1</osmand:speed>
        </extensions>
      </trkpt>
      <trkpt lat="47.2385396" lon="9.3509562">
        <ele>1803.4</ele>
        <time>2026-09-03T12:30:28Z</time>
        <hdop>5.6</hdop>
        <extensions>
          <osmand:speed>1</osmand:speed>
        </extensions>
      </trkpt>
      <trkpt lat="47.2385611" lon="9.3510401">
        <ele>1802.4</ele>
        <time>2026-09-03T12:30:34Z</time>
        <hdop>6.6</hdop>
        <extensions>
          <osmand:speed>1</osmand:speed>
        </extensions>
      </trkpt>
      <trkpt lat="47.2385247" lon="9.3510299">
        <ele>1801.4</ele>
        <time>2026-09-03T12:30:40Z</time>
        <hdop>12.8</hdop>
        <extensions>
          <osmand:speed>0.8</osmand:speed>
        </extensions>
      </trkpt>
      <trkpt lat="47.238502" lon="9.3509589">
        <ele>1800.4</ele>
        <time>2026-09-03T12:30:46Z</time>
        <hdop>10.2</hdop>
        <extensions>
          <osmand:speed>0.7</osmand:speed>
        </extensions>
      </trkpt>
      <trkpt lat="47.2384863" lon="9.3509068">
        <ele>1798.4</ele>
        <time>2026-09-03T12:30:52Z</time>
        <hdop>9.2</hdop>
        <extensions>
          <osmand:speed>0.6</osmand:speed>
        </extensions>
      </trkpt>
      <trkpt lat="47.2384664" lon="9.3508518">
        <ele>1798.4</ele>
        <time>2026-09-03T12:30:58Z</time>
        <hdop>8.2</hdop>
        <extensions>
          <osmand:speed>0.4</osmand:speed>
        </extensions>
      </trkpt>
      <trkpt lat="47.2384478" lon="9.3507835">
        <ele>1797.4</ele>
        <time>2026-09-03T12:31:04Z</time>
        <hdop>9.7</hdop>
        <extensions>
          <osmand:speed>0.5</osmand:speed>
        </extensions>
      </trkpt>
      <trkpt lat="47.2384439" lon="9.3507206">
        <ele>1795.4</ele>
        <time>2026-09-03T12:31:10Z</time>
        <hdop>6.6</hdop>
        <extensions>
          <osmand:speed>0.9</osmand:speed>
        </extensions>
      </trkpt>
      <trkpt lat="47.2384437" lon="9.3506282">
        <ele>1794.4</ele>
        <time>2026-09-03T12:31:16Z</time>
        <hdop>9.2</hdop>
        <extensions>
          <osmand:speed>1.3</osmand:speed>
        </extensions>
      </trkpt>
      <trkpt lat="47.2384129" lon="9.3505856">
        <ele>1793.4</ele>
        <time>2026-09-03T12:31:22Z</time>
        <hdop>9.2</hdop>
        <extensions>
          <osmand:speed>0.8</osmand:speed>
        </extensions>
      </trkpt>
      <trkpt lat="47.2383924" lon="9.3505991">
        <ele>1792.4</ele>
        <time>2026-09-03T12:31:30Z</time>
        <hdop>6.6</hdop>
        <extensions>
          <osmand:speed>0.6</osmand:speed>
        </extensions>
      </trkpt>
      <trkpt lat="47.2383802" lon="9.3506357">
        <ele>1790.4</ele>
        <time>2026-09-03T12:31:36Z</time>
        <hdop>5.1</hdop>
        <extensions>
          <osmand:speed>0.6</osmand:speed>
        </extensions>
      </trkpt>
      <trkpt lat="47.23836" lon="9.3507254">
        <ele>1788.4</ele>
        <time>2026-09-03T12:31:42Z</time>
        <hdop>5.6</hdop>
        <extensions>
          <osmand:speed>0.8</osmand:speed>
        </extensions>
      </trkpt>
      <trkpt lat="47.2383232" lon="9.3507871">
        <ele>1786.4</ele>
        <time>2026-09-03T12:31:48Z</time>
        <hdop>5.1</hdop>
        <extensions>
          <osmand:speed>1.5</osmand:speed>
        </extensions>
      </trkpt>
      <trkpt lat="47.238295" lon="9.3508359">
        <ele>1786.4</ele>
        <time>2026-09-03T12:31:54Z</time>
        <hdop>5.6</hdop>
        <extensions>
          <osmand:speed>1.3</osmand:speed>
        </extensions>
      </trkpt>
      <trkpt lat="47.2382669" lon="9.3509249">
        <ele>1785.4</ele>
        <time>2026-09-03T12:32:00Z</time>
        <hdop>5.1</hdop>
        <extensions>
          <osmand:speed>1.7</osmand:speed>
        </extensions>
      </trkpt>
      <trkpt lat="47.2382429" lon="9.3510103">
        <ele>1783.4</ele>
        <time>2026-09-03T12:32:06Z</time>
        <hdop>6.1</hdop>
        <extensions>
          <osmand:speed>1</osmand:speed>
        </extensions>
      </trkpt>
      <trkpt lat="47.2382647" lon="9.3510726">
        <ele>1782.4</ele>
        <time>2026-09-03T12:32:12Z</time>
        <hdop>5.6</hdop>
        <extensions>
          <osmand:speed>0.9</osmand:speed>
        </extensions>
      </trkpt>
      <trkpt lat="47.2382958" lon="9.3511564">
        <ele>1782.4</ele>
        <time>2026-09-03T12:32:18Z</time>
        <hdop>5.6</hdop>
        <extensions>
          <osmand:speed>1.1</osmand:speed>
        </extensions>
      </trkpt>
      <trkpt lat="47.2383237" lon="9.3512321">
        <ele>1782.4</ele>
        <time>2026-09-03T12:32:24Z</time>
        <hdop>7.7</hdop>
        <extensions>
          <osmand:speed>1</osmand:speed>
        </extensions>
      </trkpt>
      <trkpt lat="47.2383515" lon="9.3513234">
        <ele>1782.4</ele>
        <time>2026-09-03T12:32:30Z</time>
        <hdop>6.6</hdop>
        <extensions>
          <osmand:speed>1.4</osmand:speed>
        </extensions>
      </trkpt>
      <trkpt lat="47.2383541" lon="9.3514083">
        <ele>1780.4</ele>
        <time>2026-09-03T12:32:36Z</time>
        <hdop>6.1</hdop>
        <extensions>
          <osmand:speed>0.7</osmand:speed>
        </extensions>
      </trkpt>
      <trkpt lat="47.2383476" lon="9.351519">
        <ele>1779.4</ele>
        <time>2026-09-03T12:32:42Z</time>
        <hdop>7.1</hdop>
        <extensions>
          <osmand:speed>1.1</osmand:speed>
        </extensions>
      </trkpt>
      <trkpt lat="47.2383429" lon="9.3515873">
        <ele>1779.4</ele>
        <time>2026-09-03T12:32:48Z</time>
        <hdop>5.6</hdop>
        <extensions>
          <osmand:speed>1</osmand:speed>
        </extensions>
      </trkpt>
      <trkpt lat="47.2383279" lon="9.3516389">
        <ele>1778.4</ele>
        <time>2026-09-03T12:32:54Z</time>
        <hdop>7.7</hdop>
        <extensions>
          <osmand:speed>0.1</osmand:speed>
        </extensions>
      </trkpt>
      <trkpt lat="47.2383016" lon="9.3516267">
        <ele>1777.4</ele>
        <time>2026-09-03T12:33:03Z</time>
        <hdop>8.2</hdop>
        <extensions>
          <osmand:speed>1.8</osmand:speed>
        </extensions>
      </trkpt>
      <trkpt lat="47.2382601" lon="9.3515537">
        <ele>1776.4</ele>
        <time>2026-09-03T12:33:09Z</time>
        <hdop>7.1</hdop>
        <extensions>
          <osmand:speed>1.1</osmand:speed>
        </extensions>
      </trkpt>
      <trkpt lat="47.2382445" lon="9.3514891">
        <ele>1776.4</ele>
        <time>2026-09-03T12:33:15Z</time>
        <hdop>7.1</hdop>
        <extensions>
          <osmand:speed>0.6</osmand:speed>
        </extensions>
      </trkpt>
      <trkpt lat="47.2382282" lon="9.351569">
        <ele>1774.4</ele>
        <time>2026-09-03T12:33:21Z</time>
        <hdop>5.6</hdop>
        <extensions>
          <osmand:speed>1.3</osmand:speed>
        </extensions>
      </trkpt>
      <trkpt lat="47.2382253" lon="9.3516321">
        <ele>1773.4</ele>
        <time>2026-09-03T12:33:27Z</time>
        <hdop>5.6</hdop>
        <extensions>
          <osmand:speed>0.8</osmand:speed>
        </extensions>
      </trkpt>
      <trkpt lat="47.2382056" lon="9.3517052">
        <ele>1771.4</ele>
        <time>2026-09-03T12:33:33Z</time>
        <hdop>5.1</hdop>
        <extensions>
          <osmand:speed>1</osmand:speed>
        </extensions>
      </trkpt>
      <trkpt lat="47.2381716" lon="9.3517625">
        <ele>1770.4</ele>
        <time>2026-09-03T12:33:39Z</time>
        <hdop>6.1</hdop>
        <extensions>
          <osmand:speed>1.2</osmand:speed>
        </extensions>
      </trkpt>
      <trkpt lat="47.238144" lon="9.3517993">
        <ele>1768.4</ele>
        <time>2026-09-03T12:33:45Z</time>
        <hdop>5.1</hdop>
        <extensions>
          <osmand:speed>0.8</osmand:speed>
        </extensions>
      </trkpt>
      <trkpt lat="47.2381181" lon="9.351867">
        <ele>1767.4</ele>
        <time>2026-09-03T12:33:51Z</time>
        <hdop>5.1</hdop>
        <extensions>
          <osmand:speed>0.9</osmand:speed>
        </extensions>
      </trkpt>
      <trkpt lat="47.2381064" lon="9.3519024">
        <ele>1766.4</ele>
        <time>2026-09-03T12:33:57Z</time>
        <hdop>5.1</hdop>
        <extensions>
          <osmand:speed>0.6</osmand:speed>
        </extensions>
      </trkpt>
      <trkpt lat="47.2380637" lon="9.3519148">
        <ele>1765.4</ele>
        <time>2026-09-03T12:34:03Z</time>
        <hdop>5.1</hdop>
        <extensions>
          <osmand:speed>1.6</osmand:speed>
        </extensions>
      </trkpt>
      <trkpt lat="47.2380246" lon="9.3518975">
        <ele>1763.4</ele>
        <time>2026-09-03T12:34:09Z</time>
        <hdop>7.1</hdop>
        <extensions>
          <osmand:speed>1.1</osmand:speed>
        </extensions>
      </trkpt>
      <trkpt lat="47.2379944" lon="9.3519093">
        <ele>1764.4</ele>
        <time>2026-09-03T12:34:15Z</time>
        <hdop>4.6</hdop>
        <extensions>
          <osmand:speed>0.7</osmand:speed>
        </extensions>
      </trkpt>
      <trkpt lat="47.2379455" lon="9.3519227">
        <ele>1762.4</ele>
        <time>2026-09-03T12:34:21Z</time>
        <hdop>5.1</hdop>
        <extensions>
          <osmand:speed>1.4</osmand:speed>
        </extensions>
      </trkpt>
      <trkpt lat="47.2378948" lon="9.351957">
        <ele>1761.4</ele>
        <time>2026-09-03T12:34:27Z</time>
        <hdop>5.1</hdop>
        <extensions>
          <osmand:speed>1.3</osmand:speed>
        </extensions>
      </trkpt>
      <trkpt lat="47.2378482" lon="9.3519602">
        <ele>1759.4</ele>
        <time>2026-09-03T12:34:33Z</time>
        <hdop>6.1</hdop>
        <extensions>
          <osmand:speed>1.2</osmand:speed>
        </extensions>
      </trkpt>
      <trkpt lat="47.2377989" lon="9.3519268">
        <ele>1758.4</ele>
        <time>2026-09-03T12:34:39Z</time>
        <hdop>6.1</hdop>
        <extensions>
          <osmand:speed>1.3</osmand:speed>
        </extensions>
      </trkpt>
      <trkpt lat="47.2377552" lon="9.3518969">
        <ele>1757.4</ele>
        <time>2026-09-03T12:34:45Z</time>
        <hdop>5.1</hdop>
        <extensions>
          <osmand:speed>1.4</osmand:speed>
        </extensions>
      </trkpt>
      <trkpt lat="47.237706" lon="9.3518941">
        <ele>1754.4</ele>
        <time>2026-09-03T12:34:51Z</time>
        <hdop>5.6</hdop>
        <extensions>
          <osmand:speed>1</osmand:speed>
        </extensions>
      </trkpt>
      <trkpt lat="47.2376865" lon="9.3518748">
        <ele>1752.4</ele>
        <time>2026-09-03T12:34:57Z</time>
        <hdop>6.6</hdop>
        <extensions>
          <osmand:speed>1</osmand:speed>
        </extensions>
      </trkpt>
      <trkpt lat="47.2376386" lon="9.3518304">
        <ele>1751.4</ele>
        <time>2026-09-03T12:35:03Z</time>
        <hdop>7.7</hdop>
        <extensions>
          <osmand:speed>1.2</osmand:speed>
        </extensions>
      </trkpt>
      <trkpt lat="47.2376065" lon="9.3517548">
        <ele>1750.4</ele>
        <time>2026-09-03T12:35:09Z</time>
        <hdop>9.2</hdop>
        <extensions>
          <osmand:speed>1.5</osmand:speed>
        </extensions>
      </trkpt>
      <trkpt lat="47.2375931" lon="9.3517006">
        <ele>1749.4</ele>
        <time>2026-09-03T12:35:15Z</time>
        <hdop>7.7</hdop>
        <extensions>
          <osmand:speed>0.6</osmand:speed>
        </extensions>
      </trkpt>
      <trkpt lat="47.2375808" lon="9.3516407">
        <ele>1748.4</ele>
        <time>2026-09-03T12:35:21Z</time>
        <hdop>6.1</hdop>
        <extensions>
          <osmand:speed>0.6</osmand:speed>
        </extensions>
      </trkpt>
      <trkpt lat="47.2375793" lon="9.3516024">
        <ele>1746.4</ele>
        <time>2026-09-03T12:35:27Z</time>
        <hdop>7.7</hdop>
        <extensions>
          <osmand:speed>1.2</osmand:speed>
        </extensions>
      </trkpt>
      <trkpt lat="47.2375488" lon="9.3515294">
        <ele>1744.4</ele>
        <time>2026-09-03T12:35:33Z</time>
        <hdop>9.2</hdop>
        <extensions>
          <osmand:speed>1.1</osmand:speed>
        </extensions>
      </trkpt>
      <trkpt lat="47.2375172" lon="9.3514166">
        <ele>1745.4</ele>
        <time>2026-09-03T12:35:39Z</time>
        <hdop>7.1</hdop>
        <extensions>
          <osmand:speed>1</osmand:speed>
        </extensions>
      </trkpt>
      <trkpt lat="47.2374838" lon="9.351362">
        <ele>1743.4</ele>
        <time>2026-09-03T12:35:45Z</time>
        <hdop>7.1</hdop>
        <extensions>
          <osmand:speed>1.3</osmand:speed>
        </extensions>
      </trkpt>
      <trkpt lat="47.2374398" lon="9.3513163">
        <ele>1741.4</ele>
        <time>2026-09-03T12:35:51Z</time>
        <hdop>6.1</hdop>
        <extensions>
          <osmand:speed>1</osmand:speed>
        </extensions>
      </trkpt>
      <trkpt lat="47.2374323" lon="9.3512559">
        <ele>1737.4</ele>
        <time>2026-09-03T12:35:57Z</time>
        <hdop>6.6</hdop>
        <extensions>
          <osmand:speed>1.1</osmand:speed>
        </extensions>
      </trkpt>
      <trkpt lat="47.2373913" lon="9.3511649">
        <ele>1737.4</ele>
        <time>2026-09-03T12:36:03Z</time>
        <hdop>6.6</hdop>
        <extensions>
          <osmand:speed>1.6</osmand:speed>
        </extensions>
      </trkpt>
      <trkpt lat="47.237367" lon="9.3510954">
        <ele>1736.4</ele>
        <time>2026-09-03T12:36:09Z</time>
        <hdop>6.1</hdop>
        <extensions>
          <osmand:speed>1.1</osmand:speed>
        </extensions>
      </trkpt>
      <trkpt lat="47.2373411" lon="9.351002">
        <ele>1734.4</ele>
        <time>2026-09-03T12:36:15Z</time>
        <hdop>9.2</hdop>
        <extensions>
          <osmand:speed>1.2</osmand:speed>
        </extensions>
      </trkpt>
      <trkpt lat="47.2372812" lon="9.3509228">
        <ele>1735.4</ele>
        <time>2026-09-03T12:36:21Z</time>
        <hdop>9.2</hdop>
        <extensions>
          <osmand:speed>1.2</osmand:speed>
        </extensions>
      </trkpt>
      <trkpt lat="47.2372603" lon="9.350855">
        <ele>1734.4</ele>
        <time>2026-09-03T12:36:27Z</time>
        <hdop>10.2</hdop>
        <extensions>
          <osmand:speed>1.2</osmand:speed>
        </extensions>
      </trkpt>
      <trkpt lat="47.2372608" lon="9.350769">
        <ele>1733.4</ele>
        <time>2026-09-03T12:36:33Z</time>
        <hdop>10.2</hdop>
        <extensions>
          <osmand:speed>0.8</osmand:speed>
        </extensions>
      </trkpt>
      <trkpt lat="47.2372249" lon="9.3507024">
        <ele>1733.4</ele>
        <time>2026-09-03T12:36:39Z</time>
        <hdop>10.2</hdop>
        <extensions>
          <osmand:speed>1.1</osmand:speed>
        </extensions>
      </trkpt>
      <trkpt lat="47.2371953" lon="9.350649">
        <ele>1732.4</ele>
        <time>2026-09-03T12:36:45Z</time>
        <hdop>8.7</hdop>
        <extensions>
          <osmand:speed>1.1</osmand:speed>
        </extensions>
      </trkpt>
      <trkpt lat="47.2372478" lon="9.350556">
        <ele>1731.4</ele>
        <time>2026-09-03T12:36:51Z</time>
        <hdop>6.6</hdop>
        <extensions>
          <osmand:speed>0.7</osmand:speed>
        </extensions>
      </trkpt>
      <trkpt lat="47.2372719" lon="9.3504928">
        <ele>1728.4</ele>
        <time>2026-09-03T12:36:57Z</time>
        <hdop>7.7</hdop>
        <extensions>
          <osmand:speed>0.2</osmand:speed>
        </extensions>
      </trkpt>
      <trkpt lat="47.2372934" lon="9.350487">
        <ele>1725.4</ele>
        <time>2026-09-03T12:38:18Z</time>
        <hdop>7.7</hdop>
        <extensions>
          <osmand:speed>0.1</osmand:speed>
        </extensions>
      </trkpt>
      <trkpt lat="47.2373104" lon="9.3505068">
        <ele>1722.4</ele>
        <time>2026-09-03T12:38:45Z</time>
        <hdop>7.1</hdop>
        <extensions>
          <osmand:speed>0</osmand:speed>
        </extensions>
      </trkpt>
      <trkpt lat="47.2372922" lon="9.3505005">
        <ele>1723.4</ele>
        <time>2026-09-03T12:38:55Z</time>
        <hdop>6.1</hdop>
        <extensions>
          <osmand:speed>0.1</osmand:speed>
        </extensions>
      </trkpt>
      <trkpt lat="47.2372679" lon="9.3505766">
        <ele>1723.4</ele>
        <time>2026-09-03T12:39:01Z</time>
        <hdop>9.7</hdop>
        <extensions>
          <osmand:speed>1</osmand:speed>
        </extensions>
      </trkpt>
      <trkpt lat="47.2372568" lon="9.3506572">
        <ele>1723.4</ele>
        <time>2026-09-03T12:39:07Z</time>
        <hdop>7.7</hdop>
        <extensions>
          <osmand:speed>1.5</osmand:speed>
        </extensions>
      </trkpt>
      <trkpt lat="47.2372021" lon="9.3506756">
        <ele>1723.4</ele>
        <time>2026-09-03T12:39:13Z</time>
        <hdop>6.1</hdop>
        <extensions>
          <osmand:speed>0.9</osmand:speed>
        </extensions>
      </trkpt>
      <trkpt lat="47.2371876" lon="9.350693">
        <ele>1723.4</ele>
        <time>2026-09-03T12:39:19Z</time>
        <hdop>7.7</hdop>
        <extensions>
          <osmand:speed>0</osmand:speed>
        </extensions>
      </trkpt>
      <trkpt lat="47.2371745" lon="9.3507199">
        <ele>1723.4</ele>
        <time>2026-09-03T12:39:25Z</time>
        <hdop>8.7</hdop>
        <extensions>
          <osmand:speed>0.6</osmand:speed>
        </extensions>
      </trkpt>
      <trkpt lat="47.2371087" lon="9.3507741">
        <ele>1722.4</ele>
        <time>2026-09-03T12:39:31Z</time>
        <hdop>10.7</hdop>
        <extensions>
          <osmand:speed>1.2</osmand:speed>
        </extensions>
      </trkpt>
      <trkpt lat="47.2370503" lon="9.3508057">
        <ele>1723.4</ele>
        <time>2026-09-03T12:39:37Z</time>
        <hdop>9.2</hdop>
        <extensions>
          <osmand:speed>1.3</osmand:speed>
        </extensions>
      </trkpt>
      <trkpt lat="47.2370077" lon="9.3508617">
        <ele>1723.4</ele>
        <time>2026-09-03T12:39:43Z</time>
        <hdop>7.1</hdop>
        <extensions>
          <osmand:speed>1.6</osmand:speed>
        </extensions>
      </trkpt>
      <trkpt lat="47.2370077" lon="9.3507754">
        <ele>1722.4</ele>
        <time>2026-09-03T12:39:49Z</time>
        <hdop>6.1</hdop>
        <extensions>
          <osmand:speed>1.1</osmand:speed>
        </extensions>
      </trkpt>
      <trkpt lat="47.237015" lon="9.3507018">
        <ele>1721.4</ele>
        <time>2026-09-03T12:39:55Z</time>
        <hdop>7.7</hdop>
        <extensions>
          <osmand:speed>0.9</osmand:speed>
        </extensions>
      </trkpt>
      <trkpt lat="47.2370004" lon="9.3506799">
        <ele>1722.4</ele>
        <time>2026-09-03T12:40:01Z</time>
        <hdop>6.6</hdop>
        <extensions>
          <osmand:speed>0</osmand:speed>
        </extensions>
      </trkpt>
      <trkpt lat="47.236978" lon="9.3507084">
        <ele>1724.4</ele>
        <time>2026-09-03T12:40:10Z</time>
        <hdop>5.1</hdop>
        <extensions>
          <osmand:speed>0.8</osmand:speed>
        </extensions>
      </trkpt>
      <trkpt lat="47.2369225" lon="9.3507656">
        <ele>1723.4</ele>
        <time>2026-09-03T12:40:16Z</time>
        <hdop>5.6</hdop>
        <extensions>
          <osmand:speed>1.2</osmand:speed>
        </extensions>
      </trkpt>
      <trkpt lat="47.2368722" lon="9.3507534">
        <ele>1723.4</ele>
        <time>2026-09-03T12:40:22Z</time>
        <hdop>9.7</hdop>
        <extensions>
          <osmand:speed>1</osmand:speed>
        </extensions>
      </trkpt>
      <trkpt lat="47.2368151" lon="9.3507313">
        <ele>1722.4</ele>
        <time>2026-09-03T12:40:28Z</time>
        <hdop>8.2</hdop>
        <extensions>
          <osmand:speed>1.3</osmand:speed>
        </extensions>
      </trkpt>
      <trkpt lat="47.236772" lon="9.3506706">
        <ele>1721.4</ele>
        <time>2026-09-03T12:40:34Z</time>
        <hdop>9.7</hdop>
        <extensions>
          <osmand:speed>1.2</osmand:speed>
        </extensions>
      </trkpt>
      <trkpt lat="47.2367385" lon="9.3506223">
        <ele>1719.4</ele>
        <time>2026-09-03T12:40:40Z</time>
        <hdop>7.7</hdop>
        <extensions>
          <osmand:speed>1.3</osmand:speed>
        </extensions>
      </trkpt>
      <trkpt lat="47.236712" lon="9.3505551">
        <ele>1717.4</ele>
        <time>2026-09-03T12:40:46Z</time>
        <hdop>7.7</hdop>
        <extensions>
          <osmand:speed>0.9</osmand:speed>
        </extensions>
      </trkpt>
      <trkpt lat="47.2366889" lon="9.3504965">
        <ele>1716.4</ele>
        <time>2026-09-03T12:40:52Z</time>
        <hdop>7.1</hdop>
        <extensions>
          <osmand:speed>1.4</osmand:speed>
        </extensions>
      </trkpt>
      <trkpt lat="47.2367011" lon="9.3504675">
        <ele>1715.4</ele>
        <time>2026-09-03T12:40:58Z</time>
        <hdop>5.1</hdop>
        <extensions>
          <osmand:speed>1.2</osmand:speed>
        </extensions>
      </trkpt>
      <trkpt lat="47.2367728" lon="9.3504902">
        <ele>1714.4</ele>
        <time>2026-09-03T12:41:04Z</time>
        <hdop>5.6</hdop>
        <extensions>
          <osmand:speed>1.3</osmand:speed>
        </extensions>
      </trkpt>
      <trkpt lat="47.2367796" lon="9.3504533">
        <ele>1712.4</ele>
        <time>2026-09-03T12:41:10Z</time>
        <hdop>7.1</hdop>
        <extensions>
          <osmand:speed>1.4</osmand:speed>
        </extensions>
      </trkpt>
      <trkpt lat="47.2367173" lon="9.350417">
        <ele>1710.4</ele>
        <time>2026-09-03T12:41:16Z</time>
        <hdop>7.1</hdop>
        <extensions>
          <osmand:speed>1</osmand:speed>
        </extensions>
      </trkpt>
      <trkpt lat="47.2366898" lon="9.3503745">
        <ele>1707.4</ele>
        <time>2026-09-03T12:41:22Z</time>
        <hdop>5.1</hdop>
        <extensions>
          <osmand:speed>1</osmand:speed>
        </extensions>
      </trkpt>
      <trkpt lat="47.2367317" lon="9.350328">
        <ele>1707.4</ele>
        <time>2026-09-03T12:41:28Z</time>
        <hdop>5.6</hdop>
        <extensions>
          <osmand:speed>1</osmand:speed>
        </extensions>
      </trkpt>
      <trkpt lat="47.2366625" lon="9.3503026">
        <ele>1705.4</ele>
        <time>2026-09-03T12:41:34Z</time>
        <hdop>5.6</hdop>
        <extensions>
          <osmand:speed>0.9</osmand:speed>
        </extensions>
      </trkpt>
      <trkpt lat="47.2366016" lon="9.3502759">
        <ele>1705.4</ele>
        <time>2026-09-03T12:41:40Z</time>
        <hdop>7.1</hdop>
        <extensions>
          <osmand:speed>1.4</osmand:speed>
        </extensions>
      </trkpt>
      <trkpt lat="47.2365679" lon="9.3502702">
        <ele>1704.4</ele>
        <time>2026-09-03T12:41:46Z</time>
        <hdop>7.1</hdop>
        <extensions>
          <osmand:speed>0.8</osmand:speed>
        </extensions>
      </trkpt>
      <trkpt lat="47.2365405" lon="9.3502666">
        <ele>1703.4</ele>
        <time>2026-09-03T12:41:52Z</time>
        <hdop>7.1</hdop>
        <extensions>
          <osmand:speed>0.8</osmand:speed>
        </extensions>
      </trkpt>
      <trkpt lat="47.2365227" lon="9.3502415">
        <ele>1702.4</ele>
        <time>2026-09-03T12:42:00Z</time>
        <hdop>6.6</hdop>
        <extensions>
          <osmand:speed>1.1</osmand:speed>
        </extensions>
      </trkpt>
      <trkpt lat="47.2364802" lon="9.3501877">
        <ele>1700.4</ele>
        <time>2026-09-03T12:42:06Z</time>
        <hdop>5.6</hdop>
        <extensions>
          <osmand:speed>0.7</osmand:speed>
        </extensions>
      </trkpt>
      <trkpt lat="47.2365032" lon="9.3501274">
        <ele>1699.4</ele>
        <time>2026-09-03T12:42:12Z</time>
        <hdop>5.6</hdop>
        <extensions>
          <osmand:speed>0.7</osmand:speed>
        </extensions>
      </trkpt>
      <trkpt lat="47.2365547" lon="9.3501252">
        <ele>1697.4</ele>
        <time>2026-09-03T12:42:18Z</time>
        <hdop>5.1</hdop>
        <extensions>
          <osmand:speed>1.2</osmand:speed>
        </extensions>
      </trkpt>
      <trkpt lat="47.2365993" lon="9.3500918">
        <ele>1696.4</ele>
        <time>2026-09-03T12:42:24Z</time>
        <hdop>4.6</hdop>
        <extensions>
          <osmand:speed>0.9</osmand:speed>
        </extensions>
      </trkpt>
      <trkpt lat="47.236576" lon="9.3500628">
        <ele>1695.4</ele>
        <time>2026-09-03T12:42:30Z</time>
        <hdop>6.1</hdop>
        <extensions>
          <osmand:speed>1</osmand:speed>
        </extensions>
      </trkpt>
      <trkpt lat="47.2365268" lon="9.3500297">
        <ele>1693.4</ele>
        <time>2026-09-03T12:42:36Z</time>
        <hdop>5.6</hdop>
        <extensions>
          <osmand:speed>0.9</osmand:speed>
        </extensions>
      </trkpt>
      <trkpt lat="47.2364804" lon="9.3500308">
        <ele>1691.4</ele>
        <time>2026-09-03T12:42:42Z</time>
        <hdop>8.7</hdop>
        <extensions>
          <osmand:speed>0.9</osmand:speed>
        </extensions>
      </trkpt>
      <trkpt lat="47.2364332" lon="9.3500012">
        <ele>1689.4</ele>
        <time>2026-09-03T12:42:48Z</time>
        <hdop>5.6</hdop>
        <extensions>
          <osmand:speed>1</osmand:speed>
        </extensions>
      </trkpt>
      <trkpt lat="47.2363913" lon="9.34995">
        <ele>1689.4</ele>
        <time>2026-09-03T12:42:54Z</time>
        <hdop>4.6</hdop>
        <extensions>
          <osmand:speed>1.5</osmand:speed>
        </extensions>
      </trkpt>
      <trkpt lat="47.2363609" lon="9.3498999">
        <ele>1688.4</ele>
        <time>2026-09-03T12:43:00Z</time>
        <hdop>5.6</hdop>
        <extensions>
          <osmand:speed>0.8</osmand:speed>
        </extensions>
      </trkpt>
      <trkpt lat="47.2364338" lon="9.3498797">
        <ele>1688.4</ele>
        <time>2026-09-03T12:43:06Z</time>
        <hdop>6.1</hdop>
        <extensions>
          <osmand:speed>0.9</osmand:speed>
        </extensions>
      </trkpt>
      <trkpt lat="47.2364867" lon="9.3498722">
        <ele>1686.4</ele>
        <time>2026-09-03T12:43:12Z</time>
        <hdop>6.1</hdop>
        <extensions>
          <osmand:speed>0.9</osmand:speed>
        </extensions>
      </trkpt>
      <trkpt lat="47.2365392" lon="9.349837">
        <ele>1686.4</ele>
        <time>2026-09-03T12:43:18Z</time>
        <hdop>5.1</hdop>
        <extensions>
          <osmand:speed>1</osmand:speed>
        </extensions>
      </trkpt>
      <trkpt lat="47.2365831" lon="9.3498167">
        <ele>1684.4</ele>
        <time>2026-09-03T12:43:24Z</time>
        <hdop>5.1</hdop>
        <extensions>
          <osmand:speed>0.7</osmand:speed>
        </extensions>
      </trkpt>
      <trkpt lat="47.2366308" lon="9.3497884">
        <ele>1681.4</ele>
        <time>2026-09-03T12:43:30Z</time>
        <hdop>5.1</hdop>
        <extensions>
          <osmand:speed>0.6</osmand:speed>
        </extensions>
      </trkpt>
      <trkpt lat="47.2366853" lon="9.3497567">
        <ele>1679.4</ele>
        <time>2026-09-03T12:43:36Z</time>
        <hdop>6.6</hdop>
        <extensions>
          <osmand:speed>0.9</osmand:speed>
        </extensions>
      </trkpt>
      <trkpt lat="47.2367298" lon="9.3497377">
        <ele>1677.4</ele>
        <time>2026-09-03T12:43:42Z</time>
        <hdop>6.1</hdop>
        <extensions>
          <osmand:speed>0.7</osmand:speed>
        </extensions>
      </trkpt>
      <trkpt lat="47.2367011" lon="9.3497031">
        <ele>1675.4</ele>
        <time>2026-09-03T12:43:48Z</time>
        <hdop>7.1</hdop>
        <extensions>
          <osmand:speed>1.4</osmand:speed>
        </extensions>
      </trkpt>
      <trkpt lat="47.2366363" lon="9.3496858">
        <ele>1673.4</ele>
        <time>2026-09-03T12:43:54Z</time>
        <hdop>7.1</hdop>
        <extensions>
          <osmand:speed>1.3</osmand:speed>
        </extensions>
      </trkpt>
      <trkpt lat="47.2365858" lon="9.349691">
        <ele>1671.4</ele>
        <time>2026-09-03T12:44:00Z</time>
        <hdop>6.1</hdop>
        <extensions>
          <osmand:speed>1.1</osmand:speed>
        </extensions>
      </trkpt>
      <trkpt lat="47.2365269" lon="9.3496707">
        <ele>1670.4</ele>
        <time>2026-09-03T12:44:06Z</time>
        <hdop>8.2</hdop>
        <extensions>
          <osmand:speed>0.8</osmand:speed>
        </extensions>
      </trkpt>
      <trkpt lat="47.2364923" lon="9.3496361">
        <ele>1670.4</ele>
        <time>2026-09-03T12:44:12Z</time>
        <hdop>5.6</hdop>
        <extensions>
          <osmand:speed>1.2</osmand:speed>
        </extensions>
      </trkpt>
      <trkpt lat="47.2364532" lon="9.349612">
        <ele>1669.4</ele>
        <time>2026-09-03T12:44:18Z</time>
        <hdop>6.1</hdop>
        <extensions>
          <osmand:speed>0.8</osmand:speed>
        </extensions>
      </trkpt>
      <trkpt lat="47.2364234" lon="9.3495975">
        <ele>1666.4</ele>
        <time>2026-09-03T12:44:24Z</time>
        <hdop>6.1</hdop>
        <extensions>
          <osmand:speed>1</osmand:speed>
        </extensions>
      </trkpt>
      <trkpt lat="47.236411" lon="9.3495753">
        <ele>1664.4</ele>
        <time>2026-09-03T12:44:30Z</time>
        <hdop>7.1</hdop>
        <extensions>
          <osmand:speed>0.4</osmand:speed>
        </extensions>
      </trkpt>
      <trkpt lat="47.2363775" lon="9.3495511">
        <ele>1663.4</ele>
        <time>2026-09-03T12:44:36Z</time>
        <hdop>6.1</hdop>
        <extensions>
          <osmand:speed>0.7</osmand:speed>
        </extensions>
      </trkpt>
      <trkpt lat="47.2363317" lon="9.3495239">
        <ele>1662.4</ele>
        <time>2026-09-03T12:44:42Z</time>
        <hdop>6.1</hdop>
        <extensions>
          <osmand:speed>1</osmand:speed>
        </extensions>
      </trkpt>
      <trkpt lat="47.2362808" lon="9.3494699">
        <ele>1662.4</ele>
        <time>2026-09-03T12:44:48Z</time>
        <hdop>6.1</hdop>
        <extensions>
          <osmand:speed>0.9</osmand:speed>
        </extensions>
      </trkpt>
      <trkpt lat="47.2362377" lon="9.3494351">
        <ele>1660.4</ele>
        <time>2026-09-03T12:44:54Z</time>
        <hdop>6.1</hdop>
        <extensions>
          <osmand:speed>1</osmand:speed>
        </extensions>
      </trkpt>
      <trkpt lat="47.2361883" lon="9.3493968">
        <ele>1659.4</ele>
        <time>2026-09-03T12:45:00Z</time>
        <hdop>6.1</hdop>
        <extensions>
          <osmand:speed>1</osmand:speed>
        </extensions>
      </trkpt>
      <trkpt lat="47.2361668" lon="9.3493579">
        <ele>1657.4</ele>
        <time>2026-09-03T12:45:06Z</time>
        <hdop>7.7</hdop>
        <extensions>
          <osmand:speed>0.8</osmand:speed>
        </extensions>
      </trkpt>
      <trkpt lat="47.2361177" lon="9.3492905">
        <ele>1657.4</ele>
        <time>2026-09-03T12:45:12Z</time>
        <hdop>7.7</hdop>
        <extensions>
          <osmand:speed>0.9</osmand:speed>
        </extensions>
      </trkpt>
      <trkpt lat="47.2361293" lon="9.3492351">
        <ele>1656.4</ele>
        <time>2026-09-03T12:45:18Z</time>
        <hdop>6.1</hdop>
        <extensions>
          <osmand:speed>0.7</osmand:speed>
        </extensions>
      </trkpt>
      <trkpt lat="47.2361801" lon="9.3492207">
        <ele>1654.4</ele>
        <time>2026-09-03T12:45:24Z</time>
        <hdop>6.6</hdop>
        <extensions>
          <osmand:speed>0.9</osmand:speed>
        </extensions>
      </trkpt>
      <trkpt lat="47.2362113" lon="9.3492144">
        <ele>1652.4</ele>
        <time>2026-09-03T12:45:30Z</time>
        <hdop>6.1</hdop>
        <extensions>
          <osmand:speed>0.6</osmand:speed>
        </extensions>
      </trkpt>
      <trkpt lat="47.2361603" lon="9.3491902">
        <ele>1652.4</ele>
        <time>2026-09-03T12:45:36Z</time>
        <hdop>8.2</hdop>
        <extensions>
          <osmand:speed>0.8</osmand:speed>
        </extensions>
      </trkpt>
      <trkpt lat="47.2361282" lon="9.3491418">
        <ele>1651.4</ele>
        <time>2026-09-03T12:45:42Z</time>
        <hdop>7.7</hdop>
        <extensions>
          <osmand:speed>0.8</osmand:speed>
        </extensions>
      </trkpt>
      <trkpt lat="47.2361086" lon="9.3490683">
        <ele>1649.4</ele>
        <time>2026-09-03T12:45:48Z</time>
        <hdop>6.6</hdop>
        <extensions>
          <osmand:speed>0.8</osmand:speed>
        </extensions>
      </trkpt>
      <trkpt lat="47.2360538" lon="9.3490401">
        <ele>1647.4</ele>
        <time>2026-09-03T12:45:54Z</time>
        <hdop>9.2</hdop>
        <extensions>
          <osmand:speed>1.6</osmand:speed>
        </extensions>
      </trkpt>
      <trkpt lat="47.2360209" lon="9.3489797">
        <ele>1646.4</ele>
        <time>2026-09-03T12:46:00Z</time>
        <hdop>6.1</hdop>
        <extensions>
          <osmand:speed>0.8</osmand:speed>
        </extensions>
      </trkpt>
      <trkpt lat="47.2359812" lon="9.348921">
        <ele>1646.4</ele>
        <time>2026-09-03T12:46:06Z</time>
        <hdop>7.7</hdop>
        <extensions>
          <osmand:speed>0.8</osmand:speed>
        </extensions>
      </trkpt>
      <trkpt lat="47.2359229" lon="9.3488848">
        <ele>1646.4</ele>
        <time>2026-09-03T12:46:12Z</time>
        <hdop>6.1</hdop>
        <extensions>
          <osmand:speed>1.3</osmand:speed>
        </extensions>
      </trkpt>
      <trkpt lat="47.2358575" lon="9.3488368">
        <ele>1647.4</ele>
        <time>2026-09-03T12:46:18Z</time>
        <hdop>7.7</hdop>
        <extensions>
          <osmand:speed>1.1</osmand:speed>
        </extensions>
      </trkpt>
      <trkpt lat="47.235839" lon="9.3488063">
        <ele>1645.4</ele>
        <time>2026-09-03T12:46:24Z</time>
        <hdop>6.1</hdop>
        <extensions>
          <osmand:speed>1.5</osmand:speed>
        </extensions>
      </trkpt>
      <trkpt lat="47.2357997" lon="9.348764">
        <ele>1640.4</ele>
        <time>2026-09-03T12:46:30Z</time>
        <hdop>6.1</hdop>
        <extensions>
          <osmand:speed>0.9</osmand:speed>
        </extensions>
      </trkpt>
      <trkpt lat="47.2357441" lon="9.3487346">
        <ele>1639.4</ele>
        <time>2026-09-03T12:46:36Z</time>
        <hdop>6.1</hdop>
        <extensions>
          <osmand:speed>1.1</osmand:speed>
        </extensions>
      </trkpt>
      <trkpt lat="47.235692" lon="9.3486871">
        <ele>1638.4</ele>
        <time>2026-09-03T12:46:42Z</time>
        <hdop>6.1</hdop>
        <extensions>
          <osmand:speed>0.9</osmand:speed>
        </extensions>
      </trkpt>
      <trkpt lat="47.2357201" lon="9.3486383">
        <ele>1637.4</ele>
        <time>2026-09-03T12:46:48Z</time>
        <hdop>6.1</hdop>
        <extensions>
          <osmand:speed>0.9</osmand:speed>
        </extensions>
      </trkpt>
      <trkpt lat="47.2357927" lon="9.3486238">
        <ele>1635.4</ele>
        <time>2026-09-03T12:46:54Z</time>
        <hdop>6.1</hdop>
        <extensions>
          <osmand:speed>1.6</osmand:speed>
        </extensions>
      </trkpt>
      <trkpt lat="47.2358562" lon="9.3486352">
        <ele>1634.4</ele>
        <time>2026-09-03T12:47:00Z</time>
        <hdop>6.1</hdop>
        <extensions>
          <osmand:speed>0.6</osmand:speed>
        </extensions>
      </trkpt>
      <trkpt lat="47.2358322" lon="9.3486005">
        <ele>1633.4</ele>
        <time>2026-09-03T12:47:06Z</time>
        <hdop>6.1</hdop>
        <extensions>
          <osmand:speed>0.7</osmand:speed>
        </extensions>
      </trkpt>
      <trkpt lat="47.2357857" lon="9.34856">
        <ele>1633.4</ele>
        <time>2026-09-03T12:47:12Z</time>
        <hdop>5.1</hdop>
        <extensions>
          <osmand:speed>0.8</osmand:speed>
        </extensions>
      </trkpt>
      <trkpt lat="47.235756" lon="9.3484846">
        <ele>1632.4</ele>
        <time>2026-09-03T12:47:18Z</time>
        <hdop>6.1</hdop>
        <extensions>
          <osmand:speed>1.1</osmand:speed>
        </extensions>
      </trkpt>
      <trkpt lat="47.2357153" lon="9.3484373">
        <ele>1630.4</ele>
        <time>2026-09-03T12:47:24Z</time>
        <hdop>7.7</hdop>
        <extensions>
          <osmand:speed>0.7</osmand:speed>
        </extensions>
      </trkpt>
      <trkpt lat="47.2356741" lon="9.3483949">
        <ele>1628.4</ele>
        <time>2026-09-03T12:47:30Z</time>
        <hdop>5.6</hdop>
        <extensions>
          <osmand:speed>1.3</osmand:speed>
        </extensions>
      </trkpt>
      <trkpt lat="47.2356348" lon="9.3483441">
        <ele>1627.4</ele>
        <time>2026-09-03T12:47:36Z</time>
        <hdop>6.1</hdop>
        <extensions>
          <osmand:speed>0.8</osmand:speed>
        </extensions>
      </trkpt>
      <trkpt lat="47.2356507" lon="9.3483308">
        <ele>1625.4</ele>
        <time>2026-09-03T12:47:43Z</time>
        <hdop>5.6</hdop>
      </trkpt>
      <trkpt lat="47.2356692" lon="9.3483214">
        <ele>1625.4</ele>
        <time>2026-09-03T12:47:50Z</time>
        <hdop>7.1</hdop>
        <extensions>
          <osmand:speed>0.5</osmand:speed>
        </extensions>
      </trkpt>
      <trkpt lat="47.2356401" lon="9.3482453">
        <ele>1625.4</ele>
        <time>2026-09-03T12:47:56Z</time>
        <hdop>7.7</hdop>
        <extensions>
          <osmand:speed>1.4</osmand:speed>
        </extensions>
      </trkpt>
      <trkpt lat="47.2355939" lon="9.3481721">
        <ele>1626.4</ele>
        <time>2026-09-03T12:48:02Z</time>
        <hdop>6.1</hdop>
        <extensions>
          <osmand:speed>1.2</osmand:speed>
        </extensions>
      </trkpt>
      <trkpt lat="47.2355397" lon="9.3481334">
        <ele>1625.4</ele>
        <time>2026-09-03T12:48:08Z</time>
        <hdop>6.1</hdop>
        <extensions>
          <osmand:speed>1.5</osmand:speed>
        </extensions>
      </trkpt>
      <trkpt lat="47.2355115" lon="9.3480917">
        <ele>1624.4</ele>
        <time>2026-09-03T12:48:14Z</time>
        <hdop>6.6</hdop>
        <extensions>
          <osmand:speed>0.7</osmand:speed>
        </extensions>
      </trkpt>
      <trkpt lat="47.2354816" lon="9.3480697">
        <ele>1621.4</ele>
        <time>2026-09-03T12:48:20Z</time>
        <hdop>6.1</hdop>
        <extensions>
          <osmand:speed>1.1</osmand:speed>
        </extensions>
      </trkpt>
      <trkpt lat="47.2354511" lon="9.3480432">
        <ele>1618.4</ele>
        <time>2026-09-03T12:48:26Z</time>
        <hdop>8.2</hdop>
        <extensions>
          <osmand:speed>1.1</osmand:speed>
        </extensions>
      </trkpt>
      <trkpt lat="47.2354046" lon="9.3480375">
        <ele>1617.4</ele>
        <time>2026-09-03T12:48:32Z</time>
        <hdop>8.2</hdop>
        <extensions>
          <osmand:speed>0.9</osmand:speed>
        </extensions>
      </trkpt>
      <trkpt lat="47.2353511" lon="9.3480274">
        <ele>1615.4</ele>
        <time>2026-09-03T12:48:38Z</time>
        <hdop>6.6</hdop>
        <extensions>
          <osmand:speed>1</osmand:speed>
        </extensions>
      </trkpt>
      <trkpt lat="47.2353115" lon="9.3479787">
        <ele>1614.4</ele>
        <time>2026-09-03T12:48:44Z</time>
        <hdop>6.1</hdop>
        <extensions>
          <osmand:speed>0.8</osmand:speed>
        </extensions>
      </trkpt>
      <trkpt lat="47.2352898" lon="9.3479339">
        <ele>1613.4</ele>
        <time>2026-09-03T12:48:50Z</time>
        <hdop>6.6</hdop>
        <extensions>
          <osmand:speed>1</osmand:speed>
        </extensions>
      </trkpt>
      <trkpt lat="47.2353242" lon="9.3479193">
        <ele>1612.4</ele>
        <time>2026-09-03T12:48:56Z</time>
        <hdop>7.1</hdop>
        <extensions>
          <osmand:speed>0.8</osmand:speed>
        </extensions>
      </trkpt>
      <trkpt lat="47.2353719" lon="9.3478955">
        <ele>1611.4</ele>
        <time>2026-09-03T12:49:02Z</time>
        <hdop>6.1</hdop>
        <extensions>
          <osmand:speed>1</osmand:speed>
        </extensions>
      </trkpt>
      <trkpt lat="47.2354332" lon="9.3478602">
        <ele>1607.4</ele>
        <time>2026-09-03T12:49:08Z</time>
        <hdop>6.1</hdop>
        <extensions>
          <osmand:speed>1.2</osmand:speed>
        </extensions>
      </trkpt>
      <trkpt lat="47.2354872" lon="9.3478287">
        <ele>1605.4</ele>
        <time>2026-09-03T12:49:14Z</time>
        <hdop>6.1</hdop>
        <extensions>
          <osmand:speed>0.9</osmand:speed>
        </extensions>
      </trkpt>
      <trkpt lat="47.2355499" lon="9.3478105">
        <ele>1603.4</ele>
        <time>2026-09-03T12:49:20Z</time>
        <hdop>7.7</hdop>
        <extensions>
          <osmand:speed>1.2</osmand:speed>
        </extensions>
      </trkpt>
      <trkpt lat="47.2355554" lon="9.3477658">
        <ele>1601.4</ele>
        <time>2026-09-03T12:49:26Z</time>
        <hdop>6.6</hdop>
        <extensions>
          <osmand:speed>0.4</osmand:speed>
        </extensions>
      </trkpt>
      <trkpt lat="47.2355004" lon="9.3477567">
        <ele>1600.4</ele>
        <time>2026-09-03T12:49:32Z</time>
        <hdop>8.2</hdop>
        <extensions>
          <osmand:speed>0.9</osmand:speed>
        </extensions>
      </trkpt>
      <trkpt lat="47.2354733" lon="9.3476937">
        <ele>1600.4</ele>
        <time>2026-09-03T12:49:38Z</time>
        <hdop>8.2</hdop>
        <extensions>
          <osmand:speed>0.7</osmand:speed>
        </extensions>
      </trkpt>
      <trkpt lat="47.2354404" lon="9.3476882">
        <ele>1597.4</ele>
        <time>2026-09-03T12:49:44Z</time>
        <hdop>7.1</hdop>
        <extensions>
          <osmand:speed>1.1</osmand:speed>
        </extensions>
      </trkpt>
      <trkpt lat="47.2353969" lon="9.3476439">
        <ele>1596.4</ele>
        <time>2026-09-03T12:49:50Z</time>
        <hdop>8.7</hdop>
        <extensions>
          <osmand:speed>1.8</osmand:speed>
        </extensions>
      </trkpt>
      <trkpt lat="47.235341" lon="9.347626">
        <ele>1596.4</ele>
        <time>2026-09-03T12:49:56Z</time>
        <hdop>8.7</hdop>
        <extensions>
          <osmand:speed>1.4</osmand:speed>
        </extensions>
      </trkpt>
      <trkpt lat="47.2352864" lon="9.3475932">
        <ele>1594.4</ele>
        <time>2026-09-03T12:50:02Z</time>
        <hdop>6.6</hdop>
        <extensions>
          <osmand:speed>0.7</osmand:speed>
        </extensions>
      </trkpt>
      <trkpt lat="47.2352454" lon="9.3475717">
        <ele>1593.4</ele>
        <time>2026-09-03T12:50:08Z</time>
        <hdop>6.6</hdop>
        <extensions>
          <osmand:speed>0.7</osmand:speed>
        </extensions>
      </trkpt>
      <trkpt lat="47.2352188" lon="9.3475091">
        <ele>1592.4</ele>
        <time>2026-09-03T12:50:14Z</time>
        <hdop>6.6</hdop>
        <extensions>
          <osmand:speed>0.8</osmand:speed>
        </extensions>
      </trkpt>
      <trkpt lat="47.235187" lon="9.3474682">
        <ele>1592.4</ele>
        <time>2026-09-03T12:50:20Z</time>
        <hdop>5.6</hdop>
        <extensions>
          <osmand:speed>0.8</osmand:speed>
        </extensions>
      </trkpt>
      <trkpt lat="47.2351513" lon="9.3474333">
        <ele>1591.4</ele>
        <time>2026-09-03T12:50:26Z</time>
        <hdop>5.6</hdop>
        <extensions>
          <osmand:speed>0.4</osmand:speed>
        </extensions>
      </trkpt>
      <trkpt lat="47.2351341" lon="9.3473829">
        <ele>1589.4</ele>
        <time>2026-09-03T12:50:32Z</time>
        <hdop>6.6</hdop>
        <extensions>
          <osmand:speed>0.9</osmand:speed>
        </extensions>
      </trkpt>
      <trkpt lat="47.2350729" lon="9.3473579">
        <ele>1585.4</ele>
        <time>2026-09-03T12:50:38Z</time>
        <hdop>6.6</hdop>
        <extensions>
          <osmand:speed>1.4</osmand:speed>
        </extensions>
      </trkpt>
      <trkpt lat="47.235022" lon="9.3473056">
        <ele>1585.4</ele>
        <time>2026-09-03T12:50:44Z</time>
        <hdop>7.7</hdop>
        <extensions>
          <osmand:speed>0.9</osmand:speed>
        </extensions>
      </trkpt>
      <trkpt lat="47.2350153" lon="9.3472779">
        <ele>1584.4</ele>
        <time>2026-09-03T12:50:50Z</time>
        <hdop>6.6</hdop>
        <extensions>
          <osmand:speed>0.8</osmand:speed>
        </extensions>
      </trkpt>
      <trkpt lat="47.2350335" lon="9.3472782">
        <ele>1583.4</ele>
        <time>2026-09-03T12:51:07Z</time>
        <hdop>6.1</hdop>
        <extensions>
          <osmand:speed>0.5</osmand:speed>
        </extensions>
      </trkpt>
      <trkpt lat="47.2350581" lon="9.3472707">
        <ele>1584.4</ele>
        <time>2026-09-03T12:51:13Z</time>
        <hdop>8.7</hdop>
        <extensions>
          <osmand:speed>0.4</osmand:speed>
        </extensions>
      </trkpt>
      <trkpt lat="47.235033" lon="9.3472071">
        <ele>1584.4</ele>
        <time>2026-09-03T12:51:19Z</time>
        <hdop>5.6</hdop>
        <extensions>
          <osmand:speed>0.6</osmand:speed>
        </extensions>
      </trkpt>
      <trkpt lat="47.2350846" lon="9.3471872">
        <ele>1583.4</ele>
        <time>2026-09-03T12:51:25Z</time>
        <hdop>5.6</hdop>
        <extensions>
          <osmand:speed>1.2</osmand:speed>
        </extensions>
      </trkpt>
      <trkpt lat="47.235141" lon="9.3471723">
        <ele>1582.4</ele>
        <time>2026-09-03T12:51:31Z</time>
        <hdop>6.6</hdop>
        <extensions>
          <osmand:speed>0.7</osmand:speed>
        </extensions>
      </trkpt>
      <trkpt lat="47.235205" lon="9.3471846">
        <ele>1582.4</ele>
        <time>2026-09-03T12:51:37Z</time>
        <hdop>7.1</hdop>
        <extensions>
          <osmand:speed>0.9</osmand:speed>
        </extensions>
      </trkpt>
      <trkpt lat="47.2351999" lon="9.3471083">
        <ele>1581.4</ele>
        <time>2026-09-03T12:51:43Z</time>
        <hdop>6.6</hdop>
        <extensions>
          <osmand:speed>0.8</osmand:speed>
        </extensions>
      </trkpt>
      <trkpt lat="47.2351183" lon="9.3470345">
        <ele>1581.4</ele>
        <time>2026-09-03T12:51:49Z</time>
        <hdop>6.6</hdop>
        <extensions>
          <osmand:speed>1.5</osmand:speed>
        </extensions>
      </trkpt>
      <trkpt lat="47.2350873" lon="9.3469696">
        <ele>1581.4</ele>
        <time>2026-09-03T12:51:55Z</time>
        <hdop>5.6</hdop>
        <extensions>
          <osmand:speed>1.3</osmand:speed>
        </extensions>
      </trkpt>
      <trkpt lat="47.2350453" lon="9.3469146">
        <ele>1580.4</ele>
        <time>2026-09-03T12:52:01Z</time>
        <hdop>6.1</hdop>
        <extensions>
          <osmand:speed>0.8</osmand:speed>
        </extensions>
      </trkpt>
      <trkpt lat="47.2350522" lon="9.346872">
        <ele>1578.4</ele>
        <time>2026-09-03T12:52:07Z</time>
        <hdop>5.1</hdop>
        <extensions>
          <osmand:speed>0.6</osmand:speed>
        </extensions>
      </trkpt>
      <trkpt lat="47.235098" lon="9.3468594">
        <ele>1576.4</ele>
        <time>2026-09-03T12:52:13Z</time>
        <hdop>6.1</hdop>
        <extensions>
          <osmand:speed>0.9</osmand:speed>
        </extensions>
      </trkpt>
      <trkpt lat="47.2351679" lon="9.3468517">
        <ele>1575.4</ele>
        <time>2026-09-03T12:52:19Z</time>
        <hdop>6.6</hdop>
        <extensions>
          <osmand:speed>1.1</osmand:speed>
        </extensions>
      </trkpt>
      <trkpt lat="47.2351813" lon="9.3468217">
        <ele>1571.4</ele>
        <time>2026-09-03T12:52:25Z</time>
        <hdop>7.7</hdop>
        <extensions>
          <osmand:speed>1</osmand:speed>
        </extensions>
      </trkpt>
      <trkpt lat="47.235144" lon="9.3467418">
        <ele>1570.4</ele>
        <time>2026-09-03T12:52:31Z</time>
        <hdop>8.2</hdop>
        <extensions>
          <osmand:speed>0.9</osmand:speed>
        </extensions>
      </trkpt>
      <trkpt lat="47.2351113" lon="9.346686">
        <ele>1568.4</ele>
        <time>2026-09-03T12:52:37Z</time>
        <hdop>6.6</hdop>
        <extensions>
          <osmand:speed>1.6</osmand:speed>
        </extensions>
      </trkpt>
      <trkpt lat="47.2350905" lon="9.3466423">
        <ele>1566.4</ele>
        <time>2026-09-03T12:52:43Z</time>
        <hdop>9.7</hdop>
        <extensions>
          <osmand:speed>1</osmand:speed>
        </extensions>
      </trkpt>
      <trkpt lat="47.2350431" lon="9.3465823">
        <ele>1566.4</ele>
        <time>2026-09-03T12:52:49Z</time>
        <hdop>7.7</hdop>
        <extensions>
          <osmand:speed>1.4</osmand:speed>
        </extensions>
      </trkpt>
      <trkpt lat="47.2350709" lon="9.3465071">
        <ele>1565.4</ele>
        <time>2026-09-03T12:52:55Z</time>
        <hdop>6.1</hdop>
        <extensions>
          <osmand:speed>0.9</osmand:speed>
        </extensions>
      </trkpt>
      <trkpt lat="47.2351138" lon="9.3464786">
        <ele>1562.4</ele>
        <time>2026-09-03T12:53:01Z</time>
        <hdop>7.7</hdop>
        <extensions>
          <osmand:speed>0.7</osmand:speed>
        </extensions>
      </trkpt>
      <trkpt lat="47.2350808" lon="9.3464096">
        <ele>1561.4</ele>
        <time>2026-09-03T12:53:07Z</time>
        <hdop>9.2</hdop>
        <extensions>
          <osmand:speed>1.1</osmand:speed>
        </extensions>
      </trkpt>
      <trkpt lat="47.2350494" lon="9.3463535">
        <ele>1561.4</ele>
        <time>2026-09-03T12:53:13Z</time>
        <hdop>6.1</hdop>
        <extensions>
          <osmand:speed>0.8</osmand:speed>
        </extensions>
      </trkpt>
      <trkpt lat="47.2350245" lon="9.3463105">
        <ele>1560.4</ele>
        <time>2026-09-03T12:53:19Z</time>
        <hdop>7.1</hdop>
        <extensions>
          <osmand:speed>1.2</osmand:speed>
        </extensions>
      </trkpt>
      <trkpt lat="47.2349995" lon="9.3462964">
        <ele>1559.4</ele>
        <time>2026-09-03T12:53:25Z</time>
        <hdop>10.2</hdop>
        <extensions>
          <osmand:speed>0.1</osmand:speed>
        </extensions>
      </trkpt>
      <trkpt lat="47.2349993" lon="9.3462564">
        <ele>1559.4</ele>
        <time>2026-09-03T12:53:31Z</time>
        <hdop>5.6</hdop>
        <extensions>
          <osmand:speed>0.8</osmand:speed>
        </extensions>
      </trkpt>
      <trkpt lat="47.235022" lon="9.346208">
        <ele>1557.4</ele>
        <time>2026-09-03T12:53:37Z</time>
        <hdop>5.6</hdop>
        <extensions>
          <osmand:speed>0.6</osmand:speed>
        </extensions>
      </trkpt>
      <trkpt lat="47.2350271" lon="9.3461252">
        <ele>1555.4</ele>
        <time>2026-09-03T12:53:43Z</time>
        <hdop>6.1</hdop>
        <extensions>
          <osmand:speed>1.1</osmand:speed>
        </extensions>
      </trkpt>
      <trkpt lat="47.2350333" lon="9.3460657">
        <ele>1554.4</ele>
        <time>2026-09-03T12:53:49Z</time>
        <hdop>7.7</hdop>
        <extensions>
          <osmand:speed>0.8</osmand:speed>
        </extensions>
      </trkpt>
      <trkpt lat="47.2349967" lon="9.346034">
        <ele>1551.4</ele>
        <time>2026-09-03T12:53:55Z</time>
        <hdop>7.1</hdop>
        <extensions>
          <osmand:speed>1</osmand:speed>
        </extensions>
      </trkpt>
      <trkpt lat="47.234995" lon="9.3459535">
        <ele>1551.4</ele>
        <time>2026-09-03T12:54:01Z</time>
        <hdop>6.6</hdop>
        <extensions>
          <osmand:speed>1</osmand:speed>
        </extensions>
      </trkpt>
      <trkpt lat="47.234991" lon="9.3458709">
        <ele>1549.4</ele>
        <time>2026-09-03T12:54:07Z</time>
        <hdop>6.6</hdop>
        <extensions>
          <osmand:speed>0.8</osmand:speed>
        </extensions>
      </trkpt>
      <trkpt lat="47.2349638" lon="9.3458145">
        <ele>1548.4</ele>
        <time>2026-09-03T12:54:13Z</time>
        <hdop>6.6</hdop>
        <extensions>
          <osmand:speed>1</osmand:speed>
        </extensions>
      </trkpt>
      <trkpt lat="47.2349519" lon="9.3457416">
        <ele>1549.4</ele>
        <time>2026-09-03T12:54:19Z</time>
        <hdop>7.1</hdop>
        <extensions>
          <osmand:speed>0.9</osmand:speed>
        </extensions>
      </trkpt>
      <trkpt lat="47.234973" lon="9.3457033">
        <ele>1547.4</ele>
        <time>2026-09-03T12:54:25Z</time>
        <hdop>7.1</hdop>
        <extensions>
          <osmand:speed>0.9</osmand:speed>
        </extensions>
      </trkpt>
      <trkpt lat="47.2349237" lon="9.3456743">
        <ele>1544.4</ele>
        <time>2026-09-03T12:54:31Z</time>
        <hdop>9.2</hdop>
        <extensions>
          <osmand:speed>1.4</osmand:speed>
        </extensions>
      </trkpt>
      <trkpt lat="47.2349013" lon="9.3456329">
        <ele>1542.4</ele>
        <time>2026-09-03T12:54:37Z</time>
        <hdop>8.2</hdop>
        <extensions>
          <osmand:speed>1.1</osmand:speed>
        </extensions>
      </trkpt>
      <trkpt lat="47.23485" lon="9.3456217">
        <ele>1539.4</ele>
        <time>2026-09-03T12:54:43Z</time>
        <hdop>11.2</hdop>
        <extensions>
          <osmand:speed>1.3</osmand:speed>
        </extensions>
      </trkpt>
      <trkpt lat="47.2348455" lon="9.3455678">
        <ele>1540.4</ele>
        <time>2026-09-03T12:54:49Z</time>
        <hdop>6.1</hdop>
        <extensions>
          <osmand:speed>1.3</osmand:speed>
        </extensions>
      </trkpt>
      <trkpt lat="47.2348577" lon="9.3455083">
        <ele>1539.4</ele>
        <time>2026-09-03T12:54:55Z</time>
        <hdop>6.1</hdop>
        <extensions>
          <osmand:speed>1.2</osmand:speed>
        </extensions>
      </trkpt>
      <trkpt lat="47.234866" lon="9.345451">
        <ele>1538.4</ele>
        <time>2026-09-03T12:55:01Z</time>
        <hdop>7.1</hdop>
        <extensions>
          <osmand:speed>1</osmand:speed>
        </extensions>
      </trkpt>
      <trkpt lat="47.2348793" lon="9.3454101">
        <ele>1533.4</ele>
        <time>2026-09-03T12:55:07Z</time>
        <hdop>10.2</hdop>
        <extensions>
          <osmand:speed>1.2</osmand:speed>
        </extensions>
      </trkpt>
      <trkpt lat="47.2348476" lon="9.3453866">
        <ele>1531.4</ele>
        <time>2026-09-03T12:55:13Z</time>
        <hdop>6.6</hdop>
        <extensions>
          <osmand:speed>1</osmand:speed>
        </extensions>
      </trkpt>
      <trkpt lat="47.2348493" lon="9.3453467">
        <ele>1530.4</ele>
        <time>2026-09-03T12:55:21Z</time>
        <hdop>8.7</hdop>
        <extensions>
          <osmand:speed>0.8</osmand:speed>
        </extensions>
      </trkpt>
      <trkpt lat="47.2348787" lon="9.3452741">
        <ele>1531.4</ele>
        <time>2026-09-03T12:55:27Z</time>
        <hdop>7.7</hdop>
        <extensions>
          <osmand:speed>0.7</osmand:speed>
        </extensions>
      </trkpt>
      <trkpt lat="47.2348768" lon="9.3452334">
        <ele>1530.4</ele>
        <time>2026-09-03T12:55:33Z</time>
        <hdop>8.2</hdop>
        <extensions>
          <osmand:speed>0.6</osmand:speed>
        </extensions>
      </trkpt>
      <trkpt lat="47.2348455" lon="9.3451765">
        <ele>1530.4</ele>
        <time>2026-09-03T12:55:39Z</time>
        <hdop>6.6</hdop>
        <extensions>
          <osmand:speed>1</osmand:speed>
        </extensions>
      </trkpt>
      <trkpt lat="47.2348208" lon="9.3451084">
        <ele>1529.4</ele>
        <time>2026-09-03T12:55:45Z</time>
        <hdop>7.7</hdop>
        <extensions>
          <osmand:speed>0.9</osmand:speed>
        </extensions>
      </trkpt>
      <trkpt lat="47.2348098" lon="9.3450254">
        <ele>1528.4</ele>
        <time>2026-09-03T12:55:51Z</time>
        <hdop>7.1</hdop>
        <extensions>
          <osmand:speed>1</osmand:speed>
        </extensions>
      </trkpt>
      <trkpt lat="47.2347911" lon="9.3449513">
        <ele>1526.4</ele>
        <time>2026-09-03T12:55:57Z</time>
        <hdop>9.2</hdop>
        <extensions>
          <osmand:speed>1.7</osmand:speed>
        </extensions>
      </trkpt>
      <trkpt lat="47.2347758" lon="9.3448747">
        <ele>1525.4</ele>
        <time>2026-09-03T12:56:03Z</time>
        <hdop>6.1</hdop>
        <extensions>
          <osmand:speed>1</osmand:speed>
        </extensions>
      </trkpt>
      <trkpt lat="47.23474" lon="9.344829">
        <ele>1523.4</ele>
        <time>2026-09-03T12:56:09Z</time>
        <hdop>8.2</hdop>
        <extensions>
          <osmand:speed>1.1</osmand:speed>
        </extensions>
      </trkpt>
      <trkpt lat="47.2347047" lon="9.3447555">
        <ele>1523.4</ele>
        <time>2026-09-03T12:56:15Z</time>
        <hdop>8.2</hdop>
        <extensions>
          <osmand:speed>1.3</osmand:speed>
        </extensions>
      </trkpt>
      <trkpt lat="47.234658" lon="9.3447035">
        <ele>1522.4</ele>
        <time>2026-09-03T12:56:21Z</time>
        <hdop>7.7</hdop>
        <extensions>
          <osmand:speed>1.1</osmand:speed>
        </extensions>
      </trkpt>
      <trkpt lat="47.2346077" lon="9.3446363">
        <ele>1521.4</ele>
        <time>2026-09-03T12:56:27Z</time>
        <hdop>8.2</hdop>
        <extensions>
          <osmand:speed>0.9</osmand:speed>
        </extensions>
      </trkpt>
      <trkpt lat="47.234568" lon="9.3446023">
        <ele>1520.4</ele>
        <time>2026-09-03T12:56:33Z</time>
        <hdop>8.7</hdop>
        <extensions>
          <osmand:speed>1</osmand:speed>
        </extensions>
      </trkpt>
      <trkpt lat="47.2345354" lon="9.3445615">
        <ele>1519.4</ele>
        <time>2026-09-03T12:56:39Z</time>
        <hdop>9.2</hdop>
        <extensions>
          <osmand:speed>1.4</osmand:speed>
        </extensions>
      </trkpt>
      <trkpt lat="47.2344758" lon="9.3445848">
        <ele>1519.4</ele>
        <time>2026-09-03T12:56:45Z</time>
        <hdop>8.2</hdop>
        <extensions>
          <osmand:speed>0.8</osmand:speed>
        </extensions>
      </trkpt>
      <trkpt lat="47.2344174" lon="9.3446545">
        <ele>1518.4</ele>
        <time>2026-09-03T12:56:51Z</time>
        <hdop>6.6</hdop>
        <extensions>
          <osmand:speed>1.2</osmand:speed>
        </extensions>
      </trkpt>
      <trkpt lat="47.2343729" lon="9.3447054">
        <ele>1519.4</ele>
        <time>2026-09-03T12:56:57Z</time>
        <hdop>5.1</hdop>
        <extensions>
          <osmand:speed>0.8</osmand:speed>
        </extensions>
      </trkpt>
      <trkpt lat="47.234308" lon="9.344736">
        <ele>1519.4</ele>
        <time>2026-09-03T12:57:03Z</time>
        <hdop>5.1</hdop>
        <extensions>
          <osmand:speed>1</osmand:speed>
        </extensions>
      </trkpt>
      <trkpt lat="47.2342643" lon="9.3447561">
        <ele>1519.4</ele>
        <time>2026-09-03T12:57:09Z</time>
        <hdop>5.6</hdop>
        <extensions>
          <osmand:speed>0.4</osmand:speed>
        </extensions>
      </trkpt>
      <trkpt lat="47.2342219" lon="9.3447828">
        <ele>1517.4</ele>
        <time>2026-09-03T12:57:15Z</time>
        <hdop>9.2</hdop>
        <extensions>
          <osmand:speed>0.6</osmand:speed>
        </extensions>
      </trkpt>
      <trkpt lat="47.2342172" lon="9.3447538">
        <ele>1518.4</ele>
        <time>2026-09-03T12:57:21Z</time>
        <hdop>6.1</hdop>
        <extensions>
          <osmand:speed>0</osmand:speed>
        </extensions>
      </trkpt>
      <trkpt lat="47.2342454" lon="9.3447333">
        <ele>1518.4</ele>
        <time>2026-09-03T12:57:27Z</time>
        <hdop>5.1</hdop>
        <extensions>
          <osmand:speed>0.8</osmand:speed>
        </extensions>
      </trkpt>
      <trkpt lat="47.234272" lon="9.3446906">
        <ele>1519.4</ele>
        <time>2026-09-03T12:57:33Z</time>
        <hdop>3.6</hdop>
        <extensions>
          <osmand:speed>0</osmand:speed>
        </extensions>
      </trkpt>
      <trkpt lat="47.2343004" lon="9.344629">
        <ele>1517.4</ele>
        <time>2026-09-03T12:57:39Z</time>
        <hdop>5.1</hdop>
        <extensions>
          <osmand:speed>0.9</osmand:speed>
        </extensions>
      </trkpt>
      <trkpt lat="47.2342652" lon="9.3445446">
        <ele>1518.4</ele>
        <time>2026-09-03T12:57:45Z</time>
        <hdop>5.1</hdop>
        <extensions>
          <osmand:speed>1.1</osmand:speed>
        </extensions>
      </trkpt>
      <trkpt lat="47.2342357" lon="9.3444888">
        <ele>1518.4</ele>
        <time>2026-09-03T12:57:51Z</time>
        <hdop>6.6</hdop>
        <extensions>
          <osmand:speed>0.5</osmand:speed>
        </extensions>
      </trkpt>
      <trkpt lat="47.2342331" lon="9.3445259">
        <ele>1519.4</ele>
        <time>2026-09-03T12:57:57Z</time>
        <hdop>4.1</hdop>
      </trkpt>
      <trkpt lat="47.2342144" lon="9.344486">
        <ele>1518.4</ele>
        <time>2026-09-03T12:58:03Z</time>
        <hdop>6.1</hdop>
        <extensions>
          <osmand:speed>1</osmand:speed>
        </extensions>
      </trkpt>
      <trkpt lat="47.2341984" lon="9.3443948">
        <ele>1517.4</ele>
        <time>2026-09-03T12:58:09Z</time>
        <hdop>5.6</hdop>
        <extensions>
          <osmand:speed>1.4</osmand:speed>
        </extensions>
      </trkpt>
      <trkpt lat="47.2341767" lon="9.3443262">
        <ele>1516.4</ele>
        <time>2026-09-03T12:58:15Z</time>
        <hdop>6.6</hdop>
        <extensions>
          <osmand:speed>1.1</osmand:speed>
        </extensions>
      </trkpt>
      <trkpt lat="47.2341536" lon="9.3442206">
        <ele>1516.4</ele>
        <time>2026-09-03T12:58:21Z</time>
        <hdop>5.6</hdop>
        <extensions>
          <osmand:speed>1.3</osmand:speed>
        </extensions>
      </trkpt>
      <trkpt lat="47.2341126" lon="9.3441345">
        <ele>1516.4</ele>
        <time>2026-09-03T12:58:27Z</time>
        <hdop>5.6</hdop>
        <extensions>
          <osmand:speed>1.3</osmand:speed>
        </extensions>
      </trkpt>
      <trkpt lat="47.2340546" lon="9.3440188">
        <ele>1515.4</ele>
        <time>2026-09-03T12:58:33Z</time>
        <hdop>5.6</hdop>
        <extensions>
          <osmand:speed>1.3</osmand:speed>
        </extensions>
      </trkpt>
      <trkpt lat="47.234004" lon="9.343918">
        <ele>1515.4</ele>
        <time>2026-09-03T12:58:39Z</time>
        <hdop>5.6</hdop>
        <extensions>
          <osmand:speed>1.3</osmand:speed>
        </extensions>
      </trkpt>
      <trkpt lat="47.2339701" lon="9.3438154">
        <ele>1516.4</ele>
        <time>2026-09-03T12:58:45Z</time>
        <hdop>6.1</hdop>
        <extensions>
          <osmand:speed>1</osmand:speed>
        </extensions>
      </trkpt>
      <trkpt lat="47.2339487" lon="9.3437442">
        <ele>1515.4</ele>
        <time>2026-09-03T12:58:51Z</time>
        <hdop>5.1</hdop>
        <extensions>
          <osmand:speed>1</osmand:speed>
        </extensions>
      </trkpt>
      <trkpt lat="47.2339314" lon="9.3437795">
        <ele>1516.4</ele>
        <time>2026-09-03T12:58:57Z</time>
        <hdop>6.6</hdop>
        <extensions>
          <osmand:speed>0.9</osmand:speed>
        </extensions>
      </trkpt>
      <trkpt lat="47.2338663" lon="9.3437735">
        <ele>1516.4</ele>
        <time>2026-09-03T12:59:03Z</time>
        <hdop>8.2</hdop>
        <extensions>
          <osmand:speed>1</osmand:speed>
        </extensions>
      </trkpt>
      <trkpt lat="47.2338189" lon="9.3437503">
        <ele>1515.4</ele>
        <time>2026-09-03T12:59:09Z</time>
        <hdop>5.6</hdop>
        <extensions>
          <osmand:speed>1.4</osmand:speed>
        </extensions>
      </trkpt>
      <trkpt lat="47.2337922" lon="9.3437249">
        <ele>1514.4</ele>
        <time>2026-09-03T12:59:15Z</time>
        <hdop>4.1</hdop>
      </trkpt>
      <trkpt lat="47.2337749" lon="9.3437004">
        <ele>1512.4</ele>
        <time>2026-09-03T12:59:21Z</time>
        <hdop>4.6</hdop>
        <extensions>
          <osmand:speed>0.8</osmand:speed>
        </extensions>
      </trkpt>
      <trkpt lat="47.2337671" lon="9.3436409">
        <ele>1513.4</ele>
        <time>2026-09-03T12:59:27Z</time>
        <hdop>5.1</hdop>
        <extensions>
          <osmand:speed>1.1</osmand:speed>
        </extensions>
      </trkpt>
      <trkpt lat="47.2337115" lon="9.3435777">
        <ele>1513.4</ele>
        <time>2026-09-03T12:59:33Z</time>
        <hdop>5.6</hdop>
        <extensions>
          <osmand:speed>1.1</osmand:speed>
        </extensions>
      </trkpt>
      <trkpt lat="47.233684" lon="9.3435283">
        <ele>1514.4</ele>
        <time>2026-09-03T12:59:39Z</time>
        <hdop>6.6</hdop>
        <extensions>
          <osmand:speed>1</osmand:speed>
        </extensions>
      </trkpt>
      <trkpt lat="47.2336479" lon="9.3434559">
        <ele>1514.4</ele>
        <time>2026-09-03T12:59:45Z</time>
        <hdop>5.1</hdop>
        <extensions>
          <osmand:speed>1.2</osmand:speed>
        </extensions>
      </trkpt>
      <trkpt lat="47.2336548" lon="9.3434029">
        <ele>1514.4</ele>
        <time>2026-09-03T12:59:51Z</time>
        <hdop>4.6</hdop>
        <extensions>
          <osmand:speed>1.2</osmand:speed>
        </extensions>
      </trkpt>
      <trkpt lat="47.2336826" lon="9.3433946">
        <ele>1513.4</ele>
        <time>2026-09-03T12:59:57Z</time>
        <hdop>4.6</hdop>
        <extensions>
          <osmand:speed>0.2</osmand:speed>
        </extensions>
      </trkpt>
      <trkpt lat="47.2337018" lon="9.3434143">
        <ele>1512.4</ele>
        <time>2026-09-03T13:00:11Z</time>
        <hdop>7.7</hdop>
        <extensions>
          <osmand:speed>0.8</osmand:speed>
        </extensions>
      </trkpt>
      <trkpt lat="47.2337077" lon="9.3433728">
        <ele>1511.4</ele>
        <time>2026-09-03T13:00:17Z</time>
        <hdop>12.2</hdop>
        <extensions>
          <osmand:speed>0.8</osmand:speed>
        </extensions>
      </trkpt>
      <trkpt lat="47.2337131" lon="9.3434153">
        <ele>1512.4</ele>
        <time>2026-09-03T13:00:23Z</time>
        <hdop>12.8</hdop>
        <extensions>
          <osmand:speed>1.6</osmand:speed>
        </extensions>
      </trkpt>
      <trkpt lat="47.2337163" lon="9.3434424">
        <ele>1513.4</ele>
        <time>2026-09-03T13:00:29Z</time>
        <hdop>14.8</hdop>
        <extensions>
          <osmand:speed>0.3</osmand:speed>
        </extensions>
      </trkpt>
      <trkpt lat="47.2337195" lon="9.3434081">
        <ele>1514.4</ele>
        <time>2026-09-03T13:03:32Z</time>
        <hdop>9.2</hdop>
        <extensions>
          <osmand:speed>0.3</osmand:speed>
        </extensions>
      </trkpt>
      <trkpt lat="47.2337034" lon="9.3433803">
        <ele>1513.4</ele>
        <time>2026-09-03T13:04:01Z</time>
        <hdop>8.2</hdop>
        <extensions>
          <osmand:speed>0.5</osmand:speed>
        </extensions>
      </trkpt>
      <trkpt lat="47.2336891" lon="9.3434029">
        <ele>1513.4</ele>
        <time>2026-09-03T13:04:18Z</time>
        <hdop>5.1</hdop>
        <extensions>
          <osmand:speed>0.5</osmand:speed>
        </extensions>
      </trkpt>
      <trkpt lat="47.2336663" lon="9.3433947">
        <ele>1510.4</ele>
        <time>2026-09-03T13:04:52Z</time>
        <hdop>5.1</hdop>
        <extensions>
          <osmand:speed>0</osmand:speed>
        </extensions>
      </trkpt>
      <trkpt lat="47.2336443" lon="9.343427">
        <ele>1511.4</ele>
        <time>2026-09-03T13:05:00Z</time>
        <hdop>6.1</hdop>
        <extensions>
          <osmand:speed>1.5</osmand:speed>
        </extensions>
      </trkpt>
      <trkpt lat="47.2336623" lon="9.3434319">
        <ele>1509.4</ele>
        <time>2026-09-03T13:05:11Z</time>
        <hdop>9.2</hdop>
        <extensions>
          <osmand:speed>0.2</osmand:speed>
        </extensions>
      </trkpt>
      <trkpt lat="47.2336748" lon="9.3434107">
        <ele>1511.4</ele>
        <time>2026-09-03T13:05:22Z</time>
        <hdop>6.6</hdop>
        <extensions>
          <osmand:speed>0.4</osmand:speed>
        </extensions>
      </trkpt>
      <trkpt lat="47.233694" lon="9.3434124">
        <ele>1511.4</ele>
        <time>2026-09-03T13:05:32Z</time>
        <hdop>5.6</hdop>
      </trkpt>
      <trkpt lat="47.2337119" lon="9.3434067">
        <ele>1512.4</ele>
        <time>2026-09-03T13:06:48Z</time>
        <hdop>11.2</hdop>
        <extensions>
          <osmand:speed>0.1</osmand:speed>
        </extensions>
      </trkpt>
      <trkpt lat="47.2336965" lon="9.3434267">
        <ele>1512.4</ele>
        <time>2026-09-03T13:07:47Z</time>
        <hdop>11.7</hdop>
        <extensions>
          <osmand:speed>0</osmand:speed>
        </extensions>
      </trkpt>
      <trkpt lat="47.2337044" lon="9.3433977">
        <ele>1512.4</ele>
        <time>2026-09-03T13:09:40Z</time>
        <hdop>10.2</hdop>
        <extensions>
          <osmand:speed>0.2</osmand:speed>
        </extensions>
      </trkpt>
      <trkpt lat="47.2337214" lon="9.3434096">
        <ele>1510.4</ele>
        <time>2026-09-03T13:09:47Z</time>
        <hdop>7.7</hdop>
        <extensions>
          <osmand:speed>0</osmand:speed>
        </extensions>
      </trkpt>
      <trkpt lat="47.2337084" lon="9.3434381">
        <ele>1510.4</ele>
        <time>2026-09-03T13:09:53Z</time>
        <hdop>9.2</hdop>
        <extensions>
          <osmand:speed>0.1</osmand:speed>
        </extensions>
      </trkpt>
      <trkpt lat="47.2336907" lon="9.3434534">
        <ele>1510.4</ele>
        <time>2026-09-03T13:10:02Z</time>
        <hdop>8.7</hdop>
        <extensions>
          <osmand:speed>0.1</osmand:speed>
        </extensions>
      </trkpt>
      <trkpt lat="47.2337072" lon="9.3434643">
        <ele>1510.4</ele>
        <time>2026-09-03T13:10:09Z</time>
        <hdop>9.2</hdop>
        <extensions>
          <osmand:speed>1.2</osmand:speed>
        </extensions>
      </trkpt>
      <trkpt lat="47.2336807" lon="9.3434712">
        <ele>1510.4</ele>
        <time>2026-09-03T13:10:15Z</time>
        <hdop>9.7</hdop>
        <extensions>
          <osmand:speed>0.3</osmand:speed>
        </extensions>
      </trkpt>
      <trkpt lat="47.2337078" lon="9.3434966">
        <ele>1509.4</ele>
        <time>2026-09-03T13:10:21Z</time>
        <hdop>7.1</hdop>
        <extensions>
          <osmand:speed>0.6</osmand:speed>
        </extensions>
      </trkpt>
      <trkpt lat="47.2337476" lon="9.3434945">
        <ele>1509.4</ele>
        <time>2026-09-03T13:10:27Z</time>
        <hdop>7.7</hdop>
        <extensions>
          <osmand:speed>0.4</osmand:speed>
        </extensions>
      </trkpt>
      <trkpt lat="47.2337955" lon="9.3434581">
        <ele>1507.4</ele>
        <time>2026-09-03T13:10:33Z</time>
        <hdop>10.2</hdop>
        <extensions>
          <osmand:speed>0.7</osmand:speed>
        </extensions>
      </trkpt>
      <trkpt lat="47.2337594" lon="9.3433804">
        <ele>1507.4</ele>
        <time>2026-09-03T13:10:39Z</time>
        <hdop>7.1</hdop>
        <extensions>
          <osmand:speed>1.2</osmand:speed>
        </extensions>
      </trkpt>
      <trkpt lat="47.2337294" lon="9.3433313">
        <ele>1505.4</ele>
        <time>2026-09-03T13:10:45Z</time>
        <hdop>7.1</hdop>
        <extensions>
          <osmand:speed>0.8</osmand:speed>
        </extensions>
      </trkpt>
      <trkpt lat="47.2337162" lon="9.343269">
        <ele>1505.4</ele>
        <time>2026-09-03T13:10:51Z</time>
        <hdop>6.6</hdop>
        <extensions>
          <osmand:speed>0.8</osmand:speed>
        </extensions>
      </trkpt>
      <trkpt lat="47.2336793" lon="9.3432222">
        <ele>1505.4</ele>
        <time>2026-09-03T13:10:57Z</time>
        <hdop>6.1</hdop>
        <extensions>
          <osmand:speed>0.6</osmand:speed>
        </extensions>
      </trkpt>
      <trkpt lat="47.2336525" lon="9.3431566">
        <ele>1506.4</ele>
        <time>2026-09-03T13:11:03Z</time>
        <hdop>5.6</hdop>
        <extensions>
          <osmand:speed>0.3</osmand:speed>
        </extensions>
      </trkpt>
      <trkpt lat="47.2336367" lon="9.343119">
        <ele>1505.4</ele>
        <time>2026-09-03T13:11:09Z</time>
        <hdop>5.1</hdop>
        <extensions>
          <osmand:speed>0.7</osmand:speed>
        </extensions>
      </trkpt>
      <trkpt lat="47.2336032" lon="9.3430746">
        <ele>1504.4</ele>
        <time>2026-09-03T13:11:15Z</time>
        <hdop>4.1</hdop>
        <extensions>
          <osmand:speed>0.8</osmand:speed>
        </extensions>
      </trkpt>
      <trkpt lat="47.2335902" lon="9.3430307">
        <ele>1502.4</ele>
        <time>2026-09-03T13:11:21Z</time>
        <hdop>6.1</hdop>
        <extensions>
          <osmand:speed>0.9</osmand:speed>
        </extensions>
      </trkpt>
      <trkpt lat="47.2335583" lon="9.3429844">
        <ele>1500.4</ele>
        <time>2026-09-03T13:11:27Z</time>
        <hdop>5.6</hdop>
        <extensions>
          <osmand:speed>0.7</osmand:speed>
        </extensions>
      </trkpt>
      <trkpt lat="47.2335231" lon="9.3429331">
        <ele>1499.4</ele>
        <time>2026-09-03T13:11:33Z</time>
        <hdop>8.2</hdop>
        <extensions>
          <osmand:speed>0.8</osmand:speed>
        </extensions>
      </trkpt>
      <trkpt lat="47.2334923" lon="9.3428757">
        <ele>1499.4</ele>
        <time>2026-09-03T13:11:39Z</time>
        <hdop>6.1</hdop>
        <extensions>
          <osmand:speed>0.8</osmand:speed>
        </extensions>
      </trkpt>
      <trkpt lat="47.2334729" lon="9.3428457">
        <ele>1495.4</ele>
        <time>2026-09-03T13:11:45Z</time>
        <hdop>6.6</hdop>
        <extensions>
          <osmand:speed>0.9</osmand:speed>
        </extensions>
      </trkpt>
      <trkpt lat="47.2334323" lon="9.3428023">
        <ele>1494.4</ele>
        <time>2026-09-03T13:11:51Z</time>
        <hdop>5.6</hdop>
        <extensions>
          <osmand:speed>0.9</osmand:speed>
        </extensions>
      </trkpt>
      <trkpt lat="47.2334247" lon="9.3427499">
        <ele>1493.4</ele>
        <time>2026-09-03T13:11:57Z</time>
        <hdop>7.1</hdop>
        <extensions>
          <osmand:speed>1.1</osmand:speed>
        </extensions>
      </trkpt>
      <trkpt lat="47.2333936" lon="9.3426967">
        <ele>1491.4</ele>
        <time>2026-09-03T13:12:03Z</time>
        <hdop>6.1</hdop>
        <extensions>
          <osmand:speed>1</osmand:speed>
        </extensions>
      </trkpt>
      <trkpt lat="47.2333943" lon="9.3426144">
        <ele>1490.4</ele>
        <time>2026-09-03T13:12:09Z</time>
        <hdop>6.1</hdop>
        <extensions>
          <osmand:speed>0.9</osmand:speed>
        </extensions>
      </trkpt>
      <trkpt lat="47.2333959" lon="9.3425277">
        <ele>1489.4</ele>
        <time>2026-09-03T13:12:15Z</time>
        <hdop>6.6</hdop>
        <extensions>
          <osmand:speed>0.7</osmand:speed>
        </extensions>
      </trkpt>
      <trkpt lat="47.2334066" lon="9.3424493">
        <ele>1487.4</ele>
        <time>2026-09-03T13:12:21Z</time>
        <hdop>6.6</hdop>
        <extensions>
          <osmand:speed>1.3</osmand:speed>
        </extensions>
      </trkpt>
      <trkpt lat="47.2334173" lon="9.3423731">
        <ele>1485.4</ele>
        <time>2026-09-03T13:12:27Z</time>
        <hdop>6.1</hdop>
        <extensions>
          <osmand:speed>0.8</osmand:speed>
        </extensions>
      </trkpt>
      <trkpt lat="47.2334126" lon="9.3423102">
        <ele>1484.4</ele>
        <time>2026-09-03T13:12:33Z</time>
        <hdop>6.6</hdop>
        <extensions>
          <osmand:speed>1</osmand:speed>
        </extensions>
      </trkpt>
      <trkpt lat="47.2334038" lon="9.3422315">
        <ele>1483.4</ele>
        <time>2026-09-03T13:12:39Z</time>
        <hdop>6.6</hdop>
        <extensions>
          <osmand:speed>1</osmand:speed>
        </extensions>
      </trkpt>
      <trkpt lat="47.2334211" lon="9.3421457">
        <ele>1482.4</ele>
        <time>2026-09-03T13:12:45Z</time>
        <hdop>4.1</hdop>
        <extensions>
          <osmand:speed>0.7</osmand:speed>
        </extensions>
      </trkpt>
      <trkpt lat="47.2334404" lon="9.3420796">
        <ele>1482.4</ele>
        <time>2026-09-03T13:12:51Z</time>
        <hdop>4.1</hdop>
        <extensions>
          <osmand:speed>0.6</osmand:speed>
        </extensions>
      </trkpt>
      <trkpt lat="47.233452" lon="9.3420064">
        <ele>1481.4</ele>
        <time>2026-09-03T13:12:57Z</time>
        <hdop>4.1</hdop>
        <extensions>
          <osmand:speed>1.2</osmand:speed>
        </extensions>
      </trkpt>
      <trkpt lat="47.2334455" lon="9.3419239">
        <ele>1480.4</ele>
        <time>2026-09-03T13:13:03Z</time>
        <hdop>4.6</hdop>
        <extensions>
          <osmand:speed>0.8</osmand:speed>
        </extensions>
      </trkpt>
      <trkpt lat="47.2334592" lon="9.3418466">
        <ele>1479.4</ele>
        <time>2026-09-03T13:13:09Z</time>
        <hdop>4.1</hdop>
        <extensions>
          <osmand:speed>1</osmand:speed>
        </extensions>
      </trkpt>
      <trkpt lat="47.2334594" lon="9.341763">
        <ele>1478.4</ele>
        <time>2026-09-03T13:13:15Z</time>
        <hdop>4.1</hdop>
        <extensions>
          <osmand:speed>0.7</osmand:speed>
        </extensions>
      </trkpt>
      <trkpt lat="47.2334573" lon="9.3417136">
        <ele>1476.4</ele>
        <time>2026-09-03T13:13:21Z</time>
        <hdop>4.6</hdop>
        <extensions>
          <osmand:speed>0.7</osmand:speed>
        </extensions>
      </trkpt>
      <trkpt lat="47.2334247" lon="9.3416611">
        <ele>1475.4</ele>
        <time>2026-09-03T13:13:27Z</time>
        <hdop>4.6</hdop>
        <extensions>
          <osmand:speed>0.9</osmand:speed>
        </extensions>
      </trkpt>
      <trkpt lat="47.23339" lon="9.3416235">
        <ele>1475.4</ele>
        <time>2026-09-03T13:13:33Z</time>
        <hdop>4.6</hdop>
        <extensions>
          <osmand:speed>0.8</osmand:speed>
        </extensions>
      </trkpt>
      <trkpt lat="47.233345" lon="9.3415593">
        <ele>1474.4</ele>
        <time>2026-09-03T13:13:39Z</time>
        <hdop>5.6</hdop>
        <extensions>
          <osmand:speed>1.7</osmand:speed>
        </extensions>
      </trkpt>
      <trkpt lat="47.2333024" lon="9.3415112">
        <ele>1473.4</ele>
        <time>2026-09-03T13:13:45Z</time>
        <hdop>4.1</hdop>
        <extensions>
          <osmand:speed>1.2</osmand:speed>
        </extensions>
      </trkpt>
      <trkpt lat="47.2332379" lon="9.3414762">
        <ele>1472.4</ele>
        <time>2026-09-03T13:13:51Z</time>
        <hdop>3.6</hdop>
        <extensions>
          <osmand:speed>1.1</osmand:speed>
        </extensions>
      </trkpt>
      <trkpt lat="47.2331692" lon="9.3414629">
        <ele>1473.4</ele>
        <time>2026-09-03T13:13:57Z</time>
        <hdop>5.6</hdop>
        <extensions>
          <osmand:speed>1.2</osmand:speed>
        </extensions>
      </trkpt>
      <trkpt lat="47.2331056" lon="9.3414303">
        <ele>1471.4</ele>
        <time>2026-09-03T13:14:03Z</time>
        <hdop>4.6</hdop>
        <extensions>
          <osmand:speed>1</osmand:speed>
        </extensions>
      </trkpt>
      <trkpt lat="47.2330811" lon="9.3413763">
        <ele>1468.4</ele>
        <time>2026-09-03T13:14:09Z</time>
        <hdop>4.6</hdop>
        <extensions>
          <osmand:speed>0.9</osmand:speed>
        </extensions>
      </trkpt>
      <trkpt lat="47.233036" lon="9.3413486">
        <ele>1467.4</ele>
        <time>2026-09-03T13:14:15Z</time>
        <hdop>4.6</hdop>
        <extensions>
          <osmand:speed>0.8</osmand:speed>
        </extensions>
      </trkpt>
      <trkpt lat="47.2329783" lon="9.3413122">
        <ele>1466.4</ele>
        <time>2026-09-03T13:14:21Z</time>
        <hdop>4.6</hdop>
        <extensions>
          <osmand:speed>0.9</osmand:speed>
        </extensions>
      </trkpt>
      <trkpt lat="47.2329282" lon="9.3412776">
        <ele>1466.4</ele>
        <time>2026-09-03T13:14:27Z</time>
        <hdop>4.6</hdop>
        <extensions>
          <osmand:speed>1.3</osmand:speed>
        </extensions>
      </trkpt>
      <trkpt lat="47.2328691" lon="9.3412059">
        <ele>1466.4</ele>
        <time>2026-09-03T13:14:33Z</time>
        <hdop>4.6</hdop>
        <extensions>
          <osmand:speed>1</osmand:speed>
        </extensions>
      </trkpt>
      <trkpt lat="47.2328262" lon="9.3411308">
        <ele>1466.4</ele>
        <time>2026-09-03T13:14:39Z</time>
        <hdop>4.1</hdop>
        <extensions>
          <osmand:speed>1.1</osmand:speed>
        </extensions>
      </trkpt>
      <trkpt lat="47.23279" lon="9.3410373">
        <ele>1465.4</ele>
        <time>2026-09-03T13:14:45Z</time>
        <hdop>4.1</hdop>
        <extensions>
          <osmand:speed>1.1</osmand:speed>
        </extensions>
      </trkpt>
      <trkpt lat="47.2327631" lon="9.3409965">
        <ele>1465.4</ele>
        <time>2026-09-03T13:14:51Z</time>
        <hdop>4.1</hdop>
        <extensions>
          <osmand:speed>0.9</osmand:speed>
        </extensions>
      </trkpt>
      <trkpt lat="47.2327102" lon="9.3409705">
        <ele>1465.4</ele>
        <time>2026-09-03T13:14:57Z</time>
        <hdop>4.6</hdop>
        <extensions>
          <osmand:speed>1.6</osmand:speed>
        </extensions>
      </trkpt>
      <trkpt lat="47.2326598" lon="9.340924">
        <ele>1465.4</ele>
        <time>2026-09-03T13:15:03Z</time>
        <hdop>5.6</hdop>
        <extensions>
          <osmand:speed>1</osmand:speed>
        </extensions>
      </trkpt>
      <trkpt lat="47.232621" lon="9.3408635">
        <ele>1463.4</ele>
        <time>2026-09-03T13:15:09Z</time>
        <hdop>4.6</hdop>
        <extensions>
          <osmand:speed>1.1</osmand:speed>
        </extensions>
      </trkpt>
      <trkpt lat="47.2325899" lon="9.3408306">
        <ele>1462.4</ele>
        <time>2026-09-03T13:15:15Z</time>
        <hdop>4.6</hdop>
        <extensions>
          <osmand:speed>1.2</osmand:speed>
        </extensions>
      </trkpt>
      <trkpt lat="47.2325658" lon="9.3407863">
        <ele>1461.4</ele>
        <time>2026-09-03T13:15:21Z</time>
        <hdop>4.6</hdop>
        <extensions>
          <osmand:speed>0.7</osmand:speed>
        </extensions>
      </trkpt>
      <trkpt lat="47.2325192" lon="9.3407475">
        <ele>1460.4</ele>
        <time>2026-09-03T13:15:27Z</time>
        <hdop>4.1</hdop>
        <extensions>
          <osmand:speed>0.9</osmand:speed>
        </extensions>
      </trkpt>
      <trkpt lat="47.2324932" lon="9.3406771">
        <ele>1458.4</ele>
        <time>2026-09-03T13:15:33Z</time>
        <hdop>4.6</hdop>
        <extensions>
          <osmand:speed>1.2</osmand:speed>
        </extensions>
      </trkpt>
      <trkpt lat="47.2324773" lon="9.3406145">
        <ele>1457.4</ele>
        <time>2026-09-03T13:15:39Z</time>
        <hdop>4.6</hdop>
        <extensions>
          <osmand:speed>1</osmand:speed>
        </extensions>
      </trkpt>
      <trkpt lat="47.2324457" lon="9.3405738">
        <ele>1455.4</ele>
        <time>2026-09-03T13:15:45Z</time>
        <hdop>4.6</hdop>
        <extensions>
          <osmand:speed>0.7</osmand:speed>
        </extensions>
      </trkpt>
      <trkpt lat="47.2324696" lon="9.3404923">
        <ele>1453.4</ele>
        <time>2026-09-03T13:15:51Z</time>
        <hdop>5.1</hdop>
        <extensions>
          <osmand:speed>0.8</osmand:speed>
        </extensions>
      </trkpt>
      <trkpt lat="47.2324287" lon="9.3404424">
        <ele>1451.4</ele>
        <time>2026-09-03T13:15:57Z</time>
        <hdop>6.1</hdop>
        <extensions>
          <osmand:speed>0.9</osmand:speed>
        </extensions>
      </trkpt>
      <trkpt lat="47.232449" lon="9.340382">
        <ele>1448.4</ele>
        <time>2026-09-03T13:16:03Z</time>
        <hdop>4.6</hdop>
        <extensions>
          <osmand:speed>0.4</osmand:speed>
        </extensions>
      </trkpt>
      <trkpt lat="47.2324071" lon="9.3403425">
        <ele>1448.4</ele>
        <time>2026-09-03T13:16:09Z</time>
        <hdop>4.1</hdop>
        <extensions>
          <osmand:speed>0.7</osmand:speed>
        </extensions>
      </trkpt>
      <trkpt lat="47.2324083" lon="9.3402703">
        <ele>1447.4</ele>
        <time>2026-09-03T13:16:15Z</time>
        <hdop>4.6</hdop>
        <extensions>
          <osmand:speed>0.6</osmand:speed>
        </extensions>
      </trkpt>
      <trkpt lat="47.2324007" lon="9.3402087">
        <ele>1446.4</ele>
        <time>2026-09-03T13:16:21Z</time>
        <hdop>5.1</hdop>
        <extensions>
          <osmand:speed>0.7</osmand:speed>
        </extensions>
      </trkpt>
      <trkpt lat="47.2323774" lon="9.3401637">
        <ele>1445.4</ele>
        <time>2026-09-03T13:16:27Z</time>
        <hdop>4.6</hdop>
        <extensions>
          <osmand:speed>0.6</osmand:speed>
        </extensions>
      </trkpt>
      <trkpt lat="47.2323319" lon="9.3401157">
        <ele>1445.4</ele>
        <time>2026-09-03T13:16:33Z</time>
        <hdop>4.6</hdop>
        <extensions>
          <osmand:speed>0.6</osmand:speed>
        </extensions>
      </trkpt>
      <trkpt lat="47.2322984" lon="9.3400801">
        <ele>1443.4</ele>
        <time>2026-09-03T13:16:39Z</time>
        <hdop>5.1</hdop>
        <extensions>
          <osmand:speed>1.3</osmand:speed>
        </extensions>
      </trkpt>
      <trkpt lat="47.2322865" lon="9.3400415">
        <ele>1443.4</ele>
        <time>2026-09-03T13:16:45Z</time>
        <hdop>4.6</hdop>
        <extensions>
          <osmand:speed>1.2</osmand:speed>
        </extensions>
      </trkpt>
      <trkpt lat="47.2322956" lon="9.3399921">
        <ele>1440.4</ele>
        <time>2026-09-03T13:16:51Z</time>
        <hdop>5.1</hdop>
        <extensions>
          <osmand:speed>0.6</osmand:speed>
        </extensions>
      </trkpt>
      <trkpt lat="47.2322627" lon="9.3399562">
        <ele>1438.4</ele>
        <time>2026-09-03T13:16:57Z</time>
        <hdop>4.6</hdop>
        <extensions>
          <osmand:speed>0.7</osmand:speed>
        </extensions>
      </trkpt>
      <trkpt lat="47.2322441" lon="9.3398901">
        <ele>1437.4</ele>
        <time>2026-09-03T13:17:03Z</time>
        <hdop>4.1</hdop>
        <extensions>
          <osmand:speed>0.6</osmand:speed>
        </extensions>
      </trkpt>
      <trkpt lat="47.2322141" lon="9.3398478">
        <ele>1436.4</ele>
        <time>2026-09-03T13:17:09Z</time>
        <hdop>4.6</hdop>
        <extensions>
          <osmand:speed>0.8</osmand:speed>
        </extensions>
      </trkpt>
      <trkpt lat="47.2321804" lon="9.3398066">
        <ele>1434.4</ele>
        <time>2026-09-03T13:17:15Z</time>
        <hdop>4.6</hdop>
        <extensions>
          <osmand:speed>1.1</osmand:speed>
        </extensions>
      </trkpt>
      <trkpt lat="47.2321387" lon="9.3397996">
        <ele>1431.4</ele>
        <time>2026-09-03T13:17:21Z</time>
        <hdop>4.6</hdop>
        <extensions>
          <osmand:speed>0.8</osmand:speed>
        </extensions>
      </trkpt>
      <trkpt lat="47.2321207" lon="9.3397377">
        <ele>1428.4</ele>
        <time>2026-09-03T13:17:27Z</time>
        <hdop>4.6</hdop>
        <extensions>
          <osmand:speed>0.6</osmand:speed>
        </extensions>
      </trkpt>
      <trkpt lat="47.2321104" lon="9.3396982">
        <ele>1427.4</ele>
        <time>2026-09-03T13:17:33Z</time>
        <hdop>4.6</hdop>
        <extensions>
          <osmand:speed>0.4</osmand:speed>
        </extensions>
      </trkpt>
      <trkpt lat="47.2320977" lon="9.3396713">
        <ele>1426.4</ele>
        <time>2026-09-03T13:17:40Z</time>
        <hdop>6.1</hdop>
        <extensions>
          <osmand:speed>0.9</osmand:speed>
        </extensions>
      </trkpt>
      <trkpt lat="47.2320898" lon="9.3396097">
        <ele>1426.4</ele>
        <time>2026-09-03T13:17:46Z</time>
        <hdop>4.6</hdop>
        <extensions>
          <osmand:speed>0.6</osmand:speed>
        </extensions>
      </trkpt>
      <trkpt lat="47.2320951" lon="9.339563">
        <ele>1424.4</ele>
        <time>2026-09-03T13:17:52Z</time>
        <hdop>6.1</hdop>
        <extensions>
          <osmand:speed>0.8</osmand:speed>
        </extensions>
      </trkpt>
      <trkpt lat="47.2320938" lon="9.3394965">
        <ele>1425.4</ele>
        <time>2026-09-03T13:17:58Z</time>
        <hdop>5.6</hdop>
        <extensions>
          <osmand:speed>0.5</osmand:speed>
        </extensions>
      </trkpt>
      <trkpt lat="47.232077" lon="9.339478">
        <ele>1424.4</ele>
        <time>2026-09-03T13:18:04Z</time>
        <hdop>4.6</hdop>
      </trkpt>
      <trkpt lat="47.2320533" lon="9.3394636">
        <ele>1424.4</ele>
        <time>2026-09-03T13:18:14Z</time>
        <hdop>4.6</hdop>
        <extensions>
          <osmand:speed>1.1</osmand:speed>
        </extensions>
      </trkpt>
      <trkpt lat="47.2320395" lon="9.3394315">
        <ele>1424.4</ele>
        <time>2026-09-03T13:18:20Z</time>
        <hdop>5.6</hdop>
        <extensions>
          <osmand:speed>0.6</osmand:speed>
        </extensions>
      </trkpt>
      <trkpt lat="47.2319986" lon="9.3394017">
        <ele>1424.4</ele>
        <time>2026-09-03T13:18:26Z</time>
        <hdop>4.6</hdop>
        <extensions>
          <osmand:speed>0.8</osmand:speed>
        </extensions>
      </trkpt>
      <trkpt lat="47.2320035" lon="9.3393265">
        <ele>1423.4</ele>
        <time>2026-09-03T13:18:32Z</time>
        <hdop>4.6</hdop>
        <extensions>
          <osmand:speed>0.8</osmand:speed>
        </extensions>
      </trkpt>
      <trkpt lat="47.2319981" lon="9.3392565">
        <ele>1419.4</ele>
        <time>2026-09-03T13:18:38Z</time>
        <hdop>4.6</hdop>
        <extensions>
          <osmand:speed>0.8</osmand:speed>
        </extensions>
      </trkpt>
      <trkpt lat="47.2319716" lon="9.3391771">
        <ele>1418.4</ele>
        <time>2026-09-03T13:18:44Z</time>
        <hdop>4.6</hdop>
        <extensions>
          <osmand:speed>1.3</osmand:speed>
        </extensions>
      </trkpt>
      <trkpt lat="47.2319193" lon="9.3391487">
        <ele>1417.4</ele>
        <time>2026-09-03T13:18:50Z</time>
        <hdop>4.6</hdop>
        <extensions>
          <osmand:speed>1.1</osmand:speed>
        </extensions>
      </trkpt>
      <trkpt lat="47.2318716" lon="9.3391358">
        <ele>1415.4</ele>
        <time>2026-09-03T13:18:56Z</time>
        <hdop>5.1</hdop>
        <extensions>
          <osmand:speed>0.7</osmand:speed>
        </extensions>
      </trkpt>
      <trkpt lat="47.2318276" lon="9.3390925">
        <ele>1413.4</ele>
        <time>2026-09-03T13:19:02Z</time>
        <hdop>4.6</hdop>
        <extensions>
          <osmand:speed>1.1</osmand:speed>
        </extensions>
      </trkpt>
      <trkpt lat="47.2317776" lon="9.3390549">
        <ele>1411.4</ele>
        <time>2026-09-03T13:19:08Z</time>
        <hdop>4.6</hdop>
        <extensions>
          <osmand:speed>0.8</osmand:speed>
        </extensions>
      </trkpt>
      <trkpt lat="47.2317295" lon="9.3390024">
        <ele>1409.4</ele>
        <time>2026-09-03T13:19:14Z</time>
        <hdop>4.6</hdop>
        <extensions>
          <osmand:speed>1.1</osmand:speed>
        </extensions>
      </trkpt>
      <trkpt lat="47.2316913" lon="9.3389661">
        <ele>1408.4</ele>
        <time>2026-09-03T13:19:20Z</time>
        <hdop>5.1</hdop>
        <extensions>
          <osmand:speed>1</osmand:speed>
        </extensions>
      </trkpt>
      <trkpt lat="47.2316549" lon="9.3389162">
        <ele>1406.4</ele>
        <time>2026-09-03T13:19:26Z</time>
        <hdop>4.1</hdop>
        <extensions>
          <osmand:speed>0.9</osmand:speed>
        </extensions>
      </trkpt>
      <trkpt lat="47.2316248" lon="9.3388604">
        <ele>1405.4</ele>
        <time>2026-09-03T13:19:32Z</time>
        <hdop>4.1</hdop>
        <extensions>
          <osmand:speed>0.8</osmand:speed>
        </extensions>
      </trkpt>
      <trkpt lat="47.2315848" lon="9.3388169">
        <ele>1403.4</ele>
        <time>2026-09-03T13:19:38Z</time>
        <hdop>4.6</hdop>
        <extensions>
          <osmand:speed>1.3</osmand:speed>
        </extensions>
      </trkpt>
      <trkpt lat="47.2315572" lon="9.3387502">
        <ele>1401.4</ele>
        <time>2026-09-03T13:19:44Z</time>
        <hdop>5.6</hdop>
        <extensions>
          <osmand:speed>0.4</osmand:speed>
        </extensions>
      </trkpt>
      <trkpt lat="47.2315115" lon="9.3387129">
        <ele>1399.4</ele>
        <time>2026-09-03T13:19:50Z</time>
        <hdop>4.1</hdop>
        <extensions>
          <osmand:speed>1</osmand:speed>
        </extensions>
      </trkpt>
      <trkpt lat="47.2314687" lon="9.3386973">
        <ele>1398.4</ele>
        <time>2026-09-03T13:19:56Z</time>
        <hdop>5.6</hdop>
        <extensions>
          <osmand:speed>1.1</osmand:speed>
        </extensions>
      </trkpt>
      <trkpt lat="47.2314145" lon="9.3387636">
        <ele>1396.4</ele>
        <time>2026-09-03T13:20:02Z</time>
        <hdop>5.1</hdop>
        <extensions>
          <osmand:speed>1.4</osmand:speed>
        </extensions>
      </trkpt>
      <trkpt lat="47.2313717" lon="9.3386603">
        <ele>1395.4</ele>
        <time>2026-09-03T13:20:08Z</time>
        <hdop>4.6</hdop>
        <extensions>
          <osmand:speed>0.8</osmand:speed>
        </extensions>
      </trkpt>
      <trkpt lat="47.2313407" lon="9.338624">
        <ele>1392.4</ele>
        <time>2026-09-03T13:20:14Z</time>
        <hdop>6.1</hdop>
        <extensions>
          <osmand:speed>0.4</osmand:speed>
        </extensions>
      </trkpt>
      <trkpt lat="47.2313086" lon="9.338597">
        <ele>1390.4</ele>
        <time>2026-09-03T13:20:20Z</time>
        <hdop>7.1</hdop>
        <extensions>
          <osmand:speed>0.4</osmand:speed>
        </extensions>
      </trkpt>
      <trkpt lat="47.2312694" lon="9.3386016">
        <ele>1389.4</ele>
        <time>2026-09-03T13:20:26Z</time>
        <hdop>5.1</hdop>
        <extensions>
          <osmand:speed>0.9</osmand:speed>
        </extensions>
      </trkpt>
      <trkpt lat="47.2312431" lon="9.338588">
        <ele>1387.4</ele>
        <time>2026-09-03T13:20:32Z</time>
        <hdop>5.1</hdop>
        <extensions>
          <osmand:speed>1</osmand:speed>
        </extensions>
      </trkpt>
      <trkpt lat="47.2312032" lon="9.3385602">
        <ele>1385.4</ele>
        <time>2026-09-03T13:20:38Z</time>
        <hdop>4.6</hdop>
        <extensions>
          <osmand:speed>0.6</osmand:speed>
        </extensions>
      </trkpt>
      <trkpt lat="47.2311613" lon="9.3385034">
        <ele>1385.4</ele>
        <time>2026-09-03T13:20:44Z</time>
        <hdop>5.1</hdop>
        <extensions>
          <osmand:speed>0.9</osmand:speed>
        </extensions>
      </trkpt>
      <trkpt lat="47.2311203" lon="9.3384713">
        <ele>1384.4</ele>
        <time>2026-09-03T13:20:50Z</time>
        <hdop>4.6</hdop>
        <extensions>
          <osmand:speed>0.8</osmand:speed>
        </extensions>
      </trkpt>
      <trkpt lat="47.2310863" lon="9.3384253">
        <ele>1383.4</ele>
        <time>2026-09-03T13:20:56Z</time>
        <hdop>5.1</hdop>
        <extensions>
          <osmand:speed>0.9</osmand:speed>
        </extensions>
      </trkpt>
      <trkpt lat="47.2310338" lon="9.3383634">
        <ele>1382.4</ele>
        <time>2026-09-03T13:21:02Z</time>
        <hdop>5.1</hdop>
        <extensions>
          <osmand:speed>1.4</osmand:speed>
        </extensions>
      </trkpt>
      <trkpt lat="47.2309949" lon="9.3383221">
        <ele>1382.4</ele>
        <time>2026-09-03T13:21:08Z</time>
        <hdop>5.1</hdop>
        <extensions>
          <osmand:speed>1</osmand:speed>
        </extensions>
      </trkpt>
      <trkpt lat="47.2309569" lon="9.3382549">
        <ele>1380.4</ele>
        <time>2026-09-03T13:21:14Z</time>
        <hdop>5.1</hdop>
        <extensions>
          <osmand:speed>1.2</osmand:speed>
        </extensions>
      </trkpt>
      <trkpt lat="47.2309289" lon="9.338184">
        <ele>1378.4</ele>
        <time>2026-09-03T13:21:20Z</time>
        <hdop>4.6</hdop>
        <extensions>
          <osmand:speed>1.2</osmand:speed>
        </extensions>
      </trkpt>
      <trkpt lat="47.2309278" lon="9.3380894">
        <ele>1376.4</ele>
        <time>2026-09-03T13:21:26Z</time>
        <hdop>4.6</hdop>
        <extensions>
          <osmand:speed>1.4</osmand:speed>
        </extensions>
      </trkpt>
      <trkpt lat="47.2309124" lon="9.3380281">
        <ele>1374.4</ele>
        <time>2026-09-03T13:21:32Z</time>
        <hdop>4.6</hdop>
        <extensions>
          <osmand:speed>0.9</osmand:speed>
        </extensions>
      </trkpt>
      <trkpt lat="47.2308911" lon="9.3379603">
        <ele>1374.4</ele>
        <time>2026-09-03T13:21:38Z</time>
        <hdop>4.6</hdop>
        <extensions>
          <osmand:speed>0.8</osmand:speed>
        </extensions>
      </trkpt>
      <trkpt lat="47.2308581" lon="9.3379048">
        <ele>1372.4</ele>
        <time>2026-09-03T13:21:44Z</time>
        <hdop>5.6</hdop>
        <extensions>
          <osmand:speed>0.7</osmand:speed>
        </extensions>
      </trkpt>
      <trkpt lat="47.2308336" lon="9.3378237">
        <ele>1370.4</ele>
        <time>2026-09-03T13:21:50Z</time>
        <hdop>5.1</hdop>
        <extensions>
          <osmand:speed>0.8</osmand:speed>
        </extensions>
      </trkpt>
      <trkpt lat="47.2308052" lon="9.3377591">
        <ele>1369.4</ele>
        <time>2026-09-03T13:21:56Z</time>
        <hdop>5.1</hdop>
        <extensions>
          <osmand:speed>0.9</osmand:speed>
        </extensions>
      </trkpt>
      <trkpt lat="47.230773" lon="9.3377021">
        <ele>1369.4</ele>
        <time>2026-09-03T13:22:02Z</time>
        <hdop>6.1</hdop>
        <extensions>
          <osmand:speed>0.9</osmand:speed>
        </extensions>
      </trkpt>
      <trkpt lat="47.2307475" lon="9.3376244">
        <ele>1368.4</ele>
        <time>2026-09-03T13:22:08Z</time>
        <hdop>5.6</hdop>
        <extensions>
          <osmand:speed>1.1</osmand:speed>
        </extensions>
      </trkpt>
      <trkpt lat="47.2307226" lon="9.3375362">
        <ele>1367.4</ele>
        <time>2026-09-03T13:22:14Z</time>
        <hdop>5.6</hdop>
        <extensions>
          <osmand:speed>1</osmand:speed>
        </extensions>
      </trkpt>
      <trkpt lat="47.2306902" lon="9.3374844">
        <ele>1365.4</ele>
        <time>2026-09-03T13:22:20Z</time>
        <hdop>6.1</hdop>
        <extensions>
          <osmand:speed>0.9</osmand:speed>
        </extensions>
      </trkpt>
      <trkpt lat="47.230645" lon="9.3374199">
        <ele>1365.4</ele>
        <time>2026-09-03T13:22:26Z</time>
        <hdop>5.1</hdop>
        <extensions>
          <osmand:speed>1.1</osmand:speed>
        </extensions>
      </trkpt>
      <trkpt lat="47.2305902" lon="9.3373561">
        <ele>1365.4</ele>
        <time>2026-09-03T13:22:32Z</time>
        <hdop>5.6</hdop>
        <extensions>
          <osmand:speed>1.2</osmand:speed>
        </extensions>
      </trkpt>
      <trkpt lat="47.230544" lon="9.3373768">
        <ele>1364.4</ele>
        <time>2026-09-03T13:22:38Z</time>
        <hdop>6.1</hdop>
        <extensions>
          <osmand:speed>1</osmand:speed>
        </extensions>
      </trkpt>
      <trkpt lat="47.2305289" lon="9.337454">
        <ele>1363.4</ele>
        <time>2026-09-03T13:22:44Z</time>
        <hdop>6.1</hdop>
        <extensions>
          <osmand:speed>1.1</osmand:speed>
        </extensions>
      </trkpt>
      <trkpt lat="47.2305205" lon="9.3375105">
        <ele>1361.4</ele>
        <time>2026-09-03T13:22:50Z</time>
        <hdop>8.7</hdop>
        <extensions>
          <osmand:speed>0.8</osmand:speed>
        </extensions>
      </trkpt>
      <trkpt lat="47.2304988" lon="9.3375873">
        <ele>1361.4</ele>
        <time>2026-09-03T13:22:56Z</time>
        <hdop>10.7</hdop>
        <extensions>
          <osmand:speed>1.1</osmand:speed>
        </extensions>
      </trkpt>
      <trkpt lat="47.2304847" lon="9.3376399">
        <ele>1361.4</ele>
        <time>2026-09-03T13:23:02Z</time>
        <hdop>9.7</hdop>
        <extensions>
          <osmand:speed>0.5</osmand:speed>
        </extensions>
      </trkpt>
      <trkpt lat="47.230473" lon="9.337693">
        <ele>1361.4</ele>
        <time>2026-09-03T13:23:08Z</time>
        <hdop>10.2</hdop>
        <extensions>
          <osmand:speed>0.6</osmand:speed>
        </extensions>
      </trkpt>
      <trkpt lat="47.2304516" lon="9.3377772">
        <ele>1361.4</ele>
        <time>2026-09-03T13:23:14Z</time>
        <hdop>12.2</hdop>
        <extensions>
          <osmand:speed>0.8</osmand:speed>
        </extensions>
      </trkpt>
      <trkpt lat="47.2304556" lon="9.3378465">
        <ele>1360.4</ele>
        <time>2026-09-03T13:23:20Z</time>
        <hdop>12.8</hdop>
        <extensions>
          <osmand:speed>0.6</osmand:speed>
        </extensions>
      </trkpt>
      <trkpt lat="47.2304616" lon="9.3379376">
        <ele>1359.4</ele>
        <time>2026-09-03T13:23:26Z</time>
        <hdop>13.3</hdop>
        <extensions>
          <osmand:speed>1</osmand:speed>
        </extensions>
      </trkpt>
      <trkpt lat="47.2304593" lon="9.3380099">
        <ele>1358.4</ele>
        <time>2026-09-03T13:23:32Z</time>
        <hdop>8.2</hdop>
        <extensions>
          <osmand:speed>0.6</osmand:speed>
        </extensions>
      </trkpt>
      <trkpt lat="47.2304609" lon="9.3380909">
        <ele>1357.4</ele>
        <time>2026-09-03T13:23:38Z</time>
        <hdop>10.2</hdop>
        <extensions>
          <osmand:speed>0.7</osmand:speed>
        </extensions>
      </trkpt>
      <trkpt lat="47.2304529" lon="9.3381808">
        <ele>1355.4</ele>
        <time>2026-09-03T13:23:44Z</time>
        <hdop>11.7</hdop>
        <extensions>
          <osmand:speed>1</osmand:speed>
        </extensions>
      </trkpt>
      <trkpt lat="47.2304461" lon="9.338272">
        <ele>1354.4</ele>
        <time>2026-09-03T13:23:50Z</time>
        <hdop>8.7</hdop>
        <extensions>
          <osmand:speed>0.5</osmand:speed>
        </extensions>
      </trkpt>
      <trkpt lat="47.2304153" lon="9.3383433">
        <ele>1353.4</ele>
        <time>2026-09-03T13:23:56Z</time>
        <hdop>8.7</hdop>
        <extensions>
          <osmand:speed>0.5</osmand:speed>
        </extensions>
      </trkpt>
      <trkpt lat="47.2303481" lon="9.3384304">
        <ele>1352.4</ele>
        <time>2026-09-03T13:24:02Z</time>
        <hdop>6.6</hdop>
        <extensions>
          <osmand:speed>0.5</osmand:speed>
        </extensions>
      </trkpt>
      <trkpt lat="47.2302849" lon="9.3384447">
        <ele>1350.4</ele>
        <time>2026-09-03T13:24:08Z</time>
        <hdop>8.2</hdop>
        <extensions>
          <osmand:speed>0.1</osmand:speed>
        </extensions>
      </trkpt>
      <trkpt lat="47.2302184" lon="9.3384132">
        <ele>1348.4</ele>
        <time>2026-09-03T13:24:14Z</time>
        <hdop>5.6</hdop>
        <extensions>
          <osmand:speed>0.9</osmand:speed>
        </extensions>
      </trkpt>
      <trkpt lat="47.230167" lon="9.3383667">
        <ele>1347.4</ele>
        <time>2026-09-03T13:24:20Z</time>
        <hdop>5.6</hdop>
        <extensions>
          <osmand:speed>1.2</osmand:speed>
        </extensions>
      </trkpt>
      <trkpt lat="47.230125" lon="9.3383055">
        <ele>1347.4</ele>
        <time>2026-09-03T13:24:26Z</time>
        <hdop>5.1</hdop>
        <extensions>
          <osmand:speed>0.9</osmand:speed>
        </extensions>
      </trkpt>
      <trkpt lat="47.2300715" lon="9.338264">
        <ele>1346.4</ele>
        <time>2026-09-03T13:24:32Z</time>
        <hdop>5.1</hdop>
        <extensions>
          <osmand:speed>1</osmand:speed>
        </extensions>
      </trkpt>
      <trkpt lat="47.2300264" lon="9.3382077">
        <ele>1345.4</ele>
        <time>2026-09-03T13:24:38Z</time>
        <hdop>5.6</hdop>
        <extensions>
          <osmand:speed>1.3</osmand:speed>
        </extensions>
      </trkpt>
      <trkpt lat="47.2299639" lon="9.338169">
        <ele>1344.4</ele>
        <time>2026-09-03T13:24:44Z</time>
        <hdop>6.1</hdop>
        <extensions>
          <osmand:speed>0.8</osmand:speed>
        </extensions>
      </trkpt>
      <trkpt lat="47.2299276" lon="9.3381364">
        <ele>1343.4</ele>
        <time>2026-09-03T13:24:50Z</time>
        <hdop>6.1</hdop>
        <extensions>
          <osmand:speed>0.7</osmand:speed>
        </extensions>
      </trkpt>
      <trkpt lat="47.22988" lon="9.3380795">
        <ele>1341.4</ele>
        <time>2026-09-03T13:24:56Z</time>
        <hdop>5.6</hdop>
        <extensions>
          <osmand:speed>0.8</osmand:speed>
        </extensions>
      </trkpt>
      <trkpt lat="47.2298327" lon="9.3380565">
        <ele>1340.4</ele>
        <time>2026-09-03T13:25:02Z</time>
        <hdop>5.6</hdop>
        <extensions>
          <osmand:speed>0.9</osmand:speed>
        </extensions>
      </trkpt>
      <trkpt lat="47.2297897" lon="9.3380141">
        <ele>1339.4</ele>
        <time>2026-09-03T13:25:08Z</time>
        <hdop>5.6</hdop>
        <extensions>
          <osmand:speed>1.1</osmand:speed>
        </extensions>
      </trkpt>
      <trkpt lat="47.2297469" lon="9.3379863">
        <ele>1339.4</ele>
        <time>2026-09-03T13:25:14Z</time>
        <hdop>4.6</hdop>
        <extensions>
          <osmand:speed>0.7</osmand:speed>
        </extensions>
      </trkpt>
      <trkpt lat="47.2296986" lon="9.3379524">
        <ele>1338.4</ele>
        <time>2026-09-03T13:25:20Z</time>
        <hdop>5.6</hdop>
        <extensions>
          <osmand:speed>0.4</osmand:speed>
        </extensions>
      </trkpt>
      <trkpt lat="47.2296506" lon="9.3378915">
        <ele>1337.4</ele>
        <time>2026-09-03T13:25:26Z</time>
        <hdop>5.1</hdop>
        <extensions>
          <osmand:speed>1</osmand:speed>
        </extensions>
      </trkpt>
      <trkpt lat="47.2295891" lon="9.3378358">
        <ele>1337.4</ele>
        <time>2026-09-03T13:25:32Z</time>
        <hdop>4.6</hdop>
        <extensions>
          <osmand:speed>1.2</osmand:speed>
        </extensions>
      </trkpt>
      <trkpt lat="47.229525" lon="9.3377975">
        <ele>1335.4</ele>
        <time>2026-09-03T13:25:38Z</time>
        <hdop>4.6</hdop>
        <extensions>
          <osmand:speed>1.2</osmand:speed>
        </extensions>
      </trkpt>
      <trkpt lat="47.2294763" lon="9.3377431">
        <ele>1334.4</ele>
        <time>2026-09-03T13:25:44Z</time>
        <hdop>4.6</hdop>
        <extensions>
          <osmand:speed>1.2</osmand:speed>
        </extensions>
      </trkpt>
      <trkpt lat="47.2294228" lon="9.3376881">
        <ele>1333.4</ele>
        <time>2026-09-03T13:25:50Z</time>
        <hdop>4.6</hdop>
        <extensions>
          <osmand:speed>1.1</osmand:speed>
        </extensions>
      </trkpt>
      <trkpt lat="47.2293736" lon="9.3376376">
        <ele>1332.4</ele>
        <time>2026-09-03T13:25:56Z</time>
        <hdop>5.1</hdop>
        <extensions>
          <osmand:speed>1</osmand:speed>
        </extensions>
      </trkpt>
      <trkpt lat="47.2293268" lon="9.3375889">
        <ele>1331.4</ele>
        <time>2026-09-03T13:26:02Z</time>
        <hdop>5.1</hdop>
        <extensions>
          <osmand:speed>0.8</osmand:speed>
        </extensions>
      </trkpt>
      <trkpt lat="47.2292816" lon="9.337545">
        <ele>1330.4</ele>
        <time>2026-09-03T13:26:08Z</time>
        <hdop>5.1</hdop>
        <extensions>
          <osmand:speed>0.9</osmand:speed>
        </extensions>
      </trkpt>
      <trkpt lat="47.2292243" lon="9.3375307">
        <ele>1330.4</ele>
        <time>2026-09-03T13:26:14Z</time>
        <hdop>5.6</hdop>
        <extensions>
          <osmand:speed>0.9</osmand:speed>
        </extensions>
      </trkpt>
      <trkpt lat="47.2291649" lon="9.3374618">
        <ele>1330.4</ele>
        <time>2026-09-03T13:26:20Z</time>
        <hdop>5.1</hdop>
        <extensions>
          <osmand:speed>0.9</osmand:speed>
        </extensions>
      </trkpt>
      <trkpt lat="47.2291194" lon="9.3374094">
        <ele>1328.4</ele>
        <time>2026-09-03T13:26:26Z</time>
        <hdop>5.1</hdop>
        <extensions>
          <osmand:speed>1.2</osmand:speed>
        </extensions>
      </trkpt>
      <trkpt lat="47.2290794" lon="9.3373559">
        <ele>1327.4</ele>
        <time>2026-09-03T13:26:32Z</time>
        <hdop>4.6</hdop>
        <extensions>
          <osmand:speed>1</osmand:speed>
        </extensions>
      </trkpt>
      <trkpt lat="47.2290353" lon="9.3372949">
        <ele>1326.4</ele>
        <time>2026-09-03T13:26:38Z</time>
        <hdop>6.1</hdop>
        <extensions>
          <osmand:speed>1.1</osmand:speed>
        </extensions>
      </trkpt>
      <trkpt lat="47.2289952" lon="9.3372559">
        <ele>1324.4</ele>
        <time>2026-09-03T13:26:44Z</time>
        <hdop>5.1</hdop>
        <extensions>
          <osmand:speed>1</osmand:speed>
        </extensions>
      </trkpt>
      <trkpt lat="47.2289639" lon="9.3372153">
        <ele>1323.4</ele>
        <time>2026-09-03T13:26:50Z</time>
        <hdop>5.6</hdop>
        <extensions>
          <osmand:speed>0.9</osmand:speed>
        </extensions>
      </trkpt>
      <trkpt lat="47.2289167" lon="9.3371969">
        <ele>1321.4</ele>
        <time>2026-09-03T13:26:56Z</time>
        <hdop>7.7</hdop>
        <extensions>
          <osmand:speed>1.2</osmand:speed>
        </extensions>
      </trkpt>
      <trkpt lat="47.2288672" lon="9.3371301">
        <ele>1320.4</ele>
        <time>2026-09-03T13:27:02Z</time>
        <hdop>5.6</hdop>
        <extensions>
          <osmand:speed>1.1</osmand:speed>
        </extensions>
      </trkpt>
      <trkpt lat="47.2288297" lon="9.3371002">
        <ele>1319.4</ele>
        <time>2026-09-03T13:27:08Z</time>
        <hdop>5.6</hdop>
        <extensions>
          <osmand:speed>0.8</osmand:speed>
        </extensions>
      </trkpt>
      <trkpt lat="47.2287898" lon="9.3370861">
        <ele>1318.4</ele>
        <time>2026-09-03T13:27:14Z</time>
        <hdop>5.6</hdop>
        <extensions>
          <osmand:speed>0.3</osmand:speed>
        </extensions>
      </trkpt>
      <trkpt lat="47.2287662" lon="9.3370698">
        <ele>1316.4</ele>
        <time>2026-09-03T13:27:20Z</time>
        <hdop>5.1</hdop>
        <extensions>
          <osmand:speed>0.3</osmand:speed>
        </extensions>
      </trkpt>
      <trkpt lat="47.2287591" lon="9.3370387">
        <ele>1316.4</ele>
        <time>2026-09-03T13:27:27Z</time>
        <hdop>7.7</hdop>
        <extensions>
          <osmand:speed>0.4</osmand:speed>
        </extensions>
      </trkpt>
      <trkpt lat="47.2287413" lon="9.3370193">
        <ele>1316.4</ele>
        <time>2026-09-03T13:27:39Z</time>
        <hdop>4.6</hdop>
        <extensions>
          <osmand:speed>0.9</osmand:speed>
        </extensions>
      </trkpt>
      <trkpt lat="47.2287045" lon="9.3369864">
        <ele>1315.4</ele>
        <time>2026-09-03T13:27:45Z</time>
        <hdop>5.6</hdop>
        <extensions>
          <osmand:speed>1.1</osmand:speed>
        </extensions>
      </trkpt>
      <trkpt lat="47.2286696" lon="9.3369561">
        <ele>1315.4</ele>
        <time>2026-09-03T13:27:51Z</time>
        <hdop>6.6</hdop>
        <extensions>
          <osmand:speed>0.8</osmand:speed>
        </extensions>
      </trkpt>
      <trkpt lat="47.2286277" lon="9.3369276">
        <ele>1314.4</ele>
        <time>2026-09-03T13:27:57Z</time>
        <hdop>6.6</hdop>
        <extensions>
          <osmand:speed>0.6</osmand:speed>
        </extensions>
      </trkpt>
      <trkpt lat="47.2285928" lon="9.3369014">
        <ele>1314.4</ele>
        <time>2026-09-03T13:28:03Z</time>
        <hdop>4.6</hdop>
      </trkpt>
      <trkpt lat="47.2286048" lon="9.3368781">
        <ele>1313.4</ele>
        <time>2026-09-03T13:28:13Z</time>
        <hdop>5.1</hdop>
        <extensions>
          <osmand:speed>0.7</osmand:speed>
        </extensions>
      </trkpt>
      <trkpt lat="47.2285815" lon="9.336898">
        <ele>1313.4</ele>
        <time>2026-09-03T13:28:19Z</time>
        <hdop>5.1</hdop>
      </trkpt>
      <trkpt lat="47.2285631" lon="9.336897">
        <ele>1311.4</ele>
        <time>2026-09-03T13:28:38Z</time>
        <hdop>6.6</hdop>
        <extensions>
          <osmand:speed>0.2</osmand:speed>
        </extensions>
      </trkpt>
      <trkpt lat="47.2285256" lon="9.3368723">
        <ele>1310.4</ele>
        <time>2026-09-03T13:28:44Z</time>
        <hdop>6.1</hdop>
        <extensions>
          <osmand:speed>0.9</osmand:speed>
        </extensions>
      </trkpt>
      <trkpt lat="47.228474" lon="9.3368556">
        <ele>1311.4</ele>
        <time>2026-09-03T13:28:50Z</time>
        <hdop>4.6</hdop>
        <extensions>
          <osmand:speed>0.8</osmand:speed>
        </extensions>
      </trkpt>
      <trkpt lat="47.2284348" lon="9.3368277">
        <ele>1311.4</ele>
        <time>2026-09-03T13:28:56Z</time>
        <hdop>6.6</hdop>
        <extensions>
          <osmand:speed>0.9</osmand:speed>
        </extensions>
      </trkpt>
      <trkpt lat="47.2283999" lon="9.3367703">
        <ele>1310.4</ele>
        <time>2026-09-03T13:29:02Z</time>
        <hdop>5.6</hdop>
        <extensions>
          <osmand:speed>0.8</osmand:speed>
        </extensions>
      </trkpt>
      <trkpt lat="47.2283672" lon="9.336717">
        <ele>1310.4</ele>
        <time>2026-09-03T13:29:08Z</time>
        <hdop>6.6</hdop>
        <extensions>
          <osmand:speed>0.4</osmand:speed>
        </extensions>
      </trkpt>
      <trkpt lat="47.2283488" lon="9.3366929">
        <ele>1309.4</ele>
        <time>2026-09-03T13:29:16Z</time>
        <hdop>6.1</hdop>
        <extensions>
          <osmand:speed>0.8</osmand:speed>
        </extensions>
      </trkpt>
      <trkpt lat="47.228329" lon="9.3366259">
        <ele>1308.4</ele>
        <time>2026-09-03T13:29:22Z</time>
        <hdop>6.1</hdop>
        <extensions>
          <osmand:speed>0.6</osmand:speed>
        </extensions>
      </trkpt>
      <trkpt lat="47.2282977" lon="9.3365884">
        <ele>1305.4</ele>
        <time>2026-09-03T13:29:28Z</time>
        <hdop>5.1</hdop>
        <extensions>
          <osmand:speed>0.8</osmand:speed>
        </extensions>
      </trkpt>
      <trkpt lat="47.2282482" lon="9.336564">
        <ele>1304.4</ele>
        <time>2026-09-03T13:29:34Z</time>
        <hdop>5.6</hdop>
        <extensions>
          <osmand:speed>0.6</osmand:speed>
        </extensions>
      </trkpt>
      <trkpt lat="47.2282057" lon="9.3365071">
        <ele>1304.4</ele>
        <time>2026-09-03T13:29:40Z</time>
        <hdop>5.6</hdop>
        <extensions>
          <osmand:speed>0.8</osmand:speed>
        </extensions>
      </trkpt>
      <trkpt lat="47.2281681" lon="9.3364789">
        <ele>1302.4</ele>
        <time>2026-09-03T13:29:46Z</time>
        <hdop>6.1</hdop>
        <extensions>
          <osmand:speed>0.5</osmand:speed>
        </extensions>
      </trkpt>
      <trkpt lat="47.2281356" lon="9.3364422">
        <ele>1301.4</ele>
        <time>2026-09-03T13:29:52Z</time>
        <hdop>6.6</hdop>
        <extensions>
          <osmand:speed>0.5</osmand:speed>
        </extensions>
      </trkpt>
      <trkpt lat="47.2280987" lon="9.3364152">
        <ele>1301.4</ele>
        <time>2026-09-03T13:29:58Z</time>
        <hdop>7.7</hdop>
        <extensions>
          <osmand:speed>0.9</osmand:speed>
        </extensions>
      </trkpt>
      <trkpt lat="47.228056" lon="9.336396">
        <ele>1300.4</ele>
        <time>2026-09-03T13:30:04Z</time>
        <hdop>8.2</hdop>
        <extensions>
          <osmand:speed>0.6</osmand:speed>
        </extensions>
      </trkpt>
      <trkpt lat="47.2280157" lon="9.3363481">
        <ele>1299.4</ele>
        <time>2026-09-03T13:30:10Z</time>
        <hdop>8.7</hdop>
        <extensions>
          <osmand:speed>0.7</osmand:speed>
        </extensions>
      </trkpt>
      <trkpt lat="47.22797" lon="9.3363067">
        <ele>1298.4</ele>
        <time>2026-09-03T13:30:16Z</time>
        <hdop>8.2</hdop>
        <extensions>
          <osmand:speed>0.7</osmand:speed>
        </extensions>
      </trkpt>
      <trkpt lat="47.2279177" lon="9.3362948">
        <ele>1297.4</ele>
        <time>2026-09-03T13:30:23Z</time>
        <hdop>9.7</hdop>
        <extensions>
          <osmand:speed>0.7</osmand:speed>
        </extensions>
      </trkpt>
      <trkpt lat="47.2278742" lon="9.3362502">
        <ele>1296.4</ele>
        <time>2026-09-03T13:30:29Z</time>
        <hdop>8.7</hdop>
        <extensions>
          <osmand:speed>0.6</osmand:speed>
        </extensions>
      </trkpt>
      <trkpt lat="47.2278263" lon="9.3362268">
        <ele>1296.4</ele>
        <time>2026-09-03T13:30:35Z</time>
        <hdop>6.6</hdop>
        <extensions>
          <osmand:speed>0.4</osmand:speed>
        </extensions>
      </trkpt>
      <trkpt lat="47.2278001" lon="9.3361678">
        <ele>1295.4</ele>
        <time>2026-09-03T13:30:41Z</time>
        <hdop>7.7</hdop>
        <extensions>
          <osmand:speed>0.8</osmand:speed>
        </extensions>
      </trkpt>
      <trkpt lat="47.2277757" lon="9.3361341">
        <ele>1294.4</ele>
        <time>2026-09-03T13:30:47Z</time>
        <hdop>10.7</hdop>
        <extensions>
          <osmand:speed>0.4</osmand:speed>
        </extensions>
      </trkpt>
      <trkpt lat="47.2277504" lon="9.3361131">
        <ele>1292.4</ele>
        <time>2026-09-03T13:30:53Z</time>
        <hdop>13.8</hdop>
        <extensions>
          <osmand:speed>0</osmand:speed>
        </extensions>
      </trkpt>
      <trkpt lat="47.2277088" lon="9.3360754">
        <ele>1291.4</ele>
        <time>2026-09-03T13:30:59Z</time>
        <hdop>11.2</hdop>
        <extensions>
          <osmand:speed>0.2</osmand:speed>
        </extensions>
      </trkpt>
      <trkpt lat="47.2276945" lon="9.3360109">
        <ele>1290.4</ele>
        <time>2026-09-03T13:31:05Z</time>
        <hdop>7.7</hdop>
        <extensions>
          <osmand:speed>0.6</osmand:speed>
        </extensions>
      </trkpt>
      <trkpt lat="47.2276535" lon="9.335973">
        <ele>1288.4</ele>
        <time>2026-09-03T13:31:11Z</time>
        <hdop>7.7</hdop>
        <extensions>
          <osmand:speed>0.9</osmand:speed>
        </extensions>
      </trkpt>
      <trkpt lat="47.2276154" lon="9.3359275">
        <ele>1288.4</ele>
        <time>2026-09-03T13:31:17Z</time>
        <hdop>8.7</hdop>
        <extensions>
          <osmand:speed>0.7</osmand:speed>
        </extensions>
      </trkpt>
      <trkpt lat="47.2275747" lon="9.3358495">
        <ele>1287.4</ele>
        <time>2026-09-03T13:31:23Z</time>
        <hdop>10.2</hdop>
        <extensions>
          <osmand:speed>0.7</osmand:speed>
        </extensions>
      </trkpt>
      <trkpt lat="47.2275386" lon="9.3358025">
        <ele>1286.4</ele>
        <time>2026-09-03T13:31:29Z</time>
        <hdop>9.7</hdop>
        <extensions>
          <osmand:speed>0.6</osmand:speed>
        </extensions>
      </trkpt>
      <trkpt lat="47.227532" lon="9.3357535">
        <ele>1286.4</ele>
        <time>2026-09-03T13:31:35Z</time>
        <hdop>6.1</hdop>
        <extensions>
          <osmand:speed>0.6</osmand:speed>
        </extensions>
      </trkpt>
      <trkpt lat="47.2274846" lon="9.3357388">
        <ele>1285.4</ele>
        <time>2026-09-03T13:31:42Z</time>
        <hdop>10.7</hdop>
        <extensions>
          <osmand:speed>0.4</osmand:speed>
        </extensions>
      </trkpt>
      <trkpt lat="47.227436" lon="9.3356903">
        <ele>1285.4</ele>
        <time>2026-09-03T13:31:48Z</time>
        <hdop>11.2</hdop>
        <extensions>
          <osmand:speed>0.9</osmand:speed>
        </extensions>
      </trkpt>
      <trkpt lat="47.2273743" lon="9.3356376">
        <ele>1284.4</ele>
        <time>2026-09-03T13:31:54Z</time>
        <hdop>11.7</hdop>
        <extensions>
          <osmand:speed>0.8</osmand:speed>
        </extensions>
      </trkpt>
      <trkpt lat="47.2273214" lon="9.3355876">
        <ele>1284.4</ele>
        <time>2026-09-03T13:32:00Z</time>
        <hdop>11.7</hdop>
        <extensions>
          <osmand:speed>0.8</osmand:speed>
        </extensions>
      </trkpt>
      <trkpt lat="47.2272777" lon="9.3355362">
        <ele>1284.4</ele>
        <time>2026-09-03T13:32:06Z</time>
        <hdop>12.8</hdop>
        <extensions>
          <osmand:speed>0.9</osmand:speed>
        </extensions>
      </trkpt>
      <trkpt lat="47.2272359" lon="9.3354594">
        <ele>1284.4</ele>
        <time>2026-09-03T13:32:12Z</time>
        <hdop>11.2</hdop>
        <extensions>
          <osmand:speed>1</osmand:speed>
        </extensions>
      </trkpt>
      <trkpt lat="47.2271728" lon="9.3354202">
        <ele>1283.4</ele>
        <time>2026-09-03T13:32:18Z</time>
        <hdop>12.8</hdop>
        <extensions>
          <osmand:speed>0.6</osmand:speed>
        </extensions>
      </trkpt>
      <trkpt lat="47.2271334" lon="9.3353758">
        <ele>1282.4</ele>
        <time>2026-09-03T13:32:24Z</time>
        <hdop>10.7</hdop>
        <extensions>
          <osmand:speed>0.7</osmand:speed>
        </extensions>
      </trkpt>
      <trkpt lat="47.2270938" lon="9.3353044">
        <ele>1281.4</ele>
        <time>2026-09-03T13:32:30Z</time>
        <hdop>11.7</hdop>
        <extensions>
          <osmand:speed>0.9</osmand:speed>
        </extensions>
      </trkpt>
      <trkpt lat="47.2270421" lon="9.3352404">
        <ele>1280.4</ele>
        <time>2026-09-03T13:32:36Z</time>
        <hdop>12.2</hdop>
        <extensions>
          <osmand:speed>1.1</osmand:speed>
        </extensions>
      </trkpt>
      <trkpt lat="47.2270286" lon="9.3351809">
        <ele>1279.4</ele>
        <time>2026-09-03T13:32:43Z</time>
        <hdop>13.3</hdop>
        <extensions>
          <osmand:speed>0.4</osmand:speed>
        </extensions>
      </trkpt>
      <trkpt lat="47.2270064" lon="9.3351849">
        <ele>1280.4</ele>
        <time>2026-09-03T13:32:49Z</time>
        <hdop>10.7</hdop>
        <extensions>
          <osmand:speed>1.4</osmand:speed>
        </extensions>
      </trkpt>
      <trkpt lat="47.226966" lon="9.3351623">
        <ele>1280.4</ele>
        <time>2026-09-03T13:32:55Z</time>
        <hdop>13.8</hdop>
        <extensions>
          <osmand:speed>0.8</osmand:speed>
        </extensions>
      </trkpt>
      <trkpt lat="47.2269046" lon="9.3351077">
        <ele>1279.4</ele>
        <time>2026-09-03T13:33:02Z</time>
        <hdop>14.8</hdop>
        <extensions>
          <osmand:speed>1.1</osmand:speed>
        </extensions>
      </trkpt>
      <trkpt lat="47.2268585" lon="9.3350388">
        <ele>1279.4</ele>
        <time>2026-09-03T13:33:08Z</time>
        <hdop>11.2</hdop>
        <extensions>
          <osmand:speed>1.4</osmand:speed>
        </extensions>
      </trkpt>
      <trkpt lat="47.2267788" lon="9.3349525">
        <ele>1278.4</ele>
        <time>2026-09-03T13:33:14Z</time>
        <hdop>13.3</hdop>
        <extensions>
          <osmand:speed>1.5</osmand:speed>
        </extensions>
      </trkpt>
      <trkpt lat="47.2267482" lon="9.3349101">
        <ele>1276.4</ele>
        <time>2026-09-03T13:33:20Z</time>
        <hdop>13.3</hdop>
        <extensions>
          <osmand:speed>0.9</osmand:speed>
        </extensions>
      </trkpt>
      <trkpt lat="47.2267047" lon="9.3348366">
        <ele>1276.4</ele>
        <time>2026-09-03T13:33:26Z</time>
        <hdop>8.2</hdop>
        <extensions>
          <osmand:speed>0.9</osmand:speed>
        </extensions>
      </trkpt>
      <trkpt lat="47.2266648" lon="9.3347677">
        <ele>1277.4</ele>
        <time>2026-09-03T13:33:32Z</time>
        <hdop>11.7</hdop>
        <extensions>
          <osmand:speed>0.4</osmand:speed>
        </extensions>
      </trkpt>
      <trkpt lat="47.2266655" lon="9.3346769">
        <ele>1276.4</ele>
        <time>2026-09-03T13:33:38Z</time>
        <hdop>8.7</hdop>
        <extensions>
          <osmand:speed>1</osmand:speed>
        </extensions>
      </trkpt>
      <trkpt lat="47.2267136" lon="9.3346414">
        <ele>1272.4</ele>
        <time>2026-09-03T13:33:44Z</time>
        <hdop>7.7</hdop>
        <extensions>
          <osmand:speed>0.9</osmand:speed>
        </extensions>
      </trkpt>
      <trkpt lat="47.2266807" lon="9.3345611">
        <ele>1270.4</ele>
        <time>2026-09-03T13:33:50Z</time>
        <hdop>7.1</hdop>
        <extensions>
          <osmand:speed>1.4</osmand:speed>
        </extensions>
      </trkpt>
      <trkpt lat="47.2266706" lon="9.3345159">
        <ele>1268.4</ele>
        <time>2026-09-03T13:33:56Z</time>
        <hdop>5.1</hdop>
        <extensions>
          <osmand:speed>0.3</osmand:speed>
        </extensions>
      </trkpt>
      <trkpt lat="47.2266777" lon="9.3344825">
        <ele>1268.4</ele>
        <time>2026-09-03T13:34:02Z</time>
        <hdop>4.1</hdop>
        <extensions>
          <osmand:speed>1.1</osmand:speed>
        </extensions>
      </trkpt>
      <trkpt lat="47.2266699" lon="9.3343739">
        <ele>1267.4</ele>
        <time>2026-09-03T13:34:08Z</time>
        <hdop>5.1</hdop>
        <extensions>
          <osmand:speed>0.9</osmand:speed>
        </extensions>
      </trkpt>
      <trkpt lat="47.2266791" lon="9.3343096">
        <ele>1264.4</ele>
        <time>2026-09-03T13:34:14Z</time>
        <hdop>4.6</hdop>
        <extensions>
          <osmand:speed>0.7</osmand:speed>
        </extensions>
      </trkpt>
      <trkpt lat="47.2266803" lon="9.3342115">
        <ele>1264.4</ele>
        <time>2026-09-03T13:34:20Z</time>
        <hdop>4.1</hdop>
        <extensions>
          <osmand:speed>0.9</osmand:speed>
        </extensions>
      </trkpt>
      <trkpt lat="47.2266931" lon="9.3341372">
        <ele>1261.4</ele>
        <time>2026-09-03T13:34:26Z</time>
        <hdop>4.1</hdop>
        <extensions>
          <osmand:speed>0.9</osmand:speed>
        </extensions>
      </trkpt>
      <trkpt lat="47.2267134" lon="9.3341267">
        <ele>1258.4</ele>
        <time>2026-09-03T13:34:32Z</time>
        <hdop>3.6</hdop>
      </trkpt>
      <trkpt lat="47.2267057" lon="9.3340936">
        <ele>1258.4</ele>
        <time>2026-09-03T13:34:41Z</time>
        <hdop>4.1</hdop>
        <extensions>
          <osmand:speed>0.9</osmand:speed>
        </extensions>
      </trkpt>
      <trkpt lat="47.2267115" lon="9.3340075">
        <ele>1256.4</ele>
        <time>2026-09-03T13:34:47Z</time>
        <hdop>4.6</hdop>
        <extensions>
          <osmand:speed>0.9</osmand:speed>
        </extensions>
      </trkpt>
      <trkpt lat="47.2267064" lon="9.3339348">
        <ele>1256.4</ele>
        <time>2026-09-03T13:34:53Z</time>
        <hdop>4.6</hdop>
        <extensions>
          <osmand:speed>1.2</osmand:speed>
        </extensions>
      </trkpt>
      <trkpt lat="47.2267018" lon="9.3338585">
        <ele>1255.4</ele>
        <time>2026-09-03T13:34:59Z</time>
        <hdop>3.6</hdop>
        <extensions>
          <osmand:speed>1</osmand:speed>
        </extensions>
      </trkpt>
      <trkpt lat="47.2266943" lon="9.3337716">
        <ele>1254.4</ele>
        <time>2026-09-03T13:35:05Z</time>
        <hdop>4.1</hdop>
        <extensions>
          <osmand:speed>1.2</osmand:speed>
        </extensions>
      </trkpt>
      <trkpt lat="47.2266885" lon="9.3336969">
        <ele>1253.4</ele>
        <time>2026-09-03T13:35:11Z</time>
        <hdop>4.6</hdop>
        <extensions>
          <osmand:speed>1.1</osmand:speed>
        </extensions>
      </trkpt>
      <trkpt lat="47.226668" lon="9.3336201">
        <ele>1253.4</ele>
        <time>2026-09-03T13:35:17Z</time>
        <hdop>4.6</hdop>
        <extensions>
          <osmand:speed>1</osmand:speed>
        </extensions>
      </trkpt>
      <trkpt lat="47.2266496" lon="9.3335407">
        <ele>1252.4</ele>
        <time>2026-09-03T13:35:23Z</time>
        <hdop>3.6</hdop>
        <extensions>
          <osmand:speed>1</osmand:speed>
        </extensions>
      </trkpt>
      <trkpt lat="47.2266481" lon="9.3334573">
        <ele>1251.4</ele>
        <time>2026-09-03T13:35:29Z</time>
        <hdop>4.6</hdop>
        <extensions>
          <osmand:speed>1.2</osmand:speed>
        </extensions>
      </trkpt>
      <trkpt lat="47.2266337" lon="9.3333685">
        <ele>1251.4</ele>
        <time>2026-09-03T13:35:35Z</time>
        <hdop>4.6</hdop>
        <extensions>
          <osmand:speed>1.1</osmand:speed>
        </extensions>
      </trkpt>
      <trkpt lat="47.2266227" lon="9.3332877">
        <ele>1250.4</ele>
        <time>2026-09-03T13:35:41Z</time>
        <hdop>4.1</hdop>
        <extensions>
          <osmand:speed>1.1</osmand:speed>
        </extensions>
      </trkpt>
      <trkpt lat="47.226611" lon="9.3331907">
        <ele>1250.4</ele>
        <time>2026-09-03T13:35:47Z</time>
        <hdop>4.1</hdop>
        <extensions>
          <osmand:speed>1</osmand:speed>
        </extensions>
      </trkpt>
      <trkpt lat="47.2265898" lon="9.3331056">
        <ele>1249.4</ele>
        <time>2026-09-03T13:35:53Z</time>
        <hdop>4.1</hdop>
        <extensions>
          <osmand:speed>1.5</osmand:speed>
        </extensions>
      </trkpt>
      <trkpt lat="47.2265385" lon="9.333037">
        <ele>1249.4</ele>
        <time>2026-09-03T13:35:59Z</time>
        <hdop>4.1</hdop>
        <extensions>
          <osmand:speed>1</osmand:speed>
        </extensions>
      </trkpt>
      <trkpt lat="47.2265165" lon="9.3329593">
        <ele>1248.4</ele>
        <time>2026-09-03T13:36:05Z</time>
        <hdop>3.6</hdop>
        <extensions>
          <osmand:speed>1.2</osmand:speed>
        </extensions>
      </trkpt>
      <trkpt lat="47.2264791" lon="9.3328891">
        <ele>1247.4</ele>
        <time>2026-09-03T13:36:11Z</time>
        <hdop>4.1</hdop>
        <extensions>
          <osmand:speed>1.1</osmand:speed>
        </extensions>
      </trkpt>
      <trkpt lat="47.2264461" lon="9.3328168">
        <ele>1246.4</ele>
        <time>2026-09-03T13:36:17Z</time>
        <hdop>3.6</hdop>
        <extensions>
          <osmand:speed>1.2</osmand:speed>
        </extensions>
      </trkpt>
      <trkpt lat="47.2264295" lon="9.3327475">
        <ele>1244.4</ele>
        <time>2026-09-03T13:36:23Z</time>
        <hdop>4.1</hdop>
        <extensions>
          <osmand:speed>0.8</osmand:speed>
        </extensions>
      </trkpt>
      <trkpt lat="47.2263839" lon="9.332686">
        <ele>1243.4</ele>
        <time>2026-09-03T13:36:29Z</time>
        <hdop>4.1</hdop>
        <extensions>
          <osmand:speed>1.1</osmand:speed>
        </extensions>
      </trkpt>
      <trkpt lat="47.2263494" lon="9.3326261">
        <ele>1242.4</ele>
        <time>2026-09-03T13:36:35Z</time>
        <hdop>3.6</hdop>
        <extensions>
          <osmand:speed>1.2</osmand:speed>
        </extensions>
      </trkpt>
      <trkpt lat="47.2262964" lon="9.3325682">
        <ele>1242.4</ele>
        <time>2026-09-03T13:36:41Z</time>
        <hdop>3.1</hdop>
        <extensions>
          <osmand:speed>1.2</osmand:speed>
        </extensions>
      </trkpt>
      <trkpt lat="47.2262559" lon="9.3325008">
        <ele>1241.4</ele>
        <time>2026-09-03T13:36:47Z</time>
        <hdop>4.1</hdop>
        <extensions>
          <osmand:speed>1.1</osmand:speed>
        </extensions>
      </trkpt>
      <trkpt lat="47.2262228" lon="9.332456">
        <ele>1240.4</ele>
        <time>2026-09-03T13:36:53Z</time>
        <hdop>4.1</hdop>
        <extensions>
          <osmand:speed>1.3</osmand:speed>
        </extensions>
      </trkpt>
      <trkpt lat="47.2261786" lon="9.3323826">
        <ele>1239.4</ele>
        <time>2026-09-03T13:36:59Z</time>
        <hdop>3.6</hdop>
        <extensions>
          <osmand:speed>1.2</osmand:speed>
        </extensions>
      </trkpt>
      <trkpt lat="47.2261353" lon="9.3323221">
        <ele>1236.4</ele>
        <time>2026-09-03T13:37:05Z</time>
        <hdop>3.6</hdop>
        <extensions>
          <osmand:speed>1.1</osmand:speed>
        </extensions>
      </trkpt>
      <trkpt lat="47.2260922" lon="9.3322605">
        <ele>1235.4</ele>
        <time>2026-09-03T13:37:11Z</time>
        <hdop>3.6</hdop>
        <extensions>
          <osmand:speed>1.1</osmand:speed>
        </extensions>
      </trkpt>
      <trkpt lat="47.2260526" lon="9.3321958">
        <ele>1234.4</ele>
        <time>2026-09-03T13:37:17Z</time>
        <hdop>4.1</hdop>
        <extensions>
          <osmand:speed>1.2</osmand:speed>
        </extensions>
      </trkpt>
      <trkpt lat="47.2259969" lon="9.332146">
        <ele>1234.4</ele>
        <time>2026-09-03T13:37:23Z</time>
        <hdop>3.6</hdop>
        <extensions>
          <osmand:speed>1</osmand:speed>
        </extensions>
      </trkpt>
      <trkpt lat="47.225951" lon="9.3320847">
        <ele>1233.4</ele>
        <time>2026-09-03T13:37:29Z</time>
        <hdop>3.6</hdop>
        <extensions>
          <osmand:speed>0.9</osmand:speed>
        </extensions>
      </trkpt>
      <trkpt lat="47.2259208" lon="9.3320323">
        <ele>1232.4</ele>
        <time>2026-09-03T13:37:35Z</time>
        <hdop>3.6</hdop>
        <extensions>
          <osmand:speed>0.7</osmand:speed>
        </extensions>
      </trkpt>
      <trkpt lat="47.2258817" lon="9.3319627">
        <ele>1231.4</ele>
        <time>2026-09-03T13:37:41Z</time>
        <hdop>4.1</hdop>
        <extensions>
          <osmand:speed>1</osmand:speed>
        </extensions>
      </trkpt>
      <trkpt lat="47.2258453" lon="9.3319153">
        <ele>1229.4</ele>
        <time>2026-09-03T13:37:47Z</time>
        <hdop>3.6</hdop>
        <extensions>
          <osmand:speed>1</osmand:speed>
        </extensions>
      </trkpt>
      <trkpt lat="47.2258107" lon="9.331868">
        <ele>1228.4</ele>
        <time>2026-09-03T13:37:53Z</time>
        <hdop>4.1</hdop>
        <extensions>
          <osmand:speed>1</osmand:speed>
        </extensions>
      </trkpt>
      <trkpt lat="47.2257729" lon="9.3318046">
        <ele>1228.4</ele>
        <time>2026-09-03T13:37:59Z</time>
        <hdop>3.6</hdop>
        <extensions>
          <osmand:speed>1.1</osmand:speed>
        </extensions>
      </trkpt>
      <trkpt lat="47.225731" lon="9.3317368">
        <ele>1227.4</ele>
        <time>2026-09-03T13:38:05Z</time>
        <hdop>4.1</hdop>
        <extensions>
          <osmand:speed>1.3</osmand:speed>
        </extensions>
      </trkpt>
      <trkpt lat="47.2256877" lon="9.3316785">
        <ele>1225.4</ele>
        <time>2026-09-03T13:38:11Z</time>
        <hdop>4.6</hdop>
        <extensions>
          <osmand:speed>1.4</osmand:speed>
        </extensions>
      </trkpt>
      <trkpt lat="47.2256666" lon="9.3316078">
        <ele>1224.4</ele>
        <time>2026-09-03T13:38:17Z</time>
        <hdop>4.6</hdop>
        <extensions>
          <osmand:speed>0.8</osmand:speed>
        </extensions>
      </trkpt>
      <trkpt lat="47.2256202" lon="9.3315492">
        <ele>1222.4</ele>
        <time>2026-09-03T13:38:23Z</time>
        <hdop>4.6</hdop>
        <extensions>
          <osmand:speed>1.1</osmand:speed>
        </extensions>
      </trkpt>
      <trkpt lat="47.2255834" lon="9.3315109">
        <ele>1221.4</ele>
        <time>2026-09-03T13:38:29Z</time>
        <hdop>4.6</hdop>
        <extensions>
          <osmand:speed>1</osmand:speed>
        </extensions>
      </trkpt>
      <trkpt lat="47.2255306" lon="9.3314688">
        <ele>1220.4</ele>
        <time>2026-09-03T13:38:35Z</time>
        <hdop>4.1</hdop>
        <extensions>
          <osmand:speed>1.3</osmand:speed>
        </extensions>
      </trkpt>
      <trkpt lat="47.2254711" lon="9.3314292">
        <ele>1220.4</ele>
        <time>2026-09-03T13:38:41Z</time>
        <hdop>4.6</hdop>
        <extensions>
          <osmand:speed>1.2</osmand:speed>
        </extensions>
      </trkpt>
      <trkpt lat="47.2254111" lon="9.3314004">
        <ele>1218.4</ele>
        <time>2026-09-03T13:38:47Z</time>
        <hdop>4.6</hdop>
        <extensions>
          <osmand:speed>1.1</osmand:speed>
        </extensions>
      </trkpt>
      <trkpt lat="47.225348" lon="9.3313733">
        <ele>1218.4</ele>
        <time>2026-09-03T13:38:53Z</time>
        <hdop>4.6</hdop>
        <extensions>
          <osmand:speed>1.1</osmand:speed>
        </extensions>
      </trkpt>
      <trkpt lat="47.2252786" lon="9.3313732">
        <ele>1217.4</ele>
        <time>2026-09-03T13:38:59Z</time>
        <hdop>4.6</hdop>
        <extensions>
          <osmand:speed>1.1</osmand:speed>
        </extensions>
      </trkpt>
      <trkpt lat="47.2252299" lon="9.3313626">
        <ele>1216.4</ele>
        <time>2026-09-03T13:39:05Z</time>
        <hdop>6.1</hdop>
        <extensions>
          <osmand:speed>0.8</osmand:speed>
        </extensions>
      </trkpt>
      <trkpt lat="47.2251783" lon="9.331341">
        <ele>1215.4</ele>
        <time>2026-09-03T13:39:11Z</time>
        <hdop>3.6</hdop>
        <extensions>
          <osmand:speed>1</osmand:speed>
        </extensions>
      </trkpt>
      <trkpt lat="47.2251198" lon="9.3313291">
        <ele>1214.4</ele>
        <time>2026-09-03T13:39:17Z</time>
        <hdop>4.1</hdop>
        <extensions>
          <osmand:speed>1.1</osmand:speed>
        </extensions>
      </trkpt>
      <trkpt lat="47.2250553" lon="9.331316">
        <ele>1212.4</ele>
        <time>2026-09-03T13:39:23Z</time>
        <hdop>4.6</hdop>
        <extensions>
          <osmand:speed>1.2</osmand:speed>
        </extensions>
      </trkpt>
      <trkpt lat="47.2249888" lon="9.3312911">
        <ele>1212.4</ele>
        <time>2026-09-03T13:39:29Z</time>
        <hdop>5.1</hdop>
        <extensions>
          <osmand:speed>1.2</osmand:speed>
        </extensions>
      </trkpt>
      <trkpt lat="47.2249359" lon="9.3312663">
        <ele>1211.4</ele>
        <time>2026-09-03T13:39:35Z</time>
        <hdop>5.1</hdop>
        <extensions>
          <osmand:speed>0.9</osmand:speed>
        </extensions>
      </trkpt>
      <trkpt lat="47.224884" lon="9.3312672">
        <ele>1210.4</ele>
        <time>2026-09-03T13:39:41Z</time>
        <hdop>5.6</hdop>
        <extensions>
          <osmand:speed>0.8</osmand:speed>
        </extensions>
      </trkpt>
      <trkpt lat="47.2248205" lon="9.3312382">
        <ele>1209.4</ele>
        <time>2026-09-03T13:39:47Z</time>
        <hdop>5.1</hdop>
        <extensions>
          <osmand:speed>0.9</osmand:speed>
        </extensions>
      </trkpt>
      <trkpt lat="47.2247648" lon="9.331213">
        <ele>1208.4</ele>
        <time>2026-09-03T13:39:53Z</time>
        <hdop>4.1</hdop>
        <extensions>
          <osmand:speed>1.2</osmand:speed>
        </extensions>
      </trkpt>
      <trkpt lat="47.2247062" lon="9.3312269">
        <ele>1207.4</ele>
        <time>2026-09-03T13:39:59Z</time>
        <hdop>4.6</hdop>
        <extensions>
          <osmand:speed>1</osmand:speed>
        </extensions>
      </trkpt>
      <trkpt lat="47.2246493" lon="9.3311958">
        <ele>1206.4</ele>
        <time>2026-09-03T13:40:05Z</time>
        <hdop>4.1</hdop>
        <extensions>
          <osmand:speed>0.8</osmand:speed>
        </extensions>
      </trkpt>
      <trkpt lat="47.2245901" lon="9.3312024">
        <ele>1205.4</ele>
        <time>2026-09-03T13:40:11Z</time>
        <hdop>4.6</hdop>
        <extensions>
          <osmand:speed>1.1</osmand:speed>
        </extensions>
      </trkpt>
      <trkpt lat="47.224529" lon="9.3311926">
        <ele>1204.4</ele>
        <time>2026-09-03T13:40:17Z</time>
        <hdop>4.1</hdop>
        <extensions>
          <osmand:speed>1.4</osmand:speed>
        </extensions>
      </trkpt>
      <trkpt lat="47.2244626" lon="9.3312163">
        <ele>1204.4</ele>
        <time>2026-09-03T13:40:23Z</time>
        <hdop>4.1</hdop>
        <extensions>
          <osmand:speed>1.1</osmand:speed>
        </extensions>
      </trkpt>
      <trkpt lat="47.2243918" lon="9.3312393">
        <ele>1205.4</ele>
        <time>2026-09-03T13:40:29Z</time>
        <hdop>4.1</hdop>
        <extensions>
          <osmand:speed>1.1</osmand:speed>
        </extensions>
      </trkpt>
      <trkpt lat="47.2243383" lon="9.3312563">
        <ele>1204.4</ele>
        <time>2026-09-03T13:40:35Z</time>
        <hdop>4.1</hdop>
        <extensions>
          <osmand:speed>1</osmand:speed>
        </extensions>
      </trkpt>
      <trkpt lat="47.2242795" lon="9.3312597">
        <ele>1203.4</ele>
        <time>2026-09-03T13:40:41Z</time>
        <hdop>4.1</hdop>
        <extensions>
          <osmand:speed>1</osmand:speed>
        </extensions>
      </trkpt>
      <trkpt lat="47.2242163" lon="9.3312581">
        <ele>1202.4</ele>
        <time>2026-09-03T13:40:47Z</time>
        <hdop>4.6</hdop>
        <extensions>
          <osmand:speed>1.1</osmand:speed>
        </extensions>
      </trkpt>
      <trkpt lat="47.2241681" lon="9.3312493">
        <ele>1204.4</ele>
        <time>2026-09-03T13:40:53Z</time>
        <hdop>4.6</hdop>
        <extensions>
          <osmand:speed>0.7</osmand:speed>
        </extensions>
      </trkpt>
      <trkpt lat="47.2241347" lon="9.3312561">
        <ele>1203.4</ele>
        <time>2026-09-03T13:40:59Z</time>
        <hdop>3.6</hdop>
        <extensions>
          <osmand:speed>0.8</osmand:speed>
        </extensions>
      </trkpt>
      <trkpt lat="47.2240848" lon="9.331241">
        <ele>1201.4</ele>
        <time>2026-09-03T13:41:05Z</time>
        <hdop>5.6</hdop>
        <extensions>
          <osmand:speed>1.1</osmand:speed>
        </extensions>
      </trkpt>
      <trkpt lat="47.2240167" lon="9.3312564">
        <ele>1201.4</ele>
        <time>2026-09-03T13:41:11Z</time>
        <hdop>4.6</hdop>
        <extensions>
          <osmand:speed>1</osmand:speed>
        </extensions>
      </trkpt>
      <trkpt lat="47.2239546" lon="9.3312638">
        <ele>1200.4</ele>
        <time>2026-09-03T13:41:17Z</time>
        <hdop>5.1</hdop>
        <extensions>
          <osmand:speed>0.8</osmand:speed>
        </extensions>
      </trkpt>
      <trkpt lat="47.2239122" lon="9.3312582">
        <ele>1199.4</ele>
        <time>2026-09-03T13:41:23Z</time>
        <hdop>5.6</hdop>
        <extensions>
          <osmand:speed>0.8</osmand:speed>
        </extensions>
      </trkpt>
      <trkpt lat="47.2238993" lon="9.331314">
        <ele>1200.4</ele>
        <time>2026-09-03T13:41:29Z</time>
        <hdop>6.1</hdop>
        <extensions>
          <osmand:speed>0.5</osmand:speed>
        </extensions>
      </trkpt>
      <trkpt lat="47.2238817" lon="9.3313034">
        <ele>1201.4</ele>
        <time>2026-09-03T13:41:44Z</time>
        <hdop>7.1</hdop>
        <extensions>
          <osmand:speed>0.1</osmand:speed>
        </extensions>
      </trkpt>
      <trkpt lat="47.2238674" lon="9.3313198">
        <ele>1200.4</ele>
        <time>2026-09-03T13:41:57Z</time>
        <hdop>9.7</hdop>
        <extensions>
          <osmand:speed>0.1</osmand:speed>
        </extensions>
      </trkpt>
      <trkpt lat="47.2238885" lon="9.3313201">
        <ele>1201.4</ele>
        <time>2026-09-03T13:42:21Z</time>
        <hdop>6.1</hdop>
        <extensions>
          <osmand:speed>0.2</osmand:speed>
        </extensions>
      </trkpt>
      <trkpt lat="47.2237614" lon="9.3312695">
        <ele>1197.4</ele>
        <time>2026-09-03T13:42:58Z</time>
        <hdop>12.2</hdop>
        <extensions>
          <osmand:speed>1</osmand:speed>
        </extensions>
      </trkpt>
      <trkpt lat="47.2237226" lon="9.3312659">
        <ele>1196.4</ele>
        <time>2026-09-03T13:43:04Z</time>
        <hdop>11.2</hdop>
        <extensions>
          <osmand:speed>0.4</osmand:speed>
        </extensions>
      </trkpt>
      <trkpt lat="47.2237113" lon="9.3312874">
        <ele>1190.4</ele>
        <time>2026-09-03T13:43:10Z</time>
        <hdop>13.8</hdop>
        <extensions>
          <osmand:speed>0.6</osmand:speed>
        </extensions>
      </trkpt>
      <trkpt lat="47.2237435" lon="9.3313001">
        <ele>1189.4</ele>
        <time>2026-09-03T13:43:16Z</time>
        <hdop>10.2</hdop>
        <extensions>
          <osmand:speed>0</osmand:speed>
        </extensions>
      </trkpt>
      <trkpt lat="47.2237556" lon="9.3312796">
        <ele>1190.4</ele>
        <time>2026-09-03T13:43:29Z</time>
        <hdop>11.2</hdop>
      </trkpt>
      <trkpt lat="47.223745" lon="9.3313073">
        <ele>1193.4</ele>
        <time>2026-09-03T13:43:38Z</time>
        <hdop>10.7</hdop>
      </trkpt>
      <trkpt lat="47.2237192" lon="9.3313004">
        <ele>1193.4</ele>
        <time>2026-09-03T13:43:45Z</time>
        <hdop>9.2</hdop>
        <extensions>
          <osmand:speed>0.8</osmand:speed>
        </extensions>
      </trkpt>
      <trkpt lat="47.2236766" lon="9.3312919">
        <ele>1192.4</ele>
        <time>2026-09-03T13:43:51Z</time>
        <hdop>7.7</hdop>
        <extensions>
          <osmand:speed>0.6</osmand:speed>
        </extensions>
      </trkpt>
      <trkpt lat="47.2236119" lon="9.331293">
        <ele>1191.4</ele>
        <time>2026-09-03T13:43:57Z</time>
        <hdop>6.6</hdop>
        <extensions>
          <osmand:speed>0.9</osmand:speed>
        </extensions>
      </trkpt>
      <trkpt lat="47.2235573" lon="9.3312776">
        <ele>1191.4</ele>
        <time>2026-09-03T13:44:03Z</time>
        <hdop>9.7</hdop>
        <extensions>
          <osmand:speed>0.9</osmand:speed>
        </extensions>
      </trkpt>
      <trkpt lat="47.223482" lon="9.3312957">
        <ele>1191.4</ele>
        <time>2026-09-03T13:44:09Z</time>
        <hdop>8.7</hdop>
        <extensions>
          <osmand:speed>1.1</osmand:speed>
        </extensions>
      </trkpt>
      <trkpt lat="47.2234098" lon="9.3312628">
        <ele>1191.4</ele>
        <time>2026-09-03T13:44:15Z</time>
        <hdop>6.6</hdop>
        <extensions>
          <osmand:speed>1.1</osmand:speed>
        </extensions>
      </trkpt>
      <trkpt lat="47.2233515" lon="9.3312314">
        <ele>1191.4</ele>
        <time>2026-09-03T13:44:21Z</time>
        <hdop>9.2</hdop>
        <extensions>
          <osmand:speed>1</osmand:speed>
        </extensions>
      </trkpt>
      <trkpt lat="47.2232756" lon="9.3312113">
        <ele>1191.4</ele>
        <time>2026-09-03T13:44:27Z</time>
        <hdop>11.7</hdop>
        <extensions>
          <osmand:speed>0.8</osmand:speed>
        </extensions>
      </trkpt>
      <trkpt lat="47.2231902" lon="9.3312556">
        <ele>1191.4</ele>
        <time>2026-09-03T13:44:33Z</time>
        <hdop>10.2</hdop>
        <extensions>
          <osmand:speed>1</osmand:speed>
        </extensions>
      </trkpt>
      <trkpt lat="47.2231092" lon="9.3312786">
        <ele>1190.4</ele>
        <time>2026-09-03T13:44:39Z</time>
        <hdop>6.6</hdop>
        <extensions>
          <osmand:speed>1.2</osmand:speed>
        </extensions>
      </trkpt>
      <trkpt lat="47.223052" lon="9.3312871">
        <ele>1191.4</ele>
        <time>2026-09-03T13:44:45Z</time>
        <hdop>7.1</hdop>
        <extensions>
          <osmand:speed>0.6</osmand:speed>
        </extensions>
      </trkpt>
      <trkpt lat="47.2229909" lon="9.3312659">
        <ele>1191.4</ele>
        <time>2026-09-03T13:44:51Z</time>
        <hdop>7.1</hdop>
        <extensions>
          <osmand:speed>0.6</osmand:speed>
        </extensions>
      </trkpt>
      <trkpt lat="47.222923" lon="9.3312165">
        <ele>1192.4</ele>
        <time>2026-09-03T13:44:57Z</time>
        <hdop>8.7</hdop>
        <extensions>
          <osmand:speed>1</osmand:speed>
        </extensions>
      </trkpt>
      <trkpt lat="47.2228466" lon="9.3311988">
        <ele>1190.4</ele>
        <time>2026-09-03T13:45:03Z</time>
        <hdop>9.2</hdop>
        <extensions>
          <osmand:speed>1.3</osmand:speed>
        </extensions>
      </trkpt>
      <trkpt lat="47.2227712" lon="9.3311658">
        <ele>1190.4</ele>
        <time>2026-09-03T13:45:09Z</time>
        <hdop>9.2</hdop>
        <extensions>
          <osmand:speed>1.3</osmand:speed>
        </extensions>
      </trkpt>
      <trkpt lat="47.2227157" lon="9.3311427">
        <ele>1190.4</ele>
        <time>2026-09-03T13:45:15Z</time>
        <hdop>10.7</hdop>
        <extensions>
          <osmand:speed>0.9</osmand:speed>
        </extensions>
      </trkpt>
      <trkpt lat="47.2226551" lon="9.3311081">
        <ele>1190.4</ele>
        <time>2026-09-03T13:45:21Z</time>
        <hdop>8.7</hdop>
        <extensions>
          <osmand:speed>0.9</osmand:speed>
        </extensions>
      </trkpt>
      <trkpt lat="47.2225945" lon="9.3310939">
        <ele>1188.4</ele>
        <time>2026-09-03T13:45:27Z</time>
        <hdop>9.7</hdop>
        <extensions>
          <osmand:speed>0.7</osmand:speed>
        </extensions>
      </trkpt>
      <trkpt lat="47.2225446" lon="9.331056">
        <ele>1187.4</ele>
        <time>2026-09-03T13:45:33Z</time>
        <hdop>11.7</hdop>
        <extensions>
          <osmand:speed>1.2</osmand:speed>
        </extensions>
      </trkpt>
      <trkpt lat="47.2224945" lon="9.3310203">
        <ele>1187.4</ele>
        <time>2026-09-03T13:45:39Z</time>
        <hdop>11.2</hdop>
        <extensions>
          <osmand:speed>1.7</osmand:speed>
        </extensions>
      </trkpt>
      <trkpt lat="47.2224371" lon="9.3309587">
        <ele>1186.4</ele>
        <time>2026-09-03T13:45:45Z</time>
        <hdop>10.7</hdop>
        <extensions>
          <osmand:speed>0.6</osmand:speed>
        </extensions>
      </trkpt>
      <trkpt lat="47.2223828" lon="9.3308901">
        <ele>1185.4</ele>
        <time>2026-09-03T13:45:51Z</time>
        <hdop>8.7</hdop>
        <extensions>
          <osmand:speed>1</osmand:speed>
        </extensions>
      </trkpt>
      <trkpt lat="47.2223199" lon="9.3308171">
        <ele>1183.4</ele>
        <time>2026-09-03T13:45:57Z</time>
        <hdop>8.2</hdop>
        <extensions>
          <osmand:speed>1.4</osmand:speed>
        </extensions>
      </trkpt>
      <trkpt lat="47.2222702" lon="9.3307342">
        <ele>1181.4</ele>
        <time>2026-09-03T13:46:03Z</time>
        <hdop>6.6</hdop>
        <extensions>
          <osmand:speed>1.3</osmand:speed>
        </extensions>
      </trkpt>
      <trkpt lat="47.2222117" lon="9.3306725">
        <ele>1180.4</ele>
        <time>2026-09-03T13:46:09Z</time>
        <hdop>9.2</hdop>
        <extensions>
          <osmand:speed>1.2</osmand:speed>
        </extensions>
      </trkpt>
      <trkpt lat="47.2221529" lon="9.3306452">
        <ele>1180.4</ele>
        <time>2026-09-03T13:46:15Z</time>
        <hdop>5.6</hdop>
        <extensions>
          <osmand:speed>1.1</osmand:speed>
        </extensions>
      </trkpt>
      <trkpt lat="47.2220929" lon="9.3306043">
        <ele>1179.4</ele>
        <time>2026-09-03T13:46:21Z</time>
        <hdop>5.6</hdop>
        <extensions>
          <osmand:speed>1</osmand:speed>
        </extensions>
      </trkpt>
      <trkpt lat="47.2220232" lon="9.3305313">
        <ele>1178.4</ele>
        <time>2026-09-03T13:46:27Z</time>
        <hdop>5.6</hdop>
        <extensions>
          <osmand:speed>1.6</osmand:speed>
        </extensions>
      </trkpt>
      <trkpt lat="47.221972" lon="9.3304723">
        <ele>1178.4</ele>
        <time>2026-09-03T13:46:33Z</time>
        <hdop>6.6</hdop>
        <extensions>
          <osmand:speed>1</osmand:speed>
        </extensions>
      </trkpt>
      <trkpt lat="47.2219057" lon="9.3304288">
        <ele>1179.4</ele>
        <time>2026-09-03T13:46:39Z</time>
        <hdop>8.2</hdop>
        <extensions>
          <osmand:speed>1</osmand:speed>
        </extensions>
      </trkpt>
      <trkpt lat="47.2218635" lon="9.3303785">
        <ele>1178.4</ele>
        <time>2026-09-03T13:46:45Z</time>
        <hdop>8.2</hdop>
        <extensions>
          <osmand:speed>1.4</osmand:speed>
        </extensions>
      </trkpt>
      <trkpt lat="47.2218001" lon="9.3303136">
        <ele>1177.4</ele>
        <time>2026-09-03T13:46:51Z</time>
        <hdop>7.1</hdop>
        <extensions>
          <osmand:speed>0.9</osmand:speed>
        </extensions>
      </trkpt>
      <trkpt lat="47.2217505" lon="9.3302732">
        <ele>1176.4</ele>
        <time>2026-09-03T13:46:57Z</time>
        <hdop>6.1</hdop>
        <extensions>
          <osmand:speed>1.1</osmand:speed>
        </extensions>
      </trkpt>
      <trkpt lat="47.2217049" lon="9.3302034">
        <ele>1176.4</ele>
        <time>2026-09-03T13:47:03Z</time>
        <hdop>8.7</hdop>
        <extensions>
          <osmand:speed>1.5</osmand:speed>
        </extensions>
      </trkpt>
      <trkpt lat="47.2216451" lon="9.3301569">
        <ele>1174.4</ele>
        <time>2026-09-03T13:47:09Z</time>
        <hdop>6.6</hdop>
        <extensions>
          <osmand:speed>0.8</osmand:speed>
        </extensions>
      </trkpt>
      <trkpt lat="47.2215832" lon="9.3300888">
        <ele>1173.4</ele>
        <time>2026-09-03T13:47:15Z</time>
        <hdop>9.7</hdop>
        <extensions>
          <osmand:speed>1</osmand:speed>
        </extensions>
      </trkpt>
      <trkpt lat="47.2215242" lon="9.3300802">
        <ele>1174.4</ele>
        <time>2026-09-03T13:47:21Z</time>
        <hdop>10.2</hdop>
        <extensions>
          <osmand:speed>0.6</osmand:speed>
        </extensions>
      </trkpt>
      <trkpt lat="47.2214903" lon="9.3300047">
        <ele>1173.4</ele>
        <time>2026-09-03T13:47:27Z</time>
        <hdop>11.2</hdop>
        <extensions>
          <osmand:speed>0.6</osmand:speed>
        </extensions>
      </trkpt>
      <trkpt lat="47.221443" lon="9.3299197">
        <ele>1173.4</ele>
        <time>2026-09-03T13:47:33Z</time>
        <hdop>10.2</hdop>
        <extensions>
          <osmand:speed>1.2</osmand:speed>
        </extensions>
      </trkpt>
      <trkpt lat="47.2213877" lon="9.3298859">
        <ele>1171.4</ele>
        <time>2026-09-03T13:47:39Z</time>
        <hdop>10.2</hdop>
        <extensions>
          <osmand:speed>0.9</osmand:speed>
        </extensions>
      </trkpt>
      <trkpt lat="47.2213291" lon="9.3298305">
        <ele>1168.4</ele>
        <time>2026-09-03T13:47:45Z</time>
        <hdop>9.2</hdop>
        <extensions>
          <osmand:speed>1.2</osmand:speed>
        </extensions>
      </trkpt>
      <trkpt lat="47.2212686" lon="9.3297769">
        <ele>1167.4</ele>
        <time>2026-09-03T13:47:51Z</time>
        <hdop>9.7</hdop>
        <extensions>
          <osmand:speed>0.8</osmand:speed>
        </extensions>
      </trkpt>
      <trkpt lat="47.2212229" lon="9.3296912">
        <ele>1166.4</ele>
        <time>2026-09-03T13:47:57Z</time>
        <hdop>10.2</hdop>
        <extensions>
          <osmand:speed>1</osmand:speed>
        </extensions>
      </trkpt>
      <trkpt lat="47.2211786" lon="9.3296112">
        <ele>1164.4</ele>
        <time>2026-09-03T13:48:03Z</time>
        <hdop>9.7</hdop>
        <extensions>
          <osmand:speed>0.9</osmand:speed>
        </extensions>
      </trkpt>
      <trkpt lat="47.2211402" lon="9.3295565">
        <ele>1162.4</ele>
        <time>2026-09-03T13:48:09Z</time>
        <hdop>10.2</hdop>
        <extensions>
          <osmand:speed>1.1</osmand:speed>
        </extensions>
      </trkpt>
      <trkpt lat="47.2211008" lon="9.3294886">
        <ele>1162.4</ele>
        <time>2026-09-03T13:48:15Z</time>
        <hdop>11.7</hdop>
        <extensions>
          <osmand:speed>0.9</osmand:speed>
        </extensions>
      </trkpt>
      <trkpt lat="47.2210594" lon="9.3294291">
        <ele>1161.4</ele>
        <time>2026-09-03T13:48:21Z</time>
        <hdop>9.2</hdop>
        <extensions>
          <osmand:speed>0.8</osmand:speed>
        </extensions>
      </trkpt>
      <trkpt lat="47.221014" lon="9.3293491">
        <ele>1160.4</ele>
        <time>2026-09-03T13:48:27Z</time>
        <hdop>10.2</hdop>
        <extensions>
          <osmand:speed>1.2</osmand:speed>
        </extensions>
      </trkpt>
      <trkpt lat="47.2209792" lon="9.3292817">
        <ele>1160.4</ele>
        <time>2026-09-03T13:48:33Z</time>
        <hdop>11.2</hdop>
        <extensions>
          <osmand:speed>0.8</osmand:speed>
        </extensions>
      </trkpt>
      <trkpt lat="47.2209298" lon="9.3292299">
        <ele>1159.4</ele>
        <time>2026-09-03T13:48:39Z</time>
        <hdop>9.7</hdop>
        <extensions>
          <osmand:speed>0.6</osmand:speed>
        </extensions>
      </trkpt>
      <trkpt lat="47.2208922" lon="9.3291554">
        <ele>1158.4</ele>
        <time>2026-09-03T13:48:45Z</time>
        <hdop>10.7</hdop>
        <extensions>
          <osmand:speed>1.3</osmand:speed>
        </extensions>
      </trkpt>
      <trkpt lat="47.2208436" lon="9.3290858">
        <ele>1158.4</ele>
        <time>2026-09-03T13:48:51Z</time>
        <hdop>11.2</hdop>
        <extensions>
          <osmand:speed>0.8</osmand:speed>
        </extensions>
      </trkpt>
      <trkpt lat="47.2208166" lon="9.3289995">
        <ele>1158.4</ele>
        <time>2026-09-03T13:48:57Z</time>
        <hdop>9.7</hdop>
        <extensions>
          <osmand:speed>0.9</osmand:speed>
        </extensions>
      </trkpt>
      <trkpt lat="47.2207807" lon="9.3289255">
        <ele>1156.4</ele>
        <time>2026-09-03T13:49:03Z</time>
        <hdop>8.7</hdop>
        <extensions>
          <osmand:speed>0.6</osmand:speed>
        </extensions>
      </trkpt>
      <trkpt lat="47.2207319" lon="9.3288748">
        <ele>1154.4</ele>
        <time>2026-09-03T13:49:09Z</time>
        <hdop>10.7</hdop>
        <extensions>
          <osmand:speed>0.8</osmand:speed>
        </extensions>
      </trkpt>
      <trkpt lat="47.2207037" lon="9.3288123">
        <ele>1154.4</ele>
        <time>2026-09-03T13:49:15Z</time>
        <hdop>10.2</hdop>
        <extensions>
          <osmand:speed>0.6</osmand:speed>
        </extensions>
      </trkpt>
      <trkpt lat="47.220685" lon="9.3287293">
        <ele>1153.4</ele>
        <time>2026-09-03T13:49:21Z</time>
        <hdop>10.7</hdop>
        <extensions>
          <osmand:speed>0.7</osmand:speed>
        </extensions>
      </trkpt>
      <trkpt lat="47.2206473" lon="9.3286801">
        <ele>1153.4</ele>
        <time>2026-09-03T13:49:27Z</time>
        <hdop>10.2</hdop>
        <extensions>
          <osmand:speed>0.8</osmand:speed>
        </extensions>
      </trkpt>
      <trkpt lat="47.2205853" lon="9.3286147">
        <ele>1153.4</ele>
        <time>2026-09-03T13:49:33Z</time>
        <hdop>8.7</hdop>
        <extensions>
          <osmand:speed>1</osmand:speed>
        </extensions>
      </trkpt>
      <trkpt lat="47.2205293" lon="9.3285448">
        <ele>1150.4</ele>
        <time>2026-09-03T13:49:39Z</time>
        <hdop>9.2</hdop>
        <extensions>
          <osmand:speed>1</osmand:speed>
        </extensions>
      </trkpt>
      <trkpt lat="47.2204762" lon="9.3284438">
        <ele>1149.4</ele>
        <time>2026-09-03T13:49:45Z</time>
        <hdop>9.7</hdop>
        <extensions>
          <osmand:speed>1.3</osmand:speed>
        </extensions>
      </trkpt>
      <trkpt lat="47.2204375" lon="9.3283828">
        <ele>1148.4</ele>
        <time>2026-09-03T13:49:51Z</time>
        <hdop>10.2</hdop>
        <extensions>
          <osmand:speed>1.7</osmand:speed>
        </extensions>
      </trkpt>
      <trkpt lat="47.2203851" lon="9.3283273">
        <ele>1147.4</ele>
        <time>2026-09-03T13:49:57Z</time>
        <hdop>9.7</hdop>
        <extensions>
          <osmand:speed>1.4</osmand:speed>
        </extensions>
      </trkpt>
      <trkpt lat="47.2203385" lon="9.3282806">
        <ele>1147.4</ele>
        <time>2026-09-03T13:50:03Z</time>
        <hdop>9.2</hdop>
        <extensions>
          <osmand:speed>0.8</osmand:speed>
        </extensions>
      </trkpt>
      <trkpt lat="47.2202799" lon="9.3282326">
        <ele>1146.4</ele>
        <time>2026-09-03T13:50:09Z</time>
        <hdop>6.1</hdop>
        <extensions>
          <osmand:speed>1.3</osmand:speed>
        </extensions>
      </trkpt>
      <trkpt lat="47.2202533" lon="9.3281536">
        <ele>1146.4</ele>
        <time>2026-09-03T13:50:15Z</time>
        <hdop>6.6</hdop>
        <extensions>
          <osmand:speed>1.1</osmand:speed>
        </extensions>
      </trkpt>
      <trkpt lat="47.2202234" lon="9.328064">
        <ele>1143.4</ele>
        <time>2026-09-03T13:50:21Z</time>
        <hdop>6.6</hdop>
        <extensions>
          <osmand:speed>1</osmand:speed>
        </extensions>
      </trkpt>
      <trkpt lat="47.2202183" lon="9.327995">
        <ele>1142.4</ele>
        <time>2026-09-03T13:50:27Z</time>
        <hdop>7.1</hdop>
        <extensions>
          <osmand:speed>1.2</osmand:speed>
        </extensions>
      </trkpt>
      <trkpt lat="47.2201973" lon="9.3279076">
        <ele>1142.4</ele>
        <time>2026-09-03T13:50:33Z</time>
        <hdop>7.1</hdop>
        <extensions>
          <osmand:speed>0.8</osmand:speed>
        </extensions>
      </trkpt>
      <trkpt lat="47.2201875" lon="9.3278294">
        <ele>1141.4</ele>
        <time>2026-09-03T13:50:39Z</time>
        <hdop>8.2</hdop>
        <extensions>
          <osmand:speed>0.3</osmand:speed>
        </extensions>
      </trkpt>
      <trkpt lat="47.220181" lon="9.3277491">
        <ele>1140.4</ele>
        <time>2026-09-03T13:50:45Z</time>
        <hdop>10.2</hdop>
        <extensions>
          <osmand:speed>0.5</osmand:speed>
        </extensions>
      </trkpt>
      <trkpt lat="47.2201761" lon="9.327664">
        <ele>1140.4</ele>
        <time>2026-09-03T13:50:51Z</time>
        <hdop>8.2</hdop>
        <extensions>
          <osmand:speed>1</osmand:speed>
        </extensions>
      </trkpt>
      <trkpt lat="47.2201743" lon="9.3275787">
        <ele>1137.4</ele>
        <time>2026-09-03T13:50:57Z</time>
        <hdop>8.7</hdop>
        <extensions>
          <osmand:speed>0.5</osmand:speed>
        </extensions>
      </trkpt>
      <trkpt lat="47.2201559" lon="9.3274941">
        <ele>1134.4</ele>
        <time>2026-09-03T13:51:03Z</time>
        <hdop>6.6</hdop>
        <extensions>
          <osmand:speed>0.3</osmand:speed>
        </extensions>
      </trkpt>
      <trkpt lat="47.2201012" lon="9.3274351">
        <ele>1134.4</ele>
        <time>2026-09-03T13:51:09Z</time>
        <hdop>10.2</hdop>
        <extensions>
          <osmand:speed>1.2</osmand:speed>
        </extensions>
      </trkpt>
      <trkpt lat="47.2200712" lon="9.3273788">
        <ele>1133.4</ele>
        <time>2026-09-03T13:51:15Z</time>
        <hdop>8.7</hdop>
        <extensions>
          <osmand:speed>1</osmand:speed>
        </extensions>
      </trkpt>
      <trkpt lat="47.2200486" lon="9.327281">
        <ele>1132.4</ele>
        <time>2026-09-03T13:51:21Z</time>
        <hdop>8.7</hdop>
        <extensions>
          <osmand:speed>0.8</osmand:speed>
        </extensions>
      </trkpt>
      <trkpt lat="47.2200328" lon="9.3271579">
        <ele>1131.4</ele>
        <time>2026-09-03T13:51:27Z</time>
        <hdop>7.7</hdop>
        <extensions>
          <osmand:speed>0.8</osmand:speed>
        </extensions>
      </trkpt>
      <trkpt lat="47.2200406" lon="9.3270176">
        <ele>1130.4</ele>
        <time>2026-09-03T13:51:33Z</time>
        <hdop>6.6</hdop>
        <extensions>
          <osmand:speed>1</osmand:speed>
        </extensions>
      </trkpt>
      <trkpt lat="47.2200227" lon="9.3269343">
        <ele>1129.4</ele>
        <time>2026-09-03T13:51:39Z</time>
        <hdop>5.6</hdop>
        <extensions>
          <osmand:speed>1.1</osmand:speed>
        </extensions>
      </trkpt>
      <trkpt lat="47.2200223" lon="9.3268503">
        <ele>1128.4</ele>
        <time>2026-09-03T13:51:45Z</time>
        <hdop>5.6</hdop>
        <extensions>
          <osmand:speed>1.1</osmand:speed>
        </extensions>
      </trkpt>
      <trkpt lat="47.2200182" lon="9.3267622">
        <ele>1127.4</ele>
        <time>2026-09-03T13:51:51Z</time>
        <hdop>5.1</hdop>
        <extensions>
          <osmand:speed>0.9</osmand:speed>
        </extensions>
      </trkpt>
      <trkpt lat="47.22001" lon="9.326669">
        <ele>1125.4</ele>
        <time>2026-09-03T13:51:57Z</time>
        <hdop>6.1</hdop>
        <extensions>
          <osmand:speed>0.9</osmand:speed>
        </extensions>
      </trkpt>
      <trkpt lat="47.2200046" lon="9.3265712">
        <ele>1125.4</ele>
        <time>2026-09-03T13:52:03Z</time>
        <hdop>5.1</hdop>
        <extensions>
          <osmand:speed>0.8</osmand:speed>
        </extensions>
      </trkpt>
      <trkpt lat="47.2200009" lon="9.3265038">
        <ele>1122.4</ele>
        <time>2026-09-03T13:52:09Z</time>
        <hdop>5.6</hdop>
        <extensions>
          <osmand:speed>0.7</osmand:speed>
        </extensions>
      </trkpt>
      <trkpt lat="47.2200078" lon="9.3264106">
        <ele>1122.4</ele>
        <time>2026-09-03T13:52:15Z</time>
        <hdop>5.1</hdop>
        <extensions>
          <osmand:speed>1.1</osmand:speed>
        </extensions>
      </trkpt>
      <trkpt lat="47.2200122" lon="9.3263017">
        <ele>1123.4</ele>
        <time>2026-09-03T13:52:21Z</time>
        <hdop>5.1</hdop>
        <extensions>
          <osmand:speed>1.1</osmand:speed>
        </extensions>
      </trkpt>
      <trkpt lat="47.220008" lon="9.326224">
        <ele>1122.4</ele>
        <time>2026-09-03T13:52:27Z</time>
        <hdop>4.6</hdop>
        <extensions>
          <osmand:speed>0.8</osmand:speed>
        </extensions>
      </trkpt>
      <trkpt lat="47.2200071" lon="9.3261806">
        <ele>1123.4</ele>
        <time>2026-09-03T13:52:33Z</time>
        <hdop>4.6</hdop>
      </trkpt>
      <trkpt lat="47.2199966" lon="9.3261324">
        <ele>1123.4</ele>
        <time>2026-09-03T13:52:39Z</time>
        <hdop>5.6</hdop>
        <extensions>
          <osmand:speed>1.1</osmand:speed>
        </extensions>
      </trkpt>
      <trkpt lat="47.2199998" lon="9.3260341">
        <ele>1123.4</ele>
        <time>2026-09-03T13:52:45Z</time>
        <hdop>5.1</hdop>
        <extensions>
          <osmand:speed>1</osmand:speed>
        </extensions>
      </trkpt>
      <trkpt lat="47.2200166" lon="9.3259341">
        <ele>1121.4</ele>
        <time>2026-09-03T13:52:51Z</time>
        <hdop>5.1</hdop>
        <extensions>
          <osmand:speed>1.1</osmand:speed>
        </extensions>
      </trkpt>
      <trkpt lat="47.2200162" lon="9.3258273">
        <ele>1120.4</ele>
        <time>2026-09-03T13:52:57Z</time>
        <hdop>5.1</hdop>
        <extensions>
          <osmand:speed>1.2</osmand:speed>
        </extensions>
      </trkpt>
      <trkpt lat="47.2200169" lon="9.3257562">
        <ele>1118.4</ele>
        <time>2026-09-03T13:53:03Z</time>
        <hdop>5.6</hdop>
        <extensions>
          <osmand:speed>1</osmand:speed>
        </extensions>
      </trkpt>
      <trkpt lat="47.220012" lon="9.3256455">
        <ele>1117.4</ele>
        <time>2026-09-03T13:53:09Z</time>
        <hdop>4.1</hdop>
        <extensions>
          <osmand:speed>1.2</osmand:speed>
        </extensions>
      </trkpt>
      <trkpt lat="47.2200082" lon="9.3255445">
        <ele>1115.4</ele>
        <time>2026-09-03T13:53:15Z</time>
        <hdop>4.6</hdop>
        <extensions>
          <osmand:speed>1</osmand:speed>
        </extensions>
      </trkpt>
      <trkpt lat="47.2200122" lon="9.3254569">
        <ele>1113.4</ele>
        <time>2026-09-03T13:53:21Z</time>
        <hdop>5.1</hdop>
        <extensions>
          <osmand:speed>1</osmand:speed>
        </extensions>
      </trkpt>
      <trkpt lat="47.2199894" lon="9.3253648">
        <ele>1113.4</ele>
        <time>2026-09-03T13:53:27Z</time>
        <hdop>5.1</hdop>
        <extensions>
          <osmand:speed>1.1</osmand:speed>
        </extensions>
      </trkpt>
      <trkpt lat="47.2199766" lon="9.3252679">
        <ele>1110.4</ele>
        <time>2026-09-03T13:53:33Z</time>
        <hdop>4.6</hdop>
        <extensions>
          <osmand:speed>1.2</osmand:speed>
        </extensions>
      </trkpt>
      <trkpt lat="47.219968" lon="9.3251634">
        <ele>1109.4</ele>
        <time>2026-09-03T13:53:39Z</time>
        <hdop>4.6</hdop>
        <extensions>
          <osmand:speed>0.9</osmand:speed>
        </extensions>
      </trkpt>
      <trkpt lat="47.2199735" lon="9.3250824">
        <ele>1110.4</ele>
        <time>2026-09-03T13:53:45Z</time>
        <hdop>5.1</hdop>
        <extensions>
          <osmand:speed>1.1</osmand:speed>
        </extensions>
      </trkpt>
      <trkpt lat="47.2199486" lon="9.3249906">
        <ele>1110.4</ele>
        <time>2026-09-03T13:53:51Z</time>
        <hdop>5.6</hdop>
        <extensions>
          <osmand:speed>0.7</osmand:speed>
        </extensions>
      </trkpt>
      <trkpt lat="47.2199295" lon="9.3248944">
        <ele>1110.4</ele>
        <time>2026-09-03T13:53:57Z</time>
        <hdop>5.1</hdop>
        <extensions>
          <osmand:speed>1</osmand:speed>
        </extensions>
      </trkpt>
      <trkpt lat="47.2199281" lon="9.3248009">
        <ele>1110.4</ele>
        <time>2026-09-03T13:54:03Z</time>
        <hdop>6.1</hdop>
        <extensions>
          <osmand:speed>0.7</osmand:speed>
        </extensions>
      </trkpt>
      <trkpt lat="47.2199138" lon="9.3247079">
        <ele>1110.4</ele>
        <time>2026-09-03T13:54:09Z</time>
        <hdop>6.1</hdop>
        <extensions>
          <osmand:speed>1</osmand:speed>
        </extensions>
      </trkpt>
      <trkpt lat="47.2198854" lon="9.3246291">
        <ele>1109.4</ele>
        <time>2026-09-03T13:54:15Z</time>
        <hdop>8.2</hdop>
        <extensions>
          <osmand:speed>0.9</osmand:speed>
        </extensions>
      </trkpt>
      <trkpt lat="47.2198616" lon="9.3245247">
        <ele>1108.4</ele>
        <time>2026-09-03T13:54:21Z</time>
        <hdop>6.6</hdop>
        <extensions>
          <osmand:speed>1</osmand:speed>
        </extensions>
      </trkpt>
      <trkpt lat="47.2198367" lon="9.3244522">
        <ele>1107.4</ele>
        <time>2026-09-03T13:54:27Z</time>
        <hdop>6.6</hdop>
        <extensions>
          <osmand:speed>0.7</osmand:speed>
        </extensions>
      </trkpt>
      <trkpt lat="47.2198044" lon="9.3243734">
        <ele>1105.4</ele>
        <time>2026-09-03T13:54:33Z</time>
        <hdop>6.1</hdop>
        <extensions>
          <osmand:speed>1.1</osmand:speed>
        </extensions>
      </trkpt>
      <trkpt lat="47.219788" lon="9.3242985">
        <ele>1103.4</ele>
        <time>2026-09-03T13:54:39Z</time>
        <hdop>6.1</hdop>
        <extensions>
          <osmand:speed>0.8</osmand:speed>
        </extensions>
      </trkpt>
      <trkpt lat="47.2197759" lon="9.3242224">
        <ele>1103.4</ele>
        <time>2026-09-03T13:54:45Z</time>
        <hdop>6.1</hdop>
        <extensions>
          <osmand:speed>0.9</osmand:speed>
        </extensions>
      </trkpt>
      <trkpt lat="47.2197845" lon="9.3241184">
        <ele>1103.4</ele>
        <time>2026-09-03T13:54:51Z</time>
        <hdop>7.7</hdop>
        <extensions>
          <osmand:speed>0.9</osmand:speed>
        </extensions>
      </trkpt>
      <trkpt lat="47.2197947" lon="9.324041">
        <ele>1102.4</ele>
        <time>2026-09-03T13:54:57Z</time>
        <hdop>7.7</hdop>
        <extensions>
          <osmand:speed>0.7</osmand:speed>
        </extensions>
      </trkpt>
      <trkpt lat="47.219802" lon="9.3239381">
        <ele>1102.4</ele>
        <time>2026-09-03T13:55:03Z</time>
        <hdop>8.2</hdop>
        <extensions>
          <osmand:speed>1.1</osmand:speed>
        </extensions>
      </trkpt>
      <trkpt lat="47.2197979" lon="9.3238494">
        <ele>1102.4</ele>
        <time>2026-09-03T13:55:09Z</time>
        <hdop>8.2</hdop>
        <extensions>
          <osmand:speed>0.8</osmand:speed>
        </extensions>
      </trkpt>
      <trkpt lat="47.2197878" lon="9.3237587">
        <ele>1101.4</ele>
        <time>2026-09-03T13:55:15Z</time>
        <hdop>8.7</hdop>
        <extensions>
          <osmand:speed>1</osmand:speed>
        </extensions>
      </trkpt>
      <trkpt lat="47.2197904" lon="9.3236413">
        <ele>1100.4</ele>
        <time>2026-09-03T13:55:21Z</time>
        <hdop>6.6</hdop>
        <extensions>
          <osmand:speed>1</osmand:speed>
        </extensions>
      </trkpt>
      <trkpt lat="47.2197833" lon="9.3235377">
        <ele>1100.4</ele>
        <time>2026-09-03T13:55:27Z</time>
        <hdop>10.2</hdop>
        <extensions>
          <osmand:speed>0.6</osmand:speed>
        </extensions>
      </trkpt>
      <trkpt lat="47.2197819" lon="9.3234546">
        <ele>1100.4</ele>
        <time>2026-09-03T13:55:33Z</time>
        <hdop>9.2</hdop>
        <extensions>
          <osmand:speed>1</osmand:speed>
        </extensions>
      </trkpt>
      <trkpt lat="47.219764" lon="9.3233841">
        <ele>1100.4</ele>
        <time>2026-09-03T13:55:39Z</time>
        <hdop>8.2</hdop>
        <extensions>
          <osmand:speed>0.8</osmand:speed>
        </extensions>
      </trkpt>
      <trkpt lat="47.2197569" lon="9.3232748">
        <ele>1099.4</ele>
        <time>2026-09-03T13:55:45Z</time>
        <hdop>9.2</hdop>
        <extensions>
          <osmand:speed>1</osmand:speed>
        </extensions>
      </trkpt>
      <trkpt lat="47.2197383" lon="9.3231797">
        <ele>1099.4</ele>
        <time>2026-09-03T13:55:51Z</time>
        <hdop>11.2</hdop>
        <extensions>
          <osmand:speed>0.6</osmand:speed>
        </extensions>
      </trkpt>
      <trkpt lat="47.2197198" lon="9.3230808">
        <ele>1099.4</ele>
        <time>2026-09-03T13:55:57Z</time>
        <hdop>10.2</hdop>
        <extensions>
          <osmand:speed>0.8</osmand:speed>
        </extensions>
      </trkpt>
      <trkpt lat="47.2197285" lon="9.322996">
        <ele>1098.4</ele>
        <time>2026-09-03T13:56:03Z</time>
        <hdop>10.2</hdop>
        <extensions>
          <osmand:speed>0.5</osmand:speed>
        </extensions>
      </trkpt>
      <trkpt lat="47.2197066" lon="9.3228954">
        <ele>1097.4</ele>
        <time>2026-09-03T13:56:09Z</time>
        <hdop>8.7</hdop>
        <extensions>
          <osmand:speed>0.7</osmand:speed>
        </extensions>
      </trkpt>
      <trkpt lat="47.2196865" lon="9.3227964">
        <ele>1096.4</ele>
        <time>2026-09-03T13:56:15Z</time>
        <hdop>10.2</hdop>
        <extensions>
          <osmand:speed>0.9</osmand:speed>
        </extensions>
      </trkpt>
      <trkpt lat="47.2196735" lon="9.3226829">
        <ele>1095.4</ele>
        <time>2026-09-03T13:56:21Z</time>
        <hdop>10.2</hdop>
        <extensions>
          <osmand:speed>0.9</osmand:speed>
        </extensions>
      </trkpt>
      <trkpt lat="47.2196415" lon="9.3225899">
        <ele>1094.4</ele>
        <time>2026-09-03T13:56:27Z</time>
        <hdop>8.7</hdop>
        <extensions>
          <osmand:speed>1.4</osmand:speed>
        </extensions>
      </trkpt>
      <trkpt lat="47.2196325" lon="9.3224661">
        <ele>1093.4</ele>
        <time>2026-09-03T13:56:33Z</time>
        <hdop>8.7</hdop>
        <extensions>
          <osmand:speed>0.8</osmand:speed>
        </extensions>
      </trkpt>
      <trkpt lat="47.2196016" lon="9.3223815">
        <ele>1092.4</ele>
        <time>2026-09-03T13:56:39Z</time>
        <hdop>7.7</hdop>
        <extensions>
          <osmand:speed>1.3</osmand:speed>
        </extensions>
      </trkpt>
      <trkpt lat="47.2195776" lon="9.3222743">
        <ele>1092.4</ele>
        <time>2026-09-03T13:56:45Z</time>
        <hdop>8.7</hdop>
        <extensions>
          <osmand:speed>1</osmand:speed>
        </extensions>
      </trkpt>
      <trkpt lat="47.2195402" lon="9.3221772">
        <ele>1092.4</ele>
        <time>2026-09-03T13:56:51Z</time>
        <hdop>6.1</hdop>
        <extensions>
          <osmand:speed>0.9</osmand:speed>
        </extensions>
      </trkpt>
      <trkpt lat="47.2195088" lon="9.3220841">
        <ele>1091.4</ele>
        <time>2026-09-03T13:56:57Z</time>
        <hdop>5.6</hdop>
        <extensions>
          <osmand:speed>1</osmand:speed>
        </extensions>
      </trkpt>
      <trkpt lat="47.2194887" lon="9.3219904">
        <ele>1091.4</ele>
        <time>2026-09-03T13:57:03Z</time>
        <hdop>5.1</hdop>
        <extensions>
          <osmand:speed>1</osmand:speed>
        </extensions>
      </trkpt>
      <trkpt lat="47.2194644" lon="9.3218824">
        <ele>1091.4</ele>
        <time>2026-09-03T13:57:09Z</time>
        <hdop>5.1</hdop>
        <extensions>
          <osmand:speed>1</osmand:speed>
        </extensions>
      </trkpt>
      <trkpt lat="47.2194255" lon="9.3217754">
        <ele>1091.4</ele>
        <time>2026-09-03T13:57:15Z</time>
        <hdop>5.6</hdop>
        <extensions>
          <osmand:speed>1.3</osmand:speed>
        </extensions>
      </trkpt>
      <trkpt lat="47.2193866" lon="9.3216883">
        <ele>1092.4</ele>
        <time>2026-09-03T13:57:21Z</time>
        <hdop>5.6</hdop>
        <extensions>
          <osmand:speed>1.4</osmand:speed>
        </extensions>
      </trkpt>
      <trkpt lat="47.2193747" lon="9.3216109">
        <ele>1092.4</ele>
        <time>2026-09-03T13:57:27Z</time>
        <hdop>5.6</hdop>
        <extensions>
          <osmand:speed>0.8</osmand:speed>
        </extensions>
      </trkpt>
      <trkpt lat="47.2193595" lon="9.3215128">
        <ele>1092.4</ele>
        <time>2026-09-03T13:57:33Z</time>
        <hdop>5.1</hdop>
        <extensions>
          <osmand:speed>1.2</osmand:speed>
        </extensions>
      </trkpt>
      <trkpt lat="47.2193255" lon="9.3214005">
        <ele>1092.4</ele>
        <time>2026-09-03T13:57:39Z</time>
        <hdop>5.6</hdop>
        <extensions>
          <osmand:speed>1.2</osmand:speed>
        </extensions>
      </trkpt>
      <trkpt lat="47.2193016" lon="9.3213051">
        <ele>1093.4</ele>
        <time>2026-09-03T13:57:45Z</time>
        <hdop>5.1</hdop>
        <extensions>
          <osmand:speed>1.2</osmand:speed>
        </extensions>
      </trkpt>
      <trkpt lat="47.219276" lon="9.3212335">
        <ele>1093.4</ele>
        <time>2026-09-03T13:57:51Z</time>
        <hdop>5.1</hdop>
        <extensions>
          <osmand:speed>1</osmand:speed>
        </extensions>
      </trkpt>
      <trkpt lat="47.2192482" lon="9.3211446">
        <ele>1092.4</ele>
        <time>2026-09-03T13:57:57Z</time>
        <hdop>6.1</hdop>
        <extensions>
          <osmand:speed>1.1</osmand:speed>
        </extensions>
      </trkpt>
      <trkpt lat="47.2192196" lon="9.321059">
        <ele>1092.4</ele>
        <time>2026-09-03T13:58:03Z</time>
        <hdop>6.1</hdop>
        <extensions>
          <osmand:speed>1</osmand:speed>
        </extensions>
      </trkpt>
      <trkpt lat="47.2191688" lon="9.3209639">
        <ele>1093.4</ele>
        <time>2026-09-03T13:58:09Z</time>
        <hdop>6.6</hdop>
        <extensions>
          <osmand:speed>1.3</osmand:speed>
        </extensions>
      </trkpt>
      <trkpt lat="47.2191421" lon="9.3208663">
        <ele>1092.4</ele>
        <time>2026-09-03T13:58:15Z</time>
        <hdop>6.1</hdop>
        <extensions>
          <osmand:speed>1.1</osmand:speed>
        </extensions>
      </trkpt>
      <trkpt lat="47.2191314" lon="9.3207569">
        <ele>1091.4</ele>
        <time>2026-09-03T13:58:21Z</time>
        <hdop>6.1</hdop>
        <extensions>
          <osmand:speed>1.3</osmand:speed>
        </extensions>
      </trkpt>
      <trkpt lat="47.2191064" lon="9.320656">
        <ele>1091.4</ele>
        <time>2026-09-03T13:58:27Z</time>
        <hdop>7.1</hdop>
        <extensions>
          <osmand:speed>0.9</osmand:speed>
        </extensions>
      </trkpt>
      <trkpt lat="47.2190689" lon="9.3205614">
        <ele>1091.4</ele>
        <time>2026-09-03T13:58:33Z</time>
        <hdop>5.1</hdop>
        <extensions>
          <osmand:speed>1</osmand:speed>
        </extensions>
      </trkpt>
      <trkpt lat="47.2190412" lon="9.3204547">
        <ele>1092.4</ele>
        <time>2026-09-03T13:58:39Z</time>
        <hdop>5.6</hdop>
        <extensions>
          <osmand:speed>1.1</osmand:speed>
        </extensions>
      </trkpt>
      <trkpt lat="47.2190113" lon="9.3203615">
        <ele>1091.4</ele>
        <time>2026-09-03T13:58:45Z</time>
        <hdop>5.6</hdop>
        <extensions>
          <osmand:speed>1.1</osmand:speed>
        </extensions>
      </trkpt>
      <trkpt lat="47.2189816" lon="9.3202751">
        <ele>1091.4</ele>
        <time>2026-09-03T13:58:51Z</time>
        <hdop>5.6</hdop>
        <extensions>
          <osmand:speed>1.2</osmand:speed>
        </extensions>
      </trkpt>
      <trkpt lat="47.2189484" lon="9.3201632">
        <ele>1091.4</ele>
        <time>2026-09-03T13:58:57Z</time>
        <hdop>5.1</hdop>
        <extensions>
          <osmand:speed>1.3</osmand:speed>
        </extensions>
      </trkpt>
      <trkpt lat="47.2189134" lon="9.3200799">
        <ele>1091.4</ele>
        <time>2026-09-03T13:59:03Z</time>
        <hdop>4.6</hdop>
        <extensions>
          <osmand:speed>1</osmand:speed>
        </extensions>
      </trkpt>
      <trkpt lat="47.2188737" lon="9.3199712">
        <ele>1088.4</ele>
        <time>2026-09-03T13:59:09Z</time>
        <hdop>4.6</hdop>
        <extensions>
          <osmand:speed>1.1</osmand:speed>
        </extensions>
      </trkpt>
      <trkpt lat="47.2188405" lon="9.3198952">
        <ele>1088.4</ele>
        <time>2026-09-03T13:59:15Z</time>
        <hdop>4.1</hdop>
        <extensions>
          <osmand:speed>1.2</osmand:speed>
        </extensions>
      </trkpt>
      <trkpt lat="47.2187873" lon="9.3198252">
        <ele>1088.4</ele>
        <time>2026-09-03T13:59:21Z</time>
        <hdop>4.6</hdop>
        <extensions>
          <osmand:speed>1.2</osmand:speed>
        </extensions>
      </trkpt>
      <trkpt lat="47.2187409" lon="9.3197635">
        <ele>1089.4</ele>
        <time>2026-09-03T13:59:27Z</time>
        <hdop>4.6</hdop>
        <extensions>
          <osmand:speed>1.3</osmand:speed>
        </extensions>
      </trkpt>
      <trkpt lat="47.2186933" lon="9.3196803">
        <ele>1088.4</ele>
        <time>2026-09-03T13:59:33Z</time>
        <hdop>4.1</hdop>
        <extensions>
          <osmand:speed>1.2</osmand:speed>
        </extensions>
      </trkpt>
      <trkpt lat="47.2186439" lon="9.3196076">
        <ele>1086.4</ele>
        <time>2026-09-03T13:59:39Z</time>
        <hdop>4.1</hdop>
        <extensions>
          <osmand:speed>1.2</osmand:speed>
        </extensions>
      </trkpt>
      <trkpt lat="47.2186061" lon="9.3195324">
        <ele>1087.4</ele>
        <time>2026-09-03T13:59:45Z</time>
        <hdop>4.1</hdop>
        <extensions>
          <osmand:speed>1</osmand:speed>
        </extensions>
      </trkpt>
      <trkpt lat="47.2185629" lon="9.3194744">
        <ele>1086.4</ele>
        <time>2026-09-03T13:59:51Z</time>
        <hdop>4.1</hdop>
        <extensions>
          <osmand:speed>1.1</osmand:speed>
        </extensions>
      </trkpt>
      <trkpt lat="47.2185341" lon="9.3194175">
        <ele>1087.4</ele>
        <time>2026-09-03T13:59:57Z</time>
        <hdop>4.6</hdop>
        <extensions>
          <osmand:speed>0.3</osmand:speed>
        </extensions>
      </trkpt>
      <trkpt lat="47.2185189" lon="9.319394">
        <ele>1085.4</ele>
        <time>2026-09-03T14:00:12Z</time>
        <hdop>3.6</hdop>
        <extensions>
          <osmand:speed>1</osmand:speed>
        </extensions>
      </trkpt>
      <trkpt lat="47.2185003" lon="9.3193115">
        <ele>1084.4</ele>
        <time>2026-09-03T14:00:18Z</time>
        <hdop>8.2</hdop>
        <extensions>
          <osmand:speed>3.2</osmand:speed>
        </extensions>
      </trkpt>
      <trkpt lat="47.2184783" lon="9.3193237">
        <ele>1085.4</ele>
        <time>2026-09-03T14:00:35Z</time>
        <hdop>6.1</hdop>
        <extensions>
          <osmand:speed>0.4</osmand:speed>
        </extensions>
      </trkpt>
      <trkpt lat="47.2184448" lon="9.3192991">
        <ele>1087.4</ele>
        <time>2026-09-03T14:00:41Z</time>
        <hdop>5.1</hdop>
        <extensions>
          <osmand:speed>0.7</osmand:speed>
        </extensions>
      </trkpt>
      <trkpt lat="47.2184215" lon="9.319281">
        <ele>1085.4</ele>
        <time>2026-09-03T14:00:47Z</time>
        <hdop>5.1</hdop>
        <extensions>
          <osmand:speed>0.5</osmand:speed>
        </extensions>
      </trkpt>
      <trkpt lat="47.2184027" lon="9.3192651">
        <ele>1084.4</ele>
        <time>2026-09-03T14:01:20Z</time>
        <hdop>4.6</hdop>
        <extensions>
          <osmand:speed>0.4</osmand:speed>
        </extensions>
      </trkpt>
      <trkpt lat="47.2183583" lon="9.3191994">
        <ele>1084.4</ele>
        <time>2026-09-03T14:01:26Z</time>
        <hdop>4.6</hdop>
        <extensions>
          <osmand:speed>1.3</osmand:speed>
        </extensions>
      </trkpt>
      <trkpt lat="47.2183314" lon="9.3191274">
        <ele>1083.4</ele>
        <time>2026-09-03T14:01:32Z</time>
        <hdop>5.6</hdop>
        <extensions>
          <osmand:speed>0.4</osmand:speed>
        </extensions>
      </trkpt>
      <trkpt lat="47.2182859" lon="9.3191464">
        <ele>1083.4</ele>
        <time>2026-09-03T14:01:38Z</time>
        <hdop>6.1</hdop>
        <extensions>
          <osmand:speed>0.9</osmand:speed>
        </extensions>
      </trkpt>
      <trkpt lat="47.2182876" lon="9.3190893">
        <ele>1081.4</ele>
        <time>2026-09-03T14:01:44Z</time>
        <hdop>3.6</hdop>
        <extensions>
          <osmand:speed>1.2</osmand:speed>
        </extensions>
      </trkpt>
      <trkpt lat="47.2182372" lon="9.3190107">
        <ele>1081.4</ele>
        <time>2026-09-03T14:01:50Z</time>
        <hdop>3.6</hdop>
        <extensions>
          <osmand:speed>1.3</osmand:speed>
        </extensions>
      </trkpt>
      <trkpt lat="47.2181914" lon="9.3189384">
        <ele>1081.4</ele>
        <time>2026-09-03T14:01:56Z</time>
        <hdop>3.6</hdop>
        <extensions>
          <osmand:speed>1.1</osmand:speed>
        </extensions>
      </trkpt>
      <trkpt lat="47.2181486" lon="9.318862">
        <ele>1081.4</ele>
        <time>2026-09-03T14:02:02Z</time>
        <hdop>3.6</hdop>
        <extensions>
          <osmand:speed>1</osmand:speed>
        </extensions>
      </trkpt>
      <trkpt lat="47.2181061" lon="9.318797">
        <ele>1081.4</ele>
        <time>2026-09-03T14:02:08Z</time>
        <hdop>3.6</hdop>
        <extensions>
          <osmand:speed>1.4</osmand:speed>
        </extensions>
      </trkpt>
      <trkpt lat="47.2180504" lon="9.3187145">
        <ele>1080.4</ele>
        <time>2026-09-03T14:02:14Z</time>
        <hdop>3.6</hdop>
        <extensions>
          <osmand:speed>1.5</osmand:speed>
        </extensions>
      </trkpt>
      <trkpt lat="47.2179955" lon="9.318649">
        <ele>1080.4</ele>
        <time>2026-09-03T14:02:20Z</time>
        <hdop>3.6</hdop>
        <extensions>
          <osmand:speed>1.4</osmand:speed>
        </extensions>
      </trkpt>
      <trkpt lat="47.2179506" lon="9.3185626">
        <ele>1079.4</ele>
        <time>2026-09-03T14:02:26Z</time>
        <hdop>3.6</hdop>
        <extensions>
          <osmand:speed>1.2</osmand:speed>
        </extensions>
      </trkpt>
      <trkpt lat="47.2179087" lon="9.3184672">
        <ele>1078.4</ele>
        <time>2026-09-03T14:02:32Z</time>
        <hdop>4.1</hdop>
        <extensions>
          <osmand:speed>1.4</osmand:speed>
        </extensions>
      </trkpt>
      <trkpt lat="47.2178578" lon="9.3184101">
        <ele>1077.4</ele>
        <time>2026-09-03T14:02:38Z</time>
        <hdop>5.1</hdop>
        <extensions>
          <osmand:speed>1.2</osmand:speed>
        </extensions>
      </trkpt>
      <trkpt lat="47.2178242" lon="9.3183333">
        <ele>1076.4</ele>
        <time>2026-09-03T14:02:44Z</time>
        <hdop>4.1</hdop>
        <extensions>
          <osmand:speed>1.2</osmand:speed>
        </extensions>
      </trkpt>
      <trkpt lat="47.217776" lon="9.318254">
        <ele>1075.4</ele>
        <time>2026-09-03T14:02:50Z</time>
        <hdop>4.1</hdop>
        <extensions>
          <osmand:speed>1</osmand:speed>
        </extensions>
      </trkpt>
      <trkpt lat="47.2177222" lon="9.3181445">
        <ele>1075.4</ele>
        <time>2026-09-03T14:02:56Z</time>
        <hdop>5.1</hdop>
        <extensions>
          <osmand:speed>1.5</osmand:speed>
        </extensions>
      </trkpt>
      <trkpt lat="47.2176938" lon="9.3180689">
        <ele>1076.4</ele>
        <time>2026-09-03T14:03:02Z</time>
        <hdop>4.6</hdop>
        <extensions>
          <osmand:speed>0.9</osmand:speed>
        </extensions>
      </trkpt>
      <trkpt lat="47.2176418" lon="9.3180102">
        <ele>1076.4</ele>
        <time>2026-09-03T14:03:08Z</time>
        <hdop>4.1</hdop>
        <extensions>
          <osmand:speed>1.1</osmand:speed>
        </extensions>
      </trkpt>
      <trkpt lat="47.2176326" lon="9.3179728">
        <ele>1076.4</ele>
        <time>2026-09-03T14:03:14Z</time>
        <hdop>3.6</hdop>
      </trkpt>
      <trkpt lat="47.217615" lon="9.3179112">
        <ele>1076.4</ele>
        <time>2026-09-03T14:03:20Z</time>
        <hdop>4.6</hdop>
        <extensions>
          <osmand:speed>1</osmand:speed>
        </extensions>
      </trkpt>
      <trkpt lat="47.2175756" lon="9.3178363">
        <ele>1076.4</ele>
        <time>2026-09-03T14:03:26Z</time>
        <hdop>4.6</hdop>
        <extensions>
          <osmand:speed>1.5</osmand:speed>
        </extensions>
      </trkpt>
      <trkpt lat="47.2175254" lon="9.3177566">
        <ele>1075.4</ele>
        <time>2026-09-03T14:03:32Z</time>
        <hdop>4.6</hdop>
        <extensions>
          <osmand:speed>1.1</osmand:speed>
        </extensions>
      </trkpt>
      <trkpt lat="47.2174939" lon="9.3176944">
        <ele>1075.4</ele>
        <time>2026-09-03T14:03:38Z</time>
        <hdop>4.1</hdop>
        <extensions>
          <osmand:speed>1.2</osmand:speed>
        </extensions>
      </trkpt>
      <trkpt lat="47.2174532" lon="9.3176027">
        <ele>1073.4</ele>
        <time>2026-09-03T14:03:44Z</time>
        <hdop>4.6</hdop>
        <extensions>
          <osmand:speed>1.3</osmand:speed>
        </extensions>
      </trkpt>
      <trkpt lat="47.2174189" lon="9.3175185">
        <ele>1073.4</ele>
        <time>2026-09-03T14:03:50Z</time>
        <hdop>4.1</hdop>
        <extensions>
          <osmand:speed>1.2</osmand:speed>
        </extensions>
      </trkpt>
      <trkpt lat="47.2173754" lon="9.3174299">
        <ele>1074.4</ele>
        <time>2026-09-03T14:03:56Z</time>
        <hdop>5.1</hdop>
        <extensions>
          <osmand:speed>1.2</osmand:speed>
        </extensions>
      </trkpt>
      <trkpt lat="47.2173402" lon="9.317333">
        <ele>1072.4</ele>
        <time>2026-09-03T14:04:02Z</time>
        <hdop>4.1</hdop>
        <extensions>
          <osmand:speed>1.4</osmand:speed>
        </extensions>
      </trkpt>
      <trkpt lat="47.2173039" lon="9.3172651">
        <ele>1073.4</ele>
        <time>2026-09-03T14:04:08Z</time>
        <hdop>4.1</hdop>
        <extensions>
          <osmand:speed>1</osmand:speed>
        </extensions>
      </trkpt>
      <trkpt lat="47.2172606" lon="9.3171921">
        <ele>1074.4</ele>
        <time>2026-09-03T14:04:14Z</time>
        <hdop>4.6</hdop>
        <extensions>
          <osmand:speed>1</osmand:speed>
        </extensions>
      </trkpt>
      <trkpt lat="47.2172149" lon="9.3171362">
        <ele>1073.4</ele>
        <time>2026-09-03T14:04:20Z</time>
        <hdop>4.6</hdop>
        <extensions>
          <osmand:speed>1.2</osmand:speed>
        </extensions>
      </trkpt>
      <trkpt lat="47.2171583" lon="9.3171429">
        <ele>1075.4</ele>
        <time>2026-09-03T14:04:26Z</time>
        <hdop>4.6</hdop>
        <extensions>
          <osmand:speed>1.9</osmand:speed>
        </extensions>
      </trkpt>
    </trkseg>
  </trk>
  <extensions>
    <osmand:show_arrows>false</osmand:show_arrows>
    <osmand:show_start_finish>true</osmand:show_start_finish>
    <osmand:split_interval>0.0</osmand:split_interval>
    <osmand:split_type>no_split</osmand:split_type>
    <osmand:line_3d_visualization_by_type>none</osmand:line_3d_visualization_by_type>
    <osmand:line_3d_visualization_wall_color_type>none</osmand:line_3d_visualization_wall_color_type>
    <osmand:line_3d_visualization_position_type>top</osmand:line_3d_visualization_position_type>
    <osmand:vertical_exaggeration_scale>1.0</osmand:vertical_exaggeration_scale>
    <osmand:elevation_meters>1000.0</osmand:elevation_meters>
    <osmand:width></osmand:width>
    <osmand:coloring_type>solid</osmand:coloring_type>
  </extensions>
</gpx>