<?xml version="1.0" encoding="UTF-8"?>
<gpx version="1.1" creator="OsmAnd+ 4.2.7" schemaLocation="http://www.topografix.com/GPX/1/1 http://www.topografix.com/GPX/1/1/gpx.xsd" xmlns="http://www.topografix.com/GPX/1/1" xmlns:xsi="http://www.w3.org/2001/XMLSchema-instance" xsi:schemaLocation="http://www.topografix.com/GPX/1/1 http://www.topografix.com/GPX/1/1/gpx.xsd http://www.garmin.com/xmlschemas/GpxExtensions/v3 http://www.garmin.com/xmlschemas/GpxExtensionsv3.xsd http://www.garmin.com/xmlschemas/TrackPointExtension/v1 http://www.garmin.com/xmlschemas/TrackPointExtensionv1.xsd http://www.garmin.com/xmlschemas/PowerExtension/v1 http://www.garmin.com/xmlschemas/PowerExtensionv1.xsd http://www.topografix.com/GPX/gpx_style/0/2 http://www.topografix.com/GPX/gpx_style/0/2/gpx_style.xsd" xmlns:gpxtpx="http://www.garmin.com/xmlschemas/TrackPointExtension/v1" xmlns:gpxx="http://www.garmin.com/xmlschemas/GpxExtensions/v3" xmlns:gpxpx="http://www.garmin.com/xmlschemas/PowerExtension/v1" xmlns:gpx_style="http://www.topografix.com/GPX/gpx_style/0/2">
  <metadata>
    <name>2022-07-24_11-26_Sun</name>
    <author>
      <name>gpx.studio</name>
      <link href="https://gpx.studio"/>
    </author>
    <time>2022-07-24T15:29:36.000Z</time>
  </metadata>
  <trk>
    <name>2022-07-24_11-26_Sun</name>
    <trkseg>
      <trkpt lat="47.38798" lon="9.750666">
        <ele>969.52</ele>
        <time>2022-07-24T09:00:04.000Z</time>
      </trkpt>
      <trkpt lat="47.387887" lon="9.750669">
        <ele>969.82</ele>
        <time>2022-07-24T09:00:54.420Z</time>
      </trkpt>
      <trkpt lat="47.387833" lon="9.750722">
        <ele>968.84</ele>
        <time>2022-07-24T09:01:29.562Z</time>
      </trkpt>
      <trkpt lat="47.387806" lon="9.750782">
        <ele>967.34</ele>
        <time>2022-07-24T09:01:56.000Z</time>
      </trkpt>
      <trkpt lat="47.387744" lon="9.750712">
        <ele>966.35</ele>
        <time>2022-07-24T09:02:38.299Z</time>
      </trkpt>
      <trkpt lat="47.387674" lon="9.750612">
        <ele>963.61</ele>
        <time>2022-07-24T09:03:31.084Z</time>
      </trkpt>
      <trkpt lat="47.387561" lon="9.750412">
        <ele>960.33</ele>
        <time>2022-07-24T09:05:06.678Z</time>
      </trkpt>
      <trkpt lat="47.387484" lon="9.750294">
        <ele>957.19</ele>
        <time>2022-07-24T09:06:06.820Z</time>
      </trkpt>
      <trkpt lat="47.387434" lon="9.750244">
        <ele>955.87</ele>
        <time>2022-07-24T09:06:39.548Z</time>
      </trkpt>
      <trkpt lat="47.387388" lon="9.750204">
        <ele>956.47</ele>
        <time>2022-07-24T09:07:08.481Z</time>
      </trkpt>
      <trkpt lat="47.387278" lon="9.750178">
        <ele>961.29</ele>
        <time>2022-07-24T09:08:08.862Z</time>
      </trkpt>
      <trkpt lat="47.387212" lon="9.750164">
        <ele>960.96</ele>
        <time>2022-07-24T09:08:45.003Z</time>
      </trkpt>
      <trkpt lat="47.387095" lon="9.750089">
        <ele>960.57</ele>
        <time>2022-07-24T09:09:54.135Z</time>
      </trkpt>
      <trkpt lat="47.386935" lon="9.749956">
        <ele>948.86</ele>
        <time>2022-07-24T09:11:33.651Z</time>
      </trkpt>
      <trkpt lat="47.386882" lon="9.749906">
        <ele>939.33</ele>
        <time>2022-07-24T09:12:07.738Z</time>
      </trkpt>
      <trkpt lat="47.386847" lon="9.749883">
        <ele>934.71</ele>
        <time>2022-07-24T09:12:28.502Z</time>
      </trkpt>
      <trkpt lat="47.386769" lon="9.749841">
        <ele>926.39</ele>
        <time>2022-07-24T09:13:13.502Z</time>
      </trkpt>
      <trkpt lat="47.386694" lon="9.749817">
        <ele>922.63</ele>
        <time>2022-07-24T09:13:55.097Z</time>
      </trkpt>
      <trkpt lat="47.386543" lon="9.749767">
        <ele>923.46</ele>
        <time>2022-07-24T09:15:18.975Z</time>
      </trkpt>
      <trkpt lat="47.386484" lon="9.749756">
        <ele>923.16</ele>
        <time>2022-07-24T09:15:51.208Z</time>
      </trkpt>
      <trkpt lat="47.386379" lon="9.749781">
        <ele>928.86</ele>
        <time>2022-07-24T09:16:48.855Z</time>
      </trkpt>
      <trkpt lat="47.386367" lon="9.749806">
        <ele>933.31</ele>
        <time>2022-07-24T09:17:00.101Z</time>
      </trkpt>
      <trkpt lat="47.386363" lon="9.749881">
        <ele>939.92</ele>
        <time>2022-07-24T09:17:27.709Z</time>
      </trkpt>
      <trkpt lat="47.386353" lon="9.749973">
        <ele>942.27</ele>
        <time>2022-07-24T09:18:01.903Z</time>
      </trkpt>
      <trkpt lat="47.386298" lon="9.750125">
        <ele>943.34</ele>
        <time>2022-07-24T09:19:05.150Z</time>
      </trkpt>
      <trkpt lat="47.386247" lon="9.750269">
        <ele>942.17</ele>
        <time>2022-07-24T09:20:04.789Z</time>
      </trkpt>
      <trkpt lat="47.386181" lon="9.750328">
        <ele>941.95</ele>
        <time>2022-07-24T09:20:46.605Z</time>
      </trkpt>
      <trkpt lat="47.386137" lon="9.750346">
        <ele>942.13</ele>
        <time>2022-07-24T09:21:11.352Z</time>
      </trkpt>
      <trkpt lat="47.386095" lon="9.750337">
        <ele>941.8</ele>
        <time>2022-07-24T09:21:34.355Z</time>
      </trkpt>
      <trkpt lat="47.386021" lon="9.750288">
        <ele>941.24</ele>
        <time>2022-07-24T09:22:18.311Z</time>
      </trkpt>
      <trkpt lat="47.385903" lon="9.750228">
        <ele>941.39</ele>
        <time>2022-07-24T09:23:25.954Z</time>
      </trkpt>
      <trkpt lat="47.385852" lon="9.750226">
        <ele>941.92</ele>
        <time>2022-07-24T09:23:53.607Z</time>
      </trkpt>
      <trkpt lat="47.385783" lon="9.750248">
        <ele>942.22</ele>
        <time>2022-07-24T09:24:31.868Z</time>
      </trkpt>
      <trkpt lat="47.38554" lon="9.750493">
        <ele>941.4</ele>
        <time>2022-07-24T09:27:11.343Z</time>
      </trkpt>
      <trkpt lat="47.385486" lon="9.750525">
        <ele>940.57</ele>
        <time>2022-07-24T09:27:42.880Z</time>
      </trkpt>
      <trkpt lat="47.385414" lon="9.750537">
        <ele>940.58</ele>
        <time>2022-07-24T09:28:22.153Z</time>
      </trkpt>
      <trkpt lat="47.385325" lon="9.750523">
        <ele>940.26</ele>
        <time>2022-07-24T09:29:10.666Z</time>
      </trkpt>
      <trkpt lat="47.385232" lon="9.750524">
        <ele>940.05</ele>
        <time>2022-07-24T09:30:01.076Z</time>
      </trkpt>
      <trkpt lat="47.385241" lon="9.750615">
        <ele>938.55</ele>
        <time>2022-07-24T09:30:34.826Z</time>
      </trkpt>
      <trkpt lat="47.385214" lon="9.750695">
        <ele>937.69</ele>
        <time>2022-07-24T09:31:07.630Z</time>
      </trkpt>
      <trkpt lat="47.385098" lon="9.75084">
        <ele>936.45</ele>
        <time>2022-07-24T09:32:30.001Z</time>
      </trkpt>
      <trkpt lat="47.3851059" lon="9.7508516">
        <ele>895.1</ele>
        <time>2022-07-24T09:32:31.567Z</time>
      </trkpt>
      <trkpt lat="47.3850913" lon="9.7509146">
        <ele>895.1</ele>
        <time>2022-07-24T09:32:36.567Z</time>
      </trkpt>
      <trkpt lat="47.3850561" lon="9.7509785">
        <ele>895.1</ele>
        <time>2022-07-24T09:32:42.567Z</time>
      </trkpt>
      <trkpt lat="47.3850224" lon="9.7510228">
        <ele>895.1</ele>
        <time>2022-07-24T09:32:48.567Z</time>
      </trkpt>
      <trkpt lat="47.3849875" lon="9.7510413">
        <ele>895.1</ele>
        <time>2022-07-24T09:32:53.567Z</time>
      </trkpt>
      <trkpt lat="47.384951" lon="9.7510655">
        <ele>895.1</ele>
        <time>2022-07-24T09:32:58.567Z</time>
      </trkpt>
      <trkpt lat="47.3849397" lon="9.7510881">
        <ele>895.1</ele>
        <time>2022-07-24T09:33:03.567Z</time>
      </trkpt>
      <trkpt lat="47.3849156" lon="9.7511409">
        <ele>895.1</ele>
        <time>2022-07-24T09:33:09.567Z</time>
      </trkpt>
      <trkpt lat="47.3848944" lon="9.7512088">
        <ele>895.1</ele>
        <time>2022-07-24T09:33:14.567Z</time>
      </trkpt>
      <trkpt lat="47.3848807" lon="9.7512533">
        <ele>895.1</ele>
        <time>2022-07-24T09:33:20.567Z</time>
      </trkpt>
      <trkpt lat="47.3848552" lon="9.7512882">
        <ele>895.1</ele>
        <time>2022-07-24T09:33:25.567Z</time>
      </trkpt>
      <trkpt lat="47.3848215" lon="9.7513088">
        <ele>895.1</ele>
        <time>2022-07-24T09:33:31.567Z</time>
      </trkpt>
      <trkpt lat="47.3847902" lon="9.7513252">
        <ele>928.2</ele>
        <time>2022-07-24T09:33:36.567Z</time>
      </trkpt>
      <trkpt lat="47.3847575" lon="9.7513734">
        <ele>927.7</ele>
        <time>2022-07-24T09:33:41.567Z</time>
      </trkpt>
      <trkpt lat="47.3847375" lon="9.7514135">
        <ele>926.4</ele>
        <time>2022-07-24T09:33:47.567Z</time>
      </trkpt>
      <trkpt lat="47.3847016" lon="9.7514671">
        <ele>923</ele>
        <time>2022-07-24T09:33:52.567Z</time>
      </trkpt>
      <trkpt lat="47.3846712" lon="9.7514861">
        <ele>922.2</ele>
        <time>2022-07-24T09:33:58.567Z</time>
      </trkpt>
      <trkpt lat="47.384646" lon="9.7515339">
        <ele>921.9</ele>
        <time>2022-07-24T09:34:03.567Z</time>
      </trkpt>
      <trkpt lat="47.3846375" lon="9.7516013">
        <ele>922.3</ele>
        <time>2022-07-24T09:34:08.567Z</time>
      </trkpt>
      <trkpt lat="47.384627" lon="9.7516462">
        <ele>921.5</ele>
        <time>2022-07-24T09:34:13.567Z</time>
      </trkpt>
      <trkpt lat="47.3846108" lon="9.7516963">
        <ele>921.2</ele>
        <time>2022-07-24T09:34:19.567Z</time>
      </trkpt>
      <trkpt lat="47.3845932" lon="9.7517509">
        <ele>920.2</ele>
        <time>2022-07-24T09:34:24.567Z</time>
      </trkpt>
      <trkpt lat="47.3845657" lon="9.7517981">
        <ele>919.5</ele>
        <time>2022-07-24T09:34:30.567Z</time>
      </trkpt>
      <trkpt lat="47.3845316" lon="9.7518318">
        <ele>918.7</ele>
        <time>2022-07-24T09:34:35.567Z</time>
      </trkpt>
      <trkpt lat="47.3844982" lon="9.7518714">
        <ele>917.4</ele>
        <time>2022-07-24T09:34:40.567Z</time>
      </trkpt>
      <trkpt lat="47.3844583" lon="9.7519192">
        <ele>916.6</ele>
        <time>2022-07-24T09:34:45.567Z</time>
      </trkpt>
      <trkpt lat="47.3844295" lon="9.7519766">
        <ele>914.2</ele>
        <time>2022-07-24T09:34:51.567Z</time>
      </trkpt>
      <trkpt lat="47.3844183" lon="9.7520424">
        <ele>913.4</ele>
        <time>2022-07-24T09:34:56.567Z</time>
      </trkpt>
      <trkpt lat="47.3844488" lon="9.7521291">
        <ele>912.8</ele>
        <time>2022-07-24T09:35:01.567Z</time>
      </trkpt>
      <trkpt lat="47.384476" lon="9.7522145">
        <ele>910.2</ele>
        <time>2022-07-24T09:35:07.567Z</time>
      </trkpt>
      <trkpt lat="47.3844675" lon="9.7523062">
        <ele>909.5</ele>
        <time>2022-07-24T09:35:12.567Z</time>
      </trkpt>
      <trkpt lat="47.3844767" lon="9.7523735">
        <ele>910.2</ele>
        <time>2022-07-24T09:35:18.567Z</time>
      </trkpt>
      <trkpt lat="47.3844783" lon="9.7524516">
        <ele>909</ele>
        <time>2022-07-24T09:35:23.567Z</time>
      </trkpt>
      <trkpt lat="47.3844779" lon="9.7525299">
        <ele>908</ele>
        <time>2022-07-24T09:35:29.567Z</time>
      </trkpt>
      <trkpt lat="47.3844527" lon="9.7525522">
        <ele>908</ele>
        <time>2022-07-24T09:35:35.567Z</time>
      </trkpt>
      <trkpt lat="47.3844561" lon="9.752582">
        <ele>905.9</ele>
        <time>2022-07-24T09:36:05.567Z</time>
      </trkpt>
      <trkpt lat="47.3844643" lon="9.7526387">
        <ele>906.2</ele>
        <time>2022-07-24T09:36:10.567Z</time>
      </trkpt>
      <trkpt lat="47.3844736" lon="9.7526818">
        <ele>905.3</ele>
        <time>2022-07-24T09:36:15.567Z</time>
      </trkpt>
      <trkpt lat="47.3844708" lon="9.7527466">
        <ele>904.8</ele>
        <time>2022-07-24T09:36:20.567Z</time>
      </trkpt>
      <trkpt lat="47.3844748" lon="9.7528078">
        <ele>904.9</ele>
        <time>2022-07-24T09:36:26.567Z</time>
      </trkpt>
      <trkpt lat="47.3844889" lon="9.7528666">
        <ele>904.4</ele>
        <time>2022-07-24T09:36:31.567Z</time>
      </trkpt>
      <trkpt lat="47.3844898" lon="9.752902">
        <ele>904</ele>
        <time>2022-07-24T09:36:45.567Z</time>
      </trkpt>
      <trkpt lat="47.384483" lon="9.7529773">
        <ele>903.8</ele>
        <time>2022-07-24T09:36:50.567Z</time>
      </trkpt>
      <trkpt lat="47.3844811" lon="9.7530356">
        <ele>904.3</ele>
        <time>2022-07-24T09:36:55.567Z</time>
      </trkpt>
      <trkpt lat="47.3844856" lon="9.7530979">
        <ele>903.6</ele>
        <time>2022-07-24T09:37:00.567Z</time>
      </trkpt>
      <trkpt lat="47.3844763" lon="9.7531629">
        <ele>903.6</ele>
        <time>2022-07-24T09:37:05.567Z</time>
      </trkpt>
      <trkpt lat="47.3844332" lon="9.7532159">
        <ele>903.7</ele>
        <time>2022-07-24T09:37:10.567Z</time>
      </trkpt>
      <trkpt lat="47.3844039" lon="9.7532735">
        <ele>902.7</ele>
        <time>2022-07-24T09:37:16.567Z</time>
      </trkpt>
      <trkpt lat="47.3844243" lon="9.7533246">
        <ele>902.6</ele>
        <time>2022-07-24T09:37:21.567Z</time>
      </trkpt>
      <trkpt lat="47.3844692" lon="9.7533977">
        <ele>901.4</ele>
        <time>2022-07-24T09:37:27.567Z</time>
      </trkpt>
      <trkpt lat="47.384514" lon="9.7534557">
        <ele>900.9</ele>
        <time>2022-07-24T09:37:32.567Z</time>
      </trkpt>
      <trkpt lat="47.3845585" lon="9.7535218">
        <ele>900.7</ele>
        <time>2022-07-24T09:37:38.567Z</time>
      </trkpt>
      <trkpt lat="47.3845736" lon="9.7535924">
        <ele>900.4</ele>
        <time>2022-07-24T09:37:44.567Z</time>
      </trkpt>
      <trkpt lat="47.3846137" lon="9.7536805">
        <ele>899.8</ele>
        <time>2022-07-24T09:37:50.567Z</time>
      </trkpt>
      <trkpt lat="47.3846533" lon="9.7537526">
        <ele>899.7</ele>
        <time>2022-07-24T09:37:55.567Z</time>
      </trkpt>
      <trkpt lat="47.384683" lon="9.7538211">
        <ele>898.9</ele>
        <time>2022-07-24T09:38:00.567Z</time>
      </trkpt>
      <trkpt lat="47.3847165" lon="9.7538685">
        <ele>899.3</ele>
        <time>2022-07-24T09:38:06.567Z</time>
      </trkpt>
      <trkpt lat="47.3847509" lon="9.7539046">
        <ele>898.7</ele>
        <time>2022-07-24T09:38:11.567Z</time>
      </trkpt>
      <trkpt lat="47.3847712" lon="9.7539683">
        <ele>898.7</ele>
        <time>2022-07-24T09:38:16.567Z</time>
      </trkpt>
      <trkpt lat="47.3848042" lon="9.7540244">
        <ele>898.6</ele>
        <time>2022-07-24T09:38:22.567Z</time>
      </trkpt>
      <trkpt lat="47.3848552" lon="9.7540563">
        <ele>898.3</ele>
        <time>2022-07-24T09:38:27.567Z</time>
      </trkpt>
      <trkpt lat="47.3848944" lon="9.7540829">
        <ele>898.3</ele>
        <time>2022-07-24T09:38:32.567Z</time>
      </trkpt>
      <trkpt lat="47.3849394" lon="9.7540911">
        <ele>898.2</ele>
        <time>2022-07-24T09:38:38.567Z</time>
      </trkpt>
      <trkpt lat="47.3849925" lon="9.7541162">
        <ele>898.4</ele>
        <time>2022-07-24T09:38:43.567Z</time>
      </trkpt>
      <trkpt lat="47.385032" lon="9.7541837">
        <ele>897.7</ele>
        <time>2022-07-24T09:38:49.567Z</time>
      </trkpt>
      <trkpt lat="47.385051" lon="9.7542547">
        <ele>897.6</ele>
        <time>2022-07-24T09:38:54.567Z</time>
      </trkpt>
      <trkpt lat="47.3850862" lon="9.7543227">
        <ele>896.7</ele>
        <time>2022-07-24T09:39:00.567Z</time>
      </trkpt>
      <trkpt lat="47.3851163" lon="9.7543676">
        <ele>897.7</ele>
        <time>2022-07-24T09:39:05.567Z</time>
      </trkpt>
      <trkpt lat="47.3851555" lon="9.7544151">
        <ele>897.4</ele>
        <time>2022-07-24T09:39:10.567Z</time>
      </trkpt>
      <trkpt lat="47.3851958" lon="9.7544929">
        <ele>897.1</ele>
        <time>2022-07-24T09:39:16.567Z</time>
      </trkpt>
      <trkpt lat="47.3852134" lon="9.7545867">
        <ele>897.6</ele>
        <time>2022-07-24T09:39:21.567Z</time>
      </trkpt>
      <trkpt lat="47.3851746" lon="9.7546766">
        <ele>896.4</ele>
        <time>2022-07-24T09:39:27.567Z</time>
      </trkpt>
      <trkpt lat="47.3851188" lon="9.7547325">
        <ele>895.7</ele>
        <time>2022-07-24T09:39:33.567Z</time>
      </trkpt>
      <trkpt lat="47.3850695" lon="9.7547888">
        <ele>895.2</ele>
        <time>2022-07-24T09:39:38.567Z</time>
      </trkpt>
      <trkpt lat="47.385032" lon="9.7548478">
        <ele>894.6</ele>
        <time>2022-07-24T09:39:43.567Z</time>
      </trkpt>
      <trkpt lat="47.3849905" lon="9.7549151">
        <ele>894.4</ele>
        <time>2022-07-24T09:39:48.567Z</time>
      </trkpt>
      <trkpt lat="47.3849375" lon="9.7549958">
        <ele>894.7</ele>
        <time>2022-07-24T09:39:53.567Z</time>
      </trkpt>
      <trkpt lat="47.3848967" lon="9.7550684">
        <ele>894</ele>
        <time>2022-07-24T09:39:59.567Z</time>
      </trkpt>
      <trkpt lat="47.3848607" lon="9.7551404">
        <ele>894</ele>
        <time>2022-07-24T09:40:04.567Z</time>
      </trkpt>
      <trkpt lat="47.3848352" lon="9.7552026">
        <ele>894.6</ele>
        <time>2022-07-24T09:40:09.567Z</time>
      </trkpt>
      <trkpt lat="47.3848011" lon="9.755267">
        <ele>893.5</ele>
        <time>2022-07-24T09:40:14.567Z</time>
      </trkpt>
      <trkpt lat="47.3847611" lon="9.7553279">
        <ele>891.6</ele>
        <time>2022-07-24T09:40:20.567Z</time>
      </trkpt>
      <trkpt lat="47.3847163" lon="9.755383">
        <ele>891.1</ele>
        <time>2022-07-24T09:40:25.567Z</time>
      </trkpt>
      <trkpt lat="47.3846808" lon="9.7554561">
        <ele>890.2</ele>
        <time>2022-07-24T09:40:31.567Z</time>
      </trkpt>
      <trkpt lat="47.3846541" lon="9.7555485">
        <ele>890.2</ele>
        <time>2022-07-24T09:40:37.567Z</time>
      </trkpt>
      <trkpt lat="47.3846498" lon="9.7556323">
        <ele>890.7</ele>
        <time>2022-07-24T09:40:42.567Z</time>
      </trkpt>
      <trkpt lat="47.3846272" lon="9.7556996">
        <ele>887.5</ele>
        <time>2022-07-24T09:40:48.567Z</time>
      </trkpt>
      <trkpt lat="47.3845964" lon="9.755787">
        <ele>889.2</ele>
        <time>2022-07-24T09:40:54.567Z</time>
      </trkpt>
      <trkpt lat="47.3845814" lon="9.7558503">
        <ele>888.4</ele>
        <time>2022-07-24T09:40:59.567Z</time>
      </trkpt>
      <trkpt lat="47.3845887" lon="9.7559106">
        <ele>887.7</ele>
        <time>2022-07-24T09:41:04.567Z</time>
      </trkpt>
      <trkpt lat="47.3846266" lon="9.7559711">
        <ele>888.1</ele>
        <time>2022-07-24T09:41:10.567Z</time>
      </trkpt>
      <trkpt lat="47.3846518" lon="9.7560335">
        <ele>890.2</ele>
        <time>2022-07-24T09:41:15.567Z</time>
      </trkpt>
      <trkpt lat="47.3846591" lon="9.7560741">
        <ele>889.7</ele>
        <time>2022-07-24T09:41:20.567Z</time>
      </trkpt>
      <trkpt lat="47.3846947" lon="9.7561179">
        <ele>889.7</ele>
        <time>2022-07-24T09:41:26.567Z</time>
      </trkpt>
      <trkpt lat="47.3847313" lon="9.7561616">
        <ele>889.7</ele>
        <time>2022-07-24T09:41:31.567Z</time>
      </trkpt>
      <trkpt lat="47.3847717" lon="9.7562067">
        <ele>889.5</ele>
        <time>2022-07-24T09:41:36.567Z</time>
      </trkpt>
      <trkpt lat="47.3848083" lon="9.7562664">
        <ele>890.4</ele>
        <time>2022-07-24T09:41:42.567Z</time>
      </trkpt>
      <trkpt lat="47.3848345" lon="9.7563225">
        <ele>890.8</ele>
        <time>2022-07-24T09:41:47.567Z</time>
      </trkpt>
      <trkpt lat="47.3848666" lon="9.7563797">
        <ele>891.4</ele>
        <time>2022-07-24T09:41:53.567Z</time>
      </trkpt>
      <trkpt lat="47.3848798" lon="9.7564436">
        <ele>892</ele>
        <time>2022-07-24T09:41:58.567Z</time>
      </trkpt>
      <trkpt lat="47.3848665" lon="9.7565344">
        <ele>891.1</ele>
        <time>2022-07-24T09:42:03.567Z</time>
      </trkpt>
      <trkpt lat="47.3848603" lon="9.7566309">
        <ele>891.3</ele>
        <time>2022-07-24T09:42:08.567Z</time>
      </trkpt>
      <trkpt lat="47.3848423" lon="9.7567948">
        <ele>891.7</ele>
        <time>2022-07-24T09:42:18.567Z</time>
      </trkpt>
      <trkpt lat="47.3848315" lon="9.756886">
        <ele>892.4</ele>
        <time>2022-07-24T09:42:23.567Z</time>
      </trkpt>
      <trkpt lat="47.3848199" lon="9.7569803">
        <ele>891.8</ele>
        <time>2022-07-24T09:42:29.567Z</time>
      </trkpt>
      <trkpt lat="47.3848118" lon="9.7570522">
        <ele>891.6</ele>
        <time>2022-07-24T09:42:34.567Z</time>
      </trkpt>
      <trkpt lat="47.3848153" lon="9.7571283">
        <ele>892.2</ele>
        <time>2022-07-24T09:42:40.567Z</time>
      </trkpt>
      <trkpt lat="47.3848343" lon="9.7572236">
        <ele>891.7</ele>
        <time>2022-07-24T09:42:45.567Z</time>
      </trkpt>
      <trkpt lat="47.3848775" lon="9.7573069">
        <ele>892.9</ele>
        <time>2022-07-24T09:42:51.567Z</time>
      </trkpt>
      <trkpt lat="47.3849127" lon="9.7573618">
        <ele>892.8</ele>
        <time>2022-07-24T09:42:56.567Z</time>
      </trkpt>
      <trkpt lat="47.3849376" lon="9.7574203">
        <ele>893.6</ele>
        <time>2022-07-24T09:43:01.567Z</time>
      </trkpt>
      <trkpt lat="47.3849429" lon="9.7575141">
        <ele>894.6</ele>
        <time>2022-07-24T09:43:06.567Z</time>
      </trkpt>
      <trkpt lat="47.3849091" lon="9.7575938">
        <ele>894.9</ele>
        <time>2022-07-24T09:43:11.567Z</time>
      </trkpt>
      <trkpt lat="47.3848517" lon="9.7576125">
        <ele>895.2</ele>
        <time>2022-07-24T09:43:17.567Z</time>
      </trkpt>
      <trkpt lat="47.3848014" lon="9.7576242">
        <ele>896.3</ele>
        <time>2022-07-24T09:43:22.567Z</time>
      </trkpt>
      <trkpt lat="47.3847887" lon="9.7576476">
        <ele>895.4</ele>
        <time>2022-07-24T09:43:28.567Z</time>
      </trkpt>
      <trkpt lat="47.384802" lon="9.7576271">
        <ele>896</ele>
        <time>2022-07-24T09:44:02.567Z</time>
      </trkpt>
      <trkpt lat="47.384821" lon="9.7576047">
        <ele>895.7</ele>
        <time>2022-07-24T09:44:08.567Z</time>
      </trkpt>
      <trkpt lat="47.3848454" lon="9.7575306">
        <ele>896.8</ele>
        <time>2022-07-24T09:44:14.567Z</time>
      </trkpt>
      <trkpt lat="47.3848457" lon="9.7575585">
        <ele>897.3</ele>
        <time>2022-07-24T09:44:27.567Z</time>
      </trkpt>
      <trkpt lat="47.3848035" lon="9.7576106">
        <ele>896.1</ele>
        <time>2022-07-24T09:44:32.567Z</time>
      </trkpt>
      <trkpt lat="47.3847647" lon="9.757625">
        <ele>896.2</ele>
        <time>2022-07-24T09:44:37.567Z</time>
      </trkpt>
      <trkpt lat="47.3847459" lon="9.7576316">
        <ele>895.3</ele>
        <time>2022-07-24T09:44:46.567Z</time>
      </trkpt>
      <trkpt lat="47.3847644" lon="9.7576211">
        <ele>896.1</ele>
        <time>2022-07-24T09:44:54.567Z</time>
      </trkpt>
      <trkpt lat="47.3847828" lon="9.7576168">
        <ele>895.3</ele>
        <time>2022-07-24T09:44:59.567Z</time>
      </trkpt>
      <trkpt lat="47.3847756" lon="9.7576429">
        <ele>895.1</ele>
        <time>2022-07-24T09:45:44.567Z</time>
      </trkpt>
      <trkpt lat="47.3847412" lon="9.7576661">
        <ele>895</ele>
        <time>2022-07-24T09:45:50.567Z</time>
      </trkpt>
      <trkpt lat="47.384727" lon="9.7576866">
        <ele>895.6</ele>
        <time>2022-07-24T09:46:08.567Z</time>
      </trkpt>
      <trkpt lat="47.3847261" lon="9.7577302">
        <ele>893.4</ele>
        <time>2022-07-24T09:46:14.567Z</time>
      </trkpt>
      <trkpt lat="47.3847178" lon="9.7577559">
        <ele>894.6</ele>
        <time>2022-07-24T09:47:03.567Z</time>
      </trkpt>
      <trkpt lat="47.3847061" lon="9.7577783">
        <ele>894</ele>
        <time>2022-07-24T09:47:08.567Z</time>
      </trkpt>
      <trkpt lat="47.3846691" lon="9.7577775">
        <ele>894.2</ele>
        <time>2022-07-24T09:47:16.567Z</time>
      </trkpt>
      <trkpt lat="47.3846043" lon="9.757806">
        <ele>893.3</ele>
        <time>2022-07-24T09:47:21.567Z</time>
      </trkpt>
      <trkpt lat="47.3845372" lon="9.7578183">
        <ele>894.5</ele>
        <time>2022-07-24T09:47:27.567Z</time>
      </trkpt>
      <trkpt lat="47.384483" lon="9.7578374">
        <ele>894.2</ele>
        <time>2022-07-24T09:47:32.567Z</time>
      </trkpt>
      <trkpt lat="47.384444" lon="9.7579061">
        <ele>893.1</ele>
        <time>2022-07-24T09:47:38.567Z</time>
      </trkpt>
      <trkpt lat="47.3844356" lon="9.7579794">
        <ele>893.2</ele>
        <time>2022-07-24T09:47:44.567Z</time>
      </trkpt>
      <trkpt lat="47.3844291" lon="9.7580059">
        <ele>893.4</ele>
        <time>2022-07-24T09:47:51.567Z</time>
      </trkpt>
      <trkpt lat="47.3844227" lon="9.7580542">
        <ele>893.7</ele>
        <time>2022-07-24T09:47:57.567Z</time>
      </trkpt>
      <trkpt lat="47.3844086" lon="9.758113">
        <ele>894.9</ele>
        <time>2022-07-24T09:48:03.567Z</time>
      </trkpt>
      <trkpt lat="47.3843821" lon="9.7581833">
        <ele>894.6</ele>
        <time>2022-07-24T09:48:08.567Z</time>
      </trkpt>
      <trkpt lat="47.3843527" lon="9.758265">
        <ele>895.1</ele>
        <time>2022-07-24T09:48:13.567Z</time>
      </trkpt>
      <trkpt lat="47.3843416" lon="9.7583476">
        <ele>896.1</ele>
        <time>2022-07-24T09:48:19.567Z</time>
      </trkpt>
      <trkpt lat="47.3843534" lon="9.7584035">
        <ele>895.5</ele>
        <time>2022-07-24T09:48:24.567Z</time>
      </trkpt>
      <trkpt lat="47.38435" lon="9.7584468">
        <ele>895</ele>
        <time>2022-07-24T09:48:29.567Z</time>
      </trkpt>
      <trkpt lat="47.3843235" lon="9.7585149">
        <ele>893.8</ele>
        <time>2022-07-24T09:48:35.567Z</time>
      </trkpt>
      <trkpt lat="47.3843005" lon="9.7586007">
        <ele>893.6</ele>
        <time>2022-07-24T09:48:40.567Z</time>
      </trkpt>
      <trkpt lat="47.3843102" lon="9.7586961">
        <ele>892.7</ele>
        <time>2022-07-24T09:48:45.567Z</time>
      </trkpt>
      <trkpt lat="47.3843259" lon="9.7587868">
        <ele>893.9</ele>
        <time>2022-07-24T09:48:51.567Z</time>
      </trkpt>
      <trkpt lat="47.3843453" lon="9.7588608">
        <ele>894.8</ele>
        <time>2022-07-24T09:48:56.567Z</time>
      </trkpt>
      <trkpt lat="47.3843561" lon="9.7589203">
        <ele>895.1</ele>
        <time>2022-07-24T09:49:01.567Z</time>
      </trkpt>
      <trkpt lat="47.3843661" lon="9.7589666">
        <ele>894.5</ele>
        <time>2022-07-24T09:49:07.567Z</time>
      </trkpt>
      <trkpt lat="47.3844001" lon="9.7590169">
        <ele>894.5</ele>
        <time>2022-07-24T09:49:12.567Z</time>
      </trkpt>
      <trkpt lat="47.3844261" lon="9.7591023">
        <ele>894.3</ele>
        <time>2022-07-24T09:49:18.567Z</time>
      </trkpt>
      <trkpt lat="47.3844402" lon="9.7591955">
        <ele>893.5</ele>
        <time>2022-07-24T09:49:23.567Z</time>
      </trkpt>
      <trkpt lat="47.3844594" lon="9.7592833">
        <ele>893.5</ele>
        <time>2022-07-24T09:49:29.567Z</time>
      </trkpt>
      <trkpt lat="47.3844723" lon="9.7593676">
        <ele>891.4</ele>
        <time>2022-07-24T09:49:34.567Z</time>
      </trkpt>
      <trkpt lat="47.3844911" lon="9.7594326">
        <ele>892.6</ele>
        <time>2022-07-24T09:49:39.567Z</time>
      </trkpt>
      <trkpt lat="47.3845322" lon="9.7594936">
        <ele>891.2</ele>
        <time>2022-07-24T09:49:45.567Z</time>
      </trkpt>
      <trkpt lat="47.3845446" lon="9.7595669">
        <ele>891.6</ele>
        <time>2022-07-24T09:49:50.567Z</time>
      </trkpt>
      <trkpt lat="47.3845611" lon="9.7596318">
        <ele>890.3</ele>
        <time>2022-07-24T09:49:55.567Z</time>
      </trkpt>
      <trkpt lat="47.3845718" lon="9.759685">
        <ele>889.2</ele>
        <time>2022-07-24T09:50:01.567Z</time>
      </trkpt>
      <trkpt lat="47.3845939" lon="9.759758">
        <ele>888.3</ele>
        <time>2022-07-24T09:50:06.567Z</time>
      </trkpt>
      <trkpt lat="47.3846015" lon="9.7598361">
        <ele>888</ele>
        <time>2022-07-24T09:50:12.567Z</time>
      </trkpt>
      <trkpt lat="47.3846151" lon="9.7599165">
        <ele>885.9</ele>
        <time>2022-07-24T09:50:17.567Z</time>
      </trkpt>
      <trkpt lat="47.3846332" lon="9.7600051">
        <ele>885.6</ele>
        <time>2022-07-24T09:50:23.567Z</time>
      </trkpt>
      <trkpt lat="47.384673" lon="9.7600496">
        <ele>886.6</ele>
        <time>2022-07-24T09:50:29.567Z</time>
      </trkpt>
      <trkpt lat="47.384772" lon="9.7600518">
        <ele>891.1</ele>
        <time>2022-07-24T09:50:39.567Z</time>
      </trkpt>
      <trkpt lat="47.3848147" lon="9.7601052">
        <ele>883.6</ele>
        <time>2022-07-24T09:50:44.567Z</time>
      </trkpt>
      <trkpt lat="47.3848609" lon="9.7601559">
        <ele>883</ele>
        <time>2022-07-24T09:50:50.567Z</time>
      </trkpt>
      <trkpt lat="47.3849038" lon="9.7601972">
        <ele>883.4</ele>
        <time>2022-07-24T09:50:55.567Z</time>
      </trkpt>
      <trkpt lat="47.3849516" lon="9.7602424">
        <ele>882.2</ele>
        <time>2022-07-24T09:51:00.567Z</time>
      </trkpt>
      <trkpt lat="47.3849965" lon="9.7602918">
        <ele>882.4</ele>
        <time>2022-07-24T09:51:06.567Z</time>
      </trkpt>
      <trkpt lat="47.3850566" lon="9.7603483">
        <ele>881.7</ele>
        <time>2022-07-24T09:51:12.567Z</time>
      </trkpt>
      <trkpt lat="47.3851213" lon="9.7603461">
        <ele>879.9</ele>
        <time>2022-07-24T09:51:17.567Z</time>
      </trkpt>
      <trkpt lat="47.3851645" lon="9.7603413">
        <ele>880.7</ele>
        <time>2022-07-24T09:51:22.567Z</time>
      </trkpt>
      <trkpt lat="47.3851191" lon="9.7603236">
        <ele>880.8</ele>
        <time>2022-07-24T09:51:27.567Z</time>
      </trkpt>
      <trkpt lat="47.385048" lon="9.7603916">
        <ele>879.5</ele>
        <time>2022-07-24T09:51:33.567Z</time>
      </trkpt>
      <trkpt lat="47.3850098" lon="9.7604186">
        <ele>880.6</ele>
        <time>2022-07-24T09:51:38.567Z</time>
      </trkpt>
      <trkpt lat="47.3850179" lon="9.760443">
        <ele>881.3</ele>
        <time>2022-07-24T09:52:00.567Z</time>
      </trkpt>
      <trkpt lat="47.3850278" lon="9.7604687">
        <ele>880.8</ele>
        <time>2022-07-24T09:52:16.567Z</time>
      </trkpt>
      <trkpt lat="47.3850126" lon="9.7604921">
        <ele>881</ele>
        <time>2022-07-24T09:52:21.567Z</time>
      </trkpt>
      <trkpt lat="47.3850092" lon="9.7605184">
        <ele>880.5</ele>
        <time>2022-07-24T09:52:29.567Z</time>
      </trkpt>
      <trkpt lat="47.3849813" lon="9.7606017">
        <ele>879.9</ele>
        <time>2022-07-24T09:52:35.567Z</time>
      </trkpt>
      <trkpt lat="47.3849443" lon="9.7606915">
        <ele>879</ele>
        <time>2022-07-24T09:52:40.567Z</time>
      </trkpt>
      <trkpt lat="47.3849323" lon="9.7607832">
        <ele>878.7</ele>
        <time>2022-07-24T09:52:45.567Z</time>
      </trkpt>
      <trkpt lat="47.3849408" lon="9.7608593">
        <ele>878</ele>
        <time>2022-07-24T09:52:50.567Z</time>
      </trkpt>
      <trkpt lat="47.3849333" lon="9.760934">
        <ele>878.2</ele>
        <time>2022-07-24T09:52:55.567Z</time>
      </trkpt>
      <trkpt lat="47.3849208" lon="9.7610012">
        <ele>878</ele>
        <time>2022-07-24T09:53:01.567Z</time>
      </trkpt>
      <trkpt lat="47.3848699" lon="9.7610419">
        <ele>877.1</ele>
        <time>2022-07-24T09:53:06.567Z</time>
      </trkpt>
      <trkpt lat="47.3848154" lon="9.7610545">
        <ele>876.5</ele>
        <time>2022-07-24T09:53:11.567Z</time>
      </trkpt>
      <trkpt lat="47.3847543" lon="9.7610227">
        <ele>874.1</ele>
        <time>2022-07-24T09:53:16.567Z</time>
      </trkpt>
      <trkpt lat="47.3847006" lon="9.7609925">
        <ele>875.6</ele>
        <time>2022-07-24T09:53:21.567Z</time>
      </trkpt>
      <trkpt lat="47.3846453" lon="9.7609786">
        <ele>874.5</ele>
        <time>2022-07-24T09:53:27.567Z</time>
      </trkpt>
      <trkpt lat="47.3845855" lon="9.7610482">
        <ele>874.1</ele>
        <time>2022-07-24T09:53:32.567Z</time>
      </trkpt>
      <trkpt lat="47.3845487" lon="9.7611636">
        <ele>873.3</ele>
        <time>2022-07-24T09:53:38.567Z</time>
      </trkpt>
      <trkpt lat="47.3845307" lon="9.7612598">
        <ele>872.6</ele>
        <time>2022-07-24T09:53:43.567Z</time>
      </trkpt>
      <trkpt lat="47.3845046" lon="9.7613331">
        <ele>871.9</ele>
        <time>2022-07-24T09:53:48.567Z</time>
      </trkpt>
      <trkpt lat="47.3845134" lon="9.7613999">
        <ele>871.7</ele>
        <time>2022-07-24T09:53:55.567Z</time>
      </trkpt>
      <trkpt lat="47.3845182" lon="9.76137">
        <ele>870.9</ele>
        <time>2022-07-24T09:54:02.567Z</time>
      </trkpt>
      <trkpt lat="47.3845086" lon="9.7613936">
        <ele>871</ele>
        <time>2022-07-24T09:54:11.567Z</time>
      </trkpt>
      <trkpt lat="47.3844883" lon="9.761393">
        <ele>870.2</ele>
        <time>2022-07-24T09:54:16.567Z</time>
      </trkpt>
      <trkpt lat="47.3844915" lon="9.7614492">
        <ele>869.2</ele>
        <time>2022-07-24T09:54:21.567Z</time>
      </trkpt>
      <trkpt lat="47.3844989" lon="9.761543">
        <ele>869.6</ele>
        <time>2022-07-24T09:54:27.567Z</time>
      </trkpt>
      <trkpt lat="47.3844841" lon="9.7616334">
        <ele>869.3</ele>
        <time>2022-07-24T09:54:32.567Z</time>
      </trkpt>
      <trkpt lat="47.3844633" lon="9.7616943">
        <ele>867.9</ele>
        <time>2022-07-24T09:54:38.567Z</time>
      </trkpt>
      <trkpt lat="47.3844238" lon="9.7617477">
        <ele>866.8</ele>
        <time>2022-07-24T09:54:43.567Z</time>
      </trkpt>
      <trkpt lat="47.3843518" lon="9.7617977">
        <ele>866</ele>
        <time>2022-07-24T09:54:49.567Z</time>
      </trkpt>
      <trkpt lat="47.3843252" lon="9.7618602">
        <ele>865</ele>
        <time>2022-07-24T09:54:54.567Z</time>
      </trkpt>
      <trkpt lat="47.3842026" lon="9.7620002">
        <ele>863.1</ele>
        <time>2022-07-24T09:55:07.567Z</time>
      </trkpt>
      <trkpt lat="47.3841925" lon="9.76209">
        <ele>863.1</ele>
        <time>2022-07-24T09:55:13.567Z</time>
      </trkpt>
      <trkpt lat="47.3842065" lon="9.7621979">
        <ele>860.8</ele>
        <time>2022-07-24T09:55:18.567Z</time>
      </trkpt>
      <trkpt lat="47.3842128" lon="9.7623054">
        <ele>861</ele>
        <time>2022-07-24T09:55:24.567Z</time>
      </trkpt>
      <trkpt lat="47.3842468" lon="9.7623829">
        <ele>859.9</ele>
        <time>2022-07-24T09:55:30.567Z</time>
      </trkpt>
      <trkpt lat="47.3842823" lon="9.7624552">
        <ele>859.7</ele>
        <time>2022-07-24T09:55:36.567Z</time>
      </trkpt>
      <trkpt lat="47.3843045" lon="9.7625055">
        <ele>858.4</ele>
        <time>2022-07-24T09:55:41.567Z</time>
      </trkpt>
      <trkpt lat="47.3843183" lon="9.7625651">
        <ele>857.4</ele>
        <time>2022-07-24T09:55:46.567Z</time>
      </trkpt>
      <trkpt lat="47.3843373" lon="9.7626245">
        <ele>856.5</ele>
        <time>2022-07-24T09:55:51.567Z</time>
      </trkpt>
      <trkpt lat="47.3843372" lon="9.7627008">
        <ele>855.9</ele>
        <time>2022-07-24T09:55:56.567Z</time>
      </trkpt>
      <trkpt lat="47.3843134" lon="9.7627532">
        <ele>855.6</ele>
        <time>2022-07-24T09:56:02.567Z</time>
      </trkpt>
      <trkpt lat="47.3843214" lon="9.7627783">
        <ele>854.3</ele>
        <time>2022-07-24T09:56:15.567Z</time>
      </trkpt>
      <trkpt lat="47.3843118" lon="9.7628327">
        <ele>853.4</ele>
        <time>2022-07-24T09:56:20.567Z</time>
      </trkpt>
      <trkpt lat="47.3842953" lon="9.7629056">
        <ele>853.2</ele>
        <time>2022-07-24T09:56:25.567Z</time>
      </trkpt>
      <trkpt lat="47.38426" lon="9.7629378">
        <ele>852.9</ele>
        <time>2022-07-24T09:56:31.567Z</time>
      </trkpt>
      <trkpt lat="47.3842298" lon="9.7629988">
        <ele>850.3</ele>
        <time>2022-07-24T09:56:37.567Z</time>
      </trkpt>
      <trkpt lat="47.3842071" lon="9.7630865">
        <ele>850.2</ele>
        <time>2022-07-24T09:56:42.567Z</time>
      </trkpt>
      <trkpt lat="47.3841941" lon="9.7632081">
        <ele>848.5</ele>
        <time>2022-07-24T09:56:52.567Z</time>
      </trkpt>
      <trkpt lat="47.3841534" lon="9.7633365">
        <ele>847.3</ele>
        <time>2022-07-24T09:57:02.567Z</time>
      </trkpt>
      <trkpt lat="47.3841144" lon="9.7634122">
        <ele>846.2</ele>
        <time>2022-07-24T09:57:07.567Z</time>
      </trkpt>
      <trkpt lat="47.3840834" lon="9.7635085">
        <ele>845.3</ele>
        <time>2022-07-24T09:57:13.567Z</time>
      </trkpt>
      <trkpt lat="47.3840695" lon="9.7636061">
        <ele>844.8</ele>
        <time>2022-07-24T09:57:18.567Z</time>
      </trkpt>
      <trkpt lat="47.3840938" lon="9.7636909">
        <ele>843.3</ele>
        <time>2022-07-24T09:57:24.567Z</time>
      </trkpt>
      <trkpt lat="47.3841247" lon="9.7637369">
        <ele>842.7</ele>
        <time>2022-07-24T09:57:29.567Z</time>
      </trkpt>
      <trkpt lat="47.3841449" lon="9.7637611">
        <ele>843.1</ele>
        <time>2022-07-24T09:57:34.567Z</time>
      </trkpt>
      <trkpt lat="47.3841489" lon="9.7638035">
        <ele>843.6</ele>
        <time>2022-07-24T09:57:39.567Z</time>
      </trkpt>
      <trkpt lat="47.3841247" lon="9.7638483">
        <ele>843.3</ele>
        <time>2022-07-24T09:57:44.567Z</time>
      </trkpt>
      <trkpt lat="47.3841179" lon="9.763897">
        <ele>844.1</ele>
        <time>2022-07-24T09:57:50.567Z</time>
      </trkpt>
      <trkpt lat="47.3841248" lon="9.7639294">
        <ele>844.6</ele>
        <time>2022-07-24T09:57:55.567Z</time>
      </trkpt>
      <trkpt lat="47.3841088" lon="9.7639436">
        <ele>845.2</ele>
        <time>2022-07-24T09:58:01.567Z</time>
      </trkpt>
      <trkpt lat="47.3840918" lon="9.7639605">
        <ele>845.5</ele>
        <time>2022-07-24T09:58:08.567Z</time>
      </trkpt>
      <trkpt lat="47.3840849" lon="9.7639862">
        <ele>845.3</ele>
        <time>2022-07-24T09:58:13.567Z</time>
      </trkpt>
      <trkpt lat="47.384067" lon="9.7640069">
        <ele>846.3</ele>
        <time>2022-07-24T09:58:33.567Z</time>
      </trkpt>
      <trkpt lat="47.3840501" lon="9.7640529">
        <ele>847.4</ele>
        <time>2022-07-24T09:58:38.567Z</time>
      </trkpt>
      <trkpt lat="47.3840459" lon="9.7641504">
        <ele>846.7</ele>
        <time>2022-07-24T09:58:44.567Z</time>
      </trkpt>
      <trkpt lat="47.3840503" lon="9.7642487">
        <ele>847.7</ele>
        <time>2022-07-24T09:58:49.567Z</time>
      </trkpt>
      <trkpt lat="47.3840445" lon="9.7643269">
        <ele>848.4</ele>
        <time>2022-07-24T09:58:54.567Z</time>
      </trkpt>
      <trkpt lat="47.3840147" lon="9.7643813">
        <ele>848.7</ele>
        <time>2022-07-24T09:58:59.567Z</time>
      </trkpt>
      <trkpt lat="47.3839814" lon="9.7644452">
        <ele>848.5</ele>
        <time>2022-07-24T09:59:05.567Z</time>
      </trkpt>
      <trkpt lat="47.3839636" lon="9.7645093">
        <ele>848.4</ele>
        <time>2022-07-24T09:59:10.567Z</time>
      </trkpt>
      <trkpt lat="47.3839452" lon="9.7645049">
        <ele>848.6</ele>
        <time>2022-07-24T09:59:15.567Z</time>
      </trkpt>
      <trkpt lat="47.3839399" lon="9.7645333">
        <ele>849.5</ele>
        <time>2022-07-24T09:59:23.567Z</time>
      </trkpt>
      <trkpt lat="47.3839219" lon="9.7645756">
        <ele>849.7</ele>
        <time>2022-07-24T09:59:28.567Z</time>
      </trkpt>
      <trkpt lat="47.3839044" lon="9.7646492">
        <ele>849.6</ele>
        <time>2022-07-24T09:59:33.567Z</time>
      </trkpt>
      <trkpt lat="47.3838698" lon="9.7647179">
        <ele>849.6</ele>
        <time>2022-07-24T09:59:39.567Z</time>
      </trkpt>
      <trkpt lat="47.3838535" lon="9.7647896">
        <ele>849.8</ele>
        <time>2022-07-24T09:59:44.567Z</time>
      </trkpt>
      <trkpt lat="47.3838475" lon="9.7648567">
        <ele>850.7</ele>
        <time>2022-07-24T09:59:50.567Z</time>
      </trkpt>
      <trkpt lat="47.3838296" lon="9.7649064">
        <ele>851.3</ele>
        <time>2022-07-24T09:59:55.567Z</time>
      </trkpt>
      <trkpt lat="47.3838204" lon="9.7649756">
        <ele>850.8</ele>
        <time>2022-07-24T10:00:00.567Z</time>
      </trkpt>
      <trkpt lat="47.38381" lon="9.765058">
        <ele>851.9</ele>
        <time>2022-07-24T10:00:06.567Z</time>
      </trkpt>
      <trkpt lat="47.3838207" lon="9.7651108">
        <ele>850.7</ele>
        <time>2022-07-24T10:00:11.567Z</time>
      </trkpt>
      <trkpt lat="47.3838107" lon="9.7651348">
        <ele>851.9</ele>
        <time>2022-07-24T10:00:36.567Z</time>
      </trkpt>
      <trkpt lat="47.3838074" lon="9.7652071">
        <ele>852.4</ele>
        <time>2022-07-24T10:00:41.567Z</time>
      </trkpt>
      <trkpt lat="47.3838077" lon="9.7653101">
        <ele>853.7</ele>
        <time>2022-07-24T10:00:46.567Z</time>
      </trkpt>
      <trkpt lat="47.3837881" lon="9.7653811">
        <ele>855.1</ele>
        <time>2022-07-24T10:00:51.567Z</time>
      </trkpt>
      <trkpt lat="47.3837708" lon="9.7654414">
        <ele>855.6</ele>
        <time>2022-07-24T10:00:56.567Z</time>
      </trkpt>
      <trkpt lat="47.3837622" lon="9.7654946">
        <ele>856.7</ele>
        <time>2022-07-24T10:01:02.567Z</time>
      </trkpt>
      <trkpt lat="47.3837789" lon="9.7655389">
        <ele>856.4</ele>
        <time>2022-07-24T10:01:08.567Z</time>
      </trkpt>
      <trkpt lat="47.3837917" lon="9.7655706">
        <ele>858.3</ele>
        <time>2022-07-24T10:01:13.567Z</time>
      </trkpt>
      <trkpt lat="47.3837928" lon="9.7656313">
        <ele>859.8</ele>
        <time>2022-07-24T10:01:18.567Z</time>
      </trkpt>
      <trkpt lat="47.3837865" lon="9.7656958">
        <ele>860.9</ele>
        <time>2022-07-24T10:01:23.567Z</time>
      </trkpt>
      <trkpt lat="47.3837722" lon="9.765713">
        <ele>860.4</ele>
        <time>2022-07-24T10:01:29.567Z</time>
      </trkpt>
      <trkpt lat="47.383751" lon="9.7657153">
        <ele>859.8</ele>
        <time>2022-07-24T10:01:44.567Z</time>
      </trkpt>
      <trkpt lat="47.3837051" lon="9.7657415">
        <ele>860.6</ele>
        <time>2022-07-24T10:01:49.567Z</time>
      </trkpt>
      <trkpt lat="47.383647" lon="9.7657862">
        <ele>860.2</ele>
        <time>2022-07-24T10:01:54.567Z</time>
      </trkpt>
      <trkpt lat="47.3835903" lon="9.7657989">
        <ele>860.3</ele>
        <time>2022-07-24T10:02:00.567Z</time>
      </trkpt>
      <trkpt lat="47.3835403" lon="9.7658077">
        <ele>860.1</ele>
        <time>2022-07-24T10:02:05.567Z</time>
      </trkpt>
      <trkpt lat="47.3834939" lon="9.7658187">
        <ele>859.4</ele>
        <time>2022-07-24T10:02:10.567Z</time>
      </trkpt>
      <trkpt lat="47.3834566" lon="9.7658579">
        <ele>860.4</ele>
        <time>2022-07-24T10:02:16.567Z</time>
      </trkpt>
      <trkpt lat="47.3834185" lon="9.7659026">
        <ele>861.2</ele>
        <time>2022-07-24T10:02:21.567Z</time>
      </trkpt>
      <trkpt lat="47.3833741" lon="9.7659333">
        <ele>861</ele>
        <time>2022-07-24T10:02:26.567Z</time>
      </trkpt>
      <trkpt lat="47.3833222" lon="9.7659385">
        <ele>861.1</ele>
        <time>2022-07-24T10:02:31.567Z</time>
      </trkpt>
      <trkpt lat="47.3832681" lon="9.765958">
        <ele>861</ele>
        <time>2022-07-24T10:02:37.567Z</time>
      </trkpt>
      <trkpt lat="47.3832159" lon="9.7659952">
        <ele>861.2</ele>
        <time>2022-07-24T10:02:43.567Z</time>
      </trkpt>
      <trkpt lat="47.3831829" lon="9.7660245">
        <ele>861.8</ele>
        <time>2022-07-24T10:02:49.567Z</time>
      </trkpt>
      <trkpt lat="47.383139" lon="9.766061">
        <ele>861.9</ele>
        <time>2022-07-24T10:02:55.567Z</time>
      </trkpt>
      <trkpt lat="47.383099" lon="9.7660552">
        <ele>862</ele>
        <time>2022-07-24T10:03:00.567Z</time>
      </trkpt>
      <trkpt lat="47.3830797" lon="9.7660524">
        <ele>862.9</ele>
        <time>2022-07-24T10:03:06.567Z</time>
      </trkpt>
      <trkpt lat="47.3830656" lon="9.7660705">
        <ele>864.8</ele>
        <time>2022-07-24T10:03:11.567Z</time>
      </trkpt>
      <trkpt lat="47.3830325" lon="9.7660977">
        <ele>865.5</ele>
        <time>2022-07-24T10:03:17.567Z</time>
      </trkpt>
      <trkpt lat="47.3830071" lon="9.7661156">
        <ele>865.5</ele>
        <time>2022-07-24T10:03:22.567Z</time>
      </trkpt>
      <trkpt lat="47.3829752" lon="9.7661465">
        <ele>866.3</ele>
        <time>2022-07-24T10:03:27.567Z</time>
      </trkpt>
      <trkpt lat="47.3829074" lon="9.7662064">
        <ele>865.3</ele>
        <time>2022-07-24T10:03:33.567Z</time>
      </trkpt>
      <trkpt lat="47.3828285" lon="9.7662389">
        <ele>865.5</ele>
        <time>2022-07-24T10:03:38.567Z</time>
      </trkpt>
      <trkpt lat="47.3827523" lon="9.7662434">
        <ele>866</ele>
        <time>2022-07-24T10:03:44.567Z</time>
      </trkpt>
      <trkpt lat="47.3827012" lon="9.7662598">
        <ele>866.3</ele>
        <time>2022-07-24T10:03:49.567Z</time>
      </trkpt>
      <trkpt lat="47.3826597" lon="9.7662723">
        <ele>866.7</ele>
        <time>2022-07-24T10:03:54.567Z</time>
      </trkpt>
      <trkpt lat="47.3826201" lon="9.7662747">
        <ele>866.6</ele>
        <time>2022-07-24T10:03:59.567Z</time>
      </trkpt>
      <trkpt lat="47.3825756" lon="9.7662643">
        <ele>866.3</ele>
        <time>2022-07-24T10:04:04.567Z</time>
      </trkpt>
      <trkpt lat="47.3824637" lon="9.7662281">
        <ele>869.5</ele>
        <time>2022-07-24T10:04:13.567Z</time>
      </trkpt>
      <trkpt lat="47.3824207" lon="9.7662365">
        <ele>867.7</ele>
        <time>2022-07-24T10:04:19.567Z</time>
      </trkpt>
      <trkpt lat="47.3823707" lon="9.7662593">
        <ele>867.7</ele>
        <time>2022-07-24T10:04:24.567Z</time>
      </trkpt>
      <trkpt lat="47.3823227" lon="9.7662919">
        <ele>866.8</ele>
        <time>2022-07-24T10:04:30.567Z</time>
      </trkpt>
      <trkpt lat="47.382265" lon="9.7663339">
        <ele>866.1</ele>
        <time>2022-07-24T10:04:35.567Z</time>
      </trkpt>
      <trkpt lat="47.3822204" lon="9.7663583">
        <ele>866.4</ele>
        <time>2022-07-24T10:04:41.567Z</time>
      </trkpt>
      <trkpt lat="47.382194" lon="9.7663742">
        <ele>867.2</ele>
        <time>2022-07-24T10:04:46.567Z</time>
      </trkpt>
      <trkpt lat="47.3821581" lon="9.7663879">
        <ele>867</ele>
        <time>2022-07-24T10:04:51.567Z</time>
      </trkpt>
      <trkpt lat="47.3821163" lon="9.7663891">
        <ele>866.8</ele>
        <time>2022-07-24T10:04:56.567Z</time>
      </trkpt>
      <trkpt lat="47.382082" lon="9.7663757">
        <ele>866.5</ele>
        <time>2022-07-24T10:05:02.567Z</time>
      </trkpt>
      <trkpt lat="47.3820418" lon="9.7663756">
        <ele>866.3</ele>
        <time>2022-07-24T10:05:07.567Z</time>
      </trkpt>
      <trkpt lat="47.381997" lon="9.7664021">
        <ele>866.9</ele>
        <time>2022-07-24T10:05:12.567Z</time>
      </trkpt>
      <trkpt lat="47.3819614" lon="9.7664341">
        <ele>867.1</ele>
        <time>2022-07-24T10:05:17.567Z</time>
      </trkpt>
      <trkpt lat="47.3819281" lon="9.7664631">
        <ele>868.4</ele>
        <time>2022-07-24T10:05:22.567Z</time>
      </trkpt>
      <trkpt lat="47.3818999" lon="9.7665082">
        <ele>867.9</ele>
        <time>2022-07-24T10:05:28.567Z</time>
      </trkpt>
      <trkpt lat="47.3818739" lon="9.7665294">
        <ele>868.1</ele>
        <time>2022-07-24T10:05:33.567Z</time>
      </trkpt>
      <trkpt lat="47.3818491" lon="9.7665396">
        <ele>868.7</ele>
        <time>2022-07-24T10:05:38.567Z</time>
      </trkpt>
      <trkpt lat="47.3818011" lon="9.7665734">
        <ele>869.5</ele>
        <time>2022-07-24T10:05:44.567Z</time>
      </trkpt>
      <trkpt lat="47.3817575" lon="9.7666312">
        <ele>869.5</ele>
        <time>2022-07-24T10:05:49.567Z</time>
      </trkpt>
      <trkpt lat="47.3817507" lon="9.7666988">
        <ele>869.9</ele>
        <time>2022-07-24T10:05:55.567Z</time>
      </trkpt>
      <trkpt lat="47.381754" lon="9.7667598">
        <ele>871.2</ele>
        <time>2022-07-24T10:06:00.567Z</time>
      </trkpt>
      <trkpt lat="47.3817795" lon="9.7668247">
        <ele>871.2</ele>
        <time>2022-07-24T10:06:05.567Z</time>
      </trkpt>
      <trkpt lat="47.3817631" lon="9.7668386">
        <ele>873.3</ele>
        <time>2022-07-24T10:06:13.567Z</time>
      </trkpt>
      <trkpt lat="47.3817415" lon="9.7668647">
        <ele>873.8</ele>
        <time>2022-07-24T10:06:18.567Z</time>
      </trkpt>
      <trkpt lat="47.3817098" lon="9.7668635">
        <ele>873.5</ele>
        <time>2022-07-24T10:06:23.567Z</time>
      </trkpt>
      <trkpt lat="47.3816721" lon="9.7668817">
        <ele>873.8</ele>
        <time>2022-07-24T10:06:29.567Z</time>
      </trkpt>
      <trkpt lat="47.3816227" lon="9.7669161">
        <ele>874</ele>
        <time>2022-07-24T10:06:34.567Z</time>
      </trkpt>
      <trkpt lat="47.3815647" lon="9.7669754">
        <ele>873.9</ele>
        <time>2022-07-24T10:06:39.567Z</time>
      </trkpt>
      <trkpt lat="47.3815103" lon="9.7670338">
        <ele>873.9</ele>
        <time>2022-07-24T10:06:44.567Z</time>
      </trkpt>
      <trkpt lat="47.3814697" lon="9.7670878">
        <ele>873.1</ele>
        <time>2022-07-24T10:06:50.567Z</time>
      </trkpt>
      <trkpt lat="47.3814455" lon="9.7671563">
        <ele>874.2</ele>
        <time>2022-07-24T10:06:55.567Z</time>
      </trkpt>
      <trkpt lat="47.3814286" lon="9.7672324">
        <ele>873</ele>
        <time>2022-07-24T10:07:01.567Z</time>
      </trkpt>
      <trkpt lat="47.3814098" lon="9.7672617">
        <ele>875.8</ele>
        <time>2022-07-24T10:07:06.567Z</time>
      </trkpt>
      <trkpt lat="47.3813564" lon="9.7672854">
        <ele>875.6</ele>
        <time>2022-07-24T10:07:12.567Z</time>
      </trkpt>
      <trkpt lat="47.3812881" lon="9.7672791">
        <ele>875.4</ele>
        <time>2022-07-24T10:07:17.567Z</time>
      </trkpt>
      <trkpt lat="47.3812175" lon="9.7672712">
        <ele>874.9</ele>
        <time>2022-07-24T10:07:22.567Z</time>
      </trkpt>
      <trkpt lat="47.3811548" lon="9.7672764">
        <ele>875.1</ele>
        <time>2022-07-24T10:07:27.567Z</time>
      </trkpt>
      <trkpt lat="47.3811088" lon="9.7672935">
        <ele>875.3</ele>
        <time>2022-07-24T10:07:32.567Z</time>
      </trkpt>
      <trkpt lat="47.381086" lon="9.767306">
        <ele>876.7</ele>
        <time>2022-07-24T10:07:38.567Z</time>
      </trkpt>
      <trkpt lat="47.3810481" lon="9.7672939">
        <ele>876.2</ele>
        <time>2022-07-24T10:07:43.567Z</time>
      </trkpt>
      <trkpt lat="47.3809855" lon="9.767301">
        <ele>877.1</ele>
        <time>2022-07-24T10:07:49.567Z</time>
      </trkpt>
      <trkpt lat="47.3809439" lon="9.7673159">
        <ele>877.3</ele>
        <time>2022-07-24T10:07:54.567Z</time>
      </trkpt>
      <trkpt lat="47.3808955" lon="9.7673365">
        <ele>877.5</ele>
        <time>2022-07-24T10:07:59.567Z</time>
      </trkpt>
      <trkpt lat="47.3808571" lon="9.7673393">
        <ele>878.2</ele>
        <time>2022-07-24T10:08:04.567Z</time>
      </trkpt>
      <trkpt lat="47.3808239" lon="9.7673564">
        <ele>877.6</ele>
        <time>2022-07-24T10:08:10.567Z</time>
      </trkpt>
      <trkpt lat="47.380801" lon="9.767409">
        <ele>877.1</ele>
        <time>2022-07-24T10:08:15.567Z</time>
      </trkpt>
      <trkpt lat="47.3807621" lon="9.7674328">
        <ele>876.7</ele>
        <time>2022-07-24T10:08:20.567Z</time>
      </trkpt>
      <trkpt lat="47.3807127" lon="9.7674593">
        <ele>875</ele>
        <time>2022-07-24T10:08:26.567Z</time>
      </trkpt>
      <trkpt lat="47.3806597" lon="9.7674839">
        <ele>874.5</ele>
        <time>2022-07-24T10:08:31.567Z</time>
      </trkpt>
      <trkpt lat="47.3806364" lon="9.7675156">
        <ele>875.3</ele>
        <time>2022-07-24T10:08:36.567Z</time>
      </trkpt>
      <trkpt lat="47.3806178" lon="9.7675149">
        <ele>874.3</ele>
        <time>2022-07-24T10:08:44.567Z</time>
      </trkpt>
      <trkpt lat="47.3805842" lon="9.7675234">
        <ele>873.7</ele>
        <time>2022-07-24T10:08:50.567Z</time>
      </trkpt>
      <trkpt lat="47.3805998" lon="9.767497">
        <ele>873.6</ele>
        <time>2022-07-24T10:08:55.567Z</time>
      </trkpt>
      <trkpt lat="47.3806176" lon="9.7674915">
        <ele>873.6</ele>
        <time>2022-07-24T10:09:12.567Z</time>
      </trkpt>
      <trkpt lat="47.3805956" lon="9.7674705">
        <ele>874.6</ele>
        <time>2022-07-24T10:09:17.567Z</time>
      </trkpt>
      <trkpt lat="47.3806116" lon="9.7674404">
        <ele>873.9</ele>
        <time>2022-07-24T10:09:26.567Z</time>
      </trkpt>
      <trkpt lat="47.3806135" lon="9.7674679">
        <ele>874.3</ele>
        <time>2022-07-24T10:09:36.567Z</time>
      </trkpt>
      <trkpt lat="47.3805864" lon="9.7674773">
        <ele>873.4</ele>
        <time>2022-07-24T10:09:41.567Z</time>
      </trkpt>
      <trkpt lat="47.3805093" lon="9.7674968">
        <ele>873</ele>
        <time>2022-07-24T10:09:47.567Z</time>
      </trkpt>
      <trkpt lat="47.3804408" lon="9.7675548">
        <ele>873.8</ele>
        <time>2022-07-24T10:09:52.567Z</time>
      </trkpt>
      <trkpt lat="47.3804018" lon="9.7676374">
        <ele>871.2</ele>
        <time>2022-07-24T10:09:58.567Z</time>
      </trkpt>
      <trkpt lat="47.3803662" lon="9.7676969">
        <ele>872.6</ele>
        <time>2022-07-24T10:10:04.567Z</time>
      </trkpt>
      <trkpt lat="47.3803322" lon="9.7677576">
        <ele>872.7</ele>
        <time>2022-07-24T10:10:09.567Z</time>
      </trkpt>
      <trkpt lat="47.380308" lon="9.7678291">
        <ele>873.7</ele>
        <time>2022-07-24T10:10:14.567Z</time>
      </trkpt>
      <trkpt lat="47.3802954" lon="9.7678729">
        <ele>874.6</ele>
        <time>2022-07-24T10:10:20.567Z</time>
      </trkpt>
      <trkpt lat="47.3802795" lon="9.7679291">
        <ele>873.5</ele>
        <time>2022-07-24T10:10:25.567Z</time>
      </trkpt>
      <trkpt lat="47.3802529" lon="9.7679864">
        <ele>874.2</ele>
        <time>2022-07-24T10:10:30.567Z</time>
      </trkpt>
      <trkpt lat="47.3802336" lon="9.7680593">
        <ele>874.4</ele>
        <time>2022-07-24T10:10:35.567Z</time>
      </trkpt>
      <trkpt lat="47.3802445" lon="9.7681519">
        <ele>873.4</ele>
        <time>2022-07-24T10:10:41.567Z</time>
      </trkpt>
      <trkpt lat="47.3802866" lon="9.7682169">
        <ele>873.3</ele>
        <time>2022-07-24T10:10:46.567Z</time>
      </trkpt>
      <trkpt lat="47.3803386" lon="9.7682774">
        <ele>873.7</ele>
        <time>2022-07-24T10:10:52.567Z</time>
      </trkpt>
      <trkpt lat="47.3803801" lon="9.7683513">
        <ele>872.1</ele>
        <time>2022-07-24T10:10:57.567Z</time>
      </trkpt>
      <trkpt lat="47.3804196" lon="9.7684253">
        <ele>872.9</ele>
        <time>2022-07-24T10:11:03.567Z</time>
      </trkpt>
      <trkpt lat="47.3804538" lon="9.7684742">
        <ele>873</ele>
        <time>2022-07-24T10:11:08.567Z</time>
      </trkpt>
      <trkpt lat="47.3804923" lon="9.7685318">
        <ele>873.3</ele>
        <time>2022-07-24T10:11:13.567Z</time>
      </trkpt>
      <trkpt lat="47.3805165" lon="9.768614">
        <ele>874.4</ele>
        <time>2022-07-24T10:11:19.567Z</time>
      </trkpt>
      <trkpt lat="47.3805175" lon="9.7686962">
        <ele>871.8</ele>
        <time>2022-07-24T10:11:25.567Z</time>
      </trkpt>
      <trkpt lat="47.3804915" lon="9.768751">
        <ele>872.5</ele>
        <time>2022-07-24T10:11:30.567Z</time>
      </trkpt>
      <trkpt lat="47.380473" lon="9.7687202">
        <ele>872.8</ele>
        <time>2022-07-24T10:11:35.567Z</time>
      </trkpt>
      <trkpt lat="47.3804614" lon="9.7686976">
        <ele>873.3</ele>
        <time>2022-07-24T10:11:42.567Z</time>
      </trkpt>
      <trkpt lat="47.3804304" lon="9.7687044">
        <ele>875.1</ele>
        <time>2022-07-24T10:11:47.567Z</time>
      </trkpt>
      <trkpt lat="47.3804499" lon="9.768696">
        <ele>874</ele>
        <time>2022-07-24T10:11:57.567Z</time>
      </trkpt>
      <trkpt lat="47.3804625" lon="9.7686757">
        <ele>873.7</ele>
        <time>2022-07-24T10:12:08.567Z</time>
      </trkpt>
      <trkpt lat="47.3804765" lon="9.7686589">
        <ele>875.9</ele>
        <time>2022-07-24T10:21:24.567Z</time>
      </trkpt>
      <trkpt lat="47.3804647" lon="9.7686796">
        <ele>876.1</ele>
        <time>2022-07-24T10:24:11.567Z</time>
      </trkpt>
      <trkpt lat="47.3804615" lon="9.7687058">
        <ele>875.8</ele>
        <time>2022-07-24T10:24:35.567Z</time>
      </trkpt>
      <trkpt lat="47.3804722" lon="9.7686808">
        <ele>875.7</ele>
        <time>2022-07-24T10:27:24.567Z</time>
      </trkpt>
      <trkpt lat="47.3804871" lon="9.7686645">
        <ele>876</ele>
        <time>2022-07-24T10:27:43.567Z</time>
      </trkpt>
      <trkpt lat="47.3805054" lon="9.7686613">
        <ele>875.8</ele>
        <time>2022-07-24T10:28:32.567Z</time>
      </trkpt>
      <trkpt lat="47.3805346" lon="9.7686729">
        <ele>874.7</ele>
        <time>2022-07-24T10:28:38.567Z</time>
      </trkpt>
      <trkpt lat="47.38052" lon="9.768657">
        <ele>874.9</ele>
        <time>2022-07-24T10:28:47.567Z</time>
      </trkpt>
      <trkpt lat="47.3805045" lon="9.7686743">
        <ele>875.2</ele>
        <time>2022-07-24T10:29:00.567Z</time>
      </trkpt>
      <trkpt lat="47.380498" lon="9.7687015">
        <ele>875.4</ele>
        <time>2022-07-24T10:29:13.567Z</time>
      </trkpt>
      <trkpt lat="47.3804958" lon="9.7687287">
        <ele>875.3</ele>
        <time>2022-07-24T10:29:31.567Z</time>
      </trkpt>
      <trkpt lat="47.3804783" lon="9.7687621">
        <ele>875</ele>
        <time>2022-07-24T10:29:37.567Z</time>
      </trkpt>
      <trkpt lat="47.3804529" lon="9.7688046">
        <ele>874.8</ele>
        <time>2022-07-24T10:29:43.567Z</time>
      </trkpt>
      <trkpt lat="47.3804551" lon="9.7688311">
        <ele>874.6</ele>
        <time>2022-07-24T10:29:50.567Z</time>
      </trkpt>
      <trkpt lat="47.3804164" lon="9.7688919">
        <ele>873</ele>
        <time>2022-07-24T10:29:55.567Z</time>
      </trkpt>
      <trkpt lat="47.3803933" lon="9.7689424">
        <ele>872.1</ele>
        <time>2022-07-24T10:30:01.567Z</time>
      </trkpt>
      <trkpt lat="47.3803858" lon="9.7689941">
        <ele>871.1</ele>
        <time>2022-07-24T10:30:06.567Z</time>
      </trkpt>
      <trkpt lat="47.3804344" lon="9.769021">
        <ele>869.7</ele>
        <time>2022-07-24T10:30:11.567Z</time>
      </trkpt>
      <trkpt lat="47.3804585" lon="9.7690292">
        <ele>868.4</ele>
        <time>2022-07-24T10:30:17.567Z</time>
      </trkpt>
      <trkpt lat="47.3804737" lon="9.7689966">
        <ele>867.7</ele>
        <time>2022-07-24T10:30:22.567Z</time>
      </trkpt>
      <trkpt lat="47.380491" lon="9.7689838">
        <ele>867.5</ele>
        <time>2022-07-24T10:30:27.567Z</time>
      </trkpt>
      <trkpt lat="47.3804972" lon="9.7690126">
        <ele>867</ele>
        <time>2022-07-24T10:30:32.567Z</time>
      </trkpt>
      <trkpt lat="47.3805118" lon="9.7690342">
        <ele>871.6</ele>
        <time>2022-07-24T10:30:42.567Z</time>
      </trkpt>
      <trkpt lat="47.3805407" lon="9.7690944">
        <ele>870.1</ele>
        <time>2022-07-24T10:30:48.567Z</time>
      </trkpt>
      <trkpt lat="47.3805872" lon="9.7690593">
        <ele>867.9</ele>
        <time>2022-07-24T10:30:53.567Z</time>
      </trkpt>
      <trkpt lat="47.3806085" lon="9.7691176">
        <ele>866.6</ele>
        <time>2022-07-24T10:30:59.567Z</time>
      </trkpt>
      <trkpt lat="47.3805888" lon="9.7691382">
        <ele>863</ele>
        <time>2022-07-24T10:31:05.567Z</time>
      </trkpt>
      <trkpt lat="47.3805735" lon="9.7691241">
        <ele>861.5</ele>
        <time>2022-07-24T10:31:13.567Z</time>
      </trkpt>
      <trkpt lat="47.3806078" lon="9.7691211">
        <ele>860.8</ele>
        <time>2022-07-24T10:31:19.567Z</time>
      </trkpt>
      <trkpt lat="47.3806844" lon="9.7691377">
        <ele>859.2</ele>
        <time>2022-07-24T10:31:24.567Z</time>
      </trkpt>
      <trkpt lat="47.3807569" lon="9.7691545">
        <ele>858.6</ele>
        <time>2022-07-24T10:31:29.567Z</time>
      </trkpt>
      <trkpt lat="47.3808082" lon="9.7692063">
        <ele>858.3</ele>
        <time>2022-07-24T10:31:35.567Z</time>
      </trkpt>
      <trkpt lat="47.3808446" lon="9.7692511">
        <ele>858</ele>
        <time>2022-07-24T10:31:40.567Z</time>
      </trkpt>
      <trkpt lat="47.3809021" lon="9.7692975">
        <ele>857.6</ele>
        <time>2022-07-24T10:31:46.567Z</time>
      </trkpt>
      <trkpt lat="47.3809009" lon="9.7693358">
        <ele>857.1</ele>
        <time>2022-07-24T10:31:51.567Z</time>
      </trkpt>
      <trkpt lat="47.3809132" lon="9.7694134">
        <ele>856.2</ele>
        <time>2022-07-24T10:31:57.567Z</time>
      </trkpt>
      <trkpt lat="47.3809392" lon="9.7694808">
        <ele>855.4</ele>
        <time>2022-07-24T10:32:03.567Z</time>
      </trkpt>
      <trkpt lat="47.3809528" lon="9.7695331">
        <ele>854.2</ele>
        <time>2022-07-24T10:32:08.567Z</time>
      </trkpt>
      <trkpt lat="47.3809758" lon="9.7695802">
        <ele>853.1</ele>
        <time>2022-07-24T10:32:13.567Z</time>
      </trkpt>
      <trkpt lat="47.3810002" lon="9.7696278">
        <ele>852.2</ele>
        <time>2022-07-24T10:32:18.567Z</time>
      </trkpt>
      <trkpt lat="47.3810337" lon="9.7696851">
        <ele>851.5</ele>
        <time>2022-07-24T10:32:24.567Z</time>
      </trkpt>
      <trkpt lat="47.3810623" lon="9.7697348">
        <ele>849.6</ele>
        <time>2022-07-24T10:32:29.567Z</time>
      </trkpt>
      <trkpt lat="47.3810888" lon="9.76979">
        <ele>849.1</ele>
        <time>2022-07-24T10:32:35.567Z</time>
      </trkpt>
      <trkpt lat="47.3810817" lon="9.7697645">
        <ele>848.8</ele>
        <time>2022-07-24T10:32:41.567Z</time>
      </trkpt>
      <trkpt lat="47.3811206" lon="9.7698172">
        <ele>847.2</ele>
        <time>2022-07-24T10:32:46.567Z</time>
      </trkpt>
      <trkpt lat="47.381159" lon="9.7698883">
        <ele>847</ele>
        <time>2022-07-24T10:32:52.567Z</time>
      </trkpt>
      <trkpt lat="47.3811575" lon="9.7699519">
        <ele>847.1</ele>
        <time>2022-07-24T10:32:57.567Z</time>
      </trkpt>
      <trkpt lat="47.3811613" lon="9.7700474">
        <ele>846.1</ele>
        <time>2022-07-24T10:33:03.567Z</time>
      </trkpt>
      <trkpt lat="47.3812077" lon="9.7701058">
        <ele>845.5</ele>
        <time>2022-07-24T10:33:08.567Z</time>
      </trkpt>
      <trkpt lat="47.3812543" lon="9.770138">
        <ele>845.6</ele>
        <time>2022-07-24T10:33:14.567Z</time>
      </trkpt>
      <trkpt lat="47.3812848" lon="9.770177">
        <ele>845.9</ele>
        <time>2022-07-24T10:33:19.567Z</time>
      </trkpt>
      <trkpt lat="47.3812961" lon="9.7702412">
        <ele>845</ele>
        <time>2022-07-24T10:33:24.567Z</time>
      </trkpt>
      <trkpt lat="47.3812538" lon="9.7702707">
        <ele>844.1</ele>
        <time>2022-07-24T10:33:29.567Z</time>
      </trkpt>
      <trkpt lat="47.3812072" lon="9.7702286">
        <ele>843.4</ele>
        <time>2022-07-24T10:33:34.567Z</time>
      </trkpt>
      <trkpt lat="47.3811873" lon="9.7702838">
        <ele>842.2</ele>
        <time>2022-07-24T10:33:40.567Z</time>
      </trkpt>
      <trkpt lat="47.381204" lon="9.7703508">
        <ele>841.3</ele>
        <time>2022-07-24T10:33:45.567Z</time>
      </trkpt>
      <trkpt lat="47.3812278" lon="9.7704034">
        <ele>840.6</ele>
        <time>2022-07-24T10:33:50.567Z</time>
      </trkpt>
      <trkpt lat="47.3812569" lon="9.770471">
        <ele>840.2</ele>
        <time>2022-07-24T10:33:56.567Z</time>
      </trkpt>
      <trkpt lat="47.3812892" lon="9.7705191">
        <ele>839.2</ele>
        <time>2022-07-24T10:34:01.567Z</time>
      </trkpt>
      <trkpt lat="47.3813263" lon="9.7705618">
        <ele>838.4</ele>
        <time>2022-07-24T10:34:06.567Z</time>
      </trkpt>
      <trkpt lat="47.3813672" lon="9.7706008">
        <ele>838.1</ele>
        <time>2022-07-24T10:34:12.567Z</time>
      </trkpt>
      <trkpt lat="47.3813768" lon="9.7706636">
        <ele>837.3</ele>
        <time>2022-07-24T10:34:17.567Z</time>
      </trkpt>
      <trkpt lat="47.3813766" lon="9.7707282">
        <ele>836.3</ele>
        <time>2022-07-24T10:34:22.567Z</time>
      </trkpt>
      <trkpt lat="47.3813792" lon="9.7707886">
        <ele>834.8</ele>
        <time>2022-07-24T10:34:27.567Z</time>
      </trkpt>
      <trkpt lat="47.3813945" lon="9.7708657">
        <ele>834.5</ele>
        <time>2022-07-24T10:34:33.567Z</time>
      </trkpt>
      <trkpt lat="47.3813931" lon="9.7708945">
        <ele>834.1</ele>
        <time>2022-07-24T10:34:47.567Z</time>
      </trkpt>
      <trkpt lat="47.3813952" lon="9.7709731">
        <ele>833.3</ele>
        <time>2022-07-24T10:34:52.567Z</time>
      </trkpt>
      <trkpt lat="47.3814232" lon="9.7710652">
        <ele>832.9</ele>
        <time>2022-07-24T10:34:58.567Z</time>
      </trkpt>
      <trkpt lat="47.3814116" lon="9.7711031">
        <ele>832.3</ele>
        <time>2022-07-24T10:35:03.567Z</time>
      </trkpt>
      <trkpt lat="47.3814083" lon="9.7711383">
        <ele>831.7</ele>
        <time>2022-07-24T10:35:16.567Z</time>
      </trkpt>
      <trkpt lat="47.3813966" lon="9.7711599">
        <ele>831.4</ele>
        <time>2022-07-24T10:35:27.567Z</time>
      </trkpt>
      <trkpt lat="47.3813513" lon="9.7712825">
        <ele>830.3</ele>
        <time>2022-07-24T10:35:33.567Z</time>
      </trkpt>
      <trkpt lat="47.3813445" lon="9.7713229">
        <ele>829.6</ele>
        <time>2022-07-24T10:35:38.567Z</time>
      </trkpt>
      <trkpt lat="47.3813221" lon="9.7713302">
        <ele>829.1</ele>
        <time>2022-07-24T10:35:43.567Z</time>
      </trkpt>
      <trkpt lat="47.3813038" lon="9.7713283">
        <ele>828.8</ele>
        <time>2022-07-24T10:35:49.567Z</time>
      </trkpt>
      <trkpt lat="47.3813079" lon="9.7713622">
        <ele>828.2</ele>
        <time>2022-07-24T10:35:54.567Z</time>
      </trkpt>
      <trkpt lat="47.3813317" lon="9.7713886">
        <ele>827.6</ele>
        <time>2022-07-24T10:36:00.567Z</time>
      </trkpt>
      <trkpt lat="47.3813378" lon="9.7714165">
        <ele>827.3</ele>
        <time>2022-07-24T10:36:06.567Z</time>
      </trkpt>
      <trkpt lat="47.3813501" lon="9.7714433">
        <ele>826.6</ele>
        <time>2022-07-24T10:36:11.567Z</time>
      </trkpt>
      <trkpt lat="47.3813704" lon="9.7714696">
        <ele>825.7</ele>
        <time>2022-07-24T10:36:16.567Z</time>
      </trkpt>
      <trkpt lat="47.3813889" lon="9.7714654">
        <ele>824.9</ele>
        <time>2022-07-24T10:36:23.567Z</time>
      </trkpt>
      <trkpt lat="47.3814293" lon="9.7714375">
        <ele>823.9</ele>
        <time>2022-07-24T10:36:28.567Z</time>
      </trkpt>
      <trkpt lat="47.3814601" lon="9.771416">
        <ele>823.5</ele>
        <time>2022-07-24T10:36:34.567Z</time>
      </trkpt>
      <trkpt lat="47.3815051" lon="9.7713918">
        <ele>822.9</ele>
        <time>2022-07-24T10:36:39.567Z</time>
      </trkpt>
      <trkpt lat="47.381533" lon="9.7713684">
        <ele>821.8</ele>
        <time>2022-07-24T10:36:44.567Z</time>
      </trkpt>
      <trkpt lat="47.381568" lon="9.7713839">
        <ele>821.4</ele>
        <time>2022-07-24T10:36:50.567Z</time>
      </trkpt>
      <trkpt lat="47.3815922" lon="9.7714067">
        <ele>820.9</ele>
        <time>2022-07-24T10:36:55.567Z</time>
      </trkpt>
      <trkpt lat="47.3816221" lon="9.7714111">
        <ele>820.6</ele>
        <time>2022-07-24T10:37:01.567Z</time>
      </trkpt>
      <trkpt lat="47.3816382" lon="9.7714251">
        <ele>819.1</ele>
        <time>2022-07-24T10:37:06.567Z</time>
      </trkpt>
      <trkpt lat="47.3816602" lon="9.7714755">
        <ele>817.8</ele>
        <time>2022-07-24T10:37:12.567Z</time>
      </trkpt>
      <trkpt lat="47.3816808" lon="9.771505">
        <ele>817.3</ele>
        <time>2022-07-24T10:37:17.567Z</time>
      </trkpt>
      <trkpt lat="47.3816976" lon="9.7715418">
        <ele>816.6</ele>
        <time>2022-07-24T10:37:22.567Z</time>
      </trkpt>
      <trkpt lat="47.381744" lon="9.7715685">
        <ele>816</ele>
        <time>2022-07-24T10:37:27.567Z</time>
      </trkpt>
      <trkpt lat="47.3817788" lon="9.7715831">
        <ele>815.3</ele>
        <time>2022-07-24T10:37:32.567Z</time>
      </trkpt>
      <trkpt lat="47.3817283" lon="9.7716426">
        <ele>814.4</ele>
        <time>2022-07-24T10:37:37.567Z</time>
      </trkpt>
      <trkpt lat="47.3816877" lon="9.7716785">
        <ele>813.1</ele>
        <time>2022-07-24T10:37:42.567Z</time>
      </trkpt>
      <trkpt lat="47.3816592" lon="9.7717042">
        <ele>812.5</ele>
        <time>2022-07-24T10:37:48.567Z</time>
      </trkpt>
      <trkpt lat="47.3816479" lon="9.7717432">
        <ele>811.7</ele>
        <time>2022-07-24T10:37:54.567Z</time>
      </trkpt>
      <trkpt lat="47.3816347" lon="9.7717648">
        <ele>811.1</ele>
        <time>2022-07-24T10:37:59.567Z</time>
      </trkpt>
      <trkpt lat="47.381654" lon="9.7718004">
        <ele>810.5</ele>
        <time>2022-07-24T10:38:04.567Z</time>
      </trkpt>
      <trkpt lat="47.3816348" lon="9.7718367">
        <ele>809.5</ele>
        <time>2022-07-24T10:38:10.567Z</time>
      </trkpt>
      <trkpt lat="47.3816177" lon="9.7718596">
        <ele>807.9</ele>
        <time>2022-07-24T10:38:17.567Z</time>
      </trkpt>
      <trkpt lat="47.3816054" lon="9.7718805">
        <ele>806.1</ele>
        <time>2022-07-24T10:38:26.567Z</time>
      </trkpt>
      <trkpt lat="47.3815965" lon="9.7719185">
        <ele>804.9</ele>
        <time>2022-07-24T10:38:31.567Z</time>
      </trkpt>
      <trkpt lat="47.3816035" lon="9.7719668">
        <ele>804.5</ele>
        <time>2022-07-24T10:38:37.567Z</time>
      </trkpt>
      <trkpt lat="47.3815922" lon="9.7719907">
        <ele>803.7</ele>
        <time>2022-07-24T10:38:42.567Z</time>
      </trkpt>
      <trkpt lat="47.3816124" lon="9.7719967">
        <ele>802.7</ele>
        <time>2022-07-24T10:38:48.567Z</time>
      </trkpt>
      <trkpt lat="47.3816671" lon="9.7719809">
        <ele>801.8</ele>
        <time>2022-07-24T10:38:54.567Z</time>
      </trkpt>
      <trkpt lat="47.3816859" lon="9.7719456">
        <ele>801</ele>
        <time>2022-07-24T10:38:59.567Z</time>
      </trkpt>
      <trkpt lat="47.3817171" lon="9.7719144">
        <ele>800.6</ele>
        <time>2022-07-24T10:39:04.567Z</time>
      </trkpt>
      <trkpt lat="47.3817404" lon="9.7719293">
        <ele>800.4</ele>
        <time>2022-07-24T10:39:09.567Z</time>
      </trkpt>
      <trkpt lat="47.3817257" lon="9.771946">
        <ele>800.1</ele>
        <time>2022-07-24T10:39:15.567Z</time>
      </trkpt>
      <trkpt lat="47.3817364" lon="9.7719685">
        <ele>800.1</ele>
        <time>2022-07-24T10:39:29.567Z</time>
      </trkpt>
      <trkpt lat="47.38175" lon="9.7719891">
        <ele>799.8</ele>
        <time>2022-07-24T10:39:39.567Z</time>
      </trkpt>
      <trkpt lat="47.3817495" lon="9.7720239">
        <ele>799.5</ele>
        <time>2022-07-24T10:39:45.567Z</time>
      </trkpt>
      <trkpt lat="47.3817292" lon="9.7720284">
        <ele>799.3</ele>
        <time>2022-07-24T10:40:15.567Z</time>
      </trkpt>
      <trkpt lat="47.3816986" lon="9.7720557">
        <ele>799.8</ele>
        <time>2022-07-24T10:40:20.567Z</time>
      </trkpt>
      <trkpt lat="47.381672" lon="9.772038">
        <ele>799.8</ele>
        <time>2022-07-24T10:40:25.567Z</time>
      </trkpt>
      <trkpt lat="47.3816892" lon="9.7720536">
        <ele>799.6</ele>
        <time>2022-07-24T10:40:38.567Z</time>
      </trkpt>
      <trkpt lat="47.3817021" lon="9.772029">
        <ele>799.4</ele>
        <time>2022-07-24T10:40:44.567Z</time>
      </trkpt>
      <trkpt lat="47.3817095" lon="9.7720038">
        <ele>799.6</ele>
        <time>2022-07-24T10:40:50.567Z</time>
      </trkpt>
      <trkpt lat="47.3817077" lon="9.7720305">
        <ele>799.4</ele>
        <time>2022-07-24T10:41:04.567Z</time>
      </trkpt>
      <trkpt lat="47.3816911" lon="9.7720436">
        <ele>799.8</ele>
        <time>2022-07-24T10:41:12.567Z</time>
      </trkpt>
      <trkpt lat="47.3817093" lon="9.7720375">
        <ele>799.4</ele>
        <time>2022-07-24T10:41:40.567Z</time>
      </trkpt>
      <trkpt lat="47.3817654" lon="9.7720639">
        <ele>798.5</ele>
        <time>2022-07-24T10:41:46.567Z</time>
      </trkpt>
      <trkpt lat="47.3817581" lon="9.7720977">
        <ele>798</ele>
        <time>2022-07-24T10:41:51.567Z</time>
      </trkpt>
      <trkpt lat="47.3817351" lon="9.7721111">
        <ele>796.9</ele>
        <time>2022-07-24T10:41:57.567Z</time>
      </trkpt>
      <trkpt lat="47.3817" lon="9.7721601">
        <ele>796.6</ele>
        <time>2022-07-24T10:42:03.567Z</time>
      </trkpt>
      <trkpt lat="47.3817142" lon="9.7721837">
        <ele>795.3</ele>
        <time>2022-07-24T10:42:58.567Z</time>
      </trkpt>
      <trkpt lat="47.3817357" lon="9.772173">
        <ele>795</ele>
        <time>2022-07-24T10:43:06.567Z</time>
      </trkpt>
      <trkpt lat="47.381791" lon="9.7722168">
        <ele>794</ele>
        <time>2022-07-24T10:43:11.567Z</time>
      </trkpt>
      <trkpt lat="47.3818154" lon="9.7722699">
        <ele>792.2</ele>
        <time>2022-07-24T10:43:17.567Z</time>
      </trkpt>
      <trkpt lat="47.3818334" lon="9.7723057">
        <ele>791.9</ele>
        <time>2022-07-24T10:43:22.567Z</time>
      </trkpt>
      <trkpt lat="47.3818234" lon="9.7723361">
        <ele>789.2</ele>
        <time>2022-07-24T10:43:31.567Z</time>
      </trkpt>
      <trkpt lat="47.3817829" lon="9.772348">
        <ele>788.1</ele>
        <time>2022-07-24T10:43:37.567Z</time>
      </trkpt>
      <trkpt lat="47.3817933" lon="9.7723256">
        <ele>788.4</ele>
        <time>2022-07-24T10:44:17.567Z</time>
      </trkpt>
      <trkpt lat="47.3817903" lon="9.7723583">
        <ele>788.1</ele>
        <time>2022-07-24T10:44:25.567Z</time>
      </trkpt>
      <trkpt lat="47.3818101" lon="9.7724064">
        <ele>787.3</ele>
        <time>2022-07-24T10:44:30.567Z</time>
      </trkpt>
      <trkpt lat="47.3818455" lon="9.7724324">
        <ele>786</ele>
        <time>2022-07-24T10:44:35.567Z</time>
      </trkpt>
      <trkpt lat="47.3819125" lon="9.7724016">
        <ele>785.8</ele>
        <time>2022-07-24T10:44:41.567Z</time>
      </trkpt>
      <trkpt lat="47.3818905" lon="9.772395">
        <ele>785.5</ele>
        <time>2022-07-24T10:44:46.567Z</time>
      </trkpt>
      <trkpt lat="47.3818798" lon="9.7724188">
        <ele>785.6</ele>
        <time>2022-07-24T10:45:01.567Z</time>
      </trkpt>
      <trkpt lat="47.3818987" lon="9.7724041">
        <ele>785.3</ele>
        <time>2022-07-24T10:45:06.567Z</time>
      </trkpt>
      <trkpt lat="47.3819437" lon="9.7723508">
        <ele>784.8</ele>
        <time>2022-07-24T10:45:12.567Z</time>
      </trkpt>
      <trkpt lat="47.3819784" lon="9.7723183">
        <ele>784</ele>
        <time>2022-07-24T10:45:17.567Z</time>
      </trkpt>
      <trkpt lat="47.3820122" lon="9.77236">
        <ele>783.8</ele>
        <time>2022-07-24T10:45:22.567Z</time>
      </trkpt>
      <trkpt lat="47.3820103" lon="9.7724519">
        <ele>782.8</ele>
        <time>2022-07-24T10:45:27.567Z</time>
      </trkpt>
      <trkpt lat="47.3819815" lon="9.7725559">
        <ele>780.7</ele>
        <time>2022-07-24T10:45:33.567Z</time>
      </trkpt>
      <trkpt lat="47.3820095" lon="9.7725824">
        <ele>779.7</ele>
        <time>2022-07-24T10:45:38.567Z</time>
      </trkpt>
      <trkpt lat="47.3820582" lon="9.7725422">
        <ele>778.5</ele>
        <time>2022-07-24T10:45:43.567Z</time>
      </trkpt>
      <trkpt lat="47.3821003" lon="9.7725368">
        <ele>777.4</ele>
        <time>2022-07-24T10:45:48.567Z</time>
      </trkpt>
      <trkpt lat="47.3821282" lon="9.7725435">
        <ele>776.9</ele>
        <time>2022-07-24T10:45:54.567Z</time>
      </trkpt>
      <trkpt lat="47.3821025" lon="9.7725554">
        <ele>776.5</ele>
        <time>2022-07-24T10:45:59.567Z</time>
      </trkpt>
      <trkpt lat="47.3820845" lon="9.7725612">
        <ele>777</ele>
        <time>2022-07-24T10:46:07.567Z</time>
      </trkpt>
      <trkpt lat="47.3820702" lon="9.7726243">
        <ele>776.4</ele>
        <time>2022-07-24T10:46:12.567Z</time>
      </trkpt>
      <trkpt lat="47.3820475" lon="9.7726366">
        <ele>775.9</ele>
        <time>2022-07-24T10:46:18.567Z</time>
      </trkpt>
      <trkpt lat="47.3820304" lon="9.7726587">
        <ele>775.2</ele>
        <time>2022-07-24T10:46:23.567Z</time>
      </trkpt>
      <trkpt lat="47.3820495" lon="9.7727235">
        <ele>774.3</ele>
        <time>2022-07-24T10:46:29.567Z</time>
      </trkpt>
      <trkpt lat="47.3820649" lon="9.7727059">
        <ele>773.9</ele>
        <time>2022-07-24T10:46:34.567Z</time>
      </trkpt>
      <trkpt lat="47.3820955" lon="9.7727311">
        <ele>772.9</ele>
        <time>2022-07-24T10:46:39.567Z</time>
      </trkpt>
      <trkpt lat="47.3821252" lon="9.7727934">
        <ele>771.4</ele>
        <time>2022-07-24T10:46:45.567Z</time>
      </trkpt>
      <trkpt lat="47.3821548" lon="9.7728149">
        <ele>770.6</ele>
        <time>2022-07-24T10:46:50.567Z</time>
      </trkpt>
      <trkpt lat="47.3822124" lon="9.7727854">
        <ele>769.5</ele>
        <time>2022-07-24T10:46:56.567Z</time>
      </trkpt>
      <trkpt lat="47.3822361" lon="9.7727564">
        <ele>768.9</ele>
        <time>2022-07-24T10:47:02.567Z</time>
      </trkpt>
      <trkpt lat="47.3822656" lon="9.7728141">
        <ele>768.2</ele>
        <time>2022-07-24T10:47:07.567Z</time>
      </trkpt>
      <trkpt lat="47.3822921" lon="9.7728759">
        <ele>767.2</ele>
        <time>2022-07-24T10:47:13.567Z</time>
      </trkpt>
      <trkpt lat="47.3822971" lon="9.7729219">
        <ele>765.9</ele>
        <time>2022-07-24T10:47:18.567Z</time>
      </trkpt>
      <trkpt lat="47.3823131" lon="9.7729345">
        <ele>765.7</ele>
        <time>2022-07-24T10:47:23.567Z</time>
      </trkpt>
      <trkpt lat="47.3823044" lon="9.7729923">
        <ele>764.2</ele>
        <time>2022-07-24T10:47:29.567Z</time>
      </trkpt>
      <trkpt lat="47.3823501" lon="9.7729623">
        <ele>763.6</ele>
        <time>2022-07-24T10:47:34.567Z</time>
      </trkpt>
      <trkpt lat="47.3823659" lon="9.7729757">
        <ele>762.2</ele>
        <time>2022-07-24T10:47:40.567Z</time>
      </trkpt>
      <trkpt lat="47.3823524" lon="9.7730722">
        <ele>761</ele>
        <time>2022-07-24T10:47:45.567Z</time>
      </trkpt>
      <trkpt lat="47.3823406" lon="9.7731467">
        <ele>760.9</ele>
        <time>2022-07-24T10:47:50.567Z</time>
      </trkpt>
      <trkpt lat="47.3823472" lon="9.7732044">
        <ele>759.9</ele>
        <time>2022-07-24T10:47:56.567Z</time>
      </trkpt>
      <trkpt lat="47.3823664" lon="9.7732392">
        <ele>759.1</ele>
        <time>2022-07-24T10:48:01.567Z</time>
      </trkpt>
      <trkpt lat="47.3823919" lon="9.7732561">
        <ele>758.7</ele>
        <time>2022-07-24T10:48:07.567Z</time>
      </trkpt>
      <trkpt lat="47.3824238" lon="9.7732644">
        <ele>757.7</ele>
        <time>2022-07-24T10:48:12.567Z</time>
      </trkpt>
      <trkpt lat="47.382448" lon="9.7732105">
        <ele>756.6</ele>
        <time>2022-07-24T10:48:17.567Z</time>
      </trkpt>
      <trkpt lat="47.382453" lon="9.7731705">
        <ele>754.5</ele>
        <time>2022-07-24T10:48:23.567Z</time>
      </trkpt>
      <trkpt lat="47.3824869" lon="9.7732124">
        <ele>754.4</ele>
        <time>2022-07-24T10:48:28.567Z</time>
      </trkpt>
      <trkpt lat="47.3824718" lon="9.7732342">
        <ele>754.1</ele>
        <time>2022-07-24T10:48:45.567Z</time>
      </trkpt>
      <trkpt lat="47.382454" lon="9.7732422">
        <ele>754.1</ele>
        <time>2022-07-24T10:48:55.567Z</time>
      </trkpt>
      <trkpt lat="47.3824228" lon="9.7733146">
        <ele>753.2</ele>
        <time>2022-07-24T10:49:00.567Z</time>
      </trkpt>
      <trkpt lat="47.3824705" lon="9.773353">
        <ele>752.8</ele>
        <time>2022-07-24T10:49:05.567Z</time>
      </trkpt>
      <trkpt lat="47.3824885" lon="9.7733833">
        <ele>751.3</ele>
        <time>2022-07-24T10:49:11.567Z</time>
      </trkpt>
      <trkpt lat="47.3825177" lon="9.7733994">
        <ele>750.4</ele>
        <time>2022-07-24T10:49:17.567Z</time>
      </trkpt>
      <trkpt lat="47.3825341" lon="9.7733793">
        <ele>749.1</ele>
        <time>2022-07-24T10:49:28.567Z</time>
      </trkpt>
      <trkpt lat="47.382518" lon="9.7733333">
        <ele>747.9</ele>
        <time>2022-07-24T10:49:34.567Z</time>
      </trkpt>
      <trkpt lat="47.3825402" lon="9.7733148">
        <ele>747.4</ele>
        <time>2022-07-24T10:49:39.567Z</time>
      </trkpt>
      <trkpt lat="47.3825599" lon="9.773403">
        <ele>746.7</ele>
        <time>2022-07-24T10:49:45.567Z</time>
      </trkpt>
      <trkpt lat="47.3825728" lon="9.773493">
        <ele>745.9</ele>
        <time>2022-07-24T10:49:51.567Z</time>
      </trkpt>
      <trkpt lat="47.3825502" lon="9.7735219">
        <ele>745.4</ele>
        <time>2022-07-24T10:49:56.567Z</time>
      </trkpt>
      <trkpt lat="47.3825344" lon="9.7735671">
        <ele>745.5</ele>
        <time>2022-07-24T10:50:02.567Z</time>
      </trkpt>
      <trkpt lat="47.3825171" lon="9.7735585">
        <ele>745.1</ele>
        <time>2022-07-24T10:50:10.567Z</time>
      </trkpt>
      <trkpt lat="47.382498" lon="9.7735515">
        <ele>745.2</ele>
        <time>2022-07-24T10:50:39.567Z</time>
      </trkpt>
      <trkpt lat="47.382504" lon="9.7735803">
        <ele>744.9</ele>
        <time>2022-07-24T10:51:22.567Z</time>
      </trkpt>
      <trkpt lat="47.3825129" lon="9.7735462">
        <ele>744.8</ele>
        <time>2022-07-24T10:51:39.567Z</time>
      </trkpt>
      <trkpt lat="47.3825438" lon="9.7734657">
        <ele>744.2</ele>
        <time>2022-07-24T10:51:45.567Z</time>
      </trkpt>
      <trkpt lat="47.3825245" lon="9.7734471">
        <ele>743.4</ele>
        <time>2022-07-24T10:51:51.567Z</time>
      </trkpt>
      <trkpt lat="47.3825046" lon="9.7734698">
        <ele>744.6</ele>
        <time>2022-07-24T10:52:12.567Z</time>
      </trkpt>
      <trkpt lat="47.3824552" lon="9.7734635">
        <ele>744.1</ele>
        <time>2022-07-24T10:52:17.567Z</time>
      </trkpt>
      <trkpt lat="47.3824277" lon="9.7735702">
        <ele>743.1</ele>
        <time>2022-07-24T10:52:23.567Z</time>
      </trkpt>
      <trkpt lat="47.3823804" lon="9.7736246">
        <ele>741.7</ele>
        <time>2022-07-24T10:52:28.567Z</time>
      </trkpt>
      <trkpt lat="47.3823255" lon="9.7736549">
        <ele>740.2</ele>
        <time>2022-07-24T10:52:34.567Z</time>
      </trkpt>
      <trkpt lat="47.3822847" lon="9.7737053">
        <ele>739.1</ele>
        <time>2022-07-24T10:52:39.567Z</time>
      </trkpt>
      <trkpt lat="47.3822427" lon="9.7737354">
        <ele>736.4</ele>
        <time>2022-07-24T10:52:44.567Z</time>
      </trkpt>
      <trkpt lat="47.3821977" lon="9.7737645">
        <ele>735.3</ele>
        <time>2022-07-24T10:52:50.567Z</time>
      </trkpt>
      <trkpt lat="47.3821274" lon="9.7737806">
        <ele>733.8</ele>
        <time>2022-07-24T10:52:55.567Z</time>
      </trkpt>
      <trkpt lat="47.3820869" lon="9.7738204">
        <ele>732.9</ele>
        <time>2022-07-24T10:53:00.567Z</time>
      </trkpt>
      <trkpt lat="47.3820593" lon="9.7738705">
        <ele>731.6</ele>
        <time>2022-07-24T10:53:05.567Z</time>
      </trkpt>
      <trkpt lat="47.3820261" lon="9.7738874">
        <ele>730.3</ele>
        <time>2022-07-24T10:53:11.567Z</time>
      </trkpt>
      <trkpt lat="47.3820141" lon="9.773913">
        <ele>729.4</ele>
        <time>2022-07-24T10:53:17.567Z</time>
      </trkpt>
      <trkpt lat="47.3819715" lon="9.7739236">
        <ele>729.3</ele>
        <time>2022-07-24T10:53:23.567Z</time>
      </trkpt>
      <trkpt lat="47.3819267" lon="9.7739548">
        <ele>728</ele>
        <time>2022-07-24T10:53:28.567Z</time>
      </trkpt>
      <trkpt lat="47.3818902" lon="9.7739586">
        <ele>726.4</ele>
        <time>2022-07-24T10:53:34.567Z</time>
      </trkpt>
      <trkpt lat="47.3818604" lon="9.7739772">
        <ele>726.2</ele>
        <time>2022-07-24T10:53:39.567Z</time>
      </trkpt>
      <trkpt lat="47.3818288" lon="9.7739935">
        <ele>724.6</ele>
        <time>2022-07-24T10:53:44.567Z</time>
      </trkpt>
      <trkpt lat="47.381791" lon="9.7740224">
        <ele>723.5</ele>
        <time>2022-07-24T10:53:49.567Z</time>
      </trkpt>
      <trkpt lat="47.3817744" lon="9.7740742">
        <ele>723</ele>
        <time>2022-07-24T10:53:54.567Z</time>
      </trkpt>
      <trkpt lat="47.3818185" lon="9.7740966">
        <ele>722.7</ele>
        <time>2022-07-24T10:53:59.567Z</time>
      </trkpt>
      <trkpt lat="47.3818359" lon="9.7741294">
        <ele>722.3</ele>
        <time>2022-07-24T10:54:05.567Z</time>
      </trkpt>
      <trkpt lat="47.3818542" lon="9.774167">
        <ele>720.3</ele>
        <time>2022-07-24T10:54:10.567Z</time>
      </trkpt>
      <trkpt lat="47.3818783" lon="9.7742245">
        <ele>718.5</ele>
        <time>2022-07-24T10:54:16.567Z</time>
      </trkpt>
      <trkpt lat="47.381921" lon="9.7742735">
        <ele>718.7</ele>
        <time>2022-07-24T10:54:21.567Z</time>
      </trkpt>
      <trkpt lat="47.3819659" lon="9.7743092">
        <ele>718</ele>
        <time>2022-07-24T10:54:26.567Z</time>
      </trkpt>
      <trkpt lat="47.3820144" lon="9.7743601">
        <ele>716.9</ele>
        <time>2022-07-24T10:54:32.567Z</time>
      </trkpt>
      <trkpt lat="47.3820312" lon="9.774403">
        <ele>715.7</ele>
        <time>2022-07-24T10:54:37.567Z</time>
      </trkpt>
      <trkpt lat="47.3820467" lon="9.774439">
        <ele>714.4</ele>
        <time>2022-07-24T10:54:43.567Z</time>
      </trkpt>
      <trkpt lat="47.3820607" lon="9.7744702">
        <ele>714.8</ele>
        <time>2022-07-24T10:54:48.567Z</time>
      </trkpt>
      <trkpt lat="47.382099" lon="9.7744325">
        <ele>715.2</ele>
        <time>2022-07-24T10:54:53.567Z</time>
      </trkpt>
      <trkpt lat="47.3820935" lon="9.7744633">
        <ele>714.3</ele>
        <time>2022-07-24T10:54:59.567Z</time>
      </trkpt>
      <trkpt lat="47.3820807" lon="9.7745011">
        <ele>714.1</ele>
        <time>2022-07-24T10:55:05.567Z</time>
      </trkpt>
      <trkpt lat="47.3820754" lon="9.7744627">
        <ele>713.3</ele>
        <time>2022-07-24T10:55:11.567Z</time>
      </trkpt>
      <trkpt lat="47.3820742" lon="9.7744941">
        <ele>713.9</ele>
        <time>2022-07-24T10:55:21.567Z</time>
      </trkpt>
      <trkpt lat="47.3821232" lon="9.7745138">
        <ele>713.4</ele>
        <time>2022-07-24T10:55:26.567Z</time>
      </trkpt>
      <trkpt lat="47.3821686" lon="9.7745586">
        <ele>712.6</ele>
        <time>2022-07-24T10:55:32.567Z</time>
      </trkpt>
      <trkpt lat="47.3822074" lon="9.7745997">
        <ele>711.1</ele>
        <time>2022-07-24T10:55:37.567Z</time>
      </trkpt>
      <trkpt lat="47.3822501" lon="9.7746352">
        <ele>710.9</ele>
        <time>2022-07-24T10:55:43.567Z</time>
      </trkpt>
      <trkpt lat="47.3822758" lon="9.7746087">
        <ele>710.7</ele>
        <time>2022-07-24T10:55:48.567Z</time>
      </trkpt>
      <trkpt lat="47.3823067" lon="9.7746132">
        <ele>711</ele>
        <time>2022-07-24T10:55:53.567Z</time>
      </trkpt>
      <trkpt lat="47.3823472" lon="9.7746066">
        <ele>709.2</ele>
        <time>2022-07-24T10:55:59.567Z</time>
      </trkpt>
      <trkpt lat="47.3823928" lon="9.7745888">
        <ele>708.7</ele>
        <time>2022-07-24T10:56:04.567Z</time>
      </trkpt>
      <trkpt lat="47.3824118" lon="9.7745892">
        <ele>707.4</ele>
        <time>2022-07-24T10:56:09.567Z</time>
      </trkpt>
      <trkpt lat="47.3824324" lon="9.7745876">
        <ele>707.1</ele>
        <time>2022-07-24T10:56:17.567Z</time>
      </trkpt>
      <trkpt lat="47.3824772" lon="9.7745918">
        <ele>706.9</ele>
        <time>2022-07-24T10:56:22.567Z</time>
      </trkpt>
      <trkpt lat="47.3825197" lon="9.7745952">
        <ele>704.8</ele>
        <time>2022-07-24T10:56:28.567Z</time>
      </trkpt>
      <trkpt lat="47.3825723" lon="9.7746042">
        <ele>704.7</ele>
        <time>2022-07-24T10:56:33.567Z</time>
      </trkpt>
      <trkpt lat="47.3825722" lon="9.7746385">
        <ele>703.6</ele>
        <time>2022-07-24T10:56:39.567Z</time>
      </trkpt>
      <trkpt lat="47.3825923" lon="9.7746699">
        <ele>704.6</ele>
        <time>2022-07-24T10:56:44.567Z</time>
      </trkpt>
      <trkpt lat="47.3826592" lon="9.7746781">
        <ele>703.7</ele>
        <time>2022-07-24T10:56:49.567Z</time>
      </trkpt>
      <trkpt lat="47.3827141" lon="9.7746707">
        <ele>703.1</ele>
        <time>2022-07-24T10:56:55.567Z</time>
      </trkpt>
      <trkpt lat="47.3827559" lon="9.7746789">
        <ele>701.7</ele>
        <time>2022-07-24T10:57:00.567Z</time>
      </trkpt>
      <trkpt lat="47.3828042" lon="9.7747188">
        <ele>700.9</ele>
        <time>2022-07-24T10:57:06.567Z</time>
      </trkpt>
      <trkpt lat="47.3828388" lon="9.77476">
        <ele>700.2</ele>
        <time>2022-07-24T10:57:11.567Z</time>
      </trkpt>
      <trkpt lat="47.3827951" lon="9.7748165">
        <ele>700.1</ele>
        <time>2022-07-24T10:57:17.567Z</time>
      </trkpt>
      <trkpt lat="47.38274" lon="9.7747889">
        <ele>699.7</ele>
        <time>2022-07-24T10:57:22.567Z</time>
      </trkpt>
      <trkpt lat="47.3826895" lon="9.7747952">
        <ele>700.1</ele>
        <time>2022-07-24T10:57:27.567Z</time>
      </trkpt>
      <trkpt lat="47.3826539" lon="9.7747791">
        <ele>699</ele>
        <time>2022-07-24T10:57:33.567Z</time>
      </trkpt>
      <trkpt lat="47.3826151" lon="9.7748305">
        <ele>699</ele>
        <time>2022-07-24T10:57:39.567Z</time>
      </trkpt>
      <trkpt lat="47.3825771" lon="9.7748656">
        <ele>699.1</ele>
        <time>2022-07-24T10:57:44.567Z</time>
      </trkpt>
      <trkpt lat="47.3825439" lon="9.7749184">
        <ele>699.4</ele>
        <time>2022-07-24T10:57:49.567Z</time>
      </trkpt>
      <trkpt lat="47.3825138" lon="9.7749579">
        <ele>698.2</ele>
        <time>2022-07-24T10:57:54.567Z</time>
      </trkpt>
      <trkpt lat="47.382472" lon="9.7749994">
        <ele>697.5</ele>
        <time>2022-07-24T10:57:59.567Z</time>
      </trkpt>
      <trkpt lat="47.3824356" lon="9.7750495">
        <ele>696.9</ele>
        <time>2022-07-24T10:58:04.567Z</time>
      </trkpt>
      <trkpt lat="47.3824123" lon="9.7750931">
        <ele>697</ele>
        <time>2022-07-24T10:58:10.567Z</time>
      </trkpt>
      <trkpt lat="47.3823725" lon="9.7751345">
        <ele>696.9</ele>
        <time>2022-07-24T10:58:15.567Z</time>
      </trkpt>
      <trkpt lat="47.3823319" lon="9.7751902">
        <ele>696</ele>
        <time>2022-07-24T10:58:21.567Z</time>
      </trkpt>
      <trkpt lat="47.3822967" lon="9.7752403">
        <ele>695.1</ele>
        <time>2022-07-24T10:58:26.567Z</time>
      </trkpt>
      <trkpt lat="47.3822613" lon="9.7752878">
        <ele>693.9</ele>
        <time>2022-07-24T10:58:32.567Z</time>
      </trkpt>
      <trkpt lat="47.3822344" lon="9.7753456">
        <ele>693.6</ele>
        <time>2022-07-24T10:58:37.567Z</time>
      </trkpt>
      <trkpt lat="47.3822024" lon="9.7754033">
        <ele>693.6</ele>
        <time>2022-07-24T10:58:42.567Z</time>
      </trkpt>
      <trkpt lat="47.3821672" lon="9.7754503">
        <ele>692.7</ele>
        <time>2022-07-24T10:58:48.567Z</time>
      </trkpt>
      <trkpt lat="47.3821222" lon="9.7754768">
        <ele>692.8</ele>
        <time>2022-07-24T10:58:53.567Z</time>
      </trkpt>
      <trkpt lat="47.3821158" lon="9.7755411">
        <ele>691.8</ele>
        <time>2022-07-24T10:58:59.567Z</time>
      </trkpt>
      <trkpt lat="47.3821521" lon="9.7756161">
        <ele>691.1</ele>
        <time>2022-07-24T10:59:05.567Z</time>
      </trkpt>
      <trkpt lat="47.3821452" lon="9.7756785">
        <ele>691.2</ele>
        <time>2022-07-24T10:59:10.567Z</time>
      </trkpt>
      <trkpt lat="47.3821509" lon="9.7757417">
        <ele>691</ele>
        <time>2022-07-24T10:59:16.567Z</time>
      </trkpt>
      <trkpt lat="47.3821229" lon="9.7757897">
        <ele>688.9</ele>
        <time>2022-07-24T10:59:21.567Z</time>
      </trkpt>
      <trkpt lat="47.3821083" lon="9.7758522">
        <ele>687.9</ele>
        <time>2022-07-24T10:59:26.567Z</time>
      </trkpt>
      <trkpt lat="47.3821021" lon="9.7759043">
        <ele>687.2</ele>
        <time>2022-07-24T10:59:32.567Z</time>
      </trkpt>
      <trkpt lat="47.3820846" lon="9.7759602">
        <ele>687.1</ele>
        <time>2022-07-24T10:59:38.567Z</time>
      </trkpt>
      <trkpt lat="47.3820684" lon="9.7759463">
        <ele>687.4</ele>
        <time>2022-07-24T10:59:43.567Z</time>
      </trkpt>
      <trkpt lat="47.3820529" lon="9.7759678">
        <ele>685.9</ele>
        <time>2022-07-24T10:59:55.567Z</time>
      </trkpt>
      <trkpt lat="47.3820387" lon="9.7760226">
        <ele>685.6</ele>
        <time>2022-07-24T11:00:00.567Z</time>
      </trkpt>
      <trkpt lat="47.3820198" lon="9.7760676">
        <ele>684.4</ele>
        <time>2022-07-24T11:00:06.567Z</time>
      </trkpt>
      <trkpt lat="47.3820222" lon="9.7761213">
        <ele>684.1</ele>
        <time>2022-07-24T11:00:12.567Z</time>
      </trkpt>
      <trkpt lat="47.3820657" lon="9.7761077">
        <ele>682.8</ele>
        <time>2022-07-24T11:00:18.567Z</time>
      </trkpt>
      <trkpt lat="47.3820537" lon="9.776128">
        <ele>681.5</ele>
        <time>2022-07-24T11:00:23.567Z</time>
      </trkpt>
      <trkpt lat="47.3820355" lon="9.7761189">
        <ele>682.1</ele>
        <time>2022-07-24T11:00:37.567Z</time>
      </trkpt>
      <trkpt lat="47.3819971" lon="9.7761588">
        <ele>681.4</ele>
        <time>2022-07-24T11:00:43.567Z</time>
      </trkpt>
      <trkpt lat="47.3820477" lon="9.7762052">
        <ele>680.9</ele>
        <time>2022-07-24T11:00:49.567Z</time>
      </trkpt>
      <trkpt lat="47.3820994" lon="9.7761839">
        <ele>679.2</ele>
        <time>2022-07-24T11:00:54.567Z</time>
      </trkpt>
      <trkpt lat="47.382117" lon="9.7762119">
        <ele>678.6</ele>
        <time>2022-07-24T11:00:59.567Z</time>
      </trkpt>
      <trkpt lat="47.3821015" lon="9.7762681">
        <ele>678.9</ele>
        <time>2022-07-24T11:01:04.567Z</time>
      </trkpt>
      <trkpt lat="47.3820759" lon="9.776307">
        <ele>678.5</ele>
        <time>2022-07-24T11:01:10.567Z</time>
      </trkpt>
      <trkpt lat="47.3820491" lon="9.7763454">
        <ele>677.4</ele>
        <time>2022-07-24T11:01:15.567Z</time>
      </trkpt>
      <trkpt lat="47.382018" lon="9.7763774">
        <ele>676.2</ele>
        <time>2022-07-24T11:01:21.567Z</time>
      </trkpt>
      <trkpt lat="47.381977" lon="9.7763745">
        <ele>675.6</ele>
        <time>2022-07-24T11:01:26.567Z</time>
      </trkpt>
      <trkpt lat="47.3819461" lon="9.7764179">
        <ele>674.5</ele>
        <time>2022-07-24T11:01:31.567Z</time>
      </trkpt>
      <trkpt lat="47.3819138" lon="9.7764649">
        <ele>674.1</ele>
        <time>2022-07-24T11:01:36.567Z</time>
      </trkpt>
      <trkpt lat="47.3818905" lon="9.7765096">
        <ele>673.8</ele>
        <time>2022-07-24T11:01:41.567Z</time>
      </trkpt>
      <trkpt lat="47.3818985" lon="9.7765442">
        <ele>673</ele>
        <time>2022-07-24T11:01:46.567Z</time>
      </trkpt>
      <trkpt lat="47.3819478" lon="9.7765041">
        <ele>671</ele>
        <time>2022-07-24T11:01:52.567Z</time>
      </trkpt>
      <trkpt lat="47.3819604" lon="9.7765448">
        <ele>669.4</ele>
        <time>2022-07-24T11:01:57.567Z</time>
      </trkpt>
      <trkpt lat="47.3819148" lon="9.7765694">
        <ele>669.1</ele>
        <time>2022-07-24T11:02:03.567Z</time>
      </trkpt>
      <trkpt lat="47.3818909" lon="9.7766052">
        <ele>669.3</ele>
        <time>2022-07-24T11:02:09.567Z</time>
      </trkpt>
      <trkpt lat="47.3819305" lon="9.7766298">
        <ele>667.9</ele>
        <time>2022-07-24T11:02:15.567Z</time>
      </trkpt>
      <trkpt lat="47.381948" lon="9.7766738">
        <ele>666.4</ele>
        <time>2022-07-24T11:02:20.567Z</time>
      </trkpt>
      <trkpt lat="47.3819071" lon="9.7766889">
        <ele>666.1</ele>
        <time>2022-07-24T11:02:25.567Z</time>
      </trkpt>
      <trkpt lat="47.3819248" lon="9.7766959">
        <ele>666.2</ele>
        <time>2022-07-24T11:02:42.567Z</time>
      </trkpt>
      <trkpt lat="47.3819417" lon="9.7767124">
        <ele>665.2</ele>
        <time>2022-07-24T11:02:47.567Z</time>
      </trkpt>
      <trkpt lat="47.3819802" lon="9.7767014">
        <ele>664.4</ele>
        <time>2022-07-24T11:02:52.567Z</time>
      </trkpt>
      <trkpt lat="47.3819879" lon="9.7767263">
        <ele>663.9</ele>
        <time>2022-07-24T11:02:58.567Z</time>
      </trkpt>
      <trkpt lat="47.3820074" lon="9.7768002">
        <ele>662.6</ele>
        <time>2022-07-24T11:03:04.567Z</time>
      </trkpt>
      <trkpt lat="47.3819874" lon="9.7768579">
        <ele>662.5</ele>
        <time>2022-07-24T11:03:09.567Z</time>
      </trkpt>
      <trkpt lat="47.381978" lon="9.7768949">
        <ele>661</ele>
        <time>2022-07-24T11:03:14.567Z</time>
      </trkpt>
      <trkpt lat="47.3820147" lon="9.7768814">
        <ele>659.9</ele>
        <time>2022-07-24T11:03:20.567Z</time>
      </trkpt>
      <trkpt lat="47.382045" lon="9.7768581">
        <ele>658.7</ele>
        <time>2022-07-24T11:03:25.567Z</time>
      </trkpt>
      <trkpt lat="47.3820789" lon="9.7768509">
        <ele>658.2</ele>
        <time>2022-07-24T11:03:30.567Z</time>
      </trkpt>
      <trkpt lat="47.3820472" lon="9.7768977">
        <ele>657.9</ele>
        <time>2022-07-24T11:03:36.567Z</time>
      </trkpt>
      <trkpt lat="47.3820329" lon="9.7769557">
        <ele>657.2</ele>
        <time>2022-07-24T11:03:41.567Z</time>
      </trkpt>
      <trkpt lat="47.3820709" lon="9.7769679">
        <ele>655.4</ele>
        <time>2022-07-24T11:03:47.567Z</time>
      </trkpt>
      <trkpt lat="47.3821189" lon="9.7769623">
        <ele>652.9</ele>
        <time>2022-07-24T11:03:53.567Z</time>
      </trkpt>
      <trkpt lat="47.3821641" lon="9.776997">
        <ele>652.3</ele>
        <time>2022-07-24T11:03:58.567Z</time>
      </trkpt>
      <trkpt lat="47.382152" lon="9.777034">
        <ele>653.2</ele>
        <time>2022-07-24T11:04:04.567Z</time>
      </trkpt>
      <trkpt lat="47.3821346" lon="9.7770225">
        <ele>652.7</ele>
        <time>2022-07-24T11:04:09.567Z</time>
      </trkpt>
      <trkpt lat="47.3821158" lon="9.7770142">
        <ele>652</ele>
        <time>2022-07-24T11:04:26.567Z</time>
      </trkpt>
      <trkpt lat="47.3820923" lon="9.7770424">
        <ele>653</ele>
        <time>2022-07-24T11:04:32.567Z</time>
      </trkpt>
      <trkpt lat="47.3820907" lon="9.7770944">
        <ele>651.3</ele>
        <time>2022-07-24T11:04:37.567Z</time>
      </trkpt>
      <trkpt lat="47.3820699" lon="9.7771053">
        <ele>651.2</ele>
        <time>2022-07-24T11:04:43.567Z</time>
      </trkpt>
      <trkpt lat="47.382036" lon="9.7771939">
        <ele>649.5</ele>
        <time>2022-07-24T11:04:49.567Z</time>
      </trkpt>
      <trkpt lat="47.3819907" lon="9.7772533">
        <ele>649.1</ele>
        <time>2022-07-24T11:04:54.567Z</time>
      </trkpt>
      <trkpt lat="47.3820744" lon="9.7772967">
        <ele>649.5</ele>
        <time>2022-07-24T11:05:00.567Z</time>
      </trkpt>
      <trkpt lat="47.3821368" lon="9.7772847">
        <ele>646.9</ele>
        <time>2022-07-24T11:05:05.567Z</time>
      </trkpt>
      <trkpt lat="47.3821829" lon="9.7772897">
        <ele>645.7</ele>
        <time>2022-07-24T11:05:11.567Z</time>
      </trkpt>
      <trkpt lat="47.3822256" lon="9.7772916">
        <ele>645.6</ele>
        <time>2022-07-24T11:05:16.567Z</time>
      </trkpt>
      <trkpt lat="47.3822687" lon="9.7773116">
        <ele>644.8</ele>
        <time>2022-07-24T11:05:23.567Z</time>
      </trkpt>
      <trkpt lat="47.38224" lon="9.7773326">
        <ele>645.4</ele>
        <time>2022-07-24T11:05:28.567Z</time>
      </trkpt>
      <trkpt lat="47.3822177" lon="9.7773269">
        <ele>644.3</ele>
        <time>2022-07-24T11:05:33.567Z</time>
      </trkpt>
      <trkpt lat="47.3822613" lon="9.7773342">
        <ele>644.5</ele>
        <time>2022-07-24T11:05:38.567Z</time>
      </trkpt>
      <trkpt lat="47.3823127" lon="9.7772886">
        <ele>644.3</ele>
        <time>2022-07-24T11:05:43.567Z</time>
      </trkpt>
      <trkpt lat="47.3823395" lon="9.7772217">
        <ele>643.8</ele>
        <time>2022-07-24T11:05:49.567Z</time>
      </trkpt>
      <trkpt lat="47.3823542" lon="9.7771715">
        <ele>644.8</ele>
        <time>2022-07-24T11:05:54.567Z</time>
      </trkpt>
      <trkpt lat="47.3823612" lon="9.7771075">
        <ele>644</ele>
        <time>2022-07-24T11:05:59.567Z</time>
      </trkpt>
      <trkpt lat="47.3823403" lon="9.7770912">
        <ele>644.3</ele>
        <time>2022-07-24T11:06:04.567Z</time>
      </trkpt>
      <trkpt lat="47.3823305" lon="9.7770234">
        <ele>645.1</ele>
        <time>2022-07-24T11:06:09.567Z</time>
      </trkpt>
      <trkpt lat="47.3823623" lon="9.7769464">
        <ele>644.2</ele>
        <time>2022-07-24T11:06:14.567Z</time>
      </trkpt>
      <trkpt lat="47.3824239" lon="9.7768809">
        <ele>645</ele>
        <time>2022-07-24T11:06:19.567Z</time>
      </trkpt>
      <trkpt lat="47.3824468" lon="9.7767992">
        <ele>645.4</ele>
        <time>2022-07-24T11:06:24.567Z</time>
      </trkpt>
      <trkpt lat="47.3824599" lon="9.7767076">
        <ele>644.9</ele>
        <time>2022-07-24T11:06:30.567Z</time>
      </trkpt>
      <trkpt lat="47.3824875" lon="9.7766201">
        <ele>644.6</ele>
        <time>2022-07-24T11:06:35.567Z</time>
      </trkpt>
      <trkpt lat="47.382512" lon="9.77656">
        <ele>644.7</ele>
        <time>2022-07-24T11:06:41.567Z</time>
      </trkpt>
      <trkpt lat="47.3824934" lon="9.7765368">
        <ele>644.3</ele>
        <time>2022-07-24T11:06:46.567Z</time>
      </trkpt>
      <trkpt lat="47.3824968" lon="9.7765697">
        <ele>645.2</ele>
        <time>2022-07-24T11:06:52.567Z</time>
      </trkpt>
      <trkpt lat="47.3825103" lon="9.776651">
        <ele>644.3</ele>
        <time>2022-07-24T11:06:57.567Z</time>
      </trkpt>
      <trkpt lat="47.3825231" lon="9.7767239">
        <ele>643.7</ele>
        <time>2022-07-24T11:07:03.567Z</time>
      </trkpt>
      <trkpt lat="47.3825395" lon="9.7768017">
        <ele>642.9</ele>
        <time>2022-07-24T11:07:08.567Z</time>
      </trkpt>
      <trkpt lat="47.3825465" lon="9.7768796">
        <ele>641.1</ele>
        <time>2022-07-24T11:07:13.567Z</time>
      </trkpt>
      <trkpt lat="47.3825444" lon="9.7769493">
        <ele>639.7</ele>
        <time>2022-07-24T11:07:18.567Z</time>
      </trkpt>
      <trkpt lat="47.3825409" lon="9.7770356">
        <ele>639.5</ele>
        <time>2022-07-24T11:07:24.567Z</time>
      </trkpt>
      <trkpt lat="47.3825508" lon="9.7771339">
        <ele>638</ele>
        <time>2022-07-24T11:07:29.567Z</time>
      </trkpt>
      <trkpt lat="47.3825441" lon="9.7772238">
        <ele>637.1</ele>
        <time>2022-07-24T11:07:34.567Z</time>
      </trkpt>
      <trkpt lat="47.3825152" lon="9.7773154">
        <ele>636.4</ele>
        <time>2022-07-24T11:07:39.567Z</time>
      </trkpt>
      <trkpt lat="47.3824979" lon="9.7773945">
        <ele>633.5</ele>
        <time>2022-07-24T11:07:45.567Z</time>
      </trkpt>
      <trkpt lat="47.3824814" lon="9.7774746">
        <ele>632.1</ele>
        <time>2022-07-24T11:07:50.567Z</time>
      </trkpt>
      <trkpt lat="47.3824693" lon="9.7775524">
        <ele>633</ele>
        <time>2022-07-24T11:07:56.567Z</time>
      </trkpt>
      <trkpt lat="47.3824376" lon="9.7776045">
        <ele>633.2</ele>
        <time>2022-07-24T11:08:01.567Z</time>
      </trkpt>
      <trkpt lat="47.3823962" lon="9.7776336">
        <ele>632.1</ele>
        <time>2022-07-24T11:08:06.567Z</time>
      </trkpt>
      <trkpt lat="47.3823464" lon="9.7776592">
        <ele>628.8</ele>
        <time>2022-07-24T11:08:11.567Z</time>
      </trkpt>
      <trkpt lat="47.3822956" lon="9.7777099">
        <ele>627.9</ele>
        <time>2022-07-24T11:08:17.567Z</time>
      </trkpt>
      <trkpt lat="47.3822712" lon="9.7778103">
        <ele>629.3</ele>
        <time>2022-07-24T11:08:22.567Z</time>
      </trkpt>
      <trkpt lat="47.3822395" lon="9.7778881">
        <ele>627.7</ele>
        <time>2022-07-24T11:08:27.567Z</time>
      </trkpt>
      <trkpt lat="47.3822266" lon="9.7779758">
        <ele>627.1</ele>
        <time>2022-07-24T11:08:33.567Z</time>
      </trkpt>
      <trkpt lat="47.3822162" lon="9.7780574">
        <ele>623.7</ele>
        <time>2022-07-24T11:08:38.567Z</time>
      </trkpt>
      <trkpt lat="47.3822111" lon="9.778137">
        <ele>623.1</ele>
        <time>2022-07-24T11:08:43.567Z</time>
      </trkpt>
      <trkpt lat="47.3822056" lon="9.7782216">
        <ele>622.7</ele>
        <time>2022-07-24T11:08:49.567Z</time>
      </trkpt>
      <trkpt lat="47.3822008" lon="9.7782962">
        <ele>623.4</ele>
        <time>2022-07-24T11:08:54.567Z</time>
      </trkpt>
      <trkpt lat="47.3821986" lon="9.778342">
        <ele>619.9</ele>
        <time>2022-07-24T11:08:59.567Z</time>
      </trkpt>
      <trkpt lat="47.3822305" lon="9.7783492">
        <ele>618.9</ele>
        <time>2022-07-24T11:09:05.567Z</time>
      </trkpt>
      <trkpt lat="47.3822321" lon="9.7783073">
        <ele>620</ele>
        <time>2022-07-24T11:09:10.567Z</time>
      </trkpt>
      <trkpt lat="47.3822161" lon="9.7783322">
        <ele>619.6</ele>
        <time>2022-07-24T11:09:17.567Z</time>
      </trkpt>
      <trkpt lat="47.382149" lon="9.778368">
        <ele>618.6</ele>
        <time>2022-07-24T11:09:22.567Z</time>
      </trkpt>
      <trkpt lat="47.3821047" lon="9.7784222">
        <ele>617</ele>
        <time>2022-07-24T11:09:27.567Z</time>
      </trkpt>
      <trkpt lat="47.3820579" lon="9.7784644">
        <ele>615.9</ele>
        <time>2022-07-24T11:09:33.567Z</time>
      </trkpt>
      <trkpt lat="47.38202" lon="9.7785043">
        <ele>615.8</ele>
        <time>2022-07-24T11:09:38.567Z</time>
      </trkpt>
      <trkpt lat="47.381999" lon="9.7785562">
        <ele>615.8</ele>
        <time>2022-07-24T11:09:43.567Z</time>
      </trkpt>
      <trkpt lat="47.381954" lon="9.7785927">
        <ele>613.9</ele>
        <time>2022-07-24T11:09:49.567Z</time>
      </trkpt>
      <trkpt lat="47.3819104" lon="9.7786335">
        <ele>611.7</ele>
        <time>2022-07-24T11:09:54.567Z</time>
      </trkpt>
      <trkpt lat="47.3818567" lon="9.7786132">
        <ele>610.8</ele>
        <time>2022-07-24T11:09:59.567Z</time>
      </trkpt>
      <trkpt lat="47.3818111" lon="9.7785613">
        <ele>609.6</ele>
        <time>2022-07-24T11:10:05.567Z</time>
      </trkpt>
      <trkpt lat="47.3817687" lon="9.7784723">
        <ele>609.3</ele>
        <time>2022-07-24T11:10:11.567Z</time>
      </trkpt>
      <trkpt lat="47.381731" lon="9.7783963">
        <ele>605.9</ele>
        <time>2022-07-24T11:10:17.567Z</time>
      </trkpt>
      <trkpt lat="47.3816996" lon="9.7783221">
        <ele>605.3</ele>
        <time>2022-07-24T11:10:22.567Z</time>
      </trkpt>
      <trkpt lat="47.3816682" lon="9.7782698">
        <ele>605.1</ele>
        <time>2022-07-24T11:10:27.567Z</time>
      </trkpt>
      <trkpt lat="47.3816563" lon="9.7781987">
        <ele>604.4</ele>
        <time>2022-07-24T11:10:33.567Z</time>
      </trkpt>
      <trkpt lat="47.3816579" lon="9.7781209">
        <ele>604.6</ele>
        <time>2022-07-24T11:10:38.567Z</time>
      </trkpt>
      <trkpt lat="47.3816354" lon="9.7780235">
        <ele>601.7</ele>
        <time>2022-07-24T11:10:44.567Z</time>
      </trkpt>
      <trkpt lat="47.3815903" lon="9.7779472">
        <ele>601.7</ele>
        <time>2022-07-24T11:10:49.567Z</time>
      </trkpt>
      <trkpt lat="47.381558" lon="9.7779859">
        <ele>601.7</ele>
        <time>2022-07-24T11:10:55.567Z</time>
      </trkpt>
      <trkpt lat="47.3815496" lon="9.7780774">
        <ele>601.7</ele>
        <time>2022-07-24T11:11:00.567Z</time>
      </trkpt>
      <trkpt lat="47.3815644" lon="9.7780614">
        <ele>601.8</ele>
        <time>2022-07-24T11:11:06.567Z</time>
      </trkpt>
      <trkpt lat="47.3815546" lon="9.7780978">
        <ele>599.5</ele>
        <time>2022-07-24T11:11:15.567Z</time>
      </trkpt>
      <trkpt lat="47.3815042" lon="9.7781217">
        <ele>597.8</ele>
        <time>2022-07-24T11:11:20.567Z</time>
      </trkpt>
      <trkpt lat="47.3814728" lon="9.7781596">
        <ele>598.1</ele>
        <time>2022-07-24T11:11:25.567Z</time>
      </trkpt>
      <trkpt lat="47.3814935" lon="9.7782282">
        <ele>596.7</ele>
        <time>2022-07-24T11:11:31.567Z</time>
      </trkpt>
      <trkpt lat="47.3815147" lon="9.7782983">
        <ele>597</ele>
        <time>2022-07-24T11:11:36.567Z</time>
      </trkpt>
      <trkpt lat="47.3815295" lon="9.7783483">
        <ele>595.5</ele>
        <time>2022-07-24T11:11:41.567Z</time>
      </trkpt>
      <trkpt lat="47.3815327" lon="9.7784068">
        <ele>595.9</ele>
        <time>2022-07-24T11:11:46.567Z</time>
      </trkpt>
      <trkpt lat="47.3815175" lon="9.7784763">
        <ele>596.6</ele>
        <time>2022-07-24T11:11:51.567Z</time>
      </trkpt>
      <trkpt lat="47.3815359" lon="9.7785345">
        <ele>597.2</ele>
        <time>2022-07-24T11:11:57.567Z</time>
      </trkpt>
      <trkpt lat="47.3815685" lon="9.778574">
        <ele>597</ele>
        <time>2022-07-24T11:12:03.567Z</time>
      </trkpt>
      <trkpt lat="47.3815679" lon="9.7786155">
        <ele>596.7</ele>
        <time>2022-07-24T11:12:08.567Z</time>
      </trkpt>
      <trkpt lat="47.3815374" lon="9.7786502">
        <ele>595.7</ele>
        <time>2022-07-24T11:12:13.567Z</time>
      </trkpt>
      <trkpt lat="47.3815074" lon="9.7786508">
        <ele>594.5</ele>
        <time>2022-07-24T11:12:18.567Z</time>
      </trkpt>
      <trkpt lat="47.3815254" lon="9.7786643">
        <ele>596.6</ele>
        <time>2022-07-24T11:12:40.567Z</time>
      </trkpt>
      <trkpt lat="47.3815595" lon="9.7786917">
        <ele>598</ele>
        <time>2022-07-24T11:12:46.567Z</time>
      </trkpt>
      <trkpt lat="47.3815097" lon="9.7787088">
        <ele>597.5</ele>
        <time>2022-07-24T11:12:51.567Z</time>
      </trkpt>
      <trkpt lat="47.3814662" lon="9.7786971">
        <ele>596.2</ele>
        <time>2022-07-24T11:12:57.567Z</time>
      </trkpt>
      <trkpt lat="47.3814502" lon="9.7787154">
        <ele>595.4</ele>
        <time>2022-07-24T11:13:03.567Z</time>
      </trkpt>
      <trkpt lat="47.3814643" lon="9.7787328">
        <ele>593.6</ele>
        <time>2022-07-24T11:13:12.567Z</time>
      </trkpt>
      <trkpt lat="47.3814709" lon="9.7786959">
        <ele>597.5</ele>
        <time>2022-07-24T11:13:30.567Z</time>
      </trkpt>
      <trkpt lat="47.3815447" lon="9.7786074">
        <ele>597</ele>
        <time>2022-07-24T11:13:36.567Z</time>
      </trkpt>
      <trkpt lat="47.381541" lon="9.778581">
        <ele>596.3</ele>
        <time>2022-07-24T11:13:42.567Z</time>
      </trkpt>
      <trkpt lat="47.3815233" lon="9.7785888">
        <ele>597.1</ele>
        <time>2022-07-24T11:14:04.567Z</time>
      </trkpt>
      <trkpt lat="47.3815047" lon="9.7785954">
        <ele>596.8</ele>
        <time>2022-07-24T11:14:11.567Z</time>
      </trkpt>
      <trkpt lat="47.3814756" lon="9.7785249">
        <ele>597.4</ele>
        <time>2022-07-24T11:14:17.567Z</time>
      </trkpt>
      <trkpt lat="47.3814777" lon="9.7784317">
        <ele>597.4</ele>
        <time>2022-07-24T11:14:22.567Z</time>
      </trkpt>
      <trkpt lat="47.381473" lon="9.7783474">
        <ele>596.4</ele>
        <time>2022-07-24T11:14:28.567Z</time>
      </trkpt>
      <trkpt lat="47.3814365" lon="9.7782761">
        <ele>595.9</ele>
        <time>2022-07-24T11:14:33.567Z</time>
      </trkpt>
      <trkpt lat="47.3814196" lon="9.778219">
        <ele>595.6</ele>
        <time>2022-07-24T11:14:38.567Z</time>
      </trkpt>
      <trkpt lat="47.3813965" lon="9.7781581">
        <ele>594.8</ele>
        <time>2022-07-24T11:14:43.567Z</time>
      </trkpt>
      <trkpt lat="47.3814047" lon="9.7781021">
        <ele>596.2</ele>
        <time>2022-07-24T11:14:49.567Z</time>
      </trkpt>
      <trkpt lat="47.3813896" lon="9.7780573">
        <ele>596.5</ele>
        <time>2022-07-24T11:14:54.567Z</time>
      </trkpt>
      <trkpt lat="47.381365" lon="9.7779985">
        <ele>597</ele>
        <time>2022-07-24T11:14:59.567Z</time>
      </trkpt>
      <trkpt lat="47.3813455" lon="9.7779269">
        <ele>595.7</ele>
        <time>2022-07-24T11:15:05.567Z</time>
      </trkpt>
      <trkpt lat="47.3813283" lon="9.7778375">
        <ele>595.1</ele>
        <time>2022-07-24T11:15:10.567Z</time>
      </trkpt>
      <trkpt lat="47.3813136" lon="9.7777549">
        <ele>596.2</ele>
        <time>2022-07-24T11:15:15.567Z</time>
      </trkpt>
      <trkpt lat="47.3812725" lon="9.7777267">
        <ele>581.2</ele>
        <time>2022-07-24T11:15:21.567Z</time>
      </trkpt>
      <trkpt lat="47.3812231" lon="9.7776939">
        <ele>597.8</ele>
        <time>2022-07-24T11:15:26.567Z</time>
      </trkpt>
      <trkpt lat="47.3811764" lon="9.7776589">
        <ele>597.5</ele>
        <time>2022-07-24T11:15:32.567Z</time>
      </trkpt>
      <trkpt lat="47.3811176" lon="9.7776518">
        <ele>596.5</ele>
        <time>2022-07-24T11:15:37.567Z</time>
      </trkpt>
      <trkpt lat="47.3810605" lon="9.7776676">
        <ele>595.3</ele>
        <time>2022-07-24T11:15:43.567Z</time>
      </trkpt>
      <trkpt lat="47.3810033" lon="9.7776964">
        <ele>582.3</ele>
        <time>2022-07-24T11:15:48.567Z</time>
      </trkpt>
      <trkpt lat="47.3809493" lon="9.7776648">
        <ele>597.3</ele>
        <time>2022-07-24T11:15:54.567Z</time>
      </trkpt>
      <trkpt lat="47.3808981" lon="9.7776792">
        <ele>598.2</ele>
        <time>2022-07-24T11:15:59.567Z</time>
      </trkpt>
      <trkpt lat="47.380836" lon="9.7776859">
        <ele>595.2</ele>
        <time>2022-07-24T11:16:04.567Z</time>
      </trkpt>
      <trkpt lat="47.3807757" lon="9.7776981">
        <ele>597.1</ele>
        <time>2022-07-24T11:16:10.567Z</time>
      </trkpt>
      <trkpt lat="47.3807188" lon="9.7777052">
        <ele>595.8</ele>
        <time>2022-07-24T11:16:15.567Z</time>
      </trkpt>
      <trkpt lat="47.3806705" lon="9.7777101">
        <ele>595.6</ele>
        <time>2022-07-24T11:16:20.567Z</time>
      </trkpt>
      <trkpt lat="47.3806412" lon="9.7777666">
        <ele>597.7</ele>
        <time>2022-07-24T11:16:26.567Z</time>
      </trkpt>
      <trkpt lat="47.3805909" lon="9.7778096">
        <ele>597.2</ele>
        <time>2022-07-24T11:16:31.567Z</time>
      </trkpt>
      <trkpt lat="47.3805347" lon="9.7778128">
        <ele>595.7</ele>
        <time>2022-07-24T11:16:37.567Z</time>
      </trkpt>
      <trkpt lat="47.380484" lon="9.7778507">
        <ele>594.5</ele>
        <time>2022-07-24T11:16:42.567Z</time>
      </trkpt>
      <trkpt lat="47.3804309" lon="9.777868">
        <ele>594.5</ele>
        <time>2022-07-24T11:16:47.567Z</time>
      </trkpt>
      <trkpt lat="47.3803688" lon="9.7778865">
        <ele>596.5</ele>
        <time>2022-07-24T11:16:53.567Z</time>
      </trkpt>
      <trkpt lat="47.3803199" lon="9.7779294">
        <ele>596.3</ele>
        <time>2022-07-24T11:16:58.567Z</time>
      </trkpt>
      <trkpt lat="47.3802986" lon="9.7780219">
        <ele>595.1</ele>
        <time>2022-07-24T11:17:04.567Z</time>
      </trkpt>
      <trkpt lat="47.380276" lon="9.7780668">
        <ele>594.6</ele>
        <time>2022-07-24T11:17:09.567Z</time>
      </trkpt>
      <trkpt lat="47.3802308" lon="9.7780975">
        <ele>595</ele>
        <time>2022-07-24T11:17:14.567Z</time>
      </trkpt>
      <trkpt lat="47.3801926" lon="9.7781535">
        <ele>595.3</ele>
        <time>2022-07-24T11:17:20.567Z</time>
      </trkpt>
      <trkpt lat="47.3801579" lon="9.7782181">
        <ele>596.8</ele>
        <time>2022-07-24T11:17:25.567Z</time>
      </trkpt>
      <trkpt lat="47.3801132" lon="9.7782866">
        <ele>596.6</ele>
        <time>2022-07-24T11:17:30.567Z</time>
      </trkpt>
      <trkpt lat="47.380077" lon="9.7783872">
        <ele>596.4</ele>
        <time>2022-07-24T11:17:37.567Z</time>
      </trkpt>
      <trkpt lat="47.3800203" lon="9.7784461">
        <ele>594.9</ele>
        <time>2022-07-24T11:17:42.567Z</time>
      </trkpt>
      <trkpt lat="47.3799288" lon="9.7784318">
        <ele>594.3</ele>
        <time>2022-07-24T11:17:48.567Z</time>
      </trkpt>
      <trkpt lat="47.3798533" lon="9.7783848">
        <ele>596.2</ele>
        <time>2022-07-24T11:17:53.567Z</time>
      </trkpt>
      <trkpt lat="47.3797951" lon="9.7783233">
        <ele>594.3</ele>
        <time>2022-07-24T11:17:58.567Z</time>
      </trkpt>
      <trkpt lat="47.3797308" lon="9.7782693">
        <ele>594.1</ele>
        <time>2022-07-24T11:18:03.567Z</time>
      </trkpt>
      <trkpt lat="47.3796635" lon="9.7782369">
        <ele>594.7</ele>
        <time>2022-07-24T11:18:08.567Z</time>
      </trkpt>
      <trkpt lat="47.3795948" lon="9.7782034">
        <ele>594.3</ele>
        <time>2022-07-24T11:18:14.567Z</time>
      </trkpt>
      <trkpt lat="47.3795271" lon="9.7781768">
        <ele>593.8</ele>
        <time>2022-07-24T11:18:19.567Z</time>
      </trkpt>
      <trkpt lat="47.3794744" lon="9.7781361">
        <ele>596.8</ele>
        <time>2022-07-24T11:18:24.567Z</time>
      </trkpt>
      <trkpt lat="47.3794221" lon="9.7780815">
        <ele>586.2</ele>
        <time>2022-07-24T11:18:29.567Z</time>
      </trkpt>
      <trkpt lat="47.3793568" lon="9.7780424">
        <ele>593.9</ele>
        <time>2022-07-24T11:18:35.567Z</time>
      </trkpt>
      <trkpt lat="47.379312" lon="9.7779884">
        <ele>593.9</ele>
        <time>2022-07-24T11:18:40.567Z</time>
      </trkpt>
      <trkpt lat="47.3792618" lon="9.777935">
        <ele>593.2</ele>
        <time>2022-07-24T11:18:45.567Z</time>
      </trkpt>
      <trkpt lat="47.3792015" lon="9.7778637">
        <ele>593.9</ele>
        <time>2022-07-24T11:18:51.567Z</time>
      </trkpt>
      <trkpt lat="47.3791474" lon="9.7777831">
        <ele>580.3</ele>
        <time>2022-07-24T11:18:56.567Z</time>
      </trkpt>
      <trkpt lat="47.3791003" lon="9.777714">
        <ele>594.4</ele>
        <time>2022-07-24T11:19:02.567Z</time>
      </trkpt>
      <trkpt lat="47.3790558" lon="9.7776243">
        <ele>594.1</ele>
        <time>2022-07-24T11:19:07.567Z</time>
      </trkpt>
      <trkpt lat="47.3790262" lon="9.7775345">
        <ele>594.5</ele>
        <time>2022-07-24T11:19:13.567Z</time>
      </trkpt>
      <trkpt lat="47.3789793" lon="9.7774639">
        <ele>582.4</ele>
        <time>2022-07-24T11:19:18.567Z</time>
      </trkpt>
      <trkpt lat="47.3789379" lon="9.7774023">
        <ele>595.8</ele>
        <time>2022-07-24T11:19:24.567Z</time>
      </trkpt>
      <trkpt lat="47.3788978" lon="9.7773417">
        <ele>596.8</ele>
        <time>2022-07-24T11:19:29.567Z</time>
      </trkpt>
      <trkpt lat="47.3788658" lon="9.777259">
        <ele>595.5</ele>
        <time>2022-07-24T11:19:35.567Z</time>
      </trkpt>
      <trkpt lat="47.3788291" lon="9.7771961">
        <ele>596.6</ele>
        <time>2022-07-24T11:19:40.567Z</time>
      </trkpt>
      <trkpt lat="47.3787879" lon="9.7771792">
        <ele>595.7</ele>
        <time>2022-07-24T11:19:46.567Z</time>
      </trkpt>
      <trkpt lat="47.3787853" lon="9.7772074">
        <ele>596.6</ele>
        <time>2022-07-24T11:19:56.567Z</time>
      </trkpt>
      <trkpt lat="47.3787875" lon="9.7772352">
        <ele>595.8</ele>
        <time>2022-07-24T11:20:13.567Z</time>
      </trkpt>
      <trkpt lat="47.3788194" lon="9.777148">
        <ele>595.1</ele>
        <time>2022-07-24T11:20:21.567Z</time>
      </trkpt>
      <trkpt lat="47.3788169" lon="9.7770509">
        <ele>594.8</ele>
        <time>2022-07-24T11:20:26.567Z</time>
      </trkpt>
      <trkpt lat="47.3787803" lon="9.7769936">
        <ele>592.4</ele>
        <time>2022-07-24T11:20:31.567Z</time>
      </trkpt>
      <trkpt lat="47.3787693" lon="9.7769632">
        <ele>592.3</ele>
        <time>2022-07-24T11:20:36.567Z</time>
      </trkpt>
      <trkpt lat="47.3787623" lon="9.7769332">
        <ele>594.8</ele>
        <time>2022-07-24T11:20:41.567Z</time>
      </trkpt>
      <trkpt lat="47.378742" lon="9.7768655">
        <ele>594.6</ele>
        <time>2022-07-24T11:20:47.567Z</time>
      </trkpt>
      <trkpt lat="47.3787175" lon="9.7767949">
        <ele>590.8</ele>
        <time>2022-07-24T11:20:52.567Z</time>
      </trkpt>
      <trkpt lat="47.3786785" lon="9.7767748">
        <ele>595.6</ele>
        <time>2022-07-24T11:20:57.567Z</time>
      </trkpt>
      <trkpt lat="47.3786815" lon="9.7768141">
        <ele>592.1</ele>
        <time>2022-07-24T11:21:02.567Z</time>
      </trkpt>
      <trkpt lat="47.3786688" lon="9.7768356">
        <ele>592.4</ele>
        <time>2022-07-24T11:21:13.567Z</time>
      </trkpt>
      <trkpt lat="47.3786306" lon="9.7768409">
        <ele>595.3</ele>
        <time>2022-07-24T11:21:19.567Z</time>
      </trkpt>
      <trkpt lat="47.3785765" lon="9.7768443">
        <ele>596.1</ele>
        <time>2022-07-24T11:21:24.567Z</time>
      </trkpt>
      <trkpt lat="47.378524" lon="9.7768216">
        <ele>593.7</ele>
        <time>2022-07-24T11:21:29.567Z</time>
      </trkpt>
      <trkpt lat="47.3784721" lon="9.776806">
        <ele>591.5</ele>
        <time>2022-07-24T11:21:34.567Z</time>
      </trkpt>
      <trkpt lat="47.3784319" lon="9.7767839">
        <ele>594.5</ele>
        <time>2022-07-24T11:21:39.567Z</time>
      </trkpt>
      <trkpt lat="47.3783963" lon="9.7767786">
        <ele>591.7</ele>
        <time>2022-07-24T11:21:44.567Z</time>
      </trkpt>
      <trkpt lat="47.3783565" lon="9.776782">
        <ele>591.3</ele>
        <time>2022-07-24T11:21:50.567Z</time>
      </trkpt>
      <trkpt lat="47.3783284" lon="9.7767707">
        <ele>595.3</ele>
        <time>2022-07-24T11:21:55.567Z</time>
      </trkpt>
      <trkpt lat="47.3782952" lon="9.7767621">
        <ele>592</ele>
        <time>2022-07-24T11:22:00.567Z</time>
      </trkpt>
      <trkpt lat="47.3782589" lon="9.7767641">
        <ele>591.3</ele>
        <time>2022-07-24T11:22:06.567Z</time>
      </trkpt>
      <trkpt lat="47.3782238" lon="9.7767201">
        <ele>595.5</ele>
        <time>2022-07-24T11:22:11.567Z</time>
      </trkpt>
      <trkpt lat="47.3781861" lon="9.7766449">
        <ele>593.2</ele>
        <time>2022-07-24T11:22:16.567Z</time>
      </trkpt>
      <trkpt lat="47.3781441" lon="9.7765768">
        <ele>592.5</ele>
        <time>2022-07-24T11:22:21.567Z</time>
      </trkpt>
      <trkpt lat="47.3781027" lon="9.7765891">
        <ele>594.5</ele>
        <time>2022-07-24T11:22:27.567Z</time>
      </trkpt>
      <trkpt lat="47.3781079" lon="9.7766168">
        <ele>593</ele>
        <time>2022-07-24T11:22:32.567Z</time>
      </trkpt>
      <trkpt lat="47.3781324" lon="9.7766091">
        <ele>591.6</ele>
        <time>2022-07-24T11:22:55.567Z</time>
      </trkpt>
      <trkpt lat="47.3781846" lon="9.7765662">
        <ele>591.8</ele>
        <time>2022-07-24T11:23:01.567Z</time>
      </trkpt>
      <trkpt lat="47.3781845" lon="9.7765056">
        <ele>588.5</ele>
        <time>2022-07-24T11:23:07.567Z</time>
      </trkpt>
      <trkpt lat="47.3782021" lon="9.7764969">
        <ele>591.5</ele>
        <time>2022-07-24T11:23:13.567Z</time>
      </trkpt>
      <trkpt lat="47.378219" lon="9.7765077">
        <ele>591.6</ele>
        <time>2022-07-24T11:23:34.567Z</time>
      </trkpt>
      <trkpt lat="47.3782706" lon="9.7765335">
        <ele>589.4</ele>
        <time>2022-07-24T11:23:40.567Z</time>
      </trkpt>
      <trkpt lat="47.3782897" lon="9.7765303">
        <ele>591</ele>
        <time>2022-07-24T11:24:06.567Z</time>
      </trkpt>
      <trkpt lat="47.3783012" lon="9.7765097">
        <ele>591.3</ele>
        <time>2022-07-24T11:25:36.567Z</time>
      </trkpt>
      <trkpt lat="47.378318" lon="9.7765002">
        <ele>592</ele>
        <time>2022-07-24T11:25:54.567Z</time>
      </trkpt>
      <trkpt lat="47.3783031" lon="9.7764826">
        <ele>595</ele>
        <time>2022-07-24T11:28:46.567Z</time>
      </trkpt>
      <trkpt lat="47.3783341" lon="9.7764627">
        <ele>595.2</ele>
        <time>2022-07-24T11:28:52.567Z</time>
      </trkpt>
      <trkpt lat="47.378314" lon="9.7764461">
        <ele>602.3</ele>
        <time>2022-07-24T11:29:00.567Z</time>
      </trkpt>
      <trkpt lat="47.3782161" lon="9.7764506">
        <ele>592.8</ele>
        <time>2022-07-24T11:29:06.567Z</time>
      </trkpt>
      <trkpt lat="47.3781001" lon="9.7764823">
        <ele>596</ele>
        <time>2022-07-24T11:29:11.567Z</time>
      </trkpt>
      <trkpt lat="47.3780308" lon="9.7765296">
        <ele>594.3</ele>
        <time>2022-07-24T11:29:17.567Z</time>
      </trkpt>
      <trkpt lat="47.3779932" lon="9.776573">
        <ele>592.2</ele>
        <time>2022-07-24T11:29:23.567Z</time>
      </trkpt>
      <trkpt lat="47.3779627" lon="9.7766032">
        <ele>593.6</ele>
        <time>2022-07-24T11:29:28.567Z</time>
      </trkpt>
      <trkpt lat="47.3779099" lon="9.7765881">
        <ele>593</ele>
        <time>2022-07-24T11:29:33.567Z</time>
      </trkpt>
      <trkpt lat="47.3778638" lon="9.7765337">
        <ele>595.6</ele>
        <time>2022-07-24T11:29:39.567Z</time>
      </trkpt>
      <trkpt lat="47.3778144" lon="9.7765274">
        <ele>597</ele>
        <time>2022-07-24T11:29:44.567Z</time>
      </trkpt>
      <trkpt lat="47.37777" lon="9.7765646">
        <ele>598.7</ele>
        <time>2022-07-24T11:29:49.567Z</time>
      </trkpt>
      <trkpt lat="47.3777322" lon="9.7766083">
        <ele>595.5</ele>
        <time>2022-07-24T11:29:54.567Z</time>
      </trkpt>
      <trkpt lat="47.3776928" lon="9.7766703">
        <ele>594.7</ele>
        <time>2022-07-24T11:30:00.567Z</time>
      </trkpt>
      <trkpt lat="47.3776495" lon="9.7766983">
        <ele>595.2</ele>
        <time>2022-07-24T11:30:06.567Z</time>
      </trkpt>
      <trkpt lat="47.3775975" lon="9.7767123">
        <ele>597.4</ele>
        <time>2022-07-24T11:30:16.393Z</time>
      </trkpt>
      <trkpt lat="47.3775975" lon="9.7767123">
        <ele>607.6358455666149</ele>
        <time>2022-07-24T11:30:16.393Z</time>
      </trkpt>
      <trkpt lat="47.37737564422102" lon="9.776648632521159">
        <ele>626.8383118370552</ele>
        <time>2022-07-24T11:30:58.410Z</time>
      </trkpt>
      <trkpt lat="47.377367" lon="9.776639">
        <ele>606.9</ele>
        <time>2022-07-24T11:32:39.567Z</time>
      </trkpt>
      <trkpt lat="47.377317" lon="9.776563">
        <ele>608.61</ele>
        <time>2022-07-24T11:32:51.333Z</time>
      </trkpt>
      <trkpt lat="47.377161" lon="9.77644">
        <ele>612.31</ele>
        <time>2022-07-24T11:33:20.333Z</time>
      </trkpt>
      <trkpt lat="47.377114" lon="9.776372">
        <ele>613.87</ele>
        <time>2022-07-24T11:33:31.123Z</time>
      </trkpt>
      <trkpt lat="47.377065" lon="9.776275">
        <ele>615.73</ele>
        <time>2022-07-24T11:33:44.561Z</time>
      </trkpt>
      <trkpt lat="47.377045" lon="9.776183">
        <ele>617.21</ele>
        <time>2022-07-24T11:33:55.290Z</time>
      </trkpt>
      <trkpt lat="47.376916" lon="9.775994">
        <ele>620.61</ele>
        <time>2022-07-24T11:34:25.089Z</time>
      </trkpt>
      <trkpt lat="47.376814" lon="9.77592">
        <ele>622.34</ele>
        <time>2022-07-24T11:34:43.725Z</time>
      </trkpt>
      <trkpt lat="47.376643" lon="9.77594">
        <ele>625.03</ele>
        <time>2022-07-24T11:35:11.854Z</time>
      </trkpt>
      <trkpt lat="47.376518" lon="9.775841">
        <ele>627.61</ele>
        <time>2022-07-24T11:35:35.114Z</time>
      </trkpt>
      <trkpt lat="47.376348" lon="9.775763">
        <ele>630.25</ele>
        <time>2022-07-24T11:36:04.306Z</time>
      </trkpt>
      <trkpt lat="47.376264" lon="9.775757">
        <ele>631.27</ele>
        <time>2022-07-24T11:36:18.097Z</time>
      </trkpt>
      <trkpt lat="47.376185" lon="9.775844">
        <ele>633.01</ele>
        <time>2022-07-24T11:36:34.257Z</time>
      </trkpt>
      <trkpt lat="47.376003" lon="9.775844">
        <ele>636.35</ele>
        <time>2022-07-24T11:37:04.102Z</time>
      </trkpt>
      <trkpt lat="47.375834" lon="9.775821">
        <ele>639.33</ele>
        <time>2022-07-24T11:37:31.933Z</time>
      </trkpt>
      <trkpt lat="47.375741" lon="9.775843">
        <ele>641.02</ele>
        <time>2022-07-24T11:37:47.378Z</time>
      </trkpt>
      <trkpt lat="47.375623" lon="9.775904">
        <ele>643.39</ele>
        <time>2022-07-24T11:38:07.880Z</time>
      </trkpt>
      <trkpt lat="47.375572" lon="9.775914">
        <ele>644.33</ele>
        <time>2022-07-24T11:38:16.316Z</time>
      </trkpt>
      <trkpt lat="47.375513" lon="9.775926">
        <ele>644.38</ele>
        <time>2022-07-24T11:38:26.082Z</time>
      </trkpt>
      <trkpt lat="47.375448" lon="9.775961">
        <ele>644.45</ele>
        <time>2022-07-24T11:38:37.427Z</time>
      </trkpt>
      <trkpt lat="47.375292" lon="9.77607">
        <ele>644.6</ele>
        <time>2022-07-24T11:39:05.728Z</time>
      </trkpt>
      <trkpt lat="47.375139" lon="9.776124">
        <ele>644.72</ele>
        <time>2022-07-24T11:39:31.524Z</time>
      </trkpt>
      <trkpt lat="47.374792" lon="9.776115">
        <ele>644.97</ele>
        <time>2022-07-24T11:40:28.436Z</time>
      </trkpt>
      <trkpt lat="47.3747829" lon="9.7759864">
        <ele>627.1</ele>
        <time>2022-07-24T12:22:21.567Z</time>
      </trkpt>
      <trkpt lat="47.3748" lon="9.7759758">
        <ele>627.2</ele>
        <time>2022-07-24T12:22:40.567Z</time>
      </trkpt>
      <trkpt lat="47.3748073" lon="9.7759459">
        <ele>627.6</ele>
        <time>2022-07-24T12:22:52.567Z</time>
      </trkpt>
      <trkpt lat="47.3748042" lon="9.7759194">
        <ele>627.7</ele>
        <time>2022-07-24T12:22:59.567Z</time>
      </trkpt>
      <trkpt lat="47.374826" lon="9.7758889">
        <ele>627.2</ele>
        <time>2022-07-24T12:23:04.567Z</time>
      </trkpt>
      <trkpt lat="47.374833" lon="9.7758633">
        <ele>627.4</ele>
        <time>2022-07-24T12:23:10.567Z</time>
      </trkpt>
      <trkpt lat="47.3748545" lon="9.7758479">
        <ele>627.6</ele>
        <time>2022-07-24T12:23:16.567Z</time>
      </trkpt>
      <trkpt lat="47.3748421" lon="9.7758281">
        <ele>626.8</ele>
        <time>2022-07-24T12:23:27.567Z</time>
      </trkpt>
      <trkpt lat="47.3748566" lon="9.7758496">
        <ele>626.9</ele>
        <time>2022-07-24T12:23:36.567Z</time>
      </trkpt>
      <trkpt lat="47.3748747" lon="9.7758475">
        <ele>626.5</ele>
        <time>2022-07-24T12:23:49.567Z</time>
      </trkpt>
      <trkpt lat="47.3748517" lon="9.7758393">
        <ele>626.6</ele>
        <time>2022-07-24T12:23:55.567Z</time>
      </trkpt>
      <trkpt lat="47.3748351" lon="9.7758262">
        <ele>662.7</ele>
        <time>2022-07-24T12:28:16.567Z</time>
      </trkpt>
      <trkpt lat="47.3748165" lon="9.7758401">
        <ele>662.6</ele>
        <time>2022-07-24T12:28:33.567Z</time>
      </trkpt>
      <trkpt lat="47.3748246" lon="9.7758131">
        <ele>661.9</ele>
        <time>2022-07-24T12:28:48.567Z</time>
      </trkpt>
      <trkpt lat="47.3748239" lon="9.7757815">
        <ele>662.4</ele>
        <time>2022-07-24T12:28:53.567Z</time>
      </trkpt>
      <trkpt lat="47.3748161" lon="9.7758055">
        <ele>663.5</ele>
        <time>2022-07-24T12:31:09.567Z</time>
      </trkpt>
      <trkpt lat="47.3747984" lon="9.7757926">
        <ele>663.9</ele>
        <time>2022-07-24T12:32:22.567Z</time>
      </trkpt>
      <trkpt lat="47.3747671" lon="9.7757871">
        <ele>664.4</ele>
        <time>2022-07-24T12:32:28.567Z</time>
      </trkpt>
      <trkpt lat="47.3747442" lon="9.7757714">
        <ele>664.2</ele>
        <time>2022-07-24T12:32:33.567Z</time>
      </trkpt>
      <trkpt lat="47.374763" lon="9.7757621">
        <ele>664.2</ele>
        <time>2022-07-24T12:32:44.567Z</time>
      </trkpt>
      <trkpt lat="47.3747823" lon="9.7757619">
        <ele>664.1</ele>
        <time>2022-07-24T12:33:13.567Z</time>
      </trkpt>
      <trkpt lat="47.3747755" lon="9.7757368">
        <ele>664.2</ele>
        <time>2022-07-24T12:33:32.567Z</time>
      </trkpt>
      <trkpt lat="47.3747913" lon="9.7757529">
        <ele>665.1</ele>
        <time>2022-07-24T12:37:27.567Z</time>
      </trkpt>
      <trkpt lat="47.3748089" lon="9.7757611">
        <ele>673.3</ele>
        <time>2022-07-24T12:39:49.567Z</time>
      </trkpt>
      <trkpt lat="47.3747753" lon="9.7756823">
        <ele>675.1</ele>
        <time>2022-07-24T12:40:44.567Z</time>
      </trkpt>
      <trkpt lat="47.3747921" lon="9.7756721">
        <ele>677</ele>
        <time>2022-07-24T12:40:57.567Z</time>
      </trkpt>
      <trkpt lat="47.3747719" lon="9.7756836">
        <ele>676.9</ele>
        <time>2022-07-24T12:41:18.567Z</time>
      </trkpt>
      <trkpt lat="47.37479" lon="9.7756843">
        <ele>676.8</ele>
        <time>2022-07-24T12:42:43.567Z</time>
      </trkpt>
      <trkpt lat="47.3747695" lon="9.775694">
        <ele>678.4</ele>
        <time>2022-07-24T12:43:52.567Z</time>
      </trkpt>
      <trkpt lat="47.3747404" lon="9.7756657">
        <ele>680</ele>
        <time>2022-07-24T12:49:06.567Z</time>
      </trkpt>
      <trkpt lat="47.3747417" lon="9.7756323">
        <ele>679</ele>
        <time>2022-07-24T12:49:12.567Z</time>
      </trkpt>
      <trkpt lat="47.3747409" lon="9.7755893">
        <ele>679.7</ele>
        <time>2022-07-24T12:49:17.567Z</time>
      </trkpt>
      <trkpt lat="47.3747217" lon="9.7755527">
        <ele>680</ele>
        <time>2022-07-24T12:49:23.567Z</time>
      </trkpt>
      <trkpt lat="47.3747009" lon="9.7755431">
        <ele>680.3</ele>
        <time>2022-07-24T12:49:41.567Z</time>
      </trkpt>
      <trkpt lat="47.3746459" lon="9.7755036">
        <ele>680.2</ele>
        <time>2022-07-24T12:49:46.567Z</time>
      </trkpt>
      <trkpt lat="47.3746067" lon="9.7755366">
        <ele>680.2</ele>
        <time>2022-07-24T12:49:51.567Z</time>
      </trkpt>
      <trkpt lat="47.3746269" lon="9.7755413">
        <ele>680.8</ele>
        <time>2022-07-24T12:49:59.567Z</time>
      </trkpt>
      <trkpt lat="47.3746554" lon="9.7755489">
        <ele>681.4</ele>
        <time>2022-07-24T12:50:05.567Z</time>
      </trkpt>
      <trkpt lat="47.3747059" lon="9.7755648">
        <ele>681</ele>
        <time>2022-07-24T12:50:11.567Z</time>
      </trkpt>
      <trkpt lat="47.3747837" lon="9.775584">
        <ele>681.1</ele>
        <time>2022-07-24T12:50:17.567Z</time>
      </trkpt>
      <trkpt lat="47.3747985" lon="9.7755687">
        <ele>681.2</ele>
        <time>2022-07-24T12:50:33.567Z</time>
      </trkpt>
      <trkpt lat="47.3748269" lon="9.7755531">
        <ele>686.3</ele>
        <time>2022-07-24T12:53:21.567Z</time>
      </trkpt>
      <trkpt lat="47.374762" lon="9.7755171">
        <ele>693.3</ele>
        <time>2022-07-24T12:54:08.567Z</time>
      </trkpt>
      <trkpt lat="47.3747805" lon="9.7755297">
        <ele>694.3</ele>
        <time>2022-07-24T12:54:21.567Z</time>
      </trkpt>
      <trkpt lat="47.3747935" lon="9.7755501">
        <ele>693.4</ele>
        <time>2022-07-24T12:54:28.567Z</time>
      </trkpt>
      <trkpt lat="47.3748142" lon="9.7755807">
        <ele>693.5</ele>
        <time>2022-07-24T12:54:34.567Z</time>
      </trkpt>
      <trkpt lat="47.3748487" lon="9.7756281">
        <ele>694.4</ele>
        <time>2022-07-24T12:54:40.567Z</time>
      </trkpt>
      <trkpt lat="47.3748592" lon="9.7756501">
        <ele>694</ele>
        <time>2022-07-24T12:55:05.567Z</time>
      </trkpt>
      <trkpt lat="47.374866" lon="9.7756915">
        <ele>694.7</ele>
        <time>2022-07-24T12:55:13.567Z</time>
      </trkpt>
      <trkpt lat="47.3748857" lon="9.7757335">
        <ele>694.5</ele>
        <time>2022-07-24T12:55:19.567Z</time>
      </trkpt>
      <trkpt lat="47.3748777" lon="9.7757081">
        <ele>694.3</ele>
        <time>2022-07-24T12:55:26.567Z</time>
      </trkpt>
      <trkpt lat="47.3748695" lon="9.7756828">
        <ele>694.9</ele>
        <time>2022-07-24T12:56:09.567Z</time>
      </trkpt>
      <trkpt lat="47.3748699" lon="9.7756317">
        <ele>694.9</ele>
        <time>2022-07-24T12:56:14.567Z</time>
      </trkpt>
      <trkpt lat="47.3748595" lon="9.775663">
        <ele>694.6</ele>
        <time>2022-07-24T12:56:41.567Z</time>
      </trkpt>
      <trkpt lat="47.3748604" lon="9.7757235">
        <ele>694.7</ele>
        <time>2022-07-24T12:56:47.567Z</time>
      </trkpt>
      <trkpt lat="47.3749015" lon="9.7757252">
        <ele>694.5</ele>
        <time>2022-07-24T12:56:53.567Z</time>
      </trkpt>
      <trkpt lat="47.374892" lon="9.7757018">
        <ele>694.9</ele>
        <time>2022-07-24T12:57:09.567Z</time>
      </trkpt>
      <trkpt lat="47.374906" lon="9.7756693">
        <ele>694.8</ele>
        <time>2022-07-24T12:57:14.567Z</time>
      </trkpt>
      <trkpt lat="47.3748741" lon="9.7756636">
        <ele>694.6</ele>
        <time>2022-07-24T12:57:23.567Z</time>
      </trkpt>
      <trkpt lat="47.3748154" lon="9.7756703">
        <ele>696.8</ele>
        <time>2022-07-24T12:57:30.567Z</time>
      </trkpt>
      <trkpt lat="47.3747852" lon="9.7756413">
        <ele>696.9</ele>
        <time>2022-07-24T12:57:36.567Z</time>
      </trkpt>
      <trkpt lat="47.3747691" lon="9.7756233">
        <ele>696.7</ele>
        <time>2022-07-24T12:57:42.567Z</time>
      </trkpt>
      <trkpt lat="47.3746824" lon="9.7755924">
        <ele>697.4</ele>
        <time>2022-07-24T12:57:47.567Z</time>
      </trkpt>
      <trkpt lat="47.3746722" lon="9.7756611">
        <ele>696.6</ele>
        <time>2022-07-24T12:57:53.567Z</time>
      </trkpt>
      <trkpt lat="47.3746721" lon="9.7757049">
        <ele>696.6</ele>
        <time>2022-07-24T12:57:58.567Z</time>
      </trkpt>
      <trkpt lat="47.3746943" lon="9.7757358">
        <ele>698.2</ele>
        <time>2022-07-24T12:58:04.567Z</time>
      </trkpt>
      <trkpt lat="47.3747299" lon="9.7757427">
        <ele>700.2</ele>
        <time>2022-07-24T12:58:09.567Z</time>
      </trkpt>
      <trkpt lat="47.3747699" lon="9.7757037">
        <ele>699</ele>
        <time>2022-07-24T12:58:14.567Z</time>
      </trkpt>
      <trkpt lat="47.3747911" lon="9.7756674">
        <ele>701.9</ele>
        <time>2022-07-24T12:58:19.567Z</time>
      </trkpt>
      <trkpt lat="47.3748095" lon="9.7755839">
        <ele>701.7</ele>
        <time>2022-07-24T12:58:24.567Z</time>
      </trkpt>
      <trkpt lat="47.374843810021694" lon="9.775517685195261">
        <ele>701.912226956294</ele>
        <time>2022-07-24T12:58:28.104Z</time>
      </trkpt>
      <trkpt lat="47.374843810021694" lon="9.775517685195261">
        <ele>622.3691141014824</ele>
        <time>2022-07-24T12:58:28.104Z</time>
      </trkpt>
      <trkpt lat="47.37477364368965" lon="9.77611988144622">
        <ele>632.0169974397746</ele>
        <time>2022-07-24T12:59:28.761Z</time>
      </trkpt>
      <trkpt lat="47.37480002267756" lon="9.776113204346245">
        <ele>631.3683353729148</ele>
        <time>2022-07-24T12:59:53.567Z</time>
      </trkpt>
      <trkpt lat="47.37512477448922" lon="9.77611953225491">
        <ele>650.5846625427391</ele>
        <time>2022-07-24T13:00:33.540Z</time>
      </trkpt>
      <trkpt lat="47.37512477448922" lon="9.77611953225491">
        <ele>650.5846625427391</ele>
        <time>2022-07-24T13:00:33.540Z</time>
      </trkpt>
      <trkpt lat="47.37555766377996" lon="9.775939878697468">
        <ele>636.5401484662046</ele>
        <time>2022-07-24T13:01:28.883Z</time>
      </trkpt>
      <trkpt lat="47.375677525322885" lon="9.775890134910668">
        <ele>647.7728901910659</ele>
        <time>2022-07-24T13:01:40.573Z</time>
      </trkpt>
      <trkpt lat="47.375677525322885" lon="9.775890134910668">
        <ele>647.7728901910659</ele>
        <time>2022-07-24T13:01:40.573Z</time>
      </trkpt>
      <trkpt lat="47.37598701257335" lon="9.775846486443584">
        <ele>633.5169176014386</ele>
        <time>2022-07-24T13:02:20.043Z</time>
      </trkpt>
      <trkpt lat="47.37598701257335" lon="9.775846486443584">
        <ele>633.5169176014386</ele>
        <time>2022-07-24T13:02:20.043Z</time>
      </trkpt>
      <trkpt lat="47.376435781890514" lon="9.775804708912332">
        <ele>620.9156579077711</ele>
        <time>2022-07-24T13:03:17.130Z</time>
      </trkpt>
      <trkpt lat="47.376436522743575" lon="9.775804639943686">
        <ele>620.8703365170131</ele>
        <time>2022-07-24T13:03:17.229Z</time>
      </trkpt>
      <trkpt lat="47.376436522743575" lon="9.775804639943686">
        <ele>620.8703365170131</ele>
        <time>2022-07-24T13:03:17.229Z</time>
      </trkpt>
      <trkpt lat="47.37677723434177" lon="9.775929593608936">
        <ele>617.9310531200567</ele>
        <time>2022-07-24T13:04:06.247Z</time>
      </trkpt>
      <trkpt lat="47.37677723434177" lon="9.775929593608936">
        <ele>617.9310531200567</ele>
        <time>2022-07-24T13:04:06.247Z</time>
      </trkpt>
      <trkpt lat="47.37708058940851" lon="9.776311878119174">
        <ele>625.982608973007</ele>
        <time>2022-07-24T13:04:50.703Z</time>
      </trkpt>
      <trkpt lat="47.37708058940851" lon="9.776311878119174">
        <ele>625.982608973007</ele>
        <time>2022-07-24T13:04:50.703Z</time>
      </trkpt>
      <trkpt lat="47.37728680433881" lon="9.776547969627018">
        <ele>617.1215493415089</ele>
        <time>2022-07-24T13:05:29.078Z</time>
      </trkpt>
      <trkpt lat="47.37728680433881" lon="9.776547969627018">
        <ele>617.1215493415089</ele>
        <time>2022-07-24T13:05:29.078Z</time>
      </trkpt>
      <trkpt lat="47.37738642645189" lon="9.77666474392828">
        <ele>628.3597591477264</ele>
        <time>2022-07-24T13:05:47.784Z</time>
      </trkpt>
      <trkpt lat="47.377549668573096" lon="9.776693089491374">
        <ele>609.1114474351741</ele>
        <time>2022-07-24T13:06:11.957Z</time>
      </trkpt>
      <trkpt lat="47.377549668573096" lon="9.776693089491374">
        <ele>609.1114474351741</ele>
        <time>2022-07-24T13:06:11.957Z</time>
      </trkpt>
      <trkpt lat="47.3777937927409" lon="9.776571741875898">
        <ele>597.2723968251092</ele>
        <time>2022-07-24T13:06:48.123Z</time>
      </trkpt>
      <trkpt lat="47.3777937927409" lon="9.776571741875898">
        <ele>597.2723968251092</ele>
        <time>2022-07-24T13:06:48.123Z</time>
      </trkpt>
      <trkpt lat="47.3781986" lon="9.7767335">
        <ele>595.1595924081157</ele>
        <time>2022-07-24T13:07:44.853Z</time>
      </trkpt>
      <trkpt lat="47.3781986" lon="9.7767335">
        <ele>684.9</ele>
        <time>2022-07-24T13:07:44.853Z</time>
      </trkpt>
      <trkpt lat="47.3781769" lon="9.7767261">
        <ele>684.4</ele>
        <time>2022-07-24T13:07:48.119Z</time>
      </trkpt>
      <trkpt lat="47.3781485" lon="9.7767402">
        <ele>684.8</ele>
        <time>2022-07-24T13:07:53.119Z</time>
      </trkpt>
      <trkpt lat="47.3781329" lon="9.776762">
        <ele>684.9</ele>
        <time>2022-07-24T13:08:03.119Z</time>
      </trkpt>
      <trkpt lat="47.3781178" lon="9.7767439">
        <ele>685.7</ele>
        <time>2022-07-24T13:08:10.119Z</time>
      </trkpt>
      <trkpt lat="47.3780754" lon="9.7765536">
        <ele>586.5</ele>
        <time>2022-07-24T13:08:19.119Z</time>
      </trkpt>
      <trkpt lat="47.3780507" lon="9.7765641">
        <ele>684.4</ele>
        <time>2022-07-24T13:08:50.119Z</time>
      </trkpt>
      <trkpt lat="47.3780779" lon="9.7765987">
        <ele>684.4</ele>
        <time>2022-07-24T13:08:55.119Z</time>
      </trkpt>
      <trkpt lat="47.3781496" lon="9.7766397">
        <ele>683.4</ele>
        <time>2022-07-24T13:09:00.119Z</time>
      </trkpt>
      <trkpt lat="47.3782336" lon="9.7766619">
        <ele>683.7</ele>
        <time>2022-07-24T13:09:05.119Z</time>
      </trkpt>
      <trkpt lat="47.3782957" lon="9.7765941">
        <ele>683.9</ele>
        <time>2022-07-24T13:09:11.119Z</time>
      </trkpt>
      <trkpt lat="47.3783428" lon="9.7765578">
        <ele>683</ele>
        <time>2022-07-24T13:09:17.119Z</time>
      </trkpt>
      <trkpt lat="47.3783445" lon="9.7765845">
        <ele>680.6</ele>
        <time>2022-07-24T13:09:30.119Z</time>
      </trkpt>
      <trkpt lat="47.3783643" lon="9.7765819">
        <ele>674.8</ele>
        <time>2022-07-24T13:09:50.119Z</time>
      </trkpt>
      <trkpt lat="47.3784003" lon="9.7766113">
        <ele>679.2</ele>
        <time>2022-07-24T13:09:55.119Z</time>
      </trkpt>
      <trkpt lat="47.3783815" lon="9.7766162">
        <ele>669.6</ele>
        <time>2022-07-24T13:10:27.119Z</time>
      </trkpt>
      <trkpt lat="47.3783661" lon="9.7766023">
        <ele>677</ele>
        <time>2022-07-24T13:10:36.119Z</time>
      </trkpt>
      <trkpt lat="47.3783778" lon="9.7766229">
        <ele>619.2</ele>
        <time>2022-07-24T13:12:28.119Z</time>
      </trkpt>
      <trkpt lat="47.3783946" lon="9.7766349">
        <ele>612.9</ele>
        <time>2022-07-24T13:12:38.119Z</time>
      </trkpt>
      <trkpt lat="47.3783773" lon="9.7766275">
        <ele>598.9</ele>
        <time>2022-07-24T13:13:10.119Z</time>
      </trkpt>
      <trkpt lat="47.3783943" lon="9.7766115">
        <ele>599</ele>
        <time>2022-07-24T13:13:29.119Z</time>
      </trkpt>
      <trkpt lat="47.3783752" lon="9.7765905">
        <ele>599.1</ele>
        <time>2022-07-24T13:13:59.119Z</time>
      </trkpt>
      <trkpt lat="47.3783551" lon="9.7766239">
        <ele>598.9</ele>
        <time>2022-07-24T13:14:04.119Z</time>
      </trkpt>
      <trkpt lat="47.3783676" lon="9.7766047">
        <ele>598.5</ele>
        <time>2022-07-24T13:17:00.119Z</time>
      </trkpt>
      <trkpt lat="47.378377" lon="9.7765812">
        <ele>598.8</ele>
        <time>2022-07-24T13:18:06.119Z</time>
      </trkpt>
      <trkpt lat="47.3783846" lon="9.7765557">
        <ele>595.5</ele>
        <time>2022-07-24T13:20:44.119Z</time>
      </trkpt>
      <trkpt lat="47.3783943" lon="9.7765332">
        <ele>595.1</ele>
        <time>2022-07-24T13:21:08.119Z</time>
      </trkpt>
      <trkpt lat="47.3783914" lon="9.7765611">
        <ele>595.8</ele>
        <time>2022-07-24T13:21:22.119Z</time>
      </trkpt>
      <trkpt lat="47.3783647" lon="9.7766275">
        <ele>595.7</ele>
        <time>2022-07-24T13:21:31.119Z</time>
      </trkpt>
      <trkpt lat="47.378379" lon="9.7766473">
        <ele>594.9</ele>
        <time>2022-07-24T13:21:49.119Z</time>
      </trkpt>
      <trkpt lat="47.3783971" lon="9.776638">
        <ele>594.1</ele>
        <time>2022-07-24T13:22:03.119Z</time>
      </trkpt>
      <trkpt lat="47.3784047" lon="9.7766139">
        <ele>594.2</ele>
        <time>2022-07-24T13:22:40.119Z</time>
      </trkpt>
      <trkpt lat="47.3784122" lon="9.7765872">
        <ele>595.6</ele>
        <time>2022-07-24T13:22:48.119Z</time>
      </trkpt>
      <trkpt lat="47.3784237" lon="9.7765539">
        <ele>595.7</ele>
        <time>2022-07-24T13:22:54.119Z</time>
      </trkpt>
      <trkpt lat="47.3784406" lon="9.7765648">
        <ele>595.2</ele>
        <time>2022-07-24T13:23:03.119Z</time>
      </trkpt>
      <trkpt lat="47.3784217" lon="9.7765641">
        <ele>595.2</ele>
        <time>2022-07-24T13:23:18.119Z</time>
      </trkpt>
      <trkpt lat="47.3784102" lon="9.7765899">
        <ele>596.4</ele>
        <time>2022-07-24T13:23:41.119Z</time>
      </trkpt>
      <trkpt lat="47.3783928" lon="9.7765769">
        <ele>596.9</ele>
        <time>2022-07-24T13:24:18.119Z</time>
      </trkpt>
      <trkpt lat="47.3783836" lon="9.7766072">
        <ele>596.8</ele>
        <time>2022-07-24T13:24:31.119Z</time>
      </trkpt>
      <trkpt lat="47.3783713" lon="9.7766283">
        <ele>597</ele>
        <time>2022-07-24T13:24:54.119Z</time>
      </trkpt>
      <trkpt lat="47.3783561" lon="9.7766133">
        <ele>596.8</ele>
        <time>2022-07-24T13:25:35.119Z</time>
      </trkpt>
      <trkpt lat="47.3783747" lon="9.7766152">
        <ele>597.3</ele>
        <time>2022-07-24T13:26:20.119Z</time>
      </trkpt>
      <trkpt lat="47.3783777" lon="9.7765881">
        <ele>595.9</ele>
        <time>2022-07-24T13:28:09.119Z</time>
      </trkpt>
      <trkpt lat="47.3783898" lon="9.7766143">
        <ele>597.3</ele>
        <time>2022-07-24T13:28:18.119Z</time>
      </trkpt>
      <trkpt lat="47.3783874" lon="9.7765876">
        <ele>595.8</ele>
        <time>2022-07-24T13:28:23.119Z</time>
      </trkpt>
      <trkpt lat="47.3784104" lon="9.7765658">
        <ele>596.1</ele>
        <time>2022-07-24T13:28:29.119Z</time>
      </trkpt>
      <trkpt lat="47.3784226" lon="9.7765456">
        <ele>596.5</ele>
        <time>2022-07-24T13:28:51.119Z</time>
      </trkpt>
      <trkpt lat="47.3784224" lon="9.7765885">
        <ele>596</ele>
        <time>2022-07-24T13:28:59.119Z</time>
      </trkpt>
      <trkpt lat="47.3784026" lon="9.7766211">
        <ele>596</ele>
        <time>2022-07-24T13:29:05.119Z</time>
      </trkpt>
      <trkpt lat="47.3784125" lon="9.7766458">
        <ele>596.7</ele>
        <time>2022-07-24T13:29:13.119Z</time>
      </trkpt>
      <trkpt lat="47.3784575" lon="9.7766908">
        <ele>596.2</ele>
        <time>2022-07-24T13:29:18.119Z</time>
      </trkpt>
      <trkpt lat="47.3785064" lon="9.7766973">
        <ele>596.5</ele>
        <time>2022-07-24T13:29:24.119Z</time>
      </trkpt>
      <trkpt lat="47.3785207" lon="9.7767147">
        <ele>596.9</ele>
        <time>2022-07-24T13:29:31.119Z</time>
      </trkpt>
      <trkpt lat="47.3785539" lon="9.7767138">
        <ele>597.2</ele>
        <time>2022-07-24T13:29:36.119Z</time>
      </trkpt>
      <trkpt lat="47.3785966" lon="9.7767019">
        <ele>597.6</ele>
        <time>2022-07-24T13:29:41.119Z</time>
      </trkpt>
      <trkpt lat="47.3786405" lon="9.7766962">
        <ele>597.6</ele>
        <time>2022-07-24T13:29:46.119Z</time>
      </trkpt>
      <trkpt lat="47.3786952" lon="9.7767125">
        <ele>597.3</ele>
        <time>2022-07-24T13:29:52.119Z</time>
      </trkpt>
      <trkpt lat="47.3787111" lon="9.7767368">
        <ele>596.9</ele>
        <time>2022-07-24T13:29:57.119Z</time>
      </trkpt>
      <trkpt lat="47.3787378" lon="9.7767469">
        <ele>596.1</ele>
        <time>2022-07-24T13:30:02.119Z</time>
      </trkpt>
      <trkpt lat="47.3787378" lon="9.7767469">
        <ele>596.1</ele>
        <time>2022-07-24T13:30:02.119Z</time>
      </trkpt>
      <trkpt lat="47.3787492" lon="9.7767843">
        <ele>595.8</ele>
        <time>2022-07-24T13:30:07.119Z</time>
      </trkpt>
      <trkpt lat="47.3787416" lon="9.7768085">
        <ele>595.9</ele>
        <time>2022-07-24T13:30:14.119Z</time>
      </trkpt>
      <trkpt lat="47.3787405" lon="9.7768476">
        <ele>595.7</ele>
        <time>2022-07-24T13:30:20.119Z</time>
      </trkpt>
      <trkpt lat="47.3787704" lon="9.7769236">
        <ele>596.4</ele>
        <time>2022-07-24T13:30:25.119Z</time>
      </trkpt>
      <trkpt lat="47.3788057" lon="9.7770328">
        <ele>594.1</ele>
        <time>2022-07-24T13:30:30.119Z</time>
      </trkpt>
      <trkpt lat="47.3788426" lon="9.7771275">
        <ele>595.7</ele>
        <time>2022-07-24T13:30:35.119Z</time>
      </trkpt>
      <trkpt lat="47.3788583" lon="9.7772062">
        <ele>597</ele>
        <time>2022-07-24T13:30:41.119Z</time>
      </trkpt>
      <trkpt lat="47.3788525" lon="9.7772599">
        <ele>597.3</ele>
        <time>2022-07-24T13:30:47.119Z</time>
      </trkpt>
      <trkpt lat="47.3788459" lon="9.7772937">
        <ele>598.1</ele>
        <time>2022-07-24T13:30:54.119Z</time>
      </trkpt>
      <trkpt lat="47.378833" lon="9.7773569">
        <ele>597.7</ele>
        <time>2022-07-24T13:30:59.119Z</time>
      </trkpt>
      <trkpt lat="47.3788238" lon="9.7774214">
        <ele>595.1</ele>
        <time>2022-07-24T13:31:05.119Z</time>
      </trkpt>
      <trkpt lat="47.3787829" lon="9.7774835">
        <ele>598</ele>
        <time>2022-07-24T13:31:10.119Z</time>
      </trkpt>
      <trkpt lat="47.3787463" lon="9.777532">
        <ele>597.4</ele>
        <time>2022-07-24T13:31:15.119Z</time>
      </trkpt>
      <trkpt lat="47.3787131" lon="9.7775873">
        <ele>597.9</ele>
        <time>2022-07-24T13:31:21.119Z</time>
      </trkpt>
      <trkpt lat="47.3786798" lon="9.7776756">
        <ele>596.7</ele>
        <time>2022-07-24T13:31:27.119Z</time>
      </trkpt>
      <trkpt lat="47.378679" lon="9.7777734">
        <ele>595.5</ele>
        <time>2022-07-24T13:31:32.119Z</time>
      </trkpt>
      <trkpt lat="47.3786964" lon="9.7778622">
        <ele>595.6</ele>
        <time>2022-07-24T13:31:37.119Z</time>
      </trkpt>
      <trkpt lat="47.3787198" lon="9.7779488">
        <ele>594.7</ele>
        <time>2022-07-24T13:31:43.119Z</time>
      </trkpt>
      <trkpt lat="47.3787404" lon="9.7780264">
        <ele>594.7</ele>
        <time>2022-07-24T13:31:48.119Z</time>
      </trkpt>
      <trkpt lat="47.3787609" lon="9.7780887">
        <ele>594.3</ele>
        <time>2022-07-24T13:31:53.119Z</time>
      </trkpt>
      <trkpt lat="47.378785" lon="9.7781706">
        <ele>594.4</ele>
        <time>2022-07-24T13:31:59.119Z</time>
      </trkpt>
      <trkpt lat="47.3788106" lon="9.7782363">
        <ele>595.1</ele>
        <time>2022-07-24T13:32:04.119Z</time>
      </trkpt>
      <trkpt lat="47.3788407" lon="9.7782978">
        <ele>595.6</ele>
        <time>2022-07-24T13:32:09.119Z</time>
      </trkpt>
      <trkpt lat="47.3788794" lon="9.7783611">
        <ele>595.5</ele>
        <time>2022-07-24T13:32:14.119Z</time>
      </trkpt>
      <trkpt lat="47.3789129" lon="9.778432">
        <ele>596.3</ele>
        <time>2022-07-24T13:32:20.119Z</time>
      </trkpt>
      <trkpt lat="47.3789365" lon="9.7784993">
        <ele>597.2</ele>
        <time>2022-07-24T13:32:25.119Z</time>
      </trkpt>
      <trkpt lat="47.3789625" lon="9.7785716">
        <ele>597.7</ele>
        <time>2022-07-24T13:32:31.119Z</time>
      </trkpt>
      <trkpt lat="47.3789745" lon="9.7786343">
        <ele>598.8</ele>
        <time>2022-07-24T13:32:36.119Z</time>
      </trkpt>
      <trkpt lat="47.3789816" lon="9.7787016">
        <ele>600</ele>
        <time>2022-07-24T13:32:41.119Z</time>
      </trkpt>
      <trkpt lat="47.378997" lon="9.7787717">
        <ele>599.3</ele>
        <time>2022-07-24T13:32:46.119Z</time>
      </trkpt>
      <trkpt lat="47.3790282" lon="9.7788223">
        <ele>599.6</ele>
        <time>2022-07-24T13:32:52.119Z</time>
      </trkpt>
      <trkpt lat="47.3790816" lon="9.7788451">
        <ele>599.6</ele>
        <time>2022-07-24T13:32:57.119Z</time>
      </trkpt>
      <trkpt lat="47.3791365" lon="9.7788516">
        <ele>599.6</ele>
        <time>2022-07-24T13:33:02.119Z</time>
      </trkpt>
      <trkpt lat="47.3791964" lon="9.7788432">
        <ele>600.2</ele>
        <time>2022-07-24T13:33:07.119Z</time>
      </trkpt>
      <trkpt lat="47.3792507" lon="9.7788247">
        <ele>599.8</ele>
        <time>2022-07-24T13:33:13.119Z</time>
      </trkpt>
      <trkpt lat="47.3792998" lon="9.7788104">
        <ele>600.3</ele>
        <time>2022-07-24T13:33:18.119Z</time>
      </trkpt>
      <trkpt lat="47.3793468" lon="9.7788396">
        <ele>599.7</ele>
        <time>2022-07-24T13:33:23.119Z</time>
      </trkpt>
      <trkpt lat="47.379375" lon="9.7788735">
        <ele>599.5</ele>
        <time>2022-07-24T13:33:28.119Z</time>
      </trkpt>
      <trkpt lat="47.3793592" lon="9.7788903">
        <ele>599.8</ele>
        <time>2022-07-24T13:33:33.119Z</time>
      </trkpt>
      <trkpt lat="47.3793411" lon="9.7788919">
        <ele>599.6</ele>
        <time>2022-07-24T13:33:41.119Z</time>
      </trkpt>
      <trkpt lat="47.3793489" lon="9.7789254">
        <ele>599.6</ele>
        <time>2022-07-24T13:33:48.119Z</time>
      </trkpt>
      <trkpt lat="47.3793603" lon="9.7789472">
        <ele>599.5</ele>
        <time>2022-07-24T13:34:05.119Z</time>
      </trkpt>
      <trkpt lat="47.3793687" lon="9.778971">
        <ele>599.6</ele>
        <time>2022-07-24T13:34:13.119Z</time>
      </trkpt>
      <trkpt lat="47.3793838" lon="9.7789857">
        <ele>599.7</ele>
        <time>2022-07-24T13:34:31.119Z</time>
      </trkpt>
      <trkpt lat="47.3794014" lon="9.7789913">
        <ele>599.7</ele>
        <time>2022-07-24T13:35:02.119Z</time>
      </trkpt>
      <trkpt lat="47.3794159" lon="9.7790153">
        <ele>599.5</ele>
        <time>2022-07-24T13:35:09.119Z</time>
      </trkpt>
      <trkpt lat="47.3794734" lon="9.7790494">
        <ele>599.3</ele>
        <time>2022-07-24T13:35:15.119Z</time>
      </trkpt>
      <trkpt lat="47.3795233" lon="9.7790914">
        <ele>598.3</ele>
        <time>2022-07-24T13:35:20.119Z</time>
      </trkpt>
      <trkpt lat="47.3795715" lon="9.7791062">
        <ele>602.4</ele>
        <time>2022-07-24T13:35:26.119Z</time>
      </trkpt>
      <trkpt lat="47.3796243" lon="9.7791191">
        <ele>598.8</ele>
        <time>2022-07-24T13:35:32.119Z</time>
      </trkpt>
      <trkpt lat="47.3796658" lon="9.7791274">
        <ele>598.2</ele>
        <time>2022-07-24T13:35:37.119Z</time>
      </trkpt>
      <trkpt lat="47.3796994" lon="9.7791279">
        <ele>598.7</ele>
        <time>2022-07-24T13:35:42.119Z</time>
      </trkpt>
      <trkpt lat="47.3797136" lon="9.7791507">
        <ele>598.4</ele>
        <time>2022-07-24T13:35:48.119Z</time>
      </trkpt>
      <trkpt lat="47.3797522" lon="9.7791761">
        <ele>597.9</ele>
        <time>2022-07-24T13:35:54.119Z</time>
      </trkpt>
      <trkpt lat="47.3797543" lon="9.7792201">
        <ele>598.3</ele>
        <time>2022-07-24T13:36:00.119Z</time>
      </trkpt>
      <trkpt lat="47.3797693" lon="9.7792029">
        <ele>598.4</ele>
        <time>2022-07-24T13:36:07.119Z</time>
      </trkpt>
      <trkpt lat="47.3798165" lon="9.7791804">
        <ele>598.8</ele>
        <time>2022-07-24T13:36:12.119Z</time>
      </trkpt>
      <trkpt lat="47.3798746" lon="9.7791356">
        <ele>598.7</ele>
        <time>2022-07-24T13:36:18.119Z</time>
      </trkpt>
      <trkpt lat="47.3799241" lon="9.7790853">
        <ele>599.5</ele>
        <time>2022-07-24T13:36:23.119Z</time>
      </trkpt>
      <trkpt lat="47.3799745" lon="9.7790397">
        <ele>598.7</ele>
        <time>2022-07-24T13:36:29.119Z</time>
      </trkpt>
      <trkpt lat="47.3800194" lon="9.7790113">
        <ele>597.7</ele>
        <time>2022-07-24T13:36:34.119Z</time>
      </trkpt>
      <trkpt lat="47.3800725" lon="9.7789906">
        <ele>596.9</ele>
        <time>2022-07-24T13:36:40.119Z</time>
      </trkpt>
      <trkpt lat="47.3801266" lon="9.7789734">
        <ele>598.2</ele>
        <time>2022-07-24T13:36:46.119Z</time>
      </trkpt>
      <trkpt lat="47.3801748" lon="9.7789471">
        <ele>598.5</ele>
        <time>2022-07-24T13:36:52.119Z</time>
      </trkpt>
      <trkpt lat="47.380213" lon="9.7789188">
        <ele>598.8</ele>
        <time>2022-07-24T13:36:57.119Z</time>
      </trkpt>
      <trkpt lat="47.3802548" lon="9.7788797">
        <ele>594.7</ele>
        <time>2022-07-24T13:37:02.119Z</time>
      </trkpt>
      <trkpt lat="47.380294" lon="9.778855">
        <ele>598.7</ele>
        <time>2022-07-24T13:37:08.119Z</time>
      </trkpt>
      <trkpt lat="47.3803336" lon="9.7788357">
        <ele>598.4</ele>
        <time>2022-07-24T13:37:13.119Z</time>
      </trkpt>
      <trkpt lat="47.3803724" lon="9.7788162">
        <ele>598.2</ele>
        <time>2022-07-24T13:37:18.119Z</time>
      </trkpt>
      <trkpt lat="47.3804188" lon="9.7787967">
        <ele>599.1</ele>
        <time>2022-07-24T13:37:24.119Z</time>
      </trkpt>
      <trkpt lat="47.3804605" lon="9.7787786">
        <ele>599.1</ele>
        <time>2022-07-24T13:37:29.119Z</time>
      </trkpt>
      <trkpt lat="47.3804994" lon="9.7787822">
        <ele>598.8</ele>
        <time>2022-07-24T13:37:35.119Z</time>
      </trkpt>
      <trkpt lat="47.3805355" lon="9.7787966">
        <ele>599.3</ele>
        <time>2022-07-24T13:37:40.119Z</time>
      </trkpt>
      <trkpt lat="47.3805788" lon="9.7788234">
        <ele>598.9</ele>
        <time>2022-07-24T13:37:45.119Z</time>
      </trkpt>
      <trkpt lat="47.3806079" lon="9.7788668">
        <ele>599.1</ele>
        <time>2022-07-24T13:37:50.119Z</time>
      </trkpt>
      <trkpt lat="47.3805732" lon="9.7788755">
        <ele>595.7</ele>
        <time>2022-07-24T13:37:59.119Z</time>
      </trkpt>
      <trkpt lat="47.3805889" lon="9.7788624">
        <ele>598.7</ele>
        <time>2022-07-24T13:38:42.119Z</time>
      </trkpt>
      <trkpt lat="47.380609" lon="9.7788763">
        <ele>599.1</ele>
        <time>2022-07-24T13:38:58.119Z</time>
      </trkpt>
      <trkpt lat="47.3806484" lon="9.7789108">
        <ele>599.6</ele>
        <time>2022-07-24T13:39:04.119Z</time>
      </trkpt>
      <trkpt lat="47.38069" lon="9.7789361">
        <ele>598.1</ele>
        <time>2022-07-24T13:39:10.119Z</time>
      </trkpt>
      <trkpt lat="47.380727" lon="9.7789435">
        <ele>598.7</ele>
        <time>2022-07-24T13:39:16.119Z</time>
      </trkpt>
      <trkpt lat="47.3807466" lon="9.7789538">
        <ele>598.6</ele>
        <time>2022-07-24T13:39:24.119Z</time>
      </trkpt>
      <trkpt lat="47.3807702" lon="9.7789782">
        <ele>598.7</ele>
        <time>2022-07-24T13:39:29.119Z</time>
      </trkpt>
      <trkpt lat="47.3807531" lon="9.7789886">
        <ele>598</ele>
        <time>2022-07-24T13:39:40.119Z</time>
      </trkpt>
      <trkpt lat="47.3807623" lon="9.7790131">
        <ele>601.7</ele>
        <time>2022-07-24T13:39:52.119Z</time>
      </trkpt>
      <trkpt lat="47.380778" lon="9.7790281">
        <ele>601.7</ele>
        <time>2022-07-24T13:40:12.119Z</time>
      </trkpt>
      <trkpt lat="47.3807889" lon="9.7790594">
        <ele>598.8</ele>
        <time>2022-07-24T13:40:41.119Z</time>
      </trkpt>
      <trkpt lat="47.3808105" lon="9.7791037">
        <ele>599.6</ele>
        <time>2022-07-24T13:40:46.119Z</time>
      </trkpt>
      <trkpt lat="47.380795" lon="9.7791198">
        <ele>599.7</ele>
        <time>2022-07-24T13:40:52.119Z</time>
      </trkpt>
      <trkpt lat="47.380769" lon="9.7792099">
        <ele>599.8</ele>
        <time>2022-07-24T13:40:58.119Z</time>
      </trkpt>
      <trkpt lat="47.3807734" lon="9.7792858">
        <ele>599.2</ele>
        <time>2022-07-24T13:41:03.119Z</time>
      </trkpt>
      <trkpt lat="47.3808032" lon="9.7793573">
        <ele>599.3</ele>
        <time>2022-07-24T13:41:09.119Z</time>
      </trkpt>
      <trkpt lat="47.380841" lon="9.77941">
        <ele>601.7</ele>
        <time>2022-07-24T13:41:14.119Z</time>
      </trkpt>
      <trkpt lat="47.380883" lon="9.779445">
        <ele>600.1</ele>
        <time>2022-07-24T13:41:19.119Z</time>
      </trkpt>
      <trkpt lat="47.3809236" lon="9.7794727">
        <ele>599.5</ele>
        <time>2022-07-24T13:41:24.119Z</time>
      </trkpt>
      <trkpt lat="47.3809473" lon="9.7795195">
        <ele>599.4</ele>
        <time>2022-07-24T13:41:29.119Z</time>
      </trkpt>
      <trkpt lat="47.3809668" lon="9.7795904">
        <ele>601.7</ele>
        <time>2022-07-24T13:41:35.119Z</time>
      </trkpt>
      <trkpt lat="47.3809764" lon="9.7796952">
        <ele>601.7</ele>
        <time>2022-07-24T13:41:40.119Z</time>
      </trkpt>
      <trkpt lat="47.3810272" lon="9.7797622">
        <ele>601.7</ele>
        <time>2022-07-24T13:41:46.119Z</time>
      </trkpt>
      <trkpt lat="47.3810681" lon="9.7798226">
        <ele>601.7</ele>
        <time>2022-07-24T13:41:51.119Z</time>
      </trkpt>
      <trkpt lat="47.3811138" lon="9.7798891">
        <ele>601.7</ele>
        <time>2022-07-24T13:41:56.119Z</time>
      </trkpt>
      <trkpt lat="47.3811629" lon="9.7799471">
        <ele>601.7</ele>
        <time>2022-07-24T13:42:02.119Z</time>
      </trkpt>
      <trkpt lat="47.3812058" lon="9.7799864">
        <ele>601.7</ele>
        <time>2022-07-24T13:42:07.119Z</time>
      </trkpt>
      <trkpt lat="47.3812644" lon="9.7800122">
        <ele>601.7</ele>
        <time>2022-07-24T13:42:12.119Z</time>
      </trkpt>
      <trkpt lat="47.3813221" lon="9.7800276">
        <ele>601.7</ele>
        <time>2022-07-24T13:42:18.119Z</time>
      </trkpt>
      <trkpt lat="47.3813797" lon="9.780055">
        <ele>601.7</ele>
        <time>2022-07-24T13:42:23.119Z</time>
      </trkpt>
      <trkpt lat="47.3814132" lon="9.7800629">
        <ele>603.9</ele>
        <time>2022-07-24T13:42:29.119Z</time>
      </trkpt>
      <trkpt lat="47.3814338" lon="9.7800778">
        <ele>601.7</ele>
        <time>2022-07-24T13:42:44.119Z</time>
      </trkpt>
      <trkpt lat="47.3814835" lon="9.7800805">
        <ele>601.7</ele>
        <time>2022-07-24T13:42:50.119Z</time>
      </trkpt>
      <trkpt lat="47.3815271" lon="9.7800575">
        <ele>601.7</ele>
        <time>2022-07-24T13:42:56.119Z</time>
      </trkpt>
      <trkpt lat="47.381543" lon="9.7800001">
        <ele>601.7</ele>
        <time>2022-07-24T13:43:01.119Z</time>
      </trkpt>
      <trkpt lat="47.3815438" lon="9.7799553">
        <ele>601.7</ele>
        <time>2022-07-24T13:43:06.119Z</time>
      </trkpt>
      <trkpt lat="47.3815602" lon="9.779918">
        <ele>601.7</ele>
        <time>2022-07-24T13:43:12.119Z</time>
      </trkpt>
      <trkpt lat="47.3815868" lon="9.7798977">
        <ele>601.7</ele>
        <time>2022-07-24T13:43:17.119Z</time>
      </trkpt>
      <trkpt lat="47.3815981" lon="9.7798422">
        <ele>601.7</ele>
        <time>2022-07-24T13:43:22.119Z</time>
      </trkpt>
      <trkpt lat="47.3816214" lon="9.7797907">
        <ele>601.7</ele>
        <time>2022-07-24T13:43:27.119Z</time>
      </trkpt>
      <trkpt lat="47.3816637" lon="9.7797635">
        <ele>601.7</ele>
        <time>2022-07-24T13:43:33.119Z</time>
      </trkpt>
      <trkpt lat="47.3817246" lon="9.7797501">
        <ele>601.7</ele>
        <time>2022-07-24T13:43:38.119Z</time>
      </trkpt>
      <trkpt lat="47.3817723" lon="9.7797226">
        <ele>601.7</ele>
        <time>2022-07-24T13:43:44.119Z</time>
      </trkpt>
      <trkpt lat="47.3817996" lon="9.7796443">
        <ele>601.7</ele>
        <time>2022-07-24T13:43:49.119Z</time>
      </trkpt>
      <trkpt lat="47.3818337" lon="9.7795825">
        <ele>601.7</ele>
        <time>2022-07-24T13:43:54.119Z</time>
      </trkpt>
      <trkpt lat="47.3818819" lon="9.779554">
        <ele>601.7</ele>
        <time>2022-07-24T13:43:59.119Z</time>
      </trkpt>
      <trkpt lat="47.3819301" lon="9.7795194">
        <ele>601.7</ele>
        <time>2022-07-24T13:44:04.119Z</time>
      </trkpt>
      <trkpt lat="47.3819317" lon="9.7794645">
        <ele>601.7</ele>
        <time>2022-07-24T13:44:10.119Z</time>
      </trkpt>
      <trkpt lat="47.3819132" lon="9.7794617">
        <ele>601.7</ele>
        <time>2022-07-24T13:44:17.119Z</time>
      </trkpt>
      <trkpt lat="47.3819057" lon="9.7794358">
        <ele>601.7</ele>
        <time>2022-07-24T13:44:32.119Z</time>
      </trkpt>
      <trkpt lat="47.3819241" lon="9.7793945">
        <ele>601.7</ele>
        <time>2022-07-24T13:44:37.119Z</time>
      </trkpt>
      <trkpt lat="47.3819368" lon="9.7793153">
        <ele>601.7</ele>
        <time>2022-07-24T13:44:43.119Z</time>
      </trkpt>
      <trkpt lat="47.381895" lon="9.7792767">
        <ele>601.7</ele>
        <time>2022-07-24T13:44:48.119Z</time>
      </trkpt>
      <trkpt lat="47.3819112" lon="9.7792923">
        <ele>601.7</ele>
        <time>2022-07-24T13:45:26.119Z</time>
      </trkpt>
      <trkpt lat="47.3818999" lon="9.7792711">
        <ele>601.7</ele>
        <time>2022-07-24T13:45:37.119Z</time>
      </trkpt>
      <trkpt lat="47.3818793" lon="9.7792521">
        <ele>601.7</ele>
        <time>2022-07-24T13:45:48.119Z</time>
      </trkpt>
      <trkpt lat="47.3818722" lon="9.7792271">
        <ele>601.7</ele>
        <time>2022-07-24T13:46:01.119Z</time>
      </trkpt>
      <trkpt lat="47.3818898" lon="9.7792378">
        <ele>601.7</ele>
        <time>2022-07-24T13:47:25.119Z</time>
      </trkpt>
      <trkpt lat="47.3818833" lon="9.7792066">
        <ele>601.7</ele>
        <time>2022-07-24T13:48:04.119Z</time>
      </trkpt>
      <trkpt lat="47.3818918" lon="9.7791818">
        <ele>601.7</ele>
        <time>2022-07-24T13:48:15.119Z</time>
      </trkpt>
      <trkpt lat="47.3818739" lon="9.7791848">
        <ele>601.7</ele>
        <time>2022-07-24T13:49:09.119Z</time>
      </trkpt>
      <trkpt lat="47.3818769" lon="9.7791332">
        <ele>601.7</ele>
        <time>2022-07-24T13:49:18.119Z</time>
      </trkpt>
      <trkpt lat="47.3819277" lon="9.7790629">
        <ele>601.7</ele>
        <time>2022-07-24T13:49:23.119Z</time>
      </trkpt>
      <trkpt lat="47.3819868" lon="9.7790093">
        <ele>601.7</ele>
        <time>2022-07-24T13:49:29.119Z</time>
      </trkpt>
      <trkpt lat="47.3820446" lon="9.7789533">
        <ele>601.7</ele>
        <time>2022-07-24T13:49:34.119Z</time>
      </trkpt>
      <trkpt lat="47.382095" lon="9.7788509">
        <ele>601.7</ele>
        <time>2022-07-24T13:49:40.119Z</time>
      </trkpt>
      <trkpt lat="47.3821338" lon="9.7787554">
        <ele>601.7</ele>
        <time>2022-07-24T13:49:45.119Z</time>
      </trkpt>
      <trkpt lat="47.3822027" lon="9.7787055">
        <ele>601.7</ele>
        <time>2022-07-24T13:49:50.119Z</time>
      </trkpt>
      <trkpt lat="47.3822747" lon="9.7786971">
        <ele>601.7</ele>
        <time>2022-07-24T13:49:55.119Z</time>
      </trkpt>
      <trkpt lat="47.3823348" lon="9.778649">
        <ele>601.7</ele>
        <time>2022-07-24T13:50:00.119Z</time>
      </trkpt>
      <trkpt lat="47.3823839" lon="9.7785579">
        <ele>601.7</ele>
        <time>2022-07-24T13:50:06.119Z</time>
      </trkpt>
      <trkpt lat="47.3824114" lon="9.7784667">
        <ele>601.7</ele>
        <time>2022-07-24T13:50:11.119Z</time>
      </trkpt>
      <trkpt lat="47.3824516" lon="9.7784122">
        <ele>601.7</ele>
        <time>2022-07-24T13:50:16.119Z</time>
      </trkpt>
      <trkpt lat="47.3825108" lon="9.7783892">
        <ele>601.7</ele>
        <time>2022-07-24T13:50:22.119Z</time>
      </trkpt>
      <trkpt lat="47.3825702" lon="9.778372">
        <ele>599.5</ele>
        <time>2022-07-24T13:50:27.119Z</time>
      </trkpt>
      <trkpt lat="47.382617" lon="9.7783657">
        <ele>597.8</ele>
        <time>2022-07-24T13:50:33.119Z</time>
      </trkpt>
      <trkpt lat="47.3826505" lon="9.7783447">
        <ele>599.6</ele>
        <time>2022-07-24T13:50:39.119Z</time>
      </trkpt>
      <trkpt lat="47.3826857" lon="9.7783415">
        <ele>601.7</ele>
        <time>2022-07-24T13:50:44.119Z</time>
      </trkpt>
      <trkpt lat="47.382722" lon="9.7783064">
        <ele>601.7</ele>
        <time>2022-07-24T13:50:49.119Z</time>
      </trkpt>
      <trkpt lat="47.3827528" lon="9.7782663">
        <ele>603.7</ele>
        <time>2022-07-24T13:50:55.119Z</time>
      </trkpt>
      <trkpt lat="47.3827723" lon="9.7782468">
        <ele>601.7</ele>
        <time>2022-07-24T13:51:00.119Z</time>
      </trkpt>
      <trkpt lat="47.3828049" lon="9.7782148">
        <ele>605.7</ele>
        <time>2022-07-24T13:51:05.119Z</time>
      </trkpt>
      <trkpt lat="47.3828279" lon="9.7781614">
        <ele>606.6</ele>
        <time>2022-07-24T13:51:10.119Z</time>
      </trkpt>
      <trkpt lat="47.3828354" lon="9.7781019">
        <ele>608</ele>
        <time>2022-07-24T13:51:16.119Z</time>
      </trkpt>
      <trkpt lat="47.3828184" lon="9.7780641">
        <ele>609</ele>
        <time>2022-07-24T13:51:21.119Z</time>
      </trkpt>
      <trkpt lat="47.3828407" lon="9.7780866">
        <ele>610</ele>
        <time>2022-07-24T13:51:27.119Z</time>
      </trkpt>
      <trkpt lat="47.3828606" lon="9.7781274">
        <ele>610.4</ele>
        <time>2022-07-24T13:51:32.119Z</time>
      </trkpt>
      <trkpt lat="47.3828647" lon="9.7781751">
        <ele>611.6</ele>
        <time>2022-07-24T13:51:37.119Z</time>
      </trkpt>
      <trkpt lat="47.3828517" lon="9.7782391">
        <ele>611.7</ele>
        <time>2022-07-24T13:51:43.119Z</time>
      </trkpt>
      <trkpt lat="47.3828421" lon="9.7782881">
        <ele>612.8</ele>
        <time>2022-07-24T13:51:48.119Z</time>
      </trkpt>
      <trkpt lat="47.3828364" lon="9.778332">
        <ele>614.2</ele>
        <time>2022-07-24T13:51:53.119Z</time>
      </trkpt>
      <trkpt lat="47.3828268" lon="9.7783762">
        <ele>614.6</ele>
        <time>2022-07-24T13:51:59.119Z</time>
      </trkpt>
      <trkpt lat="47.3828374" lon="9.7784287">
        <ele>615.5</ele>
        <time>2022-07-24T13:52:04.119Z</time>
      </trkpt>
      <trkpt lat="47.382864" lon="9.7784485">
        <ele>616.6</ele>
        <time>2022-07-24T13:52:10.119Z</time>
      </trkpt>
      <trkpt lat="47.3828802" lon="9.778436">
        <ele>617.9</ele>
        <time>2022-07-24T13:52:18.119Z</time>
      </trkpt>
      <trkpt lat="47.3828961" lon="9.7784234">
        <ele>618.7</ele>
        <time>2022-07-24T13:52:23.119Z</time>
      </trkpt>
      <trkpt lat="47.3829372" lon="9.7784056">
        <ele>618.5</ele>
        <time>2022-07-24T13:52:29.119Z</time>
      </trkpt>
      <trkpt lat="47.3829915" lon="9.7783864">
        <ele>618.4</ele>
        <time>2022-07-24T13:52:34.119Z</time>
      </trkpt>
      <trkpt lat="47.3830292" lon="9.778377">
        <ele>618.6</ele>
        <time>2022-07-24T13:52:40.119Z</time>
      </trkpt>
      <trkpt lat="47.3830471" lon="9.7783868">
        <ele>618.7</ele>
        <time>2022-07-24T13:52:54.119Z</time>
      </trkpt>
      <trkpt lat="47.3830926" lon="9.7784034">
        <ele>618.3</ele>
        <time>2022-07-24T13:52:59.119Z</time>
      </trkpt>
      <trkpt lat="47.383161" lon="9.7784144">
        <ele>602.9</ele>
        <time>2022-07-24T13:53:04.119Z</time>
      </trkpt>
      <trkpt lat="47.383228" lon="9.7784138">
        <ele>618.1</ele>
        <time>2022-07-24T13:53:10.119Z</time>
      </trkpt>
      <trkpt lat="47.3832856" lon="9.7784474">
        <ele>617.2</ele>
        <time>2022-07-24T13:53:15.119Z</time>
      </trkpt>
      <trkpt lat="47.3833286" lon="9.7784756">
        <ele>616.7</ele>
        <time>2022-07-24T13:53:21.119Z</time>
      </trkpt>
      <trkpt lat="47.3833649" lon="9.7784717">
        <ele>616.4</ele>
        <time>2022-07-24T13:53:26.119Z</time>
      </trkpt>
      <trkpt lat="47.3834005" lon="9.7784718">
        <ele>616.1</ele>
        <time>2022-07-24T13:53:31.119Z</time>
      </trkpt>
      <trkpt lat="47.3834174" lon="9.7785498">
        <ele>616.1</ele>
        <time>2022-07-24T13:53:36.119Z</time>
      </trkpt>
      <trkpt lat="47.3834412" lon="9.778632">
        <ele>616.2</ele>
        <time>2022-07-24T13:53:41.119Z</time>
      </trkpt>
      <trkpt lat="47.383455" lon="9.7787083">
        <ele>616.4</ele>
        <time>2022-07-24T13:53:46.119Z</time>
      </trkpt>
      <trkpt lat="47.3834293" lon="9.7787851">
        <ele>616.7</ele>
        <time>2022-07-24T13:53:52.119Z</time>
      </trkpt>
      <trkpt lat="47.3833983" lon="9.7788614">
        <ele>616.9</ele>
        <time>2022-07-24T13:53:57.119Z</time>
      </trkpt>
      <trkpt lat="47.3833683" lon="9.7789558">
        <ele>617.1</ele>
        <time>2022-07-24T13:54:02.119Z</time>
      </trkpt>
      <trkpt lat="47.3833758" lon="9.7790303">
        <ele>617.1</ele>
        <time>2022-07-24T13:54:08.119Z</time>
      </trkpt>
      <trkpt lat="47.3833984" lon="9.7790513">
        <ele>618.2</ele>
        <time>2022-07-24T13:54:13.119Z</time>
      </trkpt>
      <trkpt lat="47.3834442" lon="9.779061">
        <ele>618.2</ele>
        <time>2022-07-24T13:54:19.119Z</time>
      </trkpt>
      <trkpt lat="47.3834662" lon="9.7790954">
        <ele>618.2</ele>
        <time>2022-07-24T13:54:25.119Z</time>
      </trkpt>
      <trkpt lat="47.3834662" lon="9.7791309">
        <ele>618.4</ele>
        <time>2022-07-24T13:54:31.119Z</time>
      </trkpt>
      <trkpt lat="47.3834876" lon="9.7791207">
        <ele>617.4</ele>
        <time>2022-07-24T13:54:37.119Z</time>
      </trkpt>
      <trkpt lat="47.3835339" lon="9.7791385">
        <ele>618.7</ele>
        <time>2022-07-24T13:54:42.119Z</time>
      </trkpt>
      <trkpt lat="47.383568" lon="9.7791118">
        <ele>619.7</ele>
        <time>2022-07-24T13:54:48.119Z</time>
      </trkpt>
      <trkpt lat="47.3836178" lon="9.7791426">
        <ele>619.4</ele>
        <time>2022-07-24T13:54:53.119Z</time>
      </trkpt>
      <trkpt lat="47.3836341" lon="9.7792265">
        <ele>619.1</ele>
        <time>2022-07-24T13:54:59.119Z</time>
      </trkpt>
      <trkpt lat="47.3836373" lon="9.7793093">
        <ele>618.8</ele>
        <time>2022-07-24T13:55:04.119Z</time>
      </trkpt>
      <trkpt lat="47.3836879" lon="9.7793327">
        <ele>619.3</ele>
        <time>2022-07-24T13:55:09.119Z</time>
      </trkpt>
      <trkpt lat="47.3837517" lon="9.7793062">
        <ele>619.6</ele>
        <time>2022-07-24T13:55:15.119Z</time>
      </trkpt>
      <trkpt lat="47.3838153" lon="9.7792751">
        <ele>619.9</ele>
        <time>2022-07-24T13:55:20.119Z</time>
      </trkpt>
      <trkpt lat="47.3838524" lon="9.7792239">
        <ele>619.7</ele>
        <time>2022-07-24T13:55:25.119Z</time>
      </trkpt>
      <trkpt lat="47.3838963" lon="9.7791767">
        <ele>620.3</ele>
        <time>2022-07-24T13:55:31.119Z</time>
      </trkpt>
      <trkpt lat="47.3839474" lon="9.7791902">
        <ele>602.9</ele>
        <time>2022-07-24T13:55:36.119Z</time>
      </trkpt>
      <trkpt lat="47.3839943" lon="9.7792327">
        <ele>619.8</ele>
        <time>2022-07-24T13:55:41.119Z</time>
      </trkpt>
      <trkpt lat="47.3840469" lon="9.7793164">
        <ele>620</ele>
        <time>2022-07-24T13:55:47.119Z</time>
      </trkpt>
      <trkpt lat="47.3840761" lon="9.779403">
        <ele>620</ele>
        <time>2022-07-24T13:55:53.119Z</time>
      </trkpt>
      <trkpt lat="47.38409" lon="9.7794691">
        <ele>619.4</ele>
        <time>2022-07-24T13:55:59.119Z</time>
      </trkpt>
      <trkpt lat="47.3841101" lon="9.77945">
        <ele>619</ele>
        <time>2022-07-24T13:56:05.119Z</time>
      </trkpt>
      <trkpt lat="47.3841095" lon="9.7794215">
        <ele>618.6</ele>
        <time>2022-07-24T13:56:11.119Z</time>
      </trkpt>
      <trkpt lat="47.3841126" lon="9.7794488">
        <ele>618.7</ele>
        <time>2022-07-24T13:56:19.119Z</time>
      </trkpt>
      <trkpt lat="47.384123" lon="9.7794772">
        <ele>618.1</ele>
        <time>2022-07-24T13:56:24.119Z</time>
      </trkpt>
      <trkpt lat="47.384124" lon="9.7795158">
        <ele>617.3</ele>
        <time>2022-07-24T13:56:30.119Z</time>
      </trkpt>
      <trkpt lat="47.3841045" lon="9.77951">
        <ele>615.7</ele>
        <time>2022-07-24T13:56:40.119Z</time>
      </trkpt>
      <trkpt lat="47.3840641" lon="9.7795396">
        <ele>615.7</ele>
        <time>2022-07-24T13:56:46.119Z</time>
      </trkpt>
      <trkpt lat="47.3840428" lon="9.7795703">
        <ele>614.6</ele>
        <time>2022-07-24T13:56:51.119Z</time>
      </trkpt>
      <trkpt lat="47.3840059" lon="9.7796252">
        <ele>613.1</ele>
        <time>2022-07-24T13:56:57.119Z</time>
      </trkpt>
      <trkpt lat="47.3840115" lon="9.779599">
        <ele>612.7</ele>
        <time>2022-07-24T13:57:13.119Z</time>
      </trkpt>
      <trkpt lat="47.3840593" lon="9.7796026">
        <ele>611.7</ele>
        <time>2022-07-24T13:57:19.119Z</time>
      </trkpt>
      <trkpt lat="47.3841213" lon="9.7796009">
        <ele>611.3</ele>
        <time>2022-07-24T13:57:24.119Z</time>
      </trkpt>
      <trkpt lat="47.3841664" lon="9.7795595">
        <ele>611.2</ele>
        <time>2022-07-24T13:57:30.119Z</time>
      </trkpt>
      <trkpt lat="47.3841968" lon="9.7795535">
        <ele>610.4</ele>
        <time>2022-07-24T13:57:35.119Z</time>
      </trkpt>
      <trkpt lat="47.3842383" lon="9.7795224">
        <ele>610.1</ele>
        <time>2022-07-24T13:57:41.119Z</time>
      </trkpt>
      <trkpt lat="47.384281" lon="9.7794809">
        <ele>610.1</ele>
        <time>2022-07-24T13:57:47.119Z</time>
      </trkpt>
      <trkpt lat="47.3843361" lon="9.779454">
        <ele>609.8</ele>
        <time>2022-07-24T13:57:52.119Z</time>
      </trkpt>
      <trkpt lat="47.3843929" lon="9.7794486">
        <ele>609.2</ele>
        <time>2022-07-24T13:57:57.119Z</time>
      </trkpt>
      <trkpt lat="47.3844405" lon="9.7794211">
        <ele>608.6</ele>
        <time>2022-07-24T13:58:03.119Z</time>
      </trkpt>
      <trkpt lat="47.3844717" lon="9.7793823">
        <ele>607.2</ele>
        <time>2022-07-24T13:58:08.119Z</time>
      </trkpt>
      <trkpt lat="47.3844969" lon="9.7793319">
        <ele>606.7</ele>
        <time>2022-07-24T13:58:13.119Z</time>
      </trkpt>
      <trkpt lat="47.3845317" lon="9.7792812">
        <ele>605.6</ele>
        <time>2022-07-24T13:58:19.119Z</time>
      </trkpt>
      <trkpt lat="47.3845736" lon="9.7792432">
        <ele>602.9</ele>
        <time>2022-07-24T13:58:24.119Z</time>
      </trkpt>
      <trkpt lat="47.3845988" lon="9.7792001">
        <ele>602.9</ele>
        <time>2022-07-24T13:58:30.119Z</time>
      </trkpt>
      <trkpt lat="47.3846273" lon="9.7791609">
        <ele>602.4</ele>
        <time>2022-07-24T13:58:35.119Z</time>
      </trkpt>
      <trkpt lat="47.3846564" lon="9.779116">
        <ele>601.3</ele>
        <time>2022-07-24T13:58:40.119Z</time>
      </trkpt>
      <trkpt lat="47.3846753" lon="9.7790787">
        <ele>600.8</ele>
        <time>2022-07-24T13:58:45.119Z</time>
      </trkpt>
      <trkpt lat="47.3846948" lon="9.7790396">
        <ele>600.1</ele>
        <time>2022-07-24T13:58:51.119Z</time>
      </trkpt>
      <trkpt lat="47.3847204" lon="9.7789753">
        <ele>598.9</ele>
        <time>2022-07-24T13:58:57.119Z</time>
      </trkpt>
      <trkpt lat="47.3847464" lon="9.7789242">
        <ele>597.8</ele>
        <time>2022-07-24T13:59:02.119Z</time>
      </trkpt>
      <trkpt lat="47.3847703" lon="9.7788774">
        <ele>597</ele>
        <time>2022-07-24T13:59:08.119Z</time>
      </trkpt>
      <trkpt lat="47.3848023" lon="9.7788474">
        <ele>595.3</ele>
        <time>2022-07-24T13:59:13.119Z</time>
      </trkpt>
      <trkpt lat="47.3848528" lon="9.7788238">
        <ele>593.9</ele>
        <time>2022-07-24T13:59:19.119Z</time>
      </trkpt>
      <trkpt lat="47.3848557" lon="9.7788671">
        <ele>594.3</ele>
        <time>2022-07-24T13:59:24.119Z</time>
      </trkpt>
      <trkpt lat="47.3848728" lon="9.7788762">
        <ele>592.7</ele>
        <time>2022-07-24T13:59:40.119Z</time>
      </trkpt>
      <trkpt lat="47.3849088" lon="9.7788611">
        <ele>591.1</ele>
        <time>2022-07-24T13:59:46.119Z</time>
      </trkpt>
      <trkpt lat="47.38496" lon="9.778835">
        <ele>590.2</ele>
        <time>2022-07-24T13:59:51.119Z</time>
      </trkpt>
      <trkpt lat="47.3850158" lon="9.7788041">
        <ele>589.3</ele>
        <time>2022-07-24T13:59:57.119Z</time>
      </trkpt>
      <trkpt lat="47.3850627" lon="9.7787984">
        <ele>587.9</ele>
        <time>2022-07-24T14:00:02.119Z</time>
      </trkpt>
      <trkpt lat="47.3850976" lon="9.7787855">
        <ele>586.9</ele>
        <time>2022-07-24T14:00:07.119Z</time>
      </trkpt>
      <trkpt lat="47.3851225" lon="9.7787785">
        <ele>585.8</ele>
        <time>2022-07-24T14:00:13.119Z</time>
      </trkpt>
      <trkpt lat="47.3851391" lon="9.778763">
        <ele>583.7</ele>
        <time>2022-07-24T14:00:26.119Z</time>
      </trkpt>
      <trkpt lat="47.385158" lon="9.7787608">
        <ele>582.9</ele>
        <time>2022-07-24T14:00:36.119Z</time>
      </trkpt>
      <trkpt lat="47.3852017" lon="9.7787452">
        <ele>581.7</ele>
        <time>2022-07-24T14:00:41.119Z</time>
      </trkpt>
      <trkpt lat="47.3852562" lon="9.7787369">
        <ele>580</ele>
        <time>2022-07-24T14:00:46.119Z</time>
      </trkpt>
      <trkpt lat="47.385287" lon="9.7787522">
        <ele>579.3</ele>
        <time>2022-07-24T14:00:52.119Z</time>
      </trkpt>
      <trkpt lat="47.3853097" lon="9.7787848">
        <ele>578.2</ele>
        <time>2022-07-24T14:00:57.119Z</time>
      </trkpt>
      <trkpt lat="47.3853375" lon="9.7788336">
        <ele>577.1</ele>
        <time>2022-07-24T14:01:03.119Z</time>
      </trkpt>
      <trkpt lat="47.3853663" lon="9.7788591">
        <ele>575.9</ele>
        <time>2022-07-24T14:01:08.119Z</time>
      </trkpt>
      <trkpt lat="47.3853645" lon="9.7788876">
        <ele>574.6</ele>
        <time>2022-07-24T14:01:14.119Z</time>
      </trkpt>
      <trkpt lat="47.3853594" lon="9.7789175">
        <ele>572</ele>
        <time>2022-07-24T14:01:22.119Z</time>
      </trkpt>
      <trkpt lat="47.3853456" lon="9.7789752">
        <ele>571.3</ele>
        <time>2022-07-24T14:01:27.119Z</time>
      </trkpt>
      <trkpt lat="47.3853017" lon="9.7790498">
        <ele>570</ele>
        <time>2022-07-24T14:01:33.119Z</time>
      </trkpt>
      <trkpt lat="47.3853222" lon="9.7790728">
        <ele>569.2</ele>
        <time>2022-07-24T14:01:39.119Z</time>
      </trkpt>
      <trkpt lat="47.3853715" lon="9.7790363">
        <ele>568.4</ele>
        <time>2022-07-24T14:01:44.119Z</time>
      </trkpt>
      <trkpt lat="47.3854095" lon="9.7790034">
        <ele>567.9</ele>
        <time>2022-07-24T14:01:49.119Z</time>
      </trkpt>
      <trkpt lat="47.38543" lon="9.7789803">
        <ele>566.4</ele>
        <time>2022-07-24T14:01:54.119Z</time>
      </trkpt>
      <trkpt lat="47.3854206" lon="9.7790083">
        <ele>565</ele>
        <time>2022-07-24T14:02:00.119Z</time>
      </trkpt>
      <trkpt lat="47.3853508" lon="9.7791074">
        <ele>563.9</ele>
        <time>2022-07-24T14:02:08.119Z</time>
      </trkpt>
      <trkpt lat="47.3853345" lon="9.7791685">
        <ele>563.3</ele>
        <time>2022-07-24T14:02:13.119Z</time>
      </trkpt>
      <trkpt lat="47.3853222" lon="9.779191">
        <ele>561.2</ele>
        <time>2022-07-24T14:02:19.119Z</time>
      </trkpt>
      <trkpt lat="47.3853021" lon="9.7792229">
        <ele>560.7</ele>
        <time>2022-07-24T14:02:25.119Z</time>
      </trkpt>
      <trkpt lat="47.385279" lon="9.779268">
        <ele>559.5</ele>
        <time>2022-07-24T14:02:30.119Z</time>
      </trkpt>
      <trkpt lat="47.3852439" lon="9.7793285">
        <ele>558.6</ele>
        <time>2022-07-24T14:02:35.119Z</time>
      </trkpt>
      <trkpt lat="47.3852291" lon="9.7793631">
        <ele>557</ele>
        <time>2022-07-24T14:02:41.119Z</time>
      </trkpt>
      <trkpt lat="47.3852112" lon="9.7793972">
        <ele>557.3</ele>
        <time>2022-07-24T14:02:46.119Z</time>
      </trkpt>
      <trkpt lat="47.3851839" lon="9.7794294">
        <ele>557</ele>
        <time>2022-07-24T14:02:51.119Z</time>
      </trkpt>
      <trkpt lat="47.3851375" lon="9.7794556">
        <ele>556.6</ele>
        <time>2022-07-24T14:02:57.119Z</time>
      </trkpt>
      <trkpt lat="47.3850954" lon="9.7794951">
        <ele>556.3</ele>
        <time>2022-07-24T14:03:02.119Z</time>
      </trkpt>
      <trkpt lat="47.3850522" lon="9.7795365">
        <ele>602.9</ele>
        <time>2022-07-24T14:03:08.119Z</time>
      </trkpt>
      <trkpt lat="47.3850618" lon="9.7796093">
        <ele>555.5</ele>
        <time>2022-07-24T14:03:14.119Z</time>
      </trkpt>
      <trkpt lat="47.3850794" lon="9.7796249">
        <ele>555.5</ele>
        <time>2022-07-24T14:03:31.119Z</time>
      </trkpt>
      <trkpt lat="47.385122" lon="9.7796045">
        <ele>555.4</ele>
        <time>2022-07-24T14:03:36.119Z</time>
      </trkpt>
      <trkpt lat="47.3851495" lon="9.7796061">
        <ele>555.3</ele>
        <time>2022-07-24T14:03:41.119Z</time>
      </trkpt>
      <trkpt lat="47.3851813" lon="9.7796384">
        <ele>555.2</ele>
        <time>2022-07-24T14:03:46.119Z</time>
      </trkpt>
      <trkpt lat="47.3851955" lon="9.7796146">
        <ele>555.1</ele>
        <time>2022-07-24T14:03:52.119Z</time>
      </trkpt>
      <trkpt lat="47.3851784" lon="9.7796023">
        <ele>555</ele>
        <time>2022-07-24T14:03:59.119Z</time>
      </trkpt>
      <trkpt lat="47.3851615" lon="9.7795896">
        <ele>555.1</ele>
        <time>2022-07-24T14:04:08.119Z</time>
      </trkpt>
      <trkpt lat="47.385181" lon="9.7796046">
        <ele>553.2</ele>
        <time>2022-07-24T14:04:42.119Z</time>
      </trkpt>
      <trkpt lat="47.38521" lon="9.7796184">
        <ele>553</ele>
        <time>2022-07-24T14:04:47.119Z</time>
      </trkpt>
      <trkpt lat="47.3852674" lon="9.7796279">
        <ele>551.5</ele>
        <time>2022-07-24T14:04:52.119Z</time>
      </trkpt>
      <trkpt lat="47.3853103" lon="9.779625">
        <ele>551.4</ele>
        <time>2022-07-24T14:04:58.119Z</time>
      </trkpt>
      <trkpt lat="47.3853368" lon="9.7796122">
        <ele>551.6</ele>
        <time>2022-07-24T14:05:03.119Z</time>
      </trkpt>
      <trkpt lat="47.3853602" lon="9.7796265">
        <ele>551.5</ele>
        <time>2022-07-24T14:05:08.119Z</time>
      </trkpt>
      <trkpt lat="47.3853885" lon="9.7796442">
        <ele>551.3</ele>
        <time>2022-07-24T14:05:13.119Z</time>
      </trkpt>
      <trkpt lat="47.385434" lon="9.7796647">
        <ele>551.8</ele>
        <time>2022-07-24T14:05:19.119Z</time>
      </trkpt>
      <trkpt lat="47.3854828" lon="9.7796769">
        <ele>551.8</ele>
        <time>2022-07-24T14:05:24.119Z</time>
      </trkpt>
      <trkpt lat="47.385527" lon="9.7796916">
        <ele>551.5</ele>
        <time>2022-07-24T14:05:30.119Z</time>
      </trkpt>
      <trkpt lat="47.3855674" lon="9.7796724">
        <ele>550.3</ele>
        <time>2022-07-24T14:05:35.119Z</time>
      </trkpt>
      <trkpt lat="47.3856035" lon="9.7796104">
        <ele>550.5</ele>
        <time>2022-07-24T14:05:41.119Z</time>
      </trkpt>
      <trkpt lat="47.385635" lon="9.7795665">
        <ele>550.9</ele>
        <time>2022-07-24T14:05:46.119Z</time>
      </trkpt>
      <trkpt lat="47.3856817" lon="9.7795449">
        <ele>551.1</ele>
        <time>2022-07-24T14:05:52.119Z</time>
      </trkpt>
      <trkpt lat="47.3857361" lon="9.7795426">
        <ele>551.2</ele>
        <time>2022-07-24T14:05:58.119Z</time>
      </trkpt>
      <trkpt lat="47.3858206" lon="9.7795151">
        <ele>550.2</ele>
        <time>2022-07-24T14:06:07.119Z</time>
      </trkpt>
      <trkpt lat="47.3858691" lon="9.779541">
        <ele>550.9</ele>
        <time>2022-07-24T14:06:12.119Z</time>
      </trkpt>
      <trkpt lat="47.3859068" lon="9.779572">
        <ele>550.9</ele>
        <time>2022-07-24T14:06:17.119Z</time>
      </trkpt>
      <trkpt lat="47.3859045" lon="9.7796007">
        <ele>549.8</ele>
        <time>2022-07-24T14:06:36.119Z</time>
      </trkpt>
      <trkpt lat="47.3858947" lon="9.7796248">
        <ele>550.5</ele>
        <time>2022-07-24T14:06:45.119Z</time>
      </trkpt>
      <trkpt lat="47.3858853" lon="9.7796475">
        <ele>550.5</ele>
        <time>2022-07-24T14:06:59.119Z</time>
      </trkpt>
      <trkpt lat="47.3859044" lon="9.7796477">
        <ele>549.5</ele>
        <time>2022-07-24T14:07:13.119Z</time>
      </trkpt>
      <trkpt lat="47.3859333" lon="9.7796343">
        <ele>549</ele>
        <time>2022-07-24T14:07:18.119Z</time>
      </trkpt>
      <trkpt lat="47.3859532" lon="9.7796222">
        <ele>548.2</ele>
        <time>2022-07-24T14:07:42.119Z</time>
      </trkpt>
      <trkpt lat="47.3859764" lon="9.7796367">
        <ele>547.7</ele>
        <time>2022-07-24T14:07:47.119Z</time>
      </trkpt>
      <trkpt lat="47.3860322" lon="9.7796519">
        <ele>547</ele>
        <time>2022-07-24T14:07:52.119Z</time>
      </trkpt>
      <trkpt lat="47.3861093" lon="9.7796615">
        <ele>546</ele>
        <time>2022-07-24T14:07:58.119Z</time>
      </trkpt>
      <trkpt lat="47.3861434" lon="9.7796796">
        <ele>545.5</ele>
        <time>2022-07-24T14:08:03.119Z</time>
      </trkpt>
      <trkpt lat="47.3861467" lon="9.7796249">
        <ele>545</ele>
        <time>2022-07-24T14:08:08.119Z</time>
      </trkpt>
      <trkpt lat="47.3861594" lon="9.7795932">
        <ele>543.9</ele>
        <time>2022-07-24T14:08:13.119Z</time>
      </trkpt>
      <trkpt lat="47.3861972" lon="9.779594">
        <ele>543.5</ele>
        <time>2022-07-24T14:08:19.119Z</time>
      </trkpt>
      <trkpt lat="47.3862249" lon="9.7795876">
        <ele>541.1</ele>
        <time>2022-07-24T14:08:24.119Z</time>
      </trkpt>
      <trkpt lat="47.3862495" lon="9.7795888">
        <ele>539.5</ele>
        <time>2022-07-24T14:08:30.119Z</time>
      </trkpt>
      <trkpt lat="47.386242" lon="9.7796182">
        <ele>539.1</ele>
        <time>2022-07-24T14:08:35.119Z</time>
      </trkpt>
      <trkpt lat="47.386217" lon="9.7796539">
        <ele>538.8</ele>
        <time>2022-07-24T14:08:41.119Z</time>
      </trkpt>
      <trkpt lat="47.3862284" lon="9.7796776">
        <ele>539.1</ele>
        <time>2022-07-24T14:08:50.119Z</time>
      </trkpt>
      <trkpt lat="47.3862631" lon="9.7797001">
        <ele>538.7</ele>
        <time>2022-07-24T14:08:55.119Z</time>
      </trkpt>
      <trkpt lat="47.3863025" lon="9.7796832">
        <ele>538.2</ele>
        <time>2022-07-24T14:09:01.119Z</time>
      </trkpt>
      <trkpt lat="47.3863241" lon="9.7796825">
        <ele>538.4</ele>
        <time>2022-07-24T14:09:07.119Z</time>
      </trkpt>
      <trkpt lat="47.3863766" lon="9.7796879">
        <ele>538.2</ele>
        <time>2022-07-24T14:09:13.119Z</time>
      </trkpt>
      <trkpt lat="47.3864562" lon="9.7796768">
        <ele>537.2</ele>
        <time>2022-07-24T14:09:19.119Z</time>
      </trkpt>
      <trkpt lat="47.3865188" lon="9.779703">
        <ele>537.6</ele>
        <time>2022-07-24T14:09:24.119Z</time>
      </trkpt>
      <trkpt lat="47.38659" lon="9.7797474">
        <ele>537.4</ele>
        <time>2022-07-24T14:09:29.119Z</time>
      </trkpt>
      <trkpt lat="47.3866391" lon="9.7798011">
        <ele>537.6</ele>
        <time>2022-07-24T14:09:34.119Z</time>
      </trkpt>
      <trkpt lat="47.386682" lon="9.7798582">
        <ele>537.5</ele>
        <time>2022-07-24T14:09:40.119Z</time>
      </trkpt>
      <trkpt lat="47.3867323" lon="9.779932">
        <ele>538</ele>
        <time>2022-07-24T14:09:45.119Z</time>
      </trkpt>
      <trkpt lat="47.3867657" lon="9.7800082">
        <ele>536.8</ele>
        <time>2022-07-24T14:09:51.119Z</time>
      </trkpt>
      <trkpt lat="47.3867953" lon="9.7800681">
        <ele>536.7</ele>
        <time>2022-07-24T14:09:56.119Z</time>
      </trkpt>
      <trkpt lat="47.3868092" lon="9.7800446">
        <ele>536.8</ele>
        <time>2022-07-24T14:10:02.119Z</time>
      </trkpt>
      <trkpt lat="47.38683" lon="9.7800586">
        <ele>536.9</ele>
        <time>2022-07-24T14:10:08.119Z</time>
      </trkpt>
      <trkpt lat="47.3868468" lon="9.7800346">
        <ele>536.9</ele>
        <time>2022-07-24T14:10:13.119Z</time>
      </trkpt>
      <trkpt lat="47.3868706" lon="9.7800365">
        <ele>536</ele>
        <time>2022-07-24T14:10:18.119Z</time>
      </trkpt>
      <trkpt lat="47.3869216" lon="9.7800568">
        <ele>536.6</ele>
        <time>2022-07-24T14:10:23.119Z</time>
      </trkpt>
      <trkpt lat="47.3869644" lon="9.7800821">
        <ele>537</ele>
        <time>2022-07-24T14:10:29.119Z</time>
      </trkpt>
      <trkpt lat="47.3870024" lon="9.7801107">
        <ele>535.4</ele>
        <time>2022-07-24T14:10:35.119Z</time>
      </trkpt>
      <trkpt lat="47.386994" lon="9.7801358">
        <ele>530.2</ele>
        <time>2022-07-24T14:10:43.119Z</time>
      </trkpt>
      <trkpt lat="47.3869873" lon="9.7801605">
        <ele>535.6</ele>
        <time>2022-07-24T14:10:51.119Z</time>
      </trkpt>
      <trkpt lat="47.3869939" lon="9.7801869">
        <ele>536.7</ele>
        <time>2022-07-24T14:11:01.119Z</time>
      </trkpt>
      <trkpt lat="47.3870137" lon="9.7802066">
        <ele>534.7</ele>
        <time>2022-07-24T14:11:10.119Z</time>
      </trkpt>
      <trkpt lat="47.3870106" lon="9.7802902">
        <ele>535.3</ele>
        <time>2022-07-24T14:11:16.119Z</time>
      </trkpt>
      <trkpt lat="47.3870317" lon="9.780292">
        <ele>536</ele>
        <time>2022-07-24T14:11:21.119Z</time>
      </trkpt>
      <trkpt lat="47.3870571" lon="9.7803053">
        <ele>536</ele>
        <time>2022-07-24T14:11:28.119Z</time>
      </trkpt>
      <trkpt lat="47.3871053" lon="9.7802929">
        <ele>535.5</ele>
        <time>2022-07-24T14:11:33.119Z</time>
      </trkpt>
      <trkpt lat="47.3871547" lon="9.7802729">
        <ele>532.8</ele>
        <time>2022-07-24T14:11:39.119Z</time>
      </trkpt>
      <trkpt lat="47.3871968" lon="9.7802711">
        <ele>533.2</ele>
        <time>2022-07-24T14:11:44.119Z</time>
      </trkpt>
      <trkpt lat="47.3872175" lon="9.7802537">
        <ele>534.7</ele>
        <time>2022-07-24T14:11:49.119Z</time>
      </trkpt>
      <trkpt lat="47.3872516" lon="9.7802306">
        <ele>535.3</ele>
        <time>2022-07-24T14:11:55.119Z</time>
      </trkpt>
      <trkpt lat="47.3872904" lon="9.7802235">
        <ele>535.7</ele>
        <time>2022-07-24T14:12:00.119Z</time>
      </trkpt>
      <trkpt lat="47.3873435" lon="9.78021">
        <ele>533.4</ele>
        <time>2022-07-24T14:12:05.119Z</time>
      </trkpt>
      <trkpt lat="47.3874012" lon="9.7801978">
        <ele>528.9</ele>
        <time>2022-07-24T14:12:11.119Z</time>
      </trkpt>
      <trkpt lat="47.3874519" lon="9.7801883">
        <ele>528.5</ele>
        <time>2022-07-24T14:12:16.119Z</time>
      </trkpt>
      <trkpt lat="47.3874996" lon="9.7801699">
        <ele>535.3</ele>
        <time>2022-07-24T14:12:22.119Z</time>
      </trkpt>
      <trkpt lat="47.3875535" lon="9.7801393">
        <ele>533.6</ele>
        <time>2022-07-24T14:12:28.119Z</time>
      </trkpt>
      <trkpt lat="47.3875866" lon="9.7801027">
        <ele>533.5</ele>
        <time>2022-07-24T14:12:33.119Z</time>
      </trkpt>
      <trkpt lat="47.3876423" lon="9.7800498">
        <ele>528.5</ele>
        <time>2022-07-24T14:12:39.119Z</time>
      </trkpt>
      <trkpt lat="47.3876722" lon="9.7799951">
        <ele>532.8</ele>
        <time>2022-07-24T14:12:44.119Z</time>
      </trkpt>
      <trkpt lat="47.3877121" lon="9.7799717">
        <ele>530.9</ele>
        <time>2022-07-24T14:12:50.119Z</time>
      </trkpt>
      <trkpt lat="47.3877528" lon="9.7799895">
        <ele>528.2</ele>
        <time>2022-07-24T14:12:55.119Z</time>
      </trkpt>
      <trkpt lat="47.3877485" lon="9.7800157">
        <ele>527</ele>
        <time>2022-07-24T14:13:03.119Z</time>
      </trkpt>
      <trkpt lat="47.3877745" lon="9.78006">
        <ele>523.2</ele>
        <time>2022-07-24T14:13:08.119Z</time>
      </trkpt>
      <trkpt lat="47.3878235" lon="9.7800812">
        <ele>526.8</ele>
        <time>2022-07-24T14:13:13.119Z</time>
      </trkpt>
      <trkpt lat="47.3878896" lon="9.7800242">
        <ele>526.8</ele>
        <time>2022-07-24T14:13:18.119Z</time>
      </trkpt>
      <trkpt lat="47.3879201" lon="9.7799846">
        <ele>526.8</ele>
        <time>2022-07-24T14:13:24.119Z</time>
      </trkpt>
      <trkpt lat="47.3879332" lon="9.7800038">
        <ele>526.8</ele>
        <time>2022-07-24T14:13:46.119Z</time>
      </trkpt>
      <trkpt lat="47.3879359" lon="9.7800333">
        <ele>524.4</ele>
        <time>2022-07-24T14:13:54.119Z</time>
      </trkpt>
      <trkpt lat="47.3880366" lon="9.7801345">
        <ele>522.1</ele>
        <time>2022-07-24T14:14:04.119Z</time>
      </trkpt>
      <trkpt lat="47.3880721" lon="9.7802289">
        <ele>531.7</ele>
        <time>2022-07-24T14:14:10.119Z</time>
      </trkpt>
      <trkpt lat="47.3881155" lon="9.7802533">
        <ele>526.8</ele>
        <time>2022-07-24T14:14:15.119Z</time>
      </trkpt>
      <trkpt lat="47.3881232" lon="9.7802093">
        <ele>525.3</ele>
        <time>2022-07-24T14:14:20.119Z</time>
      </trkpt>
      <trkpt lat="47.388143" lon="9.7802146">
        <ele>523.4</ele>
        <time>2022-07-24T14:14:27.119Z</time>
      </trkpt>
      <trkpt lat="47.3882163" lon="9.7802454">
        <ele>525.3</ele>
        <time>2022-07-24T14:14:33.119Z</time>
      </trkpt>
      <trkpt lat="47.3882816" lon="9.7802404">
        <ele>531.3</ele>
        <time>2022-07-24T14:14:38.119Z</time>
      </trkpt>
      <trkpt lat="47.3883328" lon="9.7802432">
        <ele>525.3</ele>
        <time>2022-07-24T14:14:44.119Z</time>
      </trkpt>
      <trkpt lat="47.388373" lon="9.7802408">
        <ele>525.3</ele>
        <time>2022-07-24T14:14:49.119Z</time>
      </trkpt>
      <trkpt lat="47.388403" lon="9.7802139">
        <ele>523.5</ele>
        <time>2022-07-24T14:14:54.119Z</time>
      </trkpt>
      <trkpt lat="47.3884446" lon="9.7801858">
        <ele>528.6</ele>
        <time>2022-07-24T14:15:00.119Z</time>
      </trkpt>
      <trkpt lat="47.3884977" lon="9.7801478">
        <ele>525.3</ele>
        <time>2022-07-24T14:15:06.119Z</time>
      </trkpt>
      <trkpt lat="47.3885385" lon="9.7801248">
        <ele>530.6</ele>
        <time>2022-07-24T14:15:11.119Z</time>
      </trkpt>
      <trkpt lat="47.388576" lon="9.7800812">
        <ele>525.3</ele>
        <time>2022-07-24T14:15:16.119Z</time>
      </trkpt>
      <trkpt lat="47.3885669" lon="9.780007">
        <ele>525.3</ele>
        <time>2022-07-24T14:15:21.119Z</time>
      </trkpt>
      <trkpt lat="47.3885327" lon="9.7800141">
        <ele>525.3</ele>
        <time>2022-07-24T14:15:27.119Z</time>
      </trkpt>
      <trkpt lat="47.3885163" lon="9.7800819">
        <ele>528</ele>
        <time>2022-07-24T14:15:32.119Z</time>
      </trkpt>
      <trkpt lat="47.3884984" lon="9.7800582">
        <ele>528.2</ele>
        <time>2022-07-24T14:15:37.119Z</time>
      </trkpt>
      <trkpt lat="47.3884663" lon="9.7800211">
        <ele>525.3</ele>
        <time>2022-07-24T14:15:43.119Z</time>
      </trkpt>
      <trkpt lat="47.3884777" lon="9.7801093">
        <ele>521.6</ele>
        <time>2022-07-24T14:15:48.119Z</time>
      </trkpt>
      <trkpt lat="47.3884732" lon="9.780175">
        <ele>525.3</ele>
        <time>2022-07-24T14:15:54.119Z</time>
      </trkpt>
      <trkpt lat="47.3884272" lon="9.7801146">
        <ele>525.3</ele>
        <time>2022-07-24T14:16:00.119Z</time>
      </trkpt>
      <trkpt lat="47.3884307" lon="9.7800439">
        <ele>525.3</ele>
        <time>2022-07-24T14:16:05.119Z</time>
      </trkpt>
      <trkpt lat="47.3884025" lon="9.7799759">
        <ele>521.2</ele>
        <time>2022-07-24T14:16:10.119Z</time>
      </trkpt>
      <trkpt lat="47.3883772" lon="9.7799238">
        <ele>522.2</ele>
        <time>2022-07-24T14:16:16.119Z</time>
      </trkpt>
      <trkpt lat="47.388386" lon="9.7798519">
        <ele>522.6</ele>
        <time>2022-07-24T14:16:21.119Z</time>
      </trkpt>
      <trkpt lat="47.3883932" lon="9.7797882">
        <ele>521.8</ele>
        <time>2022-07-24T14:16:27.119Z</time>
      </trkpt>
      <trkpt lat="47.3884003" lon="9.7796997">
        <ele>520.5</ele>
        <time>2022-07-24T14:16:32.119Z</time>
      </trkpt>
      <trkpt lat="47.3883936" lon="9.7796421">
        <ele>519.7</ele>
        <time>2022-07-24T14:16:37.119Z</time>
      </trkpt>
      <trkpt lat="47.3883682" lon="9.779624">
        <ele>519.3</ele>
        <time>2022-07-24T14:16:43.119Z</time>
      </trkpt>
      <trkpt lat="47.388383" lon="9.7796425">
        <ele>520.7</ele>
        <time>2022-07-24T14:16:49.119Z</time>
      </trkpt>
      <trkpt lat="47.3884054" lon="9.77965">
        <ele>518.6</ele>
        <time>2022-07-24T14:16:55.119Z</time>
      </trkpt>
      <trkpt lat="47.3884248" lon="9.7796509">
        <ele>521.1</ele>
        <time>2022-07-24T14:17:08.119Z</time>
      </trkpt>
      <trkpt lat="47.388456" lon="9.779652">
        <ele>520.6</ele>
        <time>2022-07-24T14:17:14.119Z</time>
      </trkpt>
      <trkpt lat="47.388476" lon="9.7796518">
        <ele>519.6</ele>
        <time>2022-07-24T14:17:19.119Z</time>
      </trkpt>
      <trkpt lat="47.3884676" lon="9.779683">
        <ele>518</ele>
        <time>2022-07-24T14:17:52.119Z</time>
      </trkpt>
      <trkpt lat="47.3884541" lon="9.7797026">
        <ele>522.2</ele>
        <time>2022-07-24T14:17:59.119Z</time>
      </trkpt>
      <trkpt lat="47.3884583" lon="9.779675">
        <ele>522</ele>
        <time>2022-07-24T14:18:07.119Z</time>
      </trkpt>
      <trkpt lat="47.3884288" lon="9.7796717">
        <ele>520.4</ele>
        <time>2022-07-24T14:18:12.119Z</time>
      </trkpt>
      <trkpt lat="47.3884288" lon="9.7796441">
        <ele>520.1</ele>
        <time>2022-07-24T14:18:36.119Z</time>
      </trkpt>
      <trkpt lat="47.3884467" lon="9.7796276">
        <ele>519.1</ele>
        <time>2022-07-24T14:18:44.119Z</time>
      </trkpt>
      <trkpt lat="47.388429" lon="9.7795929">
        <ele>514.7</ele>
        <time>2022-07-24T14:26:21.119Z</time>
      </trkpt>
      <trkpt lat="47.3883623" lon="9.7795951">
        <ele>516.5</ele>
        <time>2022-07-24T14:26:26.119Z</time>
      </trkpt>
      <trkpt lat="47.3883851" lon="9.7796465">
        <ele>515.2</ele>
        <time>2022-07-24T14:26:32.119Z</time>
      </trkpt>
      <trkpt lat="47.388399" lon="9.7796642">
        <ele>516.3</ele>
        <time>2022-07-24T14:26:37.119Z</time>
      </trkpt>
      <trkpt lat="47.3884234" lon="9.7796248">
        <ele>515.2</ele>
        <time>2022-07-24T14:26:43.119Z</time>
      </trkpt>
      <trkpt lat="47.3884274" lon="9.7796554">
        <ele>516.6</ele>
        <time>2022-07-24T14:26:55.119Z</time>
      </trkpt>
      <trkpt lat="47.3884107" lon="9.7796701">
        <ele>515.2</ele>
        <time>2022-07-24T14:27:49.119Z</time>
      </trkpt>
      <trkpt lat="47.3883927" lon="9.779663">
        <ele>514.7</ele>
        <time>2022-07-24T14:29:10.119Z</time>
      </trkpt>
      <trkpt lat="47.3884155" lon="9.7796522">
        <ele>514.3</ele>
        <time>2022-07-24T14:32:57.119Z</time>
      </trkpt>
      <trkpt lat="47.3884421" lon="9.7796767">
        <ele>514.8</ele>
        <time>2022-07-24T14:33:02.119Z</time>
      </trkpt>
      <trkpt lat="47.3884274" lon="9.7796962">
        <ele>514.5</ele>
        <time>2022-07-24T14:33:11.119Z</time>
      </trkpt>
      <trkpt lat="47.3884468" lon="9.7796985">
        <ele>514</ele>
        <time>2022-07-24T14:33:35.119Z</time>
      </trkpt>
      <trkpt lat="47.388431" lon="9.7796794">
        <ele>514.8</ele>
        <time>2022-07-24T14:34:27.119Z</time>
      </trkpt>
      <trkpt lat="47.3884331" lon="9.779652">
        <ele>514.3</ele>
        <time>2022-07-24T14:34:43.119Z</time>
      </trkpt>
      <trkpt lat="47.3884185" lon="9.7796362">
        <ele>514.5</ele>
        <time>2022-07-24T14:34:54.119Z</time>
      </trkpt>
      <trkpt lat="47.3884076" lon="9.7796145">
        <ele>514.3</ele>
        <time>2022-07-24T14:35:26.119Z</time>
      </trkpt>
      <trkpt lat="47.3884012" lon="9.7795892">
        <ele>514.9</ele>
        <time>2022-07-24T14:36:42.119Z</time>
      </trkpt>
      <trkpt lat="47.3884167" lon="9.7796056">
        <ele>514.7</ele>
        <time>2022-07-24T14:37:16.119Z</time>
      </trkpt>
      <trkpt lat="47.3883988" lon="9.7796094">
        <ele>514.8</ele>
        <time>2022-07-24T14:39:09.119Z</time>
      </trkpt>
      <trkpt lat="47.3884174" lon="9.7796166">
        <ele>514.7</ele>
        <time>2022-07-24T14:40:04.119Z</time>
      </trkpt>
      <trkpt lat="47.3884344" lon="9.7796258">
        <ele>514.5</ele>
        <time>2022-07-24T14:40:10.119Z</time>
      </trkpt>
      <trkpt lat="47.3884586" lon="9.7796086">
        <ele>514.5</ele>
        <time>2022-07-24T14:40:21.119Z</time>
      </trkpt>
      <trkpt lat="47.3884767" lon="9.779624">
        <ele>515</ele>
        <time>2022-07-24T14:41:08.119Z</time>
      </trkpt>
      <trkpt lat="47.3884695" lon="9.7796484">
        <ele>515.1</ele>
        <time>2022-07-24T14:41:43.119Z</time>
      </trkpt>
      <trkpt lat="47.3884604" lon="9.7796719">
        <ele>515.6</ele>
        <time>2022-07-24T14:43:12.119Z</time>
      </trkpt>
      <trkpt lat="47.38848" lon="9.779658">
        <ele>515.6</ele>
        <time>2022-07-24T14:43:27.119Z</time>
      </trkpt>
      <trkpt lat="47.3884665" lon="9.7796783">
        <ele>515.5</ele>
        <time>2022-07-24T14:43:34.119Z</time>
      </trkpt>
      <trkpt lat="47.3884494" lon="9.7796689">
        <ele>515.2</ele>
        <time>2022-07-24T14:44:37.119Z</time>
      </trkpt>
      <trkpt lat="47.388431" lon="9.7796771">
        <ele>515.5</ele>
        <time>2022-07-24T14:47:11.119Z</time>
      </trkpt>
      <trkpt lat="47.3884111" lon="9.7796792">
        <ele>515.6</ele>
        <time>2022-07-24T14:50:15.119Z</time>
      </trkpt>
      <trkpt lat="47.3884026" lon="9.7796544">
        <ele>515.6</ele>
        <time>2022-07-24T14:51:51.119Z</time>
      </trkpt>
      <trkpt lat="47.3884066" lon="9.7796806">
        <ele>515.6</ele>
        <time>2022-07-24T14:52:31.119Z</time>
      </trkpt>
      <trkpt lat="47.3884092" lon="9.7796527">
        <ele>515.5</ele>
        <time>2022-07-24T14:53:53.119Z</time>
      </trkpt>
      <trkpt lat="47.3884293" lon="9.7795796">
        <ele>515.5</ele>
        <time>2022-07-24T14:53:58.119Z</time>
      </trkpt>
      <trkpt lat="47.3884483" lon="9.7795685">
        <ele>515.6</ele>
        <time>2022-07-24T14:54:21.119Z</time>
      </trkpt>
      <trkpt lat="47.3884563" lon="9.779511">
        <ele>515.7</ele>
        <time>2022-07-24T14:54:26.119Z</time>
      </trkpt>
      <trkpt lat="47.3884707" lon="9.7794489">
        <ele>515.6</ele>
        <time>2022-07-24T14:54:31.119Z</time>
      </trkpt>
      <trkpt lat="47.3884951" lon="9.7794062">
        <ele>515.3</ele>
        <time>2022-07-24T14:54:37.119Z</time>
      </trkpt>
      <trkpt lat="47.3885327" lon="9.7793844">
        <ele>514.9</ele>
        <time>2022-07-24T14:54:42.119Z</time>
      </trkpt>
      <trkpt lat="47.3885679" lon="9.7793531">
        <ele>514.7</ele>
        <time>2022-07-24T14:54:48.119Z</time>
      </trkpt>
      <trkpt lat="47.3886154" lon="9.7793306">
        <ele>514.1</ele>
        <time>2022-07-24T14:54:53.119Z</time>
      </trkpt>
      <trkpt lat="47.3886512" lon="9.779275">
        <ele>514.1</ele>
        <time>2022-07-24T14:54:58.119Z</time>
      </trkpt>
      <trkpt lat="47.3886763" lon="9.7791951">
        <ele>513.6</ele>
        <time>2022-07-24T14:55:03.119Z</time>
      </trkpt>
      <trkpt lat="47.3887156" lon="9.7791813">
        <ele>515</ele>
        <time>2022-07-24T14:55:08.119Z</time>
      </trkpt>
      <trkpt lat="47.3887437" lon="9.7791711">
        <ele>515.8</ele>
        <time>2022-07-24T14:55:13.119Z</time>
      </trkpt>
      <trkpt lat="47.3887368" lon="9.7791417">
        <ele>515.4</ele>
        <time>2022-07-24T14:55:21.119Z</time>
      </trkpt>
      <trkpt lat="47.3887442" lon="9.7790965">
        <ele>513.5</ele>
        <time>2022-07-24T14:55:27.119Z</time>
      </trkpt>
      <trkpt lat="47.3887443" lon="9.7790571">
        <ele>513.1</ele>
        <time>2022-07-24T14:55:32.119Z</time>
      </trkpt>
      <trkpt lat="47.3887615" lon="9.7790652">
        <ele>512.6</ele>
        <time>2022-07-24T14:55:53.119Z</time>
      </trkpt>
      <trkpt lat="47.3887645" lon="9.7790342">
        <ele>512.8</ele>
        <time>2022-07-24T14:55:58.119Z</time>
      </trkpt>
      <trkpt lat="47.3887833" lon="9.7790424">
        <ele>513.1</ele>
        <time>2022-07-24T14:56:26.119Z</time>
      </trkpt>
      <trkpt lat="47.3887955" lon="9.7789628">
        <ele>512.9</ele>
        <time>2022-07-24T14:56:31.119Z</time>
      </trkpt>
      <trkpt lat="47.3888057" lon="9.7788786">
        <ele>512.9</ele>
        <time>2022-07-24T14:56:37.119Z</time>
      </trkpt>
      <trkpt lat="47.3888358" lon="9.7788241">
        <ele>512.2</ele>
        <time>2022-07-24T14:56:42.119Z</time>
      </trkpt>
      <trkpt lat="47.3888622" lon="9.7787661">
        <ele>512.5</ele>
        <time>2022-07-24T14:56:48.119Z</time>
      </trkpt>
      <trkpt lat="47.3888652" lon="9.7787976">
        <ele>512.3</ele>
        <time>2022-07-24T14:56:54.119Z</time>
      </trkpt>
      <trkpt lat="47.3888761" lon="9.7788189">
        <ele>512.6</ele>
        <time>2022-07-24T14:56:59.119Z</time>
      </trkpt>
      <trkpt lat="47.3888931" lon="9.7788081">
        <ele>512.6</ele>
        <time>2022-07-24T14:57:05.119Z</time>
      </trkpt>
      <trkpt lat="47.3889033" lon="9.7787781">
        <ele>512.8</ele>
        <time>2022-07-24T14:57:15.119Z</time>
      </trkpt>
      <trkpt lat="47.3889196" lon="9.7786603">
        <ele>512.6</ele>
        <time>2022-07-24T14:57:20.119Z</time>
      </trkpt>
      <trkpt lat="47.3889308" lon="9.7785724">
        <ele>512.5</ele>
        <time>2022-07-24T14:57:25.119Z</time>
      </trkpt>
      <trkpt lat="47.3889471" lon="9.7785049">
        <ele>512.5</ele>
        <time>2022-07-24T14:57:30.119Z</time>
      </trkpt>
      <trkpt lat="47.3889774" lon="9.7784434">
        <ele>512.3</ele>
        <time>2022-07-24T14:57:36.119Z</time>
      </trkpt>
      <trkpt lat="47.3889851" lon="9.7783842">
        <ele>512.3</ele>
        <time>2022-07-24T14:57:42.119Z</time>
      </trkpt>
      <trkpt lat="47.389012" lon="9.7783265">
        <ele>512.2</ele>
        <time>2022-07-24T14:57:47.119Z</time>
      </trkpt>
      <trkpt lat="47.389067" lon="9.7782586">
        <ele>512.1</ele>
        <time>2022-07-24T14:57:52.119Z</time>
      </trkpt>
      <trkpt lat="47.3891258" lon="9.7782013">
        <ele>512.1</ele>
        <time>2022-07-24T14:57:58.119Z</time>
      </trkpt>
      <trkpt lat="47.3891918" lon="9.7781597">
        <ele>512.1</ele>
        <time>2022-07-24T14:58:03.119Z</time>
      </trkpt>
      <trkpt lat="47.3892631" lon="9.7781417">
        <ele>512.1</ele>
        <time>2022-07-24T14:58:08.119Z</time>
      </trkpt>
      <trkpt lat="47.389337" lon="9.7781422">
        <ele>512.1</ele>
        <time>2022-07-24T14:58:14.119Z</time>
      </trkpt>
      <trkpt lat="47.3894023" lon="9.7781522">
        <ele>512.1</ele>
        <time>2022-07-24T14:58:19.119Z</time>
      </trkpt>
      <trkpt lat="47.3894672" lon="9.7781355">
        <ele>512.1</ele>
        <time>2022-07-24T14:58:24.119Z</time>
      </trkpt>
      <trkpt lat="47.3895348" lon="9.7781015">
        <ele>511.4</ele>
        <time>2022-07-24T14:58:30.119Z</time>
      </trkpt>
      <trkpt lat="47.3895938" lon="9.7780328">
        <ele>511</ele>
        <time>2022-07-24T14:58:35.119Z</time>
      </trkpt>
      <trkpt lat="47.3896454" lon="9.7779654">
        <ele>511</ele>
        <time>2022-07-24T14:58:41.119Z</time>
      </trkpt>
      <trkpt lat="47.3897045" lon="9.7778843">
        <ele>511</ele>
        <time>2022-07-24T14:58:47.119Z</time>
      </trkpt>
      <trkpt lat="47.3897586" lon="9.7778256">
        <ele>511</ele>
        <time>2022-07-24T14:58:52.119Z</time>
      </trkpt>
      <trkpt lat="47.3897848" lon="9.7777683">
        <ele>511</ele>
        <time>2022-07-24T14:58:58.119Z</time>
      </trkpt>
      <trkpt lat="47.3897714" lon="9.7776972">
        <ele>511.4</ele>
        <time>2022-07-24T14:59:03.119Z</time>
      </trkpt>
      <trkpt lat="47.3897502" lon="9.7776266">
        <ele>511.4</ele>
        <time>2022-07-24T14:59:08.119Z</time>
      </trkpt>
      <trkpt lat="47.3897399" lon="9.77755">
        <ele>511</ele>
        <time>2022-07-24T14:59:13.119Z</time>
      </trkpt>
      <trkpt lat="47.3897851" lon="9.7775186">
        <ele>511</ele>
        <time>2022-07-24T14:59:19.119Z</time>
      </trkpt>
      <trkpt lat="47.3898286" lon="9.7775915">
        <ele>511</ele>
        <time>2022-07-24T14:59:24.119Z</time>
      </trkpt>
      <trkpt lat="47.3898568" lon="9.7776071">
        <ele>511</ele>
        <time>2022-07-24T14:59:29.119Z</time>
      </trkpt>
      <trkpt lat="47.3898884" lon="9.7776435">
        <ele>510.9</ele>
        <time>2022-07-24T14:59:35.119Z</time>
      </trkpt>
      <trkpt lat="47.3898938" lon="9.7776163">
        <ele>510.9</ele>
        <time>2022-07-24T14:59:40.119Z</time>
      </trkpt>
      <trkpt lat="47.3899054" lon="9.7775947">
        <ele>511</ele>
        <time>2022-07-24T14:59:51.119Z</time>
      </trkpt>
      <trkpt lat="47.3898933" lon="9.7775706">
        <ele>511</ele>
        <time>2022-07-24T14:59:59.119Z</time>
      </trkpt>
      <trkpt lat="47.3898921" lon="9.7775076">
        <ele>511</ele>
        <time>2022-07-24T15:00:05.119Z</time>
      </trkpt>
      <trkpt lat="47.3899175" lon="9.7773909">
        <ele>511</ele>
        <time>2022-07-24T15:00:10.119Z</time>
      </trkpt>
      <trkpt lat="47.3899662" lon="9.7773126">
        <ele>511</ele>
        <time>2022-07-24T15:00:16.119Z</time>
      </trkpt>
      <trkpt lat="47.3900264" lon="9.7772362">
        <ele>510.9</ele>
        <time>2022-07-24T15:00:21.119Z</time>
      </trkpt>
      <trkpt lat="47.3900816" lon="9.777203">
        <ele>510.9</ele>
        <time>2022-07-24T15:00:27.119Z</time>
      </trkpt>
      <trkpt lat="47.390142" lon="9.7771852">
        <ele>510.9</ele>
        <time>2022-07-24T15:00:32.119Z</time>
      </trkpt>
      <trkpt lat="47.3901913" lon="9.7771362">
        <ele>510.9</ele>
        <time>2022-07-24T15:00:37.119Z</time>
      </trkpt>
      <trkpt lat="47.3902327" lon="9.777076">
        <ele>510.9</ele>
        <time>2022-07-24T15:00:43.119Z</time>
      </trkpt>
      <trkpt lat="47.3902746" lon="9.7770237">
        <ele>511.5</ele>
        <time>2022-07-24T15:00:48.119Z</time>
      </trkpt>
      <trkpt lat="47.3903145" lon="9.7769626">
        <ele>511.2</ele>
        <time>2022-07-24T15:00:53.119Z</time>
      </trkpt>
      <trkpt lat="47.390351" lon="9.7769012">
        <ele>510.9</ele>
        <time>2022-07-24T15:00:59.119Z</time>
      </trkpt>
      <trkpt lat="47.3903946" lon="9.7768745">
        <ele>510.9</ele>
        <time>2022-07-24T15:01:04.119Z</time>
      </trkpt>
      <trkpt lat="47.3904324" lon="9.7768206">
        <ele>510.9</ele>
        <time>2022-07-24T15:01:10.119Z</time>
      </trkpt>
      <trkpt lat="47.3904635" lon="9.776778">
        <ele>510.5</ele>
        <time>2022-07-24T15:01:15.119Z</time>
      </trkpt>
      <trkpt lat="47.3905165" lon="9.7767314">
        <ele>510.9</ele>
        <time>2022-07-24T15:01:20.119Z</time>
      </trkpt>
      <trkpt lat="47.3905859" lon="9.7767545">
        <ele>510.9</ele>
        <time>2022-07-24T15:01:25.119Z</time>
      </trkpt>
      <trkpt lat="47.3906565" lon="9.7767687">
        <ele>511.5</ele>
        <time>2022-07-24T15:01:31.119Z</time>
      </trkpt>
      <trkpt lat="47.390724" lon="9.7767561">
        <ele>510.9</ele>
        <time>2022-07-24T15:01:36.119Z</time>
      </trkpt>
      <trkpt lat="47.3907903" lon="9.7767242">
        <ele>509.1</ele>
        <time>2022-07-24T15:01:42.119Z</time>
      </trkpt>
      <trkpt lat="47.3908459" lon="9.7766978">
        <ele>509.1</ele>
        <time>2022-07-24T15:01:47.119Z</time>
      </trkpt>
      <trkpt lat="47.3908864" lon="9.7766281">
        <ele>509.1</ele>
        <time>2022-07-24T15:01:53.119Z</time>
      </trkpt>
      <trkpt lat="47.3909159" lon="9.7765325">
        <ele>508.7</ele>
        <time>2022-07-24T15:01:58.119Z</time>
      </trkpt>
      <trkpt lat="47.3909648" lon="9.7764471">
        <ele>508.7</ele>
        <time>2022-07-24T15:02:05.119Z</time>
      </trkpt>
      <trkpt lat="47.3910054" lon="9.7763724">
        <ele>508.7</ele>
        <time>2022-07-24T15:02:11.119Z</time>
      </trkpt>
      <trkpt lat="47.3909855" lon="9.7763059">
        <ele>509.1</ele>
        <time>2022-07-24T15:02:16.119Z</time>
      </trkpt>
      <trkpt lat="47.3910257" lon="9.7762495">
        <ele>509.1</ele>
        <time>2022-07-24T15:02:22.119Z</time>
      </trkpt>
      <trkpt lat="47.3910713" lon="9.7762172">
        <ele>509.1</ele>
        <time>2022-07-24T15:02:28.119Z</time>
      </trkpt>
      <trkpt lat="47.3910818" lon="9.7762516">
        <ele>508.7</ele>
        <time>2022-07-24T15:02:33.119Z</time>
      </trkpt>
      <trkpt lat="47.3910678" lon="9.7762709">
        <ele>509.1</ele>
        <time>2022-07-24T15:02:39.119Z</time>
      </trkpt>
      <trkpt lat="47.391041" lon="9.7763247">
        <ele>508.7</ele>
        <time>2022-07-24T15:02:44.119Z</time>
      </trkpt>
      <trkpt lat="47.3910267" lon="9.7763681">
        <ele>509.1</ele>
        <time>2022-07-24T15:02:50.119Z</time>
      </trkpt>
      <trkpt lat="47.3910427" lon="9.7763474">
        <ele>508.7</ele>
        <time>2022-07-24T15:02:59.119Z</time>
      </trkpt>
      <trkpt lat="47.391069" lon="9.7762871">
        <ele>509.1</ele>
        <time>2022-07-24T15:03:04.119Z</time>
      </trkpt>
      <trkpt lat="47.3910889" lon="9.7762165">
        <ele>509.1</ele>
        <time>2022-07-24T15:03:09.119Z</time>
      </trkpt>
      <trkpt lat="47.3911211" lon="9.7761449">
        <ele>508.7</ele>
        <time>2022-07-24T15:03:15.119Z</time>
      </trkpt>
      <trkpt lat="47.3911603" lon="9.7760595">
        <ele>509.1</ele>
        <time>2022-07-24T15:03:21.119Z</time>
      </trkpt>
      <trkpt lat="47.3911852" lon="9.7759797">
        <ele>507.1</ele>
        <time>2022-07-24T15:03:26.119Z</time>
      </trkpt>
      <trkpt lat="47.3912163" lon="9.7759113">
        <ele>509.1</ele>
        <time>2022-07-24T15:03:32.119Z</time>
      </trkpt>
      <trkpt lat="47.3912495" lon="9.7758333">
        <ele>507.1</ele>
        <time>2022-07-24T15:03:38.119Z</time>
      </trkpt>
      <trkpt lat="47.3912787" lon="9.7757548">
        <ele>508.7</ele>
        <time>2022-07-24T15:03:44.119Z</time>
      </trkpt>
      <trkpt lat="47.3913058" lon="9.7756931">
        <ele>509.1</ele>
        <time>2022-07-24T15:03:49.119Z</time>
      </trkpt>
      <trkpt lat="47.391328" lon="9.7756076">
        <ele>507.1</ele>
        <time>2022-07-24T15:03:55.119Z</time>
      </trkpt>
      <trkpt lat="47.3913545" lon="9.7755469">
        <ele>509.1</ele>
        <time>2022-07-24T15:04:00.119Z</time>
      </trkpt>
      <trkpt lat="47.3913756" lon="9.7754598">
        <ele>507.1</ele>
        <time>2022-07-24T15:04:06.119Z</time>
      </trkpt>
      <trkpt lat="47.3913567" lon="9.7753705">
        <ele>508.7</ele>
        <time>2022-07-24T15:04:12.119Z</time>
      </trkpt>
      <trkpt lat="47.3913139" lon="9.7753266">
        <ele>507.1</ele>
        <time>2022-07-24T15:04:17.119Z</time>
      </trkpt>
      <trkpt lat="47.3913063" lon="9.7752826">
        <ele>507.1</ele>
        <time>2022-07-24T15:04:22.119Z</time>
      </trkpt>
      <trkpt lat="47.3913224" lon="9.775268">
        <ele>507.1</ele>
        <time>2022-07-24T15:04:40.119Z</time>
      </trkpt>
      <trkpt lat="47.3913359" lon="9.7751877">
        <ele>507.1</ele>
        <time>2022-07-24T15:04:45.119Z</time>
      </trkpt>
      <trkpt lat="47.3913634" lon="9.7750849">
        <ele>507.1</ele>
        <time>2022-07-24T15:04:50.119Z</time>
      </trkpt>
      <trkpt lat="47.3913995" lon="9.7750567">
        <ele>507.1</ele>
        <time>2022-07-24T15:04:55.119Z</time>
      </trkpt>
      <trkpt lat="47.3914368" lon="9.7749809">
        <ele>507.1</ele>
        <time>2022-07-24T15:05:01.119Z</time>
      </trkpt>
      <trkpt lat="47.3914188" lon="9.7748671">
        <ele>507.1</ele>
        <time>2022-07-24T15:05:07.119Z</time>
      </trkpt>
      <trkpt lat="47.3914209" lon="9.7747653">
        <ele>507.1</ele>
        <time>2022-07-24T15:05:12.119Z</time>
      </trkpt>
      <trkpt lat="47.39146" lon="9.7746745">
        <ele>507.1</ele>
        <time>2022-07-24T15:05:17.119Z</time>
      </trkpt>
      <trkpt lat="47.3914749" lon="9.7745938">
        <ele>507.1</ele>
        <time>2022-07-24T15:05:23.119Z</time>
      </trkpt>
      <trkpt lat="47.3914857" lon="9.774511">
        <ele>507</ele>
        <time>2022-07-24T15:05:28.119Z</time>
      </trkpt>
      <trkpt lat="47.391486" lon="9.7744294">
        <ele>507.1</ele>
        <time>2022-07-24T15:05:34.119Z</time>
      </trkpt>
      <trkpt lat="47.3914999" lon="9.7743586">
        <ele>507.1</ele>
        <time>2022-07-24T15:05:39.119Z</time>
      </trkpt>
      <trkpt lat="47.3915091" lon="9.7742666">
        <ele>506.7</ele>
        <time>2022-07-24T15:05:45.119Z</time>
      </trkpt>
      <trkpt lat="47.3915088" lon="9.7741891">
        <ele>506.7</ele>
        <time>2022-07-24T15:05:50.119Z</time>
      </trkpt>
      <trkpt lat="47.3915145" lon="9.7741">
        <ele>506.8</ele>
        <time>2022-07-24T15:05:55.119Z</time>
      </trkpt>
      <trkpt lat="47.391513" lon="9.7740254">
        <ele>506.6</ele>
        <time>2022-07-24T15:06:01.119Z</time>
      </trkpt>
      <trkpt lat="47.3915044" lon="9.7739636">
        <ele>506.3</ele>
        <time>2022-07-24T15:06:06.119Z</time>
      </trkpt>
      <trkpt lat="47.3915285" lon="9.7739032">
        <ele>506.3</ele>
        <time>2022-07-24T15:06:11.119Z</time>
      </trkpt>
      <trkpt lat="47.3915737" lon="9.7738534">
        <ele>505.9</ele>
        <time>2022-07-24T15:06:17.119Z</time>
      </trkpt>
      <trkpt lat="47.3916157" lon="9.7737778">
        <ele>505.5</ele>
        <time>2022-07-24T15:06:22.119Z</time>
      </trkpt>
      <trkpt lat="47.3916531" lon="9.773718">
        <ele>505.5</ele>
        <time>2022-07-24T15:06:28.119Z</time>
      </trkpt>
      <trkpt lat="47.3916965" lon="9.7736567">
        <ele>505</ele>
        <time>2022-07-24T15:06:33.119Z</time>
      </trkpt>
      <trkpt lat="47.3917552" lon="9.7735918">
        <ele>504.9</ele>
        <time>2022-07-24T15:06:40.119Z</time>
      </trkpt>
      <trkpt lat="47.3917685" lon="9.7735313">
        <ele>504.8</ele>
        <time>2022-07-24T15:06:45.119Z</time>
      </trkpt>
      <trkpt lat="47.3917819" lon="9.7735099">
        <ele>504.9</ele>
        <time>2022-07-24T15:06:52.119Z</time>
      </trkpt>
      <trkpt lat="47.3918232" lon="9.7734328">
        <ele>504.7</ele>
        <time>2022-07-24T15:06:58.119Z</time>
      </trkpt>
      <trkpt lat="47.3918783" lon="9.7734011">
        <ele>504.5</ele>
        <time>2022-07-24T15:07:03.119Z</time>
      </trkpt>
      <trkpt lat="47.3919128" lon="9.773347">
        <ele>504.2</ele>
        <time>2022-07-24T15:07:08.119Z</time>
      </trkpt>
      <trkpt lat="47.3919592" lon="9.7733158">
        <ele>504</ele>
        <time>2022-07-24T15:07:14.119Z</time>
      </trkpt>
      <trkpt lat="47.3919763" lon="9.773244">
        <ele>503.9</ele>
        <time>2022-07-24T15:07:19.119Z</time>
      </trkpt>
      <trkpt lat="47.3920147" lon="9.7731994">
        <ele>504.3</ele>
        <time>2022-07-24T15:07:25.119Z</time>
      </trkpt>
      <trkpt lat="47.3920115" lon="9.7732343">
        <ele>504</ele>
        <time>2022-07-24T15:07:30.119Z</time>
      </trkpt>
      <trkpt lat="47.3920297" lon="9.7732225">
        <ele>503.8</ele>
        <time>2022-07-24T15:07:35.119Z</time>
      </trkpt>
      <trkpt lat="47.3920727" lon="9.7731474">
        <ele>504</ele>
        <time>2022-07-24T15:07:41.119Z</time>
      </trkpt>
      <trkpt lat="47.3920926" lon="9.7730652">
        <ele>503.9</ele>
        <time>2022-07-24T15:07:46.119Z</time>
      </trkpt>
      <trkpt lat="47.3921023" lon="9.773013">
        <ele>503.3</ele>
        <time>2022-07-24T15:07:52.119Z</time>
      </trkpt>
      <trkpt lat="47.3920953" lon="9.7730414">
        <ele>503.7</ele>
        <time>2022-07-24T15:07:58.119Z</time>
      </trkpt>
      <trkpt lat="47.3921128" lon="9.7729876">
        <ele>503.7</ele>
        <time>2022-07-24T15:08:03.119Z</time>
      </trkpt>
      <trkpt lat="47.3921555" lon="9.7728742">
        <ele>503.3</ele>
        <time>2022-07-24T15:08:08.119Z</time>
      </trkpt>
      <trkpt lat="47.3922098" lon="9.7728108">
        <ele>502.9</ele>
        <time>2022-07-24T15:08:13.119Z</time>
      </trkpt>
      <trkpt lat="47.3922461" lon="9.7727826">
        <ele>502.9</ele>
        <time>2022-07-24T15:08:18.119Z</time>
      </trkpt>
      <trkpt lat="47.3922814" lon="9.7727222">
        <ele>502.9</ele>
        <time>2022-07-24T15:08:24.119Z</time>
      </trkpt>
      <trkpt lat="47.392314" lon="9.7726677">
        <ele>502.8</ele>
        <time>2022-07-24T15:08:29.119Z</time>
      </trkpt>
      <trkpt lat="47.3923455" lon="9.772611">
        <ele>502.5</ele>
        <time>2022-07-24T15:08:34.119Z</time>
      </trkpt>
      <trkpt lat="47.3923834" lon="9.7725491">
        <ele>502.3</ele>
        <time>2022-07-24T15:08:40.119Z</time>
      </trkpt>
      <trkpt lat="47.3924095" lon="9.7724719">
        <ele>502</ele>
        <time>2022-07-24T15:08:45.119Z</time>
      </trkpt>
      <trkpt lat="47.3924207" lon="9.7723987">
        <ele>502.3</ele>
        <time>2022-07-24T15:08:50.119Z</time>
      </trkpt>
      <trkpt lat="47.3924507" lon="9.7723325">
        <ele>502.2</ele>
        <time>2022-07-24T15:08:56.119Z</time>
      </trkpt>
      <trkpt lat="47.3924711" lon="9.7722549">
        <ele>502</ele>
        <time>2022-07-24T15:09:01.119Z</time>
      </trkpt>
      <trkpt lat="47.3924932" lon="9.7721891">
        <ele>501.7</ele>
        <time>2022-07-24T15:09:06.119Z</time>
      </trkpt>
      <trkpt lat="47.3925091" lon="9.7721211">
        <ele>501.5</ele>
        <time>2022-07-24T15:09:11.119Z</time>
      </trkpt>
      <trkpt lat="47.3925417" lon="9.7720501">
        <ele>501.6</ele>
        <time>2022-07-24T15:09:16.119Z</time>
      </trkpt>
      <trkpt lat="47.3925683" lon="9.7719821">
        <ele>501.6</ele>
        <time>2022-07-24T15:09:22.119Z</time>
      </trkpt>
      <trkpt lat="47.392586" lon="9.7719026">
        <ele>501.6</ele>
        <time>2022-07-24T15:09:27.119Z</time>
      </trkpt>
      <trkpt lat="47.3925901" lon="9.7718256">
        <ele>501.3</ele>
        <time>2022-07-24T15:09:32.119Z</time>
      </trkpt>
      <trkpt lat="47.3925928" lon="9.7717596">
        <ele>501.3</ele>
        <time>2022-07-24T15:09:37.119Z</time>
      </trkpt>
      <trkpt lat="47.3925958" lon="9.7716702">
        <ele>500.9</ele>
        <time>2022-07-24T15:09:43.119Z</time>
      </trkpt>
      <trkpt lat="47.3926032" lon="9.7715899">
        <ele>500.6</ele>
        <time>2022-07-24T15:09:49.119Z</time>
      </trkpt>
      <trkpt lat="47.392592" lon="9.7715043">
        <ele>500.9</ele>
        <time>2022-07-24T15:09:54.119Z</time>
      </trkpt>
      <trkpt lat="47.3925852" lon="9.7714256">
        <ele>500.7</ele>
        <time>2022-07-24T15:09:59.119Z</time>
      </trkpt>
      <trkpt lat="47.3925886" lon="9.7713452">
        <ele>500.2</ele>
        <time>2022-07-24T15:10:04.119Z</time>
      </trkpt>
      <trkpt lat="47.392589" lon="9.7712512">
        <ele>500.2</ele>
        <time>2022-07-24T15:10:10.119Z</time>
      </trkpt>
      <trkpt lat="47.3925885" lon="9.771174">
        <ele>499.8</ele>
        <time>2022-07-24T15:10:15.119Z</time>
      </trkpt>
      <trkpt lat="47.3925897" lon="9.7710849">
        <ele>499.8</ele>
        <time>2022-07-24T15:10:20.119Z</time>
      </trkpt>
      <trkpt lat="47.3925921" lon="9.7710121">
        <ele>499.7</ele>
        <time>2022-07-24T15:10:26.119Z</time>
      </trkpt>
      <trkpt lat="47.3925889" lon="9.7709352">
        <ele>500</ele>
        <time>2022-07-24T15:10:31.119Z</time>
      </trkpt>
      <trkpt lat="47.3925675" lon="9.7708419">
        <ele>499.8</ele>
        <time>2022-07-24T15:10:36.119Z</time>
      </trkpt>
      <trkpt lat="47.3925521" lon="9.7707581">
        <ele>499.4</ele>
        <time>2022-07-24T15:10:42.119Z</time>
      </trkpt>
      <trkpt lat="47.3925481" lon="9.7706732">
        <ele>499.3</ele>
        <time>2022-07-24T15:10:48.119Z</time>
      </trkpt>
      <trkpt lat="47.392549" lon="9.7705912">
        <ele>499.5</ele>
        <time>2022-07-24T15:10:53.119Z</time>
      </trkpt>
      <trkpt lat="47.39259" lon="9.7705386">
        <ele>499.5</ele>
        <time>2022-07-24T15:10:58.119Z</time>
      </trkpt>
      <trkpt lat="47.3926083" lon="9.7704633">
        <ele>498.9</ele>
        <time>2022-07-24T15:11:04.119Z</time>
      </trkpt>
      <trkpt lat="47.3925895" lon="9.7704052">
        <ele>498.9</ele>
        <time>2022-07-24T15:11:09.119Z</time>
      </trkpt>
      <trkpt lat="47.3925549" lon="9.7703574">
        <ele>498.9</ele>
        <time>2022-07-24T15:11:14.119Z</time>
      </trkpt>
      <trkpt lat="47.3925421" lon="9.7702918">
        <ele>498.7</ele>
        <time>2022-07-24T15:11:19.119Z</time>
      </trkpt>
      <trkpt lat="47.3925398" lon="9.7702162">
        <ele>498.5</ele>
        <time>2022-07-24T15:11:24.119Z</time>
      </trkpt>
      <trkpt lat="47.3925399" lon="9.7701351">
        <ele>498.7</ele>
        <time>2022-07-24T15:11:30.119Z</time>
      </trkpt>
      <trkpt lat="47.392595" lon="9.7700562">
        <ele>498.8</ele>
        <time>2022-07-24T15:11:35.119Z</time>
      </trkpt>
      <trkpt lat="47.392606" lon="9.769955">
        <ele>502.7</ele>
        <time>2022-07-24T15:11:40.119Z</time>
      </trkpt>
      <trkpt lat="47.3925695" lon="9.769859">
        <ele>500.5</ele>
        <time>2022-07-24T15:11:46.119Z</time>
      </trkpt>
      <trkpt lat="47.3925724" lon="9.7697798">
        <ele>498.3</ele>
        <time>2022-07-24T15:11:51.119Z</time>
      </trkpt>
      <trkpt lat="47.3925766" lon="9.7697191">
        <ele>498.2</ele>
        <time>2022-07-24T15:11:56.119Z</time>
      </trkpt>
      <trkpt lat="47.3925891" lon="9.7697382">
        <ele>498.1</ele>
        <time>2022-07-24T15:12:06.119Z</time>
      </trkpt>
      <trkpt lat="47.3925892" lon="9.7697749">
        <ele>498.1</ele>
        <time>2022-07-24T15:12:11.119Z</time>
      </trkpt>
      <trkpt lat="47.3925859" lon="9.7696585">
        <ele>498.1</ele>
        <time>2022-07-24T15:12:16.119Z</time>
      </trkpt>
      <trkpt lat="47.3925872" lon="9.769573">
        <ele>498.2</ele>
        <time>2022-07-24T15:12:22.119Z</time>
      </trkpt>
      <trkpt lat="47.39261" lon="9.7694894">
        <ele>498</ele>
        <time>2022-07-24T15:12:27.119Z</time>
      </trkpt>
      <trkpt lat="47.392608" lon="9.7694246">
        <ele>497.8</ele>
        <time>2022-07-24T15:12:33.119Z</time>
      </trkpt>
      <trkpt lat="47.3926179" lon="9.7693621">
        <ele>497.3</ele>
        <time>2022-07-24T15:12:38.119Z</time>
      </trkpt>
      <trkpt lat="47.3926467" lon="9.7693168">
        <ele>496.8</ele>
        <time>2022-07-24T15:12:43.119Z</time>
      </trkpt>
      <trkpt lat="47.3926582" lon="9.7693404">
        <ele>496.8</ele>
        <time>2022-07-24T15:12:48.119Z</time>
      </trkpt>
      <trkpt lat="47.3926767" lon="9.7693226">
        <ele>496.7</ele>
        <time>2022-07-24T15:12:54.119Z</time>
      </trkpt>
      <trkpt lat="47.3927093" lon="9.7693781">
        <ele>496.8</ele>
        <time>2022-07-24T15:12:59.119Z</time>
      </trkpt>
      <trkpt lat="47.3927397" lon="9.7693267">
        <ele>496.9</ele>
        <time>2022-07-24T15:13:04.119Z</time>
      </trkpt>
      <trkpt lat="47.3927085" lon="9.7692573">
        <ele>496.2</ele>
        <time>2022-07-24T15:13:09.119Z</time>
      </trkpt>
      <trkpt lat="47.39272" lon="9.7691739">
        <ele>495.9</ele>
        <time>2022-07-24T15:13:15.119Z</time>
      </trkpt>
      <trkpt lat="47.3927321" lon="9.7691087">
        <ele>495.5</ele>
        <time>2022-07-24T15:13:20.119Z</time>
      </trkpt>
      <trkpt lat="47.3927314" lon="9.7690508">
        <ele>495.6</ele>
        <time>2022-07-24T15:13:25.119Z</time>
      </trkpt>
      <trkpt lat="47.3927518" lon="9.7689975">
        <ele>495.6</ele>
        <time>2022-07-24T15:13:31.119Z</time>
      </trkpt>
      <trkpt lat="47.3927902" lon="9.7689312">
        <ele>495.2</ele>
        <time>2022-07-24T15:13:36.119Z</time>
      </trkpt>
      <trkpt lat="47.3928243" lon="9.7688658">
        <ele>494.9</ele>
        <time>2022-07-24T15:13:41.119Z</time>
      </trkpt>
      <trkpt lat="47.3928678" lon="9.7688027">
        <ele>494.9</ele>
        <time>2022-07-24T15:13:46.119Z</time>
      </trkpt>
      <trkpt lat="47.3928694" lon="9.7687286">
        <ele>494.9</ele>
        <time>2022-07-24T15:13:52.119Z</time>
      </trkpt>
      <trkpt lat="47.3928851" lon="9.7687037">
        <ele>494.5</ele>
        <time>2022-07-24T15:14:13.119Z</time>
      </trkpt>
      <trkpt lat="47.39295" lon="9.7686245">
        <ele>494.9</ele>
        <time>2022-07-24T15:14:18.119Z</time>
      </trkpt>
      <trkpt lat="47.3930141" lon="9.768568">
        <ele>494.5</ele>
        <time>2022-07-24T15:14:23.119Z</time>
      </trkpt>
      <trkpt lat="47.3930749" lon="9.7685179">
        <ele>494.6</ele>
        <time>2022-07-24T15:14:29.119Z</time>
      </trkpt>
      <trkpt lat="47.3931523" lon="9.7684634">
        <ele>494.7</ele>
        <time>2022-07-24T15:14:35.119Z</time>
      </trkpt>
      <trkpt lat="47.3932057" lon="9.768429">
        <ele>494.3</ele>
        <time>2022-07-24T15:14:40.119Z</time>
      </trkpt>
      <trkpt lat="47.3932237" lon="9.7683518">
        <ele>494.1</ele>
        <time>2022-07-24T15:14:46.119Z</time>
      </trkpt>
      <trkpt lat="47.3932522" lon="9.7683673">
        <ele>494.2</ele>
        <time>2022-07-24T15:14:52.119Z</time>
      </trkpt>
      <trkpt lat="47.3933197" lon="9.7683568">
        <ele>494.3</ele>
        <time>2022-07-24T15:14:58.119Z</time>
      </trkpt>
      <trkpt lat="47.3933643" lon="9.7683372">
        <ele>494.3</ele>
        <time>2022-07-24T15:15:03.119Z</time>
      </trkpt>
      <trkpt lat="47.3934104" lon="9.7683191">
        <ele>493.9</ele>
        <time>2022-07-24T15:15:08.119Z</time>
      </trkpt>
      <trkpt lat="47.393438" lon="9.7683353">
        <ele>493.8</ele>
        <time>2022-07-24T15:15:14.119Z</time>
      </trkpt>
      <trkpt lat="47.3934652" lon="9.7683186">
        <ele>493.9</ele>
        <time>2022-07-24T15:15:22.119Z</time>
      </trkpt>
      <trkpt lat="47.3935291" lon="9.7682763">
        <ele>493.8</ele>
        <time>2022-07-24T15:15:27.119Z</time>
      </trkpt>
      <trkpt lat="47.3935758" lon="9.76825">
        <ele>494.2</ele>
        <time>2022-07-24T15:15:33.119Z</time>
      </trkpt>
      <trkpt lat="47.3936221" lon="9.7682136">
        <ele>493.9</ele>
        <time>2022-07-24T15:15:38.119Z</time>
      </trkpt>
      <trkpt lat="47.3936609" lon="9.7681615">
        <ele>493.8</ele>
        <time>2022-07-24T15:15:43.119Z</time>
      </trkpt>
      <trkpt lat="47.393705" lon="9.7681189">
        <ele>493.9</ele>
        <time>2022-07-24T15:15:48.119Z</time>
      </trkpt>
      <trkpt lat="47.3937413" lon="9.7680707">
        <ele>494</ele>
        <time>2022-07-24T15:15:53.119Z</time>
      </trkpt>
      <trkpt lat="47.393782" lon="9.7680155">
        <ele>493.9</ele>
        <time>2022-07-24T15:15:58.119Z</time>
      </trkpt>
      <trkpt lat="47.3938299" lon="9.7679651">
        <ele>493.8</ele>
        <time>2022-07-24T15:16:04.119Z</time>
      </trkpt>
      <trkpt lat="47.3938659" lon="9.7679566">
        <ele>494</ele>
        <time>2022-07-24T15:16:10.119Z</time>
      </trkpt>
      <trkpt lat="47.3939171" lon="9.7679099">
        <ele>493.9</ele>
        <time>2022-07-24T15:16:15.119Z</time>
      </trkpt>
      <trkpt lat="47.393958" lon="9.7678658">
        <ele>493.5</ele>
        <time>2022-07-24T15:16:20.119Z</time>
      </trkpt>
      <trkpt lat="47.393991" lon="9.7678097">
        <ele>493.8</ele>
        <time>2022-07-24T15:16:26.119Z</time>
      </trkpt>
      <trkpt lat="47.3940144" lon="9.7678034">
        <ele>494.4</ele>
        <time>2022-07-24T15:16:32.119Z</time>
      </trkpt>
      <trkpt lat="47.3940233" lon="9.7677724">
        <ele>493.8</ele>
        <time>2022-07-24T15:16:38.119Z</time>
      </trkpt>
      <trkpt lat="47.3940728" lon="9.7676841">
        <ele>493.1</ele>
        <time>2022-07-24T15:16:44.119Z</time>
      </trkpt>
      <trkpt lat="47.3940893" lon="9.7675762">
        <ele>493.5</ele>
        <time>2022-07-24T15:16:49.119Z</time>
      </trkpt>
      <trkpt lat="47.3940722" lon="9.7674584">
        <ele>492.9</ele>
        <time>2022-07-24T15:16:54.119Z</time>
      </trkpt>
      <trkpt lat="47.3940778" lon="9.7673838">
        <ele>493.3</ele>
        <time>2022-07-24T15:16:59.119Z</time>
      </trkpt>
      <trkpt lat="47.394093" lon="9.7673081">
        <ele>493.1</ele>
        <time>2022-07-24T15:17:04.119Z</time>
      </trkpt>
      <trkpt lat="47.3941176" lon="9.7672387">
        <ele>492.8</ele>
        <time>2022-07-24T15:17:10.119Z</time>
      </trkpt>
      <trkpt lat="47.39416" lon="9.7671818">
        <ele>492.7</ele>
        <time>2022-07-24T15:17:15.119Z</time>
      </trkpt>
      <trkpt lat="47.3941815" lon="9.7671166">
        <ele>492.5</ele>
        <time>2022-07-24T15:17:21.119Z</time>
      </trkpt>
      <trkpt lat="47.3941883" lon="9.7670535">
        <ele>492.5</ele>
        <time>2022-07-24T15:17:26.119Z</time>
      </trkpt>
      <trkpt lat="47.39419" lon="9.7669715">
        <ele>492.4</ele>
        <time>2022-07-24T15:17:32.119Z</time>
      </trkpt>
      <trkpt lat="47.3941938" lon="9.7669158">
        <ele>492.5</ele>
        <time>2022-07-24T15:17:37.119Z</time>
      </trkpt>
      <trkpt lat="47.3942055" lon="9.7668378">
        <ele>492.4</ele>
        <time>2022-07-24T15:17:42.119Z</time>
      </trkpt>
      <trkpt lat="47.3942149" lon="9.7667633">
        <ele>491.9</ele>
        <time>2022-07-24T15:17:47.119Z</time>
      </trkpt>
      <trkpt lat="47.3942282" lon="9.7666556">
        <ele>491.9</ele>
        <time>2022-07-24T15:17:53.119Z</time>
      </trkpt>
      <trkpt lat="47.3942171" lon="9.766564">
        <ele>492</ele>
        <time>2022-07-24T15:17:58.119Z</time>
      </trkpt>
      <trkpt lat="47.3941851" lon="9.7664366">
        <ele>491.5</ele>
        <time>2022-07-24T15:18:04.119Z</time>
      </trkpt>
      <trkpt lat="47.3942514" lon="9.7663623">
        <ele>491.7</ele>
        <time>2022-07-24T15:18:09.119Z</time>
      </trkpt>
      <trkpt lat="47.3943087" lon="9.7663793">
        <ele>490.7</ele>
        <time>2022-07-24T15:18:15.119Z</time>
      </trkpt>
      <trkpt lat="47.3943133" lon="9.7662998">
        <ele>490.5</ele>
        <time>2022-07-24T15:18:20.119Z</time>
      </trkpt>
      <trkpt lat="47.394321" lon="9.7662143">
        <ele>490.7</ele>
        <time>2022-07-24T15:18:25.119Z</time>
      </trkpt>
      <trkpt lat="47.3943177" lon="9.7661456">
        <ele>490.6</ele>
        <time>2022-07-24T15:18:31.119Z</time>
      </trkpt>
      <trkpt lat="47.3943139" lon="9.7660804">
        <ele>490.6</ele>
        <time>2022-07-24T15:18:36.119Z</time>
      </trkpt>
      <trkpt lat="47.394293" lon="9.7659918">
        <ele>490.5</ele>
        <time>2022-07-24T15:18:42.119Z</time>
      </trkpt>
      <trkpt lat="47.3942864" lon="9.7659207">
        <ele>490.4</ele>
        <time>2022-07-24T15:18:47.119Z</time>
      </trkpt>
      <trkpt lat="47.3942696" lon="9.7658348">
        <ele>490.3</ele>
        <time>2022-07-24T15:18:52.119Z</time>
      </trkpt>
      <trkpt lat="47.3942556" lon="9.7657264">
        <ele>490.4</ele>
        <time>2022-07-24T15:18:58.119Z</time>
      </trkpt>
      <trkpt lat="47.3942582" lon="9.7656526">
        <ele>490.1</ele>
        <time>2022-07-24T15:19:03.119Z</time>
      </trkpt>
      <trkpt lat="47.3942336" lon="9.7655987">
        <ele>490.4</ele>
        <time>2022-07-24T15:19:08.119Z</time>
      </trkpt>
      <trkpt lat="47.3941743" lon="9.7656191">
        <ele>490</ele>
        <time>2022-07-24T15:19:14.119Z</time>
      </trkpt>
      <trkpt lat="47.3941323" lon="9.7656083">
        <ele>490.3</ele>
        <time>2022-07-24T15:19:19.119Z</time>
      </trkpt>
      <trkpt lat="47.3940787" lon="9.7655884">
        <ele>490.5</ele>
        <time>2022-07-24T15:19:24.119Z</time>
      </trkpt>
      <trkpt lat="47.3940454" lon="9.7656097">
        <ele>490.8</ele>
        <time>2022-07-24T15:19:29.119Z</time>
      </trkpt>
      <trkpt lat="47.3940398" lon="9.7655843">
        <ele>491.6</ele>
        <time>2022-07-24T15:19:38.119Z</time>
      </trkpt>
      <trkpt lat="47.3940436" lon="9.7655401">
        <ele>491.9</ele>
        <time>2022-07-24T15:19:43.119Z</time>
      </trkpt>
      <trkpt lat="47.3940919" lon="9.7655236">
        <ele>491.8</ele>
        <time>2022-07-24T15:19:49.119Z</time>
      </trkpt>
      <trkpt lat="47.3941096" lon="9.765518">
        <ele>491.8</ele>
        <time>2022-07-24T15:19:56.119Z</time>
      </trkpt>
      <trkpt lat="47.3941145" lon="9.7654829">
        <ele>491.1</ele>
        <time>2022-07-24T15:20:01.119Z</time>
      </trkpt>
      <trkpt lat="47.3941202" lon="9.7654201">
        <ele>491.3</ele>
        <time>2022-07-24T15:20:07.119Z</time>
      </trkpt>
      <trkpt lat="47.3941194" lon="9.765354">
        <ele>490.9</ele>
        <time>2022-07-24T15:20:12.119Z</time>
      </trkpt>
      <trkpt lat="47.3941249" lon="9.765273">
        <ele>490.6</ele>
        <time>2022-07-24T15:20:18.119Z</time>
      </trkpt>
      <trkpt lat="47.3941146" lon="9.7652099">
        <ele>490.6</ele>
        <time>2022-07-24T15:20:23.119Z</time>
      </trkpt>
      <trkpt lat="47.3941046" lon="9.7651423">
        <ele>489.8</ele>
        <time>2022-07-24T15:20:29.119Z</time>
      </trkpt>
      <trkpt lat="47.3941048" lon="9.7650825">
        <ele>490.3</ele>
        <time>2022-07-24T15:20:34.119Z</time>
      </trkpt>
      <trkpt lat="47.3941043" lon="9.7650148">
        <ele>490.5</ele>
        <time>2022-07-24T15:20:39.119Z</time>
      </trkpt>
      <trkpt lat="47.3941001" lon="9.7649519">
        <ele>489.6</ele>
        <time>2022-07-24T15:20:45.119Z</time>
      </trkpt>
      <trkpt lat="47.3941065" lon="9.764895">
        <ele>490.4</ele>
        <time>2022-07-24T15:20:50.119Z</time>
      </trkpt>
      <trkpt lat="47.394114" lon="9.7648211">
        <ele>489.4</ele>
        <time>2022-07-24T15:20:55.119Z</time>
      </trkpt>
      <trkpt lat="47.3941218" lon="9.7647485">
        <ele>490</ele>
        <time>2022-07-24T15:21:01.119Z</time>
      </trkpt>
      <trkpt lat="47.3941207" lon="9.7646801">
        <ele>490.4</ele>
        <time>2022-07-24T15:21:06.119Z</time>
      </trkpt>
      <trkpt lat="47.3941181" lon="9.7646007">
        <ele>490.2</ele>
        <time>2022-07-24T15:21:12.119Z</time>
      </trkpt>
      <trkpt lat="47.3941117" lon="9.764531">
        <ele>490.2</ele>
        <time>2022-07-24T15:21:17.119Z</time>
      </trkpt>
      <trkpt lat="47.3941161" lon="9.7644657">
        <ele>489.5</ele>
        <time>2022-07-24T15:21:22.119Z</time>
      </trkpt>
      <trkpt lat="47.3941291" lon="9.7643904">
        <ele>489.8</ele>
        <time>2022-07-24T15:21:28.119Z</time>
      </trkpt>
      <trkpt lat="47.3941558" lon="9.7643235">
        <ele>489.8</ele>
        <time>2022-07-24T15:21:33.119Z</time>
      </trkpt>
      <trkpt lat="47.3941895" lon="9.764252">
        <ele>489.5</ele>
        <time>2022-07-24T15:21:38.119Z</time>
      </trkpt>
      <trkpt lat="47.3942207" lon="9.7641946">
        <ele>489.6</ele>
        <time>2022-07-24T15:21:44.119Z</time>
      </trkpt>
      <trkpt lat="47.3942561" lon="9.7641424">
        <ele>489</ele>
        <time>2022-07-24T15:21:49.119Z</time>
      </trkpt>
      <trkpt lat="47.3942886" lon="9.7640734">
        <ele>488.8</ele>
        <time>2022-07-24T15:21:54.119Z</time>
      </trkpt>
      <trkpt lat="47.3943305" lon="9.7640047">
        <ele>488.3</ele>
        <time>2022-07-24T15:22:00.119Z</time>
      </trkpt>
      <trkpt lat="47.3943581" lon="9.7639362">
        <ele>488.1</ele>
        <time>2022-07-24T15:22:05.119Z</time>
      </trkpt>
      <trkpt lat="47.3943925" lon="9.7638554">
        <ele>488</ele>
        <time>2022-07-24T15:22:11.119Z</time>
      </trkpt>
      <trkpt lat="47.3944191" lon="9.7638025">
        <ele>488</ele>
        <time>2022-07-24T15:22:16.119Z</time>
      </trkpt>
      <trkpt lat="47.3944544" lon="9.7637616">
        <ele>487.2</ele>
        <time>2022-07-24T15:22:21.119Z</time>
      </trkpt>
      <trkpt lat="47.3944716" lon="9.7637715">
        <ele>486.3</ele>
        <time>2022-07-24T15:23:16.119Z</time>
      </trkpt>
      <trkpt lat="47.3944878" lon="9.7637312">
        <ele>484.3</ele>
        <time>2022-07-24T15:23:21.119Z</time>
      </trkpt>
      <trkpt lat="47.394524" lon="9.7636799">
        <ele>484.3</ele>
        <time>2022-07-24T15:23:27.119Z</time>
      </trkpt>
      <trkpt lat="47.3945763" lon="9.7636373">
        <ele>484.3</ele>
        <time>2022-07-24T15:23:33.119Z</time>
      </trkpt>
      <trkpt lat="47.3946289" lon="9.7635804">
        <ele>484.3</ele>
        <time>2022-07-24T15:23:38.119Z</time>
      </trkpt>
      <trkpt lat="47.3946739" lon="9.7635249">
        <ele>484.3</ele>
        <time>2022-07-24T15:23:44.119Z</time>
      </trkpt>
      <trkpt lat="47.3947092" lon="9.763466">
        <ele>484.3</ele>
        <time>2022-07-24T15:23:49.119Z</time>
      </trkpt>
      <trkpt lat="47.3947558" lon="9.7634158">
        <ele>482.6</ele>
        <time>2022-07-24T15:23:54.119Z</time>
      </trkpt>
      <trkpt lat="47.3948073" lon="9.7633796">
        <ele>479.6</ele>
        <time>2022-07-24T15:24:00.119Z</time>
      </trkpt>
      <trkpt lat="47.3948491" lon="9.7633333">
        <ele>481.3</ele>
        <time>2022-07-24T15:24:05.119Z</time>
      </trkpt>
      <trkpt lat="47.3948822" lon="9.7632943">
        <ele>483.3</ele>
        <time>2022-07-24T15:24:10.119Z</time>
      </trkpt>
      <trkpt lat="47.3949036" lon="9.7632683">
        <ele>484.7</ele>
        <time>2022-07-24T15:24:16.119Z</time>
      </trkpt>
      <trkpt lat="47.3949324" lon="9.763234">
        <ele>483.4</ele>
        <time>2022-07-24T15:24:21.119Z</time>
      </trkpt>
      <trkpt lat="47.3949842" lon="9.7631975">
        <ele>479.7</ele>
        <time>2022-07-24T15:24:26.119Z</time>
      </trkpt>
      <trkpt lat="47.3950279" lon="9.7631624">
        <ele>479.5</ele>
        <time>2022-07-24T15:24:31.119Z</time>
      </trkpt>
      <trkpt lat="47.3950739" lon="9.7631219">
        <ele>482.3</ele>
        <time>2022-07-24T15:24:36.119Z</time>
      </trkpt>
      <trkpt lat="47.3951223" lon="9.76308">
        <ele>483.5</ele>
        <time>2022-07-24T15:24:42.119Z</time>
      </trkpt>
      <trkpt lat="47.3951524" lon="9.7630136">
        <ele>480.8</ele>
        <time>2022-07-24T15:24:52.119Z</time>
      </trkpt>
      <trkpt lat="47.3951735" lon="9.7629569">
        <ele>480</ele>
        <time>2022-07-24T15:24:57.119Z</time>
      </trkpt>
      <trkpt lat="47.3952252" lon="9.7629054">
        <ele>482</ele>
        <time>2022-07-24T15:25:03.119Z</time>
      </trkpt>
      <trkpt lat="47.3952575" lon="9.7628652">
        <ele>482.7</ele>
        <time>2022-07-24T15:25:08.119Z</time>
      </trkpt>
      <trkpt lat="47.3953067" lon="9.7628199">
        <ele>483.6</ele>
        <time>2022-07-24T15:25:14.119Z</time>
      </trkpt>
      <trkpt lat="47.3953594" lon="9.7628273">
        <ele>479.4</ele>
        <time>2022-07-24T15:25:20.119Z</time>
      </trkpt>
      <trkpt lat="47.3953745" lon="9.7628633">
        <ele>479.2</ele>
        <time>2022-07-24T15:25:26.119Z</time>
      </trkpt>
      <trkpt lat="47.3954162" lon="9.7628541">
        <ele>479.9</ele>
        <time>2022-07-24T15:25:32.119Z</time>
      </trkpt>
      <trkpt lat="47.3954767" lon="9.7628055">
        <ele>480.5</ele>
        <time>2022-07-24T15:25:37.119Z</time>
      </trkpt>
      <trkpt lat="47.3955488" lon="9.7627637">
        <ele>483.1</ele>
        <time>2022-07-24T15:25:43.119Z</time>
      </trkpt>
      <trkpt lat="47.3956175" lon="9.7627281">
        <ele>479.4</ele>
        <time>2022-07-24T15:25:49.119Z</time>
      </trkpt>
      <trkpt lat="47.3956638" lon="9.76271">
        <ele>479.3</ele>
        <time>2022-07-24T15:25:54.119Z</time>
      </trkpt>
      <trkpt lat="47.395698" lon="9.7627016">
        <ele>479.5</ele>
        <time>2022-07-24T15:25:59.119Z</time>
      </trkpt>
      <trkpt lat="47.3957437" lon="9.7626799">
        <ele>479.4</ele>
        <time>2022-07-24T15:26:05.119Z</time>
      </trkpt>
      <trkpt lat="47.3957956" lon="9.7626617">
        <ele>479.1</ele>
        <time>2022-07-24T15:26:10.119Z</time>
      </trkpt>
      <trkpt lat="47.3958493" lon="9.7626348">
        <ele>479.4</ele>
        <time>2022-07-24T15:26:15.119Z</time>
      </trkpt>
      <trkpt lat="47.3959064" lon="9.7626012">
        <ele>479.2</ele>
        <time>2022-07-24T15:26:21.119Z</time>
      </trkpt>
      <trkpt lat="47.39596" lon="9.7625622">
        <ele>478.4</ele>
        <time>2022-07-24T15:26:27.119Z</time>
      </trkpt>
      <trkpt lat="47.3960151" lon="9.7625238">
        <ele>478.2</ele>
        <time>2022-07-24T15:26:32.119Z</time>
      </trkpt>
      <trkpt lat="47.3960678" lon="9.7625134">
        <ele>479.6</ele>
        <time>2022-07-24T15:26:38.119Z</time>
      </trkpt>
      <trkpt lat="47.3961072" lon="9.7624986">
        <ele>477.9</ele>
        <time>2022-07-24T15:26:43.119Z</time>
      </trkpt>
      <trkpt lat="47.3961418" lon="9.7625039">
        <ele>477</ele>
        <time>2022-07-24T15:26:49.119Z</time>
      </trkpt>
      <trkpt lat="47.3961672" lon="9.7625298">
        <ele>476.9</ele>
        <time>2022-07-24T15:26:54.119Z</time>
      </trkpt>
      <trkpt lat="47.3962187" lon="9.7625186">
        <ele>476.8</ele>
        <time>2022-07-24T15:27:00.119Z</time>
      </trkpt>
      <trkpt lat="47.3962748" lon="9.7624896">
        <ele>476.8</ele>
        <time>2022-07-24T15:27:05.119Z</time>
      </trkpt>
      <trkpt lat="47.396333" lon="9.7624557">
        <ele>476.9</ele>
        <time>2022-07-24T15:27:11.119Z</time>
      </trkpt>
      <trkpt lat="47.3963805" lon="9.7624213">
        <ele>476.3</ele>
        <time>2022-07-24T15:27:16.119Z</time>
      </trkpt>
      <trkpt lat="47.3964169" lon="9.7623807">
        <ele>476.6</ele>
        <time>2022-07-24T15:27:21.119Z</time>
      </trkpt>
      <trkpt lat="47.3964509" lon="9.7623239">
        <ele>476.4</ele>
        <time>2022-07-24T15:27:26.119Z</time>
      </trkpt>
      <trkpt lat="47.3964936" lon="9.762277">
        <ele>476.3</ele>
        <time>2022-07-24T15:27:32.119Z</time>
      </trkpt>
      <trkpt lat="47.3965394" lon="9.7622316">
        <ele>475.9</ele>
        <time>2022-07-24T15:27:37.119Z</time>
      </trkpt>
      <trkpt lat="47.3965779" lon="9.7621744">
        <ele>475.8</ele>
        <time>2022-07-24T15:27:42.119Z</time>
      </trkpt>
      <trkpt lat="47.3966155" lon="9.7620952">
        <ele>475.3</ele>
        <time>2022-07-24T15:27:48.119Z</time>
      </trkpt>
      <trkpt lat="47.396643" lon="9.7620029">
        <ele>475.1</ele>
        <time>2022-07-24T15:27:53.119Z</time>
      </trkpt>
      <trkpt lat="47.3966671" lon="9.7619277">
        <ele>474.8</ele>
        <time>2022-07-24T15:27:59.119Z</time>
      </trkpt>
      <trkpt lat="47.3967213" lon="9.7619022">
        <ele>475</ele>
        <time>2022-07-24T15:28:04.119Z</time>
      </trkpt>
      <trkpt lat="47.3967846" lon="9.7618952">
        <ele>474.8</ele>
        <time>2022-07-24T15:28:10.119Z</time>
      </trkpt>
      <trkpt lat="47.3968464" lon="9.7618876">
        <ele>474.1</ele>
        <time>2022-07-24T15:28:16.119Z</time>
      </trkpt>
      <trkpt lat="47.3969023" lon="9.7618927">
        <ele>473.9</ele>
        <time>2022-07-24T15:28:21.119Z</time>
      </trkpt>
      <trkpt lat="47.3969672" lon="9.7618727">
        <ele>474</ele>
        <time>2022-07-24T15:28:27.119Z</time>
      </trkpt>
      <trkpt lat="47.3970045" lon="9.7617877">
        <ele>473.8</ele>
        <time>2022-07-24T15:28:32.119Z</time>
      </trkpt>
      <trkpt lat="47.3970327" lon="9.7617029">
        <ele>473.5</ele>
        <time>2022-07-24T15:28:38.119Z</time>
      </trkpt>
      <trkpt lat="47.397072" lon="9.7616799">
        <ele>473.5</ele>
        <time>2022-07-24T15:28:44.119Z</time>
      </trkpt>
      <trkpt lat="47.3971049" lon="9.7617216">
        <ele>474</ele>
        <time>2022-07-24T15:28:49.119Z</time>
      </trkpt>
      <trkpt lat="47.397151" lon="9.7617522">
        <ele>474.5</ele>
        <time>2022-07-24T15:28:54.119Z</time>
      </trkpt>
      <trkpt lat="47.3971824" lon="9.7618028">
        <ele>474.9</ele>
        <time>2022-07-24T15:29:00.119Z</time>
      </trkpt>
      <trkpt lat="47.3972215" lon="9.7618465">
        <ele>474.6</ele>
        <time>2022-07-24T15:29:05.119Z</time>
      </trkpt>
      <trkpt lat="47.3972723" lon="9.7618727">
        <ele>474.2</ele>
        <time>2022-07-24T15:29:11.119Z</time>
      </trkpt>
      <trkpt lat="47.397321" lon="9.761888">
        <ele>474.2</ele>
        <time>2022-07-24T15:29:16.119Z</time>
      </trkpt>
      <trkpt lat="47.397356" lon="9.7618263">
        <ele>474.1</ele>
        <time>2022-07-24T15:29:21.119Z</time>
      </trkpt>
      <trkpt lat="47.3973969" lon="9.7617545">
        <ele>474.4</ele>
        <time>2022-07-24T15:29:26.119Z</time>
      </trkpt>
      <trkpt lat="47.3974292" lon="9.7616732">
        <ele>473.9</ele>
        <time>2022-07-24T15:29:32.119Z</time>
      </trkpt>
      <trkpt lat="47.3974524" lon="9.7616063">
        <ele>473.1</ele>
        <time>2022-07-24T15:29:37.119Z</time>
      </trkpt>
      <trkpt lat="47.3974777" lon="9.7615211">
        <ele>472.7</ele>
        <time>2022-07-24T15:29:42.119Z</time>
      </trkpt>
      <trkpt lat="47.3974976" lon="9.7614326">
        <ele>473.3</ele>
        <time>2022-07-24T15:29:48.119Z</time>
      </trkpt>
      <trkpt lat="47.3975096" lon="9.7613464">
        <ele>473.2</ele>
        <time>2022-07-24T15:29:53.119Z</time>
      </trkpt>
      <trkpt lat="47.3975089" lon="9.7612604">
        <ele>472.9</ele>
        <time>2022-07-24T15:29:58.119Z</time>
      </trkpt>
      <trkpt lat="47.3975154" lon="9.7611706">
        <ele>470.7</ele>
        <time>2022-07-24T15:30:04.119Z</time>
      </trkpt>
      <trkpt lat="47.3975285" lon="9.7611005">
        <ele>471</ele>
        <time>2022-07-24T15:30:09.119Z</time>
      </trkpt>
      <trkpt lat="47.3975508" lon="9.7610189">
        <ele>471</ele>
        <time>2022-07-24T15:30:14.119Z</time>
      </trkpt>
      <trkpt lat="47.3975509" lon="9.7609758">
        <ele>470.7</ele>
        <time>2022-07-24T15:30:20.119Z</time>
      </trkpt>
      <trkpt lat="47.397562" lon="9.7608904">
        <ele>471</ele>
        <time>2022-07-24T15:30:25.119Z</time>
      </trkpt>
      <trkpt lat="47.3975811" lon="9.7608067">
        <ele>471</ele>
        <time>2022-07-24T15:30:30.119Z</time>
      </trkpt>
      <trkpt lat="47.3975893" lon="9.7607351">
        <ele>471</ele>
        <time>2022-07-24T15:30:36.119Z</time>
      </trkpt>
      <trkpt lat="47.3976171" lon="9.760692">
        <ele>471</ele>
        <time>2022-07-24T15:30:41.119Z</time>
      </trkpt>
      <trkpt lat="47.3976472" lon="9.7605725">
        <ele>471</ele>
        <time>2022-07-24T15:30:46.119Z</time>
      </trkpt>
      <trkpt lat="47.3976393" lon="9.7605248">
        <ele>471</ele>
        <time>2022-07-24T15:30:52.119Z</time>
      </trkpt>
      <trkpt lat="47.3976381" lon="9.7604469">
        <ele>470.7</ele>
        <time>2022-07-24T15:30:57.119Z</time>
      </trkpt>
      <trkpt lat="47.3976253" lon="9.7603718">
        <ele>470.7</ele>
        <time>2022-07-24T15:31:02.119Z</time>
      </trkpt>
      <trkpt lat="47.39762" lon="9.7602886">
        <ele>470.7</ele>
        <time>2022-07-24T15:31:08.119Z</time>
      </trkpt>
      <trkpt lat="47.3976307" lon="9.7601917">
        <ele>470.7</ele>
        <time>2022-07-24T15:31:13.119Z</time>
      </trkpt>
      <trkpt lat="47.3976315" lon="9.7601049">
        <ele>471</ele>
        <time>2022-07-24T15:31:19.119Z</time>
      </trkpt>
      <trkpt lat="47.3976335" lon="9.760023">
        <ele>470.7</ele>
        <time>2022-07-24T15:31:24.119Z</time>
      </trkpt>
      <trkpt lat="47.397652" lon="9.7599389">
        <ele>470.7</ele>
        <time>2022-07-24T15:31:29.119Z</time>
      </trkpt>
      <trkpt lat="47.3976655" lon="9.7598483">
        <ele>470.7</ele>
        <time>2022-07-24T15:31:34.119Z</time>
      </trkpt>
      <trkpt lat="47.3976851" lon="9.759756">
        <ele>470.7</ele>
        <time>2022-07-24T15:31:40.119Z</time>
      </trkpt>
      <trkpt lat="47.3976885" lon="9.7596601">
        <ele>471</ele>
        <time>2022-07-24T15:31:45.119Z</time>
      </trkpt>
      <trkpt lat="47.3976844" lon="9.7595671">
        <ele>470.7</ele>
        <time>2022-07-24T15:31:51.119Z</time>
      </trkpt>
      <trkpt lat="47.397686" lon="9.7594664">
        <ele>470.7</ele>
        <time>2022-07-24T15:31:57.119Z</time>
      </trkpt>
      <trkpt lat="47.3976868" lon="9.7593589">
        <ele>470.7</ele>
        <time>2022-07-24T15:32:03.119Z</time>
      </trkpt>
      <trkpt lat="47.3977214" lon="9.7592781">
        <ele>470.7</ele>
        <time>2022-07-24T15:32:08.119Z</time>
      </trkpt>
      <trkpt lat="47.3977601" lon="9.7591996">
        <ele>470.5</ele>
        <time>2022-07-24T15:32:14.119Z</time>
      </trkpt>
      <trkpt lat="47.3977858" lon="9.7591194">
        <ele>469.4</ele>
        <time>2022-07-24T15:32:19.119Z</time>
      </trkpt>
      <trkpt lat="47.3978388" lon="9.7590521">
        <ele>470.1</ele>
        <time>2022-07-24T15:32:25.119Z</time>
      </trkpt>
      <trkpt lat="47.3978875" lon="9.7589879">
        <ele>470.7</ele>
        <time>2022-07-24T15:32:30.119Z</time>
      </trkpt>
      <trkpt lat="47.3979287" lon="9.75892">
        <ele>468.5</ele>
        <time>2022-07-24T15:32:35.119Z</time>
      </trkpt>
      <trkpt lat="47.3979486" lon="9.7588413">
        <ele>469.5</ele>
        <time>2022-07-24T15:32:40.119Z</time>
      </trkpt>
      <trkpt lat="47.3979583" lon="9.7587679">
        <ele>468.5</ele>
        <time>2022-07-24T15:32:45.119Z</time>
      </trkpt>
      <trkpt lat="47.3979587" lon="9.7586847">
        <ele>469.3</ele>
        <time>2022-07-24T15:32:51.119Z</time>
      </trkpt>
      <trkpt lat="47.3979946" lon="9.7585826">
        <ele>469.3</ele>
        <time>2022-07-24T15:32:57.119Z</time>
      </trkpt>
      <trkpt lat="47.3980338" lon="9.7585028">
        <ele>468.8</ele>
        <time>2022-07-24T15:33:03.119Z</time>
      </trkpt>
      <trkpt lat="47.3980836" lon="9.7584355">
        <ele>468.4</ele>
        <time>2022-07-24T15:33:08.119Z</time>
      </trkpt>
      <trkpt lat="47.3981312" lon="9.7583751">
        <ele>468.5</ele>
        <time>2022-07-24T15:33:14.119Z</time>
      </trkpt>
      <trkpt lat="47.39818" lon="9.7582982">
        <ele>467.8</ele>
        <time>2022-07-24T15:33:19.119Z</time>
      </trkpt>
      <trkpt lat="47.3982199" lon="9.7582151">
        <ele>467.9</ele>
        <time>2022-07-24T15:33:25.119Z</time>
      </trkpt>
      <trkpt lat="47.3982672" lon="9.7581374">
        <ele>468</ele>
        <time>2022-07-24T15:33:30.119Z</time>
      </trkpt>
      <trkpt lat="47.3983157" lon="9.7580694">
        <ele>467.2</ele>
        <time>2022-07-24T15:33:35.119Z</time>
      </trkpt>
      <trkpt lat="47.3983508" lon="9.7579913">
        <ele>468</ele>
        <time>2022-07-24T15:33:40.119Z</time>
      </trkpt>
      <trkpt lat="47.3983826" lon="9.7579159">
        <ele>467.7</ele>
        <time>2022-07-24T15:33:45.119Z</time>
      </trkpt>
      <trkpt lat="47.3984212" lon="9.7578357">
        <ele>467.7</ele>
        <time>2022-07-24T15:33:51.119Z</time>
      </trkpt>
      <trkpt lat="47.3984591" lon="9.7577505">
        <ele>467.4</ele>
        <time>2022-07-24T15:33:56.119Z</time>
      </trkpt>
      <trkpt lat="47.3984868" lon="9.7576897">
        <ele>467.3</ele>
        <time>2022-07-24T15:34:02.119Z</time>
      </trkpt>
      <trkpt lat="47.3985485" lon="9.7576531">
        <ele>465.2</ele>
        <time>2022-07-24T15:34:07.119Z</time>
      </trkpt>
      <trkpt lat="47.3986365" lon="9.7576226">
        <ele>465.2</ele>
        <time>2022-07-24T15:34:13.119Z</time>
      </trkpt>
      <trkpt lat="47.3987334" lon="9.7576108">
        <ele>465.2</ele>
        <time>2022-07-24T15:34:19.119Z</time>
      </trkpt>
      <trkpt lat="47.3987765" lon="9.7575449">
        <ele>464.8</ele>
        <time>2022-07-24T15:34:24.119Z</time>
      </trkpt>
      <trkpt lat="47.3987594" lon="9.7574019">
        <ele>464.1</ele>
        <time>2022-07-24T15:34:29.119Z</time>
      </trkpt>
      <trkpt lat="47.3987835" lon="9.7573276">
        <ele>464.8</ele>
        <time>2022-07-24T15:34:34.119Z</time>
      </trkpt>
      <trkpt lat="47.398855" lon="9.7572858">
        <ele>464.8</ele>
        <time>2022-07-24T15:34:39.119Z</time>
      </trkpt>
      <trkpt lat="47.3988965" lon="9.7571912">
        <ele>464.1</ele>
        <time>2022-07-24T15:34:45.119Z</time>
      </trkpt>
      <trkpt lat="47.3988901" lon="9.7570966">
        <ele>464.8</ele>
        <time>2022-07-24T15:34:51.119Z</time>
      </trkpt>
      <trkpt lat="47.3989345" lon="9.757031">
        <ele>464.1</ele>
        <time>2022-07-24T15:34:57.119Z</time>
      </trkpt>
      <trkpt lat="47.3989656" lon="9.7569476">
        <ele>464.1</ele>
        <time>2022-07-24T15:35:02.119Z</time>
      </trkpt>
      <trkpt lat="47.3989995" lon="9.7568635">
        <ele>463.3</ele>
        <time>2022-07-24T15:35:07.119Z</time>
      </trkpt>
      <trkpt lat="47.3990446" lon="9.756799">
        <ele>464.1</ele>
        <time>2022-07-24T15:35:13.119Z</time>
      </trkpt>
      <trkpt lat="47.399107" lon="9.7567264">
        <ele>463.3</ele>
        <time>2022-07-24T15:35:19.119Z</time>
      </trkpt>
      <trkpt lat="47.399153" lon="9.7566536">
        <ele>464.1</ele>
        <time>2022-07-24T15:35:24.119Z</time>
      </trkpt>
      <trkpt lat="47.3992119" lon="9.756599">
        <ele>463.3</ele>
        <time>2022-07-24T15:35:29.119Z</time>
      </trkpt>
      <trkpt lat="47.3992801" lon="9.7565581">
        <ele>463.3</ele>
        <time>2022-07-24T15:35:35.119Z</time>
      </trkpt>
      <trkpt lat="47.3993156" lon="9.7565182">
        <ele>463.3</ele>
        <time>2022-07-24T15:35:40.119Z</time>
      </trkpt>
      <trkpt lat="47.3993068" lon="9.7564213">
        <ele>463.3</ele>
        <time>2022-07-24T15:35:45.119Z</time>
      </trkpt>
      <trkpt lat="47.3993325" lon="9.7563418">
        <ele>463.2</ele>
        <time>2022-07-24T15:35:51.119Z</time>
      </trkpt>
      <trkpt lat="47.3993622" lon="9.7562763">
        <ele>463.2</ele>
        <time>2022-07-24T15:35:56.119Z</time>
      </trkpt>
      <trkpt lat="47.399382" lon="9.7562065">
        <ele>463.3</ele>
        <time>2022-07-24T15:36:02.119Z</time>
      </trkpt>
      <trkpt lat="47.3994192" lon="9.7562516">
        <ele>463.2</ele>
        <time>2022-07-24T15:36:07.119Z</time>
      </trkpt>
      <trkpt lat="47.3994615" lon="9.7563073">
        <ele>461.8</ele>
        <time>2022-07-24T15:36:13.119Z</time>
      </trkpt>
      <trkpt lat="47.3994622" lon="9.7563362">
        <ele>461.8</ele>
        <time>2022-07-24T15:36:19.119Z</time>
      </trkpt>
      <trkpt lat="47.3994779" lon="9.7563499">
        <ele>462.4</ele>
        <time>2022-07-24T15:36:26.119Z</time>
      </trkpt>
      <trkpt lat="47.3994958" lon="9.7563441">
        <ele>461.8</ele>
        <time>2022-07-24T15:36:38.119Z</time>
      </trkpt>
      <trkpt lat="47.3994986" lon="9.7563157">
        <ele>463.2</ele>
        <time>2022-07-24T15:36:45.119Z</time>
      </trkpt>
      <trkpt lat="47.3995193" lon="9.7563141">
        <ele>462.4</ele>
        <time>2022-07-24T15:36:50.119Z</time>
      </trkpt>
    </trkseg>
  </trk>
</gpx>
